seed,episode,episode_length,total_reward,average_reward_per_step,average_absolute_td_error,epsilon,timesteps
1,1,250,-456.9141845703125,-1.8276567459106445,0.0,1.0,250
1,2,250,-431.0498962402344,-1.7241995334625244,0.0,0.9996041655540466,500
1,3,250,-490.4063415527344,-1.961625337600708,0.0,0.9992083311080933,750
1,4,250,-447.46917724609375,-1.7898766994476318,0.0,0.9988124966621399,1000
1,5,250,-481.0314636230469,-1.9241259098052979,0.3020406663417816,0.9984166622161865,1250
1,6,250,-459.2904052734375,-1.837161660194397,0.0968443751335144,0.9980208277702332,1500
1,7,250,-481.9339904785156,-1.9277359247207642,0.08607656508684158,0.9976249933242798,1750
1,8,250,-486.60870361328125,-1.9464348554611206,0.05332675576210022,0.9972291588783264,2000
1,9,250,-450.389404296875,-1.8015576601028442,0.08084689825773239,0.996833324432373,2250
1,10,250,-463.1770324707031,-1.852708101272583,0.03175242990255356,0.9964374899864197,2500
1,11,250,-492.3673400878906,-1.9694693088531494,0.027444537729024887,0.9960416555404663,2750
1,12,250,-474.5090637207031,-1.898036241531372,0.025040095672011375,0.9956458210945129,3000
1,13,250,-448.2322998046875,-1.7929291725158691,0.07301351428031921,0.9952499866485596,3250
1,14,250,-493.5809631347656,-1.9743238687515259,0.031719960272312164,0.9948541522026062,3500
1,15,250,-471.1554260253906,-1.8846217393875122,0.028701724484562874,0.9944583177566528,3750
1,16,250,-465.2566833496094,-1.8610267639160156,0.025460513308644295,0.9940624833106995,4000
1,17,250,-455.72540283203125,-1.8229016065597534,0.06999030709266663,0.9936666488647461,4250
1,18,250,-464.7257385253906,-1.858902931213379,0.03447640687227249,0.9932708144187927,4500
1,19,250,-463.0797424316406,-1.8523190021514893,0.03168002516031265,0.9928749799728394,4750
1,20,250,-477.4519348144531,-1.9098076820373535,0.030122969299554825,0.992479145526886,5000
1,21,250,-438.3347473144531,-1.7533389329910278,0.07323470711708069,0.9920833110809326,5250
1,22,250,-472.08074951171875,-1.8883229494094849,0.04470796138048172,0.9916874766349792,5500
1,23,250,-475.2359619140625,-1.9009438753128052,0.0396638959646225,0.9912916421890259,5750
1,24,250,-489.8800964355469,-1.9595203399658203,0.038215845823287964,0.9908958077430725,6000
1,25,250,-471.339599609375,-1.885358452796936,0.08356351405382156,0.9904999732971191,6250
1,26,250,-487.26190185546875,-1.949047565460205,0.04917529970407486,0.9901041388511658,6500
1,27,250,-453.9267272949219,-1.8157069683074951,0.04562760517001152,0.9897083044052124,6750
1,28,250,-482.0516662597656,-1.9282066822052002,0.043780602514743805,0.9893125295639038,7000
1,29,250,-481.9739685058594,-1.9278959035873413,0.08756507933139801,0.9889166951179504,7250
1,30,250,-487.5308532714844,-1.9501234292984009,0.05300336331129074,0.9885208606719971,7500
1,31,250,-477.56719970703125,-1.910268783569336,0.05136868357658386,0.9881250262260437,7750
1,32,250,-477.6390380859375,-1.9105561971664429,0.05128329619765282,0.9877291917800903,8000
1,33,250,-479.9635925292969,-1.9198544025421143,0.09229031950235367,0.987333357334137,8250
1,34,250,-476.7770080566406,-1.9071080684661865,0.061692263931035995,0.9869375228881836,8500
1,35,250,-483.17364501953125,-1.9326945543289185,0.05895107984542847,0.9865416884422302,8750
1,36,250,-451.4229736328125,-1.8056918382644653,0.057805389165878296,0.9861458539962769,9000
1,37,250,-473.0227355957031,-1.892090916633606,0.10578823834657669,0.9857500195503235,9250
1,38,250,-469.76239013671875,-1.87904953956604,0.07212117314338684,0.9853541851043701,9500
1,39,250,-473.33770751953125,-1.8933508396148682,0.07026725262403488,0.9849583506584167,9750
1,40,250,-482.73284912109375,-1.9309314489364624,0.06691178679466248,0.9845625162124634,10000
1,41,250,-476.68658447265625,-1.9067463874816895,0.12158611416816711,0.98416668176651,10250
1,42,250,-488.14141845703125,-1.9525656700134277,0.08228836208581924,0.9837708473205566,10500
1,43,250,-490.4836730957031,-1.9619346857070923,0.07895050942897797,0.9833750128746033,10750
1,44,250,-491.05517578125,-1.9642207622528076,0.07626628130674362,0.9829791784286499,11000
1,45,250,-475.9144287109375,-1.9036576747894287,0.14501552283763885,0.9825833439826965,11250
1,46,250,-437.08587646484375,-1.7483434677124023,0.10320277512073517,0.9821875095367432,11500
1,47,250,-493.4686279296875,-1.973874568939209,0.09567517042160034,0.9817916750907898,11750
1,48,250,-462.23480224609375,-1.8489391803741455,0.09095245599746704,0.9813958406448364,12000
1,49,250,-451.8527526855469,-1.8074109554290771,0.1702721118927002,0.9810000061988831,12250
1,50,250,-449.9364929199219,-1.7997459173202515,0.12836140394210815,0.9806041717529297,12500
1,51,250,-484.6492004394531,-1.9385968446731567,0.11206189543008804,0.9802083373069763,12750
1,52,250,-470.91363525390625,-1.8836545944213867,0.10213968902826309,0.979812502861023,13000
1,53,250,-452.85498046875,-1.81141996383667,0.1900024116039276,0.9794166684150696,13250
1,54,250,-485.87591552734375,-1.9435036182403564,0.14036864042282104,0.9790208339691162,13500
1,55,250,-464.3455810546875,-1.8573822975158691,0.1226126030087471,0.9786249995231628,13750
1,56,250,-405.8878479003906,-1.623551368713379,0.11435569077730179,0.9782291650772095,14000
1,57,250,-478.6846618652344,-1.914738655090332,0.20194628834724426,0.9778333306312561,14250
1,58,250,-438.8213195800781,-1.7552852630615234,0.1453850120306015,0.9774374961853027,14500
1,59,250,-482.6551208496094,-1.9306204319000244,0.1359129697084427,0.9770416617393494,14750
1,60,250,-495.7111511230469,-1.982844591140747,0.12974637746810913,0.976645827293396,15000
1,61,250,-472.7252502441406,-1.89090096950531,0.20467843115329742,0.9762499928474426,15250
1,62,250,-476.0342712402344,-1.904137134552002,0.154070645570755,0.9758541584014893,15500
1,63,250,-446.2081604003906,-1.7848325967788696,0.14218196272850037,0.9754583239555359,15750
1,64,250,-454.46356201171875,-1.8178542852401733,0.1380164474248886,0.9750624895095825,16000
1,65,250,-401.35150146484375,-1.6054060459136963,0.21309693157672882,0.9746666550636292,16250
1,66,250,-473.9917907714844,-1.8959671258926392,0.18007005751132965,0.9742708206176758,16500
1,67,250,-443.2199401855469,-1.772879719734192,0.15800601243972778,0.9738749861717224,16750
1,68,250,-475.60565185546875,-1.9024226665496826,0.14615458250045776,0.973479151725769,17000
1,69,250,-482.6015625,-1.9304062128067017,0.20382344722747803,0.9730833172798157,17250
1,70,250,-461.41741943359375,-1.8456696271896362,0.15602663159370422,0.9726874828338623,17500
1,71,250,-455.7606201171875,-1.8230425119400024,0.14756432175636292,0.9722916483879089,17750
1,72,250,-455.94073486328125,-1.8237628936767578,0.14479324221611023,0.9718958139419556,18000
1,73,250,-479.6282043457031,-1.9185128211975098,0.1965787559747696,0.9714999794960022,18250
1,74,250,-399.78424072265625,-1.5991369485855103,0.1520051658153534,0.9711041450500488,18500
1,75,250,-474.5054626464844,-1.8980218172073364,0.14896972477436066,0.9707083106040955,18750
1,76,250,-485.07421875,-1.9402968883514404,0.1401800960302353,0.9703124761581421,19000
1,77,250,-429.94451904296875,-1.719778060913086,0.19997183978557587,0.9699166417121887,19250
1,78,250,-495.20892333984375,-1.9808356761932373,0.15645386278629303,0.9695208072662354,19500
1,79,250,-473.47381591796875,-1.8938952684402466,0.14394336938858032,0.969124972820282,19750
1,80,250,-377.3855285644531,-1.5095421075820923,0.14788740873336792,0.9687291383743286,20000
1,81,250,-448.9658203125,-1.7958632707595825,0.22038869559764862,0.96833336353302,20250
1,82,250,-438.089111328125,-1.7523564100265503,0.1758957952260971,0.9679374694824219,20500
1,83,250,-463.56781005859375,-1.8542712926864624,0.1529729664325714,0.9675416946411133,20750
1,84,250,-394.9429931640625,-1.5797719955444336,0.1527736932039261,0.9671458601951599,21000
1,85,250,-487.0133361816406,-1.9480533599853516,0.23597989976406097,0.9667500257492065,21250
1,86,250,-480.7095642089844,-1.9228382110595703,0.18468357622623444,0.9663541913032532,21500
1,87,250,-492.57574462890625,-1.970302939414978,0.17029401659965515,0.9659583568572998,21750
1,88,250,-491.0600891113281,-1.964240312576294,0.16592538356781006,0.9655625224113464,22000
1,89,250,-490.1143493652344,-1.960457444190979,0.23117615282535553,0.9651666879653931,22250
1,90,250,-282.85186767578125,-1.1314074993133545,0.18948198854923248,0.9647708535194397,22500
1,91,250,-488.9227294921875,-1.955690860748291,0.17397823929786682,0.9643750190734863,22750
1,92,250,-465.1852722167969,-1.860741138458252,0.17766901850700378,0.963979184627533,23000
1,93,250,-460.11956787109375,-1.8404783010482788,0.2776133418083191,0.9635833501815796,23250
1,94,250,-440.55389404296875,-1.7622156143188477,0.21771112084388733,0.9631875157356262,23500
1,95,250,-256.052490234375,-1.024209976196289,0.21865355968475342,0.9627916812896729,23750
1,96,250,-394.7127380371094,-1.5788509845733643,0.22466523945331573,0.9623958468437195,24000
1,97,250,-463.8416748046875,-1.8553667068481445,0.31200850009918213,0.9620000123977661,24250
1,98,250,-408.75640869140625,-1.6350256204605103,0.27351701259613037,0.9616041779518127,24500
1,99,250,-413.5822448730469,-1.6543289422988892,0.2500467598438263,0.9612083435058594,24750
1,100,250,-469.2839050292969,-1.8771356344223022,0.24355989694595337,0.960812509059906,25000
1,101,250,-474.38739013671875,-1.8975495100021362,0.34832632541656494,0.9604166746139526,25250
1,102,250,-462.6092224121094,-1.8504369258880615,0.30025923252105713,0.9600208401679993,25500
1,103,250,-486.08160400390625,-1.944326400756836,0.2853749692440033,0.9596250057220459,25750
1,104,250,-381.77606201171875,-1.5271042585372925,0.26294228434562683,0.9592291712760925,26000
1,105,250,-457.7289733886719,-1.830915927886963,0.35121622681617737,0.9588333368301392,26250
1,106,250,-450.2385559082031,-1.8009542226791382,0.2960764467716217,0.9584375023841858,26500
1,107,250,-466.4640197753906,-1.8658560514450073,0.27581843733787537,0.9580416679382324,26750
1,108,250,-445.1677551269531,-1.7806710004806519,0.2693043351173401,0.957645833492279,27000
1,109,250,-407.0274658203125,-1.6281098127365112,0.3600222170352936,0.9572499990463257,27250
1,110,250,-443.5825500488281,-1.7743302583694458,0.3093626797199249,0.9568541646003723,27500
1,111,250,-467.8328552246094,-1.8713314533233643,0.29881545901298523,0.956458330154419,27750
1,112,250,-439.3905944824219,-1.7575623989105225,0.2778063416481018,0.9560624957084656,28000
1,113,250,-454.5071105957031,-1.818028450012207,0.37475475668907166,0.9556666612625122,28250
1,114,250,-394.8069152832031,-1.5792276859283447,0.3124525249004364,0.9552708268165588,28500
1,115,250,-370.8261413574219,-1.4833046197891235,0.30659618973731995,0.9548749923706055,28750
1,116,250,-464.4220886230469,-1.857688307762146,0.283954381942749,0.9544791579246521,29000
1,117,250,-468.04547119140625,-1.8721818923950195,0.39928922057151794,0.9540833234786987,29250
1,118,250,-439.9697265625,-1.7598788738250732,0.3323433995246887,0.9536874890327454,29500
1,119,250,-432.7566833496094,-1.7310267686843872,0.31342995166778564,0.953291654586792,29750
1,120,250,-364.6754455566406,-1.458701729774475,0.3006627559661865,0.9528958201408386,30000
1,121,250,-475.0096130371094,-1.900038480758667,0.4271279275417328,0.9524999856948853,30250
1,122,250,-482.56866455078125,-1.9302746057510376,0.3518763780593872,0.9521041512489319,30500
1,123,250,-386.08343505859375,-1.5443336963653564,0.32072949409484863,0.9517083168029785,30750
1,124,250,-433.71044921875,-1.7348418235778809,0.3056046962738037,0.9513124823570251,31000
1,125,250,-404.6939392089844,-1.618775725364685,0.4423260986804962,0.9509166479110718,31250
1,126,250,-462.0559997558594,-1.8482240438461304,0.379833847284317,0.9505208134651184,31500
1,127,250,-413.1944885253906,-1.652777910232544,0.35141077637672424,0.950124979019165,31750
1,128,250,-423.3365783691406,-1.6933462619781494,0.32938483357429504,0.9497291445732117,32000
1,129,250,-416.4471740722656,-1.6657886505126953,0.4614054262638092,0.9493333101272583,32250
1,130,250,-332.7162170410156,-1.3308649063110352,0.37929821014404297,0.9489374756813049,32500
1,131,250,-444.95001220703125,-1.7798000574111938,0.36102327704429626,0.9485416412353516,32750
1,132,250,-402.02764892578125,-1.6081105470657349,0.3517398238182068,0.9481458067893982,33000
1,133,250,-490.7453918457031,-1.9629815816879272,0.4849075376987457,0.9477499723434448,33250
1,134,250,-460.0300598144531,-1.8401201963424683,0.3873925805091858,0.9473541975021362,33500
1,135,250,-359.65283203125,-1.4386112689971924,0.35739150643348694,0.9469583034515381,33750
1,136,250,-459.3070983886719,-1.8372284173965454,0.34487980604171753,0.9465625286102295,34000
1,137,250,-491.5045166015625,-1.9660180807113647,0.46549779176712036,0.9461666345596313,34250
1,138,250,-420.2437438964844,-1.6809749603271484,0.36921730637550354,0.9457708597183228,34500
1,139,250,-474.6529541015625,-1.8986117839813232,0.3446956276893616,0.9453750252723694,34750
1,140,250,-412.8891296386719,-1.6515564918518066,0.3315611183643341,0.944979190826416,35000
1,141,250,-325.18084716796875,-1.3007234334945679,0.4448672831058502,0.9445833563804626,35250
1,142,250,-410.177001953125,-1.6407079696655273,0.37804627418518066,0.9441875219345093,35500
1,143,250,-475.2530822753906,-1.9010123014450073,0.3653929829597473,0.9437916874885559,35750
1,144,250,-376.1492614746094,-1.5045970678329468,0.3503997325897217,0.9433958530426025,36000
1,145,250,-401.3413391113281,-1.6053653955459595,0.5063618421554565,0.9430000185966492,36250
1,146,250,-408.7594909667969,-1.6350380182266235,0.42141181230545044,0.9426041841506958,36500
1,147,250,-444.5968933105469,-1.7783875465393066,0.4201575219631195,0.9422083497047424,36750
1,148,250,-472.72332763671875,-1.8908933401107788,0.39087218046188354,0.9418125152587891,37000
1,149,250,-427.2418212890625,-1.7089673280715942,0.5186427235603333,0.9414166808128357,37250
1,150,250,-410.4507141113281,-1.6418029069900513,0.42800813913345337,0.9410208463668823,37500
1,151,250,-397.5125732421875,-1.5900503396987915,0.4084964096546173,0.940625011920929,37750
1,152,250,-46.23384475708008,-0.18493537604808807,0.39907577633857727,0.9402291774749756,38000
1,153,250,-413.8642578125,-1.6554570198059082,0.569359540939331,0.9398333430290222,38250
1,154,250,-426.6274719238281,-1.7065098285675049,0.45958736538887024,0.9394375085830688,38500
1,155,250,-489.0063781738281,-1.95602548122406,0.4190061688423157,0.9390416741371155,38750
1,156,250,-472.534912109375,-1.8901396989822388,0.4095399081707001,0.9386458396911621,39000
1,157,250,-418.2096862792969,-1.6728386878967285,0.5462226271629333,0.9382500052452087,39250
1,158,250,-489.75958251953125,-1.9590383768081665,0.46617281436920166,0.9378541707992554,39500
1,159,250,-355.56024169921875,-1.422240972518921,0.433942973613739,0.937458336353302,39750
1,160,250,-446.380859375,-1.7855234146118164,0.4350060224533081,0.9370625019073486,40000
1,161,250,-473.14111328125,-1.8925644159317017,0.5747146606445312,0.9366666674613953,40250
1,162,250,-389.8992919921875,-1.559597134590149,0.4825870096683502,0.9362708330154419,40500
1,163,250,-439.55731201171875,-1.7582292556762695,0.4487737715244293,0.9358749985694885,40750
1,164,250,-276.9486999511719,-1.1077947616577148,0.4463942050933838,0.9354791641235352,41000
1,165,250,-434.1766052246094,-1.7367063760757446,0.6567610502243042,0.9350833296775818,41250
1,166,250,-490.5821228027344,-1.9623284339904785,0.5169979333877563,0.9346874952316284,41500
1,167,250,-419.451416015625,-1.6778056621551514,0.4783455729484558,0.934291660785675,41750
1,168,250,-321.9193115234375,-1.28767728805542,0.4818934500217438,0.9338958263397217,42000
1,169,250,-342.0322570800781,-1.368129014968872,0.7246832847595215,0.9334999918937683,42250
1,170,250,-423.76019287109375,-1.6950408220291138,0.5624498724937439,0.9331041574478149,42500
1,171,250,-340.595947265625,-1.3623838424682617,0.4807066321372986,0.9327083230018616,42750
1,172,250,-454.467529296875,-1.8178701400756836,0.46611160039901733,0.9323124885559082,43000
1,173,250,-481.7002868652344,-1.9268012046813965,0.7704617381095886,0.9319166541099548,43250
1,174,250,-284.19610595703125,-1.1367844343185425,0.5893109440803528,0.9315208196640015,43500
1,175,250,-438.4910583496094,-1.7539641857147217,0.543207049369812,0.9311249852180481,43750
1,176,250,-419.8488464355469,-1.6793954372406006,0.4987502694129944,0.9307291507720947,44000
1,177,250,-327.89508056640625,-1.3115803003311157,0.8370292782783508,0.9303333163261414,44250
1,178,250,-459.33599853515625,-1.8373440504074097,0.6521701216697693,0.929937481880188,44500
1,179,250,-325.90289306640625,-1.3036115169525146,0.5740761160850525,0.9295416474342346,44750
1,180,250,-461.4117736816406,-1.8456470966339111,0.5564691424369812,0.9291458129882812,45000
1,181,250,-354.8394775390625,-1.4193578958511353,0.8858546018600464,0.9287499785423279,45250
1,182,250,-331.2913513183594,-1.3251653909683228,0.7379636168479919,0.9283541440963745,45500
1,183,250,-443.93060302734375,-1.7757223844528198,0.6737329959869385,0.9279583096504211,45750
1,184,250,-456.03106689453125,-1.8241242170333862,0.6211997270584106,0.9275624752044678,46000
1,185,250,-355.85693359375,-1.423427700996399,0.9327456951141357,0.9271666407585144,46250
1,186,250,-393.94647216796875,-1.5757858753204346,0.794391393661499,0.926770806312561,46500
1,187,250,-393.1807861328125,-1.572723150253296,0.7302452325820923,0.9263750314712524,46750
1,188,250,-347.1983642578125,-1.3887934684753418,0.6931566596031189,0.9259791374206543,47000
1,189,250,-310.63897705078125,-1.242555856704712,1.0463848114013672,0.9255833625793457,47250
1,190,250,-462.674560546875,-1.8506982326507568,0.8864599466323853,0.9251874685287476,47500
1,191,250,-375.98699951171875,-1.5039479732513428,0.7938680052757263,0.924791693687439,47750
1,192,250,-395.5050048828125,-1.5820200443267822,0.7725973725318909,0.9243958592414856,48000
1,193,250,-336.93426513671875,-1.3477370738983154,1.007979393005371,0.9240000247955322,48250
1,194,250,-348.6750793457031,-1.394700288772583,0.8171647787094116,0.9236041903495789,48500
1,195,250,-483.5173034667969,-1.9340691566467285,0.7654440402984619,0.9232083559036255,48750
1,196,250,-436.1514892578125,-1.7446058988571167,0.7607945203781128,0.9228125214576721,49000
1,197,250,-122.56381225585938,-0.4902552366256714,1.092050552368164,0.9224166870117188,49250
1,198,250,-422.6603088378906,-1.6906412839889526,0.9082186222076416,0.9220208525657654,49500
1,199,250,-418.9357604980469,-1.6757429838180542,0.8203839659690857,0.921625018119812,49750
1,200,250,-440.5165100097656,-1.7620660066604614,0.7799346446990967,0.9212291836738586,50000
1,201,250,-477.299560546875,-1.90919828414917,1.19552481174469,0.9208333492279053,50250
1,202,250,-438.5168762207031,-1.7540675401687622,0.9808538556098938,0.9204375147819519,50500
1,203,250,-473.0343933105469,-1.8921375274658203,0.9043350219726562,0.9200416803359985,50750
1,204,250,-401.49212646484375,-1.6059684753417969,0.8904225826263428,0.9196458458900452,51000
1,205,250,-400.3724670410156,-1.6014899015426636,1.255916953086853,0.9192500114440918,51250
1,206,250,-437.0543518066406,-1.7482174634933472,1.0358996391296387,0.9188541769981384,51500
1,207,250,-401.2276611328125,-1.6049106121063232,0.971377432346344,0.9184583425521851,51750
1,208,250,-442.2833557128906,-1.769133448600769,0.9351224303245544,0.9180625081062317,52000
1,209,250,-402.57012939453125,-1.6102805137634277,1.2768093347549438,0.9176666736602783,52250
1,210,250,-472.4148864746094,-1.8896595239639282,1.064400315284729,0.917270839214325,52500
1,211,250,-478.81610107421875,-1.915264368057251,1.0402289628982544,0.9168750047683716,52750
1,212,250,-356.82568359375,-1.4273027181625366,0.9813235402107239,0.9164791703224182,53000
1,213,250,-440.54052734375,-1.7621620893478394,1.2464762926101685,0.9160833358764648,53250
1,214,250,-455.1211853027344,-1.8204847574234009,1.0798351764678955,0.9156875014305115,53500
1,215,250,-323.6947021484375,-1.294778823852539,1.0433557033538818,0.9152916669845581,53750
1,216,250,-437.73388671875,-1.7509355545043945,0.9771590828895569,0.9148958325386047,54000
1,217,250,-471.3548583984375,-1.885419487953186,1.2271175384521484,0.9144999980926514,54250
1,218,250,-407.3187255859375,-1.629274845123291,1.065109133720398,0.914104163646698,54500
1,219,250,-426.77191162109375,-1.7070876359939575,1.0138154029846191,0.9137083292007446,54750
1,220,250,-420.7911376953125,-1.6831645965576172,0.9791672229766846,0.9133124947547913,55000
1,221,250,-413.7458190917969,-1.6549832820892334,1.2508150339126587,0.9129166603088379,55250
1,222,250,-425.0650329589844,-1.7002601623535156,1.0568901300430298,0.9125208258628845,55500
1,223,250,-417.52191162109375,-1.6700876951217651,0.9918705821037292,0.9121249914169312,55750
1,224,250,-311.718994140625,-1.2468760013580322,0.9499309062957764,0.9117291569709778,56000
1,225,250,-37.71187973022461,-0.15084752440452576,1.266908049583435,0.9113333225250244,56250
1,226,250,-321.45416259765625,-1.2858166694641113,1.1383697986602783,0.910937488079071,56500
1,227,250,-337.1505126953125,-1.348602056503296,1.0751309394836426,0.9105416536331177,56750
1,228,250,-397.314453125,-1.589257836341858,1.028448224067688,0.9101458191871643,57000
1,229,250,-222.98965454101562,-0.8919585943222046,1.2313493490219116,0.9097499847412109,57250
1,230,250,-451.051025390625,-1.8042041063308716,1.1370450258255005,0.9093541502952576,57500
1,231,250,-324.2751770019531,-1.2971006631851196,1.0625704526901245,0.9089583158493042,57750
1,232,250,-458.72698974609375,-1.8349080085754395,1.0264315605163574,0.9085624814033508,58000
1,233,250,-376.52020263671875,-1.5060808658599854,1.3065999746322632,0.9081666469573975,58250
1,234,250,-251.43614196777344,-1.0057445764541626,1.1212589740753174,0.9077708125114441,58500
1,235,250,-435.0005187988281,-1.7400020360946655,1.0935662984848022,0.9073749780654907,58750
1,236,250,-399.6582946777344,-1.5986331701278687,1.063307285308838,0.9069791436195374,59000
1,237,250,-489.7974548339844,-1.959189772605896,1.3615946769714355,0.906583309173584,59250
1,238,250,-414.2635498046875,-1.6570541858673096,1.11855947971344,0.9061874747276306,59500
1,239,250,-473.93408203125,-1.8957363367080688,1.0754449367523193,0.9057916402816772,59750
1,240,250,-283.66387939453125,-1.134655475616455,1.0140119791030884,0.9053958654403687,60000
1,241,250,-255.99371337890625,-1.023974895477295,1.323655605316162,0.9049999713897705,60250
1,242,250,-288.96588134765625,-1.1558635234832764,1.1486735343933105,0.9046041965484619,60500
1,243,250,-389.7360534667969,-1.5589442253112793,1.1266520023345947,0.9042083024978638,60750
1,244,250,-472.0205078125,-1.8880820274353027,1.0591211318969727,0.9038125276565552,61000
1,245,250,-341.221435546875,-1.364885687828064,1.3288341760635376,0.9034166932106018,61250
1,246,250,-334.9834899902344,-1.33993399143219,1.1967957019805908,0.9030208587646484,61500
1,247,250,-130.28001403808594,-0.5211200714111328,1.145853042602539,0.9026250243186951,61750
1,248,250,-181.2069549560547,-0.7248278260231018,1.0767399072647095,0.9022291898727417,62000
1,249,250,-437.3861389160156,-1.7495445013046265,1.4787540435791016,0.9018333554267883,62250
1,250,250,-361.09417724609375,-1.4443767070770264,1.229777455329895,0.901437520980835,62500
1,251,250,-348.0843811035156,-1.3923375606536865,1.2502316236495972,0.9010416865348816,62750
1,252,250,-449.2318420410156,-1.7969273328781128,1.1807572841644287,0.9006458520889282,63000
1,253,250,-203.75192260742188,-0.8150076866149902,1.5416924953460693,0.9002500176429749,63250
1,254,250,-400.94964599609375,-1.6037986278533936,1.3635128736495972,0.8998541831970215,63500
1,255,250,-240.73448181152344,-0.9629379510879517,1.3119169473648071,0.8994583487510681,63750
1,256,250,-408.7879943847656,-1.635151982307434,1.2410507202148438,0.8990625143051147,64000
1,257,250,-438.7362976074219,-1.754945158958435,1.6428542137145996,0.8986666798591614,64250
1,258,250,-126.76407623291016,-0.5070562958717346,1.4569064378738403,0.898270845413208,64500
1,259,250,-471.8897399902344,-1.887558937072754,1.4025521278381348,0.8978750109672546,64750
1,260,250,-413.1127014160156,-1.6524507999420166,1.357627272605896,0.8974791765213013,65000
1,261,250,-168.99205017089844,-0.6759682297706604,1.8081567287445068,0.8970833420753479,65250
1,262,250,-411.99853515625,-1.6479941606521606,1.5168377161026,0.8966875076293945,65500
1,263,250,-282.543212890625,-1.130172848701477,1.5125073194503784,0.8962916731834412,65750
1,264,250,-301.4000244140625,-1.2056001424789429,1.4397287368774414,0.8958958387374878,66000
1,265,250,-375.95611572265625,-1.5038244724273682,1.8767714500427246,0.8955000042915344,66250
1,266,250,-368.9657897949219,-1.4758632183074951,1.6106609106063843,0.895104169845581,66500
1,267,250,-410.2687072753906,-1.641074776649475,1.5468833446502686,0.8947083353996277,66750
1,268,250,-407.2462463378906,-1.6289849281311035,1.4631789922714233,0.8943125009536743,67000
1,269,250,-406.5929260253906,-1.6263717412948608,1.8713788986206055,0.893916666507721,67250
1,270,250,-280.304931640625,-1.1212197542190552,1.5652329921722412,0.8935208320617676,67500
1,271,250,-327.6361083984375,-1.310544490814209,1.5755574703216553,0.8931249976158142,67750
1,272,250,-341.7264404296875,-1.3669058084487915,1.4822278022766113,0.8927291631698608,68000
1,273,250,-354.0349426269531,-1.4161397218704224,1.940285086631775,0.8923333287239075,68250
1,274,250,-373.7679138183594,-1.4950716495513916,1.6585869789123535,0.8919374942779541,68500
1,275,250,-433.0569152832031,-1.7322276830673218,1.5503264665603638,0.8915416598320007,68750
1,276,250,-422.4206237792969,-1.6896824836730957,1.5292003154754639,0.8911458253860474,69000
1,277,250,-259.5950012207031,-1.0383800268173218,1.9115116596221924,0.890749990940094,69250
1,278,250,-366.023681640625,-1.4640947580337524,1.6116098165512085,0.8903541564941406,69500
1,279,250,-169.83892822265625,-0.6793557405471802,1.531223177909851,0.8899583220481873,69750
1,280,250,-379.18658447265625,-1.5167462825775146,1.5376031398773193,0.8895624876022339,70000
1,281,250,-287.24188232421875,-1.1489675045013428,1.9765753746032715,0.8891666531562805,70250
1,282,250,-388.7392578125,-1.5549570322036743,1.683876633644104,0.8887708187103271,70500
1,283,250,-388.1475830078125,-1.5525903701782227,1.6024141311645508,0.8883749842643738,70750
1,284,250,-418.1802062988281,-1.6727207899093628,1.519951581954956,0.8879791498184204,71000
1,285,250,-430.6202697753906,-1.72248113155365,1.950252652168274,0.887583315372467,71250
1,286,250,-249.28085327148438,-0.9971234202384949,1.6491140127182007,0.8871874809265137,71500
1,287,250,-409.7430114746094,-1.6389720439910889,1.607069969177246,0.8867916464805603,71750
1,288,250,-354.6648254394531,-1.4186593294143677,1.5252608060836792,0.8863958120346069,72000
1,289,250,-269.8997802734375,-1.079599142074585,1.8172563314437866,0.8860000371932983,72250
1,290,250,-380.1575927734375,-1.5206303596496582,1.6230021715164185,0.8856041431427002,72500
1,291,250,-350.3398742675781,-1.4013594388961792,1.507392168045044,0.8852083683013916,72750
1,292,250,-469.71466064453125,-1.8788586854934692,1.475206971168518,0.8848124742507935,73000
1,293,250,-411.62310791015625,-1.6464924812316895,1.7849171161651611,0.8844166398048401,73250
1,294,250,-444.0824279785156,-1.776329755783081,1.492594838142395,0.8840208053588867,73500
1,295,250,-160.06661987304688,-0.640266478061676,1.3970842361450195,0.8836250305175781,73750
1,296,250,-404.51385498046875,-1.6180554628372192,1.324613332748413,0.88322913646698,74000
1,297,250,-204.64427185058594,-0.8185771107673645,1.7791208028793335,0.8828333616256714,74250
1,298,250,-330.4603271484375,-1.3218413591384888,1.4335265159606934,0.8824374675750732,74500
1,299,250,-223.56190490722656,-0.8942475914955139,1.379685640335083,0.8820416927337646,74750
1,300,250,-219.4479522705078,-0.8777918219566345,1.2917908430099487,0.8816458582878113,75000
1,301,250,-327.4283752441406,-1.3097134828567505,1.7256836891174316,0.8812500238418579,75250
1,302,250,-374.3077087402344,-1.497230887413025,1.4446555376052856,0.8808541893959045,75500
1,303,250,-201.17141723632812,-0.804685652256012,1.3703111410140991,0.8804583549499512,75750
1,304,250,-203.8355255126953,-0.815342128276825,1.3259199857711792,0.8800625205039978,76000
1,305,250,-391.0306091308594,-1.5641224384307861,1.7769842147827148,0.8796666860580444,76250
1,306,250,-433.0856018066406,-1.7323423624038696,1.4699766635894775,0.8792708516120911,76500
1,307,250,-461.941650390625,-1.847766637802124,1.42008376121521,0.8788750171661377,76750
1,308,250,-359.0394592285156,-1.4361578226089478,1.3362884521484375,0.8784791827201843,77000
1,309,250,-326.2107849121094,-1.3048431873321533,1.7827694416046143,0.878083348274231,77250
1,310,250,-445.68231201171875,-1.7827292680740356,1.5112115144729614,0.8776875138282776,77500
1,311,250,-312.04815673828125,-1.2481926679611206,1.4210726022720337,0.8772916793823242,77750
1,312,250,-335.4544677734375,-1.341817855834961,1.353580355644226,0.8768958449363708,78000
1,313,250,-441.0667419433594,-1.7642669677734375,1.9190516471862793,0.8765000104904175,78250
1,314,250,-192.87364196777344,-0.7714945673942566,1.607711672782898,0.8761041760444641,78500
1,315,250,-260.4457702636719,-1.041783094406128,1.5583921670913696,0.8757083415985107,78750
1,316,250,-219.4549560546875,-0.877819836139679,1.4347490072250366,0.8753125071525574,79000
1,317,250,-333.9769287109375,-1.3359076976776123,1.9955788850784302,0.874916672706604,79250
1,318,250,-398.44488525390625,-1.5937795639038086,1.6735917329788208,0.8745208382606506,79500
1,319,250,-338.1866455078125,-1.352746605873108,1.536680817604065,0.8741250038146973,79750
1,320,250,-243.19981384277344,-0.9727992415428162,1.5331826210021973,0.8737291693687439,80000
1,321,250,-298.4798583984375,-1.1939194202423096,2.0151562690734863,0.8733333349227905,80250
1,322,250,-307.4637145996094,-1.2298548221588135,1.6471139192581177,0.8729375004768372,80500
1,323,250,-366.7413024902344,-1.4669651985168457,1.5905441045761108,0.8725416660308838,80750
1,324,250,-393.3197021484375,-1.573278784751892,1.518523097038269,0.8721458315849304,81000
1,325,250,-379.5604248046875,-1.5182416439056396,2.049455165863037,0.871749997138977,81250
1,326,250,-42.36270523071289,-0.1694508194923401,1.6762806177139282,0.8713541626930237,81500
1,327,250,-348.67120361328125,-1.3946847915649414,1.6343815326690674,0.8709583282470703,81750
1,328,250,-159.58340454101562,-0.6383336186408997,1.5795361995697021,0.8705624938011169,82000
1,329,250,-300.6566467285156,-1.2026265859603882,2.190603733062744,0.8701666593551636,82250
1,330,250,-27.79031753540039,-0.11116126924753189,1.8632019758224487,0.8697708249092102,82500
1,331,250,-155.96127319335938,-0.623845100402832,1.757612943649292,0.8693749904632568,82750
1,332,250,-368.89373779296875,-1.4755749702453613,1.718275785446167,0.8689791560173035,83000
1,333,250,-103.5459213256836,-0.41418367624282837,2.3529741764068604,0.8685833215713501,83250
1,334,250,-377.47149658203125,-1.5098860263824463,1.9430351257324219,0.8681874871253967,83500
1,335,250,-330.2780456542969,-1.3211121559143066,1.80093514919281,0.8677916526794434,83750
1,336,250,-385.1585998535156,-1.5406343936920166,1.7030502557754517,0.86739581823349,84000
1,337,250,-411.91339111328125,-1.647653579711914,2.4742445945739746,0.8669999837875366,84250
1,338,250,-355.6863708496094,-1.4227454662322998,1.8977100849151611,0.8666041493415833,84500
1,339,250,-374.9373474121094,-1.4997494220733643,1.8268870115280151,0.8662083148956299,84750
1,340,250,-184.2461700439453,-0.7369846701622009,1.7311705350875854,0.8658124804496765,85000
1,341,250,-472.1783142089844,-1.8887132406234741,2.822277307510376,0.8654166460037231,85250
1,342,250,-278.55511474609375,-1.1142204999923706,2.0146775245666504,0.8650208711624146,85500
1,343,250,-296.3582763671875,-1.1854331493377686,1.8680124282836914,0.8646249771118164,85750
1,344,250,-399.46087646484375,-1.5978435277938843,1.8345105648040771,0.8642292022705078,86000
1,345,250,-327.74688720703125,-1.3109875917434692,2.9194538593292236,0.8638333082199097,86250
1,346,250,-400.28399658203125,-1.6011359691619873,2.0953149795532227,0.8634375333786011,86500
1,347,250,-159.01675415039062,-0.6360670328140259,1.9912497997283936,0.8630416393280029,86750
1,348,250,-389.1812744140625,-1.5567251443862915,1.893480896949768,0.8626458644866943,87000
1,349,250,-226.71438598632812,-0.9068575501441956,3.0210113525390625,0.8622499704360962,87250
1,350,250,-425.4463195800781,-1.7017853260040283,2.1467020511627197,0.8618541955947876,87500
1,351,250,-228.41522216796875,-0.9136608839035034,2.049767017364502,0.8614583611488342,87750
1,352,250,-403.025634765625,-1.6121025085449219,1.9387797117233276,0.8610625267028809,88000
1,353,250,-328.2644348144531,-1.313057780265808,3.215907096862793,0.8606666922569275,88250
1,354,250,-373.3084411621094,-1.4932337999343872,2.343766689300537,0.8602708578109741,88500
1,355,250,-314.9642639160156,-1.2598570585250854,2.16215443611145,0.8598750233650208,88750
1,356,250,-176.0311279296875,-0.7041245102882385,2.0038537979125977,0.8594791889190674,89000
1,357,250,-205.31788635253906,-0.821271538734436,3.133930206298828,0.859083354473114,89250
1,358,250,-270.50311279296875,-1.082012414932251,2.4872517585754395,0.8586875200271606,89500
1,359,250,-313.4292907714844,-1.2537171840667725,2.2868103981018066,0.8582916259765625,89750
1,360,250,-390.0274658203125,-1.5601098537445068,2.131457805633545,0.8578958511352539,90000
1,361,250,-338.7717590332031,-1.3550870418548584,3.208660125732422,0.8575000166893005,90250
1,362,250,-412.8795471191406,-1.6515182256698608,2.530287742614746,0.8571041822433472,90500
1,363,250,-435.70477294921875,-1.74281907081604,2.3396692276000977,0.8567083477973938,90750
1,364,250,-356.2786865234375,-1.4251147508621216,2.1451222896575928,0.8563125133514404,91000
1,365,250,-134.91702270507812,-0.539668083190918,3.2301032543182373,0.8559166789054871,91250
1,366,250,-79.50055694580078,-0.31800222396850586,2.5539352893829346,0.8555208444595337,91500
1,367,250,-285.04095458984375,-1.140163779258728,2.297390937805176,0.8551250100135803,91750
1,368,250,-404.81951904296875,-1.619278073310852,2.1951980590820312,0.854729175567627,92000
1,369,250,-308.9192810058594,-1.2356771230697632,3.153416633605957,0.8543333411216736,92250
1,370,250,-192.10400390625,-0.7684159874916077,2.4792325496673584,0.8539375066757202,92500
1,371,250,-302.98980712890625,-1.2119592428207397,2.2785003185272217,0.8535416722297668,92750
1,372,250,-343.7840881347656,-1.375136375427246,2.1859312057495117,0.8531458377838135,93000
1,373,250,-357.5185546875,-1.4300742149353027,3.1580257415771484,0.8527500033378601,93250
1,374,250,-382.167236328125,-1.528668999671936,2.4220893383026123,0.8523541688919067,93500
1,375,250,-191.2462615966797,-0.7649850249290466,2.167220115661621,0.8519583344459534,93750
1,376,250,-379.60418701171875,-1.5184167623519897,2.2325363159179688,0.8515625,94000
1,377,250,-359.4671325683594,-1.4378684759140015,2.974635601043701,0.8511666655540466,94250
1,378,250,-228.0006103515625,-0.912002444267273,2.3787097930908203,0.8507708311080933,94500
1,379,250,-97.64327239990234,-0.39057308435440063,2.2347400188446045,0.8503749966621399,94750
1,380,250,-162.4377899169922,-0.6497511863708496,2.1512744426727295,0.8499791622161865,95000
1,381,250,-253.05564880371094,-1.0122226476669312,3.202516555786133,0.8495833277702332,95250
1,382,250,-353.491455078125,-1.4139658212661743,2.542050838470459,0.8491874933242798,95500
1,383,250,-168.98460388183594,-0.6759384274482727,2.277336597442627,0.8487916588783264,95750
1,384,250,-367.82275390625,-1.4712910652160645,2.189222812652588,0.848395824432373,96000
1,385,250,-250.554931640625,-1.0022196769714355,3.27407169342041,0.8479999899864197,96250
1,386,250,-384.6351623535156,-1.5385406017303467,2.485211133956909,0.8476041555404663,96500
1,387,250,-352.1505126953125,-1.408601999282837,2.364090919494629,0.8472083210945129,96750
1,388,250,-372.35400390625,-1.4894160032272339,2.266674280166626,0.8468124866485596,97000
1,389,250,-390.2781982421875,-1.5611127614974976,3.3010830879211426,0.8464166522026062,97250
1,390,250,-368.4332580566406,-1.4737330675125122,2.605924606323242,0.8460208177566528,97500
1,391,250,-218.19070434570312,-0.8727627992630005,2.3546040058135986,0.8456250429153442,97750
1,392,250,-160.52076721191406,-0.6420830488204956,2.248403310775757,0.8452291488647461,98000
1,393,250,-372.72808837890625,-1.4909123182296753,3.3278393745422363,0.8448333740234375,98250
1,394,250,-408.10052490234375,-1.6324020624160767,2.8129663467407227,0.8444374799728394,98500
1,395,250,-438.5318603515625,-1.7541273832321167,2.5754265785217285,0.844041645526886,98750
1,396,250,-408.0576171875,-1.632230520248413,2.4994821548461914,0.8436458110809326,99000
1,397,250,-230.5399932861328,-0.9221599698066711,3.4892168045043945,0.8432499766349792,99250
1,398,250,-298.6075744628906,-1.1944303512573242,2.985426902770996,0.8428541421890259,99500
1,399,250,-288.14361572265625,-1.1525744199752808,2.6962454319000244,0.8424583077430725,99750
1,400,250,-489.8571472167969,-1.9594285488128662,2.6621181964874268,0.8420624732971191,100000
1,401,250,-96.22295379638672,-0.3848918080329895,3.6543006896972656,0.8416666984558105,100250
1,402,250,-280.49468994140625,-1.121978759765625,3.1743364334106445,0.8412708044052124,100500
1,403,250,-327.72540283203125,-1.3109016418457031,2.9979681968688965,0.8408750295639038,100750
1,404,250,-263.83294677734375,-1.055331826210022,2.7806692123413086,0.8404791355133057,101000
1,405,250,-237.61227416992188,-0.9504491090774536,3.716587543487549,0.8400833606719971,101250
1,406,250,-308.0502624511719,-1.232201099395752,3.1317429542541504,0.8396874666213989,101500
1,407,250,-228.55360412597656,-0.9142144322395325,2.9088311195373535,0.8392916917800903,101750
1,408,250,-381.0503234863281,-1.5242012739181519,2.8038883209228516,0.8388957977294922,102000
1,409,250,-57.74071502685547,-0.2309628576040268,3.5633652210235596,0.8385000228881836,102250
1,410,250,-421.58380126953125,-1.6863352060317993,3.083000659942627,0.8381041884422302,102500
1,411,250,-358.6219177246094,-1.4344877004623413,2.8516745567321777,0.8377083539962769,102750
1,412,250,-492.1646423339844,-1.9686585664749146,2.754672050476074,0.8373125195503235,103000
1,413,250,-97.90941619873047,-0.3916376531124115,3.490028142929077,0.8369166851043701,103250
1,414,250,-255.66192626953125,-1.022647738456726,3.085113048553467,0.8365208506584167,103500
1,415,250,94.93821716308594,0.37975287437438965,2.857652425765991,0.8361250162124634,103750
1,416,250,-96.26913452148438,-0.3850765526294708,2.7475335597991943,0.83572918176651,104000
1,417,250,-155.573486328125,-0.6222939491271973,3.764915704727173,0.8353333473205566,104250
1,418,250,-202.84164428710938,-0.8113665580749512,3.055936813354492,0.8349375128746033,104500
1,419,250,-344.3558654785156,-1.3774234056472778,2.840008020401001,0.8345416784286499,104750
1,420,250,-360.1415100097656,-1.440566062927246,2.7614336013793945,0.8341458439826965,105000
1,421,250,-341.2659912109375,-1.3650639057159424,3.9059574604034424,0.8337500095367432,105250
1,422,250,-358.532958984375,-1.4341318607330322,3.0595474243164062,0.8333541750907898,105500
1,423,250,-153.8097381591797,-0.6152389645576477,2.855503559112549,0.8329583406448364,105750
1,424,250,-55.5093879699707,-0.22203755378723145,2.810974359512329,0.8325625061988831,106000
1,425,250,-229.364990234375,-0.9174599647521973,3.8587443828582764,0.8321666717529297,106250
1,426,250,-223.53286743164062,-0.8941314816474915,3.0581986904144287,0.8317708373069763,106500
1,427,250,-128.93801879882812,-0.5157520771026611,2.926771879196167,0.831375002861023,106750
1,428,250,-272.5439453125,-1.090175747871399,2.8860232830047607,0.8309791684150696,107000
1,429,250,-359.03277587890625,-1.4361311197280884,3.929678201675415,0.8305833339691162,107250
1,430,250,-271.0533752441406,-1.0842134952545166,3.271597146987915,0.8301874995231628,107500
1,431,250,-237.6750030517578,-0.9506999850273132,2.940669298171997,0.8297916650772095,107750
1,432,250,-341.9142150878906,-1.3676568269729614,2.76678729057312,0.8293958306312561,108000
1,433,250,-106.42015075683594,-0.42568060755729675,3.7914319038391113,0.8289999961853027,108250
1,434,250,-285.28448486328125,-1.141137957572937,3.189908981323242,0.8286041617393494,108500
1,435,250,-165.35914611816406,-0.6614365577697754,3.0362091064453125,0.828208327293396,108750
1,436,250,-358.5131530761719,-1.434052586555481,2.911057472229004,0.8278124928474426,109000
1,437,250,-308.2464599609375,-1.2329858541488647,3.9597439765930176,0.8274166584014893,109250
1,438,250,-159.14610290527344,-0.6365844011306763,3.1693930625915527,0.8270208239555359,109500
1,439,250,-298.9744567871094,-1.1958978176116943,2.9409918785095215,0.8266249895095825,109750
1,440,250,-92.03173065185547,-0.36812692880630493,2.8928515911102295,0.8262291550636292,110000
1,441,250,-239.37815856933594,-0.957512617111206,3.9515647888183594,0.8258333206176758,110250
1,442,250,-230.0503692626953,-0.9202014803886414,3.1841256618499756,0.8254374861717224,110500
1,443,250,-115.3228759765625,-0.46129149198532104,3.0923173427581787,0.825041651725769,110750
1,444,250,-397.4718017578125,-1.589887261390686,2.9017231464385986,0.8246458172798157,111000
1,445,250,-227.89993286132812,-0.9115997552871704,3.913060188293457,0.8242499828338623,111250
1,446,250,-116.1275634765625,-0.4645102620124817,3.3301522731781006,0.8238541483879089,111500
1,447,250,-47.525516510009766,-0.19010207056999207,3.0814995765686035,0.8234583139419556,111750
1,448,250,-311.1499938964844,-1.2445999383926392,3.0375630855560303,0.8230624794960022,112000
1,449,250,-223.6221160888672,-0.8944884538650513,3.969967842102051,0.8226666450500488,112250
1,450,250,-433.44329833984375,-1.7337732315063477,3.3667328357696533,0.8222708702087402,112500
1,451,250,-170.45816040039062,-0.6818326711654663,3.1765244007110596,0.8218749761581421,112750
1,452,250,-385.4496154785156,-1.54179847240448,3.0202786922454834,0.8214792013168335,113000
1,453,250,-219.3648681640625,-0.8774594664573669,3.9604151248931885,0.8210833072662354,113250
1,454,250,-218.30743408203125,-0.8732297420501709,3.2280168533325195,0.8206875324249268,113500
1,455,250,-132.86370849609375,-0.531454861164093,3.1650590896606445,0.8202916383743286,113750
1,456,250,-290.75537109375,-1.163021445274353,2.973069667816162,0.81989586353302,114000
1,457,250,-251.20965576171875,-1.0048385858535767,3.939316749572754,0.8194999694824219,114250
1,458,250,-282.1532897949219,-1.1286131143569946,3.160273551940918,0.8191041946411133,114500
1,459,250,-219.8538818359375,-0.8794155120849609,2.9829564094543457,0.8187083601951599,114750
1,460,250,-314.14764404296875,-1.2565906047821045,2.859530448913574,0.8183125257492065,115000
1,461,250,-123.95774841308594,-0.4958309829235077,4.070572376251221,0.8179166913032532,115250
1,462,250,-6.426945686340332,-0.025707783177495003,3.238428831100464,0.8175208568572998,115500
1,463,250,-272.31585693359375,-1.0892634391784668,3.033092498779297,0.8171250224113464,115750
1,464,250,-110.59416198730469,-0.44237664341926575,2.9341230392456055,0.8167291879653931,116000
1,465,250,-339.9689636230469,-1.3598757982254028,4.208613872528076,0.8163333535194397,116250
1,466,250,-251.25196838378906,-1.0050078630447388,3.390334129333496,0.8159375190734863,116500
1,467,250,-245.0094451904297,-0.9800378084182739,3.1685822010040283,0.815541684627533,116750
1,468,250,-214.9239044189453,-0.8596956133842468,2.9475297927856445,0.8151458501815796,117000
1,469,250,-102.02653503417969,-0.40810614824295044,4.236656188964844,0.8147500157356262,117250
1,470,250,-356.6611022949219,-1.4266444444656372,3.528777599334717,0.8143541812896729,117500
1,471,250,-241.75135803222656,-0.9670054316520691,3.390059232711792,0.8139583468437195,117750
1,472,250,-224.9735107421875,-0.8998940587043762,3.048377513885498,0.8135625123977661,118000
1,473,250,-199.99948120117188,-0.7999979257583618,4.486808776855469,0.8131666779518127,118250
1,474,250,-180.59495544433594,-0.7223798036575317,3.7254416942596436,0.8127708435058594,118500
1,475,250,-231.82034301757812,-0.927281379699707,3.679919481277466,0.812375009059906,118750
1,476,250,-242.5945587158203,-0.9703782200813293,3.5955398082733154,0.8119791746139526,119000
1,477,250,-50.281097412109375,-0.2011243849992752,4.856272220611572,0.8115833401679993,119250
1,478,250,-384.1996765136719,-1.5367987155914307,4.24824333190918,0.8111875057220459,119500
1,479,250,-37.32123565673828,-0.1492849439382553,4.0722527503967285,0.8107916712760925,119750
1,480,250,-36.747528076171875,-0.146990105509758,4.056884288787842,0.8103958368301392,120000
1,481,250,-366.1103515625,-1.4644414186477661,5.2658185958862305,0.8100000023841858,120250
1,482,250,-75.89451599121094,-0.30357807874679565,4.720953941345215,0.8096041679382324,120500
1,483,250,-107.57035827636719,-0.4302814304828644,4.689243793487549,0.809208333492279,120750
1,484,250,-118.91380310058594,-0.475655198097229,4.302548885345459,0.8088124990463257,121000
1,485,250,-213.0596466064453,-0.8522385954856873,5.873726844787598,0.8084166646003723,121250
1,486,250,-189.2857208251953,-0.7571429014205933,5.20153284072876,0.808020830154419,121500
1,487,250,-132.18255615234375,-0.5287302136421204,5.045918941497803,0.8076249957084656,121750
1,488,250,-153.2562255859375,-0.613024890422821,4.926055431365967,0.8072291612625122,122000
1,489,250,-271.3021545410156,-1.0852086544036865,6.225035190582275,0.8068333268165588,122250
1,490,250,-174.5028839111328,-0.6980115175247192,5.781816482543945,0.8064374923706055,122500
1,491,250,-50.50410461425781,-0.2020164132118225,5.445107936859131,0.8060416579246521,122750
1,492,250,-82.11495208740234,-0.32845979928970337,5.503358364105225,0.8056458234786987,123000
1,493,250,-153.19383239746094,-0.6127753257751465,6.624608039855957,0.8052499890327454,123250
1,494,250,-93.7709732055664,-0.37508389353752136,6.299179553985596,0.804854154586792,123500
1,495,250,-337.4092102050781,-1.3496367931365967,6.031221866607666,0.8044583201408386,123750
1,496,250,-269.3861389160156,-1.0775445699691772,5.80212926864624,0.8040624856948853,124000
1,497,250,-267.9579162597656,-1.0718317031860352,6.934523105621338,0.8036666512489319,124250
1,498,250,-310.2315368652344,-1.2409261465072632,6.379532337188721,0.8032708168029785,124500
1,499,250,-180.5500030517578,-0.7222000360488892,5.985572338104248,0.8028750419616699,124750
1,500,250,-226.7781982421875,-0.9071127772331238,5.796557903289795,0.8024791479110718,125000
1,501,250,-76.53655242919922,-0.30614620447158813,6.8351006507873535,0.8020833730697632,125250
1,502,250,-159.4908447265625,-0.6379633545875549,6.0761237144470215,0.801687479019165,125500
1,503,250,-154.63040161132812,-0.6185216307640076,5.650362014770508,0.8012917041778564,125750
1,504,250,-245.78135681152344,-0.9831254482269287,5.518304824829102,0.8008958101272583,126000
1,505,250,-246.27572631835938,-0.9851028919219971,6.675010681152344,0.8005000352859497,126250
1,506,250,-296.5111389160156,-1.1860445737838745,6.013686656951904,0.8001041412353516,126500
1,507,250,-200.59719848632812,-0.8023887872695923,5.803176403045654,0.799708366394043,126750
1,508,250,-194.2268829345703,-0.7769075036048889,5.546142578125,0.7993124723434448,127000
1,509,250,-159.35023498535156,-0.6374009251594543,6.523709297180176,0.7989166975021362,127250
1,510,250,-231.80685424804688,-0.9272274374961853,5.96975564956665,0.7985208034515381,127500
1,511,250,-244.44757080078125,-0.9777902960777283,5.663207530975342,0.7981250286102295,127750
1,512,250,-242.18763732910156,-0.968750536441803,5.52617073059082,0.7977291345596313,128000
1,513,250,-195.00559997558594,-0.780022382736206,6.464553356170654,0.7973333597183228,128250
1,514,250,-140.63223266601562,-0.5625289082527161,5.983965873718262,0.7969374656677246,128500
1,515,250,-197.6745147705078,-0.7906980514526367,5.701314926147461,0.796541690826416,128750
1,516,250,-82.84979248046875,-0.33139917254447937,5.628894329071045,0.7961457967758179,129000
1,517,250,-246.60643005371094,-0.9864256978034973,6.415434837341309,0.7957500219345093,129250
1,518,250,-202.53343200683594,-0.8101337552070618,5.794546127319336,0.7953541874885559,129500
1,519,250,-161.16659545898438,-0.6446663737297058,5.7380051612854,0.7949583530426025,129750
1,520,250,-154.33131408691406,-0.6173252463340759,5.4138288497924805,0.7945625185966492,130000
1,521,250,-81.2519302368164,-0.32500770688056946,6.21599006652832,0.7941666841506958,130250
1,522,250,-257.70196533203125,-1.0308078527450562,5.663708209991455,0.7937708497047424,130500
1,523,250,-213.3888702392578,-0.8535555005073547,5.347095012664795,0.7933750152587891,130750
1,524,250,-188.31130981445312,-0.7532452344894409,5.249240398406982,0.7929791808128357,131000
1,525,250,-263.2782897949219,-1.0531131029129028,5.859965801239014,0.7925833463668823,131250
1,526,250,-106.14116668701172,-0.4245646595954895,5.493252277374268,0.792187511920929,131500
1,527,250,-42.739959716796875,-0.17095984518527985,5.258651256561279,0.7917916774749756,131750
1,528,250,-217.3733673095703,-0.8694934844970703,5.225066661834717,0.7913958430290222,132000
1,529,250,-227.54376220703125,-0.9101750254631042,5.853248119354248,0.7910000085830688,132250
1,530,250,-202.69154357910156,-0.8107661604881287,5.344381332397461,0.7906041741371155,132500
1,531,250,-271.8074645996094,-1.08722984790802,5.240645885467529,0.7902083396911621,132750
1,532,250,-126.96293640136719,-0.5078517198562622,5.015099048614502,0.7898125052452087,133000
1,533,250,-156.02066040039062,-0.624082624912262,5.633520603179932,0.7894166707992554,133250
1,534,250,-189.9593048095703,-0.7598372101783752,5.275437355041504,0.789020836353302,133500
1,535,250,-169.37416076660156,-0.6774966716766357,5.182725429534912,0.7886250019073486,133750
1,536,250,-67.42474365234375,-0.26969897747039795,4.958950519561768,0.7882291674613953,134000
1,537,250,-131.4049835205078,-0.5256199240684509,5.676140785217285,0.7878333330154419,134250
1,538,250,-163.237060546875,-0.652948260307312,5.305300712585449,0.7874374985694885,134500
1,539,250,-273.07720947265625,-1.0923088788986206,5.107151031494141,0.7870416641235352,134750
1,540,250,-103.73812103271484,-0.41495248675346375,5.069613933563232,0.7866458296775818,135000
1,541,250,-157.41049194335938,-0.6296419501304626,5.466522216796875,0.7862499952316284,135250
1,542,250,-82.85236358642578,-0.3314094543457031,5.121026515960693,0.785854160785675,135500
1,543,250,-121.54969787597656,-0.4861987829208374,5.207664489746094,0.7854583263397217,135750
1,544,250,-208.20204162597656,-0.8328081369400024,5.003017425537109,0.7850624918937683,136000
1,545,250,-73.40271759033203,-0.2936108708381653,5.495783805847168,0.7846666574478149,136250
1,546,250,-78.72655487060547,-0.31490620970726013,5.161230564117432,0.7842708230018616,136500
1,547,250,-138.52572631835938,-0.554102897644043,4.90385103225708,0.7838749885559082,136750
1,548,250,-215.56863403320312,-0.8622745275497437,5.05931282043457,0.7834791541099548,137000
1,549,250,-245.6986083984375,-0.9827944040298462,5.474256992340088,0.7830833196640015,137250
1,550,250,-127.09474182128906,-0.5083789825439453,5.109792709350586,0.7826874852180481,137500
1,551,250,-116.77201843261719,-0.46708807349205017,4.904524326324463,0.7822916507720947,137750
1,552,250,-242.15904235839844,-0.968636155128479,4.9315505027771,0.7818958163261414,138000
1,553,250,-226.7947540283203,-0.9071789979934692,5.393562316894531,0.781499981880188,138250
1,554,250,-251.6063690185547,-1.0064254999160767,5.121739387512207,0.7811041474342346,138500
1,555,250,-211.3873748779297,-0.8455495238304138,4.951403617858887,0.7807083129882812,138750
1,556,250,-216.12635803222656,-0.864505410194397,4.822921276092529,0.7803124785423279,139000
1,557,250,-176.2450714111328,-0.7049803137779236,5.336319923400879,0.7799166440963745,139250
1,558,250,-213.91505432128906,-0.8556602001190186,5.10784912109375,0.7795208692550659,139500
1,559,250,-95.5668716430664,-0.38226747512817383,4.9510817527771,0.7791249752044678,139750
1,560,250,-56.29682922363281,-0.22518731653690338,4.7732439041137695,0.7787292003631592,140000
1,561,250,-176.87669372558594,-0.7075067758560181,5.435765266418457,0.778333306312561,140250
1,562,250,-183.97972106933594,-0.7359188795089722,4.983648300170898,0.7779375314712524,140500
1,563,250,-224.42481994628906,-0.8976992964744568,4.862762928009033,0.7775416374206543,140750
1,564,250,-115.47828674316406,-0.461913138628006,4.826364994049072,0.7771458625793457,141000
1,565,250,-226.97621154785156,-0.907904863357544,5.402371883392334,0.7767499685287476,141250
1,566,250,-171.68255615234375,-0.6867302060127258,5.170365333557129,0.776354193687439,141500
1,567,250,-99.3690414428711,-0.3974761664867401,4.981873035430908,0.7759583592414856,141750
1,568,250,-41.4000129699707,-0.16560004651546478,4.825677394866943,0.7755625247955322,142000
1,569,250,-95.45767974853516,-0.38183072209358215,5.658749103546143,0.7751666903495789,142250
1,570,250,-124.51790618896484,-0.4980716109275818,5.018243789672852,0.7747708559036255,142500
1,571,250,-71.6077651977539,-0.28643107414245605,4.899777412414551,0.7743750214576721,142750
1,572,250,-73.79154968261719,-0.2951661944389343,5.111262321472168,0.7739791870117188,143000
1,573,250,-217.51657104492188,-0.8700662851333618,5.764449596405029,0.7735833525657654,143250
1,574,250,-119.0125961303711,-0.47605037689208984,5.28729248046875,0.773187518119812,143500
1,575,250,-148.61573791503906,-0.5944629311561584,5.19356632232666,0.7727916836738586,143750
1,576,250,-58.42653274536133,-0.23370613157749176,5.050806999206543,0.7723958492279053,144000
1,577,250,-283.0565185546875,-1.1322261095046997,6.11617374420166,0.7720000147819519,144250
1,578,250,-161.6628875732422,-0.646651566028595,5.499955654144287,0.7716041803359985,144500
1,579,250,-321.1227722167969,-1.2844910621643066,5.439947605133057,0.7712083458900452,144750
1,580,250,-54.14866638183594,-0.2165946662425995,5.383160591125488,0.7708125114440918,145000
1,581,250,-259.5220947265625,-1.038088321685791,6.160342216491699,0.7704166769981384,145250
1,582,250,-134.3896484375,-0.5375586152076721,5.667095184326172,0.7700208425521851,145500
1,583,250,-133.36416625976562,-0.5334566831588745,5.409655570983887,0.7696250081062317,145750
1,584,250,-336.5263977050781,-1.3461055755615234,5.621064186096191,0.7692291736602783,146000
1,585,250,-222.4405975341797,-0.8897624015808105,6.2462358474731445,0.768833339214325,146250
1,586,250,-168.09359741210938,-0.6723743677139282,5.8592729568481445,0.7684375047683716,146500
1,587,250,-234.0885772705078,-0.9363542795181274,5.5367326736450195,0.7680416703224182,146750
1,588,250,-231.05670166015625,-0.9242268204689026,5.422513961791992,0.7676458358764648,147000
1,589,250,-82.48483276367188,-0.3299393355846405,6.414837837219238,0.7672500014305115,147250
1,590,250,-157.75320434570312,-0.6310127973556519,5.900030612945557,0.7668541669845581,147500
1,591,250,-156.51715087890625,-0.6260685920715332,5.583056449890137,0.7664583325386047,147750
1,592,250,-242.87017822265625,-0.9714807271957397,5.621835231781006,0.7660624980926514,148000
1,593,250,-150.54457092285156,-0.6021782755851746,6.311196804046631,0.765666663646698,148250
1,594,250,-171.1548309326172,-0.6846193075180054,5.893341541290283,0.7652708292007446,148500
1,595,250,-35.50846862792969,-0.1420338749885559,5.722772598266602,0.7648749947547913,148750
1,596,250,-103.9807357788086,-0.41592293977737427,5.630949020385742,0.7644791603088379,149000
1,597,250,-69.93006134033203,-0.2797202467918396,6.497119426727295,0.7640833258628845,149250
1,598,250,-181.52188110351562,-0.7260875105857849,5.728082180023193,0.7636874914169312,149500
1,599,250,-315.0225524902344,-1.2600902318954468,5.881646633148193,0.7632916569709778,149750
1,600,250,-175.7077178955078,-0.7028308510780334,5.727803707122803,0.7628958225250244,150000
1,601,250,-274.3673400878906,-1.0974693298339844,6.396700382232666,0.762499988079071,150250
1,602,250,-171.66650390625,-0.6866660118103027,5.947732925415039,0.7621041536331177,150500
1,603,250,-152.9181671142578,-0.6116726398468018,5.876274108886719,0.7617083191871643,150750
1,604,250,-215.11935424804688,-0.8604773879051208,5.784365177154541,0.7613124847412109,151000
1,605,250,-193.1658935546875,-0.7726635932922363,6.820026874542236,0.7609166502952576,151250
1,606,250,-140.94300842285156,-0.5637720227241516,6.282362937927246,0.7605208158493042,151500
1,607,250,-250.39596557617188,-1.0015838146209717,6.136722564697266,0.7601250410079956,151750
1,608,250,-232.5635528564453,-0.9302542209625244,5.80010461807251,0.7597291469573975,152000
1,609,250,-111.77778625488281,-0.4471111595630646,6.857412338256836,0.7593333721160889,152250
1,610,250,-196.29434204101562,-0.7851773500442505,6.29105806350708,0.7589374780654907,152500
1,611,250,-35.194034576416016,-0.1407761424779892,6.149156093597412,0.7585417032241821,152750
1,612,250,-78.96028137207031,-0.3158411383628845,6.113956451416016,0.758145809173584,153000
1,613,250,-164.83340454101562,-0.6593336462974548,6.946455001831055,0.7577500343322754,153250
1,614,250,-84.61507415771484,-0.3384602963924408,6.532089710235596,0.7573541402816772,153500
1,615,250,-73.34514617919922,-0.29338058829307556,6.356013774871826,0.7569583654403687,153750
1,616,250,-122.10086822509766,-0.48840346932411194,6.3564581871032715,0.7565625309944153,154000
1,617,250,-68.25313568115234,-0.27301254868507385,7.352636337280273,0.7561666965484619,154250
1,618,250,-195.57489013671875,-0.7822995781898499,7.070835590362549,0.7557708621025085,154500
1,619,250,-115.84834289550781,-0.46339336037635803,6.755943775177002,0.7553750276565552,154750
1,620,250,-119.41436767578125,-0.4776574671268463,6.6758503913879395,0.7549791932106018,155000
1,621,250,-94.27236938476562,-0.3770894706249237,7.396605968475342,0.7545833587646484,155250
1,622,250,-168.86322021484375,-0.6754528880119324,6.966272830963135,0.7541875243186951,155500
1,623,250,-57.738216400146484,-0.23095285892486572,6.852992057800293,0.7537916898727417,155750
1,624,250,-121.60113525390625,-0.48640453815460205,6.961309432983398,0.7533958554267883,156000
1,625,250,-95.76675415039062,-0.3830670118331909,7.811238765716553,0.753000020980835,156250
1,626,250,-250.4517059326172,-1.0018068552017212,7.315756797790527,0.7526041865348816,156500
1,627,250,-211.92913818359375,-0.8477165699005127,7.2789835929870605,0.7522083520889282,156750
1,628,250,-11.963176727294922,-0.04785270616412163,7.010425090789795,0.7518125176429749,157000
1,629,250,-49.60065841674805,-0.19840262830257416,7.804028034210205,0.7514166831970215,157250
1,630,250,-98.72126770019531,-0.3948850631713867,7.5962395668029785,0.7510208487510681,157500
1,631,250,-132.932373046875,-0.531729519367218,7.360604763031006,0.7506250143051147,157750
1,632,250,-130.67433166503906,-0.5226973295211792,7.527400016784668,0.7502291798591614,158000
1,633,250,-120.58489227294922,-0.4823395609855652,8.27296257019043,0.749833345413208,158250
1,634,250,-250.53436279296875,-1.0021374225616455,7.844362258911133,0.7494375109672546,158500
1,635,250,-98.06647491455078,-0.3922658860683441,7.798012733459473,0.7490416765213013,158750
1,636,250,-70.76908111572266,-0.28307631611824036,7.628641128540039,0.7486458420753479,159000
1,637,250,-45.97515869140625,-0.1839006394147873,8.423166275024414,0.7482500076293945,159250
1,638,250,-250.81190490722656,-1.003247618675232,8.083307266235352,0.7478541731834412,159500
1,639,250,-49.43331527709961,-0.19773326814174652,7.810713768005371,0.7474583387374878,159750
1,640,250,-274.8499755859375,-1.0993999242782593,7.805283069610596,0.7470625042915344,160000
1,641,250,-189.1657257080078,-0.756662905216217,8.741220474243164,0.746666669845581,160250
1,642,250,-108.94733428955078,-0.4357893466949463,8.24422550201416,0.7462708353996277,160500
1,643,250,-141.25326538085938,-0.56501305103302,8.022543907165527,0.7458750009536743,160750
1,644,250,24.37974739074707,0.09751898795366287,7.93201208114624,0.745479166507721,161000
1,645,250,-110.64323425292969,-0.4425729513168335,8.80075740814209,0.7450833320617676,161250
1,646,250,27.693246841430664,0.1107729896903038,8.48446273803711,0.7446874976158142,161500
1,647,250,-107.40934753417969,-0.4296374022960663,8.336345672607422,0.7442916631698608,161750
1,648,250,-135.69622802734375,-0.5427849292755127,8.086588859558105,0.7438958287239075,162000
1,649,250,-66.41724395751953,-0.26566898822784424,9.225564956665039,0.7434999942779541,162250
1,650,250,-121.7076644897461,-0.4868306517601013,8.986347198486328,0.7431041598320007,162500
1,651,250,-102.59219360351562,-0.41036877036094666,8.706416130065918,0.7427083253860474,162750
1,652,250,-169.33270263671875,-0.6773307919502258,8.412053108215332,0.742312490940094,163000
1,653,250,29.799030303955078,0.11919612437486649,9.193164825439453,0.7419166564941406,163250
1,654,250,-187.53163146972656,-0.7501265406608582,8.699049949645996,0.7415208220481873,163500
1,655,250,-187.54345703125,-0.750173807144165,8.504617691040039,0.7411249876022339,163750
1,656,250,-198.18629455566406,-0.7927451729774475,8.248409271240234,0.7407291531562805,164000
1,657,250,-172.1486053466797,-0.688594400882721,9.118618965148926,0.7403333187103271,164250
1,658,250,-150.47434997558594,-0.6018974184989929,8.741044044494629,0.7399374842643738,164500
1,659,250,-75.83419799804688,-0.3033367991447449,8.390008926391602,0.7395416498184204,164750
1,660,250,-304.0699462890625,-1.2162797451019287,8.288692474365234,0.7391458749771118,165000
1,661,250,-162.79759216308594,-0.6511903405189514,9.490555763244629,0.7387499809265137,165250
1,662,250,-63.54824447631836,-0.254192978143692,8.735491752624512,0.7383542060852051,165500
1,663,250,-76.02902221679688,-0.3041161000728607,8.420488357543945,0.7379583120346069,165750
1,664,250,-203.7368621826172,-0.8149474263191223,8.48523998260498,0.7375625371932983,166000
1,665,250,-226.77151489257812,-0.9070860743522644,9.343743324279785,0.7371666431427002,166250
1,666,250,-81.98563385009766,-0.32794255018234253,8.985980033874512,0.7367708683013916,166500
1,667,250,-114.29486846923828,-0.4571794867515564,8.546268463134766,0.7363749742507935,166750
1,668,250,-85.60728454589844,-0.34242913126945496,8.29012393951416,0.7359791994094849,167000
1,669,250,-64.6394271850586,-0.2585577070713043,9.427300453186035,0.7355833053588867,167250
1,670,250,-205.90965270996094,-0.8236386179924011,9.022531509399414,0.7351875305175781,167500
1,671,250,-87.70452880859375,-0.35081812739372253,8.668045043945312,0.73479163646698,167750
1,672,250,-121.97309875488281,-0.48789238929748535,8.554020881652832,0.7343958616256714,168000
1,673,250,-89.04374694824219,-0.3561749756336212,9.68185043334961,0.7339999675750732,168250
1,674,250,-154.20213317871094,-0.6168085336685181,9.02199935913086,0.7336041927337646,168500
1,675,250,-84.244384765625,-0.3369775414466858,8.529519081115723,0.7332082986831665,168750
1,676,250,71.73350524902344,0.2869340181350708,8.457745552062988,0.7328125238418579,169000
1,677,250,-89.18987274169922,-0.3567594885826111,9.978052139282227,0.7324166297912598,169250
1,678,250,-173.81541442871094,-0.6952616572380066,9.253180503845215,0.7320208549499512,169500
1,679,250,-226.8646240234375,-0.907458484172821,9.099493026733398,0.731624960899353,169750
1,680,250,-166.68324279785156,-0.6667329668998718,8.615776062011719,0.7312291860580444,170000
1,681,250,-102.17891693115234,-0.4087156653404236,10.1243314743042,0.7308333516120911,170250
1,682,250,-41.331214904785156,-0.165324866771698,9.61989688873291,0.7304375171661377,170500
1,683,250,-12.003910064697266,-0.04801563918590546,9.054826736450195,0.7300416827201843,170750
1,684,250,-133.32177734375,-0.5332871079444885,8.871420860290527,0.729645848274231,171000
1,685,250,-114.7149658203125,-0.4588598608970642,9.645819664001465,0.7292500138282776,171250
1,686,250,-88.30384826660156,-0.35321539640426636,8.918503761291504,0.7288541793823242,171500
1,687,250,-67.1023178100586,-0.26840928196907043,8.768197059631348,0.7284583449363708,171750
1,688,250,-75.57527160644531,-0.3023010790348053,8.812223434448242,0.7280625104904175,172000
1,689,250,-198.5194549560547,-0.7940778136253357,9.597695350646973,0.7276666760444641,172250
1,690,250,-244.6014404296875,-0.978405773639679,8.73624324798584,0.7272708415985107,172500
1,691,250,-243.75436401367188,-0.9750174283981323,8.67590045928955,0.7268750071525574,172750
1,692,250,-187.31573486328125,-0.7492629289627075,8.4153470993042,0.726479172706604,173000
1,693,250,-263.3952331542969,-1.0535808801651,9.529068946838379,0.7260833382606506,173250
1,694,250,44.96642303466797,0.17986568808555603,9.069552421569824,0.7256875038146973,173500
1,695,250,-126.44180297851562,-0.5057672262191772,8.561513900756836,0.7252916693687439,173750
1,696,250,-195.33554077148438,-0.7813421487808228,8.623642921447754,0.7248958349227905,174000
1,697,250,-79.62042236328125,-0.3184816837310791,8.967944145202637,0.7245000004768372,174250
1,698,250,-91.38943481445312,-0.3655577301979065,9.100564002990723,0.7241041660308838,174500
1,699,250,-219.1259307861328,-0.8765037059783936,8.748366355895996,0.7237083315849304,174750
1,700,250,-54.50197982788086,-0.2180079221725464,8.583623886108398,0.723312497138977,175000
1,701,250,-257.9299011230469,-1.0317195653915405,9.104289054870605,0.7229167222976685,175250
1,702,250,-60.35795974731445,-0.2414318323135376,8.718817710876465,0.7225208282470703,175500
1,703,250,-50.908409118652344,-0.2036336362361908,8.430533409118652,0.7221250534057617,175750
1,704,250,-113.46786499023438,-0.4538714587688446,8.09846305847168,0.7217291593551636,176000
1,705,250,-127.79779052734375,-0.511191189289093,8.823134422302246,0.721333384513855,176250
1,706,250,-58.66945266723633,-0.23467780649662018,8.634721755981445,0.7209374904632568,176500
1,707,250,-115.17377471923828,-0.4606950879096985,8.129650115966797,0.7205417156219482,176750
1,708,250,-155.79644775390625,-0.6231858134269714,8.466137886047363,0.7201458215713501,177000
1,709,250,-51.10129928588867,-0.20440520346164703,9.353797912597656,0.7197500467300415,177250
1,710,250,-23.462276458740234,-0.09384910762310028,8.7531099319458,0.7193541526794434,177500
1,711,250,-104.48511505126953,-0.4179404675960541,8.28604793548584,0.7189583778381348,177750
1,712,250,-131.97354125976562,-0.527894139289856,8.172432899475098,0.7185624837875366,178000
1,713,250,-39.02803421020508,-0.15611213445663452,9.53696060180664,0.718166708946228,178250
1,714,250,-52.15045166015625,-0.20860180258750916,9.36288070678711,0.7177708148956299,178500
1,715,250,-103.06722259521484,-0.41226887702941895,8.691569328308105,0.7173749804496765,178750
1,716,250,165.0509796142578,0.6602039337158203,8.237248420715332,0.7169791460037231,179000
1,717,250,-34.773162841796875,-0.13909265398979187,9.612238883972168,0.7165833115577698,179250
1,718,250,-73.47769927978516,-0.29391080141067505,9.232120513916016,0.7161874771118164,179500
1,719,250,-69.63175964355469,-0.27852705121040344,9.207653045654297,0.7157917022705078,179750
1,720,250,-128.69195556640625,-0.5147678256034851,8.847331047058105,0.7153958082199097,180000
1,721,250,-187.3206787109375,-0.749282717704773,9.886072158813477,0.7150000333786011,180250
1,722,250,-100.1094970703125,-0.40043798089027405,9.233892440795898,0.7146041393280029,180500
1,723,250,-129.38182067871094,-0.5175272822380066,9.176098823547363,0.7142083644866943,180750
1,724,250,-253.0970916748047,-1.0123883485794067,8.684091567993164,0.7138124704360962,181000
1,725,250,-83.51593780517578,-0.33406373858451843,10.002008438110352,0.7134166955947876,181250
1,726,250,-162.77072143554688,-0.6510828733444214,9.548486709594727,0.7130208015441895,181500
1,727,250,-190.86508178710938,-0.7634603381156921,9.14505386352539,0.7126250267028809,181750
1,728,250,-101.22299194335938,-0.4048919677734375,9.164617538452148,0.7122291326522827,182000
1,729,250,-165.93817138671875,-0.6637526750564575,10.30746841430664,0.7118333578109741,182250
1,730,250,199.29476928710938,0.797179102897644,9.843486785888672,0.711437463760376,182500
1,731,250,-265.4956359863281,-1.06198251247406,9.573563575744629,0.7110416889190674,182750
1,732,250,-126.05868530273438,-0.5042347311973572,9.23830795288086,0.7106457948684692,183000
1,733,250,-42.04984664916992,-0.16819939017295837,10.707512855529785,0.7102500200271606,183250
1,734,250,-106.66595458984375,-0.4266638159751892,10.025965690612793,0.7098541259765625,183500
1,735,250,-163.2666473388672,-0.6530665755271912,9.817619323730469,0.7094583511352539,183750
1,736,250,-46.43455123901367,-0.185738205909729,9.642265319824219,0.7090624570846558,184000
1,737,250,-139.17233276367188,-0.5566893219947815,10.71303939819336,0.7086666822433472,184250
1,738,250,-37.764617919921875,-0.15105846524238586,9.963578224182129,0.708270788192749,184500
1,739,250,-59.90842056274414,-0.2396336793899536,10.174695014953613,0.7078750133514404,184750
1,740,250,-122.89244842529297,-0.49156978726387024,9.427061080932617,0.7074791789054871,185000
1,741,250,-167.32887268066406,-0.6693155169487,10.907683372497559,0.7070833444595337,185250
1,742,250,-338.3689270019531,-1.3534756898880005,9.918478965759277,0.7066875100135803,185500
1,743,250,-157.1246795654297,-0.6284987330436707,9.816027641296387,0.706291675567627,185750
1,744,250,-118.82928466796875,-0.4753171503543854,9.748108863830566,0.7058958411216736,186000
1,745,250,-86.4085693359375,-0.3456342816352844,10.699905395507812,0.7055000066757202,186250
1,746,250,-68.50464630126953,-0.2740185856819153,10.253594398498535,0.7051041722297668,186500
1,747,250,-107.3680419921875,-0.4294721782207489,10.05579948425293,0.7047083377838135,186750
1,748,250,-89.57259368896484,-0.3582903742790222,9.44039249420166,0.7043125033378601,187000
1,749,250,-110.56175994873047,-0.44224703311920166,10.640024185180664,0.7039166688919067,187250
1,750,250,-150.3125457763672,-0.601250171661377,10.351024627685547,0.7035208344459534,187500
1,751,250,-172.37828063964844,-0.6895131468772888,10.14351749420166,0.703125,187750
1,752,250,-178.06800842285156,-0.712272047996521,9.628175735473633,0.7027291655540466,188000
1,753,250,-118.18671417236328,-0.4727468490600586,10.971109390258789,0.7023333311080933,188250
1,754,250,-33.795230865478516,-0.13518092036247253,10.15707015991211,0.7019374966621399,188500
1,755,250,-146.7906036376953,-0.587162435054779,9.927742004394531,0.7015416622161865,188750
1,756,250,-253.02288818359375,-1.0120915174484253,9.819511413574219,0.7011458277702332,189000
1,757,250,29.90178108215332,0.1196071207523346,10.904738426208496,0.7007499933242798,189250
1,758,250,-40.08303451538086,-0.16033214330673218,10.01233196258545,0.7003541588783264,189500
1,759,250,-106.15046691894531,-0.42460185289382935,9.703865051269531,0.699958324432373,189750
1,760,250,-25.45252227783203,-0.10181009024381638,9.92850399017334,0.6995625495910645,190000
1,761,250,-148.03103637695312,-0.5921241641044617,10.757611274719238,0.6991666555404663,190250
1,762,250,-76.93601989746094,-0.3077440857887268,10.07904052734375,0.6987708806991577,190500
1,763,250,-91.43269348144531,-0.36573076248168945,10.072151184082031,0.6983749866485596,190750
1,764,250,-118.714599609375,-0.4748584032058716,10.112543106079102,0.697979211807251,191000
1,765,250,-150.49830627441406,-0.601993203163147,10.635660171508789,0.6975833177566528,191250
1,766,250,-122.636474609375,-0.4905458986759186,10.52046012878418,0.6971875429153442,191500
1,767,250,-18.200868606567383,-0.07280347496271133,10.598690032958984,0.6967916488647461,191750
1,768,250,-135.82562255859375,-0.5433024764060974,9.974191665649414,0.6963958740234375,192000
1,769,250,-38.62668228149414,-0.15450672805309296,10.913186073303223,0.6959999799728394,192250
1,770,250,-40.16559600830078,-0.16066238284111023,10.399003028869629,0.6956042051315308,192500
1,771,250,-68.65091705322266,-0.2746036648750305,10.581157684326172,0.6952083110809326,192750
1,772,250,-83.86783599853516,-0.33547133207321167,10.497443199157715,0.694812536239624,193000
1,773,250,-50.764495849609375,-0.20305798947811127,11.276484489440918,0.6944166421890259,193250
1,774,250,-139.94386291503906,-0.5597754716873169,10.993590354919434,0.6940208673477173,193500
1,775,250,-65.02009582519531,-0.26008039712905884,10.454520225524902,0.6936249732971191,193750
1,776,250,31.903154373168945,0.1276126205921173,11.038365364074707,0.6932291984558105,194000
1,777,250,-38.088539123535156,-0.1523541510105133,11.371456146240234,0.6928333044052124,194250
1,778,250,-93.8275375366211,-0.37531015276908875,10.93911075592041,0.6924375295639038,194500
1,779,250,-79.12683868408203,-0.31650736927986145,11.28526782989502,0.6920416951179504,194750
1,780,250,-123.10302734375,-0.49241212010383606,10.86221981048584,0.6916458606719971,195000
1,781,250,-76.58728790283203,-0.30634915828704834,11.778671264648438,0.6912500262260437,195250
1,782,250,-59.574607849121094,-0.2382984310388565,11.640134811401367,0.6908541917800903,195500
1,783,250,-34.48487854003906,-0.13793951272964478,11.118132591247559,0.690458357334137,195750
1,784,250,-293.65313720703125,-1.1746125221252441,11.162872314453125,0.6900625228881836,196000
1,785,250,-67.73188781738281,-0.2709275484085083,12.09058952331543,0.6896666884422302,196250
1,786,250,-121.17285919189453,-0.48469144105911255,11.407764434814453,0.6892708539962769,196500
1,787,250,110.76806640625,0.44307225942611694,11.543463706970215,0.6888750195503235,196750
1,788,250,-126.64480590820312,-0.5065792202949524,11.103937149047852,0.6884791851043701,197000
1,789,250,32.87580108642578,0.13150320947170258,12.66283893585205,0.688083291053772,197250
1,790,250,-101.7664566040039,-0.40706583857536316,11.688435554504395,0.6876875162124634,197500
1,791,250,-81.72056579589844,-0.3268822729587555,11.419836044311523,0.6872916221618652,197750
1,792,250,-95.45054626464844,-0.38180217146873474,11.346809387207031,0.6868958473205566,198000
1,793,250,34.87302780151367,0.13949210941791534,12.430557250976562,0.6864999532699585,198250
1,794,250,-146.03602600097656,-0.584144115447998,11.86591911315918,0.6861041784286499,198500
1,795,250,-90.47419738769531,-0.3618967831134796,11.749714851379395,0.6857082843780518,198750
1,796,250,70.55299377441406,0.2822119891643524,11.506284713745117,0.6853125095367432,199000
1,797,250,-80.11634063720703,-0.3204653561115265,12.801895141601562,0.684916615486145,199250
1,798,250,-130.4872589111328,-0.521949052810669,11.964649200439453,0.6845208406448364,199500
1,799,250,-130.31024169921875,-0.5212409496307373,11.901936531066895,0.6841250061988831,199750
1,800,250,-29.834339141845703,-0.11933735758066177,11.419572830200195,0.6837291717529297,200000
1,801,250,-43.54559326171875,-0.17418237030506134,12.41815185546875,0.6833333373069763,200250
1,802,250,-72.9278335571289,-0.29171133041381836,11.823439598083496,0.682937502861023,200500
1,803,250,-6.075328826904297,-0.0243013147264719,11.695233345031738,0.6825416684150696,200750
1,804,250,-137.03765869140625,-0.5481506586074829,11.365304946899414,0.6821458339691162,201000
1,805,250,-101.34041595458984,-0.4053616523742676,12.544800758361816,0.6817499995231628,201250
1,806,250,-130.5436248779297,-0.5221744775772095,12.093545913696289,0.6813541650772095,201500
1,807,250,-48.68138885498047,-0.19472555816173553,11.783699989318848,0.6809583306312561,201750
1,808,250,-164.18763732910156,-0.6567505598068237,11.31525707244873,0.6805624961853027,202000
1,809,250,-60.8848991394043,-0.24353960156440735,12.571173667907715,0.6801666617393494,202250
1,810,250,-109.99491882324219,-0.4399796724319458,11.721128463745117,0.679770827293396,202500
1,811,250,-97.04581451416016,-0.38818326592445374,11.6036376953125,0.6793749928474426,202750
1,812,250,-168.9179229736328,-0.6756716966629028,11.753119468688965,0.6789791584014893,203000
1,813,250,-130.32861328125,-0.5213144421577454,12.28499984741211,0.6785833239555359,203250
1,814,250,-153.18328857421875,-0.6127331256866455,12.2603178024292,0.6781874895095825,203500
1,815,250,-118.8959732055664,-0.47558388113975525,11.780909538269043,0.6777916550636292,203750
1,816,250,-98.2076416015625,-0.39283058047294617,11.360748291015625,0.6773958206176758,204000
1,817,250,-95.12603759765625,-0.38050416111946106,12.160428047180176,0.6769999861717224,204250
1,818,250,-113.61864471435547,-0.4544745683670044,11.8477201461792,0.676604151725769,204500
1,819,250,-58.719261169433594,-0.23487704992294312,12.10599136352539,0.6762083768844604,204750
1,820,250,-70.15729522705078,-0.2806291878223419,11.399471282958984,0.6758124828338623,205000
1,821,250,-127.96643829345703,-0.5118657350540161,12.561038970947266,0.6754167079925537,205250
1,822,250,-131.06723022460938,-0.5242689251899719,11.968119621276855,0.6750208139419556,205500
1,823,250,-63.87848663330078,-0.2555139362812042,11.655353546142578,0.674625039100647,205750
1,824,250,-35.42681884765625,-0.14170727133750916,11.423362731933594,0.6742291450500488,206000
1,825,250,-57.13931655883789,-0.2285572588443756,12.423991203308105,0.6738333702087402,206250
1,826,250,-148.62576293945312,-0.5945030450820923,12.219887733459473,0.6734374761581421,206500
1,827,250,-73.63336944580078,-0.29453349113464355,12.02374267578125,0.6730417013168335,206750
1,828,250,-168.70114135742188,-0.6748045682907104,11.66291332244873,0.6726458072662354,207000
1,829,250,-86.41661834716797,-0.34566646814346313,12.857102394104004,0.6722500324249268,207250
1,830,250,-30.660585403442383,-0.12264233827590942,11.724153518676758,0.6718541383743286,207500
1,831,250,-89.21595001220703,-0.356863796710968,11.699387550354004,0.67145836353302,207750
1,832,250,-166.72186279296875,-0.6668874621391296,11.75615119934082,0.6710624694824219,208000
1,833,250,25.964393615722656,0.10385757684707642,12.652728080749512,0.6706666946411133,208250
1,834,250,-93.7593002319336,-0.37503719329833984,11.675082206726074,0.6702708005905151,208500
1,835,250,-107.05718994140625,-0.4282287657260895,11.898852348327637,0.6698750257492065,208750
1,836,250,-166.4311065673828,-0.6657243967056274,11.404095649719238,0.6694791316986084,209000
1,837,250,-26.66147232055664,-0.10664588958024979,12.075728416442871,0.6690833568572998,209250
1,838,250,-87.03291320800781,-0.3481316566467285,11.381900787353516,0.6686875224113464,209500
1,839,250,-166.4442901611328,-0.6657771468162537,11.371818542480469,0.6682916879653931,209750
1,840,250,-89.14311981201172,-0.3565724790096283,11.302358627319336,0.6678958535194397,210000
1,841,250,-126.4672622680664,-0.5058690309524536,12.027660369873047,0.6675000190734863,210250
1,842,250,-175.73973083496094,-0.7029589414596558,11.582496643066406,0.667104184627533,210500
1,843,250,-56.845489501953125,-0.22738195955753326,11.316234588623047,0.6667083501815796,210750
1,844,250,-68.9751968383789,-0.27590078115463257,11.168122291564941,0.6663125157356262,211000
1,845,250,-114.55389404296875,-0.4582155644893646,12.45210075378418,0.6659166812896729,211250
1,846,250,-60.438655853271484,-0.24175462126731873,12.009693145751953,0.6655208468437195,211500
1,847,250,-67.998046875,-0.27199217677116394,11.974602699279785,0.6651250123977661,211750
1,848,250,-150.7039337158203,-0.6028157472610474,11.270000457763672,0.6647291779518127,212000
1,849,250,-141.05422973632812,-0.5642169117927551,12.665268898010254,0.6643333435058594,212250
1,850,250,-97.559326171875,-0.39023730158805847,12.121856689453125,0.663937509059906,212500
1,851,250,-129.43853759765625,-0.5177541375160217,11.26838207244873,0.6635416746139526,212750
1,852,250,-131.813720703125,-0.5272548794746399,11.0485200881958,0.6631458401679993,213000
1,853,250,-67.23008728027344,-0.268920361995697,13.19074821472168,0.6627500057220459,213250
1,854,250,-84.56713104248047,-0.338268518447876,11.938604354858398,0.6623541712760925,213500
1,855,250,-129.14537048339844,-0.5165814757347107,11.937255859375,0.6619583368301392,213750
1,856,250,-85.76117706298828,-0.3430446982383728,11.509247779846191,0.6615625023841858,214000
1,857,250,-142.30136108398438,-0.5692054629325867,13.573254585266113,0.6611666679382324,214250
1,858,250,-142.28521728515625,-0.5691408514976501,12.677974700927734,0.6607708930969238,214500
1,859,250,-116.40896606445312,-0.46563586592674255,12.274086952209473,0.6603749990463257,214750
1,860,250,-132.500732421875,-0.5300029516220093,12.076313018798828,0.6599792242050171,215000
1,861,250,-130.60028076171875,-0.5224010944366455,13.890682220458984,0.659583330154419,215250
1,862,250,-64.57090759277344,-0.2582836449146271,12.974357604980469,0.6591875553131104,215500
1,863,250,-133.3885040283203,-0.5335540175437927,12.40900993347168,0.6587916612625122,215750
1,864,250,-179.72010803222656,-0.7188804149627686,11.989956855773926,0.6583958268165588,216000
1,865,250,-99.21504211425781,-0.39686018228530884,13.482860565185547,0.6579999923706055,216250
1,866,250,-63.56285095214844,-0.2542513906955719,12.798903465270996,0.6576041579246521,216500
1,867,250,-144.74612426757812,-0.5789844989776611,12.883825302124023,0.6572083234786987,216750
1,868,250,-174.3398895263672,-0.697359561920166,11.99637508392334,0.6568124890327454,217000
1,869,250,-136.9887237548828,-0.5479549169540405,13.812019348144531,0.656416654586792,217250
1,870,250,-88.32735443115234,-0.35330942273139954,12.714131355285645,0.6560208201408386,217500
1,871,250,-48.786155700683594,-0.1951446235179901,12.525765419006348,0.6556249856948853,217750
1,872,250,-85.2259750366211,-0.3409039080142975,11.947032928466797,0.6552291512489319,218000
1,873,250,-86.69732666015625,-0.34678930044174194,14.22430419921875,0.6548333168029785,218250
1,874,250,-172.89678955078125,-0.6915871500968933,12.771883010864258,0.6544374823570251,218500
1,875,250,-88.52274322509766,-0.35409095883369446,12.325661659240723,0.6540416479110718,218750
1,876,250,-87.05339050292969,-0.3482135534286499,12.447554588317871,0.6536458134651184,219000
1,877,250,-286.3909606933594,-1.1455638408660889,13.729782104492188,0.653249979019165,219250
1,878,250,-145.0851287841797,-0.5803405046463013,12.236764907836914,0.6528542041778564,219500
1,879,250,-54.80146408081055,-0.2192058563232422,12.558039665222168,0.6524583101272583,219750
1,880,250,-211.6055145263672,-0.8464220762252808,12.546351432800293,0.6520625352859497,220000
1,881,250,-148.0118408203125,-0.5920473337173462,14.047174453735352,0.6516666412353516,220250
1,882,250,-69.68788146972656,-0.27875152230262756,12.104371070861816,0.651270866394043,220500
1,883,250,-98.31558227539062,-0.3932623267173767,12.151893615722656,0.6508749723434448,220750
1,884,250,-29.106130599975586,-0.11642452329397202,12.008490562438965,0.6504791975021362,221000
1,885,250,-37.649253845214844,-0.15059702098369598,13.183775901794434,0.6500833034515381,221250
1,886,250,-110.37863159179688,-0.4415145218372345,12.720755577087402,0.6496875286102295,221500
1,887,250,-172.06292724609375,-0.6882517337799072,12.195603370666504,0.6492916345596313,221750
1,888,250,-23.12805938720703,-0.09251223504543304,12.205527305603027,0.6488958597183228,222000
1,889,250,-32.53762435913086,-0.13015049695968628,13.909478187561035,0.6484999656677246,222250
1,890,250,-85.07364654541016,-0.34029459953308105,12.759966850280762,0.648104190826416,222500
1,891,250,-64.68867492675781,-0.258754700422287,12.495784759521484,0.6477082967758179,222750
1,892,250,-137.23617553710938,-0.5489447116851807,12.146207809448242,0.6473125219345093,223000
1,893,250,-117.5020751953125,-0.47000831365585327,13.91789722442627,0.6469166278839111,223250
1,894,250,-92.66204071044922,-0.37064817547798157,12.826601028442383,0.6465208530426025,223500
1,895,250,-50.090850830078125,-0.2003633975982666,12.710290908813477,0.6461249589920044,223750
1,896,250,-89.38118743896484,-0.3575247526168823,12.604249954223633,0.6457291841506958,224000
1,897,250,-42.90784454345703,-0.17163138091564178,14.102981567382812,0.6453333497047424,224250
1,898,250,-55.912841796875,-0.22365136444568634,13.022706031799316,0.6449375152587891,224500
1,899,250,-217.36380004882812,-0.8694552183151245,13.269007682800293,0.6445416808128357,224750
1,900,250,42.3421630859375,0.1693686544895172,12.337681770324707,0.6441458463668823,225000
1,901,250,-106.16500854492188,-0.4246600270271301,14.182350158691406,0.643750011920929,225250
1,902,250,-33.28670883178711,-0.13314683735370636,13.727996826171875,0.6433541774749756,225500
1,903,250,-143.81454467773438,-0.575258195400238,12.962636947631836,0.6429583430290222,225750
1,904,250,-32.145652770996094,-0.12858261168003082,12.885575294494629,0.6425625085830688,226000
1,905,250,-87.67479705810547,-0.35069918632507324,14.705742835998535,0.6421666741371155,226250
1,906,250,-86.11111450195312,-0.3444444537162781,13.539957046508789,0.6417708396911621,226500
1,907,250,-3.729184150695801,-0.014916736632585526,13.260747909545898,0.6413750052452087,226750
1,908,250,79.5603256225586,0.31824129819869995,13.44061279296875,0.6409791707992554,227000
1,909,250,23.397628784179688,0.09359051287174225,15.382208824157715,0.640583336353302,227250
1,910,250,-62.21852111816406,-0.24887408316135406,14.251567840576172,0.6401875019073486,227500
1,911,250,-128.66152954101562,-0.5146461129188538,14.188657760620117,0.6397916674613953,227750
1,912,250,-127.10062408447266,-0.5084024667739868,13.77999210357666,0.6393958330154419,228000
1,913,250,34.96236038208008,0.1398494392633438,16.305315017700195,0.6389999985694885,228250
1,914,250,33.039642333984375,0.132158562541008,14.919795989990234,0.6386041641235352,228500
1,915,250,130.62374877929688,0.5224949717521667,14.081069946289062,0.6382083296775818,228750
1,916,250,-37.02603530883789,-0.14810414612293243,13.691039085388184,0.6378124952316284,229000
1,917,250,-64.18315887451172,-0.25673264265060425,17.25771713256836,0.6374167203903198,229250
1,918,250,-72.99769592285156,-0.2919907867908478,16.01494026184082,0.6370208263397217,229500
1,919,250,14.808206558227539,0.05923282727599144,15.203935623168945,0.6366250514984131,229750
1,920,250,30.71371841430664,0.12285487353801727,14.815573692321777,0.6362291574478149,230000
1,921,250,-94.92041778564453,-0.37968167662620544,17.910825729370117,0.6358333826065063,230250
1,922,250,-126.82210540771484,-0.50728839635849,15.902257919311523,0.6354374885559082,230500
1,923,250,-199.26995849609375,-0.797079861164093,15.669466018676758,0.6350417137145996,230750
1,924,250,-94.5417251586914,-0.37816691398620605,14.555548667907715,0.6346458196640015,231000
1,925,250,-84.46422576904297,-0.33785688877105713,18.261661529541016,0.6342500448226929,231250
1,926,250,-108.5582046508789,-0.43423283100128174,15.961282730102539,0.6338541507720947,231500
1,927,250,-70.82056427001953,-0.28328225016593933,15.076642990112305,0.6334583759307861,231750
1,928,250,-53.13026809692383,-0.21252107620239258,15.03239631652832,0.633062481880188,232000
1,929,250,-130.09376525878906,-0.5203750729560852,18.888431549072266,0.6326667070388794,232250
1,930,250,-162.57177734375,-0.6502870917320251,15.564884185791016,0.6322708129882812,232500
1,931,250,-101.16668701171875,-0.4046667516231537,14.877326011657715,0.6318750381469727,232750
1,932,250,-30.717571258544922,-0.12287028133869171,14.689191818237305,0.6314791440963745,233000
1,933,250,-67.7330551147461,-0.27093222737312317,19.391563415527344,0.6310833692550659,233250
1,934,250,-123.87995147705078,-0.49551981687545776,16.330820083618164,0.6306874752044678,233500
1,935,250,-61.57021713256836,-0.24628086388111115,16.067995071411133,0.6302917003631592,233750
1,936,250,-117.08061218261719,-0.4683224558830261,15.695258140563965,0.6298958659172058,234000
1,937,250,-158.91090393066406,-0.6356436014175415,20.1419734954834,0.6295000314712524,234250
1,938,250,-167.11859130859375,-0.6684743762016296,17.513341903686523,0.6291041970252991,234500
1,939,250,-75.7936782836914,-0.3031747043132782,16.55878257751465,0.6287083625793457,234750
1,940,250,-88.57377624511719,-0.35429510474205017,16.500688552856445,0.6283124685287476,235000
1,941,250,-156.9149932861328,-0.6276599764823914,21.28812599182129,0.627916693687439,235250
1,942,250,-113.86743927001953,-0.4554697573184967,18.347896575927734,0.6275207996368408,235500
1,943,250,-85.50052642822266,-0.34200209379196167,17.46259117126465,0.6271250247955322,235750
1,944,250,-122.1607894897461,-0.48864316940307617,16.596895217895508,0.6267291307449341,236000
1,945,250,-102.83404541015625,-0.41133618354797363,22.446561813354492,0.6263333559036255,236250
1,946,250,-69.36888885498047,-0.2774755656719208,19.424747467041016,0.6259374618530273,236500
1,947,250,-134.65023803710938,-0.5386009812355042,17.449615478515625,0.6255416870117188,236750
1,948,250,-162.5478057861328,-0.6501912474632263,17.076778411865234,0.6251457929611206,237000
1,949,250,-86.2872543334961,-0.3451490104198456,22.54659080505371,0.624750018119812,237250
1,950,250,-116.31053161621094,-0.4652421176433563,18.990938186645508,0.6243541240692139,237500
1,951,250,-80.70048522949219,-0.32280194759368896,17.5159912109375,0.6239583492279053,237750
1,952,250,-92.0231704711914,-0.36809268593788147,17.099040985107422,0.6235624551773071,238000
1,953,250,-84.0705795288086,-0.33628231287002563,22.23855209350586,0.6231666803359985,238250
1,954,250,-161.64149475097656,-0.6465659737586975,18.56122398376465,0.6227707862854004,238500
1,955,250,-159.23544311523438,-0.6369417905807495,16.964426040649414,0.6223750114440918,238750
1,956,250,-90.34149169921875,-0.3613659739494324,16.69522476196289,0.6219791769981384,239000
1,957,250,-144.06613159179688,-0.576264500617981,23.21797752380371,0.6215833425521851,239250
1,958,250,-185.2235870361328,-0.7408943772315979,17.967336654663086,0.6211875081062317,239500
1,959,250,-130.76300048828125,-0.5230519771575928,16.653165817260742,0.6207916736602783,239750
1,960,250,-72.42149353027344,-0.2896859645843506,16.314170837402344,0.620395839214325,240000
1,961,250,-26.601163864135742,-0.10640465468168259,23.392189025878906,0.6200000047683716,240250
1,962,250,10.182380676269531,0.040729522705078125,18.46973991394043,0.6196041703224182,240500
1,963,250,-116.1546630859375,-0.46461865305900574,16.634681701660156,0.6192083358764648,240750
1,964,250,-52.960453033447266,-0.21184180676937103,16.20355796813965,0.6188125014305115,241000
1,965,250,-59.087100982666016,-0.23634840548038483,23.419870376586914,0.6184166669845581,241250
1,966,250,-103.50009155273438,-0.41400036215782166,18.554096221923828,0.6180208325386047,241500
1,967,250,-90.2401123046875,-0.360960453748703,17.191383361816406,0.6176249980926514,241750
1,968,250,-146.90003967285156,-0.5876001715660095,16.481857299804688,0.617229163646698,242000
1,969,250,-61.855194091796875,-0.2474207729101181,24.08102035522461,0.6168333292007446,242250
1,970,250,-80.79151916503906,-0.3231660723686218,18.55196189880371,0.6164374947547913,242500
1,971,250,-65.99696350097656,-0.26398783922195435,17.67399787902832,0.6160416603088379,242750
1,972,250,-71.21871948242188,-0.28487488627433777,16.4975643157959,0.6156458258628845,243000
1,973,250,-122.14903259277344,-0.4885961413383484,23.811872482299805,0.6152499914169312,243250
1,974,250,-203.45455932617188,-0.8138182163238525,19.81873893737793,0.6148541569709778,243500
1,975,250,-22.921165466308594,-0.09168466180562973,18.01768684387207,0.6144583225250244,243750
1,976,250,-61.28844451904297,-0.2451537847518921,17.51917839050293,0.6140625476837158,244000
1,977,250,-110.31397247314453,-0.4412558972835541,23.501819610595703,0.6136666536331177,244250
1,978,250,-58.12778854370117,-0.23251114785671234,19.62009620666504,0.6132708787918091,244500
1,979,250,-49.982276916503906,-0.1999291032552719,18.175256729125977,0.6128749847412109,244750
1,980,250,-116.33963775634766,-0.46535855531692505,17.390897750854492,0.6124792098999023,245000
1,981,250,-85.61688232421875,-0.3424675166606903,23.689191818237305,0.6120833158493042,245250
1,982,250,-77.9898910522461,-0.31195956468582153,20.010927200317383,0.6116875410079956,245500
1,983,250,-154.80308532714844,-0.6192123293876648,18.89493179321289,0.6112916469573975,245750
1,984,250,-8.967226028442383,-0.03586890548467636,18.104700088500977,0.6108958721160889,246000
1,985,250,-26.94924545288086,-0.10779698193073273,23.4926700592041,0.6104999780654907,246250
1,986,250,41.210052490234375,0.1648402065038681,19.560300827026367,0.6101042032241821,246500
1,987,250,-57.60340118408203,-0.23041360080242157,18.764551162719727,0.609708309173584,246750
1,988,250,-10.93931770324707,-0.04375727102160454,18.37474250793457,0.6093125343322754,247000
1,989,250,-47.2199821472168,-0.18887992203235626,24.21917152404785,0.6089166402816772,247250
1,990,250,-126.8296127319336,-0.5073184370994568,21.244247436523438,0.6085208654403687,247500
1,991,250,-74.99668884277344,-0.29998674988746643,19.329580307006836,0.6081249713897705,247750
1,992,250,-95.39311218261719,-0.3815724551677704,18.68500518798828,0.6077291965484619,248000
1,993,250,-87.95887756347656,-0.3518355190753937,25.325862884521484,0.6073333024978638,248250
1,994,250,-183.5477294921875,-0.7341909408569336,20.955869674682617,0.6069375276565552,248500
1,995,250,-157.63253784179688,-0.6305301785469055,20.024320602416992,0.6065416932106018,248750
1,996,250,-84.48210144042969,-0.3379284143447876,19.888294219970703,0.6061458587646484,249000
1,997,250,-87.50350952148438,-0.3500140309333801,25.365999221801758,0.6057500243186951,249250
1,998,250,80.22590637207031,0.32090362906455994,21.302175521850586,0.6053541898727417,249500
1,999,250,-83.48094177246094,-0.3339237570762634,19.755582809448242,0.6049583554267883,249750
1,1000,250,-57.026214599609375,-0.2281048595905304,19.232345581054688,0.604562520980835,250000
1,1001,250,-79.5194320678711,-0.3180777430534363,26.181276321411133,0.6041666865348816,250250
1,1002,250,-223.3018798828125,-0.8932074904441833,21.1304874420166,0.6037708520889282,250500
1,1003,250,59.41390609741211,0.2376556247472763,19.352649688720703,0.6033750176429749,250750
1,1004,250,-110.98347473144531,-0.44393390417099,19.333988189697266,0.6029791831970215,251000
1,1005,250,-85.85594177246094,-0.3434237539768219,25.775270462036133,0.6025833487510681,251250
1,1006,250,-138.16221618652344,-0.5526488423347473,20.975048065185547,0.6021875143051147,251500
1,1007,250,-55.28262710571289,-0.22113050520420074,19.441455841064453,0.6017916798591614,251750
1,1008,250,-68.58523559570312,-0.2743409276008606,18.853561401367188,0.601395845413208,252000
1,1009,250,-50.45634078979492,-0.2018253654241562,26.276538848876953,0.6010000109672546,252250
1,1010,250,-75.46643829345703,-0.30186575651168823,20.734182357788086,0.6006041765213013,252500
1,1011,250,-135.7572021484375,-0.5430288314819336,18.994857788085938,0.6002083420753479,252750
1,1012,250,-102.83513641357422,-0.41134053468704224,18.739896774291992,0.5998125076293945,253000
1,1013,250,-193.50521850585938,-0.7740208506584167,27.593168258666992,0.5994166731834412,253250
1,1014,250,-143.50209045410156,-0.5740083456039429,20.41594886779785,0.5990208387374878,253500
1,1015,250,-107.2630615234375,-0.4290522336959839,18.702972412109375,0.5986250042915344,253750
1,1016,250,-42.86735153198242,-0.17146940529346466,18.186017990112305,0.598229169845581,254000
1,1017,250,-166.50592041015625,-0.6660236716270447,28.84477424621582,0.5978333353996277,254250
1,1018,250,-43.47325134277344,-0.173893004655838,21.302932739257812,0.5974375009536743,254500
1,1019,250,-47.79984664916992,-0.191199392080307,18.391307830810547,0.597041666507721,254750
1,1020,250,-76.9076156616211,-0.3076304495334625,17.764671325683594,0.5966458320617676,255000
1,1021,250,-128.00009155273438,-0.5120003819465637,29.426437377929688,0.5962499976158142,255250
1,1022,250,-51.686981201171875,-0.20674791932106018,21.543209075927734,0.5958541631698608,255500
1,1023,250,54.013206481933594,0.2160528302192688,20.587923049926758,0.5954583287239075,255750
1,1024,250,-48.15205001831055,-0.19260820746421814,19.47979164123535,0.5950624942779541,256000
1,1025,250,-87.63372802734375,-0.35053491592407227,30.180959701538086,0.5946666598320007,256250
1,1026,250,-94.5252456665039,-0.3781009912490845,23.54877281188965,0.5942708253860474,256500
1,1027,250,-102.82601928710938,-0.4113040864467621,22.706443786621094,0.593874990940094,256750
1,1028,250,-49.644344329833984,-0.1985773742198944,21.158161163330078,0.5934791564941406,257000
1,1029,250,-157.8051300048828,-0.6312205195426941,32.16592025756836,0.5930833220481873,257250
1,1030,250,-101.94232940673828,-0.4077693223953247,25.52029800415039,0.5926874876022339,257500
1,1031,250,-35.537864685058594,-0.14215146005153656,23.529909133911133,0.5922916531562805,257750
1,1032,250,-98.46634674072266,-0.3938653767108917,21.450593948364258,0.5918958187103271,258000
1,1033,250,-83.92060852050781,-0.3356824219226837,33.82627487182617,0.5914999842643738,258250
1,1034,250,-126.84858703613281,-0.5073943734169006,25.945056915283203,0.5911041498184204,258500
1,1035,250,-133.44082641601562,-0.5337632894515991,24.721450805664062,0.5907083749771118,258750
1,1036,250,-67.60094451904297,-0.27040377259254456,22.17490577697754,0.5903124809265137,259000
1,1037,250,-57.93739700317383,-0.23174959421157837,34.16944122314453,0.5899167060852051,259250
1,1038,250,-171.57196044921875,-0.6862878203392029,26.544265747070312,0.5895208120346069,259500
1,1039,250,0.6671813130378723,0.0026687253266572952,24.223434448242188,0.5891250371932983,259750
1,1040,250,-109.36382293701172,-0.43745529651641846,22.009748458862305,0.5887291431427002,260000
1,1041,250,1.4310507774353027,0.005724203307181597,34.47939682006836,0.5883333683013916,260250
1,1042,250,-105.96502685546875,-0.423860102891922,25.444555282592773,0.5879374742507935,260500
1,1043,250,-55.829463958740234,-0.22331786155700684,23.511259078979492,0.5875416994094849,260750
1,1044,250,-61.7934455871582,-0.24717378616333008,21.310462951660156,0.5871458053588867,261000
1,1045,250,-55.19945526123047,-0.2207978218793869,34.49738311767578,0.5867500305175781,261250
1,1046,250,-115.58441162109375,-0.4623376429080963,25.843812942504883,0.58635413646698,261500
1,1047,250,-102.86255645751953,-0.41145023703575134,22.359899520874023,0.5859583616256714,261750
1,1048,250,-129.8956298828125,-0.5195825099945068,20.78708267211914,0.5855624675750732,262000
1,1049,250,-36.721309661865234,-0.1468852460384369,33.18265151977539,0.5851666927337646,262250
1,1050,250,-105.49422454833984,-0.42197689414024353,25.7459774017334,0.5847707986831665,262500
1,1051,250,-85.04084777832031,-0.34016337990760803,23.00347328186035,0.5843750238418579,262750
1,1052,250,-142.5684814453125,-0.5702739357948303,20.76913833618164,0.5839791297912598,263000
1,1053,250,-27.944801330566406,-0.11177920550107956,34.57427215576172,0.5835833549499512,263250
1,1054,250,-95.35675048828125,-0.38142699003219604,25.872352600097656,0.5831875205039978,263500
1,1055,250,-14.542261123657227,-0.05816904455423355,23.558975219726562,0.5827916860580444,263750
1,1056,250,-36.85467529296875,-0.14741870760917664,21.872739791870117,0.5823958516120911,264000
1,1057,250,-66.1690902709961,-0.26467636227607727,35.539363861083984,0.5820000171661377,264250
1,1058,250,3.5886950492858887,0.014354780316352844,25.385116577148438,0.5816041827201843,264500
1,1059,250,-113.05529022216797,-0.452221155166626,23.241477966308594,0.581208348274231,264750
1,1060,250,-35.11493682861328,-0.14045974612236023,21.19098472595215,0.5808125138282776,265000
1,1061,250,-33.312469482421875,-0.13324987888336182,34.049659729003906,0.5804166793823242,265250
1,1062,250,-88.63511657714844,-0.35454046726226807,25.82971954345703,0.5800208449363708,265500
1,1063,250,-48.1298828125,-0.19251953065395355,23.808753967285156,0.5796250104904175,265750
1,1064,250,-110.07308959960938,-0.4402923583984375,22.008792877197266,0.5792291760444641,266000
1,1065,250,-41.80682373046875,-0.16722729802131653,35.26102828979492,0.5788333415985107,266250
1,1066,250,-87.36898040771484,-0.3494759202003479,25.021238327026367,0.5784375071525574,266500
1,1067,250,-20.848339080810547,-0.08339335769414902,24.095287322998047,0.578041672706604,266750
1,1068,250,-20.920927047729492,-0.08368370682001114,21.941692352294922,0.5776458382606506,267000
1,1069,250,-27.165897369384766,-0.10866358876228333,34.55561065673828,0.5772500038146973,267250
1,1070,250,14.078889846801758,0.05631555989384651,25.582839965820312,0.5768541693687439,267500
1,1071,250,-119.08901977539062,-0.4763560891151428,23.074691772460938,0.5764583349227905,267750
1,1072,250,-27.333484649658203,-0.10933393985033035,21.858169555664062,0.5760625004768372,268000
1,1073,250,-42.13219451904297,-0.16852878034114838,36.5612907409668,0.5756666660308838,268250
1,1074,250,-93.82730865478516,-0.3753092288970947,26.106355667114258,0.5752708911895752,268500
1,1075,250,-93.96965789794922,-0.37587863206863403,24.65790367126465,0.574874997138977,268750
1,1076,250,-36.50200271606445,-0.14600801467895508,23.285348892211914,0.5744792222976685,269000
1,1077,250,-77.92828369140625,-0.3117131292819977,36.92977523803711,0.5740833282470703,269250
1,1078,250,-105.55095672607422,-0.42220383882522583,26.669618606567383,0.5736875534057617,269500
1,1079,250,-151.37095642089844,-0.6054838299751282,24.61136245727539,0.5732916593551636,269750
1,1080,250,-83.92181396484375,-0.3356872498989105,23.55284881591797,0.572895884513855,270000
1,1081,250,-93.58934783935547,-0.3743574023246765,37.847877502441406,0.5724999904632568,270250
1,1082,250,-77.33011627197266,-0.30932047963142395,28.686674118041992,0.5721042156219482,270500
1,1083,250,-34.27002716064453,-0.1370801031589508,26.70111846923828,0.5717083215713501,270750
1,1084,250,-93.00804138183594,-0.37203216552734375,24.511335372924805,0.5713125467300415,271000
1,1085,250,-96.79035186767578,-0.38716140389442444,39.1789436340332,0.5709166526794434,271250
1,1086,250,-92.48162078857422,-0.36992648243904114,28.372989654541016,0.5705208778381348,271500
1,1087,250,32.694183349609375,0.13077673316001892,26.53165626525879,0.5701249837875366,271750
1,1088,250,-116.32134246826172,-0.46528536081314087,24.899377822875977,0.569729208946228,272000
1,1089,250,-55.48568344116211,-0.221942737698555,41.42049789428711,0.5693333148956299,272250
1,1090,250,-92.32592010498047,-0.3693036735057831,29.805580139160156,0.5689374804496765,272500
1,1091,250,7.5062665939331055,0.030025066807866096,26.774497985839844,0.5685416460037231,272750
1,1092,250,-98.51628112792969,-0.39406511187553406,26.615419387817383,0.5681458115577698,273000
1,1093,250,-34.2492790222168,-0.13699711859226227,41.30419158935547,0.5677499771118164,273250
1,1094,250,-22.34365463256836,-0.0893746167421341,30.30547523498535,0.5673542022705078,273500
1,1095,250,-82.4353256225586,-0.32974129915237427,28.053056716918945,0.5669583082199097,273750
1,1096,250,-36.67287826538086,-0.14669151604175568,27.25691032409668,0.5665625333786011,274000
1,1097,250,-65.81049346923828,-0.2632419764995575,42.884735107421875,0.5661666393280029,274250
1,1098,250,-37.75055694580078,-0.15100222826004028,30.841236114501953,0.5657708644866943,274500
1,1099,250,-109.63646697998047,-0.4385458827018738,29.36078643798828,0.5653749704360962,274750
1,1100,250,-61.69632339477539,-0.24678529798984528,27.155838012695312,0.5649791955947876,275000
1,1101,250,-30.54939079284668,-0.12219756096601486,45.98652267456055,0.5645833015441895,275250
1,1102,250,-28.061737060546875,-0.11224694550037384,32.863136291503906,0.5641875267028809,275500
1,1103,250,-79.444091796875,-0.3177763819694519,30.584251403808594,0.5637916326522827,275750
1,1104,250,-80.44497680664062,-0.32177990674972534,27.37926483154297,0.5633958578109741,276000
1,1105,250,-85.11365509033203,-0.3404546082019806,47.90214157104492,0.562999963760376,276250
1,1106,250,-113.27970886230469,-0.45311883091926575,36.532596588134766,0.5626041889190674,276500
1,1107,250,-105.41537475585938,-0.42166149616241455,33.437400817871094,0.5622082948684692,276750
1,1108,250,-34.3226203918457,-0.13729047775268555,33.46018981933594,0.5618125200271606,277000
1,1109,250,-44.54533004760742,-0.17818132042884827,53.536155700683594,0.5614166259765625,277250
1,1110,250,-106.0180892944336,-0.42407235503196716,43.446510314941406,0.5610208511352539,277500
1,1111,250,-71.62767028808594,-0.2865106761455536,38.703285217285156,0.5606249570846558,277750
1,1112,250,-69.58307647705078,-0.27833229303359985,37.063507080078125,0.5602291822433472,278000
1,1113,250,-108.49272155761719,-0.4339708983898163,58.202327728271484,0.5598333477973938,278250
1,1114,250,-86.5247802734375,-0.3460991084575653,45.545440673828125,0.5594375133514404,278500
1,1115,250,-36.40685272216797,-0.14562740921974182,41.3403205871582,0.5590416789054871,278750
1,1116,250,-27.502771377563477,-0.11001108586788177,40.203399658203125,0.5586458444595337,279000
1,1117,250,-122.2446517944336,-0.4889785945415497,64.76984405517578,0.5582500100135803,279250
1,1118,250,-132.50843811035156,-0.5300337672233582,47.81808090209961,0.557854175567627,279500
1,1119,250,-100.2791748046875,-0.4011166989803314,41.49079132080078,0.5574583411216736,279750
1,1120,250,-98.47354125976562,-0.39389416575431824,38.0826530456543,0.5570625066757202,280000
1,1121,250,-95.37853240966797,-0.38151413202285767,64.9261245727539,0.5566666722297668,280250
1,1122,250,-72.23051452636719,-0.2889220714569092,46.02256393432617,0.5562708377838135,280500
1,1123,250,-139.6468963623047,-0.5585876107215881,41.91305160522461,0.5558750033378601,280750
1,1124,250,-36.25360870361328,-0.1450144350528717,38.01137161254883,0.5554791688919067,281000
1,1125,250,-117.68677520751953,-0.47074711322784424,63.694801330566406,0.5550833344459534,281250
1,1126,250,-74.95055389404297,-0.2998022139072418,50.93647003173828,0.5546875,281500
1,1127,250,-37.145896911621094,-0.14858359098434448,44.87663269042969,0.5542916655540466,281750
1,1128,250,-128.71438598632812,-0.5148575305938721,42.62547302246094,0.5538958311080933,282000
1,1129,250,-68.68008422851562,-0.27472034096717834,70.27726745605469,0.5534999966621399,282250
1,1130,250,-160.5989990234375,-0.6423959732055664,54.422916412353516,0.5531041622161865,282500
1,1131,250,-80.75601959228516,-0.32302406430244446,47.048702239990234,0.5527083277702332,282750
1,1132,250,-62.71540451049805,-0.25086161494255066,43.66163635253906,0.5523124933242798,283000
1,1133,250,-113.52111053466797,-0.45408445596694946,70.83545684814453,0.5519167184829712,283250
1,1134,250,-34.04973602294922,-0.13619893789291382,54.229225158691406,0.551520824432373,283500
1,1135,250,-219.9622039794922,-0.879848837852478,47.89169692993164,0.5511250495910645,283750
1,1136,250,-136.57774353027344,-0.5463109612464905,44.50306701660156,0.5507291555404663,284000
1,1137,250,-151.79112243652344,-0.6071645021438599,70.72065734863281,0.5503333806991577,284250
1,1138,250,-162.8998565673828,-0.6515994071960449,52.8760986328125,0.5499374866485596,284500
1,1139,250,-124.53431701660156,-0.4981372654438019,47.591529846191406,0.549541711807251,284750
1,1140,250,-92.03230285644531,-0.3681292235851288,40.23902130126953,0.5491458177566528,285000
1,1141,250,-43.09780502319336,-0.17239122092723846,70.07595825195312,0.5487500429153442,285250
1,1142,250,-45.63904571533203,-0.1825561821460724,52.371009826660156,0.5483541488647461,285500
1,1143,250,-129.3695831298828,-0.517478346824646,44.90007400512695,0.5479583740234375,285750
1,1144,250,-92.55956268310547,-0.3702382445335388,40.658817291259766,0.5475624799728394,286000
1,1145,250,-113.33565521240234,-0.45334261655807495,66.67401885986328,0.5471667051315308,286250
1,1146,250,-128.2525634765625,-0.5130102634429932,51.19840621948242,0.5467708110809326,286500
1,1147,250,-100.2743911743164,-0.4010975658893585,45.584869384765625,0.546375036239624,286750
1,1148,250,-81.00362396240234,-0.32401448488235474,40.93882751464844,0.5459791421890259,287000
1,1149,250,-80.30913543701172,-0.3212365508079529,66.07524108886719,0.5455833673477173,287250
1,1150,250,-117.21540832519531,-0.4688616394996643,53.477378845214844,0.5451874732971191,287500
1,1151,250,-132.59503173828125,-0.530380129814148,46.8792839050293,0.5447916984558105,287750
1,1152,250,-133.6698455810547,-0.5346793532371521,42.607276916503906,0.5443958044052124,288000
1,1153,250,-110.16316986083984,-0.44065266847610474,66.79045104980469,0.5440000295639038,288250
1,1154,250,-67.76209259033203,-0.271048367023468,52.14463424682617,0.5436041951179504,288500
1,1155,250,-204.96437072753906,-0.8198574781417847,49.12807846069336,0.5432083606719971,288750
1,1156,250,-84.6318359375,-0.3385273516178131,44.86338424682617,0.5428125262260437,289000
1,1157,250,-68.6253890991211,-0.2745015621185303,65.78456115722656,0.5424166917800903,289250
1,1158,250,-96.31008911132812,-0.3852403461933136,55.25102233886719,0.542020857334137,289500
1,1159,250,-50.22320556640625,-0.20089282095432281,49.85955810546875,0.5416250228881836,289750
1,1160,250,-90.93673706054688,-0.3637469410896301,46.63418960571289,0.5412291884422302,290000
1,1161,250,-92.05304718017578,-0.36821219325065613,66.0000228881836,0.5408333539962769,290250
1,1162,250,-137.89376831054688,-0.5515750646591187,54.53953552246094,0.5404375195503235,290500
1,1163,250,-101.6223373413086,-0.4064893424510956,49.834144592285156,0.5400416851043701,290750
1,1164,250,-154.04827880859375,-0.6161931157112122,44.75261688232422,0.539645791053772,291000
1,1165,250,-47.56025314331055,-0.1902410089969635,65.0090103149414,0.5392500162124634,291250
1,1166,250,-146.59759521484375,-0.5863903760910034,52.02748107910156,0.5388541221618652,291500
1,1167,250,-67.69287109375,-0.27077147364616394,45.55055618286133,0.5384583473205566,291750
1,1168,250,-30.892988204956055,-0.1235719546675682,43.709373474121094,0.5380624532699585,292000
1,1169,250,-106.28044128417969,-0.4251217544078827,62.08878707885742,0.5376666784286499,292250
1,1170,250,26.858245849609375,0.10743298381567001,50.26667785644531,0.5372707843780518,292500
1,1171,250,-72.99978637695312,-0.29199913144111633,42.838478088378906,0.5368750095367432,292750
1,1172,250,64.12355041503906,0.2564941942691803,42.34713363647461,0.5364791750907898,293000
1,1173,250,-61.28437042236328,-0.24513748288154602,60.23054504394531,0.5360833406448364,293250
1,1174,250,-104.76241302490234,-0.4190496504306793,47.06240463256836,0.5356875061988831,293500
1,1175,250,71.79855346679688,0.28719422221183777,40.73900604248047,0.5352916717529297,293750
1,1176,250,-77.28028869628906,-0.30912116169929504,39.51307678222656,0.5348958373069763,294000
1,1177,250,-82.69959259033203,-0.33079835772514343,58.152427673339844,0.534500002861023,294250
1,1178,250,-114.38062286376953,-0.4575224816799164,42.807682037353516,0.5341041684150696,294500
1,1179,250,-78.087890625,-0.3123515546321869,38.5032844543457,0.5337083339691162,294750
1,1180,250,-71.8853988647461,-0.28754159808158875,34.691246032714844,0.5333124995231628,295000
1,1181,250,-134.4930877685547,-0.5379723310470581,53.510868072509766,0.5329166650772095,295250
1,1182,250,-67.95597839355469,-0.271823912858963,40.00693130493164,0.5325208306312561,295500
1,1183,250,-59.89516067504883,-0.2395806461572647,33.91813659667969,0.5321249961853027,295750
1,1184,250,-81.21560668945312,-0.32486242055892944,32.2563591003418,0.5317291617393494,296000
1,1185,250,-130.90975952148438,-0.5236390233039856,54.5388298034668,0.531333327293396,296250
1,1186,250,-64.82999420166016,-0.2593199908733368,40.532222747802734,0.5309374928474426,296500
1,1187,250,-78.73693084716797,-0.3149477243423462,36.00479507446289,0.5305416584014893,296750
1,1188,250,-89.08039093017578,-0.3563215732574463,32.63949203491211,0.5301458239555359,297000
1,1189,250,-48.557071685791016,-0.19422829151153564,58.93778991699219,0.5297499895095825,297250
1,1190,250,-111.8428955078125,-0.44737157225608826,44.56031036376953,0.5293541550636292,297500
1,1191,250,-86.08582305908203,-0.34434330463409424,38.722015380859375,0.5289583206176758,297750
1,1192,250,-37.21819305419922,-0.14887277781963348,36.24045944213867,0.5285625457763672,298000
1,1193,250,-151.61215209960938,-0.6064485907554626,60.799930572509766,0.528166651725769,298250
1,1194,250,-134.1044464111328,-0.5364177823066711,48.825355529785156,0.5277708768844604,298500
1,1195,250,-133.53443908691406,-0.5341377854347229,42.31760787963867,0.5273749828338623,298750
1,1196,250,-116.24552917480469,-0.46498212218284607,40.58054733276367,0.5269792079925537,299000
1,1197,250,-211.04673767089844,-0.8441869616508484,62.99446105957031,0.5265833139419556,299250
1,1198,250,-261.9407653808594,-1.0477631092071533,50.98930358886719,0.526187539100647,299500
1,1199,250,-303.94769287109375,-1.2157907485961914,46.423580169677734,0.5257916450500488,299750
1,1200,250,-146.4486083984375,-0.5857944488525391,43.85652542114258,0.5253958702087402,300000
1,1201,250,-364.8695983886719,-1.4594783782958984,65.74775695800781,0.5249999761581421,300250
1,1202,250,-345.2926940917969,-1.3811707496643066,53.268836975097656,0.5246041417121887,300500
1,1203,250,-309.9609069824219,-1.2398436069488525,48.690040588378906,0.5242083072662354,300750
1,1204,250,-155.76097106933594,-0.6230438947677612,46.347984313964844,0.523812472820282,301000
1,1205,250,-212.13192749023438,-0.848527729511261,66.36075592041016,0.5234166383743286,301250
1,1206,250,-57.822505950927734,-0.2312900274991989,52.95023727416992,0.5230208039283752,301500
1,1207,250,-369.18505859375,-1.4767402410507202,48.83517074584961,0.5226249694824219,301750
1,1208,250,-291.430419921875,-1.1657216548919678,44.394710540771484,0.5222291350364685,302000
1,1209,250,-261.9341735839844,-1.047736644744873,64.88499450683594,0.5218333005905151,302250
1,1210,250,-398.0162658691406,-1.5920650959014893,51.95878982543945,0.5214375257492065,302500
1,1211,250,-228.6845703125,-0.9147382974624634,47.157169342041016,0.5210416913032532,302750
1,1212,250,-198.6948699951172,-0.7947794795036316,44.507728576660156,0.5206458568572998,303000
1,1213,250,-147.20510864257812,-0.5888204574584961,66.03461456298828,0.5202500224113464,303250
1,1214,250,-196.37281799316406,-0.7854912877082825,50.99296188354492,0.5198541879653931,303500
1,1215,250,-274.5563659667969,-1.098225474357605,47.00640869140625,0.5194583535194397,303750
1,1216,250,-160.4714813232422,-0.6418859362602234,40.42103958129883,0.5190625190734863,304000
1,1217,250,-21.94681739807129,-0.08778727054595947,63.695552825927734,0.518666684627533,304250
1,1218,250,-213.44219970703125,-0.8537688255310059,49.413814544677734,0.5182708501815796,304500
1,1219,250,-230.9176025390625,-0.9236704111099243,43.27772903442383,0.5178750157356262,304750
1,1220,250,-215.7069549560547,-0.8628278374671936,39.64058303833008,0.5174791812896729,305000
1,1221,250,-216.7489013671875,-0.866995632648468,61.76847457885742,0.5170833468437195,305250
1,1222,250,-161.49057006835938,-0.6459622979164124,47.101951599121094,0.5166875123977661,305500
1,1223,250,-196.9506378173828,-0.7878025770187378,42.56292724609375,0.5162916779518127,305750
1,1224,250,-37.48919677734375,-0.14995679259300232,38.61787033081055,0.5158958435058594,306000
1,1225,250,-71.27899932861328,-0.2851159870624542,61.72170639038086,0.515500009059906,306250
1,1226,250,-208.03787231445312,-0.832151472568512,47.380680084228516,0.5151041746139526,306500
1,1227,250,-166.83200073242188,-0.6673280000686646,41.599788665771484,0.5147083401679993,306750
1,1228,250,-52.44399642944336,-0.20977598428726196,39.271514892578125,0.5143125057220459,307000
1,1229,250,-82.2411117553711,-0.3289644420146942,57.67107391357422,0.5139166712760925,307250
1,1230,250,-137.9400634765625,-0.5517602562904358,45.978118896484375,0.5135208368301392,307500
1,1231,250,-206.47564697265625,-0.8259025812149048,40.72856140136719,0.5131250619888306,307750
1,1232,250,197.16983032226562,0.788679301738739,36.95547103881836,0.5127291679382324,308000
1,1233,250,10.46009349822998,0.04184037446975708,55.057823181152344,0.5123333930969238,308250
1,1234,250,-28.37513542175293,-0.11350054293870926,43.79755401611328,0.5119374990463257,308500
1,1235,250,-46.30589294433594,-0.1852235645055771,38.617279052734375,0.5115417242050171,308750
1,1236,250,-54.42739486694336,-0.21770958602428436,36.927486419677734,0.511145830154419,309000
1,1237,250,-107.47254180908203,-0.42989015579223633,55.59360122680664,0.5107500553131104,309250
1,1238,250,-111.1688003540039,-0.4446752071380615,43.6369743347168,0.5103541612625122,309500
1,1239,250,-11.167548179626465,-0.04467019438743591,39.421016693115234,0.5099583864212036,309750
1,1240,250,-15.152239799499512,-0.060608960688114166,36.203521728515625,0.5095624923706055,310000
1,1241,250,-69.21318054199219,-0.27685272693634033,53.712989807128906,0.5091667175292969,310250
1,1242,250,-3.2957253456115723,-0.01318290177732706,46.116214752197266,0.5087708234786987,310500
1,1243,250,-60.9382209777832,-0.2437528818845749,41.330318450927734,0.5083750486373901,310750
1,1244,250,-95.82711791992188,-0.383308470249176,39.219966888427734,0.507979154586792,311000
1,1245,250,-51.13471603393555,-0.20453886687755585,56.224735260009766,0.5075833797454834,311250
1,1246,250,-46.93183898925781,-0.18772736191749573,47.7998046875,0.5071874856948853,311500
1,1247,250,-49.33644104003906,-0.1973457634449005,44.10616683959961,0.5067917108535767,311750
1,1248,250,-48.81692886352539,-0.1952677220106125,42.352142333984375,0.5063958168029785,312000
1,1249,250,-99.52421569824219,-0.39809685945510864,57.33243179321289,0.5060000419616699,312250
1,1250,250,-54.47808837890625,-0.21791234612464905,50.46489715576172,0.5056041479110718,312500
1,1251,250,-59.41093826293945,-0.2376437485218048,45.968257904052734,0.5052083730697632,312750
1,1252,250,-67.72508239746094,-0.27090033888816833,43.84872817993164,0.504812479019165,313000
1,1253,250,-82.24394226074219,-0.32897576689720154,56.11074447631836,0.5044167041778564,313250
1,1254,250,-74.56576538085938,-0.2982630729675293,46.97325897216797,0.5040208101272583,313500
1,1255,250,-137.3282470703125,-0.5493130087852478,43.04775619506836,0.5036250352859497,313750
1,1256,250,-45.05507278442383,-0.18022029101848602,40.193260192871094,0.5032291412353516,314000
1,1257,250,-53.84053039550781,-0.21536211669445038,53.65560531616211,0.502833366394043,314250
1,1258,250,-50.36351776123047,-0.2014540731906891,46.06574630737305,0.5024374723434448,314500
1,1259,250,-61.2554817199707,-0.24502192437648773,42.174068450927734,0.5020416975021362,314750
1,1260,250,30.195161819458008,0.12078064680099487,41.158424377441406,0.5016458034515381,315000
1,1261,250,-60.51653289794922,-0.2420661300420761,53.062808990478516,0.5012500286102295,315250
1,1262,250,-41.04001235961914,-0.16416004300117493,46.16964340209961,0.5008541345596313,315500
1,1263,250,-42.97596740722656,-0.17190386354923248,42.777618408203125,0.5004583597183228,315750
1,1264,250,-32.731693267822266,-0.13092677295207977,41.52330780029297,0.5000624656677246,316000
1,1265,250,-83.03218841552734,-0.33212876319885254,52.399959564208984,0.499666690826416,316250
1,1266,250,-92.29048919677734,-0.3691619634628296,44.73076248168945,0.49927085638046265,316500
1,1267,250,-35.685035705566406,-0.1427401453256607,43.68925857543945,0.4988750219345093,316750
1,1268,250,-74.86719512939453,-0.2994687855243683,40.852359771728516,0.4984791874885559,317000
1,1269,250,-71.25409698486328,-0.28501638770103455,50.78567886352539,0.49808335304260254,317250
1,1270,250,-11.957923889160156,-0.0478316955268383,44.76029968261719,0.49768751859664917,317500
1,1271,250,-45.035240173339844,-0.18014095723628998,40.59527587890625,0.4972916841506958,317750
1,1272,250,-41.93205261230469,-0.1677282154560089,39.75443649291992,0.49689584970474243,318000
1,1273,250,-92.00575256347656,-0.36802300810813904,47.39386749267578,0.49650001525878906,318250
1,1274,250,-83.32682800292969,-0.33330732583999634,43.361263275146484,0.4961041808128357,318500
1,1275,250,-75.5013656616211,-0.30200546979904175,39.9818229675293,0.4957083463668823,318750
1,1276,250,-52.32931900024414,-0.20931728184223175,39.07230758666992,0.49531251192092896,319000
1,1277,250,-83.66477966308594,-0.3346591293811798,47.06199645996094,0.4949166178703308,319250
1,1278,250,-80.50682067871094,-0.3220272958278656,42.18790054321289,0.4945208430290222,319500
1,1279,250,-89.47540283203125,-0.35790160298347473,40.11325454711914,0.49412500858306885,319750
1,1280,250,-0.8680791854858398,-0.003472316777333617,38.5143928527832,0.4937291741371155,320000
1,1281,250,-55.130794525146484,-0.2205231785774231,44.313926696777344,0.4933333396911621,320250
1,1282,250,-90.25968933105469,-0.3610387444496155,39.667808532714844,0.49293750524520874,320500
1,1283,250,-148.5584259033203,-0.5942336916923523,37.27485656738281,0.49254167079925537,320750
1,1284,250,-69.09021759033203,-0.2763608694076538,36.496707916259766,0.492145836353302,321000
1,1285,250,-63.943416595458984,-0.255773663520813,42.271114349365234,0.49175000190734863,321250
1,1286,250,-117.88888549804688,-0.47155553102493286,37.388668060302734,0.49135416746139526,321500
1,1287,250,-94.38480377197266,-0.3775392174720764,36.75796127319336,0.4909583330154419,321750
1,1288,250,-46.13508224487305,-0.18454033136367798,33.235050201416016,0.4905624985694885,322000
1,1289,250,-73.61421203613281,-0.2944568395614624,40.7984733581543,0.49016666412353516,322250
1,1290,250,-84.82362365722656,-0.3392944931983948,38.15333938598633,0.4897708296775818,322500
1,1291,250,-139.60513305664062,-0.5584205389022827,35.17533874511719,0.4893749952316284,322750
1,1292,250,-37.94521713256836,-0.1517808735370636,32.61076736450195,0.48897916078567505,323000
1,1293,250,-88.19426727294922,-0.35277706384658813,41.50575637817383,0.4885833263397217,323250
1,1294,250,-83.02835083007812,-0.3321134150028229,38.47220230102539,0.4881874918937683,323500
1,1295,250,-126.09756469726562,-0.5043902397155762,35.38900375366211,0.48779165744781494,323750
1,1296,250,-18.8331298828125,-0.07533252239227295,33.9665641784668,0.4873958230018616,324000
1,1297,250,-157.42396545410156,-0.6296958327293396,41.196022033691406,0.4869999885559082,324250
1,1298,250,-146.37257385253906,-0.5854902863502502,38.37453079223633,0.48660415410995483,324500
1,1299,250,-73.74302673339844,-0.29497212171554565,35.588897705078125,0.48620831966400146,324750
1,1300,250,-62.00823211669922,-0.24803292751312256,34.13559341430664,0.48581254482269287,325000
1,1301,250,-60.29289627075195,-0.24117158353328705,41.4359016418457,0.4854166507720947,325250
1,1302,250,-54.892364501953125,-0.21956945955753326,39.17906188964844,0.48502087593078613,325500
1,1303,250,-85.8944320678711,-0.3435777425765991,38.00200653076172,0.484624981880188,325750
1,1304,250,-22.067100524902344,-0.08826839923858643,34.802528381347656,0.4842292070388794,326000
1,1305,250,-103.3134536743164,-0.4132538139820099,43.06669616699219,0.48383331298828125,326250
1,1306,250,-87.68045806884766,-0.3507218360900879,37.668540954589844,0.48343753814697266,326500
1,1307,250,-67.99491882324219,-0.2719796895980835,37.17760467529297,0.4830416440963745,326750
1,1308,250,-91.1236343383789,-0.36449453234672546,34.896724700927734,0.4826458692550659,327000
1,1309,250,-100.14820098876953,-0.4005928039550781,41.71521759033203,0.4822499752044678,327250
1,1310,250,-57.69024658203125,-0.23076099157333374,36.96358108520508,0.4818542003631592,327500
1,1311,250,-83.79212951660156,-0.3351685106754303,35.52588653564453,0.48145830631256104,327750
1,1312,250,-94.25576782226562,-0.3770230710506439,35.33322525024414,0.48106253147125244,328000
1,1313,250,-80.22731018066406,-0.3209092319011688,41.81647491455078,0.4806666374206543,328250
1,1314,250,-135.99447631835938,-0.5439779162406921,37.17426300048828,0.4802708625793457,328500
1,1315,250,-120.47855377197266,-0.481914222240448,34.966548919677734,0.47987496852874756,328750
1,1316,250,-58.843650817871094,-0.2353745996952057,35.09663772583008,0.47947919368743896,329000
1,1317,250,-62.91131591796875,-0.2516452670097351,40.495479583740234,0.4790832996368408,329250
1,1318,250,-128.1873321533203,-0.5127493143081665,36.72819519042969,0.4786875247955322,329500
1,1319,250,-129.52230834960938,-0.518089234828949,34.65678024291992,0.47829169034957886,329750
1,1320,250,-55.919071197509766,-0.22367627918720245,33.612762451171875,0.4778958559036255,330000
1,1321,250,-159.36146545410156,-0.637445867061615,40.29063415527344,0.4775000214576721,330250
1,1322,250,-218.4915313720703,-0.8739660978317261,35.06001663208008,0.47710418701171875,330500
1,1323,250,-93.77033996582031,-0.3750813603401184,33.990455627441406,0.4767083525657654,330750
1,1324,250,-110.91716003417969,-0.4436686336994171,32.35320281982422,0.476312518119812,331000
1,1325,250,-150.42086791992188,-0.601683497428894,40.519195556640625,0.47591668367385864,331250
1,1326,250,-193.33126831054688,-0.7733250856399536,36.055816650390625,0.4755208492279053,331500
1,1327,250,-202.1124725341797,-0.8084498643875122,34.327030181884766,0.4751250147819519,331750
1,1328,250,-198.43458557128906,-0.7937383651733398,32.974544525146484,0.47472918033599854,332000
1,1329,250,-158.08334350585938,-0.6323333978652954,38.98456954956055,0.47433334589004517,332250
1,1330,250,-136.32083129882812,-0.545283317565918,35.59880447387695,0.4739375114440918,332500
1,1331,250,-124.28717041015625,-0.49714869260787964,33.34054946899414,0.4735416769981384,332750
1,1332,250,-189.820068359375,-0.759280264377594,31.441343307495117,0.47314584255218506,333000
1,1333,250,-116.48355865478516,-0.46593424677848816,40.50046157836914,0.4727500081062317,333250
1,1334,250,-129.49209594726562,-0.5179683566093445,35.93336486816406,0.4723541736602783,333500
1,1335,250,-108.42523956298828,-0.43370094895362854,32.64822769165039,0.47195833921432495,333750
1,1336,250,-153.59030151367188,-0.6143612265586853,31.04518699645996,0.4715625047683716,334000
1,1337,250,71.9617919921875,0.2878471612930298,39.21269989013672,0.4711666703224182,334250
1,1338,250,-144.99977111816406,-0.5799990892410278,35.15080642700195,0.47077083587646484,334500
1,1339,250,-399.7677917480469,-1.5990711450576782,31.751663208007812,0.4703750014305115,334750
1,1340,250,-195.0985870361328,-0.7803943753242493,31.267656326293945,0.4699792265892029,335000
1,1341,250,-148.99221801757812,-0.5959688425064087,40.91083908081055,0.46958333253860474,335250
1,1342,250,-337.5318908691406,-1.3501275777816772,35.86491012573242,0.46918755769729614,335500
1,1343,250,-380.014404296875,-1.5200575590133667,33.011512756347656,0.468791663646698,335750
1,1344,250,-144.2376251220703,-0.5769504904747009,30.535058975219727,0.4683958888053894,336000
1,1345,250,-477.3648681640625,-1.9094594717025757,37.942378997802734,0.46799999475479126,336250
1,1346,250,-389.331298828125,-1.5573252439498901,34.7259521484375,0.46760421991348267,336500
1,1347,250,-151.46202087402344,-0.6058480739593506,31.91615867614746,0.4672083258628845,336750
1,1348,250,-479.08746337890625,-1.9163498878479004,29.725597381591797,0.4668125510215759,337000
1,1349,250,-478.37664794921875,-1.9135066270828247,37.19402313232422,0.4664166569709778,337250
1,1350,250,-485.6377258300781,-1.9425508975982666,33.13861846923828,0.4660208821296692,337500
1,1351,250,-176.9520263671875,-0.7078080773353577,30.92057991027832,0.46562498807907104,337750
1,1352,250,-483.73553466796875,-1.9349421262741089,28.17978858947754,0.4652291536331177,338000
1,1353,250,-448.5350646972656,-1.7941402196884155,34.53752899169922,0.4648333191871643,338250
1,1354,250,-312.3443908691406,-1.2493776082992554,29.754562377929688,0.46443748474121094,338500
1,1355,250,-124.32746887207031,-0.4973098635673523,29.136016845703125,0.46404165029525757,338750
1,1356,250,-434.66253662109375,-1.7386502027511597,27.01237678527832,0.4636458158493042,339000
1,1357,250,-477.0541687011719,-1.9082167148590088,31.97478485107422,0.46324998140335083,339250
1,1358,250,-432.6378479003906,-1.7305513620376587,28.004732131958008,0.46285414695739746,339500
1,1359,250,-471.4786376953125,-1.8859145641326904,25.756145477294922,0.46245837211608887,339750
1,1360,250,-473.0356140136719,-1.892142415046692,24.17584800720215,0.4620624780654907,340000
1,1361,250,-186.72817993164062,-0.7469127178192139,30.361164093017578,0.46166670322418213,340250
1,1362,250,-478.0869445800781,-1.9123477935791016,26.88173484802246,0.461270809173584,340500
1,1363,250,-472.3266296386719,-1.8893065452575684,24.107372283935547,0.4608750343322754,340750
1,1364,250,-477.0349426269531,-1.9081398248672485,22.875185012817383,0.46047914028167725,341000
1,1365,250,-471.5162048339844,-1.8860647678375244,28.20901870727539,0.46008336544036865,341250
1,1366,250,-0.5444536209106445,-0.0021778144873678684,23.83725929260254,0.4596874713897705,341500
1,1367,250,-233.07029724121094,-0.9322811961174011,23.51502227783203,0.4592916965484619,341750
1,1368,250,-74.97119140625,-0.29988476634025574,22.620397567749023,0.45889580249786377,342000
1,1369,250,-206.5499267578125,-0.8261997103691101,27.780261993408203,0.4585000276565552,342250
1,1370,250,-294.2769470214844,-1.177107810974121,24.804929733276367,0.45810413360595703,342500
1,1371,250,-338.2113037109375,-1.3528451919555664,23.55558967590332,0.45770835876464844,342750
1,1372,250,-475.75091552734375,-1.9030036926269531,22.03499412536621,0.4573124647140503,343000
1,1373,250,-484.0830383300781,-1.936332106590271,25.31049156188965,0.4569166898727417,343250
1,1374,250,-107.47614288330078,-0.429904580116272,23.694448471069336,0.45652079582214355,343500
1,1375,250,-217.82223510742188,-0.8712889552116394,21.772768020629883,0.45612502098083496,343750
1,1376,250,-136.39300537109375,-0.54557204246521,21.01976776123047,0.4557291269302368,344000
1,1377,250,-143.2030487060547,-0.5728121995925903,26.33434295654297,0.4553333520889282,344250
1,1378,250,-182.5292510986328,-0.7301170229911804,23.108610153198242,0.45493751764297485,344500
1,1379,250,-470.6651916503906,-1.8826607465744019,22.26121711730957,0.4545416831970215,344750
1,1380,250,-200.37289428710938,-0.8014915585517883,20.13031578063965,0.4541458487510681,345000
1,1381,250,-175.19229125976562,-0.7007691860198975,25.803707122802734,0.45375001430511475,345250
1,1382,250,-286.2453918457031,-1.1449816226959229,22.277053833007812,0.4533541798591614,345500
1,1383,250,-249.7496795654297,-0.9989987015724182,22.12915802001953,0.452958345413208,345750
1,1384,250,-448.3940124511719,-1.7935760021209717,20.13672637939453,0.45256251096725464,346000
1,1385,250,-409.50830078125,-1.638033151626587,25.06643295288086,0.45216667652130127,346250
1,1386,250,-373.3465270996094,-1.493386149406433,22.848817825317383,0.4517708420753479,346500
1,1387,250,-130.46978759765625,-0.5218791365623474,21.6519718170166,0.45137500762939453,346750
1,1388,250,-290.9881286621094,-1.1639524698257446,21.445119857788086,0.45097917318344116,347000
1,1389,250,-481.4785461425781,-1.9259141683578491,26.83311653137207,0.4505833387374878,347250
1,1390,250,-428.67010498046875,-1.7146804332733154,24.714426040649414,0.4501875042915344,347500
1,1391,250,-483.21099853515625,-1.9328440427780151,21.783794403076172,0.44979166984558105,347750
1,1392,250,-224.03640747070312,-0.8961456418037415,22.17268180847168,0.4493958353996277,348000
1,1393,250,-491.04107666015625,-1.9641642570495605,25.72408103942871,0.4490000009536743,348250
1,1394,250,-487.54248046875,-1.9501699209213257,23.079805374145508,0.44860416650772095,348500
1,1395,250,-160.9999542236328,-0.6439998149871826,22.040922164916992,0.4482083320617676,348750
1,1396,250,-144.42259216308594,-0.5776903629302979,21.887975692749023,0.4478124976158142,349000
1,1397,250,-489.99774169921875,-1.9599909782409668,25.384931564331055,0.44741666316986084,349250
1,1398,250,-316.44268798828125,-1.2657707929611206,23.043710708618164,0.44702082872390747,349500
1,1399,250,-117.13654327392578,-0.46854618191719055,22.566619873046875,0.4466250538825989,349750
1,1400,250,-377.4365234375,-1.5097460746765137,21.85858917236328,0.44622915983200073,350000
1,1401,250,-136.90345764160156,-0.5476138591766357,27.06285858154297,0.44583338499069214,350250
1,1402,250,-498.0168151855469,-1.9920672178268433,24.397924423217773,0.445437490940094,350500
1,1403,250,-67.13461303710938,-0.2685384452342987,24.747987747192383,0.4450417160987854,350750
1,1404,250,-142.9199981689453,-0.5716800093650818,24.382774353027344,0.44464582204818726,351000
1,1405,250,-124.98979187011719,-0.49995917081832886,30.909467697143555,0.44425004720687866,351250
1,1406,250,-483.0784912109375,-1.9323139190673828,26.497596740722656,0.4438541531562805,351500
1,1407,250,-70.05291748046875,-0.2802116572856903,25.076520919799805,0.4434583783149719,351750
1,1408,250,-125.99613952636719,-0.5039845705032349,24.377212524414062,0.4430624842643738,352000
1,1409,250,-122.92012023925781,-0.49168047308921814,30.25655174255371,0.4426667094230652,352250
1,1410,250,-160.15306091308594,-0.6406122446060181,27.3261775970459,0.44227081537246704,352500
1,1411,250,-248.37808227539062,-0.9935123324394226,26.456520080566406,0.44187504053115845,352750
1,1412,250,-156.1644744873047,-0.6246578693389893,25.411020278930664,0.4414791464805603,353000
1,1413,250,-150.0679473876953,-0.6002717614173889,33.4935417175293,0.4410833716392517,353250
1,1414,250,-172.7178192138672,-0.6908712983131409,29.622724533081055,0.44068747758865356,353500
1,1415,250,-194.17428588867188,-0.7766971588134766,27.688796997070312,0.44029170274734497,353750
1,1416,250,-102.13965606689453,-0.4085586369037628,27.457292556762695,0.4398958086967468,354000
1,1417,250,-83.291015625,-0.3331640660762787,35.0879020690918,0.43950003385543823,354250
1,1418,250,-118.59584045410156,-0.4743833541870117,29.248775482177734,0.43910419940948486,354500
1,1419,250,-244.92031860351562,-0.9796812534332275,29.41166877746582,0.4387083649635315,354750
1,1420,250,-146.0561065673828,-0.5842244029045105,28.587081909179688,0.4383125305175781,355000
1,1421,250,-121.06918334960938,-0.48427674174308777,35.3752555847168,0.43791669607162476,355250
1,1422,250,-203.36065673828125,-0.8134426474571228,31.61701011657715,0.4375208616256714,355500
1,1423,250,-95.26356506347656,-0.38105425238609314,29.786497116088867,0.437125027179718,355750
1,1424,250,-94.69328308105469,-0.37877312302589417,28.387550354003906,0.43672919273376465,356000
1,1425,250,-130.51702880859375,-0.5220681428909302,33.75341796875,0.4363333582878113,356250
1,1426,250,-179.01177978515625,-0.7160471081733704,32.17519760131836,0.4359375238418579,356500
1,1427,250,-239.86367797851562,-0.9594547152519226,31.168506622314453,0.43554162979125977,356750
1,1428,250,-197.4855194091797,-0.7899420857429504,30.47116470336914,0.43514585494995117,357000
1,1429,250,-152.9003143310547,-0.6116012334823608,33.65806579589844,0.434749960899353,357250
1,1430,250,-436.5189514160156,-1.7460757493972778,32.335052490234375,0.43435418605804443,357500
1,1431,250,-143.93844604492188,-0.5757538080215454,32.186500549316406,0.4339582920074463,357750
1,1432,250,-367.85089111328125,-1.4714035987854004,31.345457077026367,0.4335625171661377,358000
1,1433,250,-244.614501953125,-0.9784579873085022,33.981380462646484,0.43316662311553955,358250
1,1434,250,-169.37564086914062,-0.6775025725364685,33.19768524169922,0.43277084827423096,358500
1,1435,250,-378.3565979003906,-1.513426423072815,31.62451934814453,0.4323749542236328,358750
1,1436,250,-431.21417236328125,-1.7248567342758179,31.29559326171875,0.4319791793823242,359000
1,1437,250,-230.3798370361328,-0.9215193390846252,33.74201965332031,0.43158334493637085,359250
1,1438,250,-171.7378692626953,-0.6869514584541321,32.396820068359375,0.4311875104904175,359500
1,1439,250,-95.19833374023438,-0.38079333305358887,31.676843643188477,0.4307916760444641,359750
1,1440,250,-154.85128784179688,-0.6194051504135132,29.957809448242188,0.43039584159851074,360000
1,1441,250,-178.15426635742188,-0.712617039680481,34.32376480102539,0.4300000071525574,360250
1,1442,250,-390.2698059082031,-1.5610792636871338,32.63964080810547,0.429604172706604,360500
1,1443,250,-198.10922241210938,-0.7924368977546692,31.584169387817383,0.42920833826065063,360750
1,1444,250,-91.60570526123047,-0.3664228320121765,30.938241958618164,0.42881250381469727,361000
1,1445,250,-120.17082214355469,-0.480683296918869,34.237693786621094,0.4284166693687439,361250
1,1446,250,-391.2957763671875,-1.565183162689209,32.30575942993164,0.4280208349227905,361500
1,1447,250,-481.1525573730469,-1.9246102571487427,31.888717651367188,0.42762500047683716,361750
1,1448,250,-175.25523376464844,-0.7010209560394287,31.267467498779297,0.4272291660308838,362000
1,1449,250,-75.13644409179688,-0.3005457818508148,35.277076721191406,0.4268333315849304,362250
1,1450,250,-166.49063110351562,-0.6659625172615051,33.594398498535156,0.42643749713897705,362500
1,1451,250,-82.30431365966797,-0.32921725511550903,31.04073143005371,0.4260416626930237,362750
1,1452,250,-209.22470092773438,-0.8368988037109375,31.56708335876465,0.4256458282470703,363000
1,1453,250,-179.335693359375,-0.7173427939414978,34.379764556884766,0.42524999380111694,363250
1,1454,250,-238.61302185058594,-0.9544520974159241,33.05054473876953,0.4248541593551636,363500
1,1455,250,-198.61952209472656,-0.7944780588150024,31.942602157592773,0.4244583249092102,363750
1,1456,250,34.755611419677734,0.13902243971824646,31.191816329956055,0.42406249046325684,364000
1,1457,250,-99.01032257080078,-0.39604130387306213,34.494911193847656,0.42366665601730347,364250
1,1458,250,-124.19107055664062,-0.49676427245140076,33.00025177001953,0.4232708811759949,364500
1,1459,250,-205.63137817382812,-0.8225255012512207,31.613407135009766,0.42287498712539673,364750
1,1460,250,-180.9878692626953,-0.7239514589309692,29.567386627197266,0.42247921228408813,365000
1,1461,250,-205.7749481201172,-0.8230997920036316,33.99494552612305,0.42208331823349,365250
1,1462,250,-153.1089630126953,-0.6124358773231506,31.754919052124023,0.4216875433921814,365500
1,1463,250,-158.84814453125,-0.6353926062583923,30.621334075927734,0.42129164934158325,365750
1,1464,250,-115.83087158203125,-0.4633234739303589,29.079177856445312,0.42089587450027466,366000
1,1465,250,-75.70046997070312,-0.30280187726020813,32.48874282836914,0.4204999804496765,366250
1,1466,250,-187.79718017578125,-0.7511886954307556,31.044055938720703,0.4201042056083679,366500
1,1467,250,-93.45367431640625,-0.3738147020339966,30.245330810546875,0.4197083115577698,366750
1,1468,250,-99.73978424072266,-0.39895913004875183,28.578311920166016,0.4193125367164612,367000
1,1469,250,-70.15640258789062,-0.2806256115436554,33.91673278808594,0.41891664266586304,367250
1,1470,250,-21.1474552154541,-0.08458982408046722,30.222999572753906,0.41852086782455444,367500
1,1471,250,-88.12911224365234,-0.35251644253730774,29.19302749633789,0.4181249737739563,367750
1,1472,250,-150.4019775390625,-0.6016079187393188,28.50023651123047,0.4177291989326477,368000
1,1473,250,-74.8006362915039,-0.2992025315761566,31.349546432495117,0.41733330488204956,368250
1,1474,250,-203.88873291015625,-0.8155549168586731,28.924888610839844,0.41693753004074097,368500
1,1475,250,-153.95584106445312,-0.6158233880996704,28.473955154418945,0.4165416359901428,368750
1,1476,250,-107.0223617553711,-0.428089439868927,28.669233322143555,0.41614586114883423,369000
1,1477,250,-21.061763763427734,-0.08424705266952515,32.18313980102539,0.41575002670288086,369250
1,1478,250,-83.50701904296875,-0.33402806520462036,29.06896209716797,0.4153541922569275,369500
1,1479,250,-59.32316207885742,-0.23729264736175537,28.638078689575195,0.4149583578109741,369750
1,1480,250,-87.35541534423828,-0.3494216501712799,28.013431549072266,0.41456252336502075,370000
1,1481,250,-63.35850524902344,-0.25343403220176697,31.06902503967285,0.4141666889190674,370250
1,1482,250,-80.18080139160156,-0.32072320580482483,30.1302490234375,0.413770854473114,370500
1,1483,250,-95.01358032226562,-0.3800543248653412,29.133148193359375,0.41337502002716064,370750
1,1484,250,-79.17459869384766,-0.3166984021663666,28.291166305541992,0.4129791855812073,371000
1,1485,250,-186.1230926513672,-0.7444923520088196,30.461841583251953,0.4125833511352539,371250
1,1486,250,-122.12275695800781,-0.488491028547287,29.816434860229492,0.41218751668930054,371500
1,1487,250,-7.957000255584717,-0.03182800114154816,28.815176010131836,0.41179168224334717,371750
1,1488,250,-50.24842834472656,-0.20099371671676636,27.930086135864258,0.4113958477973938,372000
1,1489,250,-42.47954177856445,-0.16991816461086273,30.10483169555664,0.41100001335144043,372250
1,1490,250,-114.37761688232422,-0.45751047134399414,28.997783660888672,0.41060417890548706,372500
1,1491,250,-31.54246711730957,-0.12616987526416779,27.561986923217773,0.4102083444595337,372750
1,1492,250,-241.37315368652344,-0.9654926061630249,27.15478515625,0.4098125100135803,373000
1,1493,250,-74.46415710449219,-0.2978566288948059,29.33393669128418,0.40941667556762695,373250
1,1494,250,-43.45625686645508,-0.17382502555847168,27.866411209106445,0.4090208411216736,373500
1,1495,250,-39.22114944458008,-0.1568845957517624,25.749860763549805,0.4086250066757202,373750
1,1496,250,-52.217323303222656,-0.20886929333209991,26.05034065246582,0.40822917222976685,374000
1,1497,250,-78.04961395263672,-0.3121984601020813,29.506284713745117,0.4078333377838135,374250
1,1498,250,48.82856369018555,0.19531425833702087,28.68083381652832,0.4074375629425049,374500
1,1499,250,-306.75628662109375,-1.2270251512527466,27.423715591430664,0.40704166889190674,374750
1,1500,250,-55.31074142456055,-0.2212429642677307,26.509471893310547,0.40664589405059814,375000
1,1501,250,-42.66750717163086,-0.1706700325012207,30.935733795166016,0.40625,375250
1,1502,250,-153.38333129882812,-0.6135333180427551,28.384653091430664,0.40585416555404663,375500
1,1503,250,-155.78298950195312,-0.6231319308280945,28.361614227294922,0.40545833110809326,375750
1,1504,250,-70.93486022949219,-0.28373944759368896,28.170007705688477,0.4050624966621399,376000
1,1505,250,-103.32023620605469,-0.4132809340953827,30.710607528686523,0.4046666622161865,376250
1,1506,250,-45.945884704589844,-0.18378354609012604,29.359148025512695,0.40427082777023315,376500
1,1507,250,-94.50636291503906,-0.37802544236183167,28.622222900390625,0.4038749933242798,376750
1,1508,250,-170.8628387451172,-0.6834513545036316,27.863698959350586,0.4034791588783264,377000
1,1509,250,-105.13887023925781,-0.4205554723739624,30.200916290283203,0.40308332443237305,377250
1,1510,250,-313.4152526855469,-1.253661036491394,30.60796546936035,0.4026874899864197,377500
1,1511,250,-260.3338317871094,-1.0413353443145752,28.825300216674805,0.4022916555404663,377750
1,1512,250,-89.98150634765625,-0.3599260151386261,27.120676040649414,0.40189582109451294,378000
1,1513,250,-178.1159210205078,-0.7124636769294739,31.385770797729492,0.40149998664855957,378250
1,1514,250,-69.56144714355469,-0.2782457768917084,29.200668334960938,0.4011041522026062,378500
1,1515,250,-157.45059204101562,-0.6298023462295532,28.854934692382812,0.40070831775665283,378750
1,1516,250,-93.04444885253906,-0.3721778094768524,27.681133270263672,0.40031248331069946,379000
1,1517,250,-179.11158752441406,-0.7164463400840759,31.44930076599121,0.39991670846939087,379250
1,1518,250,-75.39970397949219,-0.30159881711006165,28.897052764892578,0.3995208144187927,379500
1,1519,250,-69.35111999511719,-0.2774044871330261,28.660926818847656,0.39912503957748413,379750
1,1520,250,-100.04523468017578,-0.4001809358596802,27.030824661254883,0.398729145526886,380000
1,1521,250,-83.54832458496094,-0.33419328927993774,30.910633087158203,0.3983333706855774,380250
1,1522,250,-91.67646789550781,-0.36670586466789246,29.341411590576172,0.39793747663497925,380500
1,1523,250,-96.75045013427734,-0.38700181245803833,28.105712890625,0.39754170179367065,380750
1,1524,250,-100.88961029052734,-0.4035584330558777,26.43925666809082,0.3971458077430725,381000
1,1525,250,-95.43201446533203,-0.38172805309295654,30.073984146118164,0.3967500329017639,381250
1,1526,250,56.148529052734375,0.2245941162109375,28.125120162963867,0.39635413885116577,381500
1,1527,250,-103.80277252197266,-0.4152110815048218,27.96027946472168,0.3959583640098572,381750
1,1528,250,-71.83362579345703,-0.28733450174331665,26.413606643676758,0.39556246995925903,382000
1,1529,250,-97.99466705322266,-0.3919786810874939,28.3938045501709,0.39516669511795044,382250
1,1530,250,-163.06471252441406,-0.6522588729858398,27.063762664794922,0.3947708010673523,382500
1,1531,250,-45.94573211669922,-0.1837829351425171,26.957229614257812,0.3943750262260437,382750
1,1532,250,-104.39818572998047,-0.41759273409843445,25.380281448364258,0.39397913217544556,383000
1,1533,250,-96.06150817871094,-0.38424602150917053,27.025991439819336,0.39358335733413696,383250
1,1534,250,-52.14855194091797,-0.2085942029953003,26.736722946166992,0.3931874632835388,383500
1,1535,250,-125.0202407836914,-0.500080943107605,25.816617965698242,0.3927916884422302,383750
1,1536,250,-142.46914672851562,-0.5698766112327576,25.33869171142578,0.39239585399627686,384000
1,1537,250,-87.9298324584961,-0.35171931982040405,26.27682876586914,0.3920000195503235,384250
1,1538,250,-135.2863311767578,-0.5411453247070312,25.570308685302734,0.3916041851043701,384500
1,1539,250,-107.53089141845703,-0.43012356758117676,25.111751556396484,0.39120835065841675,384750
1,1540,250,-92.481201171875,-0.3699248135089874,24.29207992553711,0.3908125162124634,385000
1,1541,250,-79.96417999267578,-0.319856733083725,25.70443344116211,0.39041668176651,385250
1,1542,250,-174.47134399414062,-0.6978853940963745,25.301694869995117,0.39002084732055664,385500
1,1543,250,-58.08816146850586,-0.23235264420509338,24.602476119995117,0.38962501287460327,385750
1,1544,250,-138.39112854003906,-0.5535644888877869,24.174184799194336,0.3892291784286499,386000
1,1545,250,-128.5395050048828,-0.5141580104827881,25.638412475585938,0.38883334398269653,386250
1,1546,250,-112.86520385742188,-0.4514608085155487,24.84635353088379,0.38843750953674316,386500
1,1547,250,-56.21786880493164,-0.2248714715242386,23.95513153076172,0.3880416750907898,386750
1,1548,250,-107.1028060913086,-0.42841121554374695,24.004961013793945,0.3876458406448364,387000
1,1549,250,-79.32134246826172,-0.31728535890579224,25.198015213012695,0.38725000619888306,387250
1,1550,250,-52.47446823120117,-0.20989787578582764,23.978544235229492,0.3868541717529297,387500
1,1551,250,-94.39411926269531,-0.37757647037506104,23.526533126831055,0.3864583373069763,387750
1,1552,250,-81.85997009277344,-0.3274398744106293,23.57522201538086,0.38606250286102295,388000
1,1553,250,-79.68795776367188,-0.31875184178352356,25.066984176635742,0.3856666684150696,388250
1,1554,250,-134.9446563720703,-0.5397786498069763,23.94342803955078,0.3852708339691162,388500
1,1555,250,-97.91101837158203,-0.39164406061172485,23.387676239013672,0.38487499952316284,388750
1,1556,250,-91.69854736328125,-0.3667941987514496,23.188682556152344,0.3844791650772095,389000
1,1557,250,-155.18748474121094,-0.6207499504089355,25.36966896057129,0.3840833902359009,389250
1,1558,250,-111.32862091064453,-0.4453144967556,23.951066970825195,0.38368749618530273,389500
1,1559,250,-112.36237335205078,-0.44944947957992554,23.1733341217041,0.38329172134399414,389750
1,1560,250,-112.99085998535156,-0.4519634544849396,22.479751586914062,0.382895827293396,390000
1,1561,250,-81.91799926757812,-0.32767200469970703,24.401756286621094,0.3825000524520874,390250
1,1562,250,-78.85797882080078,-0.3154319226741791,23.93063735961914,0.38210415840148926,390500
1,1563,250,-119.8922348022461,-0.4795689284801483,22.771713256835938,0.38170838356018066,390750
1,1564,250,-113.16715240478516,-0.45266860723495483,22.0550479888916,0.3813124895095825,391000
1,1565,250,-98.50936126708984,-0.3940374553203583,25.476213455200195,0.3809167146682739,391250
1,1566,250,-96.93701934814453,-0.3877480626106262,23.88030242919922,0.3805208206176758,391500
1,1567,250,-85.42106628417969,-0.3416842520236969,23.696258544921875,0.3801250457763672,391750
1,1568,250,-109.66559600830078,-0.4386623799800873,22.879413604736328,0.37972915172576904,392000
1,1569,250,-157.1863555908203,-0.628745436668396,24.639793395996094,0.37933337688446045,392250
1,1570,250,-107.0011215209961,-0.4280044734477997,23.324697494506836,0.3789374828338623,392500
1,1571,250,-60.65886688232422,-0.24263547360897064,23.18998908996582,0.3785417079925537,392750
1,1572,250,-69.8720703125,-0.27948829531669617,22.832433700561523,0.37814581394195557,393000
1,1573,250,-103.91824340820312,-0.41567298769950867,23.95277214050293,0.377750039100647,393250
1,1574,250,-67.78207397460938,-0.2711282968521118,22.742250442504883,0.37735414505004883,393500
1,1575,250,-79.71293640136719,-0.3188517391681671,23.029687881469727,0.37695837020874023,393750
1,1576,250,-61.649864196777344,-0.2465994507074356,23.010831832885742,0.37656253576278687,394000
1,1577,250,-116.20809173583984,-0.4648323655128479,24.252288818359375,0.3761666417121887,394250
1,1578,250,-35.476097106933594,-0.14190438389778137,23.090017318725586,0.3757708668708801,394500
1,1579,250,-47.00914001464844,-0.18803656101226807,22.964841842651367,0.375374972820282,394750
1,1580,250,-51.38954162597656,-0.2055581659078598,22.6024112701416,0.3749791979789734,395000
1,1581,250,-45.544307708740234,-0.18217723071575165,22.964841842651367,0.37458330392837524,395250
1,1582,250,-36.74412155151367,-0.14697648584842682,22.24305534362793,0.37418752908706665,395500
1,1583,250,-33.83604431152344,-0.13534417748451233,22.303611755371094,0.3737916350364685,395750
1,1584,250,-71.47429656982422,-0.2858971953392029,21.635356903076172,0.3733958601951599,396000
1,1585,250,-56.42542266845703,-0.2257016897201538,22.843650817871094,0.37299996614456177,396250
1,1586,250,-46.73403549194336,-0.1869361400604248,22.03302574157715,0.3726041913032532,396500
1,1587,250,-43.349185943603516,-0.1733967363834381,22.09714698791504,0.37220829725265503,396750
1,1588,250,-45.4515266418457,-0.18180610239505768,21.82630157470703,0.37181252241134644,397000
1,1589,250,-62.20355987548828,-0.24881424009799957,22.23105239868164,0.3714166283607483,397250
1,1590,250,-150.42050170898438,-0.6016820073127747,21.84734535217285,0.3710208535194397,397500
1,1591,250,-74.60819244384766,-0.29843276739120483,21.743541717529297,0.37062495946884155,397750
1,1592,250,5.946311950683594,0.023785248398780823,21.18904685974121,0.37022918462753296,398000
1,1593,250,-35.67326354980469,-0.14269305765628815,22.79569435119629,0.3698332905769348,398250
1,1594,250,-41.781497955322266,-0.16712598502635956,21.881433486938477,0.3694375157356262,398500
1,1595,250,-99.07179260253906,-0.3962871730327606,21.181880950927734,0.36904168128967285,398750
1,1596,250,-126.05760955810547,-0.5042304396629333,20.340360641479492,0.3686458468437195,399000
1,1597,250,-113.63197326660156,-0.454527884721756,21.893083572387695,0.3682500123977661,399250
1,1598,250,-31.333599090576172,-0.12533439695835114,21.39253044128418,0.36785417795181274,399500
1,1599,250,14.23078441619873,0.05692313611507416,21.364294052124023,0.3674583435058594,399750
1,1600,250,-53.431190490722656,-0.2137247622013092,20.908292770385742,0.367062509059906,400000
1,1601,250,-43.76979064941406,-0.17507916688919067,21.259811401367188,0.36666667461395264,400250
1,1602,250,-38.3237190246582,-0.1532948762178421,20.62911033630371,0.36627084016799927,400500
1,1603,250,-87.31436157226562,-0.3492574393749237,19.9440860748291,0.3658750057220459,400750
1,1604,250,-87.31396484375,-0.34925585985183716,20.104267120361328,0.36547917127609253,401000
1,1605,250,-91.9345703125,-0.367738276720047,20.30254554748535,0.36508333683013916,401250
1,1606,250,-84.48511505126953,-0.3379404544830322,19.505233764648438,0.3646875023841858,401500
1,1607,250,-37.218807220458984,-0.14887522161006927,19.339622497558594,0.3642916679382324,401750
1,1608,250,-34.362186431884766,-0.1374487429857254,18.95199966430664,0.36389583349227905,402000
1,1609,250,-29.946537017822266,-0.11978615075349808,19.809528350830078,0.3634999990463257,402250
1,1610,250,9.335959434509277,0.037343837320804596,19.488168716430664,0.3631041646003723,402500
1,1611,250,-123.77500915527344,-0.4951000511646271,19.020505905151367,0.36270833015441895,402750
1,1612,250,-166.48678588867188,-0.6659471392631531,18.465167999267578,0.3623124957084656,403000
1,1613,250,-31.078523635864258,-0.1243140920996666,19.83109474182129,0.3619166612625122,403250
1,1614,250,-69.74321746826172,-0.278972864151001,18.826400756835938,0.36152082681655884,403500
1,1615,250,-48.57699203491211,-0.19430796802043915,19.52385711669922,0.36112499237060547,403750
1,1616,250,23.357633590698242,0.0934305340051651,18.89609146118164,0.3607292175292969,404000
1,1617,250,-45.74134826660156,-0.18296539783477783,19.643203735351562,0.36033332347869873,404250
1,1618,250,2.1678876876831055,0.008671551011502743,18.820087432861328,0.35993754863739014,404500
1,1619,250,-95.02898406982422,-0.38011592626571655,18.889427185058594,0.359541654586792,404750
1,1620,250,-44.95426559448242,-0.1798170655965805,18.81890296936035,0.3591458797454834,405000
1,1621,250,-91.0390396118164,-0.36415615677833557,19.917329788208008,0.35874998569488525,405250
1,1622,250,-82.66968536376953,-0.3306787312030792,19.373098373413086,0.35835421085357666,405500
1,1623,250,-37.994998931884766,-0.15197999775409698,18.743881225585938,0.3579583168029785,405750
1,1624,250,-90.4227523803711,-0.3616909980773926,19.28632164001465,0.3575625419616699,406000
1,1625,250,-104.6793441772461,-0.4187173843383789,19.614755630493164,0.3571666479110718,406250
1,1626,250,-50.022743225097656,-0.20009097456932068,19.533998489379883,0.3567708730697632,406500
1,1627,250,-62.28169250488281,-0.24912677705287933,18.2152156829834,0.35637497901916504,406750
1,1628,250,-39.246551513671875,-0.15698620676994324,19.324264526367188,0.35597920417785645,407000
1,1629,250,-71.9555435180664,-0.2878221869468689,20.099853515625,0.3555833101272583,407250
1,1630,250,-75.02021026611328,-0.3000808358192444,19.97931671142578,0.3551875352859497,407500
1,1631,250,-98.61827850341797,-0.3944731056690216,19.714567184448242,0.35479164123535156,407750
1,1632,250,-65.65847778320312,-0.26263391971588135,19.294343948364258,0.35439586639404297,408000
1,1633,250,-25.287120819091797,-0.10114848613739014,21.44318199157715,0.3539999723434448,408250
1,1634,250,-120.40367889404297,-0.48161470890045166,20.740880966186523,0.35360419750213623,408500
1,1635,250,-76.26704406738281,-0.30506816506385803,20.887372970581055,0.35320836305618286,408750
1,1636,250,-63.48542404174805,-0.25394168496131897,19.809640884399414,0.3528125286102295,409000
1,1637,250,-9.246418952941895,-0.03698567673563957,21.165987014770508,0.3524166941642761,409250
1,1638,250,105.60810852050781,0.42243242263793945,21.08759117126465,0.35202085971832275,409500
1,1639,250,-77.03199005126953,-0.3081279695034027,20.41382598876953,0.3516250252723694,409750
1,1640,250,-39.09767150878906,-0.15639068186283112,20.4743709564209,0.351229190826416,410000
1,1641,250,-69.62055969238281,-0.27848222851753235,21.52399253845215,0.35083335638046265,410250
1,1642,250,-79.56368255615234,-0.3182547390460968,20.86683464050293,0.3504375219345093,410500
1,1643,250,-18.79347038269043,-0.07517388463020325,21.66924476623535,0.3500416874885559,410750
1,1644,250,-67.2054443359375,-0.2688217759132385,20.9096736907959,0.34964585304260254,411000
1,1645,250,-96.3103256225586,-0.38524129986763,22.595233917236328,0.34925001859664917,411250
1,1646,250,-89.84004974365234,-0.3593601882457733,20.790592193603516,0.3488541841506958,411500
1,1647,250,-90.43690490722656,-0.3617476224899292,20.43999671936035,0.34845834970474243,411750
1,1648,250,-81.96089935302734,-0.3278436064720154,20.954883575439453,0.34806251525878906,412000
1,1649,250,-89.6031265258789,-0.358412504196167,21.900484085083008,0.3476666808128357,412250
1,1650,250,-52.376773834228516,-0.20950709283351898,20.7862491607666,0.3472708463668823,412500
1,1651,250,-86.35635375976562,-0.34542542695999146,20.72002410888672,0.34687501192092896,412750
1,1652,250,-55.21236038208008,-0.2208494395017624,19.958791732788086,0.3464791178703308,413000
1,1653,250,-78.6898422241211,-0.31475937366485596,21.926780700683594,0.3460833430290222,413250
1,1654,250,-83.97552490234375,-0.3359020948410034,20.60359001159668,0.34568750858306885,413500
1,1655,250,-35.691688537597656,-0.14276675879955292,20.549306869506836,0.3452916741371155,413750
1,1656,250,-130.06546020507812,-0.520261824131012,20.11578941345215,0.3448958396911621,414000
1,1657,250,-95.39077758789062,-0.38156309723854065,21.71706771850586,0.34450000524520874,414250
1,1658,250,-63.38236618041992,-0.25352945923805237,20.807716369628906,0.34410417079925537,414500
1,1659,250,-46.27180480957031,-0.18508721888065338,20.90092658996582,0.343708336353302,414750
1,1660,250,-84.05851745605469,-0.33623406291007996,20.125789642333984,0.34331250190734863,415000
1,1661,250,-64.35443115234375,-0.2574177384376526,20.748676300048828,0.34291666746139526,415250
1,1662,250,-119.38064575195312,-0.4775225818157196,20.08017349243164,0.3425208330154419,415500
1,1663,250,-47.410179138183594,-0.18964071571826935,19.228267669677734,0.3421249985694885,415750
1,1664,250,-46.59208297729492,-0.18636833131313324,19.139249801635742,0.34172916412353516,416000
1,1665,250,-47.61701965332031,-0.19046807289123535,20.638168334960938,0.3413333296775818,416250
1,1666,250,-82.00593566894531,-0.3280237317085266,20.015762329101562,0.3409374952316284,416500
1,1667,250,-102.75389862060547,-0.4110155999660492,19.459531784057617,0.34054166078567505,416750
1,1668,250,-19.753847122192383,-0.07901538908481598,19.04106330871582,0.3401458263397217,417000
1,1669,250,-80.71155548095703,-0.3228462338447571,20.523353576660156,0.3397499918937683,417250
1,1670,250,-26.510417938232422,-0.10604166984558105,19.65877914428711,0.33935415744781494,417500
1,1671,250,-58.356407165527344,-0.23342563211917877,19.18865203857422,0.3389583230018616,417750
1,1672,250,-98.28500366210938,-0.3931400179862976,18.49861717224121,0.3385624885559082,418000
1,1673,250,-59.624595642089844,-0.23849838972091675,18.856630325317383,0.33816665410995483,418250
1,1674,250,-86.13008880615234,-0.34452036023139954,18.51799201965332,0.33777081966400146,418500
1,1675,250,-88.81230163574219,-0.35524919629096985,18.002887725830078,0.33737504482269287,418750
1,1676,250,-76.17097473144531,-0.3046838939189911,18.217226028442383,0.3369791507720947,419000
1,1677,250,-26.72580337524414,-0.10690321028232574,19.22291374206543,0.33658337593078613,419250
1,1678,250,-90.0365219116211,-0.36014607548713684,18.131277084350586,0.336187481880188,419500
1,1679,250,-170.67283630371094,-0.6826913356781006,18.28995704650879,0.3357917070388794,419750
1,1680,250,-67.33987426757812,-0.2693594992160797,17.78166961669922,0.33539581298828125,420000
1,1681,250,-85.62503814697266,-0.34250015020370483,18.694725036621094,0.33500003814697266,420250
1,1682,250,-53.56543731689453,-0.2142617553472519,18.274675369262695,0.3346041440963745,420500
1,1683,250,-46.002830505371094,-0.1840113252401352,17.836393356323242,0.3342083692550659,420750
1,1684,250,-46.0987663269043,-0.18439505994319916,18.1201229095459,0.3338124752044678,421000
1,1685,250,-20.866981506347656,-0.08346792310476303,18.758750915527344,0.3334167003631592,421250
1,1686,250,-45.61042785644531,-0.18244171142578125,18.085895538330078,0.33302080631256104,421500
1,1687,250,-53.130428314208984,-0.2125217169523239,18.077945709228516,0.33262503147125244,421750
1,1688,250,-64.84049987792969,-0.25936201214790344,17.35687828063965,0.3322291374206543,422000
1,1689,250,-18.51074981689453,-0.07404299825429916,18.13673973083496,0.3318333625793457,422250
1,1690,250,-51.62232208251953,-0.20648929476737976,18.504623413085938,0.33143746852874756,422500
1,1691,250,-45.137691497802734,-0.18055076897144318,17.24770164489746,0.33104169368743896,422750
1,1692,250,-80.89019775390625,-0.32356080412864685,17.2009220123291,0.3306457996368408,423000
1,1693,250,-44.131778717041016,-0.17652711272239685,17.99237632751465,0.3302500247955322,423250
1,1694,250,-28.373550415039062,-0.11349420249462128,16.81645393371582,0.32985419034957886,423500
1,1695,250,-51.008060455322266,-0.20403224229812622,16.44131088256836,0.3294583559036255,423750
1,1696,250,-49.16652297973633,-0.19666609168052673,17.20318031311035,0.3290625214576721,424000
1,1697,250,-45.84868621826172,-0.18339474499225616,17.906545639038086,0.32866668701171875,424250
1,1698,250,-31.751344680786133,-0.12700538337230682,16.640811920166016,0.3282708525657654,424500
1,1699,250,-59.194149017333984,-0.23677659034729004,15.902241706848145,0.327875018119812,424750
1,1700,250,-29.265926361083984,-0.11706370860338211,15.691298484802246,0.32747918367385864,425000
1,1701,250,-35.616783142089844,-0.14246712625026703,17.351572036743164,0.3270833492279053,425250
1,1702,250,-76.5195541381836,-0.3060782253742218,16.56648063659668,0.3266875147819519,425500
1,1703,250,-71.44068908691406,-0.285762757062912,16.29051399230957,0.32629168033599854,425750
1,1704,250,-93.37055969238281,-0.37348222732543945,16.048873901367188,0.32589584589004517,426000
1,1705,250,-113.91344451904297,-0.4556537866592407,17.514328002929688,0.3255000114440918,426250
1,1706,250,-39.25849533081055,-0.1570339798927307,16.44941520690918,0.3251041769981384,426500
1,1707,250,-104.13185119628906,-0.4165273904800415,16.782100677490234,0.32470834255218506,426750
1,1708,250,-74.848876953125,-0.29939550161361694,16.354652404785156,0.3243125081062317,427000
1,1709,250,-99.09512329101562,-0.3963804841041565,17.797548294067383,0.3239166736602783,427250
1,1710,250,10.154169082641602,0.04061667621135712,16.64192771911621,0.32352083921432495,427500
1,1711,250,-53.05088806152344,-0.21220354735851288,16.748796463012695,0.3231250047683716,427750
1,1712,250,24.128318786621094,0.0965132787823677,16.579708099365234,0.3227291703224182,428000
1,1713,250,0.03716838359832764,0.00014867352729197592,18.125246047973633,0.32233333587646484,428250
1,1714,250,-31.237281799316406,-0.1249491274356842,17.28415298461914,0.3219375014305115,428500
1,1715,250,29.69765853881836,0.1187906339764595,17.038311004638672,0.3215417265892029,428750
1,1716,250,-38.47798538208008,-0.15391194820404053,17.602008819580078,0.32114583253860474,429000
1,1717,250,-69.61454010009766,-0.2784581482410431,18.445526123046875,0.32075005769729614,429250
1,1718,250,96.42154693603516,0.3856861889362335,17.290178298950195,0.320354163646698,429500
1,1719,250,113.21527099609375,0.45286107063293457,16.86409568786621,0.3199583888053894,429750
1,1720,250,-69.84972381591797,-0.2793988883495331,17.063188552856445,0.31956249475479126,430000
1,1721,250,-41.08992004394531,-0.1643596738576889,18.121292114257812,0.31916671991348267,430250
1,1722,250,-65.0636978149414,-0.26025480031967163,17.83889389038086,0.3187708258628845,430500
1,1723,250,-96.45030975341797,-0.38580122590065,17.7861385345459,0.3183750510215759,430750
1,1724,250,-50.10779571533203,-0.20043118298053741,16.849000930786133,0.3179791569709778,431000
1,1725,250,-88.86333465576172,-0.35545334219932556,18.589820861816406,0.3175833821296692,431250
1,1726,250,-72.99791717529297,-0.2919916808605194,18.015117645263672,0.31718748807907104,431500
1,1727,250,-28.202953338623047,-0.11281181126832962,17.698471069335938,0.3167916536331177,431750
1,1728,250,-38.773277282714844,-0.15509310364723206,17.187244415283203,0.3163958191871643,432000
1,1729,250,-81.96647644042969,-0.3278658986091614,18.04182243347168,0.31599998474121094,432250
1,1730,250,-50.342071533203125,-0.2013682872056961,17.328224182128906,0.31560415029525757,432500
1,1731,250,-41.1781005859375,-0.16471239924430847,17.987829208374023,0.3152083158493042,432750
1,1732,250,-33.387107849121094,-0.13354843854904175,17.470251083374023,0.31481248140335083,433000
1,1733,250,-89.79434204101562,-0.3591773808002472,18.402341842651367,0.31441664695739746,433250
1,1734,250,-35.546913146972656,-0.14218765497207642,17.587068557739258,0.31402087211608887,433500
1,1735,250,-73.41388702392578,-0.29365554451942444,17.344985961914062,0.3136249780654907,433750
1,1736,250,-8.667475700378418,-0.0346699021756649,17.582944869995117,0.31322920322418213,434000
1,1737,250,-44.3638916015625,-0.17745555937290192,18.011030197143555,0.312833309173584,434250
1,1738,250,-41.8845329284668,-0.1675381362438202,17.13433074951172,0.3124375343322754,434500
1,1739,250,-78.40682220458984,-0.31362730264663696,16.832460403442383,0.31204164028167725,434750
1,1740,250,-151.54071044921875,-0.6061628460884094,16.813058853149414,0.31164586544036865,435000
1,1741,250,-31.465946197509766,-0.12586379051208496,18.337739944458008,0.3112499713897705,435250
1,1742,250,-27.20972442626953,-0.10883890092372894,17.702335357666016,0.3108541965484619,435500
1,1743,250,-112.108642578125,-0.4484345614910126,17.03775978088379,0.31045830249786377,435750
1,1744,250,-47.867919921875,-0.19147168099880219,15.965237617492676,0.3100625276565552,436000
1,1745,250,-113.74675750732422,-0.4549870193004608,17.16834831237793,0.30966663360595703,436250
1,1746,250,-98.15437316894531,-0.39261749386787415,16.477439880371094,0.30927085876464844,436500
1,1747,250,-36.803462982177734,-0.14721384644508362,16.154285430908203,0.3088749647140503,436750
1,1748,250,-101.14035034179688,-0.4045614004135132,15.833803176879883,0.3084791898727417,437000
1,1749,250,-115.51416778564453,-0.4620566666126251,16.952577590942383,0.30808329582214355,437250
1,1750,250,-49.503173828125,-0.19801269471645355,16.31904411315918,0.30768752098083496,437500
1,1751,250,-68.80087280273438,-0.27520349621772766,16.087018966674805,0.3072916269302368,437750
1,1752,250,-106.351318359375,-0.42540526390075684,15.761914253234863,0.3068958520889282,438000
1,1753,250,-38.131874084472656,-0.15252749621868134,17.186582565307617,0.30650001764297485,438250
1,1754,250,-99.41305541992188,-0.39765220880508423,16.986692428588867,0.3061041831970215,438500
1,1755,250,-14.032676696777344,-0.05613070726394653,15.453819274902344,0.3057083487510681,438750
1,1756,250,-75.29065704345703,-0.30116263031959534,15.578880310058594,0.30531251430511475,439000
1,1757,250,-68.85648345947266,-0.2754259407520294,16.453981399536133,0.3049166798591614,439250
1,1758,250,-2.4040865898132324,-0.009616346098482609,15.958697319030762,0.304520845413208,439500
1,1759,250,-10.597114562988281,-0.04238845780491829,15.879783630371094,0.30412501096725464,439750
1,1760,250,-120.77069854736328,-0.4830828011035919,15.412324905395508,0.30372917652130127,440000
1,1761,250,-134.64743041992188,-0.5385897159576416,16.11444854736328,0.3033333420753479,440250
1,1762,250,-126.93364715576172,-0.5077345967292786,14.73027229309082,0.30293750762939453,440500
1,1763,250,-144.1470489501953,-0.5765882134437561,14.494054794311523,0.30254167318344116,440750
1,1764,250,-74.63531494140625,-0.29854124784469604,14.179326057434082,0.3021458387374878,441000
1,1765,250,-74.83855438232422,-0.29935422539711,15.556892395019531,0.3017500042915344,441250
1,1766,250,-117.44517517089844,-0.46978071331977844,14.413694381713867,0.30135416984558105,441500
1,1767,250,-115.17256927490234,-0.46069028973579407,13.605247497558594,0.3009583353996277,441750
1,1768,250,-1.1768125295639038,-0.004707250278443098,14.0689058303833,0.3005625009536743,442000
1,1769,250,-27.824459075927734,-0.1112978383898735,15.060659408569336,0.30016666650772095,442250
1,1770,250,-111.6982192993164,-0.446792870759964,13.432226181030273,0.2997708320617676,442500
1,1771,250,-2.5111920833587646,-0.010044768452644348,14.113177299499512,0.2993749976158142,442750
1,1772,250,-17.597381591796875,-0.070389524102211,13.667320251464844,0.29897916316986084,443000
1,1773,250,-132.24754333496094,-0.5289901494979858,14.241959571838379,0.29858332872390747,443250
1,1774,250,85.90597534179688,0.34362390637397766,13.425018310546875,0.2981875538825989,443500
1,1775,250,-109.39942169189453,-0.43759769201278687,13.704801559448242,0.29779165983200073,443750
1,1776,250,-88.31681823730469,-0.35326728224754333,13.351188659667969,0.29739588499069214,444000
1,1777,250,-128.1131591796875,-0.5124526619911194,14.805672645568848,0.296999990940094,444250
1,1778,250,-116.84669494628906,-0.46738678216934204,13.852418899536133,0.2966042160987854,444500
1,1779,250,-99.99645233154297,-0.39998582005500793,13.767019271850586,0.29620832204818726,444750
1,1780,250,-84.33512878417969,-0.33734050393104553,13.658454895019531,0.29581254720687866,445000
1,1781,250,-120.30216217041016,-0.4812086522579193,15.602723121643066,0.2954166531562805,445250
1,1782,250,-114.47174835205078,-0.4578869938850403,15.109209060668945,0.2950208783149719,445500
1,1783,250,-102.17094421386719,-0.40868377685546875,14.558294296264648,0.2946249842643738,445750
1,1784,250,-144.0800323486328,-0.5763201117515564,14.468441009521484,0.2942292094230652,446000
1,1785,250,-117.67300415039062,-0.4706920087337494,16.455318450927734,0.29383331537246704,446250
1,1786,250,-99.10797119140625,-0.39643189311027527,15.585172653198242,0.29343754053115845,446500
1,1787,250,-161.28817749023438,-0.6451526880264282,15.211806297302246,0.2930416464805603,446750
1,1788,250,-106.12007904052734,-0.4244803190231323,15.220196723937988,0.2926458716392517,447000
1,1789,250,-115.52333068847656,-0.462093323469162,16.48046875,0.29224997758865356,447250
1,1790,250,-147.90403747558594,-0.591616153717041,16.134599685668945,0.29185420274734497,447500
1,1791,250,-133.64430236816406,-0.5345771908760071,15.966297149658203,0.2914583086967468,447750
1,1792,250,-76.05741882324219,-0.3042296767234802,15.168177604675293,0.29106253385543823,448000
1,1793,250,-123.83722686767578,-0.49534890055656433,17.79292869567871,0.29066669940948486,448250
1,1794,250,-169.12957763671875,-0.6765183210372925,17.145009994506836,0.2902708649635315,448500
1,1795,250,-127.78273010253906,-0.5111309289932251,16.065792083740234,0.2898750305175781,448750
1,1796,250,-63.052982330322266,-0.25221192836761475,16.143949508666992,0.28947919607162476,449000
1,1797,250,-100.1340103149414,-0.40053603053092957,18.257740020751953,0.2890833616256714,449250
1,1798,250,-86.58988952636719,-0.3463595509529114,16.891645431518555,0.288687527179718,449500
1,1799,250,-86.64852142333984,-0.34659409523010254,16.767513275146484,0.28829169273376465,449750
1,1800,250,-124.48712921142578,-0.4979485273361206,16.468997955322266,0.2878958582878113,450000
1,1801,250,-109.89153289794922,-0.43956613540649414,17.5485782623291,0.2875000238418579,450250
1,1802,250,-119.29400634765625,-0.4771760106086731,16.9859619140625,0.28710412979125977,450500
1,1803,250,-69.20832824707031,-0.27683332562446594,16.901920318603516,0.28670835494995117,450750
1,1804,250,-124.6640625,-0.4986562430858612,16.38552474975586,0.286312460899353,451000
1,1805,250,-157.84262084960938,-0.631370484828949,17.00765609741211,0.28591668605804443,451250
1,1806,250,-84.4533920288086,-0.3378135561943054,16.72688865661621,0.2855207920074463,451500
1,1807,250,-86.76966857910156,-0.34707868099212646,15.77328872680664,0.2851250171661377,451750
1,1808,250,-134.43124389648438,-0.5377249717712402,15.854626655578613,0.28472912311553955,452000
1,1809,250,-66.16900634765625,-0.264676034450531,16.23887062072754,0.28433334827423096,452250
1,1810,250,-99.25611877441406,-0.3970244824886322,15.585756301879883,0.2839375138282776,452500
1,1811,250,-107.89276885986328,-0.4315710663795471,15.074445724487305,0.2835416793823242,452750
1,1812,250,-125.63797760009766,-0.5025519132614136,14.50319766998291,0.28314584493637085,453000
1,1813,250,-115.02238464355469,-0.4600895345211029,16.02505111694336,0.2827500104904175,453250
1,1814,250,-115.53707122802734,-0.4621482789516449,14.986824035644531,0.2823541760444641,453500
1,1815,250,-128.88299560546875,-0.5155319571495056,14.048794746398926,0.28195834159851074,453750
1,1816,250,-109.12377166748047,-0.4364950954914093,14.094200134277344,0.2815625071525574,454000
1,1817,250,-109.10787963867188,-0.43643152713775635,15.696016311645508,0.281166672706604,454250
1,1818,250,-118.32052612304688,-0.4732820987701416,14.612174987792969,0.28077083826065063,454500
1,1819,250,-111.94746398925781,-0.44778984785079956,14.490209579467773,0.28037500381469727,454750
1,1820,250,-138.99853515625,-0.5559941530227661,14.351387023925781,0.2799791693687439,455000
1,1821,250,-177.33724975585938,-0.7093489766120911,16.1722469329834,0.2795833349227905,455250
1,1822,250,-163.42686462402344,-0.6537074446678162,15.756950378417969,0.27918750047683716,455500
1,1823,250,-63.318363189697266,-0.25327345728874207,15.008343696594238,0.2787916660308838,455750
1,1824,250,-76.473388671875,-0.30589354038238525,14.738539695739746,0.2783958315849304,456000
1,1825,250,-147.28318786621094,-0.5891327261924744,16.851200103759766,0.27799999713897705,456250
1,1826,250,-111.56793975830078,-0.44627174735069275,15.544266700744629,0.2776041626930237,456500
1,1827,250,-129.0458221435547,-0.5161833167076111,15.492915153503418,0.2772083282470703,456750
1,1828,250,-123.9469223022461,-0.49578768014907837,14.738030433654785,0.27681249380111694,457000
1,1829,250,-182.2436981201172,-0.7289748191833496,16.882535934448242,0.2764166593551636,457250
1,1830,250,-112.97278594970703,-0.451891154050827,15.542749404907227,0.2760208249092102,457500
1,1831,250,-47.934837341308594,-0.19173935055732727,15.524707794189453,0.2756250500679016,457750
1,1832,250,-304.34906005859375,-1.2173962593078613,15.369132995605469,0.27522915601730347,458000
1,1833,250,-112.15231323242188,-0.44860926270484924,17.269256591796875,0.2748333811759949,458250
1,1834,250,-58.27122116088867,-0.23308488726615906,16.51593589782715,0.27443748712539673,458500
1,1835,250,-144.8473358154297,-0.5793893337249756,15.83585262298584,0.27404171228408813,458750
1,1836,250,238.4614715576172,0.9538458585739136,15.715776443481445,0.27364581823349,459000
1,1837,250,-54.59394454956055,-0.2183757722377777,17.61590003967285,0.2732500433921814,459250
1,1838,250,-108.53950500488281,-0.4341580271720886,17.11726188659668,0.27285414934158325,459500
1,1839,250,-63.0870246887207,-0.2523480951786041,16.297578811645508,0.27245837450027466,459750
1,1840,250,-65.53677368164062,-0.26214709877967834,16.120935440063477,0.2720624804496765,460000
1,1841,250,-159.6270294189453,-0.638508141040802,18.172780990600586,0.2716667056083679,460250
1,1842,250,-30.599761962890625,-0.12239904701709747,17.84009552001953,0.2712708115577698,460500
1,1843,250,-43.453468322753906,-0.17381387948989868,16.41182518005371,0.2708750367164612,460750
1,1844,250,-71.70257568359375,-0.2868103086948395,16.344223022460938,0.27047914266586304,461000
1,1845,250,-58.8828239440918,-0.2355313003063202,17.44005584716797,0.27008336782455444,461250
1,1846,250,-78.6137466430664,-0.31445497274398804,16.701679229736328,0.2696874737739563,461500
1,1847,250,-57.596588134765625,-0.23038634657859802,15.795842170715332,0.2692916989326477,461750
1,1848,250,-65.93682861328125,-0.26374730467796326,16.05838394165039,0.26889580488204956,462000
1,1849,250,-15.783061981201172,-0.06313224881887436,15.955266952514648,0.26850003004074097,462250
1,1850,250,12.252235412597656,0.049008943140506744,15.098409652709961,0.2681041955947876,462500
1,1851,250,-85.41574096679688,-0.3416629731655121,15.121166229248047,0.26770836114883423,462750
1,1852,250,-35.9029655456543,-0.1436118632555008,14.552876472473145,0.26731252670288086,463000
1,1853,250,-61.650115966796875,-0.2466004639863968,15.046862602233887,0.2669166922569275,463250
1,1854,250,-89.16309356689453,-0.3566523790359497,14.623372077941895,0.2665208578109741,463500
1,1855,250,-32.026058197021484,-0.12810423970222473,13.617228507995605,0.26612502336502075,463750
1,1856,250,-70.63988494873047,-0.2825595438480377,13.6504487991333,0.2657291889190674,464000
1,1857,250,133.9000244140625,0.5356001257896423,14.23967170715332,0.265333354473114,464250
1,1858,250,-45.015228271484375,-0.18006090819835663,13.617125511169434,0.26493752002716064,464500
1,1859,250,-2.082946300506592,-0.00833178497850895,13.384007453918457,0.2645416855812073,464750
1,1860,250,-1.2329065799713135,-0.004931626375764608,13.436641693115234,0.2641458511352539,465000
1,1861,250,28.40118408203125,0.11360473930835724,14.422731399536133,0.26375001668930054,465250
1,1862,250,-18.726276397705078,-0.07490510493516922,13.824962615966797,0.26335418224334717,465500
1,1863,250,-43.400230407714844,-0.1736009269952774,12.921231269836426,0.2629583477973938,465750
1,1864,250,-63.266658782958984,-0.25306662917137146,13.085683822631836,0.26256251335144043,466000
1,1865,250,-27.0280704498291,-0.10811228305101395,14.806988716125488,0.26216667890548706,466250
1,1866,250,-15.148330688476562,-0.06059332191944122,13.528109550476074,0.2617708444595337,466500
1,1867,250,-43.942039489746094,-0.1757681518793106,13.20562744140625,0.2613750100135803,466750
1,1868,250,-42.53771209716797,-0.17015084624290466,12.765266418457031,0.26097917556762695,467000
1,1869,250,-29.730377197265625,-0.11892151087522507,14.815698623657227,0.2605833411216736,467250
1,1870,250,-82.20471954345703,-0.3288188874721527,14.630173683166504,0.2601875066757202,467500
1,1871,250,-89.17145538330078,-0.3566858172416687,14.039137840270996,0.2597917318344116,467750
1,1872,250,-25.88656234741211,-0.10354624688625336,13.381803512573242,0.2593958377838135,468000
1,1873,250,-28.563495635986328,-0.11425398290157318,15.593377113342285,0.2590000629425049,468250
1,1874,250,-98.01472473144531,-0.3920589089393616,14.86091136932373,0.25860416889190674,468500
1,1875,250,-72.56322479248047,-0.2902528941631317,14.435234069824219,0.25820839405059814,468750
1,1876,250,-57.5103874206543,-0.23004154860973358,13.72043514251709,0.2578125,469000
1,1877,250,-28.195770263671875,-0.11278308182954788,15.5034761428833,0.25741666555404663,469250
1,1878,250,7.574368476867676,0.030297473073005676,14.504839897155762,0.25702083110809326,469500
1,1879,250,-47.978843688964844,-0.1919153779745102,14.871628761291504,0.2566249966621399,469750
1,1880,250,-53.64805603027344,-0.21459221839904785,14.188437461853027,0.2562291622161865,470000
1,1881,250,-88.5490951538086,-0.35419636964797974,15.99263858795166,0.25583332777023315,470250
1,1882,250,-117.21621704101562,-0.4688648581504822,15.077466011047363,0.2554374933242798,470500
1,1883,250,-134.87484741210938,-0.5394994020462036,14.76810359954834,0.2550416588783264,470750
1,1884,250,-43.046722412109375,-0.17218689620494843,13.699453353881836,0.25464582443237305,471000
1,1885,250,-99.96500396728516,-0.3998600244522095,14.890310287475586,0.2542499899864197,471250
1,1886,250,-48.96221923828125,-0.19584888219833374,14.660841941833496,0.2538541555404663,471500
1,1887,250,-98.84519958496094,-0.39538079500198364,14.136585235595703,0.25345832109451294,471750
1,1888,250,-101.54808044433594,-0.4061923325061798,13.802633285522461,0.25306248664855957,472000
1,1889,250,-79.28730773925781,-0.31714922189712524,14.80634880065918,0.2526666522026062,472250
1,1890,250,-120.1541519165039,-0.48061659932136536,13.799125671386719,0.2522708773612976,472500
1,1891,250,-53.339324951171875,-0.21335729956626892,12.809704780578613,0.25187498331069946,472750
1,1892,250,-82.24927520751953,-0.32899710536003113,12.911519050598145,0.25147920846939087,473000
1,1893,250,-57.5343017578125,-0.23013721406459808,13.927630424499512,0.2510833144187927,473250
1,1894,250,-49.61375045776367,-0.19845500588417053,12.815975189208984,0.25068753957748413,473500
1,1895,250,-70.55504608154297,-0.28222018480300903,12.351822853088379,0.250291645526886,473750
1,1896,250,3.9616329669952393,0.015846531838178635,12.131499290466309,0.2498958706855774,474000
1,1897,250,-26.814990997314453,-0.10725996643304825,13.687623023986816,0.24949997663497925,474250
1,1898,250,-72.73143768310547,-0.2909257411956787,12.397245407104492,0.24910420179367065,474500
1,1899,250,-23.344810485839844,-0.09337924420833588,12.270076751708984,0.2487083077430725,474750
1,1900,250,-68.37593841552734,-0.27350375056266785,11.511645317077637,0.24831253290176392,475000
1,1901,250,-24.326053619384766,-0.09730421751737595,13.153928756713867,0.24791663885116577,475250
1,1902,250,-52.24504089355469,-0.20898015797138214,12.911118507385254,0.24752086400985718,475500
1,1903,250,-20.847753524780273,-0.08339101076126099,12.16175365447998,0.24712496995925903,475750
1,1904,250,46.858062744140625,0.18743224442005157,11.988279342651367,0.24672919511795044,476000
1,1905,250,8.017263412475586,0.03206905350089073,14.46906852722168,0.2463333010673523,476250
1,1906,250,-27.147987365722656,-0.1085919514298439,13.066307067871094,0.2459375262260437,476500
1,1907,250,49.5638427734375,0.19825537502765656,12.773086547851562,0.24554163217544556,476750
1,1908,250,6.398190498352051,0.025592761114239693,12.547048568725586,0.24514585733413696,477000
1,1909,250,75.7401123046875,0.30296045541763306,14.08873462677002,0.2447500228881836,477250
1,1910,250,-24.12436866760254,-0.09649747610092163,13.397017478942871,0.24435418844223022,477500
1,1911,250,4.1262102127075195,0.016504840925335884,13.201183319091797,0.24395835399627686,477750
1,1912,250,118.5401382446289,0.4741605520248413,13.129922866821289,0.2435625195503235,478000
1,1913,250,120.71455383300781,0.48285821080207825,14.3452787399292,0.24316668510437012,478250
1,1914,250,31.796844482421875,0.12718737125396729,14.122124671936035,0.24277085065841675,478500
1,1915,250,84.60360717773438,0.33841443061828613,13.75743579864502,0.24237501621246338,478750
1,1916,250,106.09436798095703,0.4243774712085724,13.593541145324707,0.24197918176651,479000
1,1917,250,-2.5786967277526855,-0.010314786806702614,14.840360641479492,0.24158334732055664,479250
1,1918,250,22.3497371673584,0.08939895033836365,14.356646537780762,0.24118751287460327,479500
1,1919,250,43.308433532714844,0.1732337325811386,13.516256332397461,0.2407916784286499,479750
1,1920,250,94.67449951171875,0.3786979913711548,13.178312301635742,0.24039584398269653,480000
1,1921,250,54.18055725097656,0.21672223508358002,14.054122924804688,0.24000000953674316,480250
1,1922,250,-57.960121154785156,-0.23184049129486084,14.118437767028809,0.2396041750907898,480500
1,1923,250,32.415008544921875,0.12966004014015198,13.900106430053711,0.23920834064483643,480750
1,1924,250,81.71062469482422,0.3268424868583679,13.127663612365723,0.23881250619888306,481000
1,1925,250,91.69944763183594,0.3667978048324585,15.06698226928711,0.2384166717529297,481250
1,1926,250,55.932987213134766,0.22373194992542267,14.16769027709961,0.23802083730697632,481500
1,1927,250,116.53964233398438,0.46615856885910034,13.469316482543945,0.23762500286102295,481750
1,1928,250,-22.185853958129883,-0.0887434184551239,13.604555130004883,0.23722916841506958,482000
1,1929,250,110.85519409179688,0.44342076778411865,14.527690887451172,0.2368333339691162,482250
1,1930,250,33.03217315673828,0.13212868571281433,13.590859413146973,0.23643755912780762,482500
1,1931,250,41.20708465576172,0.1648283451795578,13.643637657165527,0.23604166507720947,482750
1,1932,250,37.434444427490234,0.14973777532577515,13.352922439575195,0.23564589023590088,483000
1,1933,250,155.03428649902344,0.6201371550559998,14.493165016174316,0.23524999618530273,483250
1,1934,250,161.5003204345703,0.6460012793540955,13.927209854125977,0.23485422134399414,483500
1,1935,250,106.52243041992188,0.42608973383903503,13.91208267211914,0.234458327293396,483750
1,1936,250,122.98529052734375,0.4919411540031433,13.951665878295898,0.2340625524520874,484000
1,1937,250,179.98316955566406,0.7199326753616333,14.681760787963867,0.23366665840148926,484250
1,1938,250,52.85306930541992,0.21141228079795837,14.249722480773926,0.23327088356018066,484500
1,1939,250,218.8256072998047,0.8753024339675903,14.085406303405762,0.23287498950958252,484750
1,1940,250,144.29408264160156,0.5771763324737549,13.082505226135254,0.23247921466827393,485000
1,1941,250,-21.84067153930664,-0.08736268430948257,14.51884937286377,0.23208332061767578,485250
1,1942,250,332.5753479003906,1.3303014039993286,13.934279441833496,0.2316875457763672,485500
1,1943,250,345.4778137207031,1.381911277770996,13.501343727111816,0.23129165172576904,485750
1,1944,250,-31.552692413330078,-0.1262107640504837,12.837109565734863,0.23089587688446045,486000
1,1945,250,95.52255249023438,0.3820902109146118,14.50516128540039,0.2304999828338623,486250
1,1946,250,119.21295928955078,0.47685185074806213,13.594812393188477,0.2301042079925537,486500
1,1947,250,-34.88412094116211,-0.13953648507595062,13.116997718811035,0.22970831394195557,486750
1,1948,250,-81.85542297363281,-0.3274216949939728,13.05492115020752,0.22931253910064697,487000
1,1949,250,23.683164596557617,0.09473265707492828,14.090743064880371,0.2289167046546936,487250
1,1950,250,69.8753662109375,0.27950146794319153,13.541377067565918,0.22852087020874023,487500
1,1951,250,8.339674949645996,0.033358700573444366,12.978922843933105,0.22812503576278687,487750
1,1952,250,-37.19779968261719,-0.14879119396209717,12.567912101745605,0.22772914171218872,488000
1,1953,250,-81.65189361572266,-0.3266075849533081,13.737202644348145,0.22733336687088013,488250
1,1954,250,54.063072204589844,0.21625228226184845,12.85195255279541,0.22693747282028198,488500
1,1955,250,2.644449234008789,0.010577796958386898,12.52457046508789,0.2265416979789734,488750
1,1956,250,34.3604850769043,0.13744193315505981,12.162538528442383,0.22614580392837524,489000
1,1957,250,-7.034394264221191,-0.028137577697634697,13.750519752502441,0.22575002908706665,489250
1,1958,250,148.29397583007812,0.5931758880615234,12.835193634033203,0.2253541350364685,489500
1,1959,250,-37.96076202392578,-0.15184304118156433,12.690885543823242,0.2249583601951599,489750
1,1960,250,-40.3443489074707,-0.16137740015983582,12.759248733520508,0.22456246614456177,490000
1,1961,250,-60.86024475097656,-0.24344098567962646,14.258700370788574,0.22416669130325317,490250
1,1962,250,-42.39468002319336,-0.16957871615886688,13.284913063049316,0.22377079725265503,490500
1,1963,250,-55.48109817504883,-0.22192439436912537,13.542491912841797,0.22337502241134644,490750
1,1964,250,-55.088645935058594,-0.2203545868396759,12.73158073425293,0.2229791283607483,491000
1,1965,250,-30.020048141479492,-0.12008019536733627,14.87485408782959,0.2225833535194397,491250
1,1966,250,61.41628646850586,0.24566514790058136,13.760091781616211,0.22218745946884155,491500
1,1967,250,14.30998706817627,0.05723994970321655,13.621716499328613,0.22179168462753296,491750
1,1968,250,-5.604778289794922,-0.022419113665819168,13.263904571533203,0.2213958501815796,492000
1,1969,250,-29.3166561126709,-0.11726662516593933,15.486903190612793,0.22100001573562622,492250
1,1970,250,-11.14810848236084,-0.04459243267774582,13.793209075927734,0.22060418128967285,492500
1,1971,250,235.46206665039062,0.9418482780456543,13.576312065124512,0.22020834684371948,492750
1,1972,250,-72.39849090576172,-0.28959396481513977,13.966143608093262,0.2198125123977661,493000
1,1973,250,810.16162109375,3.2406466007232666,15.581974983215332,0.21941667795181274,493250
1,1974,250,-35.06230545043945,-0.14024922251701355,14.72664737701416,0.21902084350585938,493500
1,1975,250,452.061279296875,1.808245062828064,14.148933410644531,0.218625009059906,493750
1,1976,250,-44.71539306640625,-0.1788615733385086,13.747040748596191,0.21822917461395264,494000
1,1977,250,-4.937061309814453,-0.019748244434595108,15.816081047058105,0.21783334016799927,494250
1,1978,250,169.07461547851562,0.6762984395027161,14.10793685913086,0.2174375057220459,494500
1,1979,250,-32.64667892456055,-0.13058671355247498,13.75693416595459,0.21704167127609253,494750
1,1980,250,423.0491943359375,1.6921967267990112,13.490410804748535,0.21664583683013916,495000
1,1981,250,99.88455200195312,0.39953821897506714,15.18527889251709,0.2162500023841858,495250
1,1982,250,120.413330078125,0.4816533327102661,13.472493171691895,0.21585416793823242,495500
1,1983,250,335.64019775390625,1.3425607681274414,13.580804824829102,0.21545833349227905,495750
1,1984,250,241.33570861816406,0.9653428196907043,12.889132499694824,0.21506249904632568,496000
1,1985,250,129.45347595214844,0.5178139209747314,14.573895454406738,0.21466666460037231,496250
1,1986,250,295.6734924316406,1.1826939582824707,13.324862480163574,0.21427083015441895,496500
1,1987,250,319.9435729980469,1.2797743082046509,13.235383987426758,0.21387499570846558,496750
1,1988,250,-52.51892852783203,-0.2100757211446762,12.727468490600586,0.2134791612625122,497000
1,1989,250,327.7214050292969,1.3108856678009033,13.989531517028809,0.2130833864212036,497250
1,1990,250,317.1400451660156,1.2685601711273193,12.976316452026367,0.21268749237060547,497500
1,1991,250,240.17662048339844,0.9607064723968506,12.975176811218262,0.21229171752929688,497750
1,1992,250,264.5325622558594,1.0581302642822266,12.506016731262207,0.21189582347869873,498000
1,1993,250,292.8568115234375,1.1714272499084473,14.008134841918945,0.21150004863739014,498250
1,1994,250,-82.22692108154297,-0.32890769839286804,12.793207168579102,0.211104154586792,498500
1,1995,250,-44.27941131591797,-0.17711764574050903,13.121809005737305,0.2107083797454834,498750
1,1996,250,470.6875,1.8827500343322754,12.701762199401855,0.21031248569488525,499000
1,1997,250,393.80584716796875,1.575223445892334,14.608745574951172,0.20991671085357666,499250
1,1998,250,206.11737060546875,0.8244695067405701,13.534600257873535,0.20952081680297852,499500
1,1999,250,300.511474609375,1.2020459175109863,12.693937301635742,0.20912504196166992,499750
1,2000,250,261.6556396484375,1.0466225147247314,12.633420944213867,0.20872914791107178,500000
1,2001,250,347.06170654296875,1.388246774673462,14.33286190032959,0.20833337306976318,500250
1,2002,250,488.1922302246094,1.9527689218521118,13.745624542236328,0.20793747901916504,500500
1,2003,250,445.1729736328125,1.7806918621063232,13.840250015258789,0.20754170417785645,500750
1,2004,250,156.42184448242188,0.6256873607635498,13.812081336975098,0.2071458101272583,501000
1,2005,250,298.31842041015625,1.193273663520813,15.28922176361084,0.2067500352859497,501250
1,2006,250,201.89088439941406,0.8075635433197021,14.621676445007324,0.20635414123535156,501500
1,2007,250,189.72474670410156,0.7588989734649658,13.637195587158203,0.20595836639404297,501750
1,2008,250,140.5258331298828,0.5621033310890198,13.277668952941895,0.2055625319480896,502000
1,2009,250,415.09539794921875,1.660381555557251,15.072185516357422,0.20516669750213623,502250
1,2010,250,371.44696044921875,1.4857878684997559,14.406826972961426,0.20477086305618286,502500
1,2011,250,369.1735534667969,1.4766942262649536,13.87534236907959,0.2043750286102295,502750
1,2012,250,182.58465576171875,0.7303386330604553,13.892619132995605,0.20397919416427612,503000
1,2013,250,557.5692138671875,2.2302768230438232,15.541732788085938,0.20358335971832275,503250
1,2014,250,469.68499755859375,1.8787399530410767,14.561643600463867,0.20318752527236938,503500
1,2015,250,728.6068115234375,2.9144272804260254,13.794723510742188,0.20279169082641602,503750
1,2016,250,581.36279296875,2.325451135635376,12.75808334350586,0.20239585638046265,504000
1,2017,250,570.12744140625,2.2805097103118896,14.746533393859863,0.20200002193450928,504250
1,2018,250,572.8700561523438,2.291480302810669,13.854056358337402,0.2016041874885559,504500
1,2019,250,809.1568603515625,3.2366273403167725,13.114448547363281,0.20120835304260254,504750
1,2020,250,1180.4608154296875,4.721843242645264,12.58647346496582,0.20081251859664917,505000
1,2021,250,855.52685546875,3.422107458114624,14.758543014526367,0.2004166841506958,505250
1,2022,250,724.1210327148438,2.896484136581421,13.393383979797363,0.20002084970474243,505500
1,2023,250,950.16064453125,3.800642490386963,12.647708892822266,0.19962501525878906,505750
1,2024,250,1116.6959228515625,4.46678352355957,12.679505348205566,0.1992291808128357,506000
1,2025,250,415.5191345214844,1.6620765924453735,13.486251831054688,0.19883334636688232,506250
1,2026,250,923.4220581054688,3.693688154220581,13.02347183227539,0.19843751192092896,506500
1,2027,250,1417.4398193359375,5.669759273529053,12.90280532836914,0.19804167747497559,506750
1,2028,250,1138.1163330078125,4.552465438842773,12.087686538696289,0.19764584302902222,507000
1,2029,250,1590.5203857421875,6.362081527709961,12.797335624694824,0.19725000858306885,507250
1,2030,250,1702.871337890625,6.811485290527344,12.605695724487305,0.19685417413711548,507500
1,2031,250,1556.723388671875,6.226893424987793,12.723431587219238,0.1964583396911621,507750
1,2032,250,1388.364990234375,5.553460121154785,12.0980224609375,0.19606250524520874,508000
1,2033,250,1464.920654296875,5.859682559967041,12.011632919311523,0.19566667079925537,508250
1,2034,250,1397.0107421875,5.588042736053467,11.670109748840332,0.195270836353302,508500
1,2035,250,1293.4117431640625,5.173646926879883,11.459941864013672,0.19487500190734863,508750
1,2036,250,786.6798095703125,3.146719217300415,10.894404411315918,0.19447916746139526,509000
1,2037,250,1145.101318359375,4.580405235290527,11.224114418029785,0.1940833330154419,509250
1,2038,250,1668.5850830078125,6.67434024810791,11.428946495056152,0.19368749856948853,509500
1,2039,250,1498.2763671875,5.993105411529541,10.762585639953613,0.19329166412353516,509750
1,2040,250,1907.7066650390625,7.630826473236084,10.977561950683594,0.1928958296775818,510000
1,2041,250,1508.26953125,6.033078193664551,10.82454776763916,0.19249999523162842,510250
1,2042,250,1484.9111328125,5.9396443367004395,10.641104698181152,0.19210416078567505,510500
1,2043,250,1871.94384765625,7.4877753257751465,10.346609115600586,0.19170832633972168,510750
1,2044,250,1532.6220703125,6.130488395690918,9.979386329650879,0.1913124918937683,511000
1,2045,250,1470.741943359375,5.882967948913574,9.4265718460083,0.19091665744781494,511250
1,2046,250,1544.0692138671875,6.176276683807373,9.271076202392578,0.19052082300186157,511500
1,2047,250,1041.486572265625,4.1659464836120605,9.174732208251953,0.1901249885559082,511750
1,2048,250,1915.167724609375,7.660670757293701,8.989706039428711,0.1897292137145996,512000
1,2049,250,1465.7264404296875,5.862905979156494,8.575149536132812,0.18933331966400146,512250
1,2050,250,81.62687683105469,0.3265075087547302,8.67379093170166,0.18893754482269287,512500
1,2051,250,1053.81396484375,4.2152557373046875,8.346537590026855,0.18854165077209473,512750
1,2052,250,1518.4111328125,6.073644638061523,8.186456680297852,0.18814587593078613,513000
1,2053,250,1468.4619140625,5.873847484588623,8.193997383117676,0.187749981880188,513250
1,2054,250,1204.23828125,4.816953182220459,7.960051536560059,0.1873542070388794,513500
1,2055,250,1496.21435546875,5.984857559204102,7.892818927764893,0.18695831298828125,513750
1,2056,250,1418.0372314453125,5.672148704528809,7.772836685180664,0.18656253814697266,514000
1,2057,250,945.8555908203125,3.7834224700927734,7.716477870941162,0.1861666440963745,514250
1,2058,250,1637.71826171875,6.550873279571533,7.6966705322265625,0.18577086925506592,514500
1,2059,250,1655.3653564453125,6.621461391448975,7.792557239532471,0.18537497520446777,514750
1,2060,250,1527.8282470703125,6.1113128662109375,7.561896324157715,0.18497920036315918,515000
1,2061,250,1396.735595703125,5.586942195892334,7.179515838623047,0.18458330631256104,515250
1,2062,250,1074.552490234375,4.298210144042969,7.40079402923584,0.18418753147125244,515500
1,2063,250,83.2632064819336,0.3330528140068054,7.463793754577637,0.1837916374206543,515750
1,2064,250,744.450439453125,2.97780179977417,7.019693851470947,0.1833958625793457,516000
1,2065,250,1210.5068359375,4.842027187347412,7.201563835144043,0.18299996852874756,516250
1,2066,250,1467.861083984375,5.871444225311279,6.925926685333252,0.18260419368743896,516500
1,2067,250,1260.893310546875,5.043573379516602,6.977260589599609,0.1822083592414856,516750
1,2068,250,606.8388671875,2.4273555278778076,6.799527645111084,0.18181252479553223,517000
1,2069,250,1231.826416015625,4.927305698394775,7.361849308013916,0.18141669034957886,517250
1,2070,250,1508.95849609375,6.035833835601807,7.394757270812988,0.1810208559036255,517500
1,2071,250,1720.874267578125,6.88349723815918,6.979389667510986,0.18062502145767212,517750
1,2072,250,40.50384521484375,0.1620153784751892,6.9501519203186035,0.18022918701171875,518000
1,2073,250,1712.851806640625,6.851407051086426,7.707820892333984,0.17983335256576538,518250
1,2074,250,1875.322509765625,7.5012898445129395,7.316591262817383,0.179437518119812,518500
1,2075,250,982.951171875,3.931804656982422,6.952480792999268,0.17904168367385864,518750
1,2076,250,1211.234619140625,4.844938278198242,7.152485370635986,0.17864584922790527,519000
1,2077,250,1567.1529541015625,6.268611907958984,7.595348358154297,0.1782500147819519,519250
1,2078,250,1540.1546630859375,6.160618782043457,7.264164924621582,0.17785418033599854,519500
1,2079,250,1385.9759521484375,5.543903827667236,7.01149845123291,0.17745834589004517,519750
1,2080,250,1398.58447265625,5.5943379402160645,7.164468765258789,0.1770625114440918,520000
1,2081,250,1491.5771484375,5.96630859375,7.546368598937988,0.17666667699813843,520250
1,2082,250,1495.7293701171875,5.982917308807373,7.450909614562988,0.17627084255218506,520500
1,2083,250,1511.597900390625,6.046391487121582,7.078808784484863,0.1758750081062317,520750
1,2084,250,1654.26220703125,6.617048740386963,7.265810966491699,0.17547917366027832,521000
1,2085,250,970.5186767578125,3.8820745944976807,7.569452285766602,0.17508333921432495,521250
1,2086,250,1420.654052734375,5.682616233825684,7.139425754547119,0.17468750476837158,521500
1,2087,250,1487.2171630859375,5.948868751525879,7.1912126541137695,0.1742916703224182,521750
1,2088,250,1394.68359375,5.578734397888184,7.167388916015625,0.17389589548110962,522000
1,2089,250,1604.640380859375,6.4185614585876465,7.3896918296813965,0.17350000143051147,522250
1,2090,250,1030.1944580078125,4.120777606964111,7.554307460784912,0.17310422658920288,522500
1,2091,250,1497.585205078125,5.990340709686279,7.465245723724365,0.17270833253860474,522750
1,2092,250,1545.3853759765625,6.181541442871094,6.960419654846191,0.17231255769729614,523000
1,2093,250,1471.526123046875,5.886104583740234,6.9903483390808105,0.171916663646698,523250
1,2094,250,1601.1683349609375,6.4046735763549805,7.248897552490234,0.1715208888053894,523500
1,2095,250,1905.79150390625,7.623166084289551,6.897050380706787,0.17112499475479126,523750
1,2096,250,1749.771240234375,6.999084949493408,6.775600433349609,0.17072921991348267,524000
1,2097,250,1747.7952880859375,6.991181373596191,7.113499164581299,0.17033332586288452,524250
1,2098,250,1685.2711181640625,6.741084575653076,6.8213887214660645,0.16993755102157593,524500
1,2099,250,1642.357177734375,6.56942892074585,6.858714580535889,0.16954165697097778,524750
1,2100,250,-20.919973373413086,-0.08367989212274551,6.380801200866699,0.1691458821296692,525000
1,2101,250,1565.221435546875,6.260885715484619,7.185479164123535,0.16874998807907104,525250
1,2102,250,1506.5341796875,6.026136875152588,7.072874546051025,0.16835415363311768,525500
1,2103,250,971.7130737304688,3.886852264404297,6.95632266998291,0.1679583191871643,525750
1,2104,250,1290.6102294921875,5.162440776824951,6.511781692504883,0.16756248474121094,526000
1,2105,250,472.6473388671875,1.8905893564224243,7.202661991119385,0.16716665029525757,526250
1,2106,250,1696.46728515625,6.785869121551514,7.238730430603027,0.1667708158493042,526500
1,2107,250,1482.8680419921875,5.931472301483154,7.155271053314209,0.1663750410079956,526750
1,2108,250,1532.74658203125,6.130986213684082,6.900089740753174,0.16597914695739746,527000
1,2109,250,1620.875732421875,6.4835028648376465,7.038196563720703,0.16558337211608887,527250
1,2110,250,1671.3018798828125,6.685207366943359,6.845905303955078,0.16518747806549072,527500
1,2111,250,1553.37744140625,6.213509559631348,7.106819152832031,0.16479170322418213,527750
1,2112,250,1730.6044921875,6.922418117523193,6.570393085479736,0.16439580917358398,528000
1,2113,250,1474.6270751953125,5.898508071899414,6.588364601135254,0.1640000343322754,528250
1,2114,250,1711.6497802734375,6.846599102020264,6.794220924377441,0.16360414028167725,528500
1,2115,250,904.3333740234375,3.61733341217041,6.517542839050293,0.16320836544036865,528750
1,2116,250,1658.33642578125,6.633345603942871,7.145207405090332,0.1628124713897705,529000
1,2117,250,350.01617431640625,1.4000647068023682,6.6396355628967285,0.16241669654846191,529250
1,2118,250,1495.322265625,5.981288909912109,7.196530342102051,0.16202080249786377,529500
1,2119,250,1633.364501953125,6.533458232879639,6.75389289855957,0.16162502765655518,529750
1,2120,250,1718.7174072265625,6.8748698234558105,6.704989910125732,0.16122913360595703,530000
1,2121,250,1280.5438232421875,5.122175216674805,7.0286149978637695,0.16083335876464844,530250
1,2122,250,1544.649658203125,6.178598403930664,6.6983184814453125,0.1604374647140503,530500
1,2123,250,1553.0726318359375,6.2122907638549805,6.165563583374023,0.1600416898727417,530750
1,2124,250,1234.69873046875,4.93879508972168,6.717832088470459,0.15964579582214355,531000
1,2125,250,1339.80615234375,5.359224796295166,6.631828308105469,0.15925002098083496,531250
1,2126,250,1736.6810302734375,6.946723937988281,6.537250995635986,0.1588541865348816,531500
1,2127,250,518.8983154296875,2.0755932331085205,6.531904220581055,0.15845835208892822,531750
1,2128,250,1627.2001953125,6.508800983428955,6.647912979125977,0.15806251764297485,532000
1,2129,250,-18.389556884765625,-0.07355822622776031,7.060179710388184,0.15766668319702148,532250
1,2130,250,1585.2227783203125,6.340890884399414,7.334304332733154,0.15727084875106812,532500
1,2131,250,-35.704322814941406,-0.14281728863716125,6.93067741394043,0.15687501430511475,532750
1,2132,250,1750.1456298828125,7.000582695007324,7.389277458190918,0.15647917985916138,533000
1,2133,250,-48.5324592590332,-0.1941298395395279,7.5189595222473145,0.156083345413208,533250
1,2134,250,1382.771484375,5.531085968017578,7.883126258850098,0.15568751096725464,533500
1,2135,250,1381.2813720703125,5.525125503540039,7.726879119873047,0.15529167652130127,533750
1,2136,250,-54.87323760986328,-0.21949295699596405,7.834048748016357,0.1548958420753479,534000
1,2137,250,-68.1095199584961,-0.27243807911872864,9.167552947998047,0.15450000762939453,534250
1,2138,250,1534.2816162109375,6.137126445770264,8.586140632629395,0.15410417318344116,534500
1,2139,250,-49.20653533935547,-0.19682614505290985,8.835856437683105,0.1537083387374878,534750
1,2140,250,-55.317256927490234,-0.22126902639865875,9.87691593170166,0.15331250429153442,535000
1,2141,250,1299.65673828125,5.19862699508667,9.910465240478516,0.15291666984558105,535250
1,2142,250,1660.171630859375,6.640686511993408,9.458751678466797,0.15252083539962769,535500
1,2143,250,-57.51972198486328,-0.23007889091968536,9.269416809082031,0.15212500095367432,535750
1,2144,250,-20.452011108398438,-0.08180804550647736,9.738556861877441,0.15172916650772095,536000
1,2145,250,1469.9224853515625,5.879690170288086,9.937461853027344,0.15133333206176758,536250
1,2146,250,1277.908447265625,5.111633777618408,9.682136535644531,0.1509374976158142,536500
1,2147,250,1004.253662109375,4.017014503479004,9.439074516296387,0.15054172277450562,536750
1,2148,250,1678.9443359375,6.715777397155762,9.14689826965332,0.15014582872390747,537000
1,2149,250,620.3533935546875,2.4814136028289795,9.747479438781738,0.14975005388259888,537250
1,2150,250,1511.617431640625,6.046469688415527,9.477900505065918,0.14935415983200073,537500
1,2151,250,1402.8089599609375,5.611235618591309,8.902606964111328,0.14895838499069214,537750
1,2152,250,1581.0513916015625,6.32420539855957,9.073492050170898,0.148562490940094,538000
1,2153,250,1819.828857421875,7.27931547164917,9.970356941223145,0.1481667160987854,538250
1,2154,250,1632.7918701171875,6.531167507171631,9.187146186828613,0.14777082204818726,538500
1,2155,250,1587.5067138671875,6.350027084350586,8.754940032958984,0.14737504720687866,538750
1,2156,250,1135.661865234375,4.542647361755371,8.705235481262207,0.14697915315628052,539000
1,2157,250,1842.0206298828125,7.368082523345947,8.842560768127441,0.14658337831497192,539250
1,2158,250,1616.52685546875,6.466107368469238,8.679150581359863,0.14618748426437378,539500
1,2159,250,1472.0643310546875,5.8882575035095215,8.521744728088379,0.14579170942306519,539750
1,2160,250,967.0255126953125,3.8681020736694336,7.794555187225342,0.14539581537246704,540000
1,2161,250,1148.851806640625,4.595407009124756,7.831928253173828,0.14500004053115845,540250
1,2162,250,1677.1923828125,6.70876932144165,7.624578952789307,0.1446041464805603,540500
1,2163,250,1545.117919921875,6.180471897125244,7.6274094581604,0.1442083716392517,540750
1,2164,250,1738.3917236328125,6.953567028045654,7.143004894256592,0.14381247758865356,541000
1,2165,250,965.405517578125,3.8616220951080322,7.752040863037109,0.14341670274734497,541250
1,2166,250,69.7777099609375,0.279110848903656,7.360708713531494,0.1430208683013916,541500
1,2167,250,7.471570014953613,0.02988627925515175,7.312029838562012,0.14262503385543823,541750
1,2168,250,6.702678680419922,0.026810714974999428,7.355106830596924,0.14222919940948486,542000
1,2169,250,474.08843994140625,1.8963537216186523,8.038416862487793,0.1418333649635315,542250
1,2170,250,79.54640197753906,0.31818559765815735,8.082030296325684,0.14143753051757812,542500
1,2171,250,1514.5096435546875,6.058038711547852,7.842835426330566,0.14104169607162476,542750
1,2172,250,-71.51161193847656,-0.28604644536972046,7.469005584716797,0.1406458616256714,543000
1,2173,250,1247.247802734375,4.9889912605285645,8.088951110839844,0.14025002717971802,543250
1,2174,250,-34.04302978515625,-0.1361721158027649,7.966985702514648,0.13985419273376465,543500
1,2175,250,1271.3284912109375,5.08531379699707,8.154829025268555,0.13945835828781128,543750
1,2176,250,-74.64104461669922,-0.2985641658306122,7.600321292877197,0.1390625238418579,544000
1,2177,250,-46.90487289428711,-0.18761949241161346,8.217328071594238,0.13866662979125977,544250
1,2178,250,1351.0675048828125,5.404270172119141,8.065875053405762,0.13827085494995117,544500
1,2179,250,1323.284912109375,5.293139457702637,8.052501678466797,0.13787496089935303,544750
1,2180,250,-46.42264175415039,-0.18569056689739227,7.580438137054443,0.13747918605804443,545000
1,2181,250,1715.03466796875,6.860138893127441,7.900219917297363,0.1370832920074463,545250
1,2182,250,1491.3878173828125,5.965551376342773,7.851467132568359,0.1366875171661377,545500
1,2183,250,-57.08158493041992,-0.22832633554935455,7.737173080444336,0.13629162311553955,545750
1,2184,250,-52.300140380859375,-0.20920056104660034,7.603543758392334,0.13589584827423096,546000
1,2185,250,-80.62460327148438,-0.3224984109401703,8.060626029968262,0.1355000138282776,546250
1,2186,250,-80.4468002319336,-0.3217872083187103,8.072083473205566,0.13510417938232422,546500
1,2187,250,-73.20635223388672,-0.2928254008293152,8.15126895904541,0.13470834493637085,546750
1,2188,250,1779.881591796875,7.119526386260986,7.9699625968933105,0.13431251049041748,547000
1,2189,250,-71.04212188720703,-0.2841684818267822,8.352245330810547,0.1339166760444641,547250
1,2190,250,-36.41891860961914,-0.1456756740808487,8.028627395629883,0.13352084159851074,547500
1,2191,250,-76.06407928466797,-0.3042563199996948,8.237265586853027,0.13312500715255737,547750
1,2192,250,-30.699811935424805,-0.12279924750328064,8.034141540527344,0.132729172706604,548000
1,2193,250,1584.28125,6.337124824523926,8.571887016296387,0.13233333826065063,548250
1,2194,250,1837.6160888671875,7.350464344024658,8.251204490661621,0.13193750381469727,548500
1,2195,250,-32.361602783203125,-0.12944641709327698,8.307876586914062,0.1315416693687439,548750
1,2196,250,1806.5863037109375,7.226345062255859,8.150714874267578,0.13114583492279053,549000
1,2197,250,1668.5216064453125,6.674086570739746,8.610111236572266,0.13075000047683716,549250
1,2198,250,-48.205528259277344,-0.19282211363315582,8.573067665100098,0.1303541660308838,549500
1,2199,250,-40.28843688964844,-0.16115374863147736,8.520999908447266,0.12995833158493042,549750
1,2200,250,1719.834716796875,6.87933874130249,8.675312995910645,0.12956249713897705,550000
1,2201,250,-4.640082836151123,-0.01856033131480217,9.16988468170166,0.12916666269302368,550250
1,2202,250,1661.0511474609375,6.644204616546631,9.078126907348633,0.1287708282470703,550500
1,2203,250,1630.976318359375,6.523905277252197,8.69819164276123,0.12837499380111694,550750
1,2204,250,-54.07396697998047,-0.21629586815834045,8.63671875,0.12797915935516357,551000
1,2205,250,1589.63427734375,6.358537197113037,9.201701164245605,0.1275833249092102,551250
1,2206,250,1567.509765625,6.270039081573486,9.034290313720703,0.1271875500679016,551500
1,2207,250,1763.77587890625,7.055103302001953,8.62065601348877,0.12679165601730347,551750
1,2208,250,1741.9249267578125,6.9676995277404785,8.225947380065918,0.12639588117599487,552000
1,2209,250,1753.5867919921875,7.014347076416016,8.29448413848877,0.12599998712539673,552250
1,2210,250,-54.53877258300781,-0.21815508604049683,8.164754867553711,0.12560421228408813,552500
1,2211,250,1660.861083984375,6.643444538116455,8.091714859008789,0.12520831823349,552750
1,2212,250,1624.394287109375,6.49757719039917,7.712676048278809,0.1248125433921814,553000
1,2213,250,1620.5880126953125,6.482352256774902,8.298677444458008,0.12441664934158325,553250
1,2214,250,1667.819091796875,6.671276569366455,7.6764044761657715,0.12402087450027466,553500
1,2215,250,-102.3592300415039,-0.4094369113445282,7.46727180480957,0.12362498044967651,553750
1,2216,250,1623.330078125,6.493320465087891,7.443886756896973,0.12322920560836792,554000
1,2217,250,1581.891357421875,6.3275651931762695,7.625527858734131,0.12283331155776978,554250
1,2218,250,-44.2049446105957,-0.17681977152824402,7.029459476470947,0.12243753671646118,554500
1,2219,250,1736.388427734375,6.945553779602051,7.103429794311523,0.12204164266586304,554750
1,2220,250,1747.8447265625,6.9913787841796875,7.089077949523926,0.12164586782455444,555000
1,2221,250,-74.69651794433594,-0.29878607392311096,7.3551740646362305,0.1212499737739563,555250
1,2222,250,1861.2127685546875,7.444850921630859,6.977237701416016,0.1208541989326477,555500
1,2223,250,1761.2904052734375,7.045161724090576,6.823416233062744,0.12045830488204956,555750
1,2224,250,-68.29273986816406,-0.27317094802856445,6.6348137855529785,0.12006253004074097,556000
1,2225,250,-56.46989440917969,-0.22587957978248596,7.232183933258057,0.1196666955947876,556250
1,2226,250,1625.737548828125,6.502950191497803,6.582765102386475,0.11927086114883423,556500
1,2227,250,1576.33251953125,6.305330276489258,6.720132350921631,0.11887502670288086,556750
1,2228,250,-89.11975860595703,-0.35647904872894287,6.467981815338135,0.11847919225692749,557000
1,2229,250,1649.57373046875,6.598294734954834,6.8671770095825195,0.11808335781097412,557250
1,2230,250,553.342041015625,2.2133681774139404,6.591672897338867,0.11768752336502075,557500
1,2231,250,1717.9605712890625,6.871842384338379,6.450135231018066,0.11729168891906738,557750
1,2232,250,1621.7386474609375,6.486954689025879,6.288676738739014,0.11689585447311401,558000
1,2233,250,1568.1087646484375,6.272435188293457,6.178713798522949,0.11650002002716064,558250
1,2234,250,1639.6173095703125,6.558469295501709,6.090854644775391,0.11610418558120728,558500
1,2235,250,606.3660278320312,2.425464153289795,5.834695339202881,0.1157083511352539,558750
1,2236,250,-63.10093307495117,-0.25240373611450195,5.9267377853393555,0.11531251668930054,559000
1,2237,250,1513.13134765625,6.052525520324707,6.1512131690979,0.11491668224334717,559250
1,2238,250,-55.730979919433594,-0.22292391955852509,6.085790157318115,0.1145208477973938,559500
1,2239,250,-81.02515411376953,-0.3241006135940552,6.034878253936768,0.11412501335144043,559750
1,2240,250,1642.739013671875,6.570956230163574,5.962581634521484,0.11372917890548706,560000
1,2241,250,1412.576171875,5.650304794311523,6.240788459777832,0.11333334445953369,560250
1,2242,250,571.4866943359375,2.285946846008301,5.963917255401611,0.11293751001358032,560500
1,2243,250,1731.3438720703125,6.925375461578369,5.8789544105529785,0.11254167556762695,560750
1,2244,250,1666.68212890625,6.666728496551514,5.74126672744751,0.11214584112167358,561000
1,2245,250,1553.636962890625,6.214547634124756,6.1754326820373535,0.11175000667572021,561250
1,2246,250,-51.55654525756836,-0.20622618496418,6.0207133293151855,0.11135423183441162,561500
1,2247,250,1869.5135498046875,7.478054046630859,5.921545505523682,0.11095833778381348,561750
1,2248,250,1615.58544921875,6.462341785430908,5.678802967071533,0.11056256294250488,562000
1,2249,250,1602.07861328125,6.408314228057861,6.515017032623291,0.11016666889190674,562250
1,2250,250,1449.83935546875,5.7993574142456055,6.040997505187988,0.10977089405059814,562500
1,2251,250,1537.337890625,6.149351596832275,5.866097450256348,0.109375,562750
1,2252,250,1395.9996337890625,5.583998680114746,5.826895236968994,0.10897916555404663,563000
1,2253,250,1465.25244140625,5.86100959777832,6.250997543334961,0.10858333110809326,563250
1,2254,250,-14.816787719726562,-0.05926715210080147,5.9044928550720215,0.10818749666213989,563500
1,2255,250,1132.4619140625,4.529847621917725,6.240323066711426,0.10779166221618652,563750
1,2256,250,1470.1961669921875,5.880784511566162,5.956662178039551,0.10739582777023315,564000
1,2257,250,1506.42333984375,6.025693416595459,6.427774429321289,0.10699999332427979,564250
1,2258,250,1651.485595703125,6.605942249298096,6.004038333892822,0.10660415887832642,564500
1,2259,250,713.4553833007812,2.8538215160369873,5.998919486999512,0.10620832443237305,564750
1,2260,250,1646.73095703125,6.586923599243164,6.04946756362915,0.10581248998641968,565000
1,2261,250,1829.23046875,7.316921710968018,6.018403053283691,0.10541665554046631,565250
1,2262,250,1683.1884765625,6.732753753662109,6.062774181365967,0.10502082109451294,565500
1,2263,250,1793.2794189453125,7.173117637634277,6.050565719604492,0.10462498664855957,565750
1,2264,250,1842.1956787109375,7.3687825202941895,5.8725104331970215,0.1042291522026062,566000
1,2265,250,1742.532470703125,6.97012996673584,5.660630702972412,0.10383337736129761,566250
1,2266,250,1714.8392333984375,6.859356880187988,5.543643474578857,0.10343748331069946,566500
1,2267,250,987.1339111328125,3.948535680770874,5.440860271453857,0.10304170846939087,566750
1,2268,250,902.3939819335938,3.6095759868621826,5.528609275817871,0.10264581441879272,567000
1,2269,250,1609.40380859375,6.437615394592285,5.690829277038574,0.10225003957748413,567250
1,2270,250,1020.0455932617188,4.0801825523376465,5.6020660400390625,0.10185414552688599,567500
1,2271,250,1370.4234619140625,5.481693744659424,5.553308010101318,0.10145837068557739,567750
1,2272,250,1753.9951171875,7.015980243682861,5.327541351318359,0.10106247663497925,568000
1,2273,250,1744.0537109375,6.97621488571167,5.906867504119873,0.10066670179367065,568250
1,2274,250,1483.580322265625,5.934321403503418,5.718367099761963,0.10027080774307251,568500
1,2275,250,1812.80126953125,7.251204967498779,5.230388641357422,0.09987503290176392,568750
1,2276,250,1670.1715087890625,6.680685997009277,5.373469829559326,0.09947913885116577,569000
1,2277,250,1692.6934814453125,6.770773887634277,5.450933933258057,0.09908336400985718,569250
1,2278,250,1515.10791015625,6.060431480407715,5.2250566482543945,0.09868746995925903,569500
1,2279,250,1733.681884765625,6.934727668762207,5.228750228881836,0.09829169511795044,569750
1,2280,250,1629.9808349609375,6.519923210144043,5.095660209655762,0.0978958010673523,570000
1,2281,250,521.025146484375,2.0841004848480225,5.205751895904541,0.0975000262260437,570250
1,2282,250,1317.1107177734375,5.2684431076049805,5.261613845825195,0.09710413217544556,570500
1,2283,250,1761.8890380859375,7.047555923461914,4.998812198638916,0.09670835733413696,570750
1,2284,250,475.9190368652344,1.903676152229309,5.419125556945801,0.0963125228881836,571000
1,2285,250,1721.815185546875,6.887260913848877,5.403926849365234,0.09591668844223022,571250
1,2286,250,1502.2235107421875,6.008893966674805,5.353129863739014,0.09552085399627686,571500
1,2287,250,1437.779541015625,5.751118183135986,5.256187438964844,0.09512501955032349,571750
1,2288,250,1542.2559814453125,6.1690239906311035,5.009769916534424,0.09472918510437012,572000
1,2289,250,1754.625732421875,7.018502712249756,5.534024715423584,0.09433335065841675,572250
1,2290,250,1257.4539794921875,5.029816150665283,5.346878528594971,0.09393751621246338,572500
1,2291,250,1720.9041748046875,6.883616924285889,5.274095058441162,0.09354168176651001,572750
1,2292,250,1770.0313720703125,7.080125331878662,5.2283196449279785,0.09314584732055664,573000
1,2293,250,1767.42333984375,7.069693565368652,5.516334056854248,0.09275001287460327,573250
1,2294,250,1734.698974609375,6.938796043395996,5.334751605987549,0.0923541784286499,573500
1,2295,250,1737.91015625,6.951640605926514,5.001925945281982,0.09195834398269653,573750
1,2296,250,1538.118896484375,6.152475357055664,4.817910671234131,0.09156250953674316,574000
1,2297,250,1303.822265625,5.215289115905762,4.971966743469238,0.0911666750907898,574250
1,2298,250,1778.5274658203125,7.114109992980957,4.77101469039917,0.09077084064483643,574500
1,2299,250,1748.046142578125,6.992184638977051,4.785803318023682,0.09037500619888306,574750
1,2300,250,1592.0919189453125,6.368367671966553,4.591374397277832,0.08997917175292969,575000
1,2301,250,1816.869140625,7.267476558685303,4.660529136657715,0.08958333730697632,575250
1,2302,250,1783.7998046875,7.135199069976807,4.8287858963012695,0.08918750286102295,575500
1,2303,250,658.7756958007812,2.6351027488708496,4.55527925491333,0.08879166841506958,575750
1,2304,250,850.6382446289062,3.402553081512451,4.7692718505859375,0.08839583396911621,576000
1,2305,250,1764.022705078125,7.056090831756592,4.94348669052124,0.08800005912780762,576250
1,2306,250,1584.727783203125,6.338911056518555,5.009557247161865,0.08760416507720947,576500
1,2307,250,1764.29736328125,7.057189464569092,4.844723224639893,0.08720839023590088,576750
1,2308,250,1500.441650390625,6.001766681671143,4.968591213226318,0.08681249618530273,577000
1,2309,250,1675.8739013671875,6.703495502471924,4.7133469581604,0.08641672134399414,577250
1,2310,250,13.69916820526123,0.054796673357486725,4.816592216491699,0.086020827293396,577500
1,2311,250,799.1575317382812,3.1966302394866943,4.988983631134033,0.0856250524520874,577750
1,2312,250,-33.95149612426758,-0.13580597937107086,4.977774143218994,0.08522915840148926,578000
1,2313,250,-9.276287078857422,-0.037105146795511246,5.279696941375732,0.08483338356018066,578250
1,2314,250,1744.496826171875,6.977987289428711,5.4275312423706055,0.08443748950958252,578500
1,2315,250,1405.2364501953125,5.620945930480957,5.357186317443848,0.08404171466827393,578750
1,2316,250,-20.098514556884766,-0.08039405941963196,5.695560932159424,0.08364582061767578,579000
1,2317,250,1762.011962890625,7.04804801940918,5.873858451843262,0.08325004577636719,579250
1,2318,250,-99.74404907226562,-0.39897620677948,5.699331760406494,0.08285415172576904,579500
1,2319,250,448.07427978515625,1.792297124862671,5.821901321411133,0.08245837688446045,579750
1,2320,250,-173.6059112548828,-0.6944236159324646,5.783812999725342,0.0820624828338623,580000
1,2321,250,-484.85894775390625,-1.9394358396530151,6.176095962524414,0.08166670799255371,580250
1,2322,250,-56.55390548706055,-0.22621561586856842,5.953513145446777,0.08127081394195557,580500
1,2323,250,1450.4244384765625,5.801697731018066,6.0229620933532715,0.08087503910064697,580750
1,2324,250,-27.976303100585938,-0.11190520972013474,6.100260257720947,0.0804792046546936,581000
1,2325,250,1424.5150146484375,5.698060035705566,6.450688362121582,0.08008337020874023,581250
1,2326,250,1298.6973876953125,5.194789409637451,5.951571464538574,0.07968753576278687,581500
1,2327,250,1176.4500732421875,4.7058000564575195,5.951065540313721,0.07929164171218872,581750
1,2328,250,1533.981689453125,6.135926723480225,5.8265299797058105,0.07889586687088013,582000
1,2329,250,-48.1909065246582,-0.19276362657546997,6.188754081726074,0.07849997282028198,582250
1,2330,250,1676.3612060546875,6.705444812774658,6.093338489532471,0.07810419797897339,582500
1,2331,250,1741.09228515625,6.964369297027588,6.2448410987854,0.07770830392837524,582750
1,2332,250,1545.056640625,6.1802263259887695,6.090893268585205,0.07731252908706665,583000
1,2333,250,306.2137451171875,1.2248549461364746,6.484910011291504,0.0769166350364685,583250
1,2334,250,-19.669139862060547,-0.07867655903100967,6.251707077026367,0.07652086019515991,583500
1,2335,250,1406.284912109375,5.6251397132873535,6.255784511566162,0.07612496614456177,583750
1,2336,250,1316.694580078125,5.266778469085693,6.412261009216309,0.07572919130325317,584000
1,2337,250,-496.6650085449219,-1.9866600036621094,6.580711841583252,0.07533329725265503,584250
1,2338,250,1733.5418701171875,6.934167385101318,6.3572235107421875,0.07493752241134644,584500
1,2339,250,1050.9560546875,4.203824043273926,6.22463321685791,0.07454162836074829,584750
1,2340,250,561.6162109375,2.246464729309082,6.469111919403076,0.0741458535194397,585000
1,2341,250,1479.6689453125,5.918675899505615,6.5989909172058105,0.07374995946884155,585250
1,2342,250,1665.7540283203125,6.663016319274902,6.367934226989746,0.07335418462753296,585500
1,2343,250,-4.519381999969482,-0.018077528104186058,6.391294479370117,0.07295835018157959,585750
1,2344,250,1341.08349609375,5.3643341064453125,6.853850364685059,0.07256251573562622,586000
1,2345,250,1615.0955810546875,6.460382461547852,6.701893329620361,0.07216668128967285,586250
1,2346,250,1571.322509765625,6.285290241241455,6.43093729019165,0.07177084684371948,586500
1,2347,250,1495.0350341796875,5.980140209197998,6.4157795906066895,0.07137501239776611,586750
1,2348,250,1677.871826171875,6.711487293243408,6.435697078704834,0.07097917795181274,587000
1,2349,250,1224.6710205078125,4.898684024810791,6.734312534332275,0.07058334350585938,587250
1,2350,250,1668.356689453125,6.673426628112793,6.396548271179199,0.070187509059906,587500
1,2351,250,1671.773193359375,6.6870927810668945,6.279933452606201,0.06979167461395264,587750
1,2352,250,1673.279052734375,6.693116188049316,6.326581001281738,0.06939584016799927,588000
1,2353,250,25.502878189086914,0.10201150923967361,6.255875110626221,0.0690000057220459,588250
1,2354,250,1691.5157470703125,6.766063213348389,6.315199851989746,0.06860417127609253,588500
1,2355,250,845.7891845703125,3.3831567764282227,6.004535675048828,0.06820833683013916,588750
1,2356,250,1680.4296875,6.721718788146973,6.047095775604248,0.06781250238418579,589000
1,2357,250,1684.296142578125,6.737184524536133,6.438816070556641,0.06741666793823242,589250
1,2358,250,1697.1883544921875,6.788753509521484,5.91332483291626,0.06702083349227905,589500
1,2359,250,676.7445068359375,2.7069780826568604,5.946903228759766,0.06662499904632568,589750
1,2360,250,1667.5146484375,6.670058727264404,6.034436225891113,0.06622916460037231,590000
1,2361,250,1681.130126953125,6.724520683288574,5.925267696380615,0.06583333015441895,590250
1,2362,250,1595.791259765625,6.383164882659912,5.780288219451904,0.06543749570846558,590500
1,2363,250,1447.399169921875,5.7895965576171875,5.432389259338379,0.06504166126251221,590750
1,2364,250,1734.587646484375,6.938350677490234,5.143306732177734,0.06464588642120361,591000
1,2365,250,-141.50550842285156,-0.5660220384597778,5.610313892364502,0.06424999237060547,591250
1,2366,250,1635.80908203125,6.543236255645752,5.251244068145752,0.06385421752929688,591500
1,2367,250,1688.304931640625,6.7532196044921875,5.446916103363037,0.06345832347869873,591750
1,2368,250,1643.556396484375,6.574225425720215,5.380908012390137,0.06306254863739014,592000
1,2369,250,965.3505859375,3.8614022731781006,5.810578346252441,0.06266665458679199,592250
1,2370,250,1739.449951171875,6.957799911499023,5.5037150382995605,0.0622708797454834,592500
1,2371,250,1735.899658203125,6.943598747253418,5.58253288269043,0.061874985694885254,592750
1,2372,250,769.4683227539062,3.0778732299804688,5.526137828826904,0.06147921085357666,593000
1,2373,250,1892.8814697265625,7.571526050567627,5.89037561416626,0.061083316802978516,593250
1,2374,250,1602.573486328125,6.410294055938721,5.391046524047852,0.06068754196166992,593500
1,2375,250,1826.5460205078125,7.3061842918396,5.084488391876221,0.06029164791107178,593750
1,2376,250,1607.29833984375,6.429193496704102,5.132802486419678,0.059895873069763184,594000
1,2377,250,1773.5419921875,7.094168186187744,5.5291428565979,0.05949997901916504,594250
1,2378,250,1628.7667236328125,6.515067100524902,5.3729329109191895,0.059104204177856445,594500
1,2379,250,1510.42724609375,6.041708946228027,4.945131778717041,0.0587083101272583,594750
1,2380,250,1906.8582763671875,7.6274333000183105,5.128732681274414,0.05831253528594971,595000
1,2381,250,1832.493408203125,7.3299736976623535,4.8446784019470215,0.05791664123535156,595250
1,2382,250,1735.7733154296875,6.943093299865723,5.084668159484863,0.05752086639404297,595500
1,2383,250,1577.1484375,6.30859375,4.866530418395996,0.0571250319480896,595750
1,2384,250,1728.30322265625,6.913212776184082,4.822573184967041,0.05672919750213623,596000
1,2385,250,1717.240966796875,6.868963718414307,4.853640556335449,0.05633336305618286,596250
1,2386,250,1555.19384765625,6.220775604248047,4.619086265563965,0.05593752861022949,596500
1,2387,250,1486.896240234375,5.947585105895996,4.514504909515381,0.05554169416427612,596750
1,2388,250,1673.2969970703125,6.693188190460205,4.434476375579834,0.055145859718322754,597000
1,2389,250,1726.5474853515625,6.906189918518066,4.398630619049072,0.054750025272369385,597250
1,2390,250,1492.276611328125,5.969106674194336,4.588963508605957,0.054354190826416016,597500
1,2391,250,1610.3388671875,6.4413557052612305,4.7069902420043945,0.053958356380462646,597750
1,2392,250,1458.389892578125,5.833559513092041,4.555551528930664,0.05356252193450928,598000
1,2393,250,1632.9774169921875,6.531909465789795,4.540713310241699,0.05316668748855591,598250
1,2394,250,1618.30078125,6.473203182220459,4.430323600769043,0.05277085304260254,598500
1,2395,250,1684.2822265625,6.737128734588623,3.950782299041748,0.05237501859664917,598750
1,2396,250,1544.0224609375,6.176089763641357,4.143993377685547,0.0519791841506958,599000
1,2397,250,1630.712890625,6.522851467132568,4.50949239730835,0.05158334970474243,599250
1,2398,250,1524.365478515625,6.097461700439453,4.526974201202393,0.05118751525878906,599500
1,2399,250,1688.5264892578125,6.754106044769287,4.0671892166137695,0.05079168081283569,599750
1,2400,250,1448.7454833984375,5.794981956481934,4.076306343078613,0.050395846366882324,600000
1,2401,250,1676.42626953125,6.705705165863037,4.189560413360596,0.050000011920928955,600250
1,2402,250,-486.72296142578125,-1.9468919038772583,4.143734931945801,0.050000011920928955,600500
1,2403,250,1467.3079833984375,5.869231700897217,4.397896766662598,0.050000011920928955,600750
1,2404,250,1746.7862548828125,6.987144947052002,4.224384784698486,0.050000011920928955,601000
1,2405,250,1497.1112060546875,5.988444805145264,4.410263538360596,0.050000011920928955,601250
1,2406,250,-486.59942626953125,-1.9463976621627808,4.015883445739746,0.050000011920928955,601500
1,2407,250,-484.4205017089844,-1.937682032585144,3.931882858276367,0.050000011920928955,601750
1,2408,250,-404.7935791015625,-1.6191743612289429,4.2982892990112305,0.050000011920928955,602000
1,2409,250,1715.7557373046875,6.863022804260254,4.19440221786499,0.050000011920928955,602250
1,2410,250,1690.35205078125,6.76140832901001,4.042494773864746,0.050000011920928955,602500
1,2411,250,1735.01171875,6.940046787261963,4.086030960083008,0.050000011920928955,602750
1,2412,250,-480.90228271484375,-1.9236091375350952,4.065438270568848,0.050000011920928955,603000
1,2413,250,-483.261962890625,-1.933047890663147,3.8924472332000732,0.050000011920928955,603250
1,2414,250,-474.2276306152344,-1.896910548210144,4.118416786193848,0.050000011920928955,603500
1,2415,250,1700.759033203125,6.803036212921143,4.00740909576416,0.050000011920928955,603750
1,2416,250,1679.285888671875,6.717143535614014,3.875117063522339,0.050000011920928955,604000
1,2417,250,1691.28369140625,6.765134811401367,3.9255788326263428,0.050000011920928955,604250
1,2418,250,1738.2427978515625,6.9529709815979,3.7385566234588623,0.050000011920928955,604500
1,2419,250,1680.102783203125,6.72041130065918,3.818403482437134,0.050000011920928955,604750
1,2420,250,1758.249267578125,7.032997131347656,3.7266244888305664,0.050000011920928955,605000
1,2421,250,78.96647644042969,0.3158659040927887,3.9184648990631104,0.050000011920928955,605250
1,2422,250,-384.8616027832031,-1.5394463539123535,3.886941432952881,0.050000011920928955,605500
1,2423,250,175.46469116210938,0.7018587589263916,3.8960883617401123,0.050000011920928955,605750
1,2424,250,1872.5025634765625,7.4900102615356445,4.062498569488525,0.050000011920928955,606000
1,2425,250,96.54313659667969,0.3861725330352783,4.327418804168701,0.050000011920928955,606250
1,2426,250,1706.721923828125,6.826887607574463,4.363802909851074,0.050000011920928955,606500
1,2427,250,1763.3553466796875,7.053421497344971,4.193706035614014,0.050000011920928955,606750
1,2428,250,1765.4876708984375,7.06195068359375,3.904212713241577,0.050000011920928955,607000
1,2429,250,55.81093215942383,0.22324372828006744,4.392355442047119,0.050000011920928955,607250
1,2430,250,-476.8636779785156,-1.9074547290802002,4.1681318283081055,0.050000011920928955,607500
1,2431,250,651.9342651367188,2.6077370643615723,4.437392234802246,0.050000011920928955,607750
1,2432,250,1909.144287109375,7.636577129364014,4.502264976501465,0.050000011920928955,608000
1,2433,250,1702.1939697265625,6.808775901794434,4.655282974243164,0.050000011920928955,608250
1,2434,250,1825.595458984375,7.302381992340088,4.355106830596924,0.050000011920928955,608500
1,2435,250,1721.3055419921875,6.8852219581604,4.504204273223877,0.050000011920928955,608750
1,2436,250,-480.4433898925781,-1.9217735528945923,4.464440822601318,0.050000011920928955,609000
1,2437,250,1891.02587890625,7.564103603363037,4.54060173034668,0.050000011920928955,609250
1,2438,250,1709.3956298828125,6.837582588195801,4.3761210441589355,0.050000011920928955,609500
1,2439,250,1643.115234375,6.572461128234863,4.400776386260986,0.050000011920928955,609750
1,2440,250,1421.7977294921875,5.687191009521484,4.535943984985352,0.050000011920928955,610000
1,2441,250,1570.2398681640625,6.280959606170654,4.812627792358398,0.050000011920928955,610250
1,2442,250,1803.257080078125,7.213028430938721,4.524703502655029,0.050000011920928955,610500
1,2443,250,1743.6510009765625,6.97460412979126,4.543023109436035,0.050000011920928955,610750
1,2444,250,1949.8341064453125,7.7993364334106445,4.154658317565918,0.050000011920928955,611000
1,2445,250,1697.963134765625,6.7918524742126465,4.8087053298950195,0.050000011920928955,611250
1,2446,250,1665.5687255859375,6.6622748374938965,4.662476539611816,0.050000011920928955,611500
1,2447,250,1612.1734619140625,6.448693752288818,4.62983512878418,0.050000011920928955,611750
1,2448,250,675.9443359375,2.703777313232422,4.72084903717041,0.050000011920928955,612000
1,2449,250,1784.381591796875,7.137526512145996,5.197544574737549,0.050000011920928955,612250
1,2450,250,1516.1134033203125,6.064453601837158,4.721769332885742,0.050000011920928955,612500
1,2451,250,1751.6392822265625,7.006556987762451,4.823962211608887,0.050000011920928955,612750
1,2452,250,1626.797119140625,6.507188320159912,5.186318874359131,0.050000011920928955,613000
1,2453,250,1466.8828125,5.8675312995910645,5.224776268005371,0.050000011920928955,613250
1,2454,250,1764.7818603515625,7.059127330780029,5.106991767883301,0.050000011920928955,613500
1,2455,250,1752.927001953125,7.011707782745361,5.036980152130127,0.050000011920928955,613750
1,2456,250,429.189697265625,1.7167588472366333,5.0074896812438965,0.050000011920928955,614000
1,2457,250,-114.009033203125,-0.45603612065315247,5.418315887451172,0.050000011920928955,614250
1,2458,250,1643.9185791015625,6.575674533843994,5.780130863189697,0.050000011920928955,614500
1,2459,250,1558.54736328125,6.234189510345459,5.491285800933838,0.050000011920928955,614750
1,2460,250,79.29037475585938,0.317161500453949,5.548220634460449,0.050000011920928955,615000
1,2461,250,1486.45068359375,5.945802688598633,5.967126369476318,0.050000011920928955,615250
1,2462,250,1078.026123046875,4.31210470199585,5.684706211090088,0.050000011920928955,615500
1,2463,250,1238.277587890625,4.953110218048096,5.835927963256836,0.050000011920928955,615750
1,2464,250,40.42486572265625,0.16169945895671844,5.796627044677734,0.050000011920928955,616000
1,2465,250,1197.50048828125,4.79000186920166,6.268574237823486,0.050000011920928955,616250
1,2466,250,-396.66143798828125,-1.5866457223892212,5.88446044921875,0.050000011920928955,616500
1,2467,250,641.8594970703125,2.5674378871917725,6.392383098602295,0.050000011920928955,616750
1,2468,250,1739.203125,6.956812381744385,5.99288272857666,0.050000011920928955,617000
1,2469,250,1717.52001953125,6.87007999420166,5.924761772155762,0.050000011920928955,617250
1,2470,250,1791.6544189453125,7.1666178703308105,5.893600940704346,0.050000011920928955,617500
1,2471,250,1497.675048828125,5.9907002449035645,5.595038414001465,0.050000011920928955,617750
1,2472,250,1520.4842529296875,6.081936836242676,5.2635345458984375,0.050000011920928955,618000
1,2473,250,1429.7608642578125,5.719043254852295,5.2698774337768555,0.050000011920928955,618250
1,2474,250,1378.09912109375,5.512396335601807,5.645878314971924,0.050000011920928955,618500
1,2475,250,1761.864013671875,7.04745626449585,5.628195762634277,0.050000011920928955,618750
1,2476,250,1501.84423828125,6.0073771476745605,5.503353595733643,0.050000011920928955,619000
1,2477,250,1747.4097900390625,6.9896392822265625,5.12161922454834,0.050000011920928955,619250
1,2478,250,1247.181884765625,4.988727569580078,5.437114715576172,0.050000011920928955,619500
1,2479,250,-488.6836853027344,-1.9547346830368042,5.26687479019165,0.050000011920928955,619750
1,2480,250,1723.7265625,6.894906044006348,5.120514869689941,0.050000011920928955,620000
1,2481,250,180.38186645507812,0.7215274572372437,5.768362045288086,0.050000011920928955,620250
1,2482,250,-37.57589340209961,-0.15030357241630554,5.663686275482178,0.050000011920928955,620500
1,2483,250,1331.455810546875,5.3258233070373535,5.944385051727295,0.050000011920928955,620750
1,2484,250,846.900634765625,3.3876025676727295,6.01923942565918,0.050000011920928955,621000
1,2485,250,1694.2996826171875,6.777198791503906,6.34229040145874,0.050000011920928955,621250
1,2486,250,956.5598754882812,3.826239585876465,5.946778297424316,0.050000011920928955,621500
1,2487,250,1753.1209716796875,7.012484073638916,6.112456321716309,0.050000011920928955,621750
1,2488,250,1740.309814453125,6.961239337921143,5.969250679016113,0.050000011920928955,622000
1,2489,250,-16.004770278930664,-0.0640190839767456,6.011693000793457,0.050000011920928955,622250
1,2490,250,-33.53165054321289,-0.13412660360336304,6.9805426597595215,0.050000011920928955,622500
1,2491,250,1641.455810546875,6.565823078155518,6.895385265350342,0.050000011920928955,622750
1,2492,250,-7.446213245391846,-0.029784852638840675,6.892698764801025,0.050000011920928955,623000
1,2493,250,1671.26513671875,6.685060501098633,7.248884201049805,0.050000011920928955,623250
1,2494,250,1079.3494873046875,4.3173980712890625,7.258218765258789,0.050000011920928955,623500
1,2495,250,1765.518798828125,7.062075138092041,6.800066947937012,0.050000011920928955,623750
1,2496,250,1410.3118896484375,5.641247749328613,6.82553243637085,0.050000011920928955,624000
1,2497,250,1717.751953125,6.871007919311523,6.942895412445068,0.050000011920928955,624250
1,2498,250,491.3292236328125,1.965316891670227,6.9134907722473145,0.050000011920928955,624500
1,2499,250,1496.492431640625,5.985969543457031,6.925202369689941,0.050000011920928955,624750
1,2500,250,1702.7451171875,6.810980319976807,6.664831161499023,0.050000011920928955,625000
1,2501,250,1328.310546875,5.313241958618164,6.31034517288208,0.050000011920928955,625250
1,2502,250,1681.6505126953125,6.726602077484131,6.3688859939575195,0.050000011920928955,625500
1,2503,250,1297.7578125,5.191031455993652,6.239711761474609,0.050000011920928955,625750
1,2504,250,1620.045654296875,6.480182647705078,5.699034690856934,0.050000011920928955,626000
1,2505,250,1697.3590087890625,6.789435863494873,5.894311428070068,0.050000011920928955,626250
1,2506,250,1587.788818359375,6.3511552810668945,6.069362640380859,0.050000011920928955,626500
1,2507,250,1519.1552734375,6.076621055603027,5.469064712524414,0.050000011920928955,626750
1,2508,250,1776.068115234375,7.104272365570068,5.49263858795166,0.050000011920928955,627000
1,2509,250,1750.4876708984375,7.001950740814209,5.600046157836914,0.050000011920928955,627250
1,2510,250,1659.327880859375,6.6373114585876465,5.660630702972412,0.050000011920928955,627500
1,2511,250,969.2770385742188,3.877108097076416,5.524266242980957,0.050000011920928955,627750
1,2512,250,1660.895751953125,6.643582820892334,5.383541107177734,0.050000011920928955,628000
1,2513,250,1774.40283203125,7.097611427307129,5.904841899871826,0.050000011920928955,628250
1,2514,250,1549.786865234375,6.1991472244262695,5.578646659851074,0.050000011920928955,628500
1,2515,250,1676.387939453125,6.705551624298096,5.5126752853393555,0.050000011920928955,628750
1,2516,250,1880.583251953125,7.522333145141602,5.688544273376465,0.050000011920928955,629000
1,2517,250,1657.667236328125,6.630669116973877,5.502252578735352,0.050000011920928955,629250
1,2518,250,1909.98046875,7.63992166519165,5.216617107391357,0.050000011920928955,629500
1,2519,250,1614.9183349609375,6.4596734046936035,5.277835845947266,0.050000011920928955,629750
1,2520,250,1805.5205078125,7.222082138061523,5.232187747955322,0.050000011920928955,630000
1,2521,250,1563.5128173828125,6.254051208496094,5.148553848266602,0.050000011920928955,630250
1,2522,250,1638.9066162109375,6.555626392364502,4.945913314819336,0.050000011920928955,630500
1,2523,250,1891.746826171875,7.56698751449585,5.050865173339844,0.050000011920928955,630750
1,2524,250,1717.50244140625,6.870009899139404,4.649290084838867,0.050000011920928955,631000
1,2525,250,1652.22900390625,6.60891580581665,4.768038749694824,0.050000011920928955,631250
1,2526,250,1777.8565673828125,7.11142635345459,4.748836994171143,0.050000011920928955,631500
1,2527,250,1707.056396484375,6.828225612640381,4.597908973693848,0.050000011920928955,631750
1,2528,250,1640.934814453125,6.56373929977417,4.688656806945801,0.050000011920928955,632000
1,2529,250,1715.91650390625,6.86366605758667,4.649943828582764,0.050000011920928955,632250
1,2530,250,1784.63427734375,7.1385369300842285,4.485471725463867,0.050000011920928955,632500
1,2531,250,1679.560546875,6.718242168426514,4.095751762390137,0.050000011920928955,632750
1,2532,250,1926.97119140625,7.707884788513184,4.028360366821289,0.050000011920928955,633000
1,2533,250,1699.8905029296875,6.799561977386475,3.942967653274536,0.050000011920928955,633250
1,2534,250,56.55079650878906,0.22620318830013275,4.116285800933838,0.050000011920928955,633500
1,2535,250,1713.66015625,6.854640483856201,4.336410999298096,0.050000011920928955,633750
1,2536,250,1766.047119140625,7.064188480377197,4.169057846069336,0.050000011920928955,634000
1,2537,250,1742.4033203125,6.969613075256348,4.150345325469971,0.050000011920928955,634250
1,2538,250,1766.779296875,7.067117214202881,4.267971992492676,0.050000011920928955,634500
1,2539,250,1711.503173828125,6.846012592315674,4.137508392333984,0.050000011920928955,634750
1,2540,250,1330.84130859375,5.323365211486816,4.01767635345459,0.050000011920928955,635000
1,2541,250,1769.022705078125,7.0760908126831055,4.188870906829834,0.050000011920928955,635250
1,2542,250,1929.443115234375,7.717772483825684,3.9244866371154785,0.050000011920928955,635500
1,2543,250,1682.388671875,6.729554653167725,3.880254030227661,0.050000011920928955,635750
1,2544,250,1631.48681640625,6.525947093963623,3.934251308441162,0.050000011920928955,636000
1,2545,250,1613.77685546875,6.45510721206665,4.159972190856934,0.050000011920928955,636250
1,2546,250,1728.87451171875,6.91549825668335,3.849517822265625,0.050000011920928955,636500
1,2547,250,1458.49609375,5.833984375,3.941944122314453,0.050000011920928955,636750
1,2548,250,1424.8353271484375,5.699341297149658,3.9121148586273193,0.050000011920928955,637000
1,2549,250,1525.459716796875,6.101839065551758,4.246233940124512,0.050000011920928955,637250
1,2550,250,1770.927001953125,7.083707809448242,4.036111831665039,0.050000011920928955,637500
1,2551,250,1757.765380859375,7.03106164932251,4.139829635620117,0.050000011920928955,637750
1,2552,250,1730.1151123046875,6.920460224151611,4.083086967468262,0.050000011920928955,638000
1,2553,250,1765.12548828125,7.060502052307129,4.031036853790283,0.050000011920928955,638250
1,2554,250,1957.131103515625,7.828524589538574,4.0347089767456055,0.050000011920928955,638500
1,2555,250,1594.933837890625,6.379735469818115,3.854814291000366,0.050000011920928955,638750
1,2556,250,1590.8404541015625,6.363361835479736,3.870069742202759,0.050000011920928955,639000
1,2557,250,1256.65185546875,5.026607513427734,3.954556941986084,0.050000011920928955,639250
1,2558,250,1622.6209716796875,6.49048376083374,3.958702325820923,0.050000011920928955,639500
1,2559,250,1698.4169921875,6.793667793273926,3.9838204383850098,0.050000011920928955,639750
1,2560,250,1253.9075927734375,5.01563024520874,3.902916193008423,0.050000011920928955,640000
1,2561,250,1554.0859375,6.216343879699707,4.334370136260986,0.050000011920928955,640250
1,2562,250,1725.6712646484375,6.902685165405273,4.276919841766357,0.050000011920928955,640500
1,2563,250,1733.082763671875,6.932331085205078,4.289488792419434,0.050000011920928955,640750
1,2564,250,1739.614990234375,6.958459854125977,4.100549221038818,0.050000011920928955,641000
1,2565,250,1593.785400390625,6.375141620635986,4.03926420211792,0.050000011920928955,641250
1,2566,250,1366.8370361328125,5.467348098754883,4.206885814666748,0.050000011920928955,641500
1,2567,250,1664.496826171875,6.657987117767334,4.101665019989014,0.050000011920928955,641750
1,2568,250,1643.9410400390625,6.575764179229736,4.167937755584717,0.050000011920928955,642000
1,2569,250,1497.142822265625,5.9885711669921875,4.064526081085205,0.050000011920928955,642250
1,2570,250,1658.09765625,6.63239049911499,4.3077392578125,0.050000011920928955,642500
1,2571,250,323.87603759765625,1.295504093170166,4.022212982177734,0.050000011920928955,642750
1,2572,250,1733.24169921875,6.932966709136963,4.423027992248535,0.050000011920928955,643000
1,2573,250,1807.3193359375,7.22927713394165,4.46528959274292,0.050000011920928955,643250
1,2574,250,1667.000732421875,6.668003082275391,4.16738748550415,0.050000011920928955,643500
1,2575,250,1708.365478515625,6.833461761474609,4.137873649597168,0.050000011920928955,643750
1,2576,250,62.22352981567383,0.2488941252231598,4.10666561126709,0.050000011920928955,644000
1,2577,250,203.1469268798828,0.8125876784324646,4.63056755065918,0.050000011920928955,644250
1,2578,250,1742.581787109375,6.970327377319336,4.8891167640686035,0.050000011920928955,644500
1,2579,250,1310.534423828125,5.242137908935547,4.829436779022217,0.050000011920928955,644750
1,2580,250,1594.986328125,6.379945278167725,4.937038898468018,0.050000011920928955,645000
1,2581,250,426.10223388671875,1.704408884048462,5.236854553222656,0.050000011920928955,645250
1,2582,250,1717.7166748046875,6.870866775512695,5.205351829528809,0.050000011920928955,645500
1,2583,250,-16.92428970336914,-0.06769715994596481,5.171623706817627,0.050000011920928955,645750
1,2584,250,-28.173938751220703,-0.11269575357437134,5.690685749053955,0.050000011920928955,646000
1,2585,250,1173.598388671875,4.694393634796143,5.723635196685791,0.050000011920928955,646250
1,2586,250,1810.632080078125,7.242528438568115,5.791791915893555,0.050000011920928955,646500
1,2587,250,1306.27783203125,5.225111484527588,5.418359279632568,0.050000011920928955,646750
1,2588,250,1671.13720703125,6.684548854827881,5.525038242340088,0.050000011920928955,647000
1,2589,250,1614.6986083984375,6.458794593811035,5.47830057144165,0.050000011920928955,647250
1,2590,250,1279.222412109375,5.116889476776123,5.736181735992432,0.050000011920928955,647500
1,2591,250,1854.7369384765625,7.418947696685791,5.392696857452393,0.050000011920928955,647750
1,2592,250,1576.4615478515625,6.305846214294434,5.356637477874756,0.050000011920928955,648000
1,2593,250,1652.5496826171875,6.610198497772217,5.811849594116211,0.050000011920928955,648250
1,2594,250,1586.202392578125,6.344809532165527,5.510289192199707,0.050000011920928955,648500
1,2595,250,-23.173871994018555,-0.09269548952579498,5.877059459686279,0.050000011920928955,648750
1,2596,250,1725.2998046875,6.9011993408203125,5.598480224609375,0.050000011920928955,649000
1,2597,250,1710.4552001953125,6.84182071685791,5.929019451141357,0.050000011920928955,649250
1,2598,250,1641.458251953125,6.56583309173584,5.627373695373535,0.050000011920928955,649500
1,2599,250,1722.4991455078125,6.889996528625488,5.914761543273926,0.050000011920928955,649750
1,2600,250,1645.259521484375,6.581037998199463,5.626077175140381,0.050000011920928955,650000
1,2601,250,13.411894798278809,0.05364757776260376,6.1054606437683105,0.050000011920928955,650250
1,2602,250,-30.819765090942383,-0.12327905744314194,6.013704776763916,0.050000011920928955,650500
1,2603,250,11.934234619140625,0.047736939042806625,6.034513473510742,0.050000011920928955,650750
1,2604,250,-28.84971809387207,-0.11539886891841888,6.496577739715576,0.050000011920928955,651000
1,2605,250,1621.2296142578125,6.484918594360352,6.685659408569336,0.050000011920928955,651250
1,2606,250,38.78055191040039,0.15512220561504364,7.080562591552734,0.050000011920928955,651500
1,2607,250,1760.4979248046875,7.041991710662842,7.080838680267334,0.050000011920928955,651750
1,2608,250,6.902836799621582,0.027611346915364265,7.007991313934326,0.050000011920928955,652000
1,2609,250,1645.92626953125,6.583704948425293,7.538848400115967,0.050000011920928955,652250
1,2610,250,1884.900146484375,7.539600372314453,6.879205226898193,0.050000011920928955,652500
1,2611,250,26.863330841064453,0.10745332390069962,6.899576187133789,0.050000011920928955,652750
1,2612,250,1519.8250732421875,6.079300403594971,6.595146656036377,0.050000011920928955,653000
1,2613,250,127.75470733642578,0.5110188126564026,7.709774017333984,0.050000011920928955,653250
1,2614,250,1794.189208984375,7.176756858825684,7.5435075759887695,0.050000011920928955,653500
1,2615,250,14.78068733215332,0.05912274867296219,7.638838768005371,0.050000011920928955,653750
1,2616,250,1936.873046875,7.74749231338501,7.218165874481201,0.050000011920928955,654000
1,2617,250,1423.576171875,5.694304466247559,7.675262451171875,0.050000011920928955,654250
1,2618,250,1650.1341552734375,6.600536823272705,7.150444507598877,0.050000011920928955,654500
1,2619,250,1706.027099609375,6.824108600616455,7.2030134201049805,0.050000011920928955,654750
1,2620,250,1217.72119140625,4.870884895324707,6.926543712615967,0.050000011920928955,655000
1,2621,250,688.1433715820312,2.7525734901428223,7.30083703994751,0.050000011920928955,655250
1,2622,250,21.691160202026367,0.08676464110612869,6.995420455932617,0.050000011920928955,655500
1,2623,250,1047.9801025390625,4.191920280456543,6.678795337677002,0.050000011920928955,655750
1,2624,250,1049.999267578125,4.1999969482421875,6.644146919250488,0.050000011920928955,656000
1,2625,250,1722.4312744140625,6.889725208282471,7.138859748840332,0.050000011920928955,656250
1,2626,250,1605.2027587890625,6.420811176300049,6.559163570404053,0.050000011920928955,656500
1,2627,250,1679.0849609375,6.716340065002441,7.035051345825195,0.050000011920928955,656750
1,2628,250,1864.9696044921875,7.459878444671631,6.49209451675415,0.050000011920928955,657000
1,2629,250,5.240987300872803,0.02096395008265972,7.145479202270508,0.050000011920928955,657250
1,2630,250,3.2864909172058105,0.013145963661372662,7.5200018882751465,0.050000011920928955,657500
1,2631,250,1560.3248291015625,6.241299152374268,7.3866190910339355,0.050000011920928955,657750
1,2632,250,1708.2808837890625,6.833123683929443,7.037994384765625,0.050000011920928955,658000
1,2633,250,1865.7823486328125,7.46312952041626,7.3040266036987305,0.050000011920928955,658250
1,2634,250,1598.6966552734375,6.394786834716797,7.215139389038086,0.050000011920928955,658500
1,2635,250,1243.947265625,4.9757890701293945,6.968319416046143,0.050000011920928955,658750
1,2636,250,1675.521728515625,6.702086925506592,6.983860492706299,0.050000011920928955,659000
1,2637,250,1621.51025390625,6.486041069030762,6.901004791259766,0.050000011920928955,659250
1,2638,250,1377.4559326171875,5.509823799133301,6.717742919921875,0.050000011920928955,659500
1,2639,250,-27.364320755004883,-0.10945728421211243,6.740283012390137,0.050000011920928955,659750
1,2640,250,1441.853759765625,5.7674150466918945,6.77256441116333,0.050000011920928955,660000
1,2641,250,1398.915283203125,5.595661163330078,7.595473766326904,0.050000011920928955,660250
1,2642,250,1507.642333984375,6.030569553375244,7.481151580810547,0.050000011920928955,660500
1,2643,250,1335.9813232421875,5.343925476074219,6.950842380523682,0.050000011920928955,660750
1,2644,250,1301.36962890625,5.205478668212891,6.955987453460693,0.050000011920928955,661000
1,2645,250,1144.051025390625,4.576204299926758,6.627165794372559,0.050000011920928955,661250
1,2646,250,1634.1986083984375,6.536794662475586,6.785406589508057,0.050000011920928955,661500
1,2647,250,1614.7806396484375,6.459122657775879,6.685224533081055,0.050000011920928955,661750
1,2648,250,1507.401611328125,6.029606342315674,6.696410655975342,0.050000011920928955,662000
1,2649,250,1649.6396484375,6.59855842590332,6.651406288146973,0.050000011920928955,662250
1,2650,250,1647.1173095703125,6.5884690284729,6.7971415519714355,0.050000011920928955,662500
1,2651,250,1596.33984375,6.385359287261963,6.7804951667785645,0.050000011920928955,662750
1,2652,250,182.9527587890625,0.7318110466003418,6.391276836395264,0.050000011920928955,663000
1,2653,250,1658.2520751953125,6.6330084800720215,6.675261497497559,0.050000011920928955,663250
1,2654,250,1721.0946044921875,6.884378433227539,6.197888374328613,0.050000011920928955,663500
1,2655,250,1191.255615234375,4.765022277832031,6.37037467956543,0.050000011920928955,663750
1,2656,250,1592.8974609375,6.371589660644531,6.175154209136963,0.050000011920928955,664000
1,2657,250,1344.0565185546875,5.37622594833374,6.2115654945373535,0.050000011920928955,664250
1,2658,250,1091.9393310546875,4.367757320404053,6.291630268096924,0.050000011920928955,664500
1,2659,250,1496.029296875,5.984117031097412,6.20115327835083,0.050000011920928955,664750
1,2660,250,1211.44677734375,4.845787048339844,6.100096225738525,0.050000011920928955,665000
1,2661,250,1144.709228515625,4.578836917877197,6.356081962585449,0.050000011920928955,665250
1,2662,250,1314.189697265625,5.256758689880371,6.103892803192139,0.050000011920928955,665500
1,2663,250,391.8248291015625,1.5672993659973145,6.247889041900635,0.050000011920928955,665750
1,2664,250,1525.2811279296875,6.101124286651611,6.2116804122924805,0.050000011920928955,666000
1,2665,250,1299.7916259765625,5.199166297912598,6.556551933288574,0.050000011920928955,666250
1,2666,250,1192.65234375,4.770609378814697,5.931942462921143,0.050000011920928955,666500
1,2667,250,1618.3258056640625,6.473303318023682,6.170403480529785,0.050000011920928955,666750
1,2668,250,1444.720947265625,5.778883934020996,5.855982780456543,0.050000011920928955,667000
1,2669,250,1254.9710693359375,5.01988410949707,6.435332775115967,0.050000011920928955,667250
1,2670,250,1229.132568359375,4.916530132293701,6.275702476501465,0.050000011920928955,667500
1,2671,250,1887.6962890625,7.550785064697266,6.05842924118042,0.050000011920928955,667750
1,2672,250,1305.970458984375,5.223881721496582,6.18656063079834,0.050000011920928955,668000
1,2673,250,1501.4122314453125,6.005649089813232,6.63950252532959,0.050000011920928955,668250
1,2674,250,1124.551025390625,4.498204231262207,6.487775802612305,0.050000011920928955,668500
1,2675,250,1481.291259765625,5.925165176391602,6.555057048797607,0.050000011920928955,668750
1,2676,250,1272.03271484375,5.088130950927734,6.401913642883301,0.050000011920928955,669000
1,2677,250,-15.900381088256836,-0.0636015236377716,6.823115348815918,0.050000011920928955,669250
1,2678,250,19.842426300048828,0.07936970889568329,6.995689868927002,0.050000011920928955,669500
1,2679,250,17.295991897583008,0.06918396800756454,6.928531646728516,0.050000011920928955,669750
1,2680,250,14.85389518737793,0.059415582567453384,6.96058464050293,0.050000011920928955,670000
1,2681,250,6.382594108581543,0.0255303755402565,7.8126044273376465,0.050000011920928955,670250
1,2682,250,24.838558197021484,0.09935422986745834,7.668124198913574,0.050000011920928955,670500
1,2683,250,-26.868906021118164,-0.10747562348842621,7.433411121368408,0.050000011920928955,670750
1,2684,250,1654.903076171875,6.619612216949463,7.814604759216309,0.050000011920928955,671000
1,2685,250,1860.4874267578125,7.441949844360352,7.824453830718994,0.050000011920928955,671250
1,2686,250,1530.2763671875,6.121105670928955,7.642089366912842,0.050000011920928955,671500
1,2687,250,1535.232177734375,6.140928745269775,7.321742534637451,0.050000011920928955,671750
1,2688,250,24.662067413330078,0.09864827245473862,7.144890785217285,0.050000011920928955,672000
1,2689,250,1696.2978515625,6.785191535949707,7.691445350646973,0.050000011920928955,672250
1,2690,250,958.3493041992188,3.833397150039673,7.264464855194092,0.050000011920928955,672500
1,2691,250,1664.88623046875,6.659544944763184,7.576900959014893,0.050000011920928955,672750
1,2692,250,1648.0782470703125,6.592312812805176,7.667491436004639,0.050000011920928955,673000
1,2693,250,1408.653564453125,5.63461446762085,7.8386406898498535,0.050000011920928955,673250
1,2694,250,1350.40087890625,5.401603698730469,7.415798664093018,0.050000011920928955,673500
1,2695,250,16.152420043945312,0.06460967659950256,7.1636738777160645,0.050000011920928955,673750
1,2696,250,28.894542694091797,0.11557816714048386,7.255937099456787,0.050000011920928955,674000
1,2697,250,1412.013427734375,5.6480536460876465,7.42838191986084,0.050000011920928955,674250
1,2698,250,1538.30615234375,6.153224468231201,7.218052387237549,0.050000011920928955,674500
1,2699,250,1636.47509765625,6.545900344848633,7.086964130401611,0.050000011920928955,674750
1,2700,250,1674.9835205078125,6.699934005737305,6.884760856628418,0.050000011920928955,675000
1,2701,250,398.9947814941406,1.59597909450531,7.270306587219238,0.050000011920928955,675250
1,2702,250,1753.62255859375,7.014490127563477,6.618474960327148,0.050000011920928955,675500
1,2703,250,-29.640073776245117,-0.118560291826725,6.9596333503723145,0.050000011920928955,675750
1,2704,250,-33.19478225708008,-0.13277913630008698,6.970510482788086,0.050000011920928955,676000
1,2705,250,-48.73844528198242,-0.1949537843465805,7.179056167602539,0.050000011920928955,676250
1,2706,250,1870.7430419921875,7.482972145080566,7.1653242111206055,0.050000011920928955,676500
1,2707,250,-69.92211151123047,-0.27968844771385193,6.729588031768799,0.050000011920928955,676750
1,2708,250,-70.88423919677734,-0.28353697061538696,7.009505748748779,0.050000011920928955,677000
1,2709,250,36.999202728271484,0.14799681305885315,7.8308844566345215,0.050000011920928955,677250
1,2710,250,-49.26935958862305,-0.1970774382352829,7.66947078704834,0.050000011920928955,677500
1,2711,250,1783.9793701171875,7.135917663574219,7.642800331115723,0.050000011920928955,677750
1,2712,250,1881.1422119140625,7.524569034576416,7.3926167488098145,0.050000011920928955,678000
1,2713,250,1835.0931396484375,7.340372562408447,7.5316548347473145,0.050000011920928955,678250
1,2714,250,-27.67354393005371,-0.11069417744874954,7.174511432647705,0.050000011920928955,678500
1,2715,250,1862.178466796875,7.448713779449463,7.701620578765869,0.050000011920928955,678750
1,2716,250,-27.287038803100586,-0.10914815217256546,7.347177028656006,0.050000011920928955,679000
1,2717,250,-39.60709762573242,-0.1584283858537674,7.786163806915283,0.050000011920928955,679250
1,2718,250,-43.90788269042969,-0.1756315380334854,7.521225929260254,0.050000011920928955,679500
1,2719,250,-27.46678924560547,-0.1098671555519104,7.715163707733154,0.050000011920928955,679750
1,2720,250,1770.7822265625,7.083128929138184,7.653870582580566,0.050000011920928955,680000
1,2721,250,-63.364356994628906,-0.2534574270248413,8.070515632629395,0.050000011920928955,680250
1,2722,250,-77.29869079589844,-0.30919477343559265,7.560003280639648,0.050000011920928955,680500
1,2723,250,-39.54679870605469,-0.15818719565868378,7.402264595031738,0.050000011920928955,680750
1,2724,250,1734.6214599609375,6.938485622406006,7.381399154663086,0.050000011920928955,681000
1,2725,250,1749.885498046875,6.999541759490967,7.731200695037842,0.050000011920928955,681250
1,2726,250,26.88096809387207,0.10752387344837189,7.184531211853027,0.050000011920928955,681500
1,2727,250,-57.99092102050781,-0.23196367919445038,7.016814708709717,0.050000011920928955,681750
1,2728,250,1820.509521484375,7.28203821182251,7.007877349853516,0.050000011920928955,682000
1,2729,250,54.72786331176758,0.21891145408153534,7.160877704620361,0.050000011920928955,682250
1,2730,250,1848.5341796875,7.394136905670166,6.508493423461914,0.050000011920928955,682500
1,2731,250,1902.152587890625,7.608610153198242,6.42543363571167,0.050000011920928955,682750
1,2732,250,1837.6318359375,7.350527286529541,6.341174602508545,0.050000011920928955,683000
1,2733,250,1696.2679443359375,6.785071849822998,6.878510475158691,0.050000011920928955,683250
1,2734,250,1695.90234375,6.783609390258789,6.1381120681762695,0.050000011920928955,683500
1,2735,250,1932.20263671875,7.7288103103637695,5.792661190032959,0.050000011920928955,683750
1,2736,250,1850.126953125,7.400507926940918,5.957561492919922,0.050000011920928955,684000
1,2737,250,1202.679443359375,4.810717582702637,6.2646918296813965,0.050000011920928955,684250
1,2738,250,1795.813232421875,7.183252811431885,5.69847297668457,0.050000011920928955,684500
1,2739,250,1583.2515869140625,6.333006381988525,5.7671709060668945,0.050000011920928955,684750
1,2740,250,1885.5189208984375,7.5420756340026855,5.459993839263916,0.050000011920928955,685000
1,2741,250,1001.0485229492188,4.004194259643555,6.377584457397461,0.050000011920928955,685250
1,2742,250,1877.481689453125,7.509926795959473,6.130331516265869,0.050000011920928955,685500
1,2743,250,1722.6884765625,6.890753746032715,5.703148365020752,0.050000011920928955,685750
1,2744,250,1735.8265380859375,6.943305969238281,5.523194313049316,0.050000011920928955,686000
1,2745,250,1686.165283203125,6.744661331176758,5.975704669952393,0.050000011920928955,686250
1,2746,250,1433.9197998046875,5.7356791496276855,5.522053241729736,0.050000011920928955,686500
1,2747,250,1609.4747314453125,6.437899112701416,5.680746078491211,0.050000011920928955,686750
1,2748,250,1754.9942626953125,7.01997709274292,5.25283670425415,0.050000011920928955,687000
1,2749,250,1511.2230224609375,6.044892311096191,6.036752700805664,0.050000011920928955,687250
1,2750,250,1392.1278076171875,5.568511009216309,5.289003372192383,0.050000011920928955,687500
1,2751,250,1334.6182861328125,5.338473320007324,5.417083263397217,0.050000011920928955,687750
1,2752,250,1247.5589599609375,4.990235805511475,5.187591552734375,0.050000011920928955,688000
1,2753,250,1107.919921875,4.431679725646973,6.337112903594971,0.050000011920928955,688250
1,2754,250,1166.45703125,4.665828227996826,6.453981876373291,0.050000011920928955,688500
1,2755,250,1377.083251953125,5.508333206176758,5.917760848999023,0.050000011920928955,688750
1,2756,250,1405.537109375,5.622148513793945,5.886216163635254,0.050000011920928955,689000
1,2757,250,608.3472290039062,2.4333889484405518,6.602932453155518,0.050000011920928955,689250
1,2758,250,1596.3486328125,6.38539457321167,6.166079998016357,0.050000011920928955,689500
1,2759,250,1291.859130859375,5.167436599731445,5.903348445892334,0.050000011920928955,689750
1,2760,250,997.1727905273438,3.9886910915374756,5.877117156982422,0.050000011920928955,690000
1,2761,250,97.77307891845703,0.39109233021736145,6.5625410079956055,0.050000011920928955,690250
1,2762,250,1476.402099609375,5.905608177185059,6.01055383682251,0.050000011920928955,690500
1,2763,250,1590.831787109375,6.3633270263671875,6.16783332824707,0.050000011920928955,690750
1,2764,250,931.1083984375,3.724433660507202,5.962296485900879,0.050000011920928955,691000
1,2765,250,1472.594482421875,5.890377998352051,6.402947902679443,0.050000011920928955,691250
1,2766,250,1242.7457275390625,4.970983028411865,5.676502227783203,0.050000011920928955,691500
1,2767,250,1482.7607421875,5.9310431480407715,5.428737163543701,0.050000011920928955,691750
1,2768,250,1500.10498046875,6.000420093536377,5.378409385681152,0.050000011920928955,692000
1,2769,250,1600.492431640625,6.401969909667969,5.335583209991455,0.050000011920928955,692250
1,2770,250,1245.7728271484375,4.983091354370117,5.238417148590088,0.050000011920928955,692500
1,2771,250,1333.96435546875,5.335857391357422,5.226487159729004,0.050000011920928955,692750
1,2772,250,1445.896728515625,5.7835869789123535,5.058163166046143,0.050000011920928955,693000
1,2773,250,1071.55810546875,4.2862324714660645,5.329197883605957,0.050000011920928955,693250
1,2774,250,1322.1710205078125,5.288683891296387,5.075253486633301,0.050000011920928955,693500
1,2775,250,1339.6121826171875,5.358448505401611,5.209224224090576,0.050000011920928955,693750
1,2776,250,1362.09765625,5.448390483856201,5.1309099197387695,0.050000011920928955,694000
1,2777,250,1183.626220703125,4.734504699707031,5.679853439331055,0.050000011920928955,694250
1,2778,250,1517.0498046875,6.068199157714844,5.0591535568237305,0.050000011920928955,694500
1,2779,250,1420.82568359375,5.683302879333496,4.9623284339904785,0.050000011920928955,694750
1,2780,250,1515.393310546875,6.061573028564453,5.029053688049316,0.050000011920928955,695000
1,2781,250,1478.3206787109375,5.913282871246338,5.576354503631592,0.050000011920928955,695250
1,2782,250,1498.758056640625,5.99503231048584,5.097018241882324,0.050000011920928955,695500
1,2783,250,-43.14628601074219,-0.1725851446390152,4.830306529998779,0.050000011920928955,695750
1,2784,250,1688.5621337890625,6.75424861907959,5.110617160797119,0.050000011920928955,696000
1,2785,250,1559.96240234375,6.23984956741333,5.6366353034973145,0.050000011920928955,696250
1,2786,250,1152.697509765625,4.610790252685547,5.363209247589111,0.050000011920928955,696500
1,2787,250,-34.87171173095703,-0.13948684930801392,5.5836920738220215,0.050000011920928955,696750
1,2788,250,305.0477600097656,1.2201910018920898,5.55653715133667,0.050000011920928955,697000
1,2789,250,-75.11890411376953,-0.3004756271839142,6.399543285369873,0.050000011920928955,697250
1,2790,250,1621.05859375,6.48423433303833,6.032734394073486,0.050000011920928955,697500
1,2791,250,1418.32958984375,5.673318386077881,6.134677886962891,0.050000011920928955,697750
1,2792,250,9.994792938232422,0.03997917100787163,5.8653178215026855,0.050000011920928955,698000
1,2793,250,76.81754302978516,0.3072701692581177,7.2344279289245605,0.050000011920928955,698250
1,2794,250,1176.273193359375,4.705092906951904,6.728052616119385,0.050000011920928955,698500
1,2795,250,1252.129638671875,5.008518695831299,6.609836578369141,0.050000011920928955,698750
1,2796,250,1489.5650634765625,5.9582600593566895,6.455499649047852,0.050000011920928955,699000
1,2797,250,58.0622444152832,0.23224897682666779,6.883371353149414,0.050000011920928955,699250
1,2798,250,31.386377334594727,0.12554551661014557,6.588646411895752,0.050000011920928955,699500
1,2799,250,-125.59449768066406,-0.502377986907959,6.850491046905518,0.050000011920928955,699750
1,2800,250,1495.78662109375,5.983146667480469,6.885995864868164,0.050000011920928955,700000
1,2801,250,-29.033111572265625,-0.11613244563341141,7.152453422546387,0.050000011920928955,700250
1,2802,250,789.3306884765625,3.157322645187378,6.905767917633057,0.050000011920928955,700500
1,2803,250,-17.362565994262695,-0.0694502666592598,6.83461332321167,0.050000011920928955,700750
1,2804,250,-32.82245635986328,-0.13128982484340668,6.7655816078186035,0.050000011920928955,701000
1,2805,250,99.32673645019531,0.3973069489002228,7.457110404968262,0.050000011920928955,701250
1,2806,250,-69.43354034423828,-0.2777341604232788,7.169399738311768,0.050000011920928955,701500
1,2807,250,-103.8555679321289,-0.415422260761261,7.1396355628967285,0.050000011920928955,701750
1,2808,250,-81.51180267333984,-0.32604721188545227,7.213337421417236,0.050000011920928955,702000
1,2809,250,1728.6407470703125,6.914563179016113,7.652187347412109,0.050000011920928955,702250
1,2810,250,-12.935737609863281,-0.05174294859170914,7.519303798675537,0.050000011920928955,702500
1,2811,250,1780.04638671875,7.120185375213623,7.7869977951049805,0.050000011920928955,702750
1,2812,250,1776.046875,7.104187488555908,7.594103813171387,0.050000011920928955,703000
1,2813,250,1541.7283935546875,6.1669135093688965,8.123835563659668,0.050000011920928955,703250
1,2814,250,542.7828369140625,2.1711313724517822,7.649353504180908,0.050000011920928955,703500
1,2815,250,715.3311157226562,2.8613245487213135,8.023282051086426,0.050000011920928955,703750
1,2816,250,1000.3641967773438,4.0014567375183105,7.910851955413818,0.050000011920928955,704000
1,2817,250,-62.645206451416016,-0.2505808174610138,8.010272026062012,0.050000011920928955,704250
1,2818,250,965.6109008789062,3.862443685531616,8.19681167602539,0.050000011920928955,704500
1,2819,250,-75.11570739746094,-0.30046284198760986,8.494587898254395,0.050000011920928955,704750
1,2820,250,1388.5684814453125,5.554274082183838,8.64708137512207,0.050000011920928955,705000
1,2821,250,197.68141174316406,0.7907256484031677,9.581936836242676,0.050000011920928955,705250
1,2822,250,-79.63998413085938,-0.3185599446296692,9.758687019348145,0.050000011920928955,705500
1,2823,250,1627.9208984375,6.511683464050293,9.429574012756348,0.050000011920928955,705750
1,2824,250,-93.0606460571289,-0.3722425699234009,9.334202766418457,0.050000011920928955,706000
1,2825,250,1469.6007080078125,5.8784027099609375,9.81324291229248,0.050000011920928955,706250
1,2826,250,361.9703674316406,1.4478814601898193,9.761758804321289,0.050000011920928955,706500
1,2827,250,794.827392578125,3.179309606552124,9.583175659179688,0.050000011920928955,706750
1,2828,250,260.11785888671875,1.0404714345932007,9.45980167388916,0.050000011920928955,707000
1,2829,250,1067.233642578125,4.268934726715088,9.798236846923828,0.050000011920928955,707250
1,2830,250,380.17041015625,1.520681619644165,9.664680480957031,0.050000011920928955,707500
1,2831,250,758.9585571289062,3.035834312438965,9.254623413085938,0.050000011920928955,707750
1,2832,250,138.94931030273438,0.5557972192764282,9.63962459564209,0.050000011920928955,708000
1,2833,250,202.47767639160156,0.8099107146263123,9.7603120803833,0.050000011920928955,708250
1,2834,250,540.1309814453125,2.1605238914489746,9.391379356384277,0.050000011920928955,708500
1,2835,250,143.0948944091797,0.5723795890808105,9.408266067504883,0.050000011920928955,708750
1,2836,250,-18.644670486450195,-0.0745786800980568,9.623908996582031,0.050000011920928955,709000
1,2837,250,-43.253990173339844,-0.17301596701145172,10.241573333740234,0.050000011920928955,709250
1,2838,250,1002.795166015625,4.011180877685547,9.924216270446777,0.050000011920928955,709500
1,2839,250,303.73345947265625,1.2149338722229004,9.564290046691895,0.050000011920928955,709750
1,2840,250,1078.4737548828125,4.313895225524902,9.511152267456055,0.050000011920928955,710000
1,2841,250,469.47528076171875,1.8779010772705078,9.65854263305664,0.050000011920928955,710250
1,2842,250,1058.694091796875,4.234776496887207,9.95007038116455,0.050000011920928955,710500
1,2843,250,1688.165283203125,6.752661228179932,9.529967308044434,0.050000011920928955,710750
1,2844,250,379.5621337890625,1.5182485580444336,9.50618839263916,0.050000011920928955,711000
1,2845,250,1229.715087890625,4.91886043548584,9.505998611450195,0.050000011920928955,711250
1,2846,250,1193.4259033203125,4.773703575134277,9.592065811157227,0.050000011920928955,711500
1,2847,250,1194.041259765625,4.776165008544922,9.587041854858398,0.050000011920928955,711750
1,2848,250,916.1257934570312,3.6645030975341797,8.875550270080566,0.050000011920928955,712000
1,2849,250,1281.440673828125,5.125762462615967,9.430063247680664,0.050000011920928955,712250
1,2850,250,1271.5015869140625,5.086006164550781,9.362646102905273,0.050000011920928955,712500
1,2851,250,536.6526489257812,2.1466104984283447,9.660815238952637,0.050000011920928955,712750
1,2852,250,1113.677490234375,4.454710006713867,8.810476303100586,0.050000011920928955,713000
1,2853,250,150.8515167236328,0.6034060716629028,9.563896179199219,0.050000011920928955,713250
1,2854,250,1119.07177734375,4.476286888122559,9.582995414733887,0.050000011920928955,713500
1,2855,250,1321.5029296875,5.286011695861816,9.051750183105469,0.050000011920928955,713750
1,2856,250,955.2883911132812,3.8211536407470703,8.701656341552734,0.050000011920928955,714000
1,2857,250,1272.320068359375,5.089280128479004,9.140641212463379,0.050000011920928955,714250
1,2858,250,1464.6419677734375,5.858567714691162,8.529071807861328,0.050000011920928955,714500
1,2859,250,1554.832763671875,6.21933126449585,8.83899974822998,0.050000011920928955,714750
1,2860,250,1624.13720703125,6.496548652648926,8.377947807312012,0.050000011920928955,715000
1,2861,250,1559.2740478515625,6.237096309661865,8.93431568145752,0.050000011920928955,715250
1,2862,250,1344.2451171875,5.376980304718018,8.423908233642578,0.050000011920928955,715500
1,2863,250,1396.779296875,5.5871171951293945,8.024377822875977,0.050000011920928955,715750
1,2864,250,1396.3934326171875,5.585573673248291,8.213203430175781,0.050000011920928955,716000
1,2865,250,1515.461181640625,6.061844825744629,8.62994384765625,0.050000011920928955,716250
1,2866,250,-17.041135787963867,-0.06816454231739044,8.183748245239258,0.050000011920928955,716500
1,2867,250,1677.7203369140625,6.710881233215332,7.972797393798828,0.050000011920928955,716750
1,2868,250,1553.9466552734375,6.215786457061768,7.634625434875488,0.050000011920928955,717000
1,2869,250,232.6731719970703,0.9306926727294922,8.220582008361816,0.050000011920928955,717250
1,2870,250,1574.3031005859375,6.297212600708008,8.117667198181152,0.050000011920928955,717500
1,2871,250,1499.983642578125,5.999934673309326,7.398340702056885,0.050000011920928955,717750
1,2872,250,1717.4931640625,6.8699727058410645,7.854753017425537,0.050000011920928955,718000
1,2873,250,1506.935791015625,6.027743339538574,7.860205173492432,0.050000011920928955,718250
1,2874,250,1685.7353515625,6.742941379547119,7.553700923919678,0.050000011920928955,718500
1,2875,250,1476.8614501953125,5.907445907592773,7.354336261749268,0.050000011920928955,718750
1,2876,250,1489.3896484375,5.957558631896973,7.066327095031738,0.050000011920928955,719000
1,2877,250,1604.8138427734375,6.419255256652832,7.150425434112549,0.050000011920928955,719250
1,2878,250,1321.3538818359375,5.2854156494140625,7.241008758544922,0.050000011920928955,719500
1,2879,250,1767.8665771484375,7.071466445922852,6.500843048095703,0.050000011920928955,719750
1,2880,250,1514.1444091796875,6.056577682495117,6.350572109222412,0.050000011920928955,720000
1,2881,250,1381.5062255859375,5.52602481842041,6.578083515167236,0.050000011920928955,720250
1,2882,250,1346.5740966796875,5.386296272277832,6.275112152099609,0.050000011920928955,720500
1,2883,250,1626.3885498046875,6.50555419921875,6.474559783935547,0.050000011920928955,720750
1,2884,250,1308.6646728515625,5.234658718109131,6.1287055015563965,0.050000011920928955,721000
1,2885,250,1402.8399658203125,5.6113600730896,5.890966892242432,0.050000011920928955,721250
1,2886,250,1593.35107421875,6.373404502868652,5.978034019470215,0.050000011920928955,721500
1,2887,250,1153.70166015625,4.614806652069092,6.087496280670166,0.050000011920928955,721750
1,2888,250,1064.0089111328125,4.256035804748535,5.847116470336914,0.050000011920928955,722000
1,2889,250,1252.5390625,5.010156154632568,5.769138336181641,0.050000011920928955,722250
1,2890,250,1105.9290771484375,4.4237165451049805,5.562959671020508,0.050000011920928955,722500
1,2891,250,1228.783935546875,4.915135860443115,5.585183143615723,0.050000011920928955,722750
1,2892,250,1151.886474609375,4.607545852661133,5.568321704864502,0.050000011920928955,723000
1,2893,250,954.437255859375,3.8177490234375,5.454557418823242,0.050000011920928955,723250
1,2894,250,1091.425537109375,4.365702152252197,5.440433979034424,0.050000011920928955,723500
1,2895,250,1358.358154296875,5.433432579040527,5.233870983123779,0.050000011920928955,723750
1,2896,250,1525.464599609375,6.101858615875244,5.269360065460205,0.050000011920928955,724000
1,2897,250,1228.3955078125,4.913581848144531,5.397568702697754,0.050000011920928955,724250
1,2898,250,1057.957275390625,4.2318291664123535,5.329087257385254,0.050000011920928955,724500
1,2899,250,1321.71240234375,5.286849498748779,5.050079822540283,0.050000011920928955,724750
1,2900,250,1380.4874267578125,5.521949768066406,5.065558433532715,0.050000011920928955,725000
1,2901,250,1242.587646484375,4.970350742340088,5.529114723205566,0.050000011920928955,725250
1,2902,250,1426.599853515625,5.706399440765381,5.430760383605957,0.050000011920928955,725500
1,2903,250,1695.824462890625,6.783298015594482,5.358974933624268,0.050000011920928955,725750
1,2904,250,1446.474365234375,5.785897254943848,5.04083251953125,0.050000011920928955,726000
1,2905,250,1656.256591796875,6.625026226043701,5.715811729431152,0.050000011920928955,726250
1,2906,250,888.36962890625,3.553478479385376,5.485461711883545,0.050000011920928955,726500
1,2907,250,1220.271728515625,4.881086826324463,5.621063709259033,0.050000011920928955,726750
1,2908,250,41.18128967285156,0.1647251546382904,5.352149486541748,0.050000011920928955,727000
1,2909,250,558.3784790039062,2.233513832092285,5.3969035148620605,0.050000011920928955,727250
1,2910,250,1416.0499267578125,5.6641998291015625,5.703793525695801,0.050000011920928955,727500
1,2911,250,258.5377197265625,1.0341508388519287,5.657432556152344,0.050000011920928955,727750
1,2912,250,995.0764770507812,3.9803059101104736,5.628056526184082,0.050000011920928955,728000
1,2913,250,1095.4736328125,4.381894588470459,6.039888858795166,0.050000011920928955,728250
1,2914,250,897.0352783203125,3.5881412029266357,5.997350692749023,0.050000011920928955,728500
1,2915,250,1445.7088623046875,5.782835483551025,6.08821964263916,0.050000011920928955,728750
1,2916,250,1503.7796630859375,6.015118598937988,6.074845314025879,0.050000011920928955,729000
1,2917,250,1311.9287109375,5.247714996337891,6.063323020935059,0.050000011920928955,729250
1,2918,250,1530.478515625,6.121913909912109,5.987645149230957,0.050000011920928955,729500
1,2919,250,1617.71044921875,6.470841884613037,6.11305570602417,0.050000011920928955,729750
1,2920,250,1454.33544921875,5.8173418045043945,6.085386753082275,0.050000011920928955,730000
1,2921,250,1545.0777587890625,6.18031120300293,6.125848770141602,0.050000011920928955,730250
1,2922,250,1408.0123291015625,5.632049083709717,6.041025161743164,0.050000011920928955,730500
1,2923,250,1445.2281494140625,5.780912399291992,5.9398088455200195,0.050000011920928955,730750
1,2924,250,1475.171142578125,5.900684356689453,5.792336940765381,0.050000011920928955,731000
1,2925,250,1498.083740234375,5.992334842681885,5.813449382781982,0.050000011920928955,731250
1,2926,250,1569.650146484375,6.278600692749023,5.997939586639404,0.050000011920928955,731500
1,2927,250,1655.7132568359375,6.622852802276611,5.981263160705566,0.050000011920928955,731750
1,2928,250,1316.475341796875,5.265901565551758,5.583557605743408,0.050000011920928955,732000
1,2929,250,1107.1258544921875,4.428503513336182,5.923832893371582,0.050000011920928955,732250
1,2930,250,1481.3638916015625,5.925455570220947,5.698581218719482,0.050000011920928955,732500
1,2931,250,1070.471435546875,4.281885623931885,5.772655010223389,0.050000011920928955,732750
1,2932,250,1450.8343505859375,5.803337574005127,5.619411468505859,0.050000011920928955,733000
1,2933,250,1500.184326171875,6.000737190246582,5.437149524688721,0.050000011920928955,733250
1,2934,250,1413.8482666015625,5.655393123626709,5.553648471832275,0.050000011920928955,733500
1,2935,250,1570.188720703125,6.280755043029785,5.1872429847717285,0.050000011920928955,733750
1,2936,250,1638.72607421875,6.554904460906982,5.276135444641113,0.050000011920928955,734000
1,2937,250,1216.1610107421875,4.8646440505981445,5.34434175491333,0.050000011920928955,734250
1,2938,250,1413.639892578125,5.65455961227417,5.247872352600098,0.050000011920928955,734500
1,2939,250,1433.4354248046875,5.733741760253906,5.232964038848877,0.050000011920928955,734750
1,2940,250,1473.218017578125,5.892871856689453,4.9198808670043945,0.050000011920928955,735000
1,2941,250,1437.490234375,5.749960899353027,5.24174165725708,0.050000011920928955,735250
1,2942,250,1239.54345703125,4.958173751831055,5.0141921043396,0.050000011920928955,735500
1,2943,250,1372.318603515625,5.489274501800537,5.033388614654541,0.050000011920928955,735750
1,2944,250,1530.0325927734375,6.12013053894043,5.10024881362915,0.050000011920928955,736000
1,2945,250,1554.9146728515625,6.219658851623535,5.221033096313477,0.050000011920928955,736250
1,2946,250,1186.0416259765625,4.744166374206543,5.076463222503662,0.050000011920928955,736500
1,2947,250,1555.874755859375,6.223498821258545,4.9819722175598145,0.050000011920928955,736750
1,2948,250,1577.1177978515625,6.308471202850342,4.694443702697754,0.050000011920928955,737000
1,2949,250,1506.171875,6.02468729019165,4.720107078552246,0.050000011920928955,737250
1,2950,250,810.6266479492188,3.242506504058838,4.651116371154785,0.050000011920928955,737500
1,2951,250,1733.0732421875,6.932292938232422,4.66375732421875,0.050000011920928955,737750
1,2952,250,1447.22314453125,5.78889274597168,4.281732559204102,0.050000011920928955,738000
1,2953,250,1629.4931640625,6.517972469329834,4.238112926483154,0.050000011920928955,738250
1,2954,250,1450.474853515625,5.801899433135986,4.329163551330566,0.050000011920928955,738500
1,2955,250,1440.80126953125,5.763205051422119,3.9020214080810547,0.050000011920928955,738750
1,2956,250,1518.013671875,6.072054862976074,3.9413442611694336,0.050000011920928955,739000
1,2957,250,1432.0159912109375,5.728064060211182,3.9413506984710693,0.050000011920928955,739250
1,2958,250,1328.5078125,5.31403112411499,4.157288074493408,0.050000011920928955,739500
1,2959,250,1496.07763671875,5.984310626983643,4.012415409088135,0.050000011920928955,739750
1,2960,250,-5.841854095458984,-0.023367416113615036,4.14517879486084,0.050000011920928955,740000
1,2961,250,1443.734130859375,5.774936676025391,4.6430983543396,0.050000011920928955,740250
1,2962,250,1242.9287109375,4.971714973449707,4.59008264541626,0.050000011920928955,740500
1,2963,250,1106.6456298828125,4.426582336425781,4.316836357116699,0.050000011920928955,740750
1,2964,250,1495.82861328125,5.983314514160156,4.44656229019165,0.050000011920928955,741000
1,2965,250,1038.571044921875,4.1542840003967285,4.86555814743042,0.050000011920928955,741250
1,2966,250,1352.060791015625,5.408243179321289,4.684834957122803,0.050000011920928955,741500
1,2967,250,1464.867919921875,5.859471797943115,4.5367326736450195,0.050000011920928955,741750
1,2968,250,-40.76188278198242,-0.16304753720760345,4.719259262084961,0.050000011920928955,742000
1,2969,250,14.617213249206543,0.05846885219216347,5.092674732208252,0.050000011920928955,742250
1,2970,250,-59.13319778442383,-0.2365327924489975,5.2362589836120605,0.050000011920928955,742500
1,2971,250,1356.410888671875,5.425643444061279,5.560278415679932,0.050000011920928955,742750
1,2972,250,1208.7216796875,4.83488655090332,5.337076663970947,0.050000011920928955,743000
1,2973,250,-114.86254119873047,-0.4594501554965973,6.499094486236572,0.050000011920928955,743250
1,2974,250,-98.3466796875,-0.39338672161102295,6.641785621643066,0.050000011920928955,743500
1,2975,250,1300.9376220703125,5.2037506103515625,6.952632427215576,0.050000011920928955,743750
1,2976,250,-145.94271850585938,-0.5837708711624146,6.757101535797119,0.050000011920928955,744000
1,2977,250,1505.9515380859375,6.023806095123291,7.933833599090576,0.050000011920928955,744250
1,2978,250,1498.510009765625,5.994040012359619,7.4131178855896,0.050000011920928955,744500
1,2979,250,-69.78605651855469,-0.2791442275047302,7.117794990539551,0.050000011920928955,744750
1,2980,250,1074.734619140625,4.298938274383545,7.8493781089782715,0.050000011920928955,745000
1,2981,250,1460.901123046875,5.843604564666748,8.08216667175293,0.050000011920928955,745250
1,2982,250,1553.842529296875,6.215370178222656,8.101261138916016,0.050000011920928955,745500
1,2983,250,1265.748779296875,5.062994956970215,7.773590564727783,0.050000011920928955,745750
1,2984,250,-80.97068786621094,-0.3238827586174011,7.71019172668457,0.050000011920928955,746000
1,2985,250,1369.2628173828125,5.477051258087158,8.151691436767578,0.050000011920928955,746250
1,2986,250,1263.7568359375,5.055027484893799,8.185237884521484,0.050000011920928955,746500
1,2987,250,-86.12124633789062,-0.34448498487472534,7.8215837478637695,0.050000011920928955,746750
1,2988,250,1180.6617431640625,4.722647190093994,7.886659145355225,0.050000011920928955,747000
1,2989,250,-46.437103271484375,-0.1857484132051468,8.82909870147705,0.050000011920928955,747250
1,2990,250,1443.9427490234375,5.775771141052246,8.293018341064453,0.050000011920928955,747500
1,2991,250,1574.8599853515625,6.299439907073975,8.363258361816406,0.050000011920928955,747750
1,2992,250,1498.8968505859375,5.995587348937988,8.38062572479248,0.050000011920928955,748000
1,2993,250,1649.106201171875,6.596424579620361,8.607503890991211,0.050000011920928955,748250
1,2994,250,-0.43172919750213623,-0.0017269167583435774,7.876938343048096,0.050000011920928955,748500
1,2995,250,1676.50732421875,6.706029415130615,7.744594097137451,0.050000011920928955,748750
1,2996,250,1283.914306640625,5.13565731048584,7.787320137023926,0.050000011920928955,749000
1,2997,250,1674.085205078125,6.696341037750244,8.23297119140625,0.050000011920928955,749250
1,2998,250,1316.4453125,5.265781402587891,7.703948974609375,0.050000011920928955,749500
1,2999,250,1342.0450439453125,5.368180274963379,7.856541633605957,0.050000011920928955,749750
1,3000,250,1199.8642578125,4.79945707321167,7.745297431945801,0.050000011920928955,750000
1,3001,250,1528.450439453125,6.113801956176758,7.835369110107422,0.050000011920928955,750250
1,3002,250,1633.7752685546875,6.535100936889648,7.4628143310546875,0.050000011920928955,750500
1,3003,250,1629.433349609375,6.517733573913574,7.334259510040283,0.050000011920928955,750750
1,3004,250,1581.3587646484375,6.325435161590576,7.216893196105957,0.050000011920928955,751000
1,3005,250,1526.0516357421875,6.104206562042236,7.434078693389893,0.050000011920928955,751250
1,3006,250,1180.05029296875,4.720201015472412,7.008717060089111,0.050000011920928955,751500
1,3007,250,1528.0048828125,6.1120195388793945,7.21429443359375,0.050000011920928955,751750
1,3008,250,1398.93505859375,5.59574031829834,6.839491844177246,0.050000011920928955,752000
1,3009,250,1619.10009765625,6.476400375366211,7.027206897735596,0.050000011920928955,752250
1,3010,250,1390.671142578125,5.562684535980225,6.596603870391846,0.050000011920928955,752500
1,3011,250,1223.0986328125,4.892394542694092,6.508904933929443,0.050000011920928955,752750
1,3012,250,1596.779296875,6.387117385864258,6.316576957702637,0.050000011920928955,753000
1,3013,250,1357.740966796875,5.43096399307251,6.16115665435791,0.050000011920928955,753250
1,3014,250,1264.292236328125,5.057168960571289,5.788605690002441,0.050000011920928955,753500
1,3015,250,1606.1717529296875,6.424686908721924,5.6389665603637695,0.050000011920928955,753750
1,3016,250,1550.989013671875,6.203956127166748,5.413512229919434,0.050000011920928955,754000
1,3017,250,1125.511962890625,4.502048015594482,5.474050045013428,0.050000011920928955,754250
1,3018,250,864.47900390625,3.457916021347046,5.3333306312561035,0.050000011920928955,754500
1,3019,250,1521.2177734375,6.084871292114258,4.935079097747803,0.050000011920928955,754750
1,3020,250,1117.231689453125,4.468926906585693,4.975680351257324,0.050000011920928955,755000
1,3021,250,375.9946594238281,1.5039786100387573,5.45602560043335,0.050000011920928955,755250
1,3022,250,1236.64990234375,4.94659948348999,5.440974235534668,0.050000011920928955,755500
1,3023,250,1603.9554443359375,6.415821552276611,5.116508960723877,0.050000011920928955,755750
1,3024,250,1369.3251953125,5.477300643920898,4.887646675109863,0.050000011920928955,756000
1,3025,250,1325.939697265625,5.30375862121582,5.192718029022217,0.050000011920928955,756250
1,3026,250,885.252197265625,3.541008710861206,5.403783798217773,0.050000011920928955,756500
1,3027,250,1250.0804443359375,5.000321865081787,5.016811847686768,0.050000011920928955,756750
1,3028,250,1567.6243896484375,6.2704973220825195,4.804484844207764,0.050000011920928955,757000
1,3029,250,1435.042236328125,5.740169048309326,5.1031413078308105,0.050000011920928955,757250
1,3030,250,1278.328369140625,5.113313674926758,4.8111982345581055,0.050000011920928955,757500
1,3031,250,1494.50146484375,5.978005886077881,4.658658027648926,0.050000011920928955,757750
1,3032,250,1429.79248046875,5.719170093536377,5.02011775970459,0.050000011920928955,758000
1,3033,250,1495.6383056640625,5.982553005218506,4.922532558441162,0.050000011920928955,758250
1,3034,250,1551.599609375,6.2063984870910645,4.7581000328063965,0.050000011920928955,758500
1,3035,250,1662.623779296875,6.6504950523376465,4.613431930541992,0.050000011920928955,758750
1,3036,250,1679.544189453125,6.71817684173584,4.513401031494141,0.050000011920928955,759000
1,3037,250,1383.727783203125,5.534911155700684,4.4130964279174805,0.050000011920928955,759250
1,3038,250,1507.4384765625,6.029753684997559,4.70166540145874,0.050000011920928955,759500
1,3039,250,1203.021240234375,4.812085151672363,4.328212738037109,0.050000011920928955,759750
1,3040,250,1504.4835205078125,6.0179338455200195,4.481461524963379,0.050000011920928955,760000
1,3041,250,1420.45068359375,5.681802749633789,4.379687309265137,0.050000011920928955,760250
1,3042,250,1344.752197265625,5.379008769989014,4.582670211791992,0.050000011920928955,760500
1,3043,250,1608.72509765625,6.434900283813477,4.339808464050293,0.050000011920928955,760750
1,3044,250,1347.9246826171875,5.391698837280273,4.377867698669434,0.050000011920928955,761000
1,3045,250,1408.857421875,5.635429859161377,4.5316548347473145,0.050000011920928955,761250
1,3046,250,1429.63671875,5.7185468673706055,4.410041332244873,0.050000011920928955,761500
1,3047,250,1548.31494140625,6.1932597160339355,4.205657958984375,0.050000011920928955,761750
1,3048,250,1494.0362548828125,5.976144790649414,4.2030863761901855,0.050000011920928955,762000
1,3049,250,1542.08056640625,6.1683220863342285,4.321524143218994,0.050000011920928955,762250
1,3050,250,1418.999755859375,5.675999164581299,4.37146520614624,0.050000011920928955,762500
1,3051,250,553.4556884765625,2.213822841644287,4.316873550415039,0.050000011920928955,762750
1,3052,250,1446.8370361328125,5.78734827041626,4.313111782073975,0.050000011920928955,763000
1,3053,250,-13.921568870544434,-0.05568627640604973,4.456027984619141,0.050000011920928955,763250
1,3054,250,1629.216552734375,6.516866207122803,4.510819435119629,0.050000011920928955,763500
1,3055,250,1600.0283203125,6.400113105773926,4.1620893478393555,0.050000011920928955,763750
1,3056,250,1657.553955078125,6.630215644836426,4.33845853805542,0.050000011920928955,764000
1,3057,250,34.44501495361328,0.1377800554037094,4.579113483428955,0.050000011920928955,764250
1,3058,250,0.722128689289093,0.0028885146602988243,4.703924179077148,0.050000011920928955,764500
1,3059,250,1887.113037109375,7.548452377319336,4.464385032653809,0.050000011920928955,764750
1,3060,250,1687.96044921875,6.751842021942139,4.19593620300293,0.050000011920928955,765000
1,3061,250,1804.65234375,7.21860933303833,4.709225177764893,0.050000011920928955,765250
1,3062,250,1610.036865234375,6.440147399902344,4.402381420135498,0.050000011920928955,765500
1,3063,250,57.03740692138672,0.2281496226787567,4.214913845062256,0.050000011920928955,765750
1,3064,250,1591.930419921875,6.3677215576171875,4.416585922241211,0.050000011920928955,766000
1,3065,250,101.24545288085938,0.4049818217754364,4.744980335235596,0.050000011920928955,766250
1,3066,250,51.31816864013672,0.20527267456054688,5.007413864135742,0.050000011920928955,766500
1,3067,250,30.61549186706543,0.1224619671702385,4.9373345375061035,0.050000011920928955,766750
1,3068,250,1875.046142578125,7.500184535980225,4.763721942901611,0.050000011920928955,767000
1,3069,250,63.718441009521484,0.25487375259399414,5.066029071807861,0.050000011920928955,767250
1,3070,250,1153.337890625,4.613351345062256,5.298585891723633,0.050000011920928955,767500
1,3071,250,1841.1884765625,7.364753723144531,4.902729034423828,0.050000011920928955,767750
1,3072,250,1862.794921875,7.451179504394531,4.8432536125183105,0.050000011920928955,768000
1,3073,250,1185.773193359375,4.7430925369262695,5.012348651885986,0.050000011920928955,768250
1,3074,250,1870.733642578125,7.482934474945068,4.969252586364746,0.050000011920928955,768500
1,3075,250,1831.9512939453125,7.327805042266846,4.667689800262451,0.050000011920928955,768750
1,3076,250,1852.011474609375,7.408045768737793,4.70684289932251,0.050000011920928955,769000
1,3077,250,1934.3946533203125,7.737578392028809,4.980931282043457,0.050000011920928955,769250
1,3078,250,1835.09521484375,7.340380668640137,4.888153553009033,0.050000011920928955,769500
1,3079,250,1836.6341552734375,7.346536636352539,4.399158477783203,0.050000011920928955,769750
1,3080,250,1938.303466796875,7.753213882446289,4.541693210601807,0.050000011920928955,770000
1,3081,250,1854.53173828125,7.418127059936523,4.825561046600342,0.050000011920928955,770250
1,3082,250,1422.4078369140625,5.689631462097168,4.67300271987915,0.050000011920928955,770500
1,3083,250,1885.6708984375,7.5426836013793945,4.583133220672607,0.050000011920928955,770750
1,3084,250,1806.36181640625,7.225447177886963,4.345826148986816,0.050000011920928955,771000
1,3085,250,1573.841064453125,6.2953643798828125,4.527210712432861,0.050000011920928955,771250
1,3086,250,1776.335693359375,7.105342864990234,4.7395148277282715,0.050000011920928955,771500
1,3087,250,1816.1448974609375,7.264579772949219,4.332370281219482,0.050000011920928955,771750
1,3088,250,1831.2593994140625,7.325037479400635,4.468105316162109,0.050000011920928955,772000
1,3089,250,1814.8697509765625,7.25947904586792,4.726088047027588,0.050000011920928955,772250
1,3090,250,1773.3526611328125,7.093410491943359,4.331976413726807,0.050000011920928955,772500
1,3091,250,1416.4061279296875,5.665624618530273,4.250422954559326,0.050000011920928955,772750
1,3092,250,1835.7767333984375,7.343106746673584,4.356957912445068,0.050000011920928955,773000
1,3093,250,1768.64697265625,7.074587821960449,4.476063251495361,0.050000011920928955,773250
1,3094,250,1735.6292724609375,6.942517280578613,4.197409152984619,0.050000011920928955,773500
1,3095,250,1750.5174560546875,7.00206995010376,4.18568754196167,0.050000011920928955,773750
1,3096,250,1778.417724609375,7.113670825958252,4.140395164489746,0.050000011920928955,774000
1,3097,250,1869.130126953125,7.476520538330078,4.165186405181885,0.050000011920928955,774250
1,3098,250,1771.1329345703125,7.084531784057617,4.087799072265625,0.050000011920928955,774500
1,3099,250,1854.529541015625,7.418118000030518,3.768714427947998,0.050000011920928955,774750
1,3100,250,1735.32421875,6.9412970542907715,3.689974546432495,0.050000011920928955,775000
1,3101,250,1845.8770751953125,7.383508205413818,3.9504506587982178,0.050000011920928955,775250
1,3102,250,1762.7498779296875,7.050999641418457,3.9098455905914307,0.050000011920928955,775500
1,3103,250,1635.222412109375,6.540889739990234,3.839517116546631,0.050000011920928955,775750
1,3104,250,1693.08251953125,6.772330284118652,3.3481836318969727,0.050000011920928955,776000
1,3105,250,1639.5855712890625,6.558342456817627,3.496185779571533,0.050000011920928955,776250
1,3106,250,1340.464599609375,5.361858367919922,3.2506256103515625,0.050000011920928955,776500
1,3107,250,1375.69580078125,5.502783298492432,3.320509910583496,0.050000011920928955,776750
1,3108,250,1773.08251953125,7.092329978942871,2.9704151153564453,0.050000011920928955,777000
1,3109,250,1796.345947265625,7.1853837966918945,3.276477575302124,0.050000011920928955,777250
1,3110,250,1784.3177490234375,7.137270927429199,2.938868522644043,0.050000011920928955,777500
1,3111,250,1820.2913818359375,7.281165599822998,2.898716926574707,0.050000011920928955,777750
1,3112,250,1824.6380615234375,7.2985520362854,2.6071619987487793,0.050000011920928955,778000
1,3113,250,1815.9085693359375,7.263634204864502,3.020144462585449,0.050000011920928955,778250
1,3114,250,1733.60888671875,6.9344353675842285,2.719179391860962,0.050000011920928955,778500
1,3115,250,1537.354736328125,6.149418830871582,2.5937142372131348,0.050000011920928955,778750
1,3116,250,1852.152099609375,7.408608436584473,2.5775821208953857,0.050000011920928955,779000
1,3117,250,1818.132568359375,7.2725300788879395,2.752910614013672,0.050000011920928955,779250
1,3118,250,1846.134033203125,7.384536266326904,2.839596748352051,0.050000011920928955,779500
1,3119,250,1754.7113037109375,7.018845081329346,2.7195000648498535,0.050000011920928955,779750
1,3120,250,1798.31982421875,7.193279266357422,2.845808982849121,0.050000011920928955,780000
1,3121,250,1825.652587890625,7.302610397338867,2.832597017288208,0.050000011920928955,780250
1,3122,250,959.9824829101562,3.8399298191070557,2.825291156768799,0.050000011920928955,780500
1,3123,250,1195.8660888671875,4.783464431762695,2.69421648979187,0.050000011920928955,780750
1,3124,250,1853.061279296875,7.412245273590088,2.8570210933685303,0.050000011920928955,781000
1,3125,250,1746.8448486328125,6.987379550933838,2.958904504776001,0.050000011920928955,781250
1,3126,250,1839.27978515625,7.357119083404541,2.878108501434326,0.050000011920928955,781500
1,3127,250,1531.15869140625,6.124634742736816,2.632412910461426,0.050000011920928955,781750
1,3128,250,1572.23583984375,6.288943290710449,2.862516164779663,0.050000011920928955,782000
1,3129,250,1884.0830078125,7.536332130432129,2.8815181255340576,0.050000011920928955,782250
1,3130,250,1754.4346923828125,7.0177388191223145,2.814615488052368,0.050000011920928955,782500
1,3131,250,1700.8323974609375,6.8033294677734375,2.9178943634033203,0.050000011920928955,782750
1,3132,250,1620.1239013671875,6.480495452880859,2.9507126808166504,0.050000011920928955,783000
1,3133,250,1882.0704345703125,7.5282816886901855,2.9139111042022705,0.050000011920928955,783250
1,3134,250,1887.8646240234375,7.551458358764648,2.840153455734253,0.050000011920928955,783500
1,3135,250,1585.1387939453125,6.340555191040039,2.7878711223602295,0.050000011920928955,783750
1,3136,250,1367.1517333984375,5.468606948852539,2.7167108058929443,0.050000011920928955,784000
1,3137,250,1879.375,7.517499923706055,2.986039638519287,0.050000011920928955,784250
1,3138,250,1920.373046875,7.681492328643799,2.8007779121398926,0.050000011920928955,784500
1,3139,250,982.7175903320312,3.930870294570923,2.899097442626953,0.050000011920928955,784750
1,3140,250,1707.2689208984375,6.829075813293457,2.9624016284942627,0.050000011920928955,785000
1,3141,250,1900.5133056640625,7.602053165435791,3.090718984603882,0.050000011920928955,785250
1,3142,250,1917.716064453125,7.670864105224609,2.9903059005737305,0.050000011920928955,785500
1,3143,250,1859.371826171875,7.4374871253967285,2.98334002494812,0.050000011920928955,785750
1,3144,250,1284.61376953125,5.138454914093018,3.0143613815307617,0.050000011920928955,786000
1,3145,250,1908.364990234375,7.63346004486084,3.051694869995117,0.050000011920928955,786250
1,3146,250,1922.8179931640625,7.691271781921387,2.959824323654175,0.050000011920928955,786500
1,3147,250,1799.328369140625,7.19731330871582,2.780116081237793,0.050000011920928955,786750
1,3148,250,121.4542465209961,0.48581698536872864,2.805288553237915,0.050000011920928955,787000
1,3149,250,1867.919677734375,7.471678733825684,3.158458948135376,0.050000011920928955,787250
1,3150,250,1681.044921875,6.724179744720459,3.370837450027466,0.050000011920928955,787500
1,3151,250,1923.731689453125,7.694926738739014,2.980593681335449,0.050000011920928955,787750
1,3152,250,1875.825439453125,7.503301620483398,3.112980604171753,0.050000011920928955,788000
1,3153,250,1205.24658203125,4.820986270904541,3.5635697841644287,0.050000011920928955,788250
1,3154,250,1886.99560546875,7.547982215881348,3.3918802738189697,0.050000011920928955,788500
1,3155,250,1821.000732421875,7.284002780914307,3.313572645187378,0.050000011920928955,788750
1,3156,250,1912.5992431640625,7.650396823883057,3.2174978256225586,0.050000011920928955,789000
1,3157,250,1870.9815673828125,7.483926296234131,3.3652939796447754,0.050000011920928955,789250
1,3158,250,1703.596435546875,6.814385890960693,3.1814627647399902,0.050000011920928955,789500
1,3159,250,95.88159942626953,0.38352638483047485,3.5329482555389404,0.050000011920928955,789750
1,3160,250,116.28112030029297,0.4651244878768921,3.648538112640381,0.050000011920928955,790000
1,3161,250,1914.874755859375,7.659499168395996,3.9305179119110107,0.050000011920928955,790250
1,3162,250,1877.3994140625,7.5095977783203125,3.9415228366851807,0.050000011920928955,790500
1,3163,250,1885.169921875,7.540679454803467,3.8180763721466064,0.050000011920928955,790750
1,3164,250,1690.3743896484375,6.761497497558594,3.5015366077423096,0.050000011920928955,791000
1,3165,250,1918.355224609375,7.6734209060668945,3.7298808097839355,0.050000011920928955,791250
1,3166,250,1900.3021240234375,7.601208686828613,3.6894423961639404,0.050000011920928955,791500
1,3167,250,1668.0611572265625,6.672244548797607,3.661189556121826,0.050000011920928955,791750
1,3168,250,1835.146728515625,7.340587139129639,3.6702606678009033,0.050000011920928955,792000
1,3169,250,1882.03759765625,7.52815055847168,3.7086243629455566,0.050000011920928955,792250
1,3170,250,1856.1646728515625,7.42465877532959,3.624314308166504,0.050000011920928955,792500
1,3171,250,1835.315673828125,7.3412628173828125,3.5121421813964844,0.050000011920928955,792750
1,3172,250,1685.08935546875,6.740357398986816,3.4435524940490723,0.050000011920928955,793000
1,3173,250,1669.7000732421875,6.678800106048584,3.4049298763275146,0.050000011920928955,793250
1,3174,250,1825.328125,7.301312446594238,3.671602964401245,0.050000011920928955,793500
1,3175,250,1904.483642578125,7.617934703826904,3.3665008544921875,0.050000011920928955,793750
1,3176,250,1863.6495361328125,7.4545979499816895,3.5967745780944824,0.050000011920928955,794000
1,3177,250,1864.57080078125,7.458283424377441,3.743049144744873,0.050000011920928955,794250
1,3178,250,1834.7484130859375,7.338993549346924,3.724738359451294,0.050000011920928955,794500
1,3179,250,1858.4298095703125,7.433719158172607,3.4988980293273926,0.050000011920928955,794750
1,3180,250,1793.772705078125,7.175090789794922,3.4346752166748047,0.050000011920928955,795000
1,3181,250,1874.958740234375,7.499835014343262,3.632192611694336,0.050000011920928955,795250
1,3182,250,1874.47216796875,7.497888565063477,3.414276361465454,0.050000011920928955,795500
1,3183,250,1861.318603515625,7.445274353027344,3.617412805557251,0.050000011920928955,795750
1,3184,250,1819.74853515625,7.278994083404541,3.2325332164764404,0.050000011920928955,796000
1,3185,250,1701.0457763671875,6.804183006286621,3.361917495727539,0.050000011920928955,796250
1,3186,250,1840.612060546875,7.362448215484619,3.6078274250030518,0.050000011920928955,796500
1,3187,250,1813.885986328125,7.2555437088012695,3.159594774246216,0.050000011920928955,796750
1,3188,250,1845.9599609375,7.3838396072387695,3.077880382537842,0.050000011920928955,797000
1,3189,250,1694.34814453125,6.777392387390137,3.384186029434204,0.050000011920928955,797250
1,3190,250,1849.5419921875,7.398168087005615,3.188124656677246,0.050000011920928955,797500
1,3191,250,1792.198486328125,7.16879415512085,3.003079652786255,0.050000011920928955,797750
1,3192,250,1351.1923828125,5.404769420623779,3.1417243480682373,0.050000011920928955,798000
1,3193,250,1820.5836181640625,7.282334327697754,3.2391653060913086,0.050000011920928955,798250
1,3194,250,1690.8048095703125,6.763219356536865,3.2463364601135254,0.050000011920928955,798500
1,3195,250,1678.4072265625,6.713628768920898,3.0143909454345703,0.050000011920928955,798750
1,3196,250,1533.5025634765625,6.134010314941406,3.028486490249634,0.050000011920928955,799000
1,3197,250,1849.6318359375,7.398527145385742,3.3766305446624756,0.050000011920928955,799250
1,3198,250,1533.7554931640625,6.135022163391113,3.364171266555786,0.050000011920928955,799500
1,3199,250,1776.016357421875,7.104065418243408,3.0489940643310547,0.050000011920928955,799750
1,3200,250,1786.591796875,7.146367073059082,2.664581537246704,0.050000011920928955,800000
1,3201,250,1672.174560546875,6.6886982917785645,2.821054458618164,0.050000011920928955,800250
1,3202,250,200.68255615234375,0.8027302026748657,2.7895045280456543,0.050000011920928955,800500
1,3203,250,1574.33251953125,6.297329902648926,3.271437168121338,0.050000011920928955,800750
1,3204,250,1492.1314697265625,5.9685258865356445,3.2075231075286865,0.050000011920928955,801000
1,3205,250,1676.2694091796875,6.705077648162842,3.4870100021362305,0.050000011920928955,801250
1,3206,250,1804.3009033203125,7.217203617095947,3.1044094562530518,0.050000011920928955,801500
1,3207,250,1806.4873046875,7.225949287414551,3.1473610401153564,0.050000011920928955,801750
1,3208,250,1719.93212890625,6.879728317260742,3.167083978652954,0.050000011920928955,802000
1,3209,250,1824.9683837890625,7.299873352050781,3.117949962615967,0.050000011920928955,802250
1,3210,250,1897.07958984375,7.588318347930908,3.3945608139038086,0.050000011920928955,802500
1,3211,250,1854.0950927734375,7.416380405426025,3.239999294281006,0.050000011920928955,802750
1,3212,250,1729.587890625,6.918351650238037,3.3434267044067383,0.050000011920928955,803000
1,3213,250,28.256221771240234,0.11302489042282104,3.3378922939300537,0.050000011920928955,803250
1,3214,250,1914.970458984375,7.659882068634033,3.6357967853546143,0.050000011920928955,803500
1,3215,250,1662.72265625,6.650890827178955,3.811655282974243,0.050000011920928955,803750
1,3216,250,1892.4122314453125,7.569648742675781,3.547274589538574,0.050000011920928955,804000
1,3217,250,31.493152618408203,0.12597261369228363,4.0296311378479,0.050000011920928955,804250
1,3218,250,1897.166259765625,7.588665008544922,4.247486114501953,0.050000011920928955,804500
1,3219,250,1572.904052734375,6.291616439819336,4.278736114501953,0.050000011920928955,804750
1,3220,250,1853.31591796875,7.41326379776001,4.159514904022217,0.050000011920928955,805000
1,3221,250,1943.7156982421875,7.774862766265869,4.190949440002441,0.050000011920928955,805250
1,3222,250,1759.8173828125,7.03926944732666,4.1626996994018555,0.050000011920928955,805500
1,3223,250,1799.152099609375,7.196608543395996,4.045724391937256,0.050000011920928955,805750
1,3224,250,1933.0325927734375,7.732130527496338,4.257741928100586,0.050000011920928955,806000
1,3225,250,1919.4661865234375,7.6778645515441895,4.198271751403809,0.050000011920928955,806250
1,3226,250,1761.251220703125,7.045004844665527,4.272019386291504,0.050000011920928955,806500
1,3227,250,1777.3897705078125,7.109559059143066,4.132494926452637,0.050000011920928955,806750
1,3228,250,1592.14111328125,6.368564605712891,4.059773921966553,0.050000011920928955,807000
1,3229,250,1556.4967041015625,6.225986957550049,4.2704691886901855,0.050000011920928955,807250
1,3230,250,1979.5263671875,7.918105602264404,4.3452348709106445,0.050000011920928955,807500
1,3231,250,1725.9755859375,6.903902530670166,4.251574993133545,0.050000011920928955,807750
1,3232,250,1874.944091796875,7.499776363372803,3.973257303237915,0.050000011920928955,808000
1,3233,250,1899.344970703125,7.597379684448242,4.169889450073242,0.050000011920928955,808250
1,3234,250,1876.607177734375,7.5064287185668945,3.7525763511657715,0.050000011920928955,808500
1,3235,250,4.466072082519531,0.0178642887622118,4.3302226066589355,0.050000011920928955,808750
1,3236,250,-2.334860324859619,-0.009339441545307636,4.525358200073242,0.050000011920928955,809000
1,3237,250,1840.298095703125,7.361192226409912,5.227482318878174,0.050000011920928955,809250
1,3238,250,1740.5421142578125,6.9621686935424805,4.446483135223389,0.050000011920928955,809500
1,3239,250,46.53398895263672,0.18613596260547638,4.535324573516846,0.050000011920928955,809750
1,3240,250,1958.206298828125,7.832825183868408,4.664284706115723,0.050000011920928955,810000
1,3241,250,68.38955688476562,0.27355822920799255,5.32434606552124,0.050000011920928955,810250
1,3242,250,1832.83544921875,7.331341743469238,5.091398239135742,0.050000011920928955,810500
1,3243,250,1917.18212890625,7.668728351593018,5.27025842666626,0.050000011920928955,810750
1,3244,250,-2.409233570098877,-0.009636933915317059,4.777400970458984,0.050000011920928955,811000
1,3245,250,1867.072998046875,7.468291759490967,5.768925666809082,0.050000011920928955,811250
1,3246,250,1922.9833984375,7.691933631896973,5.434650897979736,0.050000011920928955,811500
1,3247,250,1760.499267578125,7.041996955871582,5.081493377685547,0.050000011920928955,811750
1,3248,250,1890.84423828125,7.5633769035339355,5.441843032836914,0.050000011920928955,812000
1,3249,250,-16.198528289794922,-0.06479411572217941,5.509518146514893,0.050000011920928955,812250
1,3250,250,243.76321411132812,0.9750528335571289,5.39497184753418,0.050000011920928955,812500
1,3251,250,-3.4099371433258057,-0.013639749027788639,5.511875152587891,0.050000011920928955,812750
1,3252,250,488.53070068359375,1.95412278175354,6.247761249542236,0.050000011920928955,813000
1,3253,250,1793.742919921875,7.174971580505371,6.210285186767578,0.050000011920928955,813250
1,3254,250,1735.2242431640625,6.940896987915039,5.868443012237549,0.050000011920928955,813500
1,3255,250,1920.9190673828125,7.683676242828369,5.852343559265137,0.050000011920928955,813750
1,3256,250,-10.238312721252441,-0.04095325246453285,6.118361473083496,0.050000011920928955,814000
1,3257,250,144.7908172607422,0.5791632533073425,6.704308986663818,0.050000011920928955,814250
1,3258,250,9.723851203918457,0.03889540582895279,6.571707248687744,0.050000011920928955,814500
1,3259,250,91.12216186523438,0.3644886612892151,6.696160793304443,0.050000011920928955,814750
1,3260,250,1905.799072265625,7.623196125030518,6.969588756561279,0.050000011920928955,815000
1,3261,250,9.238092422485352,0.036952368915081024,7.3971123695373535,0.050000011920928955,815250
1,3262,250,1244.6737060546875,4.978694915771484,7.306423187255859,0.050000011920928955,815500
1,3263,250,21.904735565185547,0.08761893957853317,7.033574104309082,0.050000011920928955,815750
1,3264,250,1608.024169921875,6.432096481323242,7.049557685852051,0.050000011920928955,816000
1,3265,250,1384.29248046875,5.537169933319092,8.113750457763672,0.050000011920928955,816250
1,3266,250,32.61483383178711,0.13045933842658997,7.524123191833496,0.050000011920928955,816500
1,3267,250,40.077880859375,0.1603115200996399,8.38943862915039,0.050000011920928955,816750
1,3268,250,1720.3656005859375,6.881462574005127,8.028253555297852,0.050000011920928955,817000
1,3269,250,76.91755676269531,0.3076702356338501,9.131974220275879,0.050000011920928955,817250
1,3270,250,70.84137725830078,0.28336551785469055,8.583701133728027,0.050000011920928955,817500
1,3271,250,29.550182342529297,0.11820072680711746,8.79771900177002,0.050000011920928955,817750
1,3272,250,242.49290466308594,0.9699715971946716,8.9376220703125,0.050000011920928955,818000
1,3273,250,765.2373657226562,3.0609495639801025,10.21809196472168,0.050000011920928955,818250
1,3274,250,440.9537048339844,1.7638148069381714,9.455365180969238,0.050000011920928955,818500
1,3275,250,80.18258666992188,0.3207303583621979,8.774528503417969,0.050000011920928955,818750
1,3276,250,57.679054260253906,0.23071621358394623,9.032600402832031,0.050000011920928955,819000
1,3277,250,85.5282211303711,0.3421128988265991,9.211156845092773,0.050000011920928955,819250
1,3278,250,3.533649206161499,0.014134597033262253,9.011907577514648,0.050000011920928955,819500
1,3279,250,1751.72216796875,7.0068888664245605,8.58263874053955,0.050000011920928955,819750
1,3280,250,6.240006446838379,0.024960026144981384,8.294698715209961,0.050000011920928955,820000
1,3281,250,1491.17578125,5.96470308303833,9.833610534667969,0.050000011920928955,820250
1,3282,250,1113.46435546875,4.453857421875,9.231544494628906,0.050000011920928955,820500
1,3283,250,1226.702880859375,4.906811714172363,8.849322319030762,0.050000011920928955,820750
1,3284,250,122.19650268554688,0.4887860119342804,8.523955345153809,0.050000011920928955,821000
1,3285,250,1667.635986328125,6.670544147491455,10.427750587463379,0.050000011920928955,821250
1,3286,250,78.8743896484375,0.3154975473880768,10.126404762268066,0.050000011920928955,821500
1,3287,250,1148.4918212890625,4.593967437744141,9.790799140930176,0.050000011920928955,821750
1,3288,250,1549.1953125,6.196781158447266,9.532930374145508,0.050000011920928955,822000
1,3289,250,109.32987213134766,0.43731948733329773,10.03917407989502,0.050000011920928955,822250
1,3290,250,1569.60693359375,6.278427600860596,10.1343355178833,0.050000011920928955,822500
1,3291,250,17.145381927490234,0.06858152896165848,8.950753211975098,0.050000011920928955,822750
1,3292,250,1637.1593017578125,6.548637390136719,8.90340805053711,0.050000011920928955,823000
1,3293,250,1623.093017578125,6.492372035980225,9.26602840423584,0.050000011920928955,823250
1,3294,250,43.948123931884766,0.17579250037670135,8.89873218536377,0.050000011920928955,823500
1,3295,250,1473.599365234375,5.894397258758545,8.759797096252441,0.050000011920928955,823750
1,3296,250,1515.396728515625,6.061586856842041,8.406213760375977,0.050000011920928955,824000
1,3297,250,1552.6143798828125,6.2104573249816895,9.254125595092773,0.050000011920928955,824250
1,3298,250,1640.1710205078125,6.5606842041015625,8.291462898254395,0.050000011920928955,824500
1,3299,250,1677.01318359375,6.708052635192871,7.860809803009033,0.050000011920928955,824750
1,3300,250,1200.114990234375,4.800459861755371,7.627084732055664,0.050000011920928955,825000
1,3301,250,1677.7042236328125,6.710816860198975,7.922532081604004,0.050000011920928955,825250
1,3302,250,1492.2415771484375,5.968966484069824,7.190371513366699,0.050000011920928955,825500
1,3303,250,1531.9342041015625,6.127737045288086,6.825005054473877,0.050000011920928955,825750
1,3304,250,1785.7496337890625,7.142998695373535,6.6931071281433105,0.050000011920928955,826000
1,3305,250,1721.4033203125,6.885613441467285,6.961525917053223,0.050000011920928955,826250
1,3306,250,1471.5888671875,5.886355400085449,6.79229736328125,0.050000011920928955,826500
1,3307,250,1684.5614013671875,6.738245487213135,6.537541389465332,0.050000011920928955,826750
1,3308,250,1635.4293212890625,6.541717052459717,6.3119378089904785,0.050000011920928955,827000
1,3309,250,1535.14111328125,6.140564441680908,6.5838422775268555,0.050000011920928955,827250
1,3310,250,1668.503173828125,6.674012660980225,6.051270961761475,0.050000011920928955,827500
1,3311,250,1720.5609130859375,6.882243633270264,5.823403835296631,0.050000011920928955,827750
1,3312,250,1873.294677734375,7.493178844451904,5.6619181632995605,0.050000011920928955,828000
1,3313,250,1763.1219482421875,7.052487850189209,6.046091079711914,0.050000011920928955,828250
1,3314,250,1847.94384765625,7.391775608062744,5.724275588989258,0.050000011920928955,828500
1,3315,250,8.295676231384277,0.03318270668387413,5.479494094848633,0.050000011920928955,828750
1,3316,250,52.30963134765625,0.20923852920532227,5.2998223304748535,0.050000011920928955,829000
1,3317,250,1653.487060546875,6.613948345184326,5.91790771484375,0.050000011920928955,829250
1,3318,250,1864.4029541015625,7.457612037658691,5.569196701049805,0.050000011920928955,829500
1,3319,250,1833.1719970703125,7.332687854766846,5.123825550079346,0.050000011920928955,829750
1,3320,250,1744.7576904296875,6.979030609130859,5.039974212646484,0.050000011920928955,830000
1,3321,250,1760.6767578125,7.0427069664001465,5.449405193328857,0.050000011920928955,830250
1,3322,250,1712.91552734375,6.8516621589660645,5.012612819671631,0.050000011920928955,830500
1,3323,250,87.13362884521484,0.3485345244407654,4.9389753341674805,0.050000011920928955,830750
1,3324,250,1802.1322021484375,7.208528995513916,5.141236782073975,0.050000011920928955,831000
1,3325,250,1415.22412109375,5.660896301269531,5.136455535888672,0.050000011920928955,831250
1,3326,250,69.02925872802734,0.2761170268058777,4.741777420043945,0.050000011920928955,831500
1,3327,250,1888.2725830078125,7.5530900955200195,4.875032424926758,0.050000011920928955,831750
1,3328,250,1580.4002685546875,6.321600914001465,4.732339382171631,0.050000011920928955,832000
1,3329,250,1506.9801025390625,6.027920246124268,4.612434387207031,0.050000011920928955,832250
1,3330,250,1527.475830078125,6.109903335571289,4.630524635314941,0.050000011920928955,832500
1,3331,250,1753.8292236328125,7.015316963195801,4.443238258361816,0.050000011920928955,832750
1,3332,250,1778.0811767578125,7.1123247146606445,4.396361827850342,0.050000011920928955,833000
1,3333,250,1749.914306640625,6.999657154083252,4.70034646987915,0.050000011920928955,833250
1,3334,250,1621.412841796875,6.48565149307251,4.427801132202148,0.050000011920928955,833500
1,3335,250,1798.3232421875,7.19329309463501,4.146795749664307,0.050000011920928955,833750
1,3336,250,1789.739990234375,7.158959865570068,4.107595920562744,0.050000011920928955,834000
1,3337,250,1774.173828125,7.096695423126221,4.11853551864624,0.050000011920928955,834250
1,3338,250,1869.4329833984375,7.477731704711914,4.058081150054932,0.050000011920928955,834500
1,3339,250,1756.2393798828125,7.024957656860352,3.954495668411255,0.050000011920928955,834750
1,3340,250,1765.42578125,7.061703205108643,4.093617916107178,0.050000011920928955,835000
1,3341,250,1332.134521484375,5.328537940979004,4.128030776977539,0.050000011920928955,835250
1,3342,250,1738.03564453125,6.952142715454102,3.9744787216186523,0.050000011920928955,835500
1,3343,250,1721.452880859375,6.8858113288879395,4.109852313995361,0.050000011920928955,835750
1,3344,250,1833.9384765625,7.335753917694092,3.902988910675049,0.050000011920928955,836000
1,3345,250,1671.7744140625,6.687097549438477,4.184167861938477,0.050000011920928955,836250
1,3346,250,1832.096435546875,7.328385829925537,4.156183242797852,0.050000011920928955,836500
1,3347,250,1907.58056640625,7.630322456359863,4.079133987426758,0.050000011920928955,836750
1,3348,250,191.49786376953125,0.7659914493560791,3.8897368907928467,0.050000011920928955,837000
1,3349,250,1717.234619140625,6.868938446044922,4.364100933074951,0.050000011920928955,837250
1,3350,250,1741.4371337890625,6.965748310089111,4.246978282928467,0.050000011920928955,837500
1,3351,250,1597.6795654296875,6.390718460083008,4.3804612159729,0.050000011920928955,837750
1,3352,250,1603.330322265625,6.413321495056152,4.30947732925415,0.050000011920928955,838000
1,3353,250,1690.81201171875,6.763247966766357,4.449016571044922,0.050000011920928955,838250
1,3354,250,1639.737060546875,6.558948040008545,4.418551921844482,0.050000011920928955,838500
1,3355,250,1756.311767578125,7.025247097015381,4.231345176696777,0.050000011920928955,838750
1,3356,250,1802.137451171875,7.208549976348877,4.057491302490234,0.050000011920928955,839000
1,3357,250,1547.052978515625,6.188211917877197,4.076831817626953,0.050000011920928955,839250
1,3358,250,1838.9283447265625,7.355713367462158,3.8443267345428467,0.050000011920928955,839500
1,3359,250,1699.53515625,6.798140525817871,3.817056655883789,0.050000011920928955,839750
1,3360,250,1681.36572265625,6.725462913513184,3.8198485374450684,0.050000011920928955,840000
1,3361,250,1153.9190673828125,4.615676403045654,4.272755146026611,0.050000011920928955,840250
1,3362,250,1567.08349609375,6.268333911895752,4.014856815338135,0.050000011920928955,840500
1,3363,250,1835.584716796875,7.342339038848877,3.9330661296844482,0.050000011920928955,840750
1,3364,250,1871.923583984375,7.487694263458252,3.6301467418670654,0.050000011920928955,841000
1,3365,250,1817.8197021484375,7.2712788581848145,4.083406448364258,0.050000011920928955,841250
1,3366,250,1770.91259765625,7.083650588989258,3.5837814807891846,0.050000011920928955,841500
1,3367,250,1823.3323974609375,7.29332971572876,3.619252920150757,0.050000011920928955,841750
1,3368,250,1934.2867431640625,7.737146854400635,3.3284530639648438,0.050000011920928955,842000
1,3369,250,1635.7236328125,6.54289436340332,3.4953255653381348,0.050000011920928955,842250
1,3370,250,1824.137939453125,7.296551704406738,3.275117874145508,0.050000011920928955,842500
1,3371,250,1852.8310546875,7.4113240242004395,3.282827377319336,0.050000011920928955,842750
1,3372,250,1865.64453125,7.462578296661377,3.2698493003845215,0.050000011920928955,843000
1,3373,250,1807.133544921875,7.22853422164917,3.2963407039642334,0.050000011920928955,843250
1,3374,250,1876.57470703125,7.506299018859863,3.6048049926757812,0.050000011920928955,843500
1,3375,250,1876.0455322265625,7.5041823387146,3.291062355041504,0.050000011920928955,843750
1,3376,250,1864.203125,7.456812381744385,3.0546674728393555,0.050000011920928955,844000
1,3377,250,1776.871337890625,7.107485294342041,3.5883564949035645,0.050000011920928955,844250
1,3378,250,1462.9637451171875,5.8518548011779785,3.2330000400543213,0.050000011920928955,844500
1,3379,250,1838.7099609375,7.35483980178833,3.4438347816467285,0.050000011920928955,844750
1,3380,250,1809.5430908203125,7.23817253112793,3.1354591846466064,0.050000011920928955,845000
1,3381,250,1861.4896240234375,7.445958614349365,3.2720658779144287,0.050000011920928955,845250
1,3382,250,1825.8358154296875,7.303343296051025,3.68149995803833,0.050000011920928955,845500
1,3383,250,1647.385986328125,6.58954381942749,3.439333438873291,0.050000011920928955,845750
1,3384,250,1911.1673583984375,7.644669532775879,3.230003595352173,0.050000011920928955,846000
1,3385,250,1741.1649169921875,6.964659690856934,3.3478586673736572,0.050000011920928955,846250
1,3386,250,1888.15185546875,7.552607536315918,3.175640344619751,0.050000011920928955,846500
1,3387,250,1715.760986328125,6.863043785095215,3.2320539951324463,0.050000011920928955,846750
1,3388,250,1854.787841796875,7.419151306152344,3.1628198623657227,0.050000011920928955,847000
1,3389,250,87.22440338134766,0.3488976061344147,3.3907053470611572,0.050000011920928955,847250
1,3390,250,1877.6236572265625,7.510494709014893,3.2413811683654785,0.050000011920928955,847500
1,3391,250,1686.0849609375,6.744339942932129,3.119154453277588,0.050000011920928955,847750
1,3392,250,7.246136665344238,0.028984546661376953,3.3000617027282715,0.050000011920928955,848000
1,3393,250,1897.0048828125,7.588019371032715,3.733569860458374,0.050000011920928955,848250
1,3394,250,46.64424514770508,0.1865769773721695,3.6016390323638916,0.050000011920928955,848500
1,3395,250,25.68058967590332,0.10272236168384552,4.141241073608398,0.050000011920928955,848750
1,3396,250,1913.28173828125,7.6531267166137695,3.910750389099121,0.050000011920928955,849000
1,3397,250,1835.9332275390625,7.343732833862305,4.223870277404785,0.050000011920928955,849250
1,3398,250,36.39531707763672,0.14558127522468567,4.4119486808776855,0.050000011920928955,849500
1,3399,250,1687.0743408203125,6.748297214508057,4.171318054199219,0.050000011920928955,849750
1,3400,250,8.585697174072266,0.03434278815984726,4.133172512054443,0.050000011920928955,850000
1,3401,250,1937.045654296875,7.748182773590088,4.559295654296875,0.050000011920928955,850250
1,3402,250,1838.5894775390625,7.354357719421387,4.605653762817383,0.050000011920928955,850500
1,3403,250,1747.6536865234375,6.990614891052246,4.43476676940918,0.050000011920928955,850750
1,3404,250,1694.640625,6.778562545776367,4.473721027374268,0.050000011920928955,851000
1,3405,250,1479.5247802734375,5.9180989265441895,4.641274929046631,0.050000011920928955,851250
1,3406,250,1375.0145263671875,5.500058174133301,4.539976596832275,0.050000011920928955,851500
1,3407,250,1772.14208984375,7.088568210601807,4.852067470550537,0.050000011920928955,851750
1,3408,250,1499.81689453125,5.999267578125,4.417458534240723,0.050000011920928955,852000
1,3409,250,1648.5894775390625,6.594357967376709,4.899796485900879,0.050000011920928955,852250
1,3410,250,1805.48388671875,7.221935749053955,4.790292263031006,0.050000011920928955,852500
1,3411,250,1894.116943359375,7.576467990875244,4.707747936248779,0.050000011920928955,852750
1,3412,250,1815.59716796875,7.262388706207275,4.474896430969238,0.050000011920928955,853000
1,3413,250,1840.54833984375,7.362193584442139,4.56951379776001,0.050000011920928955,853250
1,3414,250,57.14041519165039,0.2285616546869278,4.555140495300293,0.050000011920928955,853500
1,3415,250,1770.45068359375,7.081802845001221,4.52709436416626,0.050000011920928955,853750
1,3416,250,1897.2501220703125,7.589000701904297,4.626545429229736,0.050000011920928955,854000
1,3417,250,23.376737594604492,0.09350694715976715,4.700860023498535,0.050000011920928955,854250
1,3418,250,1707.92138671875,6.831685543060303,4.980240345001221,0.050000011920928955,854500
1,3419,250,1585.770751953125,6.343082904815674,4.751204490661621,0.050000011920928955,854750
1,3420,250,-26.715290069580078,-0.1068611592054367,4.617044448852539,0.050000011920928955,855000
1,3421,250,-22.2783145904541,-0.0891132578253746,5.078174114227295,0.050000011920928955,855250
1,3422,250,-13.655767440795898,-0.0546230711042881,5.397472858428955,0.050000011920928955,855500
1,3423,250,-8.671122550964355,-0.03468449041247368,5.44516658782959,0.050000011920928955,855750
1,3424,250,1940.289306640625,7.761157035827637,5.08152961730957,0.050000011920928955,856000
1,3425,250,-20.968034744262695,-0.08387213945388794,5.736937522888184,0.050000011920928955,856250
1,3426,250,1847.4268798828125,7.389707565307617,5.729227066040039,0.050000011920928955,856500
1,3427,250,-30.586746215820312,-0.12234698235988617,5.579721927642822,0.050000011920928955,856750
1,3428,250,13.08817195892334,0.05235268920660019,5.978429794311523,0.050000011920928955,857000
1,3429,250,1927.7432861328125,7.710973262786865,5.722648620605469,0.050000011920928955,857250
1,3430,250,1942.1741943359375,7.7686967849731445,5.560157299041748,0.050000011920928955,857500
1,3431,250,1888.16943359375,7.552677631378174,5.692033290863037,0.050000011920928955,857750
1,3432,250,1694.6776123046875,6.77871036529541,5.609440326690674,0.050000011920928955,858000
1,3433,250,1719.5438232421875,6.878175258636475,5.613430023193359,0.050000011920928955,858250
1,3434,250,1770.99267578125,7.083970546722412,5.229187488555908,0.050000011920928955,858500
1,3435,250,1701.593505859375,6.8063740730285645,4.896297931671143,0.050000011920928955,858750
1,3436,250,-16.092172622680664,-0.06436868757009506,4.773852825164795,0.050000011920928955,859000
1,3437,250,-12.633491516113281,-0.0505339652299881,5.035414218902588,0.050000011920928955,859250
1,3438,250,1400.587158203125,5.602348804473877,5.242505073547363,0.050000011920928955,859500
1,3439,250,764.7510375976562,3.059004068374634,4.968671798706055,0.050000011920928955,859750
1,3440,250,1445.404296875,5.781617164611816,5.5143609046936035,0.050000011920928955,860000
1,3441,250,-2.4000766277313232,-0.009600306861102581,5.1406989097595215,0.050000011920928955,860250
1,3442,250,1591.12060546875,6.364482402801514,4.948981285095215,0.050000011920928955,860500
1,3443,250,1569.23486328125,6.276939392089844,4.835197925567627,0.050000011920928955,860750
1,3444,250,1890.449951171875,7.561800003051758,4.89375638961792,0.050000011920928955,861000
1,3445,250,15.354095458984375,0.0614163801074028,5.178415298461914,0.050000011920928955,861250
1,3446,250,33.41680908203125,0.1336672306060791,5.0121307373046875,0.050000011920928955,861500
1,3447,250,1261.039306640625,5.044157028198242,5.496087074279785,0.050000011920928955,861750
1,3448,250,25.796188354492188,0.10318475216627121,4.874922752380371,0.050000011920928955,862000
1,3449,250,16.21082878112793,0.0648433119058609,5.428363800048828,0.050000011920928955,862250
1,3450,250,1927.2052001953125,7.708820819854736,5.191871166229248,0.050000011920928955,862500
1,3451,250,1243.73388671875,4.974935531616211,5.3124213218688965,0.050000011920928955,862750
1,3452,250,1532.88525390625,6.1315412521362305,5.517161846160889,0.050000011920928955,863000
1,3453,250,257.5802917480469,1.0303211212158203,5.9305009841918945,0.050000011920928955,863250
1,3454,250,1167.246826171875,4.668987274169922,5.729541778564453,0.050000011920928955,863500
1,3455,250,19.10085105895996,0.07640340179204941,5.427695274353027,0.050000011920928955,863750
1,3456,250,-2.791785478591919,-0.011167141608893871,5.659409999847412,0.050000011920928955,864000
1,3457,250,13.768692016601562,0.05507476627826691,5.821509838104248,0.050000011920928955,864250
1,3458,250,1868.4371337890625,7.473748683929443,5.8581156730651855,0.050000011920928955,864500
1,3459,250,1966.43798828125,7.86575174331665,5.692471504211426,0.050000011920928955,864750
1,3460,250,1653.816162109375,6.615264415740967,5.677000045776367,0.050000011920928955,865000
1,3461,250,1703.522705078125,6.814090728759766,5.665823936462402,0.050000011920928955,865250
1,3462,250,-19.103727340698242,-0.07641491293907166,5.5399346351623535,0.050000011920928955,865500
1,3463,250,20.688539505004883,0.08275415748357773,5.4659037590026855,0.050000011920928955,865750
1,3464,250,1951.4775390625,7.805910110473633,5.231588363647461,0.050000011920928955,866000
1,3465,250,1678.501708984375,6.7140069007873535,5.795310974121094,0.050000011920928955,866250
1,3466,250,1882.115966796875,7.528463840484619,5.416595935821533,0.050000011920928955,866500
1,3467,250,-45.443138122558594,-0.18177255988121033,5.538717746734619,0.050000011920928955,866750
1,3468,250,1445.88427734375,5.783536911010742,5.244961738586426,0.050000011920928955,867000
1,3469,250,-26.646398544311523,-0.10658559203147888,5.465738296508789,0.050000011920928955,867250
1,3470,250,946.60791015625,3.7864315509796143,5.544867992401123,0.050000011920928955,867500
1,3471,250,1114.529296875,4.4581170082092285,5.255002975463867,0.050000011920928955,867750
1,3472,250,1055.5865478515625,4.222346305847168,5.401653289794922,0.050000011920928955,868000
1,3473,250,1187.701904296875,4.750807762145996,5.642803192138672,0.050000011920928955,868250
1,3474,250,1731.0394287109375,6.924157619476318,5.6828765869140625,0.050000011920928955,868500
1,3475,250,1740.6795654296875,6.962718486785889,5.555660724639893,0.050000011920928955,868750
1,3476,250,635.0191650390625,2.540076732635498,5.39161491394043,0.050000011920928955,869000
1,3477,250,236.903564453125,0.9476142525672913,5.882432460784912,0.050000011920928955,869250
1,3478,250,925.5609130859375,3.7022435665130615,5.668814182281494,0.050000011920928955,869500
1,3479,250,738.8416748046875,2.955366611480713,5.752326488494873,0.050000011920928955,869750
1,3480,250,1528.78759765625,6.115150451660156,5.608920097351074,0.050000011920928955,870000
1,3481,250,1923.56298828125,7.694252014160156,5.9411091804504395,0.050000011920928955,870250
1,3482,250,1800.303466796875,7.201213836669922,5.96108865737915,0.050000011920928955,870500
1,3483,250,1581.85400390625,6.327415943145752,5.641964435577393,0.050000011920928955,870750
1,3484,250,685.66845703125,2.742673873901367,5.602127552032471,0.050000011920928955,871000
1,3485,250,1649.8348388671875,6.599339485168457,5.942102909088135,0.050000011920928955,871250
1,3486,250,1487.008056640625,5.948032379150391,5.547591209411621,0.050000011920928955,871500
1,3487,250,11.373202323913574,0.045492809265851974,5.662993907928467,0.050000011920928955,871750
1,3488,250,1667.330810546875,6.669323444366455,5.53294038772583,0.050000011920928955,872000
1,3489,250,-5.549711227416992,-0.022198844701051712,5.859752655029297,0.050000011920928955,872250
1,3490,250,14.009136199951172,0.05603654310107231,6.079311847686768,0.050000011920928955,872500
1,3491,250,25.30454444885254,0.10121817886829376,5.870553016662598,0.050000011920928955,872750
1,3492,250,1868.1741943359375,7.472696781158447,6.012818813323975,0.050000011920928955,873000
1,3493,250,1555.3201904296875,6.221280574798584,6.251727104187012,0.050000011920928955,873250
1,3494,250,1396.6759033203125,5.586703777313232,5.987107276916504,0.050000011920928955,873500
1,3495,250,571.8676147460938,2.2874703407287598,6.232522010803223,0.050000011920928955,873750
1,3496,250,1504.65625,6.018624782562256,5.779745101928711,0.050000011920928955,874000
1,3497,250,984.0377197265625,3.9361507892608643,6.372436046600342,0.050000011920928955,874250
1,3498,250,1632.85546875,6.531421661376953,6.075580596923828,0.050000011920928955,874500
1,3499,250,1713.565673828125,6.854262828826904,6.105765342712402,0.050000011920928955,874750
1,3500,250,274.4473571777344,1.0977894067764282,5.9771952629089355,0.050000011920928955,875000
1,3501,250,651.0423583984375,2.6041693687438965,6.824970722198486,0.050000011920928955,875250
1,3502,250,1622.321533203125,6.489285945892334,6.590638160705566,0.050000011920928955,875500
1,3503,250,970.86083984375,3.8834433555603027,6.240939617156982,0.050000011920928955,875750
1,3504,250,-9.34202766418457,-0.037368111312389374,6.0113205909729,0.050000011920928955,876000
1,3505,250,5.127153396606445,0.02050861343741417,6.7838568687438965,0.050000011920928955,876250
1,3506,250,1343.148681640625,5.372594833374023,6.460543632507324,0.050000011920928955,876500
1,3507,250,1001.604736328125,4.0064191818237305,6.681127071380615,0.050000011920928955,876750
1,3508,250,1302.331298828125,5.209325313568115,6.412266731262207,0.050000011920928955,877000
1,3509,250,1903.9765625,7.615906238555908,7.646887302398682,0.050000011920928955,877250
1,3510,250,1332.47314453125,5.329892635345459,6.708258628845215,0.050000011920928955,877500
1,3511,250,1790.849365234375,7.163397312164307,6.934577465057373,0.050000011920928955,877750
1,3512,250,1517.75146484375,6.071005821228027,6.462709426879883,0.050000011920928955,878000
1,3513,250,714.8104858398438,2.8592419624328613,6.752691745758057,0.050000011920928955,878250
1,3514,250,1704.4847412109375,6.817938804626465,6.791771411895752,0.050000011920928955,878500
1,3515,250,1621.675048828125,6.486700057983398,6.817279815673828,0.050000011920928955,878750
1,3516,250,1737.08837890625,6.948353290557861,6.782066822052002,0.050000011920928955,879000
1,3517,250,67.31964111328125,0.26927855610847473,7.171774387359619,0.050000011920928955,879250
1,3518,250,23.126419067382812,0.09250567853450775,6.982677459716797,0.050000011920928955,879500
1,3519,250,91.1937255859375,0.3647749125957489,7.000417232513428,0.050000011920928955,879750
1,3520,250,1360.035888671875,5.440143585205078,6.691664218902588,0.050000011920928955,880000
1,3521,250,1739.2373046875,6.956949234008789,6.890290260314941,0.050000011920928955,880250
1,3522,250,14.911712646484375,0.0596468523144722,7.08165168762207,0.050000011920928955,880500
1,3523,250,1323.908935546875,5.29563570022583,7.054332256317139,0.050000011920928955,880750
1,3524,250,1595.3876953125,6.3815507888793945,6.970917701721191,0.050000011920928955,881000
1,3525,250,1527.6171875,6.110468864440918,6.918153762817383,0.050000011920928955,881250
1,3526,250,91.94683074951172,0.36778733134269714,6.824711799621582,0.050000011920928955,881500
1,3527,250,1381.490478515625,5.525961875915527,7.453388214111328,0.050000011920928955,881750
1,3528,250,1058.443115234375,4.233772277832031,6.82155179977417,0.050000011920928955,882000
1,3529,250,139.64247131347656,0.5585699081420898,6.968461513519287,0.050000011920928955,882250
1,3530,250,1679.2777099609375,6.717110633850098,6.848745822906494,0.050000011920928955,882500
1,3531,250,1451.612548828125,5.806450366973877,6.7910542488098145,0.050000011920928955,882750
1,3532,250,1010.2252197265625,4.040900707244873,6.181466579437256,0.050000011920928955,883000
1,3533,250,1655.1337890625,6.620535373687744,6.55786657333374,0.050000011920928955,883250
1,3534,250,154.54031372070312,0.6181612610816956,6.745622158050537,0.050000011920928955,883500
1,3535,250,1507.591064453125,6.030364036560059,6.555383205413818,0.050000011920928955,883750
1,3536,250,1367.709716796875,5.470839023590088,6.490851879119873,0.050000011920928955,884000
1,3537,250,1352.60302734375,5.410412311553955,6.428689002990723,0.050000011920928955,884250
1,3538,250,1840.6610107421875,7.362644195556641,6.216001510620117,0.050000011920928955,884500
1,3539,250,1741.687255859375,6.96674919128418,5.952979564666748,0.050000011920928955,884750
1,3540,250,1706.580810546875,6.82632303237915,6.148650169372559,0.050000011920928955,885000
1,3541,250,1671.2755126953125,6.6851019859313965,6.375128269195557,0.050000011920928955,885250
1,3542,250,1588.896728515625,6.355587005615234,6.117832660675049,0.050000011920928955,885500
1,3543,250,1631.904052734375,6.527616024017334,6.553679466247559,0.050000011920928955,885750
1,3544,250,1672.315185546875,6.689260959625244,6.005587100982666,0.050000011920928955,886000
1,3545,250,1306.621337890625,5.226485252380371,5.944177627563477,0.050000011920928955,886250
1,3546,250,1303.135986328125,5.212543964385986,5.975076198577881,0.050000011920928955,886500
1,3547,250,1265.4298095703125,5.0617194175720215,5.855210304260254,0.050000011920928955,886750
1,3548,250,1408.54833984375,5.634193420410156,5.586620807647705,0.050000011920928955,887000
1,3549,250,1236.393798828125,4.94557523727417,5.978061199188232,0.050000011920928955,887250
1,3550,250,1666.786376953125,6.667145729064941,5.920323848724365,0.050000011920928955,887500
1,3551,250,1469.9580078125,5.8798322677612305,5.878456115722656,0.050000011920928955,887750
1,3552,250,1540.083984375,6.160336017608643,5.777065753936768,0.050000011920928955,888000
1,3553,250,1689.9403076171875,6.759761333465576,6.032716274261475,0.050000011920928955,888250
1,3554,250,1798.321044921875,7.193284034729004,5.87300968170166,0.050000011920928955,888500
1,3555,250,1623.1796875,6.492718696594238,5.806520938873291,0.050000011920928955,888750
1,3556,250,1591.33984375,6.365359306335449,5.847914218902588,0.050000011920928955,889000
1,3557,250,1814.6114501953125,7.258445739746094,5.9696149826049805,0.050000011920928955,889250
1,3558,250,1600.8843994140625,6.403537750244141,5.641161918640137,0.050000011920928955,889500
1,3559,250,1138.042236328125,4.552168846130371,5.613570690155029,0.050000011920928955,889750
1,3560,250,1680.913330078125,6.723653316497803,5.202467441558838,0.050000011920928955,890000
1,3561,250,1884.319580078125,7.537278175354004,5.439568519592285,0.050000011920928955,890250
1,3562,250,1881.2340087890625,7.524936199188232,5.487040042877197,0.050000011920928955,890500
1,3563,250,1765.396728515625,7.061586856842041,5.0981950759887695,0.050000011920928955,890750
1,3564,250,1763.951416015625,7.055805683135986,4.879675388336182,0.050000011920928955,891000
1,3565,250,1198.265625,4.793062686920166,5.269130706787109,0.050000011920928955,891250
1,3566,250,1260.810546875,5.04324197769165,5.21785831451416,0.050000011920928955,891500
1,3567,250,1769.674072265625,7.078696250915527,4.885519027709961,0.050000011920928955,891750
1,3568,250,1755.244873046875,7.020979404449463,4.779901504516602,0.050000011920928955,892000
1,3569,250,245.144287109375,0.9805771708488464,5.061678409576416,0.050000011920928955,892250
1,3570,250,1810.7164306640625,7.242865562438965,4.843743801116943,0.050000011920928955,892500
1,3571,250,846.8694458007812,3.3874778747558594,4.81369686126709,0.050000011920928955,892750
1,3572,250,1304.733642578125,5.218934535980225,4.5698089599609375,0.050000011920928955,893000
1,3573,250,1714.99169921875,6.85996675491333,4.844234943389893,0.050000011920928955,893250
1,3574,250,1398.8814697265625,5.595525741577148,4.741652011871338,0.050000011920928955,893500
1,3575,250,1105.561767578125,4.422246932983398,4.523125171661377,0.050000011920928955,893750
1,3576,250,249.7283935546875,0.998913586139679,4.629749298095703,0.050000011920928955,894000
1,3577,250,24.493654251098633,0.09797461330890656,4.940651893615723,0.050000011920928955,894250
1,3578,250,503.1168212890625,2.012467384338379,5.10366153717041,0.050000011920928955,894500
1,3579,250,1879.9022216796875,7.519608974456787,5.152921676635742,0.050000011920928955,894750
1,3580,250,1871.0106201171875,7.484042644500732,4.891237258911133,0.050000011920928955,895000
1,3581,250,1841.024658203125,7.36409854888916,5.23893404006958,0.050000011920928955,895250
1,3582,250,1749.075927734375,6.996303558349609,4.964045524597168,0.050000011920928955,895500
1,3583,250,1882.0953369140625,7.52838134765625,4.909560203552246,0.050000011920928955,895750
1,3584,250,1824.1666259765625,7.296666622161865,4.92798376083374,0.050000011920928955,896000
1,3585,250,1443.6617431640625,5.774646759033203,4.900725841522217,0.050000011920928955,896250
1,3586,250,1844.86181640625,7.3794474601745605,4.689546585083008,0.050000011920928955,896500
1,3587,250,1352.9659423828125,5.411863803863525,4.493161201477051,0.050000011920928955,896750
1,3588,250,1240.0062255859375,4.960024833679199,4.470541954040527,0.050000011920928955,897000
1,3589,250,1768.3577880859375,7.073431015014648,4.913371562957764,0.050000011920928955,897250
1,3590,250,1846.84521484375,7.387381076812744,4.782327175140381,0.050000011920928955,897500
1,3591,250,1426.77294921875,5.707091808319092,4.714263916015625,0.050000011920928955,897750
1,3592,250,1707.4111328125,6.829644680023193,4.39336633682251,0.050000011920928955,898000
1,3593,250,1909.3121337890625,7.637248516082764,4.954293251037598,0.050000011920928955,898250
1,3594,250,1459.533447265625,5.838133811950684,4.884099960327148,0.050000011920928955,898500
1,3595,250,1895.418701171875,7.581674575805664,4.603802680969238,0.050000011920928955,898750
1,3596,250,1804.6689453125,7.21867561340332,4.578458309173584,0.050000011920928955,899000
1,3597,250,1660.2332763671875,6.640933036804199,4.689975738525391,0.050000011920928955,899250
1,3598,250,1742.766845703125,6.971067428588867,4.686856746673584,0.050000011920928955,899500
1,3599,250,1823.8961181640625,7.295584678649902,4.356176853179932,0.050000011920928955,899750
1,3600,250,1515.473876953125,6.061895370483398,4.141607284545898,0.050000011920928955,900000
1,3601,250,1650.468017578125,6.601871967315674,4.347835540771484,0.050000011920928955,900250
1,3602,250,1615.23876953125,6.4609551429748535,4.567184925079346,0.050000011920928955,900500
1,3603,250,1501.1324462890625,6.00452995300293,4.572576522827148,0.050000011920928955,900750
1,3604,250,1655.28076171875,6.62112283706665,4.562942028045654,0.050000011920928955,901000
1,3605,250,1737.3037109375,6.949214935302734,4.808889389038086,0.050000011920928955,901250
1,3606,250,1597.547607421875,6.390190601348877,4.731168746948242,0.050000011920928955,901500
1,3607,250,815.9642944335938,3.263857126235962,4.542776107788086,0.050000011920928955,901750
1,3608,250,1939.150390625,7.756601333618164,4.584867477416992,0.050000011920928955,902000
1,3609,250,1930.850341796875,7.7234015464782715,4.458052158355713,0.050000011920928955,902250
1,3610,250,1470.725341796875,5.882901191711426,4.421822547912598,0.050000011920928955,902500
1,3611,250,74.03617095947266,0.2961446940898895,4.380815505981445,0.050000011920928955,902750
1,3612,250,765.7432861328125,3.0629732608795166,4.82241678237915,0.050000011920928955,903000
1,3613,250,78.09828186035156,0.3123931288719177,4.930391788482666,0.050000011920928955,903250
1,3614,250,1842.90234375,7.371609210968018,5.186216831207275,0.050000011920928955,903500
1,3615,250,679.99365234375,2.7199745178222656,4.874008655548096,0.050000011920928955,903750
1,3616,250,53.74109649658203,0.2149643898010254,4.742959022521973,0.050000011920928955,904000
1,3617,250,1734.4599609375,6.937839984893799,4.821399211883545,0.050000011920928955,904250
1,3618,250,82.88088989257812,0.3315235674381256,4.653594017028809,0.050000011920928955,904500
1,3619,250,1931.8447265625,7.727378845214844,4.570213794708252,0.050000011920928955,904750
1,3620,250,1953.883544921875,7.8155341148376465,4.606415748596191,0.050000011920928955,905000
1,3621,250,1487.7530517578125,5.951012134552002,5.019906997680664,0.050000011920928955,905250
1,3622,250,-13.597314834594727,-0.054389260709285736,4.856542587280273,0.050000011920928955,905500
1,3623,250,-0.5643749237060547,-0.002257499611005187,4.93929386138916,0.050000011920928955,905750
1,3624,250,16.57412338256836,0.06629649549722672,4.796087741851807,0.050000011920928955,906000
1,3625,250,25.154281616210938,0.10061712563037872,5.517596244812012,0.050000011920928955,906250
1,3626,250,-1.1609117984771729,-0.004643647000193596,5.320162773132324,0.050000011920928955,906500
1,3627,250,8.831287384033203,0.035325150936841965,5.348988056182861,0.050000011920928955,906750
1,3628,250,-1.784977912902832,-0.007139911875128746,5.261846542358398,0.050000011920928955,907000
1,3629,250,1876.0269775390625,7.50410795211792,5.715703010559082,0.050000011920928955,907250
1,3630,250,-13.784050941467285,-0.05513620376586914,5.362849712371826,0.050000011920928955,907500
1,3631,250,1882.9775390625,7.531909942626953,5.400426864624023,0.050000011920928955,907750
1,3632,250,1369.036376953125,5.4761457443237305,5.082496166229248,0.050000011920928955,908000
1,3633,250,39.5997428894043,0.15839897096157074,5.954279899597168,0.050000011920928955,908250
1,3634,250,14.475573539733887,0.057902295142412186,5.641852855682373,0.050000011920928955,908500
1,3635,250,1639.0294189453125,6.556117534637451,5.713797569274902,0.050000011920928955,908750
1,3636,250,38.80276870727539,0.15521107614040375,5.5470075607299805,0.050000011920928955,909000
1,3637,250,1586.5111083984375,6.346044540405273,6.182840824127197,0.050000011920928955,909250
1,3638,250,1438.4111328125,5.7536444664001465,5.761849403381348,0.050000011920928955,909500
1,3639,250,1905.2603759765625,7.621041297912598,5.9984025955200195,0.050000011920928955,909750
1,3640,250,1111.34521484375,4.445380687713623,5.635592937469482,0.050000011920928955,910000
1,3641,250,63.63699722290039,0.25454798340797424,6.014344692230225,0.050000011920928955,910250
1,3642,250,53.126953125,0.21250781416893005,5.863040447235107,0.050000011920928955,910500
1,3643,250,1839.393798828125,7.357575416564941,5.7309699058532715,0.050000011920928955,910750
1,3644,250,25.407344818115234,0.10162937641143799,5.485799789428711,0.050000011920928955,911000
1,3645,250,1704.451904296875,6.817807674407959,6.033167839050293,0.050000011920928955,911250
1,3646,250,786.8524780273438,3.1474099159240723,5.8896164894104,0.050000011920928955,911500
1,3647,250,120.39734649658203,0.4815893769264221,6.046409606933594,0.050000011920928955,911750
1,3648,250,1478.197265625,5.9127888679504395,5.864779472351074,0.050000011920928955,912000
1,3649,250,275.07781982421875,1.100311279296875,6.06832218170166,0.050000011920928955,912250
1,3650,250,124.99267578125,0.4999707043170929,6.417147159576416,0.050000011920928955,912500
1,3651,250,389.4161376953125,1.5576645135879517,6.3380656242370605,0.050000011920928955,912750
1,3652,250,105.700927734375,0.42280369997024536,6.412087440490723,0.050000011920928955,913000
1,3653,250,195.11236572265625,0.7804494500160217,6.793292045593262,0.050000011920928955,913250
1,3654,250,295.5728759765625,1.1822915077209473,6.674860000610352,0.050000011920928955,913500
1,3655,250,1538.62158203125,6.154486179351807,6.629390716552734,0.050000011920928955,913750
1,3656,250,109.62079620361328,0.43848317861557007,6.493271827697754,0.050000011920928955,914000
1,3657,250,995.3929443359375,3.981571674346924,7.395381927490234,0.050000011920928955,914250
1,3658,250,1302.023681640625,5.208094596862793,7.30116081237793,0.050000011920928955,914500
1,3659,250,1313.7666015625,5.255066394805908,7.126955032348633,0.050000011920928955,914750
1,3660,250,82.5875244140625,0.3303501009941101,7.078479766845703,0.050000011920928955,915000
1,3661,250,941.4964599609375,3.7659857273101807,8.426033973693848,0.050000011920928955,915250
1,3662,250,203.06593322753906,0.8122637271881104,7.8913421630859375,0.050000011920928955,915500
1,3663,250,752.979248046875,3.0119168758392334,7.943410396575928,0.050000011920928955,915750
1,3664,250,922.4986572265625,3.6899945735931396,7.652838706970215,0.050000011920928955,916000
1,3665,250,774.75830078125,3.0990331172943115,8.273782730102539,0.050000011920928955,916250
1,3666,250,310.17449951171875,1.240697979927063,8.13621997833252,0.050000011920928955,916500
1,3667,250,235.18603515625,0.940744161605835,8.096261024475098,0.050000011920928955,916750
1,3668,250,1736.3201904296875,6.9452805519104,8.216676712036133,0.050000011920928955,917000
1,3669,250,40.945655822753906,0.16378262639045715,8.93775463104248,0.050000011920928955,917250
1,3670,250,894.5479736328125,3.5781919956207275,9.040303230285645,0.050000011920928955,917500
1,3671,250,83.24214172363281,0.3329685628414154,8.734726905822754,0.050000011920928955,917750
1,3672,250,1034.15869140625,4.136634826660156,8.72462272644043,0.050000011920928955,918000
1,3673,250,68.4395523071289,0.273758202791214,9.349260330200195,0.050000011920928955,918250
1,3674,250,415.49957275390625,1.6619982719421387,9.31363582611084,0.050000011920928955,918500
1,3675,250,1483.261474609375,5.933045864105225,8.882177352905273,0.050000011920928955,918750
1,3676,250,1507.4466552734375,6.029786586761475,8.952329635620117,0.050000011920928955,919000
1,3677,250,131.1873016357422,0.524749219417572,9.94979190826416,0.050000011920928955,919250
1,3678,250,119.98319244384766,0.4799327552318573,9.87876033782959,0.050000011920928955,919500
1,3679,250,911.81884765625,3.647275447845459,9.622748374938965,0.050000011920928955,919750
1,3680,250,1407.66845703125,5.630673885345459,9.275948524475098,0.050000011920928955,920000
1,3681,250,1500.44873046875,6.001794815063477,10.714136123657227,0.050000011920928955,920250
1,3682,250,58.54850769042969,0.23419402539730072,9.998739242553711,0.050000011920928955,920500
1,3683,250,1689.275146484375,6.757100582122803,10.079035758972168,0.050000011920928955,920750
1,3684,250,1703.07958984375,6.812318325042725,9.940385818481445,0.050000011920928955,921000
1,3685,250,13.790355682373047,0.05516142398118973,11.117554664611816,0.050000011920928955,921250
1,3686,250,1662.3936767578125,6.6495747566223145,10.859183311462402,0.050000011920928955,921500
1,3687,250,1424.9844970703125,5.69993782043457,9.839906692504883,0.050000011920928955,921750
1,3688,250,1633.6396484375,6.5345587730407715,9.67112922668457,0.050000011920928955,922000
1,3689,250,-28.499771118164062,-0.11399908363819122,10.893003463745117,0.050000011920928955,922250
1,3690,250,-6.500991344451904,-0.026003966107964516,10.324533462524414,0.050000011920928955,922500
1,3691,250,1187.029296875,4.748116970062256,10.076845169067383,0.050000011920928955,922750
1,3692,250,1442.2451171875,5.768980503082275,9.91089916229248,0.050000011920928955,923000
1,3693,250,-21.80080795288086,-0.08720323443412781,10.513758659362793,0.050000011920928955,923250
1,3694,250,1295.23779296875,5.180951118469238,9.641911506652832,0.050000011920928955,923500
1,3695,250,56.730873107910156,0.22692349553108215,9.261346817016602,0.050000011920928955,923750
1,3696,250,1203.8724365234375,4.815489768981934,9.51380729675293,0.050000011920928955,924000
1,3697,250,-5.18488073348999,-0.020739523693919182,10.225772857666016,0.050000011920928955,924250
1,3698,250,413.79949951171875,1.6551979780197144,9.371644973754883,0.050000011920928955,924500
1,3699,250,374.31494140625,1.4972597360610962,9.195793151855469,0.050000011920928955,924750
1,3700,250,721.7533569335938,2.8870134353637695,9.141545295715332,0.050000011920928955,925000
1,3701,250,628.3597412109375,2.5134389400482178,10.226591110229492,0.050000011920928955,925250
1,3702,250,1457.0460205078125,5.828184127807617,10.014689445495605,0.050000011920928955,925500
1,3703,250,1411.9808349609375,5.647923469543457,9.515743255615234,0.050000011920928955,925750
1,3704,250,1437.421630859375,5.7496867179870605,8.520224571228027,0.050000011920928955,926000
1,3705,250,1032.0361328125,4.12814474105835,10.061880111694336,0.050000011920928955,926250
1,3706,250,1586.94921875,6.34779691696167,9.397970199584961,0.050000011920928955,926500
1,3707,250,1861.35693359375,7.445427894592285,9.002653121948242,0.050000011920928955,926750
1,3708,250,1021.565185546875,4.086260795593262,8.986329078674316,0.050000011920928955,927000
1,3709,250,1571.0692138671875,6.284276962280273,9.09160041809082,0.050000011920928955,927250
1,3710,250,-27.645431518554688,-0.11058172583580017,8.39497184753418,0.050000011920928955,927500
1,3711,250,1700.90771484375,6.803630828857422,8.499285697937012,0.050000011920928955,927750
1,3712,250,1981.536376953125,7.926145553588867,7.999764442443848,0.050000011920928955,928000
1,3713,250,1.570320725440979,0.006281282752752304,8.262925148010254,0.050000011920928955,928250
1,3714,250,1669.9873046875,6.6799492835998535,7.683643817901611,0.050000011920928955,928500
1,3715,250,14.74266529083252,0.05897065997123718,7.504154682159424,0.050000011920928955,928750
1,3716,250,1802.06005859375,7.208240032196045,7.515879154205322,0.050000011920928955,929000
1,3717,250,1581.805908203125,6.327223777770996,7.473343372344971,0.050000011920928955,929250
1,3718,250,1726.747802734375,6.906991004943848,7.034538745880127,0.050000011920928955,929500
1,3719,250,1708.08935546875,6.832357406616211,6.66853666305542,0.050000011920928955,929750
1,3720,250,1715.809326171875,6.863237380981445,6.663875102996826,0.050000011920928955,930000
1,3721,250,1555.1072998046875,6.220429420471191,6.985764980316162,0.050000011920928955,930250
1,3722,250,1842.3739013671875,7.369495391845703,6.317241191864014,0.050000011920928955,930500
1,3723,250,1843.2083740234375,7.372833728790283,6.152421951293945,0.050000011920928955,930750
1,3724,250,1780.2030029296875,7.120811939239502,6.053625583648682,0.050000011920928955,931000
1,3725,250,1760.304443359375,7.041217803955078,6.180115699768066,0.050000011920928955,931250
1,3726,250,1576.6551513671875,6.3066205978393555,6.156365871429443,0.050000011920928955,931500
1,3727,250,1523.215087890625,6.092860221862793,6.065345287322998,0.050000011920928955,931750
1,3728,250,1651.3837890625,6.60553503036499,5.997758388519287,0.050000011920928955,932000
1,3729,250,1636.152099609375,6.5446085929870605,6.092165946960449,0.050000011920928955,932250
1,3730,250,1661.933349609375,6.647733211517334,5.650975227355957,0.050000011920928955,932500
1,3731,250,1567.06005859375,6.268240451812744,5.559298992156982,0.050000011920928955,932750
1,3732,250,1453.3284912109375,5.813313961029053,5.530964374542236,0.050000011920928955,933000
1,3733,250,1518.7430419921875,6.074972152709961,5.793702602386475,0.050000011920928955,933250
1,3734,250,1651.9356689453125,6.607742786407471,5.916212558746338,0.050000011920928955,933500
1,3735,250,1152.4736328125,4.609894752502441,5.419371604919434,0.050000011920928955,933750
1,3736,250,1159.211669921875,4.636846542358398,5.171979904174805,0.050000011920928955,934000
1,3737,250,1311.096435546875,5.244385719299316,5.870211601257324,0.050000011920928955,934250
1,3738,250,1582.1058349609375,6.328423500061035,5.175875186920166,0.050000011920928955,934500
1,3739,250,1053.43408203125,4.213736534118652,5.205044746398926,0.050000011920928955,934750
1,3740,250,1676.863037109375,6.707452297210693,5.066980361938477,0.050000011920928955,935000
1,3741,250,1571.270263671875,6.285080909729004,5.121427059173584,0.050000011920928955,935250
1,3742,250,1609.05126953125,6.43620491027832,4.829911708831787,0.050000011920928955,935500
1,3743,250,1335.3521728515625,5.341408729553223,4.892192840576172,0.050000011920928955,935750
1,3744,250,1649.762451171875,6.5990495681762695,4.855039596557617,0.050000011920928955,936000
1,3745,250,1284.393798828125,5.137575149536133,4.927383899688721,0.050000011920928955,936250
1,3746,250,1590.1956787109375,6.360782623291016,4.471652030944824,0.050000011920928955,936500
1,3747,250,1592.544921875,6.370179653167725,4.806859016418457,0.050000011920928955,936750
1,3748,250,1653.644775390625,6.614579200744629,4.752971649169922,0.050000011920928955,937000
1,3749,250,1602.3323974609375,6.409329414367676,4.665233612060547,0.050000011920928955,937250
1,3750,250,1681.5531005859375,6.726212501525879,4.322636127471924,0.050000011920928955,937500
1,3751,250,1675.4447021484375,6.701778888702393,4.1980977058410645,0.050000011920928955,937750
1,3752,250,1587.896240234375,6.3515849113464355,4.208039283752441,0.050000011920928955,938000
1,3753,250,1568.360595703125,6.273442268371582,4.431086540222168,0.050000011920928955,938250
1,3754,250,1837.772705078125,7.351090908050537,4.280697345733643,0.050000011920928955,938500
1,3755,250,1572.63134765625,6.290525436401367,4.21325159072876,0.050000011920928955,938750
1,3756,250,1727.2978515625,6.909191608428955,4.0218610763549805,0.050000011920928955,939000
1,3757,250,1818.991943359375,7.275967597961426,4.178714752197266,0.050000011920928955,939250
1,3758,250,1631.076904296875,6.524307727813721,4.138146877288818,0.050000011920928955,939500
1,3759,250,1832.0111083984375,7.328044414520264,3.803895950317383,0.050000011920928955,939750
1,3760,250,1600.69140625,6.40276575088501,4.1121416091918945,0.050000011920928955,940000
1,3761,250,1870.716796875,7.482867240905762,4.114518642425537,0.050000011920928955,940250
1,3762,250,1686.488037109375,6.745952129364014,3.9432320594787598,0.050000011920928955,940500
1,3763,250,1693.55126953125,6.774205207824707,3.846080780029297,0.050000011920928955,940750
1,3764,250,1716.677490234375,6.866710186004639,4.000675678253174,0.050000011920928955,941000
1,3765,250,1493.0284423828125,5.972113609313965,4.091091156005859,0.050000011920928955,941250
1,3766,250,1585.1029052734375,6.34041166305542,3.970930814743042,0.050000011920928955,941500
1,3767,250,1776.5732421875,7.106293201446533,3.659421920776367,0.050000011920928955,941750
1,3768,250,1640.5087890625,6.562035083770752,3.7751548290252686,0.050000011920928955,942000
1,3769,250,1625.23876953125,6.500955104827881,4.128187656402588,0.050000011920928955,942250
1,3770,250,1862.742919921875,7.450971603393555,3.834620714187622,0.050000011920928955,942500
1,3771,250,1955.6937255859375,7.822774887084961,3.6185381412506104,0.050000011920928955,942750
1,3772,250,1914.3214111328125,7.657285690307617,3.6801681518554688,0.050000011920928955,943000
1,3773,250,1852.2757568359375,7.409102916717529,3.818837881088257,0.050000011920928955,943250
1,3774,250,1886.3212890625,7.545285224914551,3.647749423980713,0.050000011920928955,943500
1,3775,250,1659.3233642578125,6.637293338775635,3.764986515045166,0.050000011920928955,943750
1,3776,250,1770.116943359375,7.080467700958252,3.3307437896728516,0.050000011920928955,944000
1,3777,250,1927.0159912109375,7.708064079284668,3.474777936935425,0.050000011920928955,944250
1,3778,250,1740.3184814453125,6.961274147033691,3.5357515811920166,0.050000011920928955,944500
1,3779,250,1621.43505859375,6.4857401847839355,3.2944791316986084,0.050000011920928955,944750
1,3780,250,1902.53955078125,7.6101579666137695,3.1787049770355225,0.050000011920928955,945000
1,3781,250,1834.865478515625,7.339461803436279,3.1594505310058594,0.050000011920928955,945250
1,3782,250,1818.2177734375,7.272871017456055,3.365607976913452,0.050000011920928955,945500
1,3783,250,1904.61279296875,7.618451118469238,3.317776918411255,0.050000011920928955,945750
1,3784,250,1679.710205078125,6.718840599060059,3.050416946411133,0.050000011920928955,946000
1,3785,250,1787.8426513671875,7.151370525360107,3.061030864715576,0.050000011920928955,946250
1,3786,250,1845.0224609375,7.38008975982666,2.8698575496673584,0.050000011920928955,946500
1,3787,250,1921.225341796875,7.684901237487793,2.8562371730804443,0.050000011920928955,946750
1,3788,250,1671.126953125,6.684507846832275,2.8370137214660645,0.050000011920928955,947000
1,3789,250,1370.6058349609375,5.482423305511475,3.0955119132995605,0.050000011920928955,947250
1,3790,250,1552.382568359375,6.209530353546143,2.9589030742645264,0.050000011920928955,947500
1,3791,250,1888.43798828125,7.5537519454956055,3.053724527359009,0.050000011920928955,947750
1,3792,250,1900.6982421875,7.602792739868164,3.001960039138794,0.050000011920928955,948000
1,3793,250,1522.89306640625,6.091572284698486,3.0477006435394287,0.050000011920928955,948250
1,3794,250,1700.051025390625,6.800204277038574,3.0032551288604736,0.050000011920928955,948500
1,3795,250,1672.260498046875,6.689042091369629,2.776055097579956,0.050000011920928955,948750
1,3796,250,1833.1387939453125,7.332555294036865,2.833019733428955,0.050000011920928955,949000
1,3797,250,1575.6611328125,6.302644729614258,2.9661200046539307,0.050000011920928955,949250
1,3798,250,1665.4935302734375,6.66197395324707,3.201063871383667,0.050000011920928955,949500
1,3799,250,1726.66357421875,6.906654357910156,3.165773868560791,0.050000011920928955,949750
1,3800,250,1497.9833984375,5.991933822631836,3.018381118774414,0.050000011920928955,950000
1,3801,250,1747.100830078125,6.9884033203125,3.0096933841705322,0.050000011920928955,950250
1,3802,250,1774.9046630859375,7.099618434906006,3.086219310760498,0.050000011920928955,950500
1,3803,250,1667.6455078125,6.670581817626953,3.1068639755249023,0.050000011920928955,950750
1,3804,250,1931.51806640625,7.726072311401367,3.0315628051757812,0.050000011920928955,951000
1,3805,250,1928.703857421875,7.714815616607666,3.1178383827209473,0.050000011920928955,951250
1,3806,250,1733.3026123046875,6.933210372924805,3.0178475379943848,0.050000011920928955,951500
1,3807,250,1880.5330810546875,7.522132396697998,3.1839308738708496,0.050000011920928955,951750
1,3808,250,1716.695068359375,6.8667802810668945,2.9989805221557617,0.050000011920928955,952000
1,3809,250,1704.981201171875,6.819924831390381,3.2570226192474365,0.050000011920928955,952250
1,3810,250,1778.302734375,7.113211154937744,3.1927859783172607,0.050000011920928955,952500
1,3811,250,1706.3486328125,6.825394630432129,2.9426639080047607,0.050000011920928955,952750
1,3812,250,1681.88916015625,6.7275567054748535,2.88362193107605,0.050000011920928955,953000
1,3813,250,1792.9698486328125,7.171879291534424,3.3435463905334473,0.050000011920928955,953250
1,3814,250,1943.319580078125,7.77327823638916,3.2587130069732666,0.050000011920928955,953500
1,3815,250,1542.281494140625,6.169126033782959,3.1727354526519775,0.050000011920928955,953750
1,3816,250,1750.740966796875,7.002964019775391,3.0415256023406982,0.050000011920928955,954000
1,3817,250,1932.079345703125,7.7283172607421875,3.536586284637451,0.050000011920928955,954250
1,3818,250,1681.64453125,6.726578235626221,3.4582912921905518,0.050000011920928955,954500
1,3819,250,1809.2989501953125,7.23719596862793,3.266482353210449,0.050000011920928955,954750
1,3820,250,1938.8709716796875,7.755484104156494,3.2763102054595947,0.050000011920928955,955000
1,3821,250,1739.742431640625,6.958969593048096,3.2673332691192627,0.050000011920928955,955250
1,3822,250,1872.376953125,7.489507675170898,3.3186686038970947,0.050000011920928955,955500
1,3823,250,1790.8453369140625,7.163381576538086,3.6519432067871094,0.050000011920928955,955750
1,3824,250,1774.4630126953125,7.0978522300720215,3.2839677333831787,0.050000011920928955,956000
1,3825,250,1707.49267578125,6.829970836639404,3.352217197418213,0.050000011920928955,956250
1,3826,250,1779.0587158203125,7.11623477935791,3.399095058441162,0.050000011920928955,956500
1,3827,250,1807.8243408203125,7.231297492980957,3.396965742111206,0.050000011920928955,956750
1,3828,250,1886.3414306640625,7.545365810394287,3.2710025310516357,0.050000011920928955,957000
1,3829,250,485.4801940917969,1.9419207572937012,3.6257805824279785,0.050000011920928955,957250
1,3830,250,1770.06396484375,7.08025598526001,3.6430907249450684,0.050000011920928955,957500
1,3831,250,1665.400146484375,6.661600589752197,3.313067674636841,0.050000011920928955,957750
1,3832,250,1740.728271484375,6.9629130363464355,3.4058356285095215,0.050000011920928955,958000
1,3833,250,1644.238525390625,6.576953887939453,3.8939270973205566,0.050000011920928955,958250
1,3834,250,66.89942932128906,0.2675977051258087,3.7349178791046143,0.050000011920928955,958500
1,3835,250,100.19194793701172,0.40076780319213867,4.1427435874938965,0.050000011920928955,958750
1,3836,250,1949.29736328125,7.797189235687256,3.7965774536132812,0.050000011920928955,959000
1,3837,250,1686.14697265625,6.7445878982543945,4.291061878204346,0.050000011920928955,959250
1,3838,250,131.54541015625,0.5261816382408142,4.506099224090576,0.050000011920928955,959500
1,3839,250,1819.110595703125,7.276442527770996,4.374092102050781,0.050000011920928955,959750
1,3840,250,1900.06494140625,7.600259780883789,4.274490833282471,0.050000011920928955,960000
1,3841,250,1692.540283203125,6.770161151885986,4.544627666473389,0.050000011920928955,960250
1,3842,250,128.01083374023438,0.5120433568954468,4.458530902862549,0.050000011920928955,960500
1,3843,250,1755.653076171875,7.02261209487915,4.451042175292969,0.050000011920928955,960750
1,3844,250,77.70503997802734,0.31082016229629517,4.4777350425720215,0.050000011920928955,961000
1,3845,250,95.18891906738281,0.3807556629180908,5.006882190704346,0.050000011920928955,961250
1,3846,250,2005.0301513671875,8.020120620727539,4.985103130340576,0.050000011920928955,961500
1,3847,250,1802.60888671875,7.210435390472412,5.201661586761475,0.050000011920928955,961750
1,3848,250,1925.9342041015625,7.703736782073975,4.623571872711182,0.050000011920928955,962000
1,3849,250,1761.2569580078125,7.045027732849121,4.993442058563232,0.050000011920928955,962250
1,3850,250,1733.6549072265625,6.934619426727295,4.98978853225708,0.050000011920928955,962500
1,3851,250,1798.533203125,7.1941328048706055,4.4822468757629395,0.050000011920928955,962750
1,3852,250,1723.74169921875,6.8949666023254395,4.438021659851074,0.050000011920928955,963000
1,3853,250,622.02001953125,2.4880800247192383,5.230334758758545,0.050000011920928955,963250
1,3854,250,1904.9097900390625,7.6196393966674805,5.071285247802734,0.050000011920928955,963500
1,3855,250,786.302734375,3.1452109813690186,5.083098411560059,0.050000011920928955,963750
1,3856,250,270.8740539550781,1.0834962129592896,4.947688102722168,0.050000011920928955,964000
1,3857,250,1404.70556640625,5.61882209777832,5.746942043304443,0.050000011920928955,964250
1,3858,250,1808.4371337890625,7.233748435974121,5.354064464569092,0.050000011920928955,964500
1,3859,250,1486.6016845703125,5.946406841278076,5.182829856872559,0.050000011920928955,964750
1,3860,250,1835.66650390625,7.342666149139404,5.577366352081299,0.050000011920928955,965000
1,3861,250,1574.2421875,6.296968936920166,5.59471321105957,0.050000011920928955,965250
1,3862,250,1733.000732421875,6.932003021240234,5.70285177230835,0.050000011920928955,965500
1,3863,250,1752.7493896484375,7.010997772216797,5.381472587585449,0.050000011920928955,965750
1,3864,250,1865.8084716796875,7.463233947753906,5.337491989135742,0.050000011920928955,966000
1,3865,250,1760.30126953125,7.041204929351807,5.625378131866455,0.050000011920928955,966250
1,3866,250,1902.0203857421875,7.608081340789795,5.335094928741455,0.050000011920928955,966500
1,3867,250,1876.797607421875,7.507190227508545,5.413154125213623,0.050000011920928955,966750
1,3868,250,1838.572265625,7.3542890548706055,5.1982808113098145,0.050000011920928955,967000
1,3869,250,1852.039306640625,7.4081573486328125,5.290339946746826,0.050000011920928955,967250
1,3870,250,1827.78759765625,7.311150550842285,5.237981796264648,0.050000011920928955,967500
1,3871,250,1509.49462890625,6.037978649139404,5.122901916503906,0.050000011920928955,967750
1,3872,250,1666.1822509765625,6.664729118347168,5.433162689208984,0.050000011920928955,968000
1,3873,250,1638.645263671875,6.554581165313721,5.371379375457764,0.050000011920928955,968250
1,3874,250,1768.7442626953125,7.074976921081543,4.893092632293701,0.050000011920928955,968500
1,3875,250,1730.9263916015625,6.923705577850342,4.702028274536133,0.050000011920928955,968750
1,3876,250,1701.6090087890625,6.806436061859131,4.862821578979492,0.050000011920928955,969000
1,3877,250,66.62452697753906,0.2664981186389923,5.335688591003418,0.050000011920928955,969250
1,3878,250,1912.5728759765625,7.650291442871094,5.367447376251221,0.050000011920928955,969500
1,3879,250,1692.5906982421875,6.770362854003906,4.935092449188232,0.050000011920928955,969750
1,3880,250,998.9490966796875,3.9957964420318604,5.106705188751221,0.050000011920928955,970000
1,3881,250,1642.087646484375,6.568350791931152,5.060015678405762,0.050000011920928955,970250
1,3882,250,1777.7060546875,7.110824108123779,5.094460964202881,0.050000011920928955,970500
1,3883,250,1790.3048095703125,7.161219120025635,5.01936149597168,0.050000011920928955,970750
1,3884,250,1816.4786376953125,7.265914440155029,4.949872016906738,0.050000011920928955,971000
1,3885,250,1753.099853515625,7.012399196624756,4.658492565155029,0.050000011920928955,971250
1,3886,250,65.2115707397461,0.2608462870121002,4.636345386505127,0.050000011920928955,971500
1,3887,250,1855.3402099609375,7.421360969543457,4.734750747680664,0.050000011920928955,971750
1,3888,250,1816.920166015625,7.267680644989014,4.782644271850586,0.050000011920928955,972000
1,3889,250,1852.798583984375,7.411194324493408,4.86566686630249,0.050000011920928955,972250
1,3890,250,1831.9744873046875,7.327898025512695,4.733874320983887,0.050000011920928955,972500
1,3891,250,1836.85693359375,7.347427845001221,4.844127655029297,0.050000011920928955,972750
1,3892,250,1740.688232421875,6.962752819061279,4.822322845458984,0.050000011920928955,973000
1,3893,250,1756.337646484375,7.025350570678711,4.624031066894531,0.050000011920928955,973250
1,3894,250,1590.2213134765625,6.360885143280029,4.343700408935547,0.050000011920928955,973500
1,3895,250,1742.8365478515625,6.971346378326416,4.854877948760986,0.050000011920928955,973750
1,3896,250,578.4873046875,2.3139491081237793,4.429296016693115,0.050000011920928955,974000
1,3897,250,1744.6519775390625,6.978608131408691,4.749979496002197,0.050000011920928955,974250
1,3898,250,1711.391357421875,6.845565319061279,4.719653606414795,0.050000011920928955,974500
1,3899,250,16.932897567749023,0.0677315890789032,4.755298614501953,0.050000011920928955,974750
1,3900,250,1497.4312744140625,5.989725112915039,4.99949312210083,0.050000011920928955,975000
1,3901,250,1408.55859375,5.634234428405762,4.8600053787231445,0.050000011920928955,975250
1,3902,250,2.7184860706329346,0.010873944498598576,5.072601318359375,0.050000011920928955,975500
1,3903,250,1354.9664306640625,5.419865608215332,5.225378036499023,0.050000011920928955,975750
1,3904,250,1543.25830078125,6.173033237457275,5.129569053649902,0.050000011920928955,976000
1,3905,250,1397.183349609375,5.588733196258545,5.461884498596191,0.050000011920928955,976250
1,3906,250,-35.18880844116211,-0.14075523614883423,5.49977970123291,0.050000011920928955,976500
1,3907,250,-12.365935325622559,-0.04946374148130417,5.63309383392334,0.050000011920928955,976750
1,3908,250,-53.614418029785156,-0.2144576758146286,5.744701385498047,0.050000011920928955,977000
1,3909,250,1677.2060546875,6.708824157714844,6.138586044311523,0.050000011920928955,977250
1,3910,250,5.309149742126465,0.0212365984916687,6.246680736541748,0.050000011920928955,977500
1,3911,250,-28.681913375854492,-0.11472765356302261,6.063040733337402,0.050000011920928955,977750
1,3912,250,-64.62744140625,-0.2585097551345825,6.48573112487793,0.050000011920928955,978000
1,3913,250,1896.9384765625,7.587753772735596,6.654491424560547,0.050000011920928955,978250
1,3914,250,6.223975658416748,0.02489590272307396,6.788577556610107,0.050000011920928955,978500
1,3915,250,12.810068130493164,0.05124027281999588,6.438562393188477,0.050000011920928955,978750
1,3916,250,0.06748723983764648,0.00026994897052645683,6.392737865447998,0.050000011920928955,979000
1,3917,250,1637.371826171875,6.549487113952637,7.032474040985107,0.050000011920928955,979250
1,3918,250,1867.6630859375,7.4706525802612305,6.988872051239014,0.050000011920928955,979500
1,3919,250,1694.0999755859375,6.776400089263916,6.53738260269165,0.050000011920928955,979750
1,3920,250,1369.0709228515625,5.476283550262451,6.278519153594971,0.050000011920928955,980000
1,3921,250,1703.73046875,6.814921855926514,6.495819568634033,0.050000011920928955,980250
1,3922,250,1867.1221923828125,7.468488693237305,6.3707990646362305,0.050000011920928955,980500
1,3923,250,1611.5941162109375,6.446376323699951,6.362082481384277,0.050000011920928955,980750
1,3924,250,1656.890380859375,6.627561569213867,6.2575764656066895,0.050000011920928955,981000
1,3925,250,1773.9351806640625,7.095740795135498,6.276865482330322,0.050000011920928955,981250
1,3926,250,1912.3177490234375,7.649271011352539,6.502497673034668,0.050000011920928955,981500
1,3927,250,1654.507080078125,6.618028163909912,6.048018932342529,0.050000011920928955,981750
1,3928,250,1843.951416015625,7.375805854797363,5.914608478546143,0.050000011920928955,982000
1,3929,250,1891.466552734375,7.565865993499756,6.046563148498535,0.050000011920928955,982250
1,3930,250,1692.8994140625,6.771597862243652,5.884781837463379,0.050000011920928955,982500
1,3931,250,-23.26435661315918,-0.09305742383003235,6.229462146759033,0.050000011920928955,982750
1,3932,250,-44.22500228881836,-0.1769000142812729,6.1653337478637695,0.050000011920928955,983000
1,3933,250,1632.360107421875,6.529440402984619,6.079229831695557,0.050000011920928955,983250
1,3934,250,1892.158935546875,7.568635940551758,6.0392231941223145,0.050000011920928955,983500
1,3935,250,102.8753662109375,0.4115014672279358,6.210990905761719,0.050000011920928955,983750
1,3936,250,1691.7899169921875,6.767159461975098,6.095006465911865,0.050000011920928955,984000
1,3937,250,1605.86376953125,6.423455238342285,5.727536201477051,0.050000011920928955,984250
1,3938,250,1665.025146484375,6.66010046005249,5.27590799331665,0.050000011920928955,984500
1,3939,250,1711.022216796875,6.844089031219482,5.649495601654053,0.050000011920928955,984750
1,3940,250,1824.1951904296875,7.296780586242676,5.100418567657471,0.050000011920928955,985000
1,3941,250,1905.732177734375,7.622928619384766,5.457041263580322,0.050000011920928955,985250
1,3942,250,678.3046264648438,2.7132184505462646,5.199840545654297,0.050000011920928955,985500
1,3943,250,1856.792236328125,7.427168846130371,5.121032238006592,0.050000011920928955,985750
1,3944,250,1320.275634765625,5.281102657318115,5.170817852020264,0.050000011920928955,986000
1,3945,250,1690.761962890625,6.763047695159912,5.551877975463867,0.050000011920928955,986250
1,3946,250,114.90550231933594,0.45962199568748474,5.445874214172363,0.050000011920928955,986500
1,3947,250,1623.813720703125,6.495254993438721,5.129035949707031,0.050000011920928955,986750
1,3948,250,1593.74365234375,6.374974727630615,5.292185306549072,0.050000011920928955,987000
1,3949,250,1829.37744140625,7.317509651184082,5.15492057800293,0.050000011920928955,987250
1,3950,250,1685.831298828125,6.743325233459473,5.0122222900390625,0.050000011920928955,987500
1,3951,250,1681.13134765625,6.724525451660156,4.992720127105713,0.050000011920928955,987750
1,3952,250,1846.688232421875,7.386753082275391,4.7995100021362305,0.050000011920928955,988000
1,3953,250,1693.3095703125,6.773238182067871,4.887248516082764,0.050000011920928955,988250
1,3954,250,1885.59619140625,7.542384624481201,4.958924770355225,0.050000011920928955,988500
1,3955,250,1861.460693359375,7.445842742919922,4.865623950958252,0.050000011920928955,988750
1,3956,250,1446.615234375,5.786460876464844,4.628735542297363,0.050000011920928955,989000
1,3957,250,1695.77001953125,6.783080101013184,4.995116710662842,0.050000011920928955,989250
1,3958,250,1775.714599609375,7.102858543395996,4.609400749206543,0.050000011920928955,989500
1,3959,250,1748.076904296875,6.992307662963867,4.541999340057373,0.050000011920928955,989750
1,3960,250,1627.68017578125,6.510720729827881,4.545297145843506,0.050000011920928955,990000
1,3961,250,1576.50146484375,6.306005954742432,4.891191005706787,0.050000011920928955,990250
1,3962,250,250.75747680664062,1.0030299425125122,5.083826541900635,0.050000011920928955,990500
1,3963,250,1703.96923828125,6.8158769607543945,5.086848735809326,0.050000011920928955,990750
1,3964,250,1669.7161865234375,6.6788649559021,4.690174579620361,0.050000011920928955,991000
1,3965,250,1735.62841796875,6.942513465881348,5.16477108001709,0.050000011920928955,991250
1,3966,250,1754.556884765625,7.018227577209473,4.90388822555542,0.050000011920928955,991500
1,3967,250,1875.0650634765625,7.500260353088379,4.786613464355469,0.050000011920928955,991750
1,3968,250,1723.2999267578125,6.893199920654297,5.129134178161621,0.050000011920928955,992000
1,3969,250,1723.96240234375,6.895849704742432,5.5722455978393555,0.050000011920928955,992250
1,3970,250,1762.0518798828125,7.0482072830200195,5.3156819343566895,0.050000011920928955,992500
1,3971,250,1677.665283203125,6.710660934448242,5.0175862312316895,0.050000011920928955,992750
1,3972,250,1841.635498046875,7.366541862487793,4.839375019073486,0.050000011920928955,993000
1,3973,250,1692.998291015625,6.771993160247803,4.707921981811523,0.050000011920928955,993250
1,3974,250,1734.477783203125,6.937911033630371,4.76567268371582,0.050000011920928955,993500
1,3975,250,1664.1495361328125,6.656598091125488,4.67445182800293,0.050000011920928955,993750
1,3976,250,1847.558349609375,7.390233516693115,4.6179914474487305,0.050000011920928955,994000
1,3977,250,1772.40771484375,7.089631080627441,4.542241096496582,0.050000011920928955,994250
1,3978,250,1723.7152099609375,6.894860744476318,4.661510944366455,0.050000011920928955,994500
1,3979,250,1709.772216796875,6.8390889167785645,4.320164203643799,0.050000011920928955,994750
1,3980,250,1720.8538818359375,6.883415699005127,4.811662673950195,0.050000011920928955,995000
1,3981,250,1877.02099609375,7.508083820343018,4.847414016723633,0.050000011920928955,995250
1,3982,250,1544.8260498046875,6.179304122924805,4.395602226257324,0.050000011920928955,995500
1,3983,250,1888.0703125,7.552281379699707,4.4023661613464355,0.050000011920928955,995750
1,3984,250,1698.7672119140625,6.795068740844727,4.310393333435059,0.050000011920928955,996000
1,3985,250,1847.4708251953125,7.389883518218994,4.393848419189453,0.050000011920928955,996250
1,3986,250,1436.407958984375,5.745631694793701,4.430777072906494,0.050000011920928955,996500
1,3987,250,925.3380737304688,3.70135235786438,4.420029163360596,0.050000011920928955,996750
1,3988,250,1453.615478515625,5.814461708068848,4.348252773284912,0.050000011920928955,997000
1,3989,250,1493.316162109375,5.973264694213867,4.231097221374512,0.050000011920928955,997250
1,3990,250,1750.046142578125,7.000184535980225,4.119764804840088,0.050000011920928955,997500
1,3991,250,1581.8515625,6.327406406402588,4.104911804199219,0.050000011920928955,997750
1,3992,250,1519.279052734375,6.077116012573242,4.064981460571289,0.050000011920928955,998000
1,3993,250,1707.9053955078125,6.8316216468811035,4.31671667098999,0.050000011920928955,998250
1,3994,250,1416.4188232421875,5.665675163269043,3.8922929763793945,0.050000011920928955,998500
1,3995,250,1661.078857421875,6.644315242767334,4.025936126708984,0.050000011920928955,998750
1,3996,250,1729.443603515625,6.917774200439453,4.236684322357178,0.050000011920928955,999000
1,3997,250,1615.6146240234375,6.462458610534668,4.08051872253418,0.050000011920928955,999250
1,3998,250,1853.398193359375,7.41359281539917,3.9377472400665283,0.050000011920928955,999500
1,3999,250,1722.614990234375,6.890460014343262,4.340232849121094,0.050000011920928955,999750
1,4000,250,1702.1317138671875,6.808526992797852,4.000402450561523,0.050000011920928955,1000000
1,4001,250,1643.37060546875,6.573482513427734,4.037895679473877,0.050000011920928955,1000250
1,4002,250,1596.62353515625,6.386494159698486,3.7609643936157227,0.050000011920928955,1000500
1,4003,250,1616.74365234375,6.46697473526001,3.6150779724121094,0.050000011920928955,1000750
1,4004,250,1676.9698486328125,6.707879543304443,3.4662342071533203,0.050000011920928955,1001000
1,4005,250,1622.2398681640625,6.488959312438965,3.5809285640716553,0.050000011920928955,1001250
1,4006,250,1356.14892578125,5.424595832824707,3.601836919784546,0.050000011920928955,1001500
1,4007,250,1513.800537109375,6.055202007293701,3.5418622493743896,0.050000011920928955,1001750
1,4008,250,1488.341064453125,5.953364372253418,3.5134198665618896,0.050000011920928955,1002000
1,4009,250,1847.2784423828125,7.389113903045654,3.8637807369232178,0.050000011920928955,1002250
1,4010,250,1441.7598876953125,5.767039775848389,3.7897884845733643,0.050000011920928955,1002500
1,4011,250,1640.51806640625,6.562072277069092,3.495551824569702,0.050000011920928955,1002750
1,4012,250,1912.6038818359375,7.650415420532227,3.540825843811035,0.050000011920928955,1003000
1,4013,250,1441.8948974609375,5.767579555511475,3.779090404510498,0.050000011920928955,1003250
1,4014,250,1864.9556884765625,7.459822654724121,3.436708927154541,0.050000011920928955,1003500
1,4015,250,1688.4420166015625,6.753767967224121,3.5306336879730225,0.050000011920928955,1003750
1,4016,250,1931.8177490234375,7.72727108001709,3.4185116291046143,0.050000011920928955,1004000
1,4017,250,1846.431884765625,7.385727405548096,3.624101400375366,0.050000011920928955,1004250
1,4018,250,1180.9906005859375,4.723962306976318,3.5560078620910645,0.050000011920928955,1004500
1,4019,250,1929.4130859375,7.717652320861816,3.546499013900757,0.050000011920928955,1004750
1,4020,250,1868.707275390625,7.474829196929932,3.445124626159668,0.050000011920928955,1005000
1,4021,250,1687.296630859375,6.7491865158081055,3.600656270980835,0.050000011920928955,1005250
1,4022,250,1826.521484375,7.30608606338501,3.5362186431884766,0.050000011920928955,1005500
1,4023,250,1856.968994140625,7.427875995635986,3.766822576522827,0.050000011920928955,1005750
1,4024,250,1752.0052490234375,7.008020877838135,3.523076295852661,0.050000011920928955,1006000
1,4025,250,1789.4793701171875,7.157917499542236,3.9223995208740234,0.050000011920928955,1006250
1,4026,250,1674.7552490234375,6.699020862579346,3.8368537425994873,0.050000011920928955,1006500
1,4027,250,1885.967041015625,7.543868064880371,3.8090991973876953,0.050000011920928955,1006750
1,4028,250,1693.088134765625,6.772352695465088,3.4899158477783203,0.050000011920928955,1007000
1,4029,250,1871.32080078125,7.485283374786377,3.6367106437683105,0.050000011920928955,1007250
1,4030,250,-17.22480583190918,-0.06889922171831131,3.628011703491211,0.050000011920928955,1007500
1,4031,250,1904.11767578125,7.616470813751221,3.6316874027252197,0.050000011920928955,1007750
1,4032,250,107.49844360351562,0.42999377846717834,3.792414903640747,0.050000011920928955,1008000
1,4033,250,1941.829345703125,7.767317295074463,4.072445869445801,0.050000011920928955,1008250
1,4034,250,47.35009765625,0.18940038979053497,4.067326068878174,0.050000011920928955,1008500
1,4035,250,1898.65234375,7.594609260559082,4.186589241027832,0.050000011920928955,1008750
1,4036,250,1714.716796875,6.858867168426514,4.022474765777588,0.050000011920928955,1009000
1,4037,250,1879.414306640625,7.517657279968262,4.262707710266113,0.050000011920928955,1009250
1,4038,250,1893.97607421875,7.575904369354248,4.340687274932861,0.050000011920928955,1009500
1,4039,250,-80.54855346679688,-0.3221942186355591,3.868579149246216,0.050000011920928955,1009750
1,4040,250,1758.334228515625,7.033337116241455,4.465881824493408,0.050000011920928955,1010000
1,4041,250,1820.4459228515625,7.281783580780029,4.625794887542725,0.050000011920928955,1010250
1,4042,250,1715.68115234375,6.862724781036377,4.301300525665283,0.050000011920928955,1010500
1,4043,250,1882.301025390625,7.52920389175415,4.334024906158447,0.050000011920928955,1010750
1,4044,250,1737.2763671875,6.949105262756348,4.089356422424316,0.050000011920928955,1011000
1,4045,250,1789.659423828125,7.158637523651123,4.64749002456665,0.050000011920928955,1011250
1,4046,250,1673.297119140625,6.693188667297363,4.547344207763672,0.050000011920928955,1011500
1,4047,250,-35.533809661865234,-0.14213523268699646,4.533688545227051,0.050000011920928955,1011750
1,4048,250,1688.405029296875,6.753620147705078,4.5451836585998535,0.050000011920928955,1012000
1,4049,250,1619.089599609375,6.476358413696289,4.659963607788086,0.050000011920928955,1012250
1,4050,250,1704.142822265625,6.816571235656738,4.504286766052246,0.050000011920928955,1012500
1,4051,250,1607.545654296875,6.430182456970215,4.214774131774902,0.050000011920928955,1012750
1,4052,250,-74.20680236816406,-0.29682719707489014,4.69177770614624,0.050000011920928955,1013000
1,4053,250,1363.520263671875,5.454081058502197,4.893449306488037,0.050000011920928955,1013250
1,4054,250,-81.91410064697266,-0.3276563882827759,5.081893444061279,0.050000011920928955,1013500
1,4055,250,-49.304283142089844,-0.19721713662147522,5.314481735229492,0.050000011920928955,1013750
1,4056,250,1820.1705322265625,7.28068208694458,5.1981024742126465,0.050000011920928955,1014000
1,4057,250,-87.3470458984375,-0.3493881821632385,5.10864782333374,0.050000011920928955,1014250
1,4058,250,1795.4908447265625,7.1819634437561035,5.228196620941162,0.050000011920928955,1014500
1,4059,250,1797.27001953125,7.189080238342285,5.354090690612793,0.050000011920928955,1014750
1,4060,250,-28.81396484375,-0.11525586247444153,5.262389183044434,0.050000011920928955,1015000
1,4061,250,1758.22900390625,7.032916069030762,5.3109049797058105,0.050000011920928955,1015250
1,4062,250,-73.56819152832031,-0.294272780418396,5.2385640144348145,0.050000011920928955,1015500
1,4063,250,1621.5423583984375,6.486169338226318,5.475594520568848,0.050000011920928955,1015750
1,4064,250,1698.1357421875,6.792542934417725,5.359875202178955,0.050000011920928955,1016000
1,4065,250,1665.5789794921875,6.662315845489502,5.5094990730285645,0.050000011920928955,1016250
1,4066,250,1882.8382568359375,7.531352996826172,5.450141429901123,0.050000011920928955,1016500
1,4067,250,1651.734130859375,6.606936454772949,5.338435649871826,0.050000011920928955,1016750
1,4068,250,1744.651611328125,6.978606224060059,5.457966327667236,0.050000011920928955,1017000
1,4069,250,1659.2227783203125,6.636890888214111,5.784113883972168,0.050000011920928955,1017250
1,4070,250,1717.058837890625,6.8682355880737305,5.520860195159912,0.050000011920928955,1017500
1,4071,250,1707.35302734375,6.82941198348999,5.130988597869873,0.050000011920928955,1017750
1,4072,250,1571.3360595703125,6.285344123840332,4.973971366882324,0.050000011920928955,1018000
1,4073,250,-60.70261764526367,-0.2428104728460312,4.963438034057617,0.050000011920928955,1018250
1,4074,250,1722.27734375,6.8891096115112305,4.916158199310303,0.050000011920928955,1018500
1,4075,250,1747.586181640625,6.990344524383545,4.619889736175537,0.050000011920928955,1018750
1,4076,250,-64.2015151977539,-0.25680607557296753,4.75400447845459,0.050000011920928955,1019000
1,4077,250,1806.58740234375,7.226349830627441,5.1162028312683105,0.050000011920928955,1019250
1,4078,250,1669.07666015625,6.67630672454834,5.180116176605225,0.050000011920928955,1019500
1,4079,250,1654.4874267578125,6.617949485778809,5.10615873336792,0.050000011920928955,1019750
1,4080,250,1695.929931640625,6.783719539642334,4.863766670227051,0.050000011920928955,1020000
1,4081,250,1621.561279296875,6.486245155334473,5.175002098083496,0.050000011920928955,1020250
1,4082,250,1677.07421875,6.708296775817871,4.861115455627441,0.050000011920928955,1020500
1,4083,250,-80.38246154785156,-0.3215298354625702,4.998292446136475,0.050000011920928955,1020750
1,4084,250,1873.1416015625,7.4925665855407715,4.915867805480957,0.050000011920928955,1021000
1,4085,250,1505.251708984375,6.021007061004639,4.939204692840576,0.050000011920928955,1021250
1,4086,250,2039.0966796875,8.156386375427246,4.697504997253418,0.050000011920928955,1021500
1,4087,250,1685.94189453125,6.743767738342285,4.87778377532959,0.050000011920928955,1021750
1,4088,250,1853.629638671875,7.414518356323242,4.728359222412109,0.050000011920928955,1022000
1,4089,250,1847.0621337890625,7.388248443603516,4.99789571762085,0.050000011920928955,1022250
1,4090,250,1604.615966796875,6.418463706970215,4.576749324798584,0.050000011920928955,1022500
1,4091,250,1708.087890625,6.8323516845703125,4.630939483642578,0.050000011920928955,1022750
1,4092,250,1742.3465576171875,6.969386100769043,4.556277751922607,0.050000011920928955,1023000
1,4093,250,1633.06982421875,6.5322794914245605,4.542713165283203,0.050000011920928955,1023250
1,4094,250,1857.5413818359375,7.4301652908325195,4.568198204040527,0.050000011920928955,1023500
1,4095,250,1551.114990234375,6.204460144042969,3.995206356048584,0.050000011920928955,1023750
1,4096,250,1617.9345703125,6.471738338470459,4.207544326782227,0.050000011920928955,1024000
1,4097,250,1703.22314453125,6.812892436981201,4.334043502807617,0.050000011920928955,1024250
1,4098,250,1749.1668701171875,6.996667385101318,4.074530124664307,0.050000011920928955,1024500
1,4099,250,1669.933837890625,6.67973518371582,4.346782207489014,0.050000011920928955,1024750
1,4100,250,1719.64990234375,6.878599643707275,4.3296308517456055,0.050000011920928955,1025000
1,4101,250,1854.8359375,7.419343948364258,4.301391124725342,0.050000011920928955,1025250
1,4102,250,1823.9571533203125,7.295828819274902,3.884946584701538,0.050000011920928955,1025500
1,4103,250,1846.28466796875,7.385138511657715,3.7671525478363037,0.050000011920928955,1025750
1,4104,250,1652.861328125,6.611445426940918,3.9256954193115234,0.050000011920928955,1026000
1,4105,250,1740.961669921875,6.963846683502197,4.0485148429870605,0.050000011920928955,1026250
1,4106,250,-35.600791931152344,-0.14240317046642303,4.028071880340576,0.050000011920928955,1026500
1,4107,250,1574.2572021484375,6.2970290184021,3.946011543273926,0.050000011920928955,1026750
1,4108,250,1789.49755859375,7.157990455627441,4.145366191864014,0.050000011920928955,1027000
1,4109,250,1922.07470703125,7.68829870223999,4.204415321350098,0.050000011920928955,1027250
1,4110,250,1908.6495361328125,7.634598255157471,3.87290096282959,0.050000011920928955,1027500
1,4111,250,1766.4788818359375,7.065915584564209,3.913445472717285,0.050000011920928955,1027750
1,4112,250,1657.458251953125,6.629833221435547,3.780473470687866,0.050000011920928955,1028000
1,4113,250,1830.74169921875,7.322966575622559,3.898560047149658,0.050000011920928955,1028250
1,4114,250,1664.19287109375,6.656771659851074,3.598093032836914,0.050000011920928955,1028500
1,4115,250,1641.395263671875,6.56558084487915,3.855182647705078,0.050000011920928955,1028750
1,4116,250,1742.9517822265625,6.97180700302124,3.976257801055908,0.050000011920928955,1029000
1,4117,250,1874.4345703125,7.497738361358643,3.557162046432495,0.050000011920928955,1029250
1,4118,250,1750.9229736328125,7.003691673278809,3.7694244384765625,0.050000011920928955,1029500
1,4119,250,1658.5751953125,6.634300708770752,3.7719244956970215,0.050000011920928955,1029750
1,4120,250,1712.8056640625,6.851222515106201,3.7062089443206787,0.050000011920928955,1030000
1,4121,250,-75.10629272460938,-0.3004251718521118,3.7719058990478516,0.050000011920928955,1030250
1,4122,250,1747.23291015625,6.988931655883789,3.9976000785827637,0.050000011920928955,1030500
1,4123,250,1880.303466796875,7.521214008331299,3.7228660583496094,0.050000011920928955,1030750
1,4124,250,1706.5745849609375,6.826298236846924,3.602048873901367,0.050000011920928955,1031000
1,4125,250,-49.85075378417969,-0.19940301775932312,3.8360507488250732,0.050000011920928955,1031250
1,4126,250,-52.399253845214844,-0.20959702134132385,3.834993362426758,0.050000011920928955,1031500
1,4127,250,1644.459716796875,6.577838897705078,3.9229815006256104,0.050000011920928955,1031750
1,4128,250,1896.310302734375,7.585241317749023,3.8833563327789307,0.050000011920928955,1032000
1,4129,250,1751.34423828125,7.005376815795898,3.994961738586426,0.050000011920928955,1032250
1,4130,250,1794.1953125,7.176781177520752,3.7485339641571045,0.050000011920928955,1032500
1,4131,250,1676.939208984375,6.707756996154785,3.9064242839813232,0.050000011920928955,1032750
1,4132,250,1887.826171875,7.551304817199707,4.00907564163208,0.050000011920928955,1033000
1,4133,250,1656.979736328125,6.627918720245361,3.924267530441284,0.050000011920928955,1033250
1,4134,250,1877.8662109375,7.511465072631836,4.100566387176514,0.050000011920928955,1033500
1,4135,250,1866.902099609375,7.467608451843262,4.107285499572754,0.050000011920928955,1033750
1,4136,250,1731.79736328125,6.927189350128174,3.9721908569335938,0.050000011920928955,1034000
1,4137,250,-38.183048248291016,-0.15273219347000122,4.286712169647217,0.050000011920928955,1034250
1,4138,250,1653.391845703125,6.613567352294922,3.967632532119751,0.050000011920928955,1034500
1,4139,250,-31.85511589050293,-0.12742047011852264,4.254551410675049,0.050000011920928955,1034750
1,4140,250,1695.751953125,6.783007621765137,4.171646595001221,0.050000011920928955,1035000
1,4141,250,1889.606689453125,7.558426856994629,4.609691619873047,0.050000011920928955,1035250
1,4142,250,-45.42963409423828,-0.18171854317188263,4.4062180519104,0.050000011920928955,1035500
1,4143,250,1557.233154296875,6.2289323806762695,4.452274322509766,0.050000011920928955,1035750
1,4144,250,1892.779052734375,7.5711164474487305,4.428412914276123,0.050000011920928955,1036000
1,4145,250,1847.04736328125,7.388189315795898,4.522387504577637,0.050000011920928955,1036250
1,4146,250,1678.59716796875,6.714388847351074,4.486319065093994,0.050000011920928955,1036500
1,4147,250,1714.9659423828125,6.859863758087158,4.328235149383545,0.050000011920928955,1036750
1,4148,250,1569.7081298828125,6.27883243560791,4.398359298706055,0.050000011920928955,1037000
1,4149,250,1698.6412353515625,6.794564723968506,4.577941417694092,0.050000011920928955,1037250
1,4150,250,1886.9139404296875,7.5476555824279785,4.384881496429443,0.050000011920928955,1037500
1,4151,250,1919.4869384765625,7.677947521209717,4.268906593322754,0.050000011920928955,1037750
1,4152,250,1649.0777587890625,6.596311092376709,4.311469078063965,0.050000011920928955,1038000
1,4153,250,1829.3287353515625,7.317315101623535,4.4583611488342285,0.050000011920928955,1038250
1,4154,250,1846.1063232421875,7.384425163269043,4.294281959533691,0.050000011920928955,1038500
1,4155,250,1695.873046875,6.783492088317871,4.443078517913818,0.050000011920928955,1038750
1,4156,250,1874.344970703125,7.497379779815674,4.33024263381958,0.050000011920928955,1039000
1,4157,250,1747.2236328125,6.988894462585449,4.447460651397705,0.050000011920928955,1039250
1,4158,250,-46.513675689697266,-0.18605470657348633,4.623689651489258,0.050000011920928955,1039500
1,4159,250,1631.6083984375,6.52643346786499,4.477121353149414,0.050000011920928955,1039750
1,4160,250,1615.877197265625,6.463508605957031,4.66741943359375,0.050000011920928955,1040000
1,4161,250,1881.7060546875,7.526823997497559,4.79146671295166,0.050000011920928955,1040250
1,4162,250,1646.916748046875,6.587666988372803,4.282702922821045,0.050000011920928955,1040500
1,4163,250,118.46990966796875,0.4738796353340149,4.578246116638184,0.050000011920928955,1040750
1,4164,250,1660.6707763671875,6.642683029174805,4.762137413024902,0.050000011920928955,1041000
1,4165,250,1728.0299072265625,6.9121198654174805,4.874927520751953,0.050000011920928955,1041250
1,4166,250,1747.545654296875,6.990182399749756,4.614908218383789,0.050000011920928955,1041500
1,4167,250,1709.02880859375,6.83611536026001,4.60537576675415,0.050000011920928955,1041750
1,4168,250,1755.806640625,7.023226737976074,4.577417850494385,0.050000011920928955,1042000
1,4169,250,1658.4873046875,6.633949279785156,4.586942672729492,0.050000011920928955,1042250
1,4170,250,1736.87744140625,6.947509765625,4.732742786407471,0.050000011920928955,1042500
1,4171,250,1823.83837890625,7.295353412628174,4.666287899017334,0.050000011920928955,1042750
1,4172,250,1857.2099609375,7.428839683532715,4.537548542022705,0.050000011920928955,1043000
1,4173,250,1713.4385986328125,6.85375452041626,4.211705684661865,0.050000011920928955,1043250
1,4174,250,-5.3885321617126465,-0.02155412919819355,4.502755165100098,0.050000011920928955,1043500
1,4175,250,1624.369873046875,6.497479438781738,4.69057559967041,0.050000011920928955,1043750
1,4176,250,1850.129638671875,7.400518417358398,4.8183183670043945,0.050000011920928955,1044000
1,4177,250,99.26591491699219,0.397063672542572,4.623776435852051,0.050000011920928955,1044250
1,4178,250,1905.1842041015625,7.620736598968506,4.9710612297058105,0.050000011920928955,1044500
1,4179,250,1672.3780517578125,6.689512252807617,5.039824485778809,0.050000011920928955,1044750
1,4180,250,1722.6822509765625,6.890728950500488,4.610354900360107,0.050000011920928955,1045000
1,4181,250,1482.743408203125,5.930973529815674,4.472809314727783,0.050000011920928955,1045250
1,4182,250,1678.2938232421875,6.713175296783447,4.648271560668945,0.050000011920928955,1045500
1,4183,250,1793.9974365234375,7.175989627838135,4.813111782073975,0.050000011920928955,1045750
1,4184,250,1860.4066162109375,7.44162654876709,4.334395408630371,0.050000011920928955,1046000
1,4185,250,846.2762451171875,3.3851048946380615,4.961763381958008,0.050000011920928955,1046250
1,4186,250,1640.21923828125,6.560876846313477,4.612560749053955,0.050000011920928955,1046500
1,4187,250,1673.4647216796875,6.693859100341797,4.782378673553467,0.050000011920928955,1046750
1,4188,250,1680.0770263671875,6.720308303833008,4.583714485168457,0.050000011920928955,1047000
1,4189,250,239.75392150878906,0.9590156674385071,4.749338150024414,0.050000011920928955,1047250
1,4190,250,1215.1588134765625,4.860635280609131,5.079248905181885,0.050000011920928955,1047500
1,4191,250,1610.521484375,6.4420857429504395,4.939087390899658,0.050000011920928955,1047750
1,4192,250,1589.3173828125,6.357269763946533,5.004149913787842,0.050000011920928955,1048000
1,4193,250,54.69898986816406,0.21879595518112183,5.250149726867676,0.050000011920928955,1048250
1,4194,250,1424.5806884765625,5.698322772979736,5.33628511428833,0.050000011920928955,1048500
1,4195,250,1354.401611328125,5.417606353759766,5.281313896179199,0.050000011920928955,1048750
1,4196,250,1320.389892578125,5.281559467315674,5.309629440307617,0.050000011920928955,1049000
1,4197,250,1428.3211669921875,5.713284492492676,5.742368221282959,0.050000011920928955,1049250
1,4198,250,1528.47314453125,6.113892555236816,5.679850101470947,0.050000011920928955,1049500
1,4199,250,1648.4677734375,6.593871116638184,5.05756950378418,0.050000011920928955,1049750
1,4200,250,1723.1676025390625,6.892670631408691,5.287904262542725,0.050000011920928955,1050000
1,4201,250,32.247318267822266,0.12898927927017212,5.69140100479126,0.050000011920928955,1050250
1,4202,250,1702.1937255859375,6.808774948120117,5.784933090209961,0.050000011920928955,1050500
1,4203,250,-129.60333251953125,-0.5184133052825928,5.412163257598877,0.050000011920928955,1050750
1,4204,250,49.92523193359375,0.19970092177391052,5.488495826721191,0.050000011920928955,1051000
1,4205,250,48.82249069213867,0.1952899694442749,6.16258430480957,0.050000011920928955,1051250
1,4206,250,48.15153121948242,0.192606121301651,6.3215484619140625,0.050000011920928955,1051500
1,4207,250,1909.971923828125,7.639887809753418,6.53898286819458,0.050000011920928955,1051750
1,4208,250,1651.9747314453125,6.607898712158203,6.336157321929932,0.050000011920928955,1052000
1,4209,250,55.85556411743164,0.22342225909233093,6.727930068969727,0.050000011920928955,1052250
1,4210,250,1873.0618896484375,7.492247581481934,6.329778671264648,0.050000011920928955,1052500
1,4211,250,38.02293395996094,0.15209174156188965,6.319460868835449,0.050000011920928955,1052750
1,4212,250,1571.660400390625,6.286641597747803,6.868767261505127,0.050000011920928955,1053000
1,4213,250,1838.4759521484375,7.353903770446777,7.036559104919434,0.050000011920928955,1053250
1,4214,250,1734.970947265625,6.939883708953857,6.834269046783447,0.050000011920928955,1053500
1,4215,250,1776.469482421875,7.105877876281738,6.1593217849731445,0.050000011920928955,1053750
1,4216,250,1274.720458984375,5.098881721496582,6.331834316253662,0.050000011920928955,1054000
1,4217,250,799.2091064453125,3.196836471557617,6.719919681549072,0.050000011920928955,1054250
1,4218,250,101.37432098388672,0.405497282743454,6.401377201080322,0.050000011920928955,1054500
1,4219,250,954.9244995117188,3.8196980953216553,6.144768714904785,0.050000011920928955,1054750
1,4220,250,1780.439208984375,7.1217570304870605,6.335598945617676,0.050000011920928955,1055000
1,4221,250,1407.762939453125,5.631051540374756,6.510904788970947,0.050000011920928955,1055250
1,4222,250,1636.906005859375,6.547624111175537,6.2346343994140625,0.050000011920928955,1055500
1,4223,250,1733.593505859375,6.93437385559082,6.096676826477051,0.050000011920928955,1055750
1,4224,250,1699.9737548828125,6.7998948097229,6.012822151184082,0.050000011920928955,1056000
1,4225,250,1462.44384765625,5.849775314331055,6.209047794342041,0.050000011920928955,1056250
1,4226,250,1694.12890625,6.776515483856201,6.02933931350708,0.050000011920928955,1056500
1,4227,250,1724.6630859375,6.89865255355835,5.7207746505737305,0.050000011920928955,1056750
1,4228,250,1399.334716796875,5.597338676452637,5.850121021270752,0.050000011920928955,1057000
1,4229,250,1732.3343505859375,6.929337501525879,6.0893330574035645,0.050000011920928955,1057250
1,4230,250,1330.439697265625,5.32175874710083,5.734767436981201,0.050000011920928955,1057500
1,4231,250,1724.92041015625,6.899681568145752,5.771869659423828,0.050000011920928955,1057750
1,4232,250,1715.32666015625,6.861306667327881,5.565105438232422,0.050000011920928955,1058000
1,4233,250,1709.340576171875,6.837362289428711,5.91821813583374,0.050000011920928955,1058250
1,4234,250,1659.8812255859375,6.639524936676025,5.440098762512207,0.050000011920928955,1058500
1,4235,250,1441.3460693359375,5.765384197235107,5.623428821563721,0.050000011920928955,1058750
1,4236,250,1232.8671875,4.931468963623047,5.55554723739624,0.050000011920928955,1059000
1,4237,250,1474.9674072265625,5.899869441986084,5.764745712280273,0.050000011920928955,1059250
1,4238,250,181.2273406982422,0.7249093651771545,5.639750957489014,0.050000011920928955,1059500
1,4239,250,1403.790771484375,5.6151628494262695,5.611259460449219,0.050000011920928955,1059750
1,4240,250,139.5279541015625,0.5581117868423462,5.359195709228516,0.050000011920928955,1060000
1,4241,250,1782.487060546875,7.129948139190674,6.123047351837158,0.050000011920928955,1060250
1,4242,250,1682.49658203125,6.729986190795898,5.834054470062256,0.050000011920928955,1060500
1,4243,250,112.00413513183594,0.44801655411720276,5.359987735748291,0.050000011920928955,1060750
1,4244,250,1690.188232421875,6.760753154754639,5.779476642608643,0.050000011920928955,1061000
1,4245,250,1623.7928466796875,6.495171546936035,5.538740158081055,0.050000011920928955,1061250
1,4246,250,1704.50732421875,6.818029403686523,5.111529350280762,0.050000011920928955,1061500
1,4247,250,1728.987060546875,6.915948390960693,5.051029682159424,0.050000011920928955,1061750
1,4248,250,89.16495513916016,0.35665982961654663,5.1294474601745605,0.050000011920928955,1062000
1,4249,250,1598.899169921875,6.395596504211426,5.432486057281494,0.050000011920928955,1062250
1,4250,250,1683.890625,6.735562324523926,5.0823798179626465,0.050000011920928955,1062500
1,4251,250,766.1129760742188,3.0644519329071045,5.028679370880127,0.050000011920928955,1062750
1,4252,250,1615.038330078125,6.460153102874756,4.892948627471924,0.050000011920928955,1063000
1,4253,250,1438.1702880859375,5.752681255340576,5.6987690925598145,0.050000011920928955,1063250
1,4254,250,1615.027099609375,6.460108280181885,5.041593551635742,0.050000011920928955,1063500
1,4255,250,1937.9324951171875,7.751729965209961,5.425036907196045,0.050000011920928955,1063750
1,4256,250,1840.5604248046875,7.362241744995117,4.746807098388672,0.050000011920928955,1064000
1,4257,250,20.95241355895996,0.08380965143442154,5.691574573516846,0.050000011920928955,1064250
1,4258,250,1588.3004150390625,6.353201866149902,5.317769527435303,0.050000011920928955,1064500
1,4259,250,1604.680419921875,6.418721675872803,4.959497451782227,0.050000011920928955,1064750
1,4260,250,1733.7647705078125,6.935059070587158,5.121394634246826,0.050000011920928955,1065000
1,4261,250,1659.3626708984375,6.637450695037842,5.317605972290039,0.050000011920928955,1065250
1,4262,250,-6.280770301818848,-0.025123082101345062,5.196206569671631,0.050000011920928955,1065500
1,4263,250,1835.2801513671875,7.341120719909668,5.1126909255981445,0.050000011920928955,1065750
1,4264,250,1716.8985595703125,6.867594242095947,5.022660732269287,0.050000011920928955,1066000
1,4265,250,1656.3118896484375,6.625247478485107,5.965083122253418,0.050000011920928955,1066250
1,4266,250,1711.052490234375,6.844210147857666,5.263689041137695,0.050000011920928955,1066500
1,4267,250,1903.878662109375,7.615514755249023,5.657373905181885,0.050000011920928955,1066750
1,4268,250,1638.645263671875,6.554581165313721,5.342538356781006,0.050000011920928955,1067000
1,4269,250,1717.01904296875,6.868076324462891,5.6883721351623535,0.050000011920928955,1067250
1,4270,250,1717.678466796875,6.870713710784912,5.469770431518555,0.050000011920928955,1067500
1,4271,250,1592.62255859375,6.370490074157715,5.495325565338135,0.050000011920928955,1067750
1,4272,250,1548.67138671875,6.194685459136963,5.360850811004639,0.050000011920928955,1068000
1,4273,250,1602.07373046875,6.408295154571533,5.374368190765381,0.050000011920928955,1068250
1,4274,250,1708.49658203125,6.833986282348633,5.38529109954834,0.050000011920928955,1068500
1,4275,250,1738.7862548828125,6.955144882202148,5.318479061126709,0.050000011920928955,1068750
1,4276,250,1705.549560546875,6.822198390960693,5.420414924621582,0.050000011920928955,1069000
1,4277,250,107.74325561523438,0.43097302317619324,5.651272296905518,0.050000011920928955,1069250
1,4278,250,979.3031005859375,3.91721248626709,5.6205315589904785,0.050000011920928955,1069500
1,4279,250,1740.3017578125,6.961206912994385,5.431824684143066,0.050000011920928955,1069750
1,4280,250,1165.3162841796875,4.6612653732299805,5.4604811668396,0.050000011920928955,1070000
1,4281,250,1637.13427734375,6.548537254333496,5.720676422119141,0.050000011920928955,1070250
1,4282,250,690.5465698242188,2.762186288833618,5.472132682800293,0.050000011920928955,1070500
1,4283,250,1582.25341796875,6.329013824462891,5.590614318847656,0.050000011920928955,1070750
1,4284,250,1698.77685546875,6.795107364654541,5.310277938842773,0.050000011920928955,1071000
1,4285,250,733.695556640625,2.9347822666168213,5.621207237243652,0.050000011920928955,1071250
1,4286,250,1359.4859619140625,5.437943935394287,5.724452018737793,0.050000011920928955,1071500
1,4287,250,1803.92431640625,7.215697288513184,5.844152927398682,0.050000011920928955,1071750
1,4288,250,1833.7755126953125,7.335102081298828,5.449825763702393,0.050000011920928955,1072000
1,4289,250,725.310791015625,2.901243209838867,5.538019180297852,0.050000011920928955,1072250
1,4290,250,1039.1163330078125,4.156465530395508,5.528783798217773,0.050000011920928955,1072500
1,4291,250,1320.0322265625,5.2801289558410645,5.577178478240967,0.050000011920928955,1072750
1,4292,250,77.90931701660156,0.311637282371521,5.442854404449463,0.050000011920928955,1073000
1,4293,250,1291.615234375,5.166460990905762,5.986652851104736,0.050000011920928955,1073250
1,4294,250,1338.6417236328125,5.354567050933838,5.505541801452637,0.050000011920928955,1073500
1,4295,250,1384.011474609375,5.536046028137207,5.351185321807861,0.050000011920928955,1073750
1,4296,250,1799.1146240234375,7.196458339691162,5.664196014404297,0.050000011920928955,1074000
1,4297,250,1748.1854248046875,6.992741584777832,5.490236282348633,0.050000011920928955,1074250
1,4298,250,1708.7593994140625,6.835037708282471,5.252442359924316,0.050000011920928955,1074500
1,4299,250,1431.5875244140625,5.7263503074646,5.407160758972168,0.050000011920928955,1074750
1,4300,250,1627.8392333984375,6.511356830596924,5.338374614715576,0.050000011920928955,1075000
1,4301,250,1840.4432373046875,7.3617730140686035,5.304285526275635,0.050000011920928955,1075250
1,4302,250,1357.3388671875,5.429355621337891,5.359719753265381,0.050000011920928955,1075500
1,4303,250,39.81984329223633,0.15927937626838684,5.060151100158691,0.050000011920928955,1075750
1,4304,250,1331.39404296875,5.325576305389404,5.312952995300293,0.050000011920928955,1076000
1,4305,250,1580.427001953125,6.3217082023620605,5.263297080993652,0.050000011920928955,1076250
1,4306,250,325.31549072265625,1.3012620210647583,5.342513561248779,0.050000011920928955,1076500
1,4307,250,1645.385986328125,6.581543922424316,5.512449741363525,0.050000011920928955,1076750
1,4308,250,1844.7962646484375,7.379185199737549,5.266257286071777,0.050000011920928955,1077000
1,4309,250,1707.6258544921875,6.830503463745117,5.439002990722656,0.050000011920928955,1077250
1,4310,250,1691.8187255859375,6.767274856567383,5.332501411437988,0.050000011920928955,1077500
1,4311,250,1544.3878173828125,6.17755126953125,5.055065155029297,0.050000011920928955,1077750
1,4312,250,1768.527587890625,7.074110507965088,5.304366111755371,0.050000011920928955,1078000
1,4313,250,1468.4091796875,5.873636722564697,5.432013988494873,0.050000011920928955,1078250
1,4314,250,1670.9677734375,6.683871269226074,5.167847156524658,0.050000011920928955,1078500
1,4315,250,1317.734619140625,5.270938396453857,5.2159199714660645,0.050000011920928955,1078750
1,4316,250,1709.615234375,6.838460922241211,5.278047561645508,0.050000011920928955,1079000
1,4317,250,1675.445556640625,6.7017822265625,5.305850028991699,0.050000011920928955,1079250
1,4318,250,1864.80517578125,7.459220886230469,4.937615394592285,0.050000011920928955,1079500
1,4319,250,564.767333984375,2.2590694427490234,4.7756571769714355,0.050000011920928955,1079750
1,4320,250,1602.2890625,6.409156322479248,4.999425411224365,0.050000011920928955,1080000
1,4321,250,465.7486877441406,1.8629947900772095,4.772295951843262,0.050000011920928955,1080250
1,4322,250,1607.643798828125,6.430575370788574,5.267630577087402,0.050000011920928955,1080500
1,4323,250,1638.169921875,6.552679538726807,4.9529337882995605,0.050000011920928955,1080750
1,4324,250,1698.72265625,6.794890403747559,4.886363506317139,0.050000011920928955,1081000
1,4325,250,1719.17822265625,6.876712799072266,4.776780128479004,0.050000011920928955,1081250
1,4326,250,1652.9173583984375,6.611669540405273,4.628157615661621,0.050000011920928955,1081500
1,4327,250,1467.7677001953125,5.871070861816406,4.644291877746582,0.050000011920928955,1081750
1,4328,250,1642.831787109375,6.571327209472656,4.7833027839660645,0.050000011920928955,1082000
1,4329,250,1485.022216796875,5.940088748931885,4.481743812561035,0.050000011920928955,1082250
1,4330,250,1579.884033203125,6.319536209106445,4.596080780029297,0.050000011920928955,1082500
1,4331,250,1224.25048828125,4.89700174331665,4.09381103515625,0.050000011920928955,1082750
1,4332,250,59.14564514160156,0.23658257722854614,4.667628765106201,0.050000011920928955,1083000
1,4333,250,1531.043701171875,6.12417459487915,4.621707916259766,0.050000011920928955,1083250
1,4334,250,1760.36474609375,7.041459083557129,4.9122633934021,0.050000011920928955,1083500
1,4335,250,1582.206298828125,6.328824996948242,4.566473007202148,0.050000011920928955,1083750
1,4336,250,1863.984130859375,7.455936431884766,4.642368793487549,0.050000011920928955,1084000
1,4337,250,1523.763916015625,6.09505558013916,4.753486633300781,0.050000011920928955,1084250
1,4338,250,46.350791931152344,0.18540316820144653,4.561288356781006,0.050000011920928955,1084500
1,4339,250,1559.45556640625,6.23782205581665,4.708774089813232,0.050000011920928955,1084750
1,4340,250,1584.774169921875,6.339096546173096,4.913130283355713,0.050000011920928955,1085000
1,4341,250,572.1583251953125,2.288633346557617,5.020328044891357,0.050000011920928955,1085250
1,4342,250,59.11848068237305,0.2364739179611206,5.040030002593994,0.050000011920928955,1085500
1,4343,250,-88.3778076171875,-0.353511244058609,5.3834710121154785,0.050000011920928955,1085750
1,4344,250,124.0123291015625,0.49604931473731995,5.2916579246521,0.050000011920928955,1086000
1,4345,250,17.474292755126953,0.06989716738462448,5.77777624130249,0.050000011920928955,1086250
1,4346,250,44.17305374145508,0.17669221758842468,5.5932464599609375,0.050000011920928955,1086500
1,4347,250,1409.977294921875,5.639909267425537,6.093678951263428,0.050000011920928955,1086750
1,4348,250,83.61748504638672,0.3344699442386627,5.7749738693237305,0.050000011920928955,1087000
1,4349,250,88.18362426757812,0.3527345061302185,6.142090797424316,0.050000011920928955,1087250
1,4350,250,1459.908447265625,5.839633941650391,6.5102152824401855,0.050000011920928955,1087500
1,4351,250,1466.76025390625,5.867041110992432,6.099826812744141,0.050000011920928955,1087750
1,4352,250,1541.657470703125,6.166629791259766,5.950963497161865,0.050000011920928955,1088000
1,4353,250,33.541873931884766,0.13416749238967896,6.282691955566406,0.050000011920928955,1088250
1,4354,250,1617.248291015625,6.468993186950684,6.279348850250244,0.050000011920928955,1088500
1,4355,250,1368.227294921875,5.472908973693848,6.241692066192627,0.050000011920928955,1088750
1,4356,250,1524.7698974609375,6.099079608917236,5.973597526550293,0.050000011920928955,1089000
1,4357,250,17.585826873779297,0.07034330815076828,6.497195243835449,0.050000011920928955,1089250
1,4358,250,22.630840301513672,0.090523362159729,6.707499027252197,0.050000011920928955,1089500
1,4359,250,1478.50244140625,5.9140095710754395,6.549007892608643,0.050000011920928955,1089750
1,4360,250,1762.509765625,7.050039291381836,6.237085342407227,0.050000011920928955,1090000
1,4361,250,1933.64404296875,7.734576225280762,6.4373297691345215,0.050000011920928955,1090250
1,4362,250,1494.4483642578125,5.9777936935424805,6.245569229125977,0.050000011920928955,1090500
1,4363,250,1456.7138671875,5.826855659484863,6.013618469238281,0.050000011920928955,1090750
1,4364,250,1766.436767578125,7.065747261047363,5.749783515930176,0.050000011920928955,1091000
1,4365,250,1622.435302734375,6.489741325378418,6.7230401039123535,0.050000011920928955,1091250
1,4366,250,718.2949829101562,2.8731799125671387,6.34043550491333,0.050000011920928955,1091500
1,4367,250,1482.2470703125,5.928988456726074,6.177601337432861,0.050000011920928955,1091750
1,4368,250,62.254085540771484,0.24901634454727173,5.976621627807617,0.050000011920928955,1092000
1,4369,250,1725.4716796875,6.901886940002441,6.4894609451293945,0.050000011920928955,1092250
1,4370,250,-76.28423309326172,-0.30513691902160645,6.223515033721924,0.050000011920928955,1092500
1,4371,250,1458.7777099609375,5.835110664367676,6.389251232147217,0.050000011920928955,1092750
1,4372,250,1889.480712890625,7.557922840118408,6.588656902313232,0.050000011920928955,1093000
1,4373,250,36.337013244628906,0.14534805715084076,6.6082963943481445,0.050000011920928955,1093250
1,4374,250,14.322917938232422,0.0572916716337204,6.529356479644775,0.050000011920928955,1093500
1,4375,250,18.398447036743164,0.07359378784894943,6.755661964416504,0.050000011920928955,1093750
1,4376,250,-2.9454023838043213,-0.011781609617173672,6.878676414489746,0.050000011920928955,1094000
1,4377,250,-8.320053100585938,-0.03328021243214607,7.4688944816589355,0.050000011920928955,1094250
1,4378,250,43.786521911621094,0.17514608800411224,7.396887302398682,0.050000011920928955,1094500
1,4379,250,-1.0642210245132446,-0.004256884101778269,7.685136318206787,0.050000011920928955,1094750
1,4380,250,4.15559720993042,0.01662238873541355,7.178933620452881,0.050000011920928955,1095000
1,4381,250,22.96892738342285,0.09187570959329605,7.85721492767334,0.050000011920928955,1095250
1,4382,250,1571.197265625,6.284789085388184,7.811025619506836,0.050000011920928955,1095500
1,4383,250,1921.581787109375,7.68632698059082,7.361711502075195,0.050000011920928955,1095750
1,4384,250,57.58552932739258,0.23034211993217468,7.422393321990967,0.050000011920928955,1096000
1,4385,250,1639.091796875,6.55636739730835,7.446358680725098,0.050000011920928955,1096250
1,4386,250,58.581092834472656,0.2343243658542633,7.579751014709473,0.050000011920928955,1096500
1,4387,250,-7.848062515258789,-0.03139225021004677,7.015622615814209,0.050000011920928955,1096750
1,4388,250,33.399234771728516,0.13359694182872772,7.050741672515869,0.050000011920928955,1097000
1,4389,250,75.15032196044922,0.3006012737751007,7.272605895996094,0.050000011920928955,1097250
1,4390,250,80.28105163574219,0.32112419605255127,7.102610111236572,0.050000011920928955,1097500
1,4391,250,36.58174514770508,0.1463269740343094,7.228219509124756,0.050000011920928955,1097750
1,4392,250,1921.698486328125,7.686793804168701,7.376832008361816,0.050000011920928955,1098000
1,4393,250,78.0130386352539,0.3120521605014801,7.635865688323975,0.050000011920928955,1098250
1,4394,250,62.82504653930664,0.251300185918808,7.298425197601318,0.050000011920928955,1098500
1,4395,250,41.57817077636719,0.16631267964839935,7.3650336265563965,0.050000011920928955,1098750
1,4396,250,454.1924743652344,1.8167698383331299,7.299050807952881,0.050000011920928955,1099000
1,4397,250,1313.51806640625,5.254072189331055,8.06905746459961,0.050000011920928955,1099250
1,4398,250,1236.52294921875,4.946091651916504,7.100536346435547,0.050000011920928955,1099500
1,4399,250,1592.02783203125,6.3681111335754395,6.990845203399658,0.050000011920928955,1099750
1,4400,250,1752.1717529296875,7.0086870193481445,7.185145378112793,0.050000011920928955,1100000
1,4401,250,1543.23291015625,6.172931671142578,7.4278788566589355,0.050000011920928955,1100250
1,4402,250,1477.64306640625,5.910572052001953,7.018232345581055,0.050000011920928955,1100500
1,4403,250,1779.103271484375,7.116413116455078,7.320593357086182,0.050000011920928955,1100750
1,4404,250,1865.9283447265625,7.4637131690979,6.9651713371276855,0.050000011920928955,1101000
1,4405,250,1706.14453125,6.824578285217285,7.474508285522461,0.050000011920928955,1101250
1,4406,250,1398.00830078125,5.592033386230469,6.885006904602051,0.050000011920928955,1101500
1,4407,250,1609.39208984375,6.437568187713623,6.7423481941223145,0.050000011920928955,1101750
1,4408,250,1748.3133544921875,6.993253231048584,6.279453277587891,0.050000011920928955,1102000
1,4409,250,1706.6031494140625,6.826412677764893,6.484167575836182,0.050000011920928955,1102250
1,4410,250,1510.426513671875,6.041706085205078,6.126483917236328,0.050000011920928955,1102500
1,4411,250,1874.849853515625,7.499399185180664,5.871726036071777,0.050000011920928955,1102750
1,4412,250,1438.271240234375,5.753085136413574,6.184010982513428,0.050000011920928955,1103000
1,4413,250,1390.366455078125,5.561465740203857,6.3137617111206055,0.050000011920928955,1103250
1,4414,250,1389.294189453125,5.55717658996582,5.7986531257629395,0.050000011920928955,1103500
1,4415,250,1179.77685546875,4.719107627868652,5.768746852874756,0.050000011920928955,1103750
1,4416,250,1340.05908203125,5.360236167907715,5.502420902252197,0.050000011920928955,1104000
1,4417,250,1461.0673828125,5.844269752502441,5.830460071563721,0.050000011920928955,1104250
1,4418,250,1209.7930908203125,4.83917236328125,5.421258449554443,0.050000011920928955,1104500
1,4419,250,1473.57080078125,5.894283294677734,5.32624626159668,0.050000011920928955,1104750
1,4420,250,1647.1746826171875,6.588698863983154,5.134056568145752,0.050000011920928955,1105000
1,4421,250,-161.61367797851562,-0.6464546918869019,5.729230880737305,0.050000011920928955,1105250
1,4422,250,721.3388671875,2.8853554725646973,5.599832534790039,0.050000011920928955,1105500
1,4423,250,1741.02587890625,6.964103698730469,5.420559406280518,0.050000011920928955,1105750
1,4424,250,1339.49267578125,5.357970714569092,5.374599933624268,0.050000011920928955,1106000
1,4425,250,831.7379760742188,3.3269519805908203,5.698678016662598,0.050000011920928955,1106250
1,4426,250,1722.525634765625,6.890102386474609,5.541110038757324,0.050000011920928955,1106500
1,4427,250,1137.69287109375,4.550771713256836,5.4742937088012695,0.050000011920928955,1106750
1,4428,250,1650.9410400390625,6.603764057159424,5.899560451507568,0.050000011920928955,1107000
1,4429,250,1762.9912109375,7.05196475982666,5.822354793548584,0.050000011920928955,1107250
1,4430,250,1624.2904052734375,6.497161388397217,5.481348991394043,0.050000011920928955,1107500
1,4431,250,1748.4462890625,6.993785381317139,5.082283973693848,0.050000011920928955,1107750
1,4432,250,1204.6373291015625,4.818549156188965,5.170895576477051,0.050000011920928955,1108000
1,4433,250,1581.132568359375,6.324530124664307,5.2874274253845215,0.050000011920928955,1108250
1,4434,250,777.986083984375,3.1119444370269775,5.262056350708008,0.050000011920928955,1108500
1,4435,250,1127.9599609375,4.511839866638184,4.853219032287598,0.050000011920928955,1108750
1,4436,250,1108.704833984375,4.434819221496582,4.867961883544922,0.050000011920928955,1109000
1,4437,250,-138.27098083496094,-0.5530838966369629,5.107736587524414,0.050000011920928955,1109250
1,4438,250,626.3834838867188,2.5055339336395264,5.413192272186279,0.050000011920928955,1109500
1,4439,250,1740.267578125,6.961070537567139,4.997264862060547,0.050000011920928955,1109750
1,4440,250,1671.859619140625,6.687438488006592,5.415561676025391,0.050000011920928955,1110000
1,4441,250,1799.89892578125,7.199595928192139,5.193992614746094,0.050000011920928955,1110250
1,4442,250,1826.308349609375,7.305233478546143,5.093668460845947,0.050000011920928955,1110500
1,4443,250,1734.1531982421875,6.936612606048584,5.170662879943848,0.050000011920928955,1110750
1,4444,250,1629.3133544921875,6.517253398895264,5.067584991455078,0.050000011920928955,1111000
1,4445,250,1709.432861328125,6.83773136138916,5.1121907234191895,0.050000011920928955,1111250
1,4446,250,1719.84130859375,6.87936544418335,4.962313652038574,0.050000011920928955,1111500
1,4447,250,1275.169677734375,5.10067892074585,4.957595348358154,0.050000011920928955,1111750
1,4448,250,1377.8114013671875,5.5112457275390625,4.831173419952393,0.050000011920928955,1112000
1,4449,250,1791.36279296875,7.1654510498046875,5.1503987312316895,0.050000011920928955,1112250
1,4450,250,1796.5460205078125,7.186183929443359,5.1938066482543945,0.050000011920928955,1112500
1,4451,250,1787.978515625,7.151914119720459,4.92892599105835,0.050000011920928955,1112750
1,4452,250,18.612071990966797,0.07444828748703003,5.118927955627441,0.050000011920928955,1113000
1,4453,250,1712.5321044921875,6.850128650665283,5.321355819702148,0.050000011920928955,1113250
1,4454,250,1846.8101806640625,7.387240886688232,5.237624168395996,0.050000011920928955,1113500
1,4455,250,6.02678108215332,0.024107124656438828,5.255478382110596,0.050000011920928955,1113750
1,4456,250,20.386423110961914,0.08154569566249847,5.548322677612305,0.050000011920928955,1114000
1,4457,250,-19.995145797729492,-0.07998058199882507,5.512827396392822,0.050000011920928955,1114250
1,4458,250,21.849523544311523,0.08739809691905975,5.672868251800537,0.050000011920928955,1114500
1,4459,250,1718.569091796875,6.874276161193848,5.485752105712891,0.050000011920928955,1114750
1,4460,250,1629.075439453125,6.51630163192749,5.616616725921631,0.050000011920928955,1115000
1,4461,250,1807.6258544921875,7.230503559112549,5.598718166351318,0.050000011920928955,1115250
1,4462,250,-17.37851905822754,-0.06951407343149185,5.6114935874938965,0.050000011920928955,1115500
1,4463,250,1774.165283203125,7.09666109085083,5.369287014007568,0.050000011920928955,1115750
1,4464,250,0.6440713405609131,0.0025762852746993303,5.132630348205566,0.050000011920928955,1116000
1,4465,250,7.59329080581665,0.030373163521289825,6.2415876388549805,0.050000011920928955,1116250
1,4466,250,1757.095458984375,7.028381824493408,5.990875244140625,0.050000011920928955,1116500
1,4467,250,8.152100563049316,0.03260840103030205,5.366053581237793,0.050000011920928955,1116750
1,4468,250,20.436368942260742,0.08174547553062439,6.0412116050720215,0.050000011920928955,1117000
1,4469,250,1.935353398323059,0.0077414135448634624,6.760858535766602,0.050000011920928955,1117250
1,4470,250,10.87081527709961,0.04348326101899147,6.377525806427002,0.050000011920928955,1117500
1,4471,250,1674.437255859375,6.697749137878418,6.465690612792969,0.050000011920928955,1117750
1,4472,250,1808.471435546875,7.233885765075684,6.739537239074707,0.050000011920928955,1118000
1,4473,250,34.688045501708984,0.13875217735767365,7.168985366821289,0.050000011920928955,1118250
1,4474,250,1595.77490234375,6.383099555969238,6.913515567779541,0.050000011920928955,1118500
1,4475,250,1229.923583984375,4.919694423675537,6.784885883331299,0.050000011920928955,1118750
1,4476,250,1767.99951171875,7.071998119354248,6.70346736907959,0.050000011920928955,1119000
1,4477,250,1429.1207275390625,5.716483116149902,6.573871612548828,0.050000011920928955,1119250
1,4478,250,1228.049072265625,4.912196159362793,6.219000816345215,0.050000011920928955,1119500
1,4479,250,1824.1390380859375,7.296555995941162,6.049440860748291,0.050000011920928955,1119750
1,4480,250,1102.0462646484375,4.408185005187988,6.378342151641846,0.050000011920928955,1120000
1,4481,250,1339.3837890625,5.357535362243652,6.687864303588867,0.050000011920928955,1120250
1,4482,250,1648.2750244140625,6.593100070953369,6.13721227645874,0.050000011920928955,1120500
1,4483,250,1874.710693359375,7.498842716217041,6.046000957489014,0.050000011920928955,1120750
1,4484,250,1881.1417236328125,7.524567127227783,6.484010696411133,0.050000011920928955,1121000
1,4485,250,1657.709228515625,6.6308369636535645,6.339754581451416,0.050000011920928955,1121250
1,4486,250,1164.343017578125,4.657371997833252,6.4365553855896,0.050000011920928955,1121500
1,4487,250,1354.47119140625,5.417884826660156,6.37256383895874,0.050000011920928955,1121750
1,4488,250,1892.33837890625,7.5693535804748535,6.2992634773254395,0.050000011920928955,1122000
1,4489,250,1716.2877197265625,6.8651509284973145,6.362430572509766,0.050000011920928955,1122250
1,4490,250,1484.686767578125,5.938746929168701,6.367595672607422,0.050000011920928955,1122500
1,4491,250,1400.651611328125,5.602606296539307,6.157112121582031,0.050000011920928955,1122750
1,4492,250,1720.819091796875,6.883276462554932,6.26339054107666,0.050000011920928955,1123000
1,4493,250,1790.3319091796875,7.161327838897705,6.175767421722412,0.050000011920928955,1123250
1,4494,250,1446.8621826171875,5.787448883056641,6.580960750579834,0.050000011920928955,1123500
1,4495,250,1623.99658203125,6.495986461639404,6.082705497741699,0.050000011920928955,1123750
1,4496,250,1441.4193115234375,5.765677452087402,6.129104137420654,0.050000011920928955,1124000
1,4497,250,1429.7352294921875,5.718940734863281,6.008881092071533,0.050000011920928955,1124250
1,4498,250,1874.3402099609375,7.497360706329346,5.781097888946533,0.050000011920928955,1124500
1,4499,250,1906.5272216796875,7.6261091232299805,5.879866123199463,0.050000011920928955,1124750
1,4500,250,1897.9052734375,7.591620922088623,5.664662837982178,0.050000011920928955,1125000
1,4501,250,1272.3629150390625,5.089451789855957,5.911680698394775,0.050000011920928955,1125250
1,4502,250,1512.657958984375,6.050631999969482,5.744974613189697,0.050000011920928955,1125500
1,4503,250,1296.578369140625,5.186313629150391,5.548815727233887,0.050000011920928955,1125750
1,4504,250,1677.7752685546875,6.711101055145264,5.4267401695251465,0.050000011920928955,1126000
1,4505,250,1446.86767578125,5.787470817565918,5.280937671661377,0.050000011920928955,1126250
1,4506,250,1657.9957275390625,6.631982803344727,5.232541084289551,0.050000011920928955,1126500
1,4507,250,1626.13232421875,6.5045294761657715,5.09384822845459,0.050000011920928955,1126750
1,4508,250,1701.39208984375,6.805568218231201,5.3562750816345215,0.050000011920928955,1127000
1,4509,250,1743.959716796875,6.975838661193848,5.044491767883301,0.050000011920928955,1127250
1,4510,250,1455.6551513671875,5.822620391845703,5.181532859802246,0.050000011920928955,1127500
1,4511,250,1678.5784912109375,6.714313983917236,5.0340986251831055,0.050000011920928955,1127750
1,4512,250,1515.4268798828125,6.061707496643066,5.109643936157227,0.050000011920928955,1128000
1,4513,250,1645.5262451171875,6.5821051597595215,5.004727363586426,0.050000011920928955,1128250
1,4514,250,1425.58837890625,5.702353477478027,4.955896854400635,0.050000011920928955,1128500
1,4515,250,1801.1417236328125,7.204566955566406,4.72219181060791,0.050000011920928955,1128750
1,4516,250,1623.24267578125,6.4929704666137695,4.8591084480285645,0.050000011920928955,1129000
1,4517,250,1464.2685546875,5.85707426071167,4.9184393882751465,0.050000011920928955,1129250
1,4518,250,1447.81689453125,5.791267395019531,4.929317951202393,0.050000011920928955,1129500
1,4519,250,1623.35595703125,6.493423938751221,4.778579235076904,0.050000011920928955,1129750
1,4520,250,1624.871826171875,6.499487400054932,4.655022144317627,0.050000011920928955,1130000
1,4521,250,1714.1220703125,6.856488227844238,4.785712718963623,0.050000011920928955,1130250
1,4522,250,1720.484130859375,6.881936550140381,5.094383716583252,0.050000011920928955,1130500
1,4523,250,1921.655029296875,7.686620235443115,4.825464248657227,0.050000011920928955,1130750
1,4524,250,1625.624267578125,6.50249719619751,4.565507411956787,0.050000011920928955,1131000
1,4525,250,1737.5050048828125,6.950019836425781,4.757654190063477,0.050000011920928955,1131250
1,4526,250,1649.09375,6.596374988555908,4.489721775054932,0.050000011920928955,1131500
1,4527,250,1773.797607421875,7.095190525054932,4.620840072631836,0.050000011920928955,1131750
1,4528,250,1869.588134765625,7.4783525466918945,4.6345601081848145,0.050000011920928955,1132000
1,4529,250,1886.8233642578125,7.547293663024902,4.57066535949707,0.050000011920928955,1132250
1,4530,250,1919.751953125,7.6790080070495605,4.580006122589111,0.050000011920928955,1132500
1,4531,250,1780.59716796875,7.12238883972168,4.796775817871094,0.050000011920928955,1132750
1,4532,250,1384.675048828125,5.538700103759766,4.262689590454102,0.050000011920928955,1133000
1,4533,250,80.23822021484375,0.3209528923034668,4.914305210113525,0.050000011920928955,1133250
1,4534,250,1433.861572265625,5.735446453094482,4.764588356018066,0.050000011920928955,1133500
1,4535,250,88.17039489746094,0.35268157720565796,5.124718189239502,0.050000011920928955,1133750
1,4536,250,1433.784912109375,5.735139846801758,5.275068759918213,0.050000011920928955,1134000
1,4537,250,1729.3685302734375,6.917474269866943,5.3186750411987305,0.050000011920928955,1134250
1,4538,250,1246.35107421875,4.9854044914245605,5.1860151290893555,0.050000011920928955,1134500
1,4539,250,1719.5418701171875,6.878167629241943,5.202012538909912,0.050000011920928955,1134750
1,4540,250,1305.5614013671875,5.222245693206787,5.009660720825195,0.050000011920928955,1135000
1,4541,250,739.8406372070312,2.959362506866455,5.4188232421875,0.050000011920928955,1135250
1,4542,250,1194.633544921875,4.778534412384033,5.548790454864502,0.050000011920928955,1135500
1,4543,250,1331.97412109375,5.327896595001221,5.419366359710693,0.050000011920928955,1135750
1,4544,250,1902.6094970703125,7.610437870025635,5.389983177185059,0.050000011920928955,1136000
1,4545,250,1535.856689453125,6.143426895141602,5.575924396514893,0.050000011920928955,1136250
1,4546,250,607.2445678710938,2.428978204727173,5.603853702545166,0.050000011920928955,1136500
1,4547,250,15.395776748657227,0.061583105474710464,5.6315598487854,0.050000011920928955,1136750
1,4548,250,1678.89404296875,6.715576171875,5.631009101867676,0.050000011920928955,1137000
1,4549,250,-222.37464904785156,-0.8894985914230347,5.766707897186279,0.050000011920928955,1137250
1,4550,250,60.219139099121094,0.24087655544281006,5.801380157470703,0.050000011920928955,1137500
1,4551,250,-156.1544647216797,-0.624617874622345,5.7952070236206055,0.050000011920928955,1137750
1,4552,250,-20.061420440673828,-0.08024568110704422,5.83069372177124,0.050000011920928955,1138000
1,4553,250,1781.373046875,7.125492095947266,6.371109962463379,0.050000011920928955,1138250
1,4554,250,25.36371612548828,0.10145486146211624,6.635007858276367,0.050000011920928955,1138500
1,4555,250,1916.4588623046875,7.665835380554199,6.337494850158691,0.050000011920928955,1138750
1,4556,250,1701.087158203125,6.804348468780518,6.312508583068848,0.050000011920928955,1139000
1,4557,250,1705.98681640625,6.823947429656982,6.6756367683410645,0.050000011920928955,1139250
1,4558,250,79.09430694580078,0.3163772225379944,6.6649885177612305,0.050000011920928955,1139500
1,4559,250,1552.48388671875,6.209935665130615,7.015307426452637,0.050000011920928955,1139750
1,4560,250,1430.2525634765625,5.721010208129883,6.66111421585083,0.050000011920928955,1140000
1,4561,250,1685.664794921875,6.742659091949463,6.744497776031494,0.050000011920928955,1140250
1,4562,250,22.92682647705078,0.09170730412006378,6.671685695648193,0.050000011920928955,1140500
1,4563,250,1130.0255126953125,4.520102024078369,7.122503280639648,0.050000011920928955,1140750
1,4564,250,1490.562255859375,5.962248802185059,6.660395622253418,0.050000011920928955,1141000
1,4565,250,1757.271484375,7.029086112976074,7.299101829528809,0.050000011920928955,1141250
1,4566,250,53.386959075927734,0.21354784071445465,7.708644390106201,0.050000011920928955,1141500
1,4567,250,1570.39501953125,6.281579971313477,7.730241775512695,0.050000011920928955,1141750
1,4568,250,1395.7047119140625,5.582818984985352,7.6542816162109375,0.050000011920928955,1142000
1,4569,250,1734.770263671875,6.939081192016602,7.808553695678711,0.050000011920928955,1142250
1,4570,250,33.38860321044922,0.13355441391468048,8.08026123046875,0.050000011920928955,1142500
1,4571,250,1900.94921875,7.60379695892334,8.103055953979492,0.050000011920928955,1142750
1,4572,250,1708.876708984375,6.835506916046143,7.993025779724121,0.050000011920928955,1143000
1,4573,250,60.15068054199219,0.24060271680355072,8.27330493927002,0.050000011920928955,1143250
1,4574,250,-327.2799987792969,-1.3091199398040771,8.120281219482422,0.050000011920928955,1143500
1,4575,250,52.05415725708008,0.2082166224718094,8.216320037841797,0.050000011920928955,1143750
1,4576,250,1712.3902587890625,6.8495612144470215,8.115410804748535,0.050000011920928955,1144000
1,4577,250,908.9313354492188,3.635725259780884,8.468643188476562,0.050000011920928955,1144250
1,4578,250,1726.794677734375,6.90717887878418,8.731330871582031,0.050000011920928955,1144500
1,4579,250,1804.821533203125,7.21928596496582,7.911683559417725,0.050000011920928955,1144750
1,4580,250,1682.59228515625,6.7303690910339355,8.014815330505371,0.050000011920928955,1145000
1,4581,250,1547.063720703125,6.1882548332214355,8.87543773651123,0.050000011920928955,1145250
1,4582,250,51.56890106201172,0.2062755972146988,8.956624031066895,0.050000011920928955,1145500
1,4583,250,1669.9974365234375,6.679989814758301,9.269716262817383,0.050000011920928955,1145750
1,4584,250,1680.015625,6.720062732696533,8.56634521484375,0.050000011920928955,1146000
1,4585,250,1662.0419921875,6.648168087005615,9.692097663879395,0.050000011920928955,1146250
1,4586,250,1649.3458251953125,6.597383499145508,9.132951736450195,0.050000011920928955,1146500
1,4587,250,-235.31869506835938,-0.9412747621536255,8.785015106201172,0.050000011920928955,1146750
1,4588,250,2.848548650741577,0.011394194327294827,9.501383781433105,0.050000011920928955,1147000
1,4589,250,-2.068610906600952,-0.008274443447589874,9.862032890319824,0.050000011920928955,1147250
1,4590,250,1488.9669189453125,5.955867767333984,9.497857093811035,0.050000011920928955,1147500
1,4591,250,1659.02685546875,6.636107444763184,9.307466506958008,0.050000011920928955,1147750
1,4592,250,1611.807861328125,6.447231292724609,8.91897201538086,0.050000011920928955,1148000
1,4593,250,1552.2991943359375,6.2091965675354,9.988640785217285,0.050000011920928955,1148250
1,4594,250,1664.2412109375,6.6569647789001465,9.141414642333984,0.050000011920928955,1148500
1,4595,250,1546.9068603515625,6.18762731552124,9.002154350280762,0.050000011920928955,1148750
1,4596,250,1665.748046875,6.662992000579834,9.123372077941895,0.050000011920928955,1149000
1,4597,250,8.586746215820312,0.034346986562013626,9.87274169921875,0.050000011920928955,1149250
1,4598,250,1546.354248046875,6.185417175292969,9.528510093688965,0.050000011920928955,1149500
1,4599,250,-9.505064964294434,-0.038020260632038116,9.119312286376953,0.050000011920928955,1149750
1,4600,250,9.456912994384766,0.03782765194773674,9.014893531799316,0.050000011920928955,1150000
1,4601,250,1308.603759765625,5.234415054321289,10.184311866760254,0.050000011920928955,1150250
1,4602,250,1392.9332275390625,5.571732997894287,9.523487091064453,0.050000011920928955,1150500
1,4603,250,1523.466064453125,6.093864440917969,9.046704292297363,0.050000011920928955,1150750
1,4604,250,1636.56689453125,6.546267509460449,9.493046760559082,0.050000011920928955,1151000
1,4605,250,1071.82421875,4.287296772003174,10.193387031555176,0.050000011920928955,1151250
1,4606,250,1560.8177490234375,6.2432708740234375,9.559476852416992,0.050000011920928955,1151500
1,4607,250,1262.77587890625,5.051103591918945,8.582975387573242,0.050000011920928955,1151750
1,4608,250,1576.1441650390625,6.304576873779297,9.28414535522461,0.050000011920928955,1152000
1,4609,250,1084.699951171875,4.338799953460693,9.319833755493164,0.050000011920928955,1152250
1,4610,250,1637.7904052734375,6.551161766052246,8.846708297729492,0.050000011920928955,1152500
1,4611,250,1644.587158203125,6.578348636627197,8.339269638061523,0.050000011920928955,1152750
1,4612,250,1572.4730224609375,6.289892196655273,8.260848045349121,0.050000011920928955,1153000
1,4613,250,1089.38916015625,4.3575568199157715,8.524086952209473,0.050000011920928955,1153250
1,4614,250,1084.25537109375,4.337021350860596,8.397238731384277,0.050000011920928955,1153500
1,4615,250,1113.23779296875,4.452950954437256,7.978504180908203,0.050000011920928955,1153750
1,4616,250,1566.60498046875,6.266419887542725,7.907779216766357,0.050000011920928955,1154000
1,4617,250,1585.25927734375,6.341037273406982,7.766633033752441,0.050000011920928955,1154250
1,4618,250,1561.32763671875,6.2453107833862305,7.341536998748779,0.050000011920928955,1154500
1,4619,250,974.4962158203125,3.8979849815368652,7.443680286407471,0.050000011920928955,1154750
1,4620,250,1630.7073974609375,6.522829532623291,7.589380741119385,0.050000011920928955,1155000
1,4621,250,886.0321655273438,3.544128656387329,7.744072914123535,0.050000011920928955,1155250
1,4622,250,1559.545166015625,6.238180637359619,7.7756547927856445,0.050000011920928955,1155500
1,4623,250,1837.50048828125,7.350001811981201,7.033835411071777,0.050000011920928955,1155750
1,4624,250,822.7020874023438,3.2908084392547607,7.244556427001953,0.050000011920928955,1156000
1,4625,250,1604.7672119140625,6.419068813323975,7.265953540802002,0.050000011920928955,1156250
1,4626,250,1577.24658203125,6.308986186981201,7.280022621154785,0.050000011920928955,1156500
1,4627,250,1641.2080078125,6.5648322105407715,7.052305221557617,0.050000011920928955,1156750
1,4628,250,1552.2330322265625,6.208931922912598,6.7151079177856445,0.050000011920928955,1157000
1,4629,250,1691.86962890625,6.7674784660339355,6.661937236785889,0.050000011920928955,1157250
1,4630,250,1517.42236328125,6.0696892738342285,6.32269811630249,0.050000011920928955,1157500
1,4631,250,1412.3297119140625,5.649318695068359,6.216402053833008,0.050000011920928955,1157750
1,4632,250,36.46230697631836,0.14584922790527344,6.45606803894043,0.050000011920928955,1158000
1,4633,250,39.7031364440918,0.15881255269050598,6.913311004638672,0.050000011920928955,1158250
1,4634,250,1550.3133544921875,6.201253414154053,7.5020856857299805,0.050000011920928955,1158500
1,4635,250,1515.314453125,6.061257839202881,7.088316440582275,0.050000011920928955,1158750
1,4636,250,-8.945344924926758,-0.035781379789114,6.8850483894348145,0.050000011920928955,1159000
1,4637,250,1518.0869140625,6.072347640991211,7.100620746612549,0.050000011920928955,1159250
1,4638,250,1634.699951171875,6.53879976272583,7.106017112731934,0.050000011920928955,1159500
1,4639,250,1463.065673828125,5.852262496948242,6.723474502563477,0.050000011920928955,1159750
1,4640,250,1531.220458984375,6.124881744384766,6.7246317863464355,0.050000011920928955,1160000
1,4641,250,322.3568115234375,1.2894272804260254,6.430276393890381,0.050000011920928955,1160250
1,4642,250,1216.270263671875,4.865080833435059,6.565158843994141,0.050000011920928955,1160500
1,4643,250,1344.3150634765625,5.377260208129883,6.694748878479004,0.050000011920928955,1160750
1,4644,250,1108.4019775390625,4.433608055114746,6.660054683685303,0.050000011920928955,1161000
1,4645,250,20.606901168823242,0.08242760598659515,6.919347763061523,0.050000011920928955,1161250
1,4646,250,1639.2236328125,6.556894302368164,6.859760761260986,0.050000011920928955,1161500
1,4647,250,1565.868896484375,6.26347541809082,6.937576770782471,0.050000011920928955,1161750
1,4648,250,1284.8702392578125,5.139481067657471,6.491000652313232,0.050000011920928955,1162000
1,4649,250,1477.5980224609375,5.9103922843933105,6.651865482330322,0.050000011920928955,1162250
1,4650,250,1637.088134765625,6.5483527183532715,6.759628772735596,0.050000011920928955,1162500
1,4651,250,1646.3017578125,6.585206985473633,6.8319993019104,0.050000011920928955,1162750
1,4652,250,1528.3199462890625,6.113279819488525,6.423666000366211,0.050000011920928955,1163000
1,4653,250,1564.86572265625,6.259462833404541,6.549692630767822,0.050000011920928955,1163250
1,4654,250,1616.647216796875,6.466588973999023,6.640515327453613,0.050000011920928955,1163500
1,4655,250,1558.4949951171875,6.233980178833008,5.740261554718018,0.050000011920928955,1163750
1,4656,250,1618.96533203125,6.475861549377441,6.081892013549805,0.050000011920928955,1164000
1,4657,250,653.405517578125,2.6136221885681152,6.053566932678223,0.050000011920928955,1164250
1,4658,250,1506.4482421875,6.025793075561523,6.150931358337402,0.050000011920928955,1164500
1,4659,250,28.004451751708984,0.11201781034469604,6.241458892822266,0.050000011920928955,1164750
1,4660,250,1570.7576904296875,6.283030986785889,6.140074253082275,0.050000011920928955,1165000
1,4661,250,1597.09521484375,6.388381004333496,6.145465850830078,0.050000011920928955,1165250
1,4662,250,1882.6025390625,7.530410289764404,6.147294044494629,0.050000011920928955,1165500
1,4663,250,1627.8779296875,6.51151180267334,5.899833679199219,0.050000011920928955,1165750
1,4664,250,1458.6702880859375,5.834681034088135,6.083418369293213,0.050000011920928955,1166000
1,4665,250,1563.83251953125,6.2553300857543945,5.4680094718933105,0.050000011920928955,1166250
1,4666,250,1930.3782958984375,7.721513271331787,6.026395320892334,0.050000011920928955,1166500
1,4667,250,1550.462890625,6.2018513679504395,5.704446315765381,0.050000011920928955,1166750
1,4668,250,1554.9210205078125,6.21968412399292,5.7507758140563965,0.050000011920928955,1167000
1,4669,250,481.0014953613281,1.9240059852600098,5.528461933135986,0.050000011920928955,1167250
1,4670,250,1219.2747802734375,4.87709903717041,5.710262298583984,0.050000011920928955,1167500
1,4671,250,138.51065063476562,0.5540425777435303,5.903223514556885,0.050000011920928955,1167750
1,4672,250,138.6435546875,0.554574191570282,5.881583213806152,0.050000011920928955,1168000
1,4673,250,1521.702392578125,6.0868096351623535,5.649754524230957,0.050000011920928955,1168250
1,4674,250,1633.86279296875,6.5354509353637695,5.223023891448975,0.050000011920928955,1168500
1,4675,250,1911.809326171875,7.647237300872803,5.231879711151123,0.050000011920928955,1168750
1,4676,250,1688.7625732421875,6.755050182342529,5.144115924835205,0.050000011920928955,1169000
1,4677,250,1641.370361328125,6.565481662750244,5.143789291381836,0.050000011920928955,1169250
1,4678,250,1055.44287109375,4.221771717071533,4.958883285522461,0.050000011920928955,1169500
1,4679,250,1131.226318359375,4.524905204772949,5.144785404205322,0.050000011920928955,1169750
1,4680,250,-495.9051513671875,-1.9836206436157227,5.099333763122559,0.050000011920928955,1170000
1,4681,250,-498.5948486328125,-1.9943794012069702,5.301559925079346,0.050000011920928955,1170250
1,4682,250,1912.0621337890625,7.648248672485352,4.939656734466553,0.050000011920928955,1170500
1,4683,250,1649.6773681640625,6.598709583282471,4.928921222686768,0.050000011920928955,1170750
1,4684,250,-491.5157470703125,-1.9660630226135254,4.720513343811035,0.050000011920928955,1171000
1,4685,250,1704.6505126953125,6.818602085113525,5.184382915496826,0.050000011920928955,1171250
1,4686,250,-491.9477233886719,-1.9677908420562744,5.021892070770264,0.050000011920928955,1171500
1,4687,250,-489.94329833984375,-1.9597731828689575,4.715229511260986,0.050000011920928955,1171750
1,4688,250,-488.5569763183594,-1.9542279243469238,4.537597179412842,0.050000011920928955,1172000
1,4689,250,1623.5126953125,6.494050979614258,4.730885982513428,0.050000011920928955,1172250
1,4690,250,1612.9462890625,6.451785087585449,4.698634147644043,0.050000011920928955,1172500
1,4691,250,1537.1546630859375,6.148618698120117,4.6058268547058105,0.050000011920928955,1172750
1,4692,250,1615.010009765625,6.460040092468262,4.561807155609131,0.050000011920928955,1173000
1,4693,250,1586.3599853515625,6.345439910888672,4.675492286682129,0.050000011920928955,1173250
1,4694,250,16.972902297973633,0.06789161264896393,4.8872599601745605,0.050000011920928955,1173500
1,4695,250,1762.6162109375,7.050464630126953,5.120401382446289,0.050000011920928955,1173750
1,4696,250,1644.7418212890625,6.578967094421387,4.567563533782959,0.050000011920928955,1174000
1,4697,250,1781.59326171875,7.126372814178467,4.864426612854004,0.050000011920928955,1174250
1,4698,250,1549.2554931640625,6.197021961212158,4.643922328948975,0.050000011920928955,1174500
1,4699,250,1705.371826171875,6.8214874267578125,4.680072784423828,0.050000011920928955,1174750
1,4700,250,1574.5150146484375,6.298059940338135,4.411467552185059,0.050000011920928955,1175000
1,4701,250,1273.5694580078125,5.094277858734131,4.736043930053711,0.050000011920928955,1175250
1,4702,250,-6.473547458648682,-0.02589418925344944,4.499950885772705,0.050000011920928955,1175500
1,4703,250,1622.53564453125,6.490142345428467,4.888948917388916,0.050000011920928955,1175750
1,4704,250,1704.31982421875,6.81727933883667,4.6599884033203125,0.050000011920928955,1176000
1,4705,250,1651.745361328125,6.60698127746582,5.115445613861084,0.050000011920928955,1176250
1,4706,250,1702.86962890625,6.811478614807129,4.884365081787109,0.050000011920928955,1176500
1,4707,250,1778.1925048828125,7.112770080566406,4.889792442321777,0.050000011920928955,1176750
1,4708,250,1676.21630859375,6.704865455627441,4.975241184234619,0.050000011920928955,1177000
1,4709,250,1783.839599609375,7.1353583335876465,4.950115203857422,0.050000011920928955,1177250
1,4710,250,1492.2764892578125,5.9691057205200195,4.580001354217529,0.050000011920928955,1177500
1,4711,250,1755.39306640625,7.021572113037109,4.740754127502441,0.050000011920928955,1177750
1,4712,250,1794.9849853515625,7.1799397468566895,4.336593151092529,0.050000011920928955,1178000
1,4713,250,1573.087158203125,6.292348861694336,4.312161445617676,0.050000011920928955,1178250
1,4714,250,1666.583984375,6.6663360595703125,4.496589183807373,0.050000011920928955,1178500
1,4715,250,1650.239013671875,6.600955963134766,4.190071105957031,0.050000011920928955,1178750
1,4716,250,1665.373046875,6.661492347717285,4.349863529205322,0.050000011920928955,1179000
1,4717,250,1567.914794921875,6.2716593742370605,4.428137302398682,0.050000011920928955,1179250
1,4718,250,1792.1729736328125,7.168692111968994,4.173614501953125,0.050000011920928955,1179500
1,4719,250,1502.0064697265625,6.008025646209717,4.050902843475342,0.050000011920928955,1179750
1,4720,250,1705.65869140625,6.822634696960449,4.113626003265381,0.050000011920928955,1180000
1,4721,250,983.4345703125,3.9337382316589355,4.306756496429443,0.050000011920928955,1180250
1,4722,250,1402.1021728515625,5.6084089279174805,4.033783912658691,0.050000011920928955,1180500
1,4723,250,1522.179443359375,6.088717937469482,4.77631139755249,0.050000011920928955,1180750
1,4724,250,1726.244873046875,6.904979705810547,4.180094242095947,0.050000011920928955,1181000
1,4725,250,1548.0177001953125,6.192070960998535,4.383267402648926,0.050000011920928955,1181250
1,4726,250,1623.2666015625,6.493066310882568,4.465206623077393,0.050000011920928955,1181500
1,4727,250,-71.19890594482422,-0.2847956120967865,4.285602569580078,0.050000011920928955,1181750
1,4728,250,1691.847900390625,6.767391681671143,4.597829341888428,0.050000011920928955,1182000
1,4729,250,1715.2401123046875,6.860960483551025,4.703603267669678,0.050000011920928955,1182250
1,4730,250,1526.073974609375,6.10429573059082,4.687785625457764,0.050000011920928955,1182500
1,4731,250,1536.3934326171875,6.145573616027832,4.592990875244141,0.050000011920928955,1182750
1,4732,250,1732.140380859375,6.928561687469482,4.683833599090576,0.050000011920928955,1183000
1,4733,250,1402.64794921875,5.610591888427734,4.691930770874023,0.050000011920928955,1183250
1,4734,250,1651.1683349609375,6.604673385620117,4.538875102996826,0.050000011920928955,1183500
1,4735,250,-45.016902923583984,-0.18006761372089386,4.479450702667236,0.050000011920928955,1183750
1,4736,250,1926.7783203125,7.707113265991211,4.720588207244873,0.050000011920928955,1184000
1,4737,250,1759.75244140625,7.0390095710754395,4.570350646972656,0.050000011920928955,1184250
1,4738,250,1409.2364501953125,5.636945724487305,4.800328254699707,0.050000011920928955,1184500
1,4739,250,1195.1065673828125,4.780426502227783,4.407578468322754,0.050000011920928955,1184750
1,4740,250,1314.780517578125,5.259121894836426,4.629359722137451,0.050000011920928955,1185000
1,4741,250,1238.39501953125,4.953579902648926,4.834406852722168,0.050000011920928955,1185250
1,4742,250,1783.1622314453125,7.132648944854736,4.467493534088135,0.050000011920928955,1185500
1,4743,250,1726.212158203125,6.904848575592041,4.305332660675049,0.050000011920928955,1185750
1,4744,250,1348.9051513671875,5.395620822906494,4.476925373077393,0.050000011920928955,1186000
1,4745,250,1670.552978515625,6.682211875915527,4.581483840942383,0.050000011920928955,1186250
1,4746,250,1334.017822265625,5.336071491241455,4.6013712882995605,0.050000011920928955,1186500
1,4747,250,-51.604339599609375,-0.20641735196113586,4.625394344329834,0.050000011920928955,1186750
1,4748,250,1514.8802490234375,6.059521198272705,4.665960311889648,0.050000011920928955,1187000
1,4749,250,-3.3844704627990723,-0.013537881895899773,4.994887351989746,0.050000011920928955,1187250
1,4750,250,-12.125417709350586,-0.048501670360565186,5.505308151245117,0.050000011920928955,1187500
1,4751,250,-30.26374626159668,-0.1210549846291542,5.572598457336426,0.050000011920928955,1187750
1,4752,250,1584.843505859375,6.33937406539917,5.763065338134766,0.050000011920928955,1188000
1,4753,250,1572.495361328125,6.289981365203857,6.064157485961914,0.050000011920928955,1188250
1,4754,250,16.881399154663086,0.06752559542655945,6.057709217071533,0.050000011920928955,1188500
1,4755,250,1637.73388671875,6.550935745239258,5.93847131729126,0.050000011920928955,1188750
1,4756,250,-25.244503021240234,-0.10097800940275192,6.2498860359191895,0.050000011920928955,1189000
1,4757,250,1593.57861328125,6.374314308166504,6.946521282196045,0.050000011920928955,1189250
1,4758,250,1610.14990234375,6.44059944152832,6.875825881958008,0.050000011920928955,1189500
1,4759,250,-47.33794403076172,-0.18935178220272064,6.77293062210083,0.050000011920928955,1189750
1,4760,250,1632.225341796875,6.52890157699585,6.679668426513672,0.050000011920928955,1190000
1,4761,250,1733.6690673828125,6.934676170349121,7.093057155609131,0.050000011920928955,1190250
1,4762,250,1751.75390625,7.007015705108643,6.85163688659668,0.050000011920928955,1190500
1,4763,250,1437.420166015625,5.749680519104004,6.942368984222412,0.050000011920928955,1190750
1,4764,250,1414.59228515625,5.658369064331055,6.946744441986084,0.050000011920928955,1191000
1,4765,250,1682.2054443359375,6.728821754455566,6.844910621643066,0.050000011920928955,1191250
1,4766,250,1756.170166015625,7.0246806144714355,7.424333572387695,0.050000011920928955,1191500
1,4767,250,1452.8319091796875,5.8113274574279785,6.598812580108643,0.050000011920928955,1191750
1,4768,250,-12.831868171691895,-0.05132747441530228,6.809818744659424,0.050000011920928955,1192000
1,4769,250,1585.813232421875,6.343253135681152,7.300442218780518,0.050000011920928955,1192250
1,4770,250,1709.5751953125,6.838300704956055,6.896271705627441,0.050000011920928955,1192500
1,4771,250,1720.642578125,6.882570266723633,7.235119342803955,0.050000011920928955,1192750
1,4772,250,1734.6968994140625,6.938787460327148,7.17000150680542,0.050000011920928955,1193000
1,4773,250,1694.6751708984375,6.778700828552246,7.155508041381836,0.050000011920928955,1193250
1,4774,250,1693.0673828125,6.7722697257995605,7.123860836029053,0.050000011920928955,1193500
1,4775,250,1726.85693359375,6.907427787780762,6.675324440002441,0.050000011920928955,1193750
1,4776,250,-62.711097717285156,-0.25084438920021057,7.162703514099121,0.050000011920928955,1194000
1,4777,250,1706.79296875,6.827171802520752,7.39302396774292,0.050000011920928955,1194250
1,4778,250,15.975637435913086,0.06390254944562912,7.376178741455078,0.050000011920928955,1194500
1,4779,250,1566.0618896484375,6.264247417449951,7.636618137359619,0.050000011920928955,1194750
1,4780,250,1717.9312744140625,6.871725082397461,7.348909378051758,0.050000011920928955,1195000
1,4781,250,1552.781982421875,6.211127758026123,7.770212650299072,0.050000011920928955,1195250
1,4782,250,1700.112548828125,6.800450325012207,7.546090602874756,0.050000011920928955,1195500
1,4783,250,1644.074462890625,6.576297760009766,7.675546646118164,0.050000011920928955,1195750
1,4784,250,1562.2178955078125,6.248871803283691,7.226002216339111,0.050000011920928955,1196000
1,4785,250,37.72463607788086,0.1508985459804535,7.281608581542969,0.050000011920928955,1196250
1,4786,250,1661.4224853515625,6.645689964294434,7.371644020080566,0.050000011920928955,1196500
1,4787,250,1419.683349609375,5.6787333488464355,7.482359886169434,0.050000011920928955,1196750
1,4788,250,5.840904235839844,0.023363616317510605,7.677690505981445,0.050000011920928955,1197000
1,4789,250,-56.41992950439453,-0.22567972540855408,7.971961975097656,0.050000011920928955,1197250
1,4790,250,1661.398193359375,6.64559268951416,7.372127056121826,0.050000011920928955,1197500
1,4791,250,1489.0848388671875,5.956339359283447,7.199254512786865,0.050000011920928955,1197750
1,4792,250,1754.977783203125,7.019911289215088,6.812277793884277,0.050000011920928955,1198000
1,4793,250,1725.325927734375,6.901303768157959,7.16574764251709,0.050000011920928955,1198250
1,4794,250,614.947509765625,2.459789991378784,6.674500942230225,0.050000011920928955,1198500
1,4795,250,628.4979248046875,2.513991594314575,7.12600040435791,0.050000011920928955,1198750
1,4796,250,1744.2076416015625,6.97683048248291,6.348679542541504,0.050000011920928955,1199000
1,4797,250,977.878173828125,3.911512613296509,6.852533340454102,0.050000011920928955,1199250
1,4798,250,-21.39061737060547,-0.08556246757507324,6.7396087646484375,0.050000011920928955,1199500
1,4799,250,1558.181884765625,6.232727527618408,6.913486957550049,0.050000011920928955,1199750
1,4800,250,1699.37548828125,6.797502040863037,6.748193264007568,0.050000011920928955,1200000
1,4801,250,7.5215678215026855,0.030086271464824677,7.349582195281982,0.050000011920928955,1200250
1,4802,250,572.6453857421875,2.290581464767456,7.00831413269043,0.050000011920928955,1200500
1,4803,250,239.04925537109375,0.9561970233917236,6.8175482749938965,0.050000011920928955,1200750
1,4804,250,1467.4954833984375,5.86998176574707,7.2276153564453125,0.050000011920928955,1201000
1,4805,250,1451.4808349609375,5.8059234619140625,8.142696380615234,0.050000011920928955,1201250
1,4806,250,1730.6629638671875,6.922651767730713,7.267650127410889,0.050000011920928955,1201500
1,4807,250,1459.9698486328125,5.839879512786865,7.363035202026367,0.050000011920928955,1201750
1,4808,250,-25.180023193359375,-0.10072009265422821,6.937036037445068,0.050000011920928955,1202000
1,4809,250,1661.007080078125,6.644028186798096,7.708853721618652,0.050000011920928955,1202250
1,4810,250,-66.21015930175781,-0.26484063267707825,7.965837478637695,0.050000011920928955,1202500
1,4811,250,1771.8193359375,7.087277412414551,7.637111186981201,0.050000011920928955,1202750
1,4812,250,1770.6943359375,7.082777500152588,8.145177841186523,0.050000011920928955,1203000
1,4813,250,-38.737056732177734,-0.15494821965694427,8.574193000793457,0.050000011920928955,1203250
1,4814,250,-63.50150680541992,-0.254006028175354,8.669081687927246,0.050000011920928955,1203500
1,4815,250,-44.3214225769043,-0.17728568613529205,8.565853118896484,0.050000011920928955,1203750
1,4816,250,-82.70276641845703,-0.3308110535144806,9.064310073852539,0.050000011920928955,1204000
1,4817,250,-72.2173843383789,-0.2888695299625397,9.74757194519043,0.050000011920928955,1204250
1,4818,250,1548.84033203125,6.195361137390137,9.34595775604248,0.050000011920928955,1204500
1,4819,250,1637.2093505859375,6.548837184906006,9.222917556762695,0.050000011920928955,1204750
1,4820,250,-58.871986389160156,-0.2354879528284073,8.461955070495605,0.050000011920928955,1205000
1,4821,250,-62.14560317993164,-0.2485824078321457,10.301822662353516,0.050000011920928955,1205250
1,4822,250,1645.95849609375,6.583834171295166,9.478105545043945,0.050000011920928955,1205500
1,4823,250,1895.1202392578125,7.580481052398682,9.536547660827637,0.050000011920928955,1205750
1,4824,250,-47.470516204833984,-0.1898820698261261,9.177833557128906,0.050000011920928955,1206000
1,4825,250,1480.1904296875,5.920761585235596,10.922876358032227,0.050000011920928955,1206250
1,4826,250,-62.117923736572266,-0.2484716922044754,9.518388748168945,0.050000011920928955,1206500
1,4827,250,-30.77849006652832,-0.1231139600276947,10.050912857055664,0.050000011920928955,1206750
1,4828,250,1613.443603515625,6.453774452209473,9.726639747619629,0.050000011920928955,1207000
1,4829,250,1512.21728515625,6.0488691329956055,11.041058540344238,0.050000011920928955,1207250
1,4830,250,1694.7257080078125,6.778903007507324,9.908015251159668,0.050000011920928955,1207500
1,4831,250,-51.571720123291016,-0.20628687739372253,10.086915969848633,0.050000011920928955,1207750
1,4832,250,1671.9906005859375,6.687962532043457,9.679108619689941,0.050000011920928955,1208000
1,4833,250,1269.0274658203125,5.076109886169434,11.196293830871582,0.050000011920928955,1208250
1,4834,250,1123.5885009765625,4.494353771209717,10.43874740600586,0.050000011920928955,1208500
1,4835,250,1657.314453125,6.629257678985596,10.2440824508667,0.050000011920928955,1208750
1,4836,250,357.47314453125,1.4298925399780273,9.470401763916016,0.050000011920928955,1209000
1,4837,250,-417.1735534667969,-1.668694257736206,10.620765686035156,0.050000011920928955,1209250
1,4838,250,1536.44970703125,6.145798683166504,11.029356002807617,0.050000011920928955,1209500
1,4839,250,-55.3886604309082,-0.22155463695526123,9.821142196655273,0.050000011920928955,1209750
1,4840,250,1314.4837646484375,5.257935047149658,10.076786041259766,0.050000011920928955,1210000
1,4841,250,1705.648193359375,6.822592735290527,10.24618911743164,0.050000011920928955,1210250
1,4842,250,1002.9620361328125,4.011847972869873,8.92137336730957,0.050000011920928955,1210500
1,4843,250,1546.5345458984375,6.186138153076172,8.435273170471191,0.050000011920928955,1210750
1,4844,250,1516.3427734375,6.065371036529541,7.804930210113525,0.050000011920928955,1211000
1,4845,250,-95.42159271240234,-0.38168635964393616,9.098072052001953,0.050000011920928955,1211250
1,4846,250,12.385330200195312,0.04954132065176964,8.478793144226074,0.050000011920928955,1211500
1,4847,250,1508.7222900390625,6.034889221191406,8.214756965637207,0.050000011920928955,1211750
1,4848,250,-136.0325469970703,-0.5441302061080933,7.773834228515625,0.050000011920928955,1212000
1,4849,250,-18.949865341186523,-0.07579945772886276,9.127340316772461,0.050000011920928955,1212250
1,4850,250,-47.746192932128906,-0.19098477065563202,9.288867950439453,0.050000011920928955,1212500
1,4851,250,1537.2049560546875,6.148819923400879,8.977232933044434,0.050000011920928955,1212750
1,4852,250,-78.17166900634766,-0.3126866817474365,8.775053977966309,0.050000011920928955,1213000
1,4853,250,1500.2598876953125,6.001039505004883,9.382401466369629,0.050000011920928955,1213250
1,4854,250,-93.78256225585938,-0.37513023614883423,8.901261329650879,0.050000011920928955,1213500
1,4855,250,-62.79334259033203,-0.25117337703704834,8.440747261047363,0.050000011920928955,1213750
1,4856,250,-96.07139587402344,-0.384285569190979,8.007646560668945,0.050000011920928955,1214000
1,4857,250,-42.918724060058594,-0.17167489230632782,9.26706600189209,0.050000011920928955,1214250
1,4858,250,1464.8514404296875,5.859405994415283,8.552204132080078,0.050000011920928955,1214500
1,4859,250,1000.1998901367188,4.000799655914307,8.34962272644043,0.050000011920928955,1214750
1,4860,250,1418.2252197265625,5.672900676727295,8.057010650634766,0.050000011920928955,1215000
1,4861,250,1650.7191162109375,6.602876663208008,9.117158889770508,0.050000011920928955,1215250
1,4862,250,1619.94677734375,6.4797868728637695,8.185456275939941,0.050000011920928955,1215500
1,4863,250,1444.193115234375,5.776772499084473,8.112117767333984,0.050000011920928955,1215750
1,4864,250,-1.4803463220596313,-0.005921385250985622,8.41411018371582,0.050000011920928955,1216000
1,4865,250,-54.70785903930664,-0.21883143484592438,8.763278007507324,0.050000011920928955,1216250
1,4866,250,-100.67359161376953,-0.40269437432289124,8.540815353393555,0.050000011920928955,1216500
1,4867,250,-50.605743408203125,-0.20242297649383545,8.742233276367188,0.050000011920928955,1216750
1,4868,250,-54.92778396606445,-0.21971113979816437,8.497803688049316,0.050000011920928955,1217000
1,4869,250,1697.673828125,6.7906951904296875,9.331193923950195,0.050000011920928955,1217250
1,4870,250,-113.8817138671875,-0.45552685856819153,9.423455238342285,0.050000011920928955,1217500
1,4871,250,1666.08349609375,6.664333820343018,9.145669937133789,0.050000011920928955,1217750
1,4872,250,1642.73974609375,6.570959091186523,8.725850105285645,0.050000011920928955,1218000
1,4873,250,1705.2825927734375,6.821130275726318,9.049027442932129,0.050000011920928955,1218250
1,4874,250,1652.773681640625,6.611094951629639,8.382471084594727,0.050000011920928955,1218500
1,4875,250,-104.495849609375,-0.41798341274261475,8.588568687438965,0.050000011920928955,1218750
1,4876,250,1630.260498046875,6.5210418701171875,8.3115234375,0.050000011920928955,1219000
1,4877,250,-109.41536712646484,-0.43766146898269653,9.620750427246094,0.050000011920928955,1219250
1,4878,250,-102.8838119506836,-0.41153523325920105,9.166373252868652,0.050000011920928955,1219500
1,4879,250,-139.2198028564453,-0.5568792223930359,8.937185287475586,0.050000011920928955,1219750
1,4880,250,-99.36636352539062,-0.39746546745300293,8.573368072509766,0.050000011920928955,1220000
1,4881,250,-92.80741882324219,-0.3712296783924103,9.573548316955566,0.050000011920928955,1220250
1,4882,250,-115.90544891357422,-0.4636217951774597,8.61745834350586,0.050000011920928955,1220500
1,4883,250,-99.51448059082031,-0.3980579078197479,8.37802791595459,0.050000011920928955,1220750
1,4884,250,1697.0694580078125,6.788277626037598,8.465544700622559,0.050000011920928955,1221000
1,4885,250,-100.4696273803711,-0.4018785059452057,8.652703285217285,0.050000011920928955,1221250
1,4886,250,6.48652458190918,0.02594609744846821,8.554783821105957,0.050000011920928955,1221500
1,4887,250,1664.0751953125,6.6563005447387695,8.325267791748047,0.050000011920928955,1221750
1,4888,250,1545.459716796875,6.1818389892578125,8.028369903564453,0.050000011920928955,1222000
1,4889,250,52.6368522644043,0.21054740250110626,8.867021560668945,0.050000011920928955,1222250
1,4890,250,-45.08100509643555,-0.1803240180015564,8.481985092163086,0.050000011920928955,1222500
1,4891,250,-44.828025817871094,-0.1793121099472046,8.474527359008789,0.050000011920928955,1222750
1,4892,250,1646.7958984375,6.587183475494385,8.60888385772705,0.050000011920928955,1223000
1,4893,250,1844.876220703125,7.379504680633545,9.092878341674805,0.050000011920928955,1223250
1,4894,250,-26.028038024902344,-0.1041121557354927,8.759684562683105,0.050000011920928955,1223500
1,4895,250,-28.03525161743164,-0.11214100569486618,8.682580947875977,0.050000011920928955,1223750
1,4896,250,-41.161231994628906,-0.16464492678642273,8.167805671691895,0.050000011920928955,1224000
1,4897,250,-32.674842834472656,-0.13069936633110046,8.849142074584961,0.050000011920928955,1224250
1,4898,250,-34.41933059692383,-0.13767732679843903,8.390633583068848,0.050000011920928955,1224500
1,4899,250,-26.796030044555664,-0.10718411952257156,8.549921989440918,0.050000011920928955,1224750
1,4900,250,-39.95329666137695,-0.15981318056583405,8.563175201416016,0.050000011920928955,1225000
1,4901,250,-32.962615966796875,-0.131850466132164,9.84798812866211,0.050000011920928955,1225250
1,4902,250,57.71935272216797,0.23087741434574127,9.658974647521973,0.050000011920928955,1225500
1,4903,250,47.160648345947266,0.18864259123802185,9.61048698425293,0.050000011920928955,1225750
1,4904,250,-21.368074417114258,-0.08547230064868927,9.666467666625977,0.050000011920928955,1226000
1,4905,250,1236.9443359375,4.947777271270752,10.57874870300293,0.050000011920928955,1226250
1,4906,250,-65.9558334350586,-0.26382333040237427,10.515727043151855,0.050000011920928955,1226500
1,4907,250,-42.153873443603516,-0.16861549019813538,9.834906578063965,0.050000011920928955,1226750
1,4908,250,-65.10848236083984,-0.26043394207954407,9.850890159606934,0.050000011920928955,1227000
1,4909,250,-46.86714172363281,-0.18746857345104218,10.782081604003906,0.050000011920928955,1227250
1,4910,250,-81.64234924316406,-0.32656940817832947,10.863053321838379,0.050000011920928955,1227500
1,4911,250,-51.492767333984375,-0.20597106218338013,10.316015243530273,0.050000011920928955,1227750
1,4912,250,-25.1292781829834,-0.10051710903644562,10.20177173614502,0.050000011920928955,1228000
1,4913,250,-20.843570709228516,-0.08337428420782089,10.962104797363281,0.050000011920928955,1228250
1,4914,250,-22.14069366455078,-0.08856277167797089,11.090446472167969,0.050000011920928955,1228500
1,4915,250,2.7880735397338867,0.011152294464409351,11.04298210144043,0.050000011920928955,1228750
1,4916,250,-336.8293151855469,-1.3473172187805176,10.944684982299805,0.050000011920928955,1229000
1,4917,250,1570.5245361328125,6.282098293304443,11.817803382873535,0.050000011920928955,1229250
1,4918,250,-492.3829345703125,-1.969531774520874,11.199932098388672,0.050000011920928955,1229500
1,4919,250,-406.20843505859375,-1.6248337030410767,10.899352073669434,0.050000011920928955,1229750
1,4920,250,-70.48613739013672,-0.28194454312324524,10.954546928405762,0.050000011920928955,1230000
1,4921,250,-37.17842483520508,-0.14871369302272797,12.065031051635742,0.050000011920928955,1230250
1,4922,250,-78.24382781982422,-0.31297531723976135,10.842138290405273,0.050000011920928955,1230500
1,4923,250,-108.59911346435547,-0.4343964457511902,10.73651123046875,0.050000011920928955,1230750
1,4924,250,-86.56149291992188,-0.34624597430229187,10.25146198272705,0.050000011920928955,1231000
1,4925,250,-63.896934509277344,-0.25558772683143616,12.022794723510742,0.050000011920928955,1231250
1,4926,250,439.4512634277344,1.7578051090240479,10.576518058776855,0.050000011920928955,1231500
1,4927,250,-42.15994644165039,-0.16863977909088135,10.862530708312988,0.050000011920928955,1231750
1,4928,250,-39.526214599609375,-0.15810485184192657,10.283437728881836,0.050000011920928955,1232000
1,4929,250,-37.11180877685547,-0.14844723045825958,12.119620323181152,0.050000011920928955,1232250
1,4930,250,615.4466552734375,2.4617865085601807,10.760695457458496,0.050000011920928955,1232500
1,4931,250,1062.277587890625,4.249110221862793,11.006102561950684,0.050000011920928955,1232750
1,4932,250,-49.262027740478516,-0.1970481127500534,10.867573738098145,0.050000011920928955,1233000
1,4933,250,-19.68815040588379,-0.07875259965658188,11.790553092956543,0.050000011920928955,1233250
1,4934,250,-45.842689514160156,-0.18337075412273407,11.879755020141602,0.050000011920928955,1233500
1,4935,250,-291.35748291015625,-1.165429949760437,11.544775009155273,0.050000011920928955,1233750
1,4936,250,-54.57870101928711,-0.21831479668617249,11.491026878356934,0.050000011920928955,1234000
1,4937,250,-248.28851318359375,-0.9931540489196777,12.874576568603516,0.050000011920928955,1234250
1,4938,250,197.25059509277344,0.7890023589134216,12.560396194458008,0.050000011920928955,1234500
1,4939,250,-477.1928405761719,-1.9087713956832886,11.889318466186523,0.050000011920928955,1234750
1,4940,250,-387.0398864746094,-1.5481595993041992,11.45248794555664,0.050000011920928955,1235000
1,4941,250,-113.7376708984375,-0.4549506902694702,12.967327117919922,0.050000011920928955,1235250
1,4942,250,-476.3587951660156,-1.9054352045059204,12.355854988098145,0.050000011920928955,1235500
1,4943,250,-477.07965087890625,-1.9083186388015747,11.456918716430664,0.050000011920928955,1235750
1,4944,250,-19.171138763427734,-0.07668455690145493,10.429814338684082,0.050000011920928955,1236000
1,4945,250,-421.40338134765625,-1.6856135129928589,11.97064208984375,0.050000011920928955,1236250
1,4946,250,-199.986328125,-0.7999452948570251,11.102299690246582,0.050000011920928955,1236500
1,4947,250,-13.021696090698242,-0.052086785435676575,10.440605163574219,0.050000011920928955,1236750
1,4948,250,215.36805725097656,0.8614722490310669,10.539374351501465,0.050000011920928955,1237000
1,4949,250,-66.63232421875,-0.26652929186820984,11.749680519104004,0.050000011920928955,1237250
1,4950,250,1027.843017578125,4.111371994018555,10.97256851196289,0.050000011920928955,1237500
1,4951,250,-107.12928771972656,-0.4285171627998352,10.736930847167969,0.050000011920928955,1237750
1,4952,250,-482.5337219238281,-1.930134892463684,10.539976119995117,0.050000011920928955,1238000
1,4953,250,-40.374752044677734,-0.1614990085363388,11.090707778930664,0.050000011920928955,1238250
1,4954,250,-124.99705505371094,-0.49998822808265686,11.078413009643555,0.050000011920928955,1238500
1,4955,250,770.7332153320312,3.082932949066162,10.234891891479492,0.050000011920928955,1238750
1,4956,250,28.886680603027344,0.11554672569036484,10.106637954711914,0.050000011920928955,1239000
1,4957,250,-162.53746032714844,-0.6501498222351074,11.118067741394043,0.050000011920928955,1239250
1,4958,250,-44.64513397216797,-0.17858053743839264,10.479621887207031,0.050000011920928955,1239500
1,4959,250,712.0626831054688,2.8482506275177,10.385421752929688,0.050000011920928955,1239750
1,4960,250,1101.8377685546875,4.407351016998291,10.373586654663086,0.050000011920928955,1240000
1,4961,250,-62.316410064697266,-0.2492656409740448,11.56470012664795,0.050000011920928955,1240250
1,4962,250,-40.069602966308594,-0.16027840971946716,10.494590759277344,0.050000011920928955,1240500
1,4963,250,-28.519556045532227,-0.11407822370529175,10.583625793457031,0.050000011920928955,1240750
1,4964,250,1350.4346923828125,5.40173864364624,10.423909187316895,0.050000011920928955,1241000
1,4965,250,-60.88568115234375,-0.24354273080825806,11.009732246398926,0.050000011920928955,1241250
1,4966,250,-75.13349151611328,-0.3005339801311493,10.823055267333984,0.050000011920928955,1241500
1,4967,250,70.7329330444336,0.28293174505233765,10.343844413757324,0.050000011920928955,1241750
1,4968,250,-34.46181869506836,-0.13784727454185486,10.58864688873291,0.050000011920928955,1242000
1,4969,250,-76.3693618774414,-0.30547744035720825,11.918656349182129,0.050000011920928955,1242250
1,4970,250,281.45697021484375,1.1258279085159302,11.012866020202637,0.050000011920928955,1242500
1,4971,250,490.67864990234375,1.9627145528793335,10.89992904663086,0.050000011920928955,1242750
1,4972,250,-39.86389923095703,-0.15945559740066528,10.969789505004883,0.050000011920928955,1243000
1,4973,250,-130.74305725097656,-0.5229722261428833,12.269129753112793,0.050000011920928955,1243250
1,4974,250,170.7357177734375,0.6829428672790527,11.130738258361816,0.050000011920928955,1243500
1,4975,250,-68.03433990478516,-0.2721373736858368,10.592079162597656,0.050000011920928955,1243750
1,4976,250,-93.25740814208984,-0.3730296194553375,10.5853271484375,0.050000011920928955,1244000
1,4977,250,650.7494506835938,2.6029977798461914,12.325478553771973,0.050000011920928955,1244250
1,4978,250,-44.05966567993164,-0.17623865604400635,12.08720874786377,0.050000011920928955,1244500
1,4979,250,127.7256851196289,0.5109027624130249,11.33084487915039,0.050000011920928955,1244750
1,4980,250,27.795856475830078,0.11118342727422714,11.572334289550781,0.050000011920928955,1245000
1,4981,250,-75.82250213623047,-0.3032900094985962,12.78531551361084,0.050000011920928955,1245250
1,4982,250,143.78187561035156,0.5751274824142456,12.441622734069824,0.050000011920928955,1245500
1,4983,250,137.88717651367188,0.5515487194061279,12.351279258728027,0.050000011920928955,1245750
1,4984,250,-72.71426391601562,-0.2908570468425751,12.269275665283203,0.050000011920928955,1246000
1,4985,250,116.26903533935547,0.46507614850997925,14.688858032226562,0.050000011920928955,1246250
1,4986,250,169.212890625,0.6768515706062317,13.555366516113281,0.050000011920928955,1246500
1,4987,250,257.3551940917969,1.0294207334518433,12.98685073852539,0.050000011920928955,1246750
1,4988,250,85.37869262695312,0.3415147662162781,12.567899703979492,0.050000011920928955,1247000
1,4989,250,139.8582305908203,0.5594329237937927,14.799623489379883,0.050000011920928955,1247250
1,4990,250,199.82130432128906,0.7992852330207825,14.140177726745605,0.050000011920928955,1247500
1,4991,250,159.4663543701172,0.637865424156189,13.804283142089844,0.050000011920928955,1247750
1,4992,250,9.787508964538574,0.03915003687143326,13.535304069519043,0.050000011920928955,1248000
1,4993,250,139.32559204101562,0.5573023557662964,15.554668426513672,0.050000011920928955,1248250
1,4994,250,32.734474182128906,0.13093790411949158,14.417840003967285,0.050000011920928955,1248500
1,4995,250,57.356651306152344,0.22942660748958588,13.863579750061035,0.050000011920928955,1248750
1,4996,250,98.19136047363281,0.39276543259620667,14.01856517791748,0.050000011920928955,1249000
1,4997,250,-78.72173309326172,-0.3148869276046753,15.097651481628418,0.050000011920928955,1249250
1,4998,250,-167.89788818359375,-0.671591579914093,14.593709945678711,0.050000011920928955,1249500
1,4999,250,-133.23365783691406,-0.5329346060752869,13.8196382522583,0.050000011920928955,1249750
1,5000,250,-142.35562133789062,-0.5694224834442139,13.363439559936523,0.050000011920928955,1250000
1,5001,250,-133.57464599609375,-0.5342985987663269,15.470345497131348,0.050000011920928955,1250250
1,5002,250,-150.3665008544922,-0.6014660000801086,14.703303337097168,0.050000011920928955,1250500
1,5003,250,-125.99209594726562,-0.503968358039856,13.929359436035156,0.050000011920928955,1250750
1,5004,250,-157.83839416503906,-0.6313535571098328,13.998111724853516,0.050000011920928955,1251000
1,5005,250,-189.52764892578125,-0.7581105828285217,15.122621536254883,0.050000011920928955,1251250
1,5006,250,-127.5060043334961,-0.5100240111351013,14.915295600891113,0.050000011920928955,1251500
1,5007,250,-145.7950897216797,-0.5831803679466248,13.943042755126953,0.050000011920928955,1251750
1,5008,250,-152.72718811035156,-0.6109087467193604,14.539115905761719,0.050000011920928955,1252000
1,5009,250,-192.5100555419922,-0.7700402140617371,15.833333015441895,0.050000011920928955,1252250
1,5010,250,-157.27847290039062,-0.6291139125823975,14.97105884552002,0.050000011920928955,1252500
1,5011,250,-158.44940185546875,-0.6337975859642029,14.404857635498047,0.050000011920928955,1252750
1,5012,250,-129.4730987548828,-0.5178924202919006,14.228231430053711,0.050000011920928955,1253000
1,5013,250,-150.54150390625,-0.6021659970283508,15.755203247070312,0.050000011920928955,1253250
1,5014,250,-146.46334838867188,-0.5858533978462219,15.059826850891113,0.050000011920928955,1253500
1,5015,250,-121.38086700439453,-0.4855234622955322,14.280220985412598,0.050000011920928955,1253750
1,5016,250,-117.8954849243164,-0.47158193588256836,14.133257865905762,0.050000011920928955,1254000
1,5017,250,-113.93263244628906,-0.45573052763938904,15.061776161193848,0.050000011920928955,1254250
1,5018,250,-115.91981506347656,-0.4636792540550232,14.588916778564453,0.050000011920928955,1254500
1,5019,250,-124.48011016845703,-0.4979204535484314,14.305584907531738,0.050000011920928955,1254750
1,5020,250,-88.90827178955078,-0.35563308000564575,13.647868156433105,0.050000011920928955,1255000
1,5021,250,55.27693557739258,0.22110773622989655,14.720349311828613,0.050000011920928955,1255250
1,5022,250,-103.59529113769531,-0.4143811762332916,13.523262023925781,0.050000011920928955,1255500
1,5023,250,-97.74628448486328,-0.3909851312637329,13.595508575439453,0.050000011920928955,1255750
1,5024,250,-114.46221923828125,-0.4578488767147064,12.901957511901855,0.050000011920928955,1256000
1,5025,250,-53.52311706542969,-0.2140924632549286,13.95607852935791,0.050000011920928955,1256250
1,5026,250,99.68787384033203,0.39875149726867676,13.812829971313477,0.050000011920928955,1256500
1,5027,250,32.705745697021484,0.13082298636436462,12.964754104614258,0.050000011920928955,1256750
1,5028,250,-154.01194763183594,-0.6160477995872498,13.394168853759766,0.050000011920928955,1257000
1,5029,250,-173.9058380126953,-0.6956233382225037,12.941336631774902,0.050000011920928955,1257250
1,5030,250,-25.354557037353516,-0.10141822695732117,12.73984146118164,0.050000011920928955,1257500
1,5031,250,86.15172576904297,0.3446069061756134,12.459892272949219,0.050000011920928955,1257750
1,5032,250,-90.58344268798828,-0.3623337745666504,12.115043640136719,0.050000011920928955,1258000
1,5033,250,-130.06178283691406,-0.5202471017837524,12.269753456115723,0.050000011920928955,1258250
1,5034,250,127.55963897705078,0.510238528251648,11.825630187988281,0.050000011920928955,1258500
1,5035,250,98.35091400146484,0.39340364933013916,11.822633743286133,0.050000011920928955,1258750
1,5036,250,-28.634084701538086,-0.1145363375544548,11.296757698059082,0.050000011920928955,1259000
1,5037,250,-10.794123649597168,-0.04317649453878403,11.443265914916992,0.050000011920928955,1259250
1,5038,250,95.86764526367188,0.3834705948829651,11.371747970581055,0.050000011920928955,1259500
1,5039,250,59.009273529052734,0.23603709042072296,11.31884479522705,0.050000011920928955,1259750
1,5040,250,259.2795104980469,1.0371180772781372,11.746115684509277,0.050000011920928955,1260000
1,5041,250,37.39043045043945,0.14956171810626984,11.261116981506348,0.050000011920928955,1260250
1,5042,250,127.52468872070312,0.5100987553596497,10.981186866760254,0.050000011920928955,1260500
1,5043,250,-15.620491027832031,-0.062481965869665146,11.25381088256836,0.050000011920928955,1260750
1,5044,250,51.59751892089844,0.20639008283615112,10.605559349060059,0.050000011920928955,1261000
1,5045,250,-18.501264572143555,-0.07400505989789963,11.147934913635254,0.050000011920928955,1261250
1,5046,250,-121.77360534667969,-0.4870944321155548,11.142565727233887,0.050000011920928955,1261500
1,5047,250,138.0861053466797,0.5523444414138794,10.877762794494629,0.050000011920928955,1261750
1,5048,250,-44.278831481933594,-0.1771153211593628,10.677136421203613,0.050000011920928955,1262000
1,5049,250,-21.013853073120117,-0.08405540883541107,11.559042930603027,0.050000011920928955,1262250
1,5050,250,-102.42124938964844,-0.4096849858760834,10.794569969177246,0.050000011920928955,1262500
1,5051,250,66.90887451171875,0.2676354944705963,10.659385681152344,0.050000011920928955,1262750
1,5052,250,174.95286560058594,0.6998114585876465,10.657419204711914,0.050000011920928955,1263000
1,5053,250,80.77518463134766,0.323100745677948,11.44180679321289,0.050000011920928955,1263250
1,5054,250,36.22309875488281,0.1448923945426941,11.13321590423584,0.050000011920928955,1263500
1,5055,250,89.04818725585938,0.3561927378177643,10.508874893188477,0.050000011920928955,1263750
1,5056,250,-117.94290161132812,-0.47177159786224365,11.004744529724121,0.050000011920928955,1264000
1,5057,250,299.384765625,1.1975390911102295,11.6787691116333,0.050000011920928955,1264250
1,5058,250,230.6554412841797,0.9226217865943909,11.369648933410645,0.050000011920928955,1264500
1,5059,250,276.993896484375,1.1079756021499634,10.821327209472656,0.050000011920928955,1264750
1,5060,250,121.7245864868164,0.4868983328342438,11.187592506408691,0.050000011920928955,1265000
1,5061,250,923.3836669921875,3.6935346126556396,11.209966659545898,0.050000011920928955,1265250
1,5062,250,447.79608154296875,1.7911843061447144,11.259970664978027,0.050000011920928955,1265500
1,5063,250,943.46533203125,3.7738614082336426,10.835467338562012,0.050000011920928955,1265750
1,5064,250,253.38992309570312,1.0135596990585327,11.194796562194824,0.050000011920928955,1266000
1,5065,250,956.4041748046875,3.8256165981292725,11.132753372192383,0.050000011920928955,1266250
1,5066,250,926.1553344726562,3.7046213150024414,10.950712203979492,0.050000011920928955,1266500
1,5067,250,709.7410278320312,2.8389642238616943,10.425972938537598,0.050000011920928955,1266750
1,5068,250,388.0953063964844,1.5523812770843506,9.959907531738281,0.050000011920928955,1267000
1,5069,250,133.4764404296875,0.5339057445526123,11.52857494354248,0.050000011920928955,1267250
1,5070,250,174.90524291992188,0.6996209621429443,10.79067611694336,0.050000011920928955,1267500
1,5071,250,241.38519287109375,0.9655407667160034,10.874884605407715,0.050000011920928955,1267750
1,5072,250,120.89229583740234,0.4835691750049591,11.334907531738281,0.050000011920928955,1268000
1,5073,250,746.27978515625,2.985119104385376,11.399245262145996,0.050000011920928955,1268250
1,5074,250,142.0458526611328,0.568183422088623,11.198022842407227,0.050000011920928955,1268500
1,5075,250,184.57960510253906,0.7383184432983398,10.915512084960938,0.050000011920928955,1268750
1,5076,250,613.487548828125,2.4539501667022705,10.46558952331543,0.050000011920928955,1269000
1,5077,250,-7.1487908363342285,-0.02859516255557537,11.117757797241211,0.050000011920928955,1269250
1,5078,250,1076.34423828125,4.305377006530762,10.86392879486084,0.050000011920928955,1269500
1,5079,250,1186.33154296875,4.745326042175293,10.593235969543457,0.050000011920928955,1269750
1,5080,250,53.7428092956543,0.21497124433517456,10.487373352050781,0.050000011920928955,1270000
1,5081,250,-15.561038970947266,-0.06224415451288223,11.107954025268555,0.050000011920928955,1270250
1,5082,250,1413.5355224609375,5.654141902923584,10.99978256225586,0.050000011920928955,1270500
1,5083,250,56.3400993347168,0.22536039352416992,10.744041442871094,0.050000011920928955,1270750
1,5084,250,1456.4722900390625,5.8258891105651855,10.491606712341309,0.050000011920928955,1271000
1,5085,250,1472.111083984375,5.888444423675537,11.125531196594238,0.050000011920928955,1271250
1,5086,250,1.066586971282959,0.004266347736120224,10.504295349121094,0.050000011920928955,1271500
1,5087,250,-4.969634056091309,-0.019878536462783813,10.634244918823242,0.050000011920928955,1271750
1,5088,250,-25.496517181396484,-0.10198606550693512,10.768343925476074,0.050000011920928955,1272000
1,5089,250,1405.5460205078125,5.6221842765808105,11.685296058654785,0.050000011920928955,1272250
1,5090,250,-45.3508186340332,-0.1814032793045044,11.864119529724121,0.050000011920928955,1272500
1,5091,250,-71.81739044189453,-0.28726956248283386,11.359006881713867,0.050000011920928955,1272750
1,5092,250,-32.081729888916016,-0.1283269226551056,11.154061317443848,0.050000011920928955,1273000
1,5093,250,-17.138545989990234,-0.06855418533086777,12.156789779663086,0.050000011920928955,1273250
1,5094,250,-84.6714096069336,-0.33868563175201416,11.522669792175293,0.050000011920928955,1273500
1,5095,250,1031.13623046875,4.124545097351074,11.555276870727539,0.050000011920928955,1273750
1,5096,250,1231.6103515625,4.926441192626953,11.644411087036133,0.050000011920928955,1274000
1,5097,250,-117.33027648925781,-0.4693211019039154,12.082670211791992,0.050000011920928955,1274250
1,5098,250,-76.1324234008789,-0.30452969670295715,12.155855178833008,0.050000011920928955,1274500
1,5099,250,891.7998046875,3.567199230194092,11.755188941955566,0.050000011920928955,1274750
1,5100,250,-180.40866088867188,-0.7216346263885498,11.724774360656738,0.050000011920928955,1275000
1,5101,250,1391.701171875,5.566804885864258,12.760594367980957,0.050000011920928955,1275250
1,5102,250,1062.6644287109375,4.250657558441162,12.404114723205566,0.050000011920928955,1275500
1,5103,250,1283.1004638671875,5.132401943206787,11.548070907592773,0.050000011920928955,1275750
1,5104,250,1404.591796875,5.6183671951293945,11.395413398742676,0.050000011920928955,1276000
1,5105,250,-62.914329528808594,-0.25165730714797974,12.335744857788086,0.050000011920928955,1276250
1,5106,250,-76.9672622680664,-0.3078690469264984,12.3056640625,0.050000011920928955,1276500
1,5107,250,885.71337890625,3.542853593826294,12.18184757232666,0.050000011920928955,1276750
1,5108,250,-58.45634460449219,-0.23382538557052612,13.056981086730957,0.050000011920928955,1277000
1,5109,250,1517.010498046875,6.068041801452637,12.532922744750977,0.050000011920928955,1277250
1,5110,250,1061.8038330078125,4.247215270996094,12.221027374267578,0.050000011920928955,1277500
1,5111,250,-102.55387878417969,-0.4102155268192291,11.948469161987305,0.050000011920928955,1277750
1,5112,250,-87.86656951904297,-0.35146626830101013,12.234382629394531,0.050000011920928955,1278000
1,5113,250,577.79248046875,2.3111698627471924,12.633503913879395,0.050000011920928955,1278250
1,5114,250,1097.23095703125,4.388923645019531,12.54365348815918,0.050000011920928955,1278500
1,5115,250,983.9178466796875,3.935671329498291,12.2312593460083,0.050000011920928955,1278750
1,5116,250,-84.77352905273438,-0.3390941023826599,11.979704856872559,0.050000011920928955,1279000
1,5117,250,753.81396484375,3.015255928039551,11.924518585205078,0.050000011920928955,1279250
1,5118,250,816.40283203125,3.265611410140991,12.220125198364258,0.050000011920928955,1279500
1,5119,250,-340.547607421875,-1.3621904850006104,11.510717391967773,0.050000011920928955,1279750
1,5120,250,773.6327514648438,3.0945310592651367,11.478592872619629,0.050000011920928955,1280000
1,5121,250,1187.723388671875,4.750893592834473,12.479205131530762,0.050000011920928955,1280250
1,5122,250,536.1221923828125,2.14448881149292,11.552308082580566,0.050000011920928955,1280500
1,5123,250,579.8372802734375,2.3193490505218506,11.378697395324707,0.050000011920928955,1280750
1,5124,250,625.5335693359375,2.502134323120117,11.365586280822754,0.050000011920928955,1281000
1,5125,250,1009.360107421875,4.037440299987793,11.734329223632812,0.050000011920928955,1281250
1,5126,250,870.1339721679688,3.4805359840393066,11.398833274841309,0.050000011920928955,1281500
1,5127,250,992.60546875,3.97042179107666,11.384994506835938,0.050000011920928955,1281750
1,5128,250,456.7383728027344,1.8269535303115845,10.981053352355957,0.050000011920928955,1282000
1,5129,250,88.20027160644531,0.3528010845184326,10.628000259399414,0.050000011920928955,1282250
1,5130,250,241.20944213867188,0.9648377895355225,10.443509101867676,0.050000011920928955,1282500
1,5131,250,521.1250610351562,2.084500312805176,9.833806991577148,0.050000011920928955,1282750
1,5132,250,712.9928588867188,2.851971387863159,9.918028831481934,0.050000011920928955,1283000
1,5133,250,138.3273162841797,0.5533092617988586,10.563824653625488,0.050000011920928955,1283250
1,5134,250,-165.53866577148438,-0.6621546745300293,10.356318473815918,0.050000011920928955,1283500
1,5135,250,1031.199462890625,4.124797821044922,9.802783012390137,0.050000011920928955,1283750
1,5136,250,418.06121826171875,1.672244906425476,9.64984130859375,0.050000011920928955,1284000
1,5137,250,-135.7755126953125,-0.5431020259857178,9.870744705200195,0.050000011920928955,1284250
1,5138,250,-66.8583755493164,-0.2674334943294525,9.368009567260742,0.050000011920928955,1284500
1,5139,250,475.6798095703125,1.902719259262085,9.019926071166992,0.050000011920928955,1284750
1,5140,250,-207.18206787109375,-0.8287282586097717,8.930835723876953,0.050000011920928955,1285000
1,5141,250,638.6851806640625,2.5547406673431396,9.707016944885254,0.050000011920928955,1285250
1,5142,250,682.2379150390625,2.7289516925811768,9.651318550109863,0.050000011920928955,1285500
1,5143,250,-99.52883911132812,-0.3981153666973114,9.609382629394531,0.050000011920928955,1285750
1,5144,250,-202.48614501953125,-0.8099445700645447,9.605584144592285,0.050000011920928955,1286000
1,5145,250,-179.94163513183594,-0.7197665572166443,10.011125564575195,0.050000011920928955,1286250
1,5146,250,-118.36927032470703,-0.4734770953655243,10.076423645019531,0.050000011920928955,1286500
1,5147,250,951.9978637695312,3.8079915046691895,9.638799667358398,0.050000011920928955,1286750
1,5148,250,290.21673583984375,1.1608669757843018,9.143087387084961,0.050000011920928955,1287000
1,5149,250,817.5545043945312,3.2702181339263916,10.011331558227539,0.050000011920928955,1287250
1,5150,250,571.2928466796875,2.2851712703704834,10.415541648864746,0.050000011920928955,1287500
1,5151,250,343.46905517578125,1.3738762140274048,9.548018455505371,0.050000011920928955,1287750
1,5152,250,310.73309326171875,1.2429323196411133,9.417750358581543,0.050000011920928955,1288000
1,5153,250,813.1875,3.2527499198913574,9.998265266418457,0.050000011920928955,1288250
1,5154,250,1020.5459594726562,4.082183837890625,9.662801742553711,0.050000011920928955,1288500
1,5155,250,-78.9914779663086,-0.3159659206867218,9.020282745361328,0.050000011920928955,1288750
1,5156,250,1051.73779296875,4.206951141357422,9.062286376953125,0.050000011920928955,1289000
1,5157,250,1070.6304931640625,4.282522201538086,9.468545913696289,0.050000011920928955,1289250
1,5158,250,728.8282470703125,2.9153130054473877,8.959480285644531,0.050000011920928955,1289500
1,5159,250,135.2135009765625,0.5408539772033691,8.834817886352539,0.050000011920928955,1289750
1,5160,250,1179.9853515625,4.71994161605835,8.958684921264648,0.050000011920928955,1290000
1,5161,250,390.03118896484375,1.5601247549057007,9.12492847442627,0.050000011920928955,1290250
1,5162,250,1344.3251953125,5.37730073928833,9.339457511901855,0.050000011920928955,1290500
1,5163,250,1105.42626953125,4.42170524597168,9.447851181030273,0.050000011920928955,1290750
1,5164,250,977.4008178710938,3.9096033573150635,8.633634567260742,0.050000011920928955,1291000
1,5165,250,-464.0479431152344,-1.8561917543411255,8.96138858795166,0.050000011920928955,1291250
1,5166,250,170.27142333984375,0.6810857057571411,8.996356010437012,0.050000011920928955,1291500
1,5167,250,1004.8006591796875,4.019202709197998,9.159862518310547,0.050000011920928955,1291750
1,5168,250,1341.591552734375,5.366366386413574,8.320639610290527,0.050000011920928955,1292000
1,5169,250,-457.2382507324219,-1.8289530277252197,8.926021575927734,0.050000011920928955,1292250
1,5170,250,1089.75,4.359000205993652,7.941153526306152,0.050000011920928955,1292500
1,5171,250,-453.6241149902344,-1.8144965171813965,8.440706253051758,0.050000011920928955,1292750
1,5172,250,1132.1988525390625,4.52879524230957,8.124567031860352,0.050000011920928955,1293000
1,5173,250,1293.9677734375,5.175870895385742,8.477028846740723,0.050000011920928955,1293250
1,5174,250,358.0507507324219,1.4322030544281006,8.619823455810547,0.050000011920928955,1293500
1,5175,250,42.6903076171875,0.17076122760772705,8.303993225097656,0.050000011920928955,1293750
1,5176,250,354.3539733886719,1.4174158573150635,8.629033088684082,0.050000011920928955,1294000
1,5177,250,1265.359619140625,5.06143856048584,8.963927268981934,0.050000011920928955,1294250
1,5178,250,117.99264526367188,0.4719705879688263,8.247641563415527,0.050000011920928955,1294500
1,5179,250,-78.00508880615234,-0.31202036142349243,8.750176429748535,0.050000011920928955,1294750
1,5180,250,990.791015625,3.9631640911102295,8.481372833251953,0.050000011920928955,1295000
1,5181,250,-7.128530502319336,-0.02851412259042263,8.712149620056152,0.050000011920928955,1295250
1,5182,250,34.770416259765625,0.139081671833992,8.598966598510742,0.050000011920928955,1295500
1,5183,250,-57.9316520690918,-0.23172660171985626,8.901312828063965,0.050000011920928955,1295750
1,5184,250,-20.651084899902344,-0.08260434120893478,8.540308952331543,0.050000011920928955,1296000
1,5185,250,-31.08077621459961,-0.12432310730218887,9.147095680236816,0.050000011920928955,1296250
1,5186,250,-22.550146102905273,-0.09020058810710907,8.727691650390625,0.050000011920928955,1296500
1,5187,250,1390.84716796875,5.563388824462891,8.586007118225098,0.050000011920928955,1296750
1,5188,250,-20.67072296142578,-0.08268289268016815,9.346000671386719,0.050000011920928955,1297000
1,5189,250,-26.71815299987793,-0.10687261074781418,8.98686695098877,0.050000011920928955,1297250
1,5190,250,-74.61433410644531,-0.2984573245048523,9.727051734924316,0.050000011920928955,1297500
1,5191,250,12.690764427185059,0.05076305940747261,9.400721549987793,0.050000011920928955,1297750
1,5192,250,1637.785400390625,6.551141738891602,9.059170722961426,0.050000011920928955,1298000
1,5193,250,-61.49225997924805,-0.2459690421819687,9.198561668395996,0.050000011920928955,1298250
1,5194,250,-18.59014320373535,-0.07436057180166245,9.268939018249512,0.050000011920928955,1298500
1,5195,250,-45.498451232910156,-0.18199381232261658,9.8470458984375,0.050000011920928955,1298750
1,5196,250,-13.522358894348145,-0.05408943444490433,8.959311485290527,0.050000011920928955,1299000
1,5197,250,6.323823928833008,0.02529529482126236,9.7861967086792,0.050000011920928955,1299250
1,5198,250,-7.90255880355835,-0.03161023557186127,9.274707794189453,0.050000011920928955,1299500
1,5199,250,1545.1263427734375,6.180505275726318,9.448589324951172,0.050000011920928955,1299750
1,5200,250,-14.221444129943848,-0.05688577517867088,9.196229934692383,0.050000011920928955,1300000
1,5201,250,1728.2059326171875,6.912823677062988,9.467934608459473,0.050000011920928955,1300250
1,5202,250,-12.639826774597168,-0.050559308379888535,9.484585762023926,0.050000011920928955,1300500
1,5203,250,-0.9585399627685547,-0.0038341598119586706,9.35387897491455,0.050000011920928955,1300750
1,5204,250,62.456241607666016,0.24982497096061707,9.14784049987793,0.050000011920928955,1301000
1,5205,250,4.123499870300293,0.01649400033056736,9.865357398986816,0.050000011920928955,1301250
1,5206,250,-8.261066436767578,-0.03304426744580269,10.277592658996582,0.050000011920928955,1301500
1,5207,250,33.58563995361328,0.13434256613254547,9.809000015258789,0.050000011920928955,1301750
1,5208,250,-34.329410552978516,-0.13731764256954193,9.896562576293945,0.050000011920928955,1302000
1,5209,250,108.82209014892578,0.43528836965560913,10.557498931884766,0.050000011920928955,1302250
1,5210,250,-16.622377395629883,-0.06648951023817062,10.398855209350586,0.050000011920928955,1302500
1,5211,250,1424.4005126953125,5.697602272033691,10.417884826660156,0.050000011920928955,1302750
1,5212,250,-0.5824481248855591,-0.002329792594537139,10.19497299194336,0.050000011920928955,1303000
1,5213,250,1067.9544677734375,4.271817684173584,10.2941312789917,0.050000011920928955,1303250
1,5214,250,33.80340576171875,0.13521362841129303,10.170225143432617,0.050000011920928955,1303500
1,5215,250,1182.922119140625,4.731688499450684,9.953396797180176,0.050000011920928955,1303750
1,5216,250,1491.09033203125,5.964361190795898,10.319258689880371,0.050000011920928955,1304000
1,5217,250,1508.794921875,6.035179615020752,10.285209655761719,0.050000011920928955,1304250
1,5218,250,1156.6527099609375,4.62661075592041,10.306751251220703,0.050000011920928955,1304500
1,5219,250,1517.7777099609375,6.071110725402832,9.419268608093262,0.050000011920928955,1304750
1,5220,250,57.77461242675781,0.23109844326972961,9.241888046264648,0.050000011920928955,1305000
1,5221,250,4.968013286590576,0.01987205259501934,9.85713005065918,0.050000011920928955,1305250
1,5222,250,-0.5134940147399902,-0.002053976058959961,9.6229248046875,0.050000011920928955,1305500
1,5223,250,1016.3438110351562,4.065375328063965,9.658705711364746,0.050000011920928955,1305750
1,5224,250,1107.130126953125,4.428520679473877,9.523218154907227,0.050000011920928955,1306000
1,5225,250,100.46688842773438,0.4018675684928894,9.486328125,0.050000011920928955,1306250
1,5226,250,540.2203979492188,2.160881519317627,9.5338716506958,0.050000011920928955,1306500
1,5227,250,1010.1312866210938,4.040524959564209,9.360697746276855,0.050000011920928955,1306750
1,5228,250,1122.4703369140625,4.48988151550293,9.358482360839844,0.050000011920928955,1307000
1,5229,250,992.9104614257812,3.971641778945923,9.275757789611816,0.050000011920928955,1307250
1,5230,250,1297.8525390625,5.191410064697266,9.45160961151123,0.050000011920928955,1307500
1,5231,250,157.307373046875,0.6292294859886169,9.23605728149414,0.050000011920928955,1307750
1,5232,250,1213.3316650390625,4.853326797485352,9.057914733886719,0.050000011920928955,1308000
1,5233,250,1101.866943359375,4.407467842102051,9.518885612487793,0.050000011920928955,1308250
1,5234,250,1164.4158935546875,4.657663345336914,9.323895454406738,0.050000011920928955,1308500
1,5235,250,1514.99951171875,6.059998035430908,8.990123748779297,0.050000011920928955,1308750
1,5236,250,1001.228759765625,4.004915237426758,8.808911323547363,0.050000011920928955,1309000
1,5237,250,1036.8363037109375,4.147345066070557,9.716353416442871,0.050000011920928955,1309250
1,5238,250,1471.369873046875,5.88547945022583,9.309915542602539,0.050000011920928955,1309500
1,5239,250,1731.89794921875,6.927591800689697,8.841920852661133,0.050000011920928955,1309750
1,5240,250,1259.2176513671875,5.03687047958374,8.655261039733887,0.050000011920928955,1310000
1,5241,250,1214.055908203125,4.8562235832214355,9.137752532958984,0.050000011920928955,1310250
1,5242,250,1467.9205322265625,5.871682167053223,8.694053649902344,0.050000011920928955,1310500
1,5243,250,1742.567626953125,6.97027063369751,8.486571311950684,0.050000011920928955,1310750
1,5244,250,1624.8253173828125,6.499301433563232,8.57978630065918,0.050000011920928955,1311000
1,5245,250,1607.325439453125,6.429301738739014,8.570623397827148,0.050000011920928955,1311250
1,5246,250,923.9024658203125,3.6956098079681396,8.052937507629395,0.050000011920928955,1311500
1,5247,250,1137.376708984375,4.549506664276123,8.109763145446777,0.050000011920928955,1311750
1,5248,250,1377.375244140625,5.509500980377197,8.240842819213867,0.050000011920928955,1312000
1,5249,250,1632.6412353515625,6.530564785003662,8.060845375061035,0.050000011920928955,1312250
1,5250,250,1754.7567138671875,7.019026756286621,7.9345622062683105,0.050000011920928955,1312500
1,5251,250,1262.742919921875,5.050971508026123,7.774639129638672,0.050000011920928955,1312750
1,5252,250,1221.14794921875,4.884591579437256,7.221066951751709,0.050000011920928955,1313000
1,5253,250,1580.7034912109375,6.322813987731934,7.500892162322998,0.050000011920928955,1313250
1,5254,250,1501.5972900390625,6.006389141082764,7.306117057800293,0.050000011920928955,1313500
1,5255,250,1385.34033203125,5.541361331939697,7.064961910247803,0.050000011920928955,1313750
1,5256,250,1615.8363037109375,6.463345050811768,7.417507648468018,0.050000011920928955,1314000
1,5257,250,1431.708984375,5.72683572769165,7.617611408233643,0.050000011920928955,1314250
1,5258,250,1176.6590576171875,4.706636428833008,7.699728012084961,0.050000011920928955,1314500
1,5259,250,975.966064453125,3.9038641452789307,7.374853610992432,0.050000011920928955,1314750
1,5260,250,1630.989013671875,6.523955821990967,7.398036003112793,0.050000011920928955,1315000
1,5261,250,1099.670654296875,4.398682594299316,7.541567325592041,0.050000011920928955,1315250
1,5262,250,1643.298095703125,6.573192596435547,7.062067985534668,0.050000011920928955,1315500
1,5263,250,882.8024291992188,3.531209707260132,7.019742488861084,0.050000011920928955,1315750
1,5264,250,1653.98876953125,6.615954875946045,6.509767055511475,0.050000011920928955,1316000
1,5265,250,1673.29931640625,6.693197250366211,7.022403717041016,0.050000011920928955,1316250
1,5266,250,1653.245361328125,6.61298131942749,6.556836128234863,0.050000011920928955,1316500
1,5267,250,1677.491943359375,6.709967613220215,6.818958282470703,0.050000011920928955,1316750
1,5268,250,820.68017578125,3.2827208042144775,6.6975789070129395,0.050000011920928955,1317000
1,5269,250,1229.351806640625,4.917407035827637,6.641045093536377,0.050000011920928955,1317250
1,5270,250,1199.369384765625,4.797477722167969,6.608745574951172,0.050000011920928955,1317500
1,5271,250,1363.098388671875,5.452393531799316,6.292760848999023,0.050000011920928955,1317750
1,5272,250,1607.8045654296875,6.431218147277832,6.2260332107543945,0.050000011920928955,1318000
1,5273,250,1585.9617919921875,6.343847274780273,6.379435062408447,0.050000011920928955,1318250
1,5274,250,1665.193115234375,6.660772323608398,6.101690292358398,0.050000011920928955,1318500
1,5275,250,1410.2412109375,5.640964984893799,6.1788411140441895,0.050000011920928955,1318750
1,5276,250,1671.928466796875,6.687714099884033,5.502987384796143,0.050000011920928955,1319000
1,5277,250,1655.841796875,6.6233673095703125,6.190937042236328,0.050000011920928955,1319250
1,5278,250,1600.055419921875,6.400221824645996,5.962418556213379,0.050000011920928955,1319500
1,5279,250,1548.068603515625,6.192274570465088,5.724252700805664,0.050000011920928955,1319750
1,5280,250,1683.956298828125,6.735825061798096,5.525096893310547,0.050000011920928955,1320000
1,5281,250,1534.933349609375,6.13973331451416,5.846584320068359,0.050000011920928955,1320250
1,5282,250,1658.9608154296875,6.635843276977539,5.688981533050537,0.050000011920928955,1320500
1,5283,250,1690.70654296875,6.762825965881348,5.643102169036865,0.050000011920928955,1320750
1,5284,250,1677.827392578125,6.711309432983398,5.504199981689453,0.050000011920928955,1321000
1,5285,250,1523.91845703125,6.09567403793335,5.584144115447998,0.050000011920928955,1321250
1,5286,250,1290.94189453125,5.1637678146362305,5.240194320678711,0.050000011920928955,1321500
1,5287,250,1698.2266845703125,6.792906761169434,4.999881744384766,0.050000011920928955,1321750
1,5288,250,1651.4833984375,6.605933666229248,4.853573799133301,0.050000011920928955,1322000
1,5289,250,1650.9107666015625,6.60364294052124,5.097629547119141,0.050000011920928955,1322250
1,5290,250,1529.6456298828125,6.118582725524902,5.254120349884033,0.050000011920928955,1322500
1,5291,250,1339.646240234375,5.358584880828857,5.103882312774658,0.050000011920928955,1322750
1,5292,250,1484.76171875,5.939046859741211,5.093066692352295,0.050000011920928955,1323000
1,5293,250,1543.34033203125,6.173361301422119,4.960507869720459,0.050000011920928955,1323250
1,5294,250,1455.0506591796875,5.820202827453613,5.288015365600586,0.050000011920928955,1323500
1,5295,250,1500.18115234375,6.000724792480469,4.738862037658691,0.050000011920928955,1323750
1,5296,250,1590.845703125,6.363382816314697,4.752705097198486,0.050000011920928955,1324000
1,5297,250,1637.9771728515625,6.551908493041992,5.045997619628906,0.050000011920928955,1324250
1,5298,250,1388.006103515625,5.5520243644714355,4.853900909423828,0.050000011920928955,1324500
1,5299,250,1453.9395751953125,5.815758228302002,4.713277339935303,0.050000011920928955,1324750
1,5300,250,1626.932861328125,6.5077314376831055,4.493955612182617,0.050000011920928955,1325000
1,5301,250,1614.4683837890625,6.457873344421387,5.119565486907959,0.050000011920928955,1325250
1,5302,250,1774.4140625,7.09765625,4.637054920196533,0.050000011920928955,1325500
1,5303,250,1430.40185546875,5.721607208251953,4.426708221435547,0.050000011920928955,1325750
1,5304,250,1548.6419677734375,6.194567680358887,4.633803844451904,0.050000011920928955,1326000
1,5305,250,1604.2279052734375,6.416911602020264,4.709421157836914,0.050000011920928955,1326250
1,5306,250,1653.34326171875,6.613373279571533,4.76737117767334,0.050000011920928955,1326500
1,5307,250,1671.6314697265625,6.686525821685791,4.632200241088867,0.050000011920928955,1326750
1,5308,250,1613.5677490234375,6.454270839691162,4.869100093841553,0.050000011920928955,1327000
1,5309,250,1486.247802734375,5.944991111755371,4.658732891082764,0.050000011920928955,1327250
1,5310,250,1673.29443359375,6.693177700042725,4.351637840270996,0.050000011920928955,1327500
1,5311,250,1440.981201171875,5.763924598693848,4.3580851554870605,0.050000011920928955,1327750
1,5312,250,1737.6871337890625,6.950748443603516,4.237615585327148,0.050000011920928955,1328000
1,5313,250,1416.8389892578125,5.667356014251709,4.5511674880981445,0.050000011920928955,1328250
1,5314,250,1230.5093994140625,4.922037601470947,4.134778022766113,0.050000011920928955,1328500
1,5315,250,1772.6837158203125,7.090734958648682,4.472487449645996,0.050000011920928955,1328750
1,5316,250,1610.696533203125,6.44278621673584,4.317842483520508,0.050000011920928955,1329000
1,5317,250,1520.119873046875,6.080479621887207,4.6123948097229,0.050000011920928955,1329250
1,5318,250,1644.50341796875,6.578013896942139,4.8406805992126465,0.050000011920928955,1329500
1,5319,250,1633.188232421875,6.532752990722656,4.114925384521484,0.050000011920928955,1329750
1,5320,250,1461.4781494140625,5.845912456512451,3.936547040939331,0.050000011920928955,1330000
1,5321,250,1642.716064453125,6.570864200592041,4.363044738769531,0.050000011920928955,1330250
1,5322,250,1646.0582275390625,6.584232807159424,3.992703914642334,0.050000011920928955,1330500
1,5323,250,1436.4306640625,5.745722770690918,4.257279396057129,0.050000011920928955,1330750
1,5324,250,1333.7041015625,5.3348164558410645,4.139827251434326,0.050000011920928955,1331000
1,5325,250,1252.267333984375,5.009069442749023,4.44723653793335,0.050000011920928955,1331250
1,5326,250,1469.056640625,5.876226425170898,4.512057304382324,0.050000011920928955,1331500
1,5327,250,1258.9456787109375,5.035782814025879,3.8653781414031982,0.050000011920928955,1331750
1,5328,250,1680.26708984375,6.721068382263184,4.1564459800720215,0.050000011920928955,1332000
1,5329,250,1678.208740234375,6.71283483505249,4.470672607421875,0.050000011920928955,1332250
1,5330,250,1789.702392578125,7.158809661865234,4.307170867919922,0.050000011920928955,1332500
1,5331,250,1848.1573486328125,7.392629623413086,4.018905162811279,0.050000011920928955,1332750
1,5332,250,1705.53759765625,6.822150230407715,4.1472296714782715,0.050000011920928955,1333000
1,5333,250,1255.77587890625,5.023103713989258,4.283583641052246,0.050000011920928955,1333250
1,5334,250,1113.633056640625,4.454532146453857,4.327676773071289,0.050000011920928955,1333500
1,5335,250,1692.17626953125,6.768704891204834,4.324199199676514,0.050000011920928955,1333750
1,5336,250,1654.7760009765625,6.619103908538818,4.404306411743164,0.050000011920928955,1334000
1,5337,250,1629.7943115234375,6.519177436828613,4.181345462799072,0.050000011920928955,1334250
1,5338,250,1790.1033935546875,7.16041374206543,4.086721897125244,0.050000011920928955,1334500
1,5339,250,1617.107666015625,6.468430519104004,4.1165361404418945,0.050000011920928955,1334750
1,5340,250,1416.446044921875,5.6657843589782715,4.129414081573486,0.050000011920928955,1335000
1,5341,250,1528.134521484375,6.112537860870361,4.175022602081299,0.050000011920928955,1335250
1,5342,250,1748.582275390625,6.99432897567749,4.110124588012695,0.050000011920928955,1335500
1,5343,250,1591.11962890625,6.364478588104248,4.273459434509277,0.050000011920928955,1335750
1,5344,250,79.2767562866211,0.31710702180862427,4.179315090179443,0.050000011920928955,1336000
1,5345,250,1756.5286865234375,7.0261149406433105,4.484196186065674,0.050000011920928955,1336250
1,5346,250,1858.553955078125,7.434216022491455,4.471206188201904,0.050000011920928955,1336500
1,5347,250,1713.3997802734375,6.8535990715026855,4.228557586669922,0.050000011920928955,1336750
1,5348,250,1546.5048828125,6.186019420623779,4.319491386413574,0.050000011920928955,1337000
1,5349,250,1734.351318359375,6.937405109405518,4.513841152191162,0.050000011920928955,1337250
1,5350,250,1630.83349609375,6.52333402633667,4.469972133636475,0.050000011920928955,1337500
1,5351,250,1450.3253173828125,5.8013014793396,4.485874652862549,0.050000011920928955,1337750
1,5352,250,1452.545166015625,5.8101806640625,4.473490238189697,0.050000011920928955,1338000
1,5353,250,1388.389404296875,5.553557395935059,4.892092227935791,0.050000011920928955,1338250
1,5354,250,1659.6685791015625,6.638674259185791,4.611886024475098,0.050000011920928955,1338500
1,5355,250,985.162841796875,3.9406514167785645,4.484826564788818,0.050000011920928955,1338750
1,5356,250,1.2426384687423706,0.004970553796738386,5.028414726257324,0.050000011920928955,1339000
1,5357,250,76.37360382080078,0.30549442768096924,5.3564581871032715,0.050000011920928955,1339250
1,5358,250,1518.4169921875,6.073668003082275,5.613123893737793,0.050000011920928955,1339500
1,5359,250,1360.3424072265625,5.441369533538818,5.507084369659424,0.050000011920928955,1339750
1,5360,250,1524.7042236328125,6.098816871643066,5.596865177154541,0.050000011920928955,1340000
1,5361,250,1605.970458984375,6.423882007598877,5.484113693237305,0.050000011920928955,1340250
1,5362,250,1390.7486572265625,5.562994480133057,5.62158727645874,0.050000011920928955,1340500
1,5363,250,1509.354736328125,6.037418842315674,5.581459999084473,0.050000011920928955,1340750
1,5364,250,1488.34375,5.953374862670898,5.199514865875244,0.050000011920928955,1341000
1,5365,250,1388.1190185546875,5.552475929260254,5.744579792022705,0.050000011920928955,1341250
1,5366,250,-46.33102798461914,-0.18532411754131317,5.255798816680908,0.050000011920928955,1341500
1,5367,250,1051.376953125,4.205507755279541,5.6974263191223145,0.050000011920928955,1341750
1,5368,250,1045.167724609375,4.180670738220215,6.106526851654053,0.050000011920928955,1342000
1,5369,250,1340.7890625,5.363156318664551,6.332700252532959,0.050000011920928955,1342250
1,5370,250,1517.271728515625,6.069087028503418,6.183292865753174,0.050000011920928955,1342500
1,5371,250,1300.27490234375,5.201099395751953,6.030861854553223,0.050000011920928955,1342750
1,5372,250,765.0965576171875,3.0603861808776855,6.178249359130859,0.050000011920928955,1343000
1,5373,250,710.9483032226562,2.8437931537628174,6.404250144958496,0.050000011920928955,1343250
1,5374,250,969.8439331054688,3.879375696182251,6.739085674285889,0.050000011920928955,1343500
1,5375,250,1488.1688232421875,5.9526753425598145,6.526078701019287,0.050000011920928955,1343750
1,5376,250,1294.9915771484375,5.179966449737549,6.405301094055176,0.050000011920928955,1344000
1,5377,250,901.7821044921875,3.607128381729126,6.747675895690918,0.050000011920928955,1344250
1,5378,250,810.5987548828125,3.2423949241638184,6.883118152618408,0.050000011920928955,1344500
1,5379,250,1343.19482421875,5.372779369354248,6.991300582885742,0.050000011920928955,1344750
1,5380,250,1448.0546875,5.7922186851501465,6.621456623077393,0.050000011920928955,1345000
1,5381,250,1544.6484375,6.178593635559082,6.7570624351501465,0.050000011920928955,1345250
1,5382,250,1463.9278564453125,5.855711460113525,6.810191631317139,0.050000011920928955,1345500
1,5383,250,1243.759521484375,4.975038051605225,6.955633640289307,0.050000011920928955,1345750
1,5384,250,1636.800537109375,6.547202110290527,6.56670618057251,0.050000011920928955,1346000
1,5385,250,1525.356689453125,6.101426601409912,6.943925857543945,0.050000011920928955,1346250
1,5386,250,1741.3975830078125,6.965590476989746,6.721853733062744,0.050000011920928955,1346500
1,5387,250,1254.810791015625,5.019243240356445,6.425334453582764,0.050000011920928955,1346750
1,5388,250,1405.8282470703125,5.623312950134277,6.442263603210449,0.050000011920928955,1347000
1,5389,250,1497.1827392578125,5.9887309074401855,7.026212215423584,0.050000011920928955,1347250
1,5390,250,1677.41650390625,6.7096662521362305,6.473183631896973,0.050000011920928955,1347500
1,5391,250,1863.660888671875,7.454643726348877,6.381557941436768,0.050000011920928955,1347750
1,5392,250,1859.6649169921875,7.43865966796875,6.457480430603027,0.050000011920928955,1348000
1,5393,250,1741.6925048828125,6.966770172119141,6.417387962341309,0.050000011920928955,1348250
1,5394,250,1633.168701171875,6.532674789428711,6.478420734405518,0.050000011920928955,1348500
1,5395,250,1689.4310302734375,6.757724285125732,6.388335704803467,0.050000011920928955,1348750
1,5396,250,1435.81787109375,5.743271350860596,5.797976970672607,0.050000011920928955,1349000
1,5397,250,1762.7220458984375,7.0508880615234375,5.609134674072266,0.050000011920928955,1349250
1,5398,250,1843.3720703125,7.373488426208496,5.223403453826904,0.050000011920928955,1349500
1,5399,250,1723.9805908203125,6.8959221839904785,4.821527481079102,0.050000011920928955,1349750
1,5400,250,1668.30126953125,6.6732048988342285,5.240667343139648,0.050000011920928955,1350000
1,5401,250,1723.588134765625,6.894352436065674,5.188672065734863,0.050000011920928955,1350250
1,5402,250,1715.0057373046875,6.860023021697998,4.837436676025391,0.050000011920928955,1350500
1,5403,250,1745.689208984375,6.982756614685059,4.41255521774292,0.050000011920928955,1350750
1,5404,250,1742.2601318359375,6.969040393829346,4.643606662750244,0.050000011920928955,1351000
1,5405,250,1385.078857421875,5.540315628051758,4.558841228485107,0.050000011920928955,1351250
1,5406,250,1691.26708984375,6.765068531036377,4.440292835235596,0.050000011920928955,1351500
1,5407,250,1395.5908203125,5.582363128662109,4.366617679595947,0.050000011920928955,1351750
1,5408,250,1842.900146484375,7.37160062789917,3.91798734664917,0.050000011920928955,1352000
1,5409,250,1850.6964111328125,7.402785778045654,4.237484455108643,0.050000011920928955,1352250
1,5410,250,1881.8160400390625,7.52726411819458,3.5254428386688232,0.050000011920928955,1352500
1,5411,250,1765.1884765625,7.06075382232666,3.911461114883423,0.050000011920928955,1352750
1,5412,250,1796.07958984375,7.184318542480469,3.394240140914917,0.050000011920928955,1353000
1,5413,250,1755.5828857421875,7.022331714630127,3.543077230453491,0.050000011920928955,1353250
1,5414,250,1710.1556396484375,6.840622425079346,3.5425472259521484,0.050000011920928955,1353500
1,5415,250,1787.0390625,7.14815616607666,3.281357765197754,0.050000011920928955,1353750
1,5416,250,22.006935119628906,0.08802773803472519,3.3053019046783447,0.050000011920928955,1354000
1,5417,250,1806.02734375,7.224109172821045,3.454789400100708,0.050000011920928955,1354250
1,5418,250,1796.9503173828125,7.187801361083984,3.4263157844543457,0.050000011920928955,1354500
1,5419,250,1782.47412109375,7.129896640777588,3.1701059341430664,0.050000011920928955,1354750
1,5420,250,1876.776123046875,7.507104396820068,3.1733365058898926,0.050000011920928955,1355000
1,5421,250,1811.1099853515625,7.244440078735352,3.3474442958831787,0.050000011920928955,1355250
1,5422,250,1731.3619384765625,6.925447940826416,3.180593252182007,0.050000011920928955,1355500
1,5423,250,1794.8621826171875,7.17944860458374,3.1544148921966553,0.050000011920928955,1355750
1,5424,250,1848.2353515625,7.392941474914551,3.112886428833008,0.050000011920928955,1356000
1,5425,250,1858.764892578125,7.435059547424316,3.0416548252105713,0.050000011920928955,1356250
1,5426,250,1518.51416015625,6.074056625366211,3.2829537391662598,0.050000011920928955,1356500
1,5427,250,1865.8126220703125,7.463250637054443,3.1501643657684326,0.050000011920928955,1356750
1,5428,250,1713.16162109375,6.852646350860596,3.229543447494507,0.050000011920928955,1357000
1,5429,250,1521.962890625,6.087851524353027,3.4708094596862793,0.050000011920928955,1357250
1,5430,250,1737.344970703125,6.949379920959473,3.3252646923065186,0.050000011920928955,1357500
1,5431,250,1741.0904541015625,6.964361667633057,3.1541993618011475,0.050000011920928955,1357750
1,5432,250,1882.50341796875,7.530013561248779,3.3451755046844482,0.050000011920928955,1358000
1,5433,250,1844.987060546875,7.379948139190674,3.624342918395996,0.050000011920928955,1358250
1,5434,250,1890.6441650390625,7.562576770782471,3.2668910026550293,0.050000011920928955,1358500
1,5435,250,1506.999267578125,6.027997016906738,3.393632650375366,0.050000011920928955,1358750
1,5436,250,1744.7857666015625,6.979143142700195,3.224724292755127,0.050000011920928955,1359000
1,5437,250,1478.9658203125,5.915863513946533,3.6232707500457764,0.050000011920928955,1359250
1,5438,250,1763.8453369140625,7.0553812980651855,3.252967357635498,0.050000011920928955,1359500
1,5439,250,1740.1241455078125,6.960496425628662,3.404836416244507,0.050000011920928955,1359750
1,5440,250,1545.763916015625,6.183055877685547,3.2461650371551514,0.050000011920928955,1360000
1,5441,250,1457.5543212890625,5.830217361450195,3.4739670753479004,0.050000011920928955,1360250
1,5442,250,1735.271484375,6.9410858154296875,3.4367167949676514,0.050000011920928955,1360500
1,5443,250,898.3349609375,3.5933399200439453,3.5635855197906494,0.050000011920928955,1360750
1,5444,250,1709.8084716796875,6.839233875274658,3.674889087677002,0.050000011920928955,1361000
1,5445,250,1176.6978759765625,4.706791400909424,3.6587977409362793,0.050000011920928955,1361250
1,5446,250,1776.9024658203125,7.107609748840332,3.8595757484436035,0.050000011920928955,1361500
1,5447,250,1882.556640625,7.530226707458496,3.624030113220215,0.050000011920928955,1361750
1,5448,250,1566.554443359375,6.2662177085876465,3.726241111755371,0.050000011920928955,1362000
1,5449,250,1740.1300048828125,6.960519790649414,3.931877851486206,0.050000011920928955,1362250
1,5450,250,1806.1475830078125,7.224590301513672,3.668428659439087,0.050000011920928955,1362500
1,5451,250,1600.8978271484375,6.403591156005859,3.776934862136841,0.050000011920928955,1362750
1,5452,250,14.74453353881836,0.0589781329035759,3.8634586334228516,0.050000011920928955,1363000
1,5453,250,1546.159912109375,6.1846394538879395,4.4568891525268555,0.050000011920928955,1363250
1,5454,250,1729.2757568359375,6.917102813720703,4.391985893249512,0.050000011920928955,1363500
1,5455,250,1601.4501953125,6.405800819396973,4.52225399017334,0.050000011920928955,1363750
1,5456,250,1183.2210693359375,4.732884407043457,4.554642200469971,0.050000011920928955,1364000
1,5457,250,1746.0936279296875,6.984374523162842,4.150415420532227,0.050000011920928955,1364250
1,5458,250,1872.17236328125,7.488689422607422,3.897141456604004,0.050000011920928955,1364500
1,5459,250,1824.205322265625,7.296821117401123,4.119644641876221,0.050000011920928955,1364750
1,5460,250,1770.9052734375,7.083621025085449,4.18772554397583,0.050000011920928955,1365000
1,5461,250,1724.7177734375,6.898870944976807,4.1351237297058105,0.050000011920928955,1365250
1,5462,250,1789.295654296875,7.157182693481445,4.27709436416626,0.050000011920928955,1365500
1,5463,250,1623.6571044921875,6.494628429412842,4.173977375030518,0.050000011920928955,1365750
1,5464,250,1758.90771484375,7.035630702972412,3.9930672645568848,0.050000011920928955,1366000
1,5465,250,1719.880859375,6.879523277282715,4.652648448944092,0.050000011920928955,1366250
1,5466,250,19.154911041259766,0.07661964744329453,4.189418315887451,0.050000011920928955,1366500
1,5467,250,1226.698486328125,4.90679407119751,4.6343512535095215,0.050000011920928955,1366750
1,5468,250,1724.18212890625,6.896728515625,4.431711196899414,0.050000011920928955,1367000
1,5469,250,1545.40478515625,6.181619167327881,4.6550493240356445,0.050000011920928955,1367250
1,5470,250,6.6519246101379395,0.02660769782960415,5.072146892547607,0.050000011920928955,1367500
1,5471,250,1652.622314453125,6.610489368438721,4.834147930145264,0.050000011920928955,1367750
1,5472,250,1288.6478271484375,5.154591083526611,5.020280838012695,0.050000011920928955,1368000
1,5473,250,1676.8084716796875,6.707233905792236,5.068088054656982,0.050000011920928955,1368250
1,5474,250,1952.538818359375,7.810155391693115,5.315009117126465,0.050000011920928955,1368500
1,5475,250,1184.7076416015625,4.73883056640625,5.037328720092773,0.050000011920928955,1368750
1,5476,250,600.2503662109375,2.401001453399658,5.369604110717773,0.050000011920928955,1369000
1,5477,250,1249.86376953125,4.999454975128174,5.7855143547058105,0.050000011920928955,1369250
1,5478,250,1737.164794921875,6.9486589431762695,5.6484150886535645,0.050000011920928955,1369500
1,5479,250,828.479248046875,3.3139169216156006,5.70200252532959,0.050000011920928955,1369750
1,5480,250,1885.0340576171875,7.540136337280273,5.43818473815918,0.050000011920928955,1370000
1,5481,250,699.553955078125,2.798215866088867,5.803451061248779,0.050000011920928955,1370250
1,5482,250,1728.447509765625,6.913790225982666,5.745443820953369,0.050000011920928955,1370500
1,5483,250,1702.8963623046875,6.811585426330566,5.875709533691406,0.050000011920928955,1370750
1,5484,250,1330.4647216796875,5.321858882904053,5.482692241668701,0.050000011920928955,1371000
1,5485,250,1470.47705078125,5.881908416748047,5.69366979598999,0.050000011920928955,1371250
1,5486,250,1718.9180908203125,6.875672340393066,5.235589981079102,0.050000011920928955,1371500
1,5487,250,1459.991455078125,5.8399658203125,5.376641273498535,0.050000011920928955,1371750
1,5488,250,1731.62890625,6.926515579223633,5.856493949890137,0.050000011920928955,1372000
1,5489,250,1258.0537109375,5.032214641571045,5.755297660827637,0.050000011920928955,1372250
1,5490,250,1765.3121337890625,7.061248302459717,5.2913336753845215,0.050000011920928955,1372500
1,5491,250,712.4789428710938,2.8499157428741455,5.863249778747559,0.050000011920928955,1372750
1,5492,250,1854.32177734375,7.4172868728637695,5.649283409118652,0.050000011920928955,1373000
1,5493,250,1417.511474609375,5.670045852661133,5.234778881072998,0.050000011920928955,1373250
1,5494,250,741.2857666015625,2.9651429653167725,5.311812877655029,0.050000011920928955,1373500
1,5495,250,276.10699462890625,1.1044279336929321,5.541530609130859,0.050000011920928955,1373750
1,5496,250,1744.8067626953125,6.979227066040039,5.828762054443359,0.050000011920928955,1374000
1,5497,250,1199.821044921875,4.799283981323242,5.884727954864502,0.050000011920928955,1374250
1,5498,250,1652.765869140625,6.611063480377197,5.990626335144043,0.050000011920928955,1374500
1,5499,250,1713.5537109375,6.854214668273926,5.91194486618042,0.050000011920928955,1374750
1,5500,250,1704.947021484375,6.819787979125977,5.769495487213135,0.050000011920928955,1375000
1,5501,250,426.37200927734375,1.7054880857467651,5.894815921783447,0.050000011920928955,1375250
1,5502,250,1675.913818359375,6.703655242919922,5.889585494995117,0.050000011920928955,1375500
1,5503,250,1785.498779296875,7.141994953155518,6.108691692352295,0.050000011920928955,1375750
1,5504,250,1778.4984130859375,7.1139936447143555,5.946928024291992,0.050000011920928955,1376000
1,5505,250,1826.11962890625,7.304478645324707,6.0713114738464355,0.050000011920928955,1376250
1,5506,250,1277.648193359375,5.110592842102051,6.002796173095703,0.050000011920928955,1376500
1,5507,250,1199.344970703125,4.797379970550537,5.502170562744141,0.050000011920928955,1376750
1,5508,250,1695.79931640625,6.783197402954102,5.918027877807617,0.050000011920928955,1377000
1,5509,250,50.87886047363281,0.2035154402256012,5.566849231719971,0.050000011920928955,1377250
1,5510,250,1277.606201171875,5.110424995422363,5.7146830558776855,0.050000011920928955,1377500
1,5511,250,46.64618682861328,0.1865847408771515,5.437264919281006,0.050000011920928955,1377750
1,5512,250,1656.8348388671875,6.6273393630981445,5.6453447341918945,0.050000011920928955,1378000
1,5513,250,1309.705078125,5.2388200759887695,6.234848499298096,0.050000011920928955,1378250
1,5514,250,1395.5938720703125,5.582375526428223,5.83017635345459,0.050000011920928955,1378500
1,5515,250,1728.9119873046875,6.915647983551025,6.204103469848633,0.050000011920928955,1378750
1,5516,250,1696.32861328125,6.785314559936523,5.926264762878418,0.050000011920928955,1379000
1,5517,250,1239.173583984375,4.95669412612915,6.151856899261475,0.050000011920928955,1379250
1,5518,250,1548.567626953125,6.194270610809326,5.977323532104492,0.050000011920928955,1379500
1,5519,250,1202.1064453125,4.8084259033203125,5.645783424377441,0.050000011920928955,1379750
1,5520,250,1619.2586669921875,6.477034568786621,5.574107646942139,0.050000011920928955,1380000
1,5521,250,45.98520278930664,0.1839408129453659,5.836203575134277,0.050000011920928955,1380250
1,5522,250,1337.1044921875,5.34841775894165,6.0337347984313965,0.050000011920928955,1380500
1,5523,250,1738.794677734375,6.955178737640381,6.126217365264893,0.050000011920928955,1380750
1,5524,250,1698.732421875,6.794929504394531,5.633047103881836,0.050000011920928955,1381000
1,5525,250,1535.8765869140625,6.1435065269470215,5.79779052734375,0.050000011920928955,1381250
1,5526,250,1716.56396484375,6.866255760192871,6.123825550079346,0.050000011920928955,1381500
1,5527,250,1755.12646484375,7.020505905151367,6.002407073974609,0.050000011920928955,1381750
1,5528,250,14.751335144042969,0.05900534242391586,5.446971893310547,0.050000011920928955,1382000
1,5529,250,1808.072509765625,7.232290267944336,6.231413841247559,0.050000011920928955,1382250
1,5530,250,1905.493896484375,7.621975421905518,5.751248359680176,0.050000011920928955,1382500
1,5531,250,78.1412582397461,0.31256502866744995,6.360658645629883,0.050000011920928955,1382750
1,5532,250,43.64964294433594,0.1745985746383667,6.498680591583252,0.050000011920928955,1383000
1,5533,250,1803.164794921875,7.2126593589782715,6.387966156005859,0.050000011920928955,1383250
1,5534,250,1645.2523193359375,6.581009387969971,6.593989372253418,0.050000011920928955,1383500
1,5535,250,1708.312255859375,6.833249092102051,6.127192497253418,0.050000011920928955,1383750
1,5536,250,1722.6533203125,6.890613079071045,5.7283525466918945,0.050000011920928955,1384000
1,5537,250,77.40226745605469,0.309609055519104,6.187640190124512,0.050000011920928955,1384250
1,5538,250,1792.798583984375,7.171194553375244,6.218569278717041,0.050000011920928955,1384500
1,5539,250,1710.1219482421875,6.840487957000732,6.079768180847168,0.050000011920928955,1384750
1,5540,250,1723.83984375,6.895359516143799,5.8288092613220215,0.050000011920928955,1385000
1,5541,250,1549.270751953125,6.197082996368408,6.039889812469482,0.050000011920928955,1385250
1,5542,250,1733.80419921875,6.935216903686523,5.784651279449463,0.050000011920928955,1385500
1,5543,250,1713.0440673828125,6.852176189422607,5.771561622619629,0.050000011920928955,1385750
1,5544,250,1722.0670166015625,6.888267993927002,5.887348651885986,0.050000011920928955,1386000
1,5545,250,-17.142120361328125,-0.06856848299503326,6.7090744972229,0.050000011920928955,1386250
1,5546,250,-20.469858169555664,-0.08187942951917648,6.306018352508545,0.050000011920928955,1386500
1,5547,250,-1.6348297595977783,-0.006539319176226854,6.761821746826172,0.050000011920928955,1386750
1,5548,250,-20.086393356323242,-0.08034557104110718,6.569550037384033,0.050000011920928955,1387000
1,5549,250,-36.4948844909668,-0.14597953855991364,6.737508773803711,0.050000011920928955,1387250
1,5550,250,1679.3211669921875,6.717284679412842,7.064626216888428,0.050000011920928955,1387500
1,5551,250,1666.4454345703125,6.6657819747924805,6.843673229217529,0.050000011920928955,1387750
1,5552,250,1719.9715576171875,6.879886150360107,6.950388431549072,0.050000011920928955,1388000
1,5553,250,1744.42578125,6.977703094482422,7.056282997131348,0.050000011920928955,1388250
1,5554,250,1437.484130859375,5.749936580657959,6.925721645355225,0.050000011920928955,1388500
1,5555,250,1735.73681640625,6.9429473876953125,6.788240909576416,0.050000011920928955,1388750
1,5556,250,1887.101806640625,7.548407077789307,6.729114055633545,0.050000011920928955,1389000
1,5557,250,1723.4423828125,6.89376974105835,6.918562889099121,0.050000011920928955,1389250
1,5558,250,-50.983394622802734,-0.20393358170986176,6.529807090759277,0.050000011920928955,1389500
1,5559,250,-17.15513801574707,-0.06862055510282516,6.579155921936035,0.050000011920928955,1389750
1,5560,250,1739.800537109375,6.959202289581299,6.997267246246338,0.050000011920928955,1390000
1,5561,250,-44.43124771118164,-0.17772498726844788,6.928890228271484,0.050000011920928955,1390250
1,5562,250,1763.4725341796875,7.053890228271484,6.98345422744751,0.050000011920928955,1390500
1,5563,250,-1.8249253034591675,-0.00729970121756196,7.016698837280273,0.050000011920928955,1390750
1,5564,250,1728.239013671875,6.912956237792969,6.594034671783447,0.050000011920928955,1391000
1,5565,250,-11.527206420898438,-0.046108826994895935,7.249206066131592,0.050000011920928955,1391250
1,5566,250,1762.248291015625,7.048993110656738,7.192111492156982,0.050000011920928955,1391500
1,5567,250,-21.120859146118164,-0.08448343724012375,7.970978736877441,0.050000011920928955,1391750
1,5568,250,1719.7684326171875,6.879073619842529,6.74439001083374,0.050000011920928955,1392000
1,5569,250,1812.49560546875,7.2499823570251465,7.578057289123535,0.050000011920928955,1392250
1,5570,250,1793.363037109375,7.173452377319336,7.055800437927246,0.050000011920928955,1392500
1,5571,250,28.562036514282227,0.11424814909696579,7.6078972816467285,0.050000011920928955,1392750
1,5572,250,1767.7222900390625,7.070888996124268,7.030857563018799,0.050000011920928955,1393000
1,5573,250,1783.042236328125,7.132168769836426,6.705063343048096,0.050000011920928955,1393250
1,5574,250,1709.8433837890625,6.839373588562012,6.5794196128845215,0.050000011920928955,1393500
1,5575,250,1913.362548828125,7.653450012207031,6.512387275695801,0.050000011920928955,1393750
1,5576,250,17.261821746826172,0.06904728710651398,6.40706205368042,0.050000011920928955,1394000
1,5577,250,1709.064697265625,6.836258888244629,6.847187519073486,0.050000011920928955,1394250
1,5578,250,-12.074070930480957,-0.048296283930540085,6.44271183013916,0.050000011920928955,1394500
1,5579,250,1686.12451171875,6.744498252868652,6.754939079284668,0.050000011920928955,1394750
1,5580,250,1780.672607421875,7.122690200805664,6.3118414878845215,0.050000011920928955,1395000
1,5581,250,1908.2008056640625,7.632803440093994,6.604679584503174,0.050000011920928955,1395250
1,5582,250,1902.97216796875,7.611888885498047,6.106080532073975,0.050000011920928955,1395500
1,5583,250,1711.037841796875,6.844151496887207,5.963944435119629,0.050000011920928955,1395750
1,5584,250,1675.80078125,6.703203201293945,6.142120361328125,0.050000011920928955,1396000
1,5585,250,1754.0386962890625,7.016154766082764,6.055848598480225,0.050000011920928955,1396250
1,5586,250,1771.969482421875,7.0878777503967285,5.655823230743408,0.050000011920928955,1396500
1,5587,250,1546.790771484375,6.18716287612915,5.255439281463623,0.050000011920928955,1396750
1,5588,250,1701.184814453125,6.804739475250244,4.767504692077637,0.050000011920928955,1397000
1,5589,250,1663.4381103515625,6.653752326965332,5.045736789703369,0.050000011920928955,1397250
1,5590,250,1767.2099609375,7.068840026855469,4.9141693115234375,0.050000011920928955,1397500
1,5591,250,1700.318115234375,6.801272392272949,5.186458587646484,0.050000011920928955,1397750
1,5592,250,1589.567626953125,6.358270645141602,4.610912799835205,0.050000011920928955,1398000
1,5593,250,1800.9102783203125,7.203640937805176,4.808728218078613,0.050000011920928955,1398250
1,5594,250,1665.309326171875,6.6612372398376465,4.831688404083252,0.050000011920928955,1398500
1,5595,250,1711.78564453125,6.847142696380615,4.4813313484191895,0.050000011920928955,1398750
1,5596,250,1782.2994384765625,7.129197597503662,4.696229457855225,0.050000011920928955,1399000
1,5597,250,1736.2506103515625,6.945002555847168,4.314528465270996,0.050000011920928955,1399250
1,5598,250,1703.7794189453125,6.815117835998535,4.268553256988525,0.050000011920928955,1399500
1,5599,250,1642.8226318359375,6.571290493011475,4.342775821685791,0.050000011920928955,1399750
1,5600,250,1697.2520751953125,6.789008140563965,4.1579203605651855,0.050000011920928955,1400000
1,5601,250,1654.3817138671875,6.617527008056641,4.008569240570068,0.050000011920928955,1400250
1,5602,250,1741.025634765625,6.964102745056152,4.135120391845703,0.050000011920928955,1400500
1,5603,250,1643.0543212890625,6.5722174644470215,3.8357362747192383,0.050000011920928955,1400750
1,5604,250,1807.3775634765625,7.229510307312012,4.016012191772461,0.050000011920928955,1401000
1,5605,250,1688.1943359375,6.752777576446533,4.149838447570801,0.050000011920928955,1401250
1,5606,250,1724.162353515625,6.896649360656738,3.8234434127807617,0.050000011920928955,1401500
1,5607,250,1898.069580078125,7.592278480529785,4.114288330078125,0.050000011920928955,1401750
1,5608,250,1724.192138671875,6.896768569946289,3.7219345569610596,0.050000011920928955,1402000
1,5609,250,1833.6297607421875,7.334518909454346,3.693166971206665,0.050000011920928955,1402250
1,5610,250,1667.930419921875,6.671721458435059,3.7011520862579346,0.050000011920928955,1402500
1,5611,250,1498.6900634765625,5.994760036468506,3.429976463317871,0.050000011920928955,1402750
1,5612,250,1679.49365234375,6.717974662780762,3.6425185203552246,0.050000011920928955,1403000
1,5613,250,61.076019287109375,0.24430407583713531,3.6898930072784424,0.050000011920928955,1403250
1,5614,250,1682.9571533203125,6.731828689575195,3.7847235202789307,0.050000011920928955,1403500
1,5615,250,1475.6993408203125,5.902797222137451,3.7053940296173096,0.050000011920928955,1403750
1,5616,250,1873.32421875,7.493297100067139,3.8101556301116943,0.050000011920928955,1404000
1,5617,250,1713.0111083984375,6.852044582366943,3.9123592376708984,0.050000011920928955,1404250
1,5618,250,1698.38916015625,6.7935566902160645,3.6944103240966797,0.050000011920928955,1404500
1,5619,250,48.49172592163086,0.19396691024303436,3.527773857116699,0.050000011920928955,1404750
1,5620,250,1873.3314208984375,7.493325710296631,3.6609063148498535,0.050000011920928955,1405000
1,5621,250,1706.1070556640625,6.824428081512451,3.8348350524902344,0.050000011920928955,1405250
1,5622,250,1896.224365234375,7.584897518157959,3.939060926437378,0.050000011920928955,1405500
1,5623,250,1613.065185546875,6.452260971069336,3.9160845279693604,0.050000011920928955,1405750
1,5624,250,1794.2276611328125,7.176910877227783,3.834425210952759,0.050000011920928955,1406000
1,5625,250,1687.01953125,6.748078346252441,3.9739067554473877,0.050000011920928955,1406250
1,5626,250,1688.00439453125,6.752017498016357,3.9685161113739014,0.050000011920928955,1406500
1,5627,250,1730.224365234375,6.920897483825684,3.967318534851074,0.050000011920928955,1406750
1,5628,250,1735.261962890625,6.941047668457031,3.749901056289673,0.050000011920928955,1407000
1,5629,250,1957.4442138671875,7.829776763916016,3.8895578384399414,0.050000011920928955,1407250
1,5630,250,1671.6470947265625,6.686588287353516,3.9989073276519775,0.050000011920928955,1407500
1,5631,250,1948.21142578125,7.792845726013184,3.7738230228424072,0.050000011920928955,1407750
1,5632,250,1750.4595947265625,7.001838207244873,3.805079460144043,0.050000011920928955,1408000
1,5633,250,1643.0950927734375,6.572380542755127,3.834209680557251,0.050000011920928955,1408250
1,5634,250,1658.5599365234375,6.634239673614502,3.9190008640289307,0.050000011920928955,1408500
1,5635,250,1763.046630859375,7.052186489105225,3.882481098175049,0.050000011920928955,1408750
1,5636,250,1871.80224609375,7.487208843231201,4.207961559295654,0.050000011920928955,1409000
1,5637,250,1685.0870361328125,6.7403483390808105,4.025700569152832,0.050000011920928955,1409250
1,5638,250,1678.0294189453125,6.712117671966553,4.005097389221191,0.050000011920928955,1409500
1,5639,250,1673.1181640625,6.692472457885742,4.082971572875977,0.050000011920928955,1409750
1,5640,250,1843.416015625,7.373663902282715,3.8415277004241943,0.050000011920928955,1410000
1,5641,250,1763.8865966796875,7.055546283721924,3.939512252807617,0.050000011920928955,1410250
1,5642,250,1749.4044189453125,6.997617721557617,3.6358349323272705,0.050000011920928955,1410500
1,5643,250,1720.7742919921875,6.883097171783447,3.704077959060669,0.050000011920928955,1410750
1,5644,250,1761.37158203125,7.0454864501953125,3.5105385780334473,0.050000011920928955,1411000
1,5645,250,1898.827392578125,7.595309734344482,3.536925792694092,0.050000011920928955,1411250
1,5646,250,1771.482177734375,7.085928916931152,3.551002025604248,0.050000011920928955,1411500
1,5647,250,1646.771728515625,6.5870866775512695,3.5599727630615234,0.050000011920928955,1411750
1,5648,250,1755.859619140625,7.023438453674316,3.4468352794647217,0.050000011920928955,1412000
1,5649,250,1651.86669921875,6.607466697692871,3.4469995498657227,0.050000011920928955,1412250
1,5650,250,1718.6602783203125,6.874640941619873,3.3825719356536865,0.050000011920928955,1412500
1,5651,250,1869.36474609375,7.477458953857422,3.3779947757720947,0.050000011920928955,1412750
1,5652,250,1772.5159912109375,7.09006404876709,3.348609685897827,0.050000011920928955,1413000
1,5653,250,1712.587158203125,6.850348472595215,3.358060836791992,0.050000011920928955,1413250
1,5654,250,1932.39990234375,7.729599475860596,3.029529094696045,0.050000011920928955,1413500
1,5655,250,1778.7113037109375,7.114845275878906,3.0265300273895264,0.050000011920928955,1413750
1,5656,250,1727.5030517578125,6.910012245178223,2.971245765686035,0.050000011920928955,1414000
1,5657,250,1736.08154296875,6.944326400756836,3.164027690887451,0.050000011920928955,1414250
1,5658,250,1689.5380859375,6.758152484893799,3.1021728515625,0.050000011920928955,1414500
1,5659,250,1703.213623046875,6.812854290008545,2.830822467803955,0.050000011920928955,1414750
1,5660,250,1623.54345703125,6.494174003601074,2.6473195552825928,0.050000011920928955,1415000
1,5661,250,1690.029541015625,6.760118007659912,2.7615723609924316,0.050000011920928955,1415250
1,5662,250,1707.998291015625,6.831993103027344,2.925816774368286,0.050000011920928955,1415500
1,5663,250,1708.663330078125,6.834653377532959,2.790489435195923,0.050000011920928955,1415750
1,5664,250,1750.316650390625,7.0012664794921875,2.6585752964019775,0.050000011920928955,1416000
1,5665,250,1719.9368896484375,6.87974739074707,2.9251646995544434,0.050000011920928955,1416250
1,5666,250,1736.9864501953125,6.947945594787598,2.8194987773895264,0.050000011920928955,1416500
1,5667,250,1749.5958251953125,6.998383522033691,2.850829839706421,0.050000011920928955,1416750
1,5668,250,1795.68896484375,7.182755947113037,2.917320966720581,0.050000011920928955,1417000
1,5669,250,1679.31396484375,6.71725606918335,2.9261271953582764,0.050000011920928955,1417250
1,5670,250,1679.9700927734375,6.7198805809021,2.844531774520874,0.050000011920928955,1417500
1,5671,250,1715.68359375,6.862734317779541,2.78885555267334,0.050000011920928955,1417750
1,5672,250,1771.323974609375,7.085295677185059,2.621940851211548,0.050000011920928955,1418000
1,5673,250,124.6567153930664,0.49862685799598694,2.878689765930176,0.050000011920928955,1418250
1,5674,250,1669.4398193359375,6.677759170532227,3.112118721008301,0.050000011920928955,1418500
1,5675,250,1645.961181640625,6.5838446617126465,2.9688987731933594,0.050000011920928955,1418750
1,5676,250,1295.2451171875,5.180980682373047,2.9121248722076416,0.050000011920928955,1419000
1,5677,250,1726.033935546875,6.904135704040527,3.313279390335083,0.050000011920928955,1419250
1,5678,250,1755.220703125,7.020882606506348,3.16795015335083,0.050000011920928955,1419500
1,5679,250,1725.72607421875,6.902904510498047,2.8502113819122314,0.050000011920928955,1419750
1,5680,250,1891.432861328125,7.565731525421143,2.938961982727051,0.050000011920928955,1420000
1,5681,250,1642.0380859375,6.56815242767334,3.1121084690093994,0.050000011920928955,1420250
1,5682,250,1713.951171875,6.855804920196533,3.331319570541382,0.050000011920928955,1420500
1,5683,250,1720.5206298828125,6.882082462310791,2.945746421813965,0.050000011920928955,1420750
1,5684,250,1714.115478515625,6.856462001800537,3.188464641571045,0.050000011920928955,1421000
1,5685,250,1676.4945068359375,6.705977916717529,3.1692497730255127,0.050000011920928955,1421250
1,5686,250,1741.6746826171875,6.96669864654541,2.9739809036254883,0.050000011920928955,1421500
1,5687,250,1738.281005859375,6.953124046325684,2.8301303386688232,0.050000011920928955,1421750
1,5688,250,1728.1585693359375,6.912634372711182,3.021944284439087,0.050000011920928955,1422000
1,5689,250,1740.979736328125,6.963919162750244,3.3685317039489746,0.050000011920928955,1422250
1,5690,250,1666.8499755859375,6.667399883270264,3.1057565212249756,0.050000011920928955,1422500
1,5691,250,1641.41845703125,6.565673828125,3.1417551040649414,0.050000011920928955,1422750
1,5692,250,1718.42919921875,6.873716831207275,3.050945520401001,0.050000011920928955,1423000
1,5693,250,1700.29833984375,6.8011932373046875,3.4221575260162354,0.050000011920928955,1423250
1,5694,250,1749.6595458984375,6.998638153076172,3.144533395767212,0.050000011920928955,1423500
1,5695,250,1655.078125,6.620312690734863,3.2271201610565186,0.050000011920928955,1423750
1,5696,250,1717.755615234375,6.8710222244262695,3.4749977588653564,0.050000011920928955,1424000
1,5697,250,1659.4368896484375,6.637747764587402,3.108426332473755,0.050000011920928955,1424250
1,5698,250,1684.480712890625,6.737922668457031,3.416959762573242,0.050000011920928955,1424500
1,5699,250,1704.68408203125,6.818736553192139,3.467664957046509,0.050000011920928955,1424750
1,5700,250,1731.8104248046875,6.927241802215576,3.3465118408203125,0.050000011920928955,1425000
1,5701,250,1728.375244140625,6.913500785827637,3.39709210395813,0.050000011920928955,1425250
1,5702,250,1682.2967529296875,6.72918701171875,3.4716320037841797,0.050000011920928955,1425500
1,5703,250,1982.78662109375,7.931146621704102,3.1077725887298584,0.050000011920928955,1425750
1,5704,250,1700.6326904296875,6.802530765533447,3.3250434398651123,0.050000011920928955,1426000
1,5705,250,1698.95703125,6.795828342437744,3.6530985832214355,0.050000011920928955,1426250
1,5706,250,1768.0931396484375,7.0723724365234375,3.3015646934509277,0.050000011920928955,1426500
1,5707,250,1738.5350341796875,6.9541401863098145,3.211582899093628,0.050000011920928955,1426750
1,5708,250,1728.85107421875,6.915404319763184,3.395781993865967,0.050000011920928955,1427000
1,5709,250,1682.063232421875,6.72825288772583,3.3014965057373047,0.050000011920928955,1427250
1,5710,250,1807.46337890625,7.229853630065918,3.446120023727417,0.050000011920928955,1427500
1,5711,250,1691.186279296875,6.764745235443115,3.5093834400177,0.050000011920928955,1427750
1,5712,250,1961.84033203125,7.8473615646362305,3.334895133972168,0.050000011920928955,1428000
1,5713,250,1736.3516845703125,6.945406913757324,3.003258228302002,0.050000011920928955,1428250
1,5714,250,1689.45361328125,6.757814407348633,3.0139737129211426,0.050000011920928955,1428500
1,5715,250,1724.527587890625,6.898110389709473,2.9176573753356934,0.050000011920928955,1428750
1,5716,250,1717.7425537109375,6.870970249176025,2.7307753562927246,0.050000011920928955,1429000
1,5717,250,1795.45263671875,7.18181037902832,2.7757375240325928,0.050000011920928955,1429250
1,5718,250,1804.300537109375,7.217202186584473,2.7996692657470703,0.050000011920928955,1429500
1,5719,250,1678.4852294921875,6.7139410972595215,2.764569044113159,0.050000011920928955,1429750
1,5720,250,1786.1953125,7.144781112670898,2.7904295921325684,0.050000011920928955,1430000
1,5721,250,1475.2076416015625,5.9008307456970215,3.018009662628174,0.050000011920928955,1430250
1,5722,250,86.6905746459961,0.3467622995376587,3.019850969314575,0.050000011920928955,1430500
1,5723,250,1421.177978515625,5.684711933135986,3.1747946739196777,0.050000011920928955,1430750
1,5724,250,1757.40087890625,7.029603481292725,3.3330061435699463,0.050000011920928955,1431000
1,5725,250,1781.2637939453125,7.125055313110352,3.2734928131103516,0.050000011920928955,1431250
1,5726,250,1807.0574951171875,7.228229999542236,3.4102842807769775,0.050000011920928955,1431500
1,5727,250,1740.7060546875,6.96282434463501,3.4339818954467773,0.050000011920928955,1431750
1,5728,250,1746.9423828125,6.987769603729248,3.1749846935272217,0.050000011920928955,1432000
1,5729,250,1785.9127197265625,7.143651008605957,3.3494765758514404,0.050000011920928955,1432250
1,5730,250,1933.797119140625,7.7351884841918945,3.07663631439209,0.050000011920928955,1432500
1,5731,250,1700.025390625,6.8001017570495605,3.4156715869903564,0.050000011920928955,1432750
1,5732,250,1669.856201171875,6.67942476272583,3.281437635421753,0.050000011920928955,1433000
1,5733,250,1764.455322265625,7.057821273803711,3.278083324432373,0.050000011920928955,1433250
1,5734,250,1808.447509765625,7.233789920806885,3.1626665592193604,0.050000011920928955,1433500
1,5735,250,1710.626953125,6.842507839202881,3.332775592803955,0.050000011920928955,1433750
1,5736,250,1465.927490234375,5.863709926605225,3.407292604446411,0.050000011920928955,1434000
1,5737,250,1976.375244140625,7.905500888824463,3.252225399017334,0.050000011920928955,1434250
1,5738,250,489.3897705078125,1.9575591087341309,3.4868109226226807,0.050000011920928955,1434500
1,5739,250,854.375732421875,3.4175028800964355,3.4782016277313232,0.050000011920928955,1434750
1,5740,250,1325.1279296875,5.300511837005615,3.821685314178467,0.050000011920928955,1435000
1,5741,250,1912.15869140625,7.648634910583496,3.8423666954040527,0.050000011920928955,1435250
1,5742,250,1737.483154296875,6.94993257522583,3.707146406173706,0.050000011920928955,1435500
1,5743,250,1813.0780029296875,7.252312183380127,3.7957804203033447,0.050000011920928955,1435750
1,5744,250,864.2725219726562,3.457090139389038,3.6641733646392822,0.050000011920928955,1436000
1,5745,250,1971.260986328125,7.885044097900391,3.6683292388916016,0.050000011920928955,1436250
1,5746,250,1159.173828125,4.636695384979248,3.829653739929199,0.050000011920928955,1436500
1,5747,250,1973.8450927734375,7.89538049697876,3.926940679550171,0.050000011920928955,1436750
1,5748,250,1798.0321044921875,7.1921281814575195,3.967306613922119,0.050000011920928955,1437000
1,5749,250,1773.480712890625,7.0939226150512695,3.7868471145629883,0.050000011920928955,1437250
1,5750,250,1818.98486328125,7.275939464569092,3.8824470043182373,0.050000011920928955,1437500
1,5751,250,1738.9114990234375,6.95564603805542,3.739215850830078,0.050000011920928955,1437750
1,5752,250,1790.198974609375,7.16079568862915,3.787747621536255,0.050000011920928955,1438000
1,5753,250,1720.072265625,6.880289077758789,4.114170074462891,0.050000011920928955,1438250
1,5754,250,1757.6370849609375,7.030548572540283,4.003768444061279,0.050000011920928955,1438500
1,5755,250,1735.08349609375,6.940333843231201,3.6861636638641357,0.050000011920928955,1438750
1,5756,250,1688.1671142578125,6.752668380737305,3.665025234222412,0.050000011920928955,1439000
1,5757,250,1695.78857421875,6.783154487609863,4.119513511657715,0.050000011920928955,1439250
1,5758,250,1936.210205078125,7.744840621948242,3.764573097229004,0.050000011920928955,1439500
1,5759,250,1888.8944091796875,7.555577754974365,3.6314687728881836,0.050000011920928955,1439750
1,5760,250,1963.7130126953125,7.854852199554443,3.553748369216919,0.050000011920928955,1440000
1,5761,250,1329.591552734375,5.318366050720215,3.662526845932007,0.050000011920928955,1440250
1,5762,250,1740.9794921875,6.9639177322387695,3.4107162952423096,0.050000011920928955,1440500
1,5763,250,1719.262451171875,6.877049922943115,3.289848566055298,0.050000011920928955,1440750
1,5764,250,1736.3778076171875,6.945511341094971,3.005180835723877,0.050000011920928955,1441000
1,5765,250,1875.2286376953125,7.500914573669434,3.3074212074279785,0.050000011920928955,1441250
1,5766,250,1754.5042724609375,7.018017292022705,3.345416307449341,0.050000011920928955,1441500
1,5767,250,1914.6094970703125,7.658438205718994,3.12971568107605,0.050000011920928955,1441750
1,5768,250,1712.8309326171875,6.85132360458374,3.0743091106414795,0.050000011920928955,1442000
1,5769,250,1734.6365966796875,6.938546180725098,3.361569404602051,0.050000011920928955,1442250
1,5770,250,1780.199462890625,7.120797634124756,3.107234239578247,0.050000011920928955,1442500
1,5771,250,1730.630615234375,6.92252254486084,3.074305534362793,0.050000011920928955,1442750
1,5772,250,1841.3668212890625,7.365467071533203,3.1747372150421143,0.050000011920928955,1443000
1,5773,250,1893.5711669921875,7.574284553527832,3.3720459938049316,0.050000011920928955,1443250
1,5774,250,1744.988037109375,6.979952335357666,3.2491295337677,0.050000011920928955,1443500
1,5775,250,1693.9725341796875,6.775890350341797,3.272331714630127,0.050000011920928955,1443750
1,5776,250,1933.027099609375,7.7321085929870605,3.1039180755615234,0.050000011920928955,1444000
1,5777,250,1686.60986328125,6.746439456939697,3.2787864208221436,0.050000011920928955,1444250
1,5778,250,1792.1519775390625,7.168607711791992,2.8808796405792236,0.050000011920928955,1444500
1,5779,250,1701.5230712890625,6.806092262268066,3.0734896659851074,0.050000011920928955,1444750
1,5780,250,1690.333984375,6.761335849761963,2.8355603218078613,0.050000011920928955,1445000
1,5781,250,1652.2027587890625,6.608810901641846,2.8943278789520264,0.050000011920928955,1445250
1,5782,250,1684.70263671875,6.7388105392456055,2.927199602127075,0.050000011920928955,1445500
1,5783,250,1649.2335205078125,6.5969343185424805,2.7703354358673096,0.050000011920928955,1445750
1,5784,250,1692.8382568359375,6.771353244781494,2.6039628982543945,0.050000011920928955,1446000
1,5785,250,1584.2259521484375,6.3369035720825195,2.8605902194976807,0.050000011920928955,1446250
1,5786,250,1691.2823486328125,6.765129566192627,2.6753618717193604,0.050000011920928955,1446500
1,5787,250,1680.052490234375,6.720210075378418,2.599641799926758,0.050000011920928955,1446750
1,5788,250,1608.345947265625,6.433383941650391,2.7141976356506348,0.050000011920928955,1447000
1,5789,250,1681.480712890625,6.72592306137085,2.5661721229553223,0.050000011920928955,1447250
1,5790,250,1684.0604248046875,6.736241817474365,2.7568538188934326,0.050000011920928955,1447500
1,5791,250,1656.9332275390625,6.627732753753662,2.7868142127990723,0.050000011920928955,1447750
1,5792,250,1672.7445068359375,6.690978050231934,2.7410500049591064,0.050000011920928955,1448000
1,5793,250,1666.374755859375,6.665499210357666,2.8487305641174316,0.050000011920928955,1448250
1,5794,250,1659.3848876953125,6.637539386749268,2.7725822925567627,0.050000011920928955,1448500
1,5795,250,1641.3070068359375,6.56522798538208,2.592017889022827,0.050000011920928955,1448750
1,5796,250,1595.4180908203125,6.381672382354736,2.830678939819336,0.050000011920928955,1449000
1,5797,250,1583.410888671875,6.333643436431885,2.8321359157562256,0.050000011920928955,1449250
1,5798,250,1673.3927001953125,6.693570613861084,2.80908203125,0.050000011920928955,1449500
1,5799,250,1579.6558837890625,6.3186235427856445,2.758535861968994,0.050000011920928955,1449750
1,5800,250,1738.006591796875,6.9520263671875,2.8037617206573486,0.050000011920928955,1450000
1,5801,250,1564.6004638671875,6.258401870727539,2.8571219444274902,0.050000011920928955,1450250
1,5802,250,1755.9881591796875,7.023952484130859,2.748419761657715,0.050000011920928955,1450500
1,5803,250,1765.5653076171875,7.06226110458374,2.82387375831604,0.050000011920928955,1450750
1,5804,250,1788.4677734375,7.153871059417725,2.565350294113159,0.050000011920928955,1451000
1,5805,250,1364.4443359375,5.457777500152588,2.7724804878234863,0.050000011920928955,1451250
1,5806,250,1728.2677001953125,6.9130706787109375,2.871990442276001,0.050000011920928955,1451500
1,5807,250,1733.709228515625,6.9348368644714355,2.63896107673645,0.050000011920928955,1451750
1,5808,250,1731.931640625,6.927726745605469,2.6359550952911377,0.050000011920928955,1452000
1,5809,250,1740.461669921875,6.961846828460693,2.692143201828003,0.050000011920928955,1452250
1,5810,250,1712.2283935546875,6.848913669586182,2.711317539215088,0.050000011920928955,1452500
1,5811,250,1758.004638671875,7.032018661499023,2.761164426803589,0.050000011920928955,1452750
1,5812,250,1733.486083984375,6.933944225311279,2.7084436416625977,0.050000011920928955,1453000
1,5813,250,1703.93505859375,6.81574010848999,2.6513376235961914,0.050000011920928955,1453250
1,5814,250,1743.944580078125,6.975778102874756,2.6201531887054443,0.050000011920928955,1453500
1,5815,250,1723.013427734375,6.892053604125977,2.6263976097106934,0.050000011920928955,1453750
1,5816,250,1805.7568359375,7.223027229309082,2.6882338523864746,0.050000011920928955,1454000
1,5817,250,1786.052001953125,7.144207954406738,2.5816454887390137,0.050000011920928955,1454250
1,5818,250,1375.7855224609375,5.5031418800354,2.6241021156311035,0.050000011920928955,1454500
1,5819,250,1736.0098876953125,6.944039344787598,2.5778188705444336,0.050000011920928955,1454750
1,5820,250,1781.515869140625,7.126063346862793,2.5074009895324707,0.050000011920928955,1455000
1,5821,250,1749.06494140625,6.996259689331055,2.671215295791626,0.050000011920928955,1455250
1,5822,250,1657.85009765625,6.6314005851745605,2.493936777114868,0.050000011920928955,1455500
1,5823,250,1748.6982421875,6.994792938232422,2.5086748600006104,0.050000011920928955,1455750
1,5824,250,1714.861328125,6.859445095062256,2.654710531234741,0.050000011920928955,1456000
1,5825,250,1983.3367919921875,7.933347225189209,2.6597752571105957,0.050000011920928955,1456250
1,5826,250,1802.9979248046875,7.211991786956787,2.652277946472168,0.050000011920928955,1456500
1,5827,250,1747.5867919921875,6.990347385406494,2.671818971633911,0.050000011920928955,1456750
1,5828,250,1769.264404296875,7.077057838439941,2.540898323059082,0.050000011920928955,1457000
1,5829,250,1768.103271484375,7.072412967681885,2.604109048843384,0.050000011920928955,1457250
1,5830,250,1578.9130859375,6.315652370452881,2.659714698791504,0.050000011920928955,1457500
1,5831,250,1762.96337890625,7.051853656768799,2.7179887294769287,0.050000011920928955,1457750
1,5832,250,1779.4130859375,7.117652416229248,2.456336259841919,0.050000011920928955,1458000
1,5833,250,1760.700927734375,7.042803764343262,2.5451772212982178,0.050000011920928955,1458250
1,5834,250,1761.9976806640625,7.047990798950195,2.651636838912964,0.050000011920928955,1458500
1,5835,250,1968.148193359375,7.872592926025391,2.6019091606140137,0.050000011920928955,1458750
1,5836,250,1778.172119140625,7.1126885414123535,2.481820821762085,0.050000011920928955,1459000
1,5837,250,1443.835693359375,5.77534294128418,2.6186423301696777,0.050000011920928955,1459250
1,5838,250,1751.1453857421875,7.004581451416016,2.475493907928467,0.050000011920928955,1459500
1,5839,250,1785.71630859375,7.142865180969238,2.5691628456115723,0.050000011920928955,1459750
1,5840,250,1752.6856689453125,7.010742664337158,2.6265788078308105,0.050000011920928955,1460000
1,5841,250,1726.377685546875,6.905510902404785,2.4639453887939453,0.050000011920928955,1460250
1,5842,250,1762.087158203125,7.048348426818848,2.465397596359253,0.050000011920928955,1460500
1,5843,250,1757.430419921875,7.029721736907959,2.465812921524048,0.050000011920928955,1460750
1,5844,250,1826.7222900390625,7.306889057159424,2.4508020877838135,0.050000011920928955,1461000
1,5845,250,1734.910400390625,6.93964147567749,2.5464885234832764,0.050000011920928955,1461250
1,5846,250,1377.6473388671875,5.510589122772217,2.4544875621795654,0.050000011920928955,1461500
1,5847,250,1728.8275146484375,6.915309906005859,2.645808458328247,0.050000011920928955,1461750
1,5848,250,1938.6182861328125,7.7544732093811035,2.574857473373413,0.050000011920928955,1462000
1,5849,250,1765.81591796875,7.063263893127441,2.631737232208252,0.050000011920928955,1462250
1,5850,250,1769.640380859375,7.078561305999756,2.499669075012207,0.050000011920928955,1462500
1,5851,250,1748.7568359375,6.995027542114258,2.4827258586883545,0.050000011920928955,1462750
1,5852,250,1787.149169921875,7.14859676361084,2.638559579849243,0.050000011920928955,1463000
1,5853,250,1758.7647705078125,7.035058975219727,2.6190836429595947,0.050000011920928955,1463250
1,5854,250,1809.3857421875,7.237543106079102,2.5202646255493164,0.050000011920928955,1463500
1,5855,250,1777.1339111328125,7.1085357666015625,2.5576822757720947,0.050000011920928955,1463750
1,5856,250,1864.62939453125,7.458517551422119,2.600370168685913,0.050000011920928955,1464000
1,5857,250,1759.39501953125,7.0375800132751465,2.552764892578125,0.050000011920928955,1464250
1,5858,250,1607.787109375,6.431148529052734,2.6344332695007324,0.050000011920928955,1464500
1,5859,250,1800.2413330078125,7.200965404510498,2.5171613693237305,0.050000011920928955,1464750
1,5860,250,1754.4398193359375,7.017759323120117,2.5859851837158203,0.050000011920928955,1465000
1,5861,250,1603.6871337890625,6.414748668670654,2.488569498062134,0.050000011920928955,1465250
1,5862,250,1803.5078125,7.214031219482422,2.642235279083252,0.050000011920928955,1465500
1,5863,250,1795.8677978515625,7.183471202850342,2.4831926822662354,0.050000011920928955,1465750
1,5864,250,1902.2362060546875,7.608944892883301,2.5662152767181396,0.050000011920928955,1466000
1,5865,250,1800.845703125,7.203382968902588,2.596632957458496,0.050000011920928955,1466250
1,5866,250,1785.1893310546875,7.1407575607299805,2.5440428256988525,0.050000011920928955,1466500
1,5867,250,1796.8359375,7.187343597412109,2.570021390914917,0.050000011920928955,1466750
1,5868,250,1781.266357421875,7.125065326690674,2.456932306289673,0.050000011920928955,1467000
1,5869,250,1525.01806640625,6.100072383880615,2.570103645324707,0.050000011920928955,1467250
1,5870,250,1911.518798828125,7.646075248718262,2.727598190307617,0.050000011920928955,1467500
1,5871,250,1790.1962890625,7.16078519821167,2.4741201400756836,0.050000011920928955,1467750
1,5872,250,1870.2093505859375,7.480837345123291,2.3468081951141357,0.050000011920928955,1468000
1,5873,250,1635.009765625,6.5400390625,2.6017298698425293,0.050000011920928955,1468250
1,5874,250,1670.3980712890625,6.6815924644470215,2.6349403858184814,0.050000011920928955,1468500
1,5875,250,1674.8004150390625,6.699201583862305,2.642357587814331,0.050000011920928955,1468750
1,5876,250,1720.2672119140625,6.881068706512451,2.5623462200164795,0.050000011920928955,1469000
1,5877,250,1738.531005859375,6.9541239738464355,2.6737685203552246,0.050000011920928955,1469250
1,5878,250,1546.42236328125,6.185689449310303,2.594961404800415,0.050000011920928955,1469500
1,5879,250,1592.2630615234375,6.369052410125732,2.6447532176971436,0.050000011920928955,1469750
1,5880,250,1753.45458984375,7.013818264007568,2.8209314346313477,0.050000011920928955,1470000
1,5881,250,1734.02392578125,6.936095714569092,2.6476078033447266,0.050000011920928955,1470250
1,5882,250,1752.083251953125,7.008333206176758,2.5507261753082275,0.050000011920928955,1470500
1,5883,250,1775.677001953125,7.102707862854004,2.6742348670959473,0.050000011920928955,1470750
1,5884,250,1946.2646484375,7.785058498382568,2.5879440307617188,0.050000011920928955,1471000
1,5885,250,1828.762451171875,7.315049648284912,2.6405699253082275,0.050000011920928955,1471250
1,5886,250,1790.8450927734375,7.163380146026611,2.671311616897583,0.050000011920928955,1471500
1,5887,250,1798.780517578125,7.195122241973877,2.637892723083496,0.050000011920928955,1471750
1,5888,250,1825.284912109375,7.301139831542969,2.510895252227783,0.050000011920928955,1472000
1,5889,250,1877.953857421875,7.511815547943115,2.6462242603302,0.050000011920928955,1472250
1,5890,250,1789.657958984375,7.158631801605225,2.7163074016571045,0.050000011920928955,1472500
1,5891,250,1776.3477783203125,7.105391025543213,2.680063486099243,0.050000011920928955,1472750
1,5892,250,1972.7587890625,7.891035079956055,2.5483803749084473,0.050000011920928955,1473000
1,5893,250,1550.1700439453125,6.200680255889893,2.740903854370117,0.050000011920928955,1473250
1,5894,250,1904.5555419921875,7.618222236633301,2.6662540435791016,0.050000011920928955,1473500
1,5895,250,1821.2999267578125,7.2851996421813965,2.5219390392303467,0.050000011920928955,1473750
1,5896,250,1466.1939697265625,5.864775657653809,2.5114684104919434,0.050000011920928955,1474000
1,5897,250,1773.18798828125,7.092751979827881,2.6437838077545166,0.050000011920928955,1474250
1,5898,250,1788.1663818359375,7.152665615081787,2.550387382507324,0.050000011920928955,1474500
1,5899,250,1619.8663330078125,6.479465484619141,2.574625253677368,0.050000011920928955,1474750
1,5900,250,1814.901611328125,7.25960636138916,2.513869047164917,0.050000011920928955,1475000
1,5901,250,1756.38427734375,7.025537014007568,2.5508315563201904,0.050000011920928955,1475250
1,5902,250,1664.14794921875,6.656591892242432,2.6592965126037598,0.050000011920928955,1475500
1,5903,250,1577.5108642578125,6.3100433349609375,2.7046573162078857,0.050000011920928955,1475750
1,5904,250,1623.906005859375,6.49562406539917,2.481980800628662,0.050000011920928955,1476000
1,5905,250,1790.7064208984375,7.162825584411621,2.699985980987549,0.050000011920928955,1476250
1,5906,250,714.6222534179688,2.8584890365600586,2.7442808151245117,0.050000011920928955,1476500
1,5907,250,1222.5498046875,4.890199184417725,2.9371511936187744,0.050000011920928955,1476750
1,5908,250,1533.3192138671875,6.13327693939209,2.860196113586426,0.050000011920928955,1477000
1,5909,250,1024.49951171875,4.097998142242432,2.986867666244507,0.050000011920928955,1477250
1,5910,250,1243.353759765625,4.973414897918701,3.1044135093688965,0.050000011920928955,1477500
1,5911,250,1008.3093872070312,4.033237457275391,3.052640438079834,0.050000011920928955,1477750
1,5912,250,1033.814453125,4.135257720947266,3.2330827713012695,0.050000011920928955,1478000
1,5913,250,1184.68310546875,4.73873233795166,3.372936964035034,0.050000011920928955,1478250
1,5914,250,1944.98388671875,7.779935359954834,3.1443235874176025,0.050000011920928955,1478500
1,5915,250,1553.4554443359375,6.213821887969971,3.3408026695251465,0.050000011920928955,1478750
1,5916,250,1597.793212890625,6.391172885894775,3.3780462741851807,0.050000011920928955,1479000
1,5917,250,1059.1943359375,4.236777305603027,3.4152743816375732,0.050000011920928955,1479250
1,5918,250,1523.0311279296875,6.0921244621276855,3.4183783531188965,0.050000011920928955,1479500
1,5919,250,1876.6666259765625,7.506666660308838,3.4181532859802246,0.050000011920928955,1479750
1,5920,250,1596.5546875,6.386218547821045,3.3126730918884277,0.050000011920928955,1480000
1,5921,250,1774.6180419921875,7.0984721183776855,3.5358998775482178,0.050000011920928955,1480250
1,5922,250,1953.931640625,7.8157267570495605,3.507460594177246,0.050000011920928955,1480500
1,5923,250,1891.571533203125,7.566286087036133,3.4231481552124023,0.050000011920928955,1480750
1,5924,250,1692.8126220703125,6.7712507247924805,3.408324718475342,0.050000011920928955,1481000
1,5925,250,1666.26123046875,6.665044784545898,3.4881062507629395,0.050000011920928955,1481250
1,5926,250,1975.19970703125,7.900798797607422,3.234041929244995,0.050000011920928955,1481500
1,5927,250,1965.07568359375,7.860302925109863,3.50640869140625,0.050000011920928955,1481750
1,5928,250,1891.3848876953125,7.565539360046387,3.218946933746338,0.050000011920928955,1482000
1,5929,250,1554.8941650390625,6.219576835632324,3.6033358573913574,0.050000011920928955,1482250
1,5930,250,1906.2821044921875,7.625128269195557,3.3733294010162354,0.050000011920928955,1482500
1,5931,250,1813.2398681640625,7.252959251403809,3.640275001525879,0.050000011920928955,1482750
1,5932,250,1620.03125,6.4801249504089355,3.62608003616333,0.050000011920928955,1483000
1,5933,250,1869.622314453125,7.478489398956299,3.5400784015655518,0.050000011920928955,1483250
1,5934,250,1476.606689453125,5.906426906585693,3.552482843399048,0.050000011920928955,1483500
1,5935,250,79.08968353271484,0.316358745098114,3.748211145401001,0.050000011920928955,1483750
1,5936,250,1439.029541015625,5.756118297576904,4.153151035308838,0.050000011920928955,1484000
1,5937,250,71.22782135009766,0.28491127490997314,4.453932762145996,0.050000011920928955,1484250
1,5938,250,1961.68603515625,7.846744060516357,4.7688889503479,0.050000011920928955,1484500
1,5939,250,1753.9625244140625,7.015850067138672,4.753378391265869,0.050000011920928955,1484750
1,5940,250,1897.4410400390625,7.58976411819458,4.420281410217285,0.050000011920928955,1485000
1,5941,250,1792.662841796875,7.170651435852051,4.552183628082275,0.050000011920928955,1485250
1,5942,250,1780.60986328125,7.122439384460449,4.61167049407959,0.050000011920928955,1485500
1,5943,250,1922.9097900390625,7.691638946533203,4.211177825927734,0.050000011920928955,1485750
1,5944,250,1896.65576171875,7.586623191833496,4.220310211181641,0.050000011920928955,1486000
1,5945,250,1619.076171875,6.476304531097412,4.462643623352051,0.050000011920928955,1486250
1,5946,250,1959.0626220703125,7.836250305175781,4.25175142288208,0.050000011920928955,1486500
1,5947,250,1794.1605224609375,7.176641941070557,4.327200889587402,0.050000011920928955,1486750
1,5948,250,1613.6551513671875,6.454620838165283,3.921583414077759,0.050000011920928955,1487000
1,5949,250,1476.1773681640625,5.904709339141846,4.15956449508667,0.050000011920928955,1487250
1,5950,250,1767.982177734375,7.07192850112915,4.031271457672119,0.050000011920928955,1487500
1,5951,250,1948.9112548828125,7.795645236968994,4.301017761230469,0.050000011920928955,1487750
1,5952,250,1797.8228759765625,7.191291332244873,3.6990466117858887,0.050000011920928955,1488000
1,5953,250,1777.9217529296875,7.111687183380127,3.843726634979248,0.050000011920928955,1488250
1,5954,250,1807.985595703125,7.231942176818848,4.017915725708008,0.050000011920928955,1488500
1,5955,250,1874.8408203125,7.499363422393799,4.120156764984131,0.050000011920928955,1488750
1,5956,250,1733.377197265625,6.93350887298584,3.656088352203369,0.050000011920928955,1489000
1,5957,250,1784.5322265625,7.138128757476807,3.4822707176208496,0.050000011920928955,1489250
1,5958,250,1913.0413818359375,7.652165412902832,3.5444118976593018,0.050000011920928955,1489500
1,5959,250,1954.846435546875,7.819385528564453,3.6174888610839844,0.050000011920928955,1489750
1,5960,250,1794.7730712890625,7.1790924072265625,3.576106309890747,0.050000011920928955,1490000
1,5961,250,1799.75048828125,7.199001789093018,3.602780818939209,0.050000011920928955,1490250
1,5962,250,1831.760986328125,7.3270440101623535,3.4997711181640625,0.050000011920928955,1490500
1,5963,250,1604.1551513671875,6.41662073135376,3.8232758045196533,0.050000011920928955,1490750
1,5964,250,1590.5845947265625,6.362338542938232,3.4755311012268066,0.050000011920928955,1491000
1,5965,250,1726.000244140625,6.904000759124756,3.6815013885498047,0.050000011920928955,1491250
1,5966,250,1560.294921875,6.241179466247559,3.749596357345581,0.050000011920928955,1491500
1,5967,250,1946.963623046875,7.7878546714782715,3.5173776149749756,0.050000011920928955,1491750
1,5968,250,1890.5006103515625,7.562002658843994,3.3759326934814453,0.050000011920928955,1492000
1,5969,250,1806.3677978515625,7.225471019744873,3.665302038192749,0.050000011920928955,1492250
1,5970,250,1581.8880615234375,6.327552318572998,3.2145869731903076,0.050000011920928955,1492500
1,5971,250,1925.221923828125,7.700887680053711,3.4968082904815674,0.050000011920928955,1492750
1,5972,250,1536.72900390625,6.146915912628174,3.687804937362671,0.050000011920928955,1493000
1,5973,250,610.1236572265625,2.4404945373535156,3.83792781829834,0.050000011920928955,1493250
1,5974,250,1904.533203125,7.618132591247559,3.7784476280212402,0.050000011920928955,1493500
1,5975,250,1978.773193359375,7.915092945098877,3.855950117111206,0.050000011920928955,1493750
1,5976,250,1555.8387451171875,6.223354816436768,3.3344099521636963,0.050000011920928955,1494000
1,5977,250,1607.533203125,6.430132865905762,3.1818299293518066,0.050000011920928955,1494250
1,5978,250,1929.0904541015625,7.716361999511719,2.8331234455108643,0.050000011920928955,1494500
1,5979,250,1798.5374755859375,7.194149971008301,2.685727834701538,0.050000011920928955,1494750
1,5980,250,1759.0465087890625,7.036186218261719,2.6406497955322266,0.050000011920928955,1495000
1,5981,250,1799.25830078125,7.197033405303955,2.79174542427063,0.050000011920928955,1495250
1,5982,250,4.130846977233887,0.016523387283086777,3.04484224319458,0.050000011920928955,1495500
1,5983,250,1502.131591796875,6.00852632522583,3.069906711578369,0.050000011920928955,1495750
1,5984,250,1748.8175048828125,6.995270252227783,3.250811815261841,0.050000011920928955,1496000
1,5985,250,1647.99609375,6.591984272003174,3.5158753395080566,0.050000011920928955,1496250
1,5986,250,1754.3060302734375,7.017224311828613,3.510746479034424,0.050000011920928955,1496500
1,5987,250,1905.4935302734375,7.621973991394043,3.312312602996826,0.050000011920928955,1496750
1,5988,250,-28.956195831298828,-0.11582478135824203,3.4203379154205322,0.050000011920928955,1497000
1,5989,250,1811.3548583984375,7.245419502258301,3.6673262119293213,0.050000011920928955,1497250
1,5990,250,1838.08642578125,7.3523454666137695,3.788144111633301,0.050000011920928955,1497500
1,5991,250,1750.3201904296875,7.001280784606934,3.7388691902160645,0.050000011920928955,1497750
1,5992,250,1766.432373046875,7.06572961807251,4.076417922973633,0.050000011920928955,1498000
1,5993,250,1952.0574951171875,7.808229923248291,3.818932294845581,0.050000011920928955,1498250
1,5994,250,1922.00048828125,7.688002109527588,3.4509522914886475,0.050000011920928955,1498500
1,5995,250,1784.78515625,7.139140605926514,3.6471292972564697,0.050000011920928955,1498750
1,5996,250,1790.702392578125,7.162809371948242,3.504000186920166,0.050000011920928955,1499000
1,5997,250,1922.4808349609375,7.689923286437988,3.868685007095337,0.050000011920928955,1499250
1,5998,250,1810.3258056640625,7.241303443908691,3.9159133434295654,0.050000011920928955,1499500
1,5999,250,1130.667724609375,4.522670745849609,3.7070555686950684,0.050000011920928955,1499750
1,6000,250,1812.0255126953125,7.248102188110352,3.7291030883789062,0.050000011920928955,1500000
1,6001,250,1853.7996826171875,7.415198802947998,3.905825614929199,0.050000011920928955,1500250
1,6002,250,1822.3328857421875,7.289331436157227,3.8580400943756104,0.050000011920928955,1500500
1,6003,250,1770.140869140625,7.080563545227051,3.8084073066711426,0.050000011920928955,1500750
1,6004,250,-37.31671142578125,-0.14926683902740479,4.1014275550842285,0.050000011920928955,1501000
1,6005,250,1839.9852294921875,7.359941005706787,4.867547035217285,0.050000011920928955,1501250
1,6006,250,1940.2940673828125,7.761176109313965,4.485424518585205,0.050000011920928955,1501500
1,6007,250,1701.505615234375,6.806022644042969,4.686887741088867,0.050000011920928955,1501750
1,6008,250,1737.496337890625,6.949985504150391,4.508041858673096,0.050000011920928955,1502000
1,6009,250,-49.20508575439453,-0.19682034850120544,5.030715465545654,0.050000011920928955,1502250
1,6010,250,1986.76171875,7.947046756744385,5.107492446899414,0.050000011920928955,1502500
1,6011,250,-50.4553108215332,-0.2018212378025055,5.162107467651367,0.050000011920928955,1502750
1,6012,250,761.0018920898438,3.0440075397491455,5.516524314880371,0.050000011920928955,1503000
1,6013,250,1867.01904296875,7.468076229095459,5.8038105964660645,0.050000011920928955,1503250
1,6014,250,1864.3895263671875,7.4575581550598145,5.4162492752075195,0.050000011920928955,1503500
1,6015,250,1754.8759765625,7.019504070281982,5.170437812805176,0.050000011920928955,1503750
1,6016,250,-45.59196472167969,-0.18236786127090454,5.52507209777832,0.050000011920928955,1504000
1,6017,250,1766.85888671875,7.0674357414245605,6.009744644165039,0.050000011920928955,1504250
1,6018,250,1917.80322265625,7.671212673187256,6.35235071182251,0.050000011920928955,1504500
1,6019,250,-54.654075622558594,-0.2186163067817688,6.187966823577881,0.050000011920928955,1504750
1,6020,250,1880.9364013671875,7.523745536804199,6.443789958953857,0.050000011920928955,1505000
1,6021,250,1970.093505859375,7.880373954772949,6.9791483879089355,0.050000011920928955,1505250
1,6022,250,1932.0697021484375,7.728278636932373,5.739670753479004,0.050000011920928955,1505500
1,6023,250,-103.54851531982422,-0.4141940474510193,5.347840309143066,0.050000011920928955,1505750
1,6024,250,1660.5364990234375,6.642146110534668,6.068048477172852,0.050000011920928955,1506000
1,6025,250,-50.608787536621094,-0.20243515074253082,6.02084493637085,0.050000011920928955,1506250
1,6026,250,1904.96826171875,7.619873046875,6.501655101776123,0.050000011920928955,1506500
1,6027,250,1124.2103271484375,4.4968414306640625,6.051638126373291,0.050000011920928955,1506750
1,6028,250,84.74459075927734,0.3389783501625061,6.321501731872559,0.050000011920928955,1507000
1,6029,250,-71.38212585449219,-0.2855285108089447,6.989208221435547,0.050000011920928955,1507250
1,6030,250,-79.30018615722656,-0.31720075011253357,6.170930862426758,0.050000011920928955,1507500
1,6031,250,1620.5997314453125,6.482398986816406,6.957162380218506,0.050000011920928955,1507750
1,6032,250,1883.186279296875,7.532744884490967,6.749528408050537,0.050000011920928955,1508000
1,6033,250,1257.2275390625,5.028910160064697,6.813457489013672,0.050000011920928955,1508250
1,6034,250,1517.085693359375,6.068342685699463,6.719662189483643,0.050000011920928955,1508500
1,6035,250,146.31289672851562,0.5852515697479248,6.672430992126465,0.050000011920928955,1508750
1,6036,250,1766.67138671875,7.066685676574707,6.191641330718994,0.050000011920928955,1509000
1,6037,250,1632.1727294921875,6.528690814971924,6.456850051879883,0.050000011920928955,1509250
1,6038,250,30.3627872467041,0.12145114690065384,6.310068607330322,0.050000011920928955,1509500
1,6039,250,1739.9892578125,6.959957122802734,6.580395221710205,0.050000011920928955,1509750
1,6040,250,1723.73583984375,6.8949432373046875,5.927968502044678,0.050000011920928955,1510000
1,6041,250,1760.5992431640625,7.0423970222473145,6.368712425231934,0.050000011920928955,1510250
1,6042,250,1748.92138671875,6.995685577392578,6.270700931549072,0.050000011920928955,1510500
1,6043,250,72.48807525634766,0.2899523079395294,6.256248474121094,0.050000011920928955,1510750
1,6044,250,1824.2017822265625,7.296807289123535,5.874938011169434,0.050000011920928955,1511000
1,6045,250,1864.0584716796875,7.456233978271484,6.000635147094727,0.050000011920928955,1511250
1,6046,250,1754.55517578125,7.018220901489258,6.035710334777832,0.050000011920928955,1511500
1,6047,250,1764.0989990234375,7.056396007537842,5.739671230316162,0.050000011920928955,1511750
1,6048,250,23.361310958862305,0.09344524145126343,5.876168727874756,0.050000011920928955,1512000
1,6049,250,1414.6319580078125,5.658527851104736,6.022129058837891,0.050000011920928955,1512250
1,6050,250,815.019287109375,3.2600772380828857,6.121203422546387,0.050000011920928955,1512500
1,6051,250,1762.248046875,7.048992156982422,6.384286880493164,0.050000011920928955,1512750
1,6052,250,1760.2437744140625,7.040975093841553,5.7791218757629395,0.050000011920928955,1513000
1,6053,250,1726.022216796875,6.904088973999023,5.8705058097839355,0.050000011920928955,1513250
1,6054,250,113.19432067871094,0.45277729630470276,5.764492034912109,0.050000011920928955,1513500
1,6055,250,1933.036865234375,7.732147693634033,5.478117942810059,0.050000011920928955,1513750
1,6056,250,1759.6092529296875,7.0384368896484375,5.389585971832275,0.050000011920928955,1514000
1,6057,250,1756.01123046875,7.024044990539551,5.095587253570557,0.050000011920928955,1514250
1,6058,250,53.8491325378418,0.21539652347564697,5.798755168914795,0.050000011920928955,1514500
1,6059,250,1747.239013671875,6.988955974578857,5.545109748840332,0.050000011920928955,1514750
1,6060,250,1693.5465087890625,6.774186134338379,5.489962577819824,0.050000011920928955,1515000
1,6061,250,1726.16162109375,6.904646396636963,5.567050933837891,0.050000011920928955,1515250
1,6062,250,1821.5538330078125,7.286215305328369,5.691474437713623,0.050000011920928955,1515500
1,6063,250,1717.12158203125,6.868486404418945,5.068064212799072,0.050000011920928955,1515750
1,6064,250,1820.1563720703125,7.280625343322754,4.80110502243042,0.050000011920928955,1516000
1,6065,250,1772.685302734375,7.090741157531738,4.8205246925354,0.050000011920928955,1516250
1,6066,250,1757.2677001953125,7.029070854187012,5.040668964385986,0.050000011920928955,1516500
1,6067,250,1739.729248046875,6.958917140960693,4.833475112915039,0.050000011920928955,1516750
1,6068,250,1165.5516357421875,4.662206649780273,4.63510274887085,0.050000011920928955,1517000
1,6069,250,1787.438232421875,7.149753093719482,4.567935466766357,0.050000011920928955,1517250
1,6070,250,1307.58154296875,5.230326175689697,4.398149013519287,0.050000011920928955,1517500
1,6071,250,-91.9463119506836,-0.36778524518013,4.388709545135498,0.050000011920928955,1517750
1,6072,250,-41.05209732055664,-0.16420838236808777,4.848404884338379,0.050000011920928955,1518000
1,6073,250,1925.5877685546875,7.702351093292236,4.886354446411133,0.050000011920928955,1518250
1,6074,250,1756.640869140625,7.02656364440918,4.728684902191162,0.050000011920928955,1518500
1,6075,250,1956.0948486328125,7.8243794441223145,4.78609561920166,0.050000011920928955,1518750
1,6076,250,1718.170654296875,6.872682571411133,4.590105056762695,0.050000011920928955,1519000
1,6077,250,1799.42236328125,7.197689533233643,4.412897109985352,0.050000011920928955,1519250
1,6078,250,1463.022705078125,5.852090835571289,4.464620590209961,0.050000011920928955,1519500
1,6079,250,1785.8651123046875,7.143460273742676,4.50322961807251,0.050000011920928955,1519750
1,6080,250,1943.5802001953125,7.774320602416992,4.140121936798096,0.050000011920928955,1520000
1,6081,250,1305.060302734375,5.220241069793701,4.491883277893066,0.050000011920928955,1520250
1,6082,250,1785.98876953125,7.143955230712891,4.365638256072998,0.050000011920928955,1520500
1,6083,250,1749.1063232421875,6.996425151824951,4.0936198234558105,0.050000011920928955,1520750
1,6084,250,1737.5478515625,6.950191497802734,4.0923871994018555,0.050000011920928955,1521000
1,6085,250,1914.47119140625,7.65788459777832,4.299056529998779,0.050000011920928955,1521250
1,6086,250,1652.0860595703125,6.608344078063965,4.3908281326293945,0.050000011920928955,1521500
1,6087,250,1740.5703125,6.962281227111816,4.259268760681152,0.050000011920928955,1521750
1,6088,250,1646.819580078125,6.587278366088867,3.953352212905884,0.050000011920928955,1522000
1,6089,250,1744.2325439453125,6.976930141448975,4.207368850708008,0.050000011920928955,1522250
1,6090,250,1757.7998046875,7.0311994552612305,4.004936695098877,0.050000011920928955,1522500
1,6091,250,1749.72509765625,6.998900413513184,3.923858880996704,0.050000011920928955,1522750
1,6092,250,1576.89453125,6.307578086853027,3.8155181407928467,0.050000011920928955,1523000
1,6093,250,1760.568115234375,7.042272567749023,3.7674849033355713,0.050000011920928955,1523250
1,6094,250,1687.3521728515625,6.749408721923828,3.6237690448760986,0.050000011920928955,1523500
1,6095,250,847.2176513671875,3.3888707160949707,3.579782247543335,0.050000011920928955,1523750
1,6096,250,1735.25341796875,6.941013813018799,3.528512477874756,0.050000011920928955,1524000
1,6097,250,1717.661865234375,6.870647430419922,3.7594451904296875,0.050000011920928955,1524250
1,6098,250,1727.35498046875,6.909420013427734,3.3234035968780518,0.050000011920928955,1524500
1,6099,250,1552.729736328125,6.21091890335083,3.6263248920440674,0.050000011920928955,1524750
1,6100,250,1737.039306640625,6.94815731048584,3.32688045501709,0.050000011920928955,1525000
1,6101,250,1928.7799072265625,7.7151198387146,3.6433823108673096,0.050000011920928955,1525250
1,6102,250,1917.1309814453125,7.668523788452148,3.6640665531158447,0.050000011920928955,1525500
1,6103,250,1792.8963623046875,7.171585559844971,3.289578437805176,0.050000011920928955,1525750
1,6104,250,1850.918212890625,7.403672695159912,3.326786518096924,0.050000011920928955,1526000
1,6105,250,1907.8681640625,7.631472587585449,3.432156801223755,0.050000011920928955,1526250
1,6106,250,1820.23876953125,7.2809553146362305,3.3672420978546143,0.050000011920928955,1526500
1,6107,250,1521.465576171875,6.085862159729004,3.439051866531372,0.050000011920928955,1526750
1,6108,250,1777.481689453125,7.109926700592041,3.0720980167388916,0.050000011920928955,1527000
1,6109,250,1963.92578125,7.855703353881836,3.091952085494995,0.050000011920928955,1527250
1,6110,250,1545.0146484375,6.180058479309082,3.082489252090454,0.050000011920928955,1527500
1,6111,250,1600.8680419921875,6.403471946716309,2.849879264831543,0.050000011920928955,1527750
1,6112,250,1967.98779296875,7.871951103210449,2.6422126293182373,0.050000011920928955,1528000
1,6113,250,1729.524169921875,6.918096542358398,2.444607734680176,0.050000011920928955,1528250
1,6114,250,1811.61181640625,7.2464470863342285,2.5538768768310547,0.050000011920928955,1528500
1,6115,250,1872.450439453125,7.48980188369751,2.5800588130950928,0.050000011920928955,1528750
1,6116,250,1499.801513671875,5.999206066131592,2.6061582565307617,0.050000011920928955,1529000
1,6117,250,1905.028564453125,7.620114326477051,2.581223726272583,0.050000011920928955,1529250
1,6118,250,12.8263578414917,0.05130543187260628,2.6595349311828613,0.050000011920928955,1529500
1,6119,250,1970.258056640625,7.8810319900512695,3.0454092025756836,0.050000011920928955,1529750
1,6120,250,28.3154296875,0.11326172202825546,2.8848769664764404,0.050000011920928955,1530000
1,6121,250,1864.172607421875,7.456690311431885,3.096564769744873,0.050000011920928955,1530250
1,6122,250,1724.923583984375,6.899694442749023,3.03804087638855,0.050000011920928955,1530500
1,6123,250,1814.1529541015625,7.2566118240356445,2.8081164360046387,0.050000011920928955,1530750
1,6124,250,1811.749755859375,7.2469987869262695,2.90940260887146,0.050000011920928955,1531000
1,6125,250,1822.3565673828125,7.289426326751709,3.060992956161499,0.050000011920928955,1531250
1,6126,250,26.64618492126465,0.10658474266529083,3.16337513923645,0.050000011920928955,1531500
1,6127,250,1505.864501953125,6.023458003997803,3.3006675243377686,0.050000011920928955,1531750
1,6128,250,1682.8309326171875,6.731323719024658,3.3424389362335205,0.050000011920928955,1532000
1,6129,250,-98.02668762207031,-0.3921067416667938,3.4616963863372803,0.050000011920928955,1532250
1,6130,250,1886.528564453125,7.546114444732666,3.545011043548584,0.050000011920928955,1532500
1,6131,250,1826.47607421875,7.305904388427734,3.647139549255371,0.050000011920928955,1532750
1,6132,250,1733.14111328125,6.9325642585754395,3.3429372310638428,0.050000011920928955,1533000
1,6133,250,-103.62454986572266,-0.4144982099533081,3.7410082817077637,0.050000011920928955,1533250
1,6134,250,-74.7868881225586,-0.2991475462913513,4.144023418426514,0.050000011920928955,1533500
1,6135,250,1959.202392578125,7.8368096351623535,3.9271140098571777,0.050000011920928955,1533750
1,6136,250,-103.420166015625,-0.41368067264556885,3.675288677215576,0.050000011920928955,1534000
1,6137,250,-89.44406127929688,-0.3577762544155121,4.327794551849365,0.050000011920928955,1534250
1,6138,250,-112.93961334228516,-0.4517584443092346,4.679312705993652,0.050000011920928955,1534500
1,6139,250,-84.91544342041016,-0.33966177701950073,4.622691631317139,0.050000011920928955,1534750
1,6140,250,1916.518310546875,7.666073322296143,4.829004764556885,0.050000011920928955,1535000
1,6141,250,-89.01106262207031,-0.3560442626476288,4.819990634918213,0.050000011920928955,1535250
1,6142,250,-119.86036682128906,-0.47944146394729614,4.847265720367432,0.050000011920928955,1535500
1,6143,250,-98.92203521728516,-0.39568814635276794,5.05967378616333,0.050000011920928955,1535750
1,6144,250,-69.97032928466797,-0.2798813283443451,4.597376346588135,0.050000011920928955,1536000
1,6145,250,83.9791488647461,0.3359166085720062,5.292898654937744,0.050000011920928955,1536250
1,6146,250,-117.58944702148438,-0.4703577756881714,5.461467742919922,0.050000011920928955,1536500
1,6147,250,-82.60708618164062,-0.3304283320903778,5.4653000831604,0.050000011920928955,1536750
1,6148,250,1747.347900390625,6.989391803741455,5.202469825744629,0.050000011920928955,1537000
1,6149,250,-112.17154693603516,-0.4486861824989319,5.754211902618408,0.050000011920928955,1537250
1,6150,250,-101.2080078125,-0.40483203530311584,5.408474445343018,0.050000011920928955,1537500
1,6151,250,-96.27996063232422,-0.38511985540390015,5.495752334594727,0.050000011920928955,1537750
1,6152,250,1679.6048583984375,6.718419551849365,5.566397190093994,0.050000011920928955,1538000
1,6153,250,-49.4770622253418,-0.19790825247764587,6.25023078918457,0.050000011920928955,1538250
1,6154,250,-77.6679458618164,-0.31067177653312683,5.7755913734436035,0.050000011920928955,1538500
1,6155,250,-91.16500854492188,-0.36466002464294434,5.797068119049072,0.050000011920928955,1538750
1,6156,250,-61.9989128112793,-0.24799564480781555,5.522192478179932,0.050000011920928955,1539000
1,6157,250,1215.585693359375,4.862342834472656,6.731594562530518,0.050000011920928955,1539250
1,6158,250,-95.23871612548828,-0.3809548616409302,6.159204959869385,0.050000011920928955,1539500
1,6159,250,-86.11763000488281,-0.3444705307483673,5.680814743041992,0.050000011920928955,1539750
1,6160,250,1673.205322265625,6.692821502685547,5.774610996246338,0.050000011920928955,1540000
1,6161,250,1586.5836181640625,6.346334457397461,6.5692877769470215,0.050000011920928955,1540250
1,6162,250,2.339489221572876,0.009357957169413567,6.283444881439209,0.050000011920928955,1540500
1,6163,250,-37.36498260498047,-0.14945992827415466,6.212498664855957,0.050000011920928955,1540750
1,6164,250,-56.08632278442383,-0.22434529662132263,5.88593053817749,0.050000011920928955,1541000
1,6165,250,-71.85897064208984,-0.2874358892440796,7.639003276824951,0.050000011920928955,1541250
1,6166,250,1264.0513916015625,5.056205749511719,6.588812351226807,0.050000011920928955,1541500
1,6167,250,-88.69446563720703,-0.35477787256240845,6.016307830810547,0.050000011920928955,1541750
1,6168,250,-82.14813995361328,-0.32859256863594055,6.025571823120117,0.050000011920928955,1542000
1,6169,250,1334.9696044921875,5.339878559112549,6.850203514099121,0.050000011920928955,1542250
1,6170,250,-57.86579895019531,-0.23146319389343262,6.422123432159424,0.050000011920928955,1542500
1,6171,250,-35.67886734008789,-0.1427154690027237,6.246675968170166,0.050000011920928955,1542750
1,6172,250,-24.985408782958984,-0.09994163364171982,5.992076396942139,0.050000011920928955,1543000
1,6173,250,-76.78270721435547,-0.3071308434009552,7.1248250007629395,0.050000011920928955,1543250
1,6174,250,1621.3260498046875,6.485304355621338,6.372244834899902,0.050000011920928955,1543500
1,6175,250,1703.505615234375,6.814022541046143,6.11478853225708,0.050000011920928955,1543750
1,6176,250,1672.9979248046875,6.691991806030273,5.4498515129089355,0.050000011920928955,1544000
1,6177,250,-76.51380920410156,-0.3060552477836609,7.014575481414795,0.050000011920928955,1544250
1,6178,250,1678.8350830078125,6.7153401374816895,6.160048007965088,0.050000011920928955,1544500
1,6179,250,-122.53009796142578,-0.49012038111686707,6.0923871994018555,0.050000011920928955,1544750
1,6180,250,29.9554500579834,0.11982180178165436,5.906071662902832,0.050000011920928955,1545000
1,6181,250,19.022802352905273,0.0760912075638771,7.2250447273254395,0.050000011920928955,1545250
1,6182,250,-59.14301681518555,-0.23657207190990448,6.7734761238098145,0.050000011920928955,1545500
1,6183,250,1946.427734375,7.78571081161499,7.098821640014648,0.050000011920928955,1545750
1,6184,250,1948.59326171875,7.794373035430908,6.465033054351807,0.050000011920928955,1546000
1,6185,250,1975.99267578125,7.903970718383789,7.116511821746826,0.050000011920928955,1546250
1,6186,250,1762.1834716796875,7.048733711242676,6.762342929840088,0.050000011920928955,1546500
1,6187,250,-23.80115509033203,-0.09520462155342102,6.488585948944092,0.050000011920928955,1546750
1,6188,250,1749.004150390625,6.996016502380371,6.632843017578125,0.050000011920928955,1547000
1,6189,250,1864.257080078125,7.457028388977051,7.468639373779297,0.050000011920928955,1547250
1,6190,250,1938.8817138671875,7.755527019500732,7.197049140930176,0.050000011920928955,1547500
1,6191,250,1804.942626953125,7.219770431518555,6.818620204925537,0.050000011920928955,1547750
1,6192,250,1687.6151123046875,6.750460624694824,6.719590663909912,0.050000011920928955,1548000
1,6193,250,1939.58935546875,7.758357524871826,7.180369853973389,0.050000011920928955,1548250
1,6194,250,1726.8775634765625,6.907510280609131,6.996215343475342,0.050000011920928955,1548500
1,6195,250,1786.6435546875,7.146574020385742,6.657082557678223,0.050000011920928955,1548750
1,6196,250,1920.0985107421875,7.680394172668457,6.551918983459473,0.050000011920928955,1549000
1,6197,250,1654.8741455078125,6.6194963455200195,7.18934440612793,0.050000011920928955,1549250
1,6198,250,1886.6116943359375,7.546446800231934,6.596007823944092,0.050000011920928955,1549500
1,6199,250,1747.43505859375,6.989740371704102,6.393171787261963,0.050000011920928955,1549750
1,6200,250,1885.00390625,7.540015697479248,6.318676948547363,0.050000011920928955,1550000
1,6201,250,1941.00439453125,7.764017581939697,6.369038105010986,0.050000011920928955,1550250
1,6202,250,1620.9906005859375,6.483962535858154,6.1466898918151855,0.050000011920928955,1550500
1,6203,250,1643.336669921875,6.5733466148376465,5.930456638336182,0.050000011920928955,1550750
1,6204,250,1768.356689453125,7.073426723480225,5.923358917236328,0.050000011920928955,1551000
1,6205,250,1606.614501953125,6.42645788192749,6.157637119293213,0.050000011920928955,1551250
1,6206,250,1818.48876953125,7.27395486831665,5.77824068069458,0.050000011920928955,1551500
1,6207,250,1732.448974609375,6.929795742034912,5.6810407638549805,0.050000011920928955,1551750
1,6208,250,1655.998046875,6.623991966247559,5.379953861236572,0.050000011920928955,1552000
1,6209,250,1847.927001953125,7.391707897186279,5.626006126403809,0.050000011920928955,1552250
1,6210,250,1741.68115234375,6.966724395751953,5.486295700073242,0.050000011920928955,1552500
1,6211,250,1760.044921875,7.04017972946167,5.3656229972839355,0.050000011920928955,1552750
1,6212,250,1935.208984375,7.740836143493652,4.891235828399658,0.050000011920928955,1553000
1,6213,250,1750.2703857421875,7.001081466674805,4.796419143676758,0.050000011920928955,1553250
1,6214,250,1199.494140625,4.797976493835449,4.426992416381836,0.050000011920928955,1553500
1,6215,250,1717.2047119140625,6.868818759918213,4.444748878479004,0.050000011920928955,1553750
1,6216,250,1726.5843505859375,6.906337261199951,4.577145099639893,0.050000011920928955,1554000
1,6217,250,1748.8563232421875,6.995425224304199,4.738780498504639,0.050000011920928955,1554250
1,6218,250,1740.12451171875,6.960497856140137,4.429234504699707,0.050000011920928955,1554500
1,6219,250,1692.364013671875,6.769455909729004,4.252388954162598,0.050000011920928955,1554750
1,6220,250,1707.8839111328125,6.831535816192627,4.152486324310303,0.050000011920928955,1555000
1,6221,250,1937.72509765625,7.7509002685546875,4.055119514465332,0.050000011920928955,1555250
1,6222,250,1319.977294921875,5.279909133911133,3.7780489921569824,0.050000011920928955,1555500
1,6223,250,1776.176025390625,7.104703903198242,3.5835659503936768,0.050000011920928955,1555750
1,6224,250,1761.962890625,7.0478515625,3.332886219024658,0.050000011920928955,1556000
1,6225,250,1729.68896484375,6.918756008148193,3.8663368225097656,0.050000011920928955,1556250
1,6226,250,1695.67626953125,6.782705307006836,3.8285720348358154,0.050000011920928955,1556500
1,6227,250,1693.751953125,6.775007724761963,3.3272957801818848,0.050000011920928955,1556750
1,6228,250,1647.6947021484375,6.590778827667236,3.3044698238372803,0.050000011920928955,1557000
1,6229,250,1693.907958984375,6.775631904602051,3.6862714290618896,0.050000011920928955,1557250
1,6230,250,1660.709228515625,6.642837047576904,3.5494799613952637,0.050000011920928955,1557500
1,6231,250,1794.5736083984375,7.178294658660889,3.57142972946167,0.050000011920928955,1557750
1,6232,250,1699.758056640625,6.799032211303711,3.4069690704345703,0.050000011920928955,1558000
1,6233,250,922.5751342773438,3.690300464630127,3.565423011779785,0.050000011920928955,1558250
1,6234,250,1690.893798828125,6.763575077056885,3.8295085430145264,0.050000011920928955,1558500
1,6235,250,1773.2587890625,7.0930352210998535,3.519015312194824,0.050000011920928955,1558750
1,6236,250,1928.672119140625,7.714688301086426,3.3582277297973633,0.050000011920928955,1559000
1,6237,250,65.50984191894531,0.2620393633842468,3.8221309185028076,0.050000011920928955,1559250
1,6238,250,1823.311767578125,7.293247222900391,3.665771722793579,0.050000011920928955,1559500
1,6239,250,1693.2291259765625,6.772916316986084,3.4557228088378906,0.050000011920928955,1559750
1,6240,250,1965.62841796875,7.862513542175293,3.797898769378662,0.050000011920928955,1560000
1,6241,250,1943.8939208984375,7.775575637817383,3.9216179847717285,0.050000011920928955,1560250
1,6242,250,1971.93017578125,7.887720584869385,3.522120237350464,0.050000011920928955,1560500
1,6243,250,1254.6240234375,5.018496036529541,3.335770606994629,0.050000011920928955,1560750
1,6244,250,1680.146240234375,6.720584869384766,3.7457687854766846,0.050000011920928955,1561000
1,6245,250,1697.3355712890625,6.789342403411865,3.8430747985839844,0.050000011920928955,1561250
1,6246,250,1719.69970703125,6.878798961639404,3.826096296310425,0.050000011920928955,1561500
1,6247,250,1932.3070068359375,7.7292280197143555,3.513819932937622,0.050000011920928955,1561750
1,6248,250,1925.2735595703125,7.701094150543213,3.5638256072998047,0.050000011920928955,1562000
1,6249,250,1706.4814453125,6.825925827026367,3.739413261413574,0.050000011920928955,1562250
1,6250,250,1514.519287109375,6.058077335357666,3.7268052101135254,0.050000011920928955,1562500
1,6251,250,1903.1142578125,7.612456798553467,3.632357597351074,0.050000011920928955,1562750
1,6252,250,1638.094970703125,6.552380084991455,3.5594544410705566,0.050000011920928955,1563000
1,6253,250,1863.277099609375,7.453108310699463,3.679128885269165,0.050000011920928955,1563250
1,6254,250,1699.9927978515625,6.799971103668213,3.7371251583099365,0.050000011920928955,1563500
1,6255,250,775.2689208984375,3.1010756492614746,3.6620686054229736,0.050000011920928955,1563750
1,6256,250,1643.17724609375,6.572709083557129,3.57782244682312,0.050000011920928955,1564000
1,6257,250,1916.4439697265625,7.665775775909424,3.7687551975250244,0.050000011920928955,1564250
1,6258,250,1701.66455078125,6.8066582679748535,3.736044406890869,0.050000011920928955,1564500
1,6259,250,1784.1085205078125,7.136434078216553,3.560450553894043,0.050000011920928955,1564750
1,6260,250,1712.5853271484375,6.850341320037842,3.539987087249756,0.050000011920928955,1565000
1,6261,250,1757.9228515625,7.031691551208496,3.6500184535980225,0.050000011920928955,1565250
1,6262,250,1711.85498046875,6.847419738769531,3.585000514984131,0.050000011920928955,1565500
1,6263,250,1712.979736328125,6.851919174194336,3.6002843379974365,0.050000011920928955,1565750
1,6264,250,1573.3004150390625,6.293201446533203,3.2682597637176514,0.050000011920928955,1566000
1,6265,250,29.980514526367188,0.11992205679416656,3.700946807861328,0.050000011920928955,1566250
1,6266,250,1899.82861328125,7.5993146896362305,3.878657341003418,0.050000011920928955,1566500
1,6267,250,1786.310302734375,7.1452412605285645,3.6845133304595947,0.050000011920928955,1566750
1,6268,250,1679.356689453125,6.717426776885986,3.7040791511535645,0.050000011920928955,1567000
1,6269,250,1626.2227783203125,6.5048909187316895,3.6482625007629395,0.050000011920928955,1567250
1,6270,250,124.73200988769531,0.498928040266037,3.701992988586426,0.050000011920928955,1567500
1,6271,250,1893.1943359375,7.572777271270752,3.8103554248809814,0.050000011920928955,1567750
1,6272,250,1748.236328125,6.992945194244385,3.566957473754883,0.050000011920928955,1568000
1,6273,250,1723.7099609375,6.894839763641357,3.769050359725952,0.050000011920928955,1568250
1,6274,250,1730.217529296875,6.920870304107666,3.74440598487854,0.050000011920928955,1568500
1,6275,250,1637.89111328125,6.5515642166137695,3.650477409362793,0.050000011920928955,1568750
1,6276,250,1772.90283203125,7.091611385345459,3.8436343669891357,0.050000011920928955,1569000
1,6277,250,1685.615966796875,6.742464065551758,3.630841016769409,0.050000011920928955,1569250
1,6278,250,31.20323944091797,0.12481296062469482,3.7742743492126465,0.050000011920928955,1569500
1,6279,250,1629.6787109375,6.518714904785156,3.7666847705841064,0.050000011920928955,1569750
1,6280,250,1747.5599365234375,6.99023962020874,3.8439173698425293,0.050000011920928955,1570000
1,6281,250,1861.138671875,7.444554805755615,3.8306167125701904,0.050000011920928955,1570250
1,6282,250,1840.264404296875,7.361057758331299,3.6698505878448486,0.050000011920928955,1570500
1,6283,250,1731.112548828125,6.924450397491455,3.8129899501800537,0.050000011920928955,1570750
1,6284,250,1698.8990478515625,6.795596122741699,3.703158140182495,0.050000011920928955,1571000
1,6285,250,1764.110595703125,7.0564422607421875,3.8552870750427246,0.050000011920928955,1571250
1,6286,250,1742.62548828125,6.970501899719238,3.4829859733581543,0.050000011920928955,1571500
1,6287,250,1742.6488037109375,6.970595359802246,3.8578803539276123,0.050000011920928955,1571750
1,6288,250,2.017181158065796,0.008068724535405636,3.681279420852661,0.050000011920928955,1572000
1,6289,250,1893.802978515625,7.575212001800537,3.9224250316619873,0.050000011920928955,1572250
1,6290,250,1874.696044921875,7.498784065246582,4.008046627044678,0.050000011920928955,1572500
1,6291,250,1896.7890625,7.587156295776367,3.823599338531494,0.050000011920928955,1572750
1,6292,250,1699.700927734375,6.798803806304932,3.8251192569732666,0.050000011920928955,1573000
1,6293,250,1678.1373291015625,6.712549209594727,3.8201444149017334,0.050000011920928955,1573250
1,6294,250,1714.68359375,6.858734607696533,3.743891477584839,0.050000011920928955,1573500
1,6295,250,1705.7999267578125,6.82319974899292,3.845465660095215,0.050000011920928955,1573750
1,6296,250,1682.630859375,6.730523586273193,3.666132688522339,0.050000011920928955,1574000
1,6297,250,1676.7333984375,6.706933498382568,3.8279197216033936,0.050000011920928955,1574250
1,6298,250,1728.4722900390625,6.913888931274414,3.80466890335083,0.050000011920928955,1574500
1,6299,250,1667.50537109375,6.6700215339660645,3.7148261070251465,0.050000011920928955,1574750
1,6300,250,1785.674072265625,7.142696380615234,3.5735249519348145,0.050000011920928955,1575000
1,6301,250,1932.5283203125,7.730113506317139,3.6879093647003174,0.050000011920928955,1575250
1,6302,250,1749.027099609375,6.996108531951904,3.672013759613037,0.050000011920928955,1575500
1,6303,250,1905.39453125,7.621578216552734,3.664487600326538,0.050000011920928955,1575750
1,6304,250,1899.734130859375,7.598936557769775,3.5091304779052734,0.050000011920928955,1576000
1,6305,250,1834.863525390625,7.339454174041748,3.7661585807800293,0.050000011920928955,1576250
1,6306,250,1664.765869140625,6.659063339233398,3.4643056392669678,0.050000011920928955,1576500
1,6307,250,1915.724609375,7.662898540496826,3.449007511138916,0.050000011920928955,1576750
1,6308,250,1728.805419921875,6.915221691131592,3.2890465259552,0.050000011920928955,1577000
1,6309,250,1775.049560546875,7.100198268890381,3.437394142150879,0.050000011920928955,1577250
1,6310,250,1891.6002197265625,7.56640100479126,3.3749349117279053,0.050000011920928955,1577500
1,6311,250,1891.0146484375,7.564058780670166,3.0836949348449707,0.050000011920928955,1577750
1,6312,250,1915.294189453125,7.661176681518555,2.997498035430908,0.050000011920928955,1578000
1,6313,250,1772.3673095703125,7.0894694328308105,3.0928843021392822,0.050000011920928955,1578250
1,6314,250,53.30001449584961,0.21320006251335144,3.074276924133301,0.050000011920928955,1578500
1,6315,250,1961.6419677734375,7.8465681076049805,3.3252882957458496,0.050000011920928955,1578750
1,6316,250,45.98130416870117,0.18392521142959595,3.221123218536377,0.050000011920928955,1579000
1,6317,250,1729.512451171875,6.9180498123168945,3.43601655960083,0.050000011920928955,1579250
1,6318,250,1906.486328125,7.625945091247559,3.3979570865631104,0.050000011920928955,1579500
1,6319,250,1848.443603515625,7.393774509429932,3.2745249271392822,0.050000011920928955,1579750
1,6320,250,1843.6356201171875,7.374542713165283,3.277756452560425,0.050000011920928955,1580000
1,6321,250,1888.65283203125,7.5546112060546875,3.3811426162719727,0.050000011920928955,1580250
1,6322,250,1029.9005126953125,4.119602203369141,3.3937315940856934,0.050000011920928955,1580500
1,6323,250,1819.82666015625,7.279306411743164,3.273228645324707,0.050000011920928955,1580750
1,6324,250,1662.234130859375,6.648936748504639,3.0717456340789795,0.050000011920928955,1581000
1,6325,250,1447.950439453125,5.791801929473877,3.3380069732666016,0.050000011920928955,1581250
1,6326,250,22.588356018066406,0.09035342186689377,3.430675983428955,0.050000011920928955,1581500
1,6327,250,17.873414993286133,0.07149366289377213,3.5511977672576904,0.050000011920928955,1581750
1,6328,250,1805.97265625,7.223890781402588,3.438539981842041,0.050000011920928955,1582000
1,6329,250,1865.1090087890625,7.46043586730957,3.593510866165161,0.050000011920928955,1582250
1,6330,250,95.36903381347656,0.38147613406181335,3.7011077404022217,0.050000011920928955,1582500
1,6331,250,1826.55078125,7.3062028884887695,3.6389994621276855,0.050000011920928955,1582750
1,6332,250,1828.95166015625,7.315806865692139,3.608219623565674,0.050000011920928955,1583000
1,6333,250,12.414346694946289,0.04965738579630852,3.7846736907958984,0.050000011920928955,1583250
1,6334,250,1802.65087890625,7.210603713989258,3.9531638622283936,0.050000011920928955,1583500
1,6335,250,-49.615474700927734,-0.19846190512180328,3.753159999847412,0.050000011920928955,1583750
1,6336,250,1817.1942138671875,7.268776893615723,4.150343894958496,0.050000011920928955,1584000
1,6337,250,1731.9168701171875,6.927667617797852,4.370022296905518,0.050000011920928955,1584250
1,6338,250,1821.902587890625,7.2876105308532715,4.295770168304443,0.050000011920928955,1584500
1,6339,250,1401.502685546875,5.606010913848877,4.168601036071777,0.050000011920928955,1584750
1,6340,250,1801.739013671875,7.206955909729004,4.243143558502197,0.050000011920928955,1585000
1,6341,250,1859.06982421875,7.436279296875,4.299190044403076,0.050000011920928955,1585250
1,6342,250,1798.4429931640625,7.193771839141846,4.343273639678955,0.050000011920928955,1585500
1,6343,250,1831.453369140625,7.325813293457031,4.109211444854736,0.050000011920928955,1585750
1,6344,250,1841.465576171875,7.3658623695373535,3.9995179176330566,0.050000011920928955,1586000
1,6345,250,1870.87353515625,7.483494281768799,4.494117736816406,0.050000011920928955,1586250
1,6346,250,1794.7021484375,7.178808689117432,4.3105998039245605,0.050000011920928955,1586500
1,6347,250,1852.66357421875,7.410654067993164,4.179305076599121,0.050000011920928955,1586750
1,6348,250,1605.115966796875,6.420464038848877,4.118515968322754,0.050000011920928955,1587000
1,6349,250,1614.03466796875,6.456138610839844,4.367514133453369,0.050000011920928955,1587250
1,6350,250,1471.5042724609375,5.886017322540283,4.372868537902832,0.050000011920928955,1587500
1,6351,250,106.51321411132812,0.42605286836624146,4.46912956237793,0.050000011920928955,1587750
1,6352,250,1920.603515625,7.6824140548706055,4.496364116668701,0.050000011920928955,1588000
1,6353,250,1781.148681640625,7.124594688415527,4.75200891494751,0.050000011920928955,1588250
1,6354,250,1599.628173828125,6.398512840270996,4.657985687255859,0.050000011920928955,1588500
1,6355,250,145.8667449951172,0.5834670066833496,4.854038715362549,0.050000011920928955,1588750
1,6356,250,1703.078369140625,6.812313556671143,4.526432037353516,0.050000011920928955,1589000
1,6357,250,1769.3575439453125,7.077430248260498,4.715913772583008,0.050000011920928955,1589250
1,6358,250,42.64253616333008,0.17057015001773834,4.885776042938232,0.050000011920928955,1589500
1,6359,250,1824.701416015625,7.2988057136535645,4.944623947143555,0.050000011920928955,1589750
1,6360,250,-14.774516105651855,-0.05909806489944458,5.043191909790039,0.050000011920928955,1590000
1,6361,250,23.06977081298828,0.09227908402681351,5.5965352058410645,0.050000011920928955,1590250
1,6362,250,1902.111572265625,7.60844612121582,5.402231216430664,0.050000011920928955,1590500
1,6363,250,1936.4925537109375,7.745970249176025,5.189644813537598,0.050000011920928955,1590750
1,6364,250,1804.2265625,7.2169060707092285,5.22579288482666,0.050000011920928955,1591000
1,6365,250,1782.9521484375,7.131808757781982,5.412569046020508,0.050000011920928955,1591250
1,6366,250,-53.334964752197266,-0.21333986520767212,5.60443115234375,0.050000011920928955,1591500
1,6367,250,1636.244140625,6.544976711273193,5.4150071144104,0.050000011920928955,1591750
1,6368,250,1792.5008544921875,7.170003414154053,5.049158573150635,0.050000011920928955,1592000
1,6369,250,1559.271728515625,6.237086772918701,5.521468639373779,0.050000011920928955,1592250
1,6370,250,-4.120588302612305,-0.01648235321044922,5.448510646820068,0.050000011920928955,1592500
1,6371,250,1831.5340576171875,7.326136112213135,5.083433151245117,0.050000011920928955,1592750
1,6372,250,-3.6976876258850098,-0.014790750108659267,5.1376519203186035,0.050000011920928955,1593000
1,6373,250,1879.8848876953125,7.5195393562316895,5.558682918548584,0.050000011920928955,1593250
1,6374,250,1919.4871826171875,7.677948951721191,5.3151326179504395,0.050000011920928955,1593500
1,6375,250,-91.41377258300781,-0.3656550943851471,5.130325794219971,0.050000011920928955,1593750
1,6376,250,1915.371337890625,7.661485195159912,5.072606563568115,0.050000011920928955,1594000
1,6377,250,-76.68827056884766,-0.3067530691623688,4.854866981506348,0.050000011920928955,1594250
1,6378,250,1955.3187255859375,7.821274757385254,5.05472993850708,0.050000011920928955,1594500
1,6379,250,1751.518798828125,7.006075382232666,5.23249626159668,0.050000011920928955,1594750
1,6380,250,-62.13233947753906,-0.2485293596982956,5.4689226150512695,0.050000011920928955,1595000
1,6381,250,1924.9566650390625,7.699826717376709,5.799584865570068,0.050000011920928955,1595250
1,6382,250,1895.297607421875,7.581190586090088,5.845761775970459,0.050000011920928955,1595500
1,6383,250,1709.517578125,6.838070392608643,5.727065563201904,0.050000011920928955,1595750
1,6384,250,1729.1595458984375,6.916638374328613,5.349753379821777,0.050000011920928955,1596000
1,6385,250,1663.6405029296875,6.654561996459961,5.7843217849731445,0.050000011920928955,1596250
1,6386,250,-72.85230255126953,-0.2914092242717743,5.62509822845459,0.050000011920928955,1596500
1,6387,250,1853.004150390625,7.41201639175415,5.686694622039795,0.050000011920928955,1596750
1,6388,250,-98.66183471679688,-0.3946473300457001,5.9962029457092285,0.050000011920928955,1597000
1,6389,250,-17.51596450805664,-0.07006385922431946,6.201565742492676,0.050000011920928955,1597250
1,6390,250,1694.9815673828125,6.779926300048828,5.9678544998168945,0.050000011920928955,1597500
1,6391,250,1663.3848876953125,6.653539657592773,6.070308208465576,0.050000011920928955,1597750
1,6392,250,-68.2197036743164,-0.27287882566452026,6.055605888366699,0.050000011920928955,1598000
1,6393,250,1798.8841552734375,7.1955366134643555,6.5889153480529785,0.050000011920928955,1598250
1,6394,250,1810.02783203125,7.240111351013184,6.250186920166016,0.050000011920928955,1598500
1,6395,250,1764.328369140625,7.057313442230225,6.229864597320557,0.050000011920928955,1598750
1,6396,250,1807.084228515625,7.228336811065674,5.9797282218933105,0.050000011920928955,1599000
1,6397,250,-82.53459930419922,-0.3301383852958679,5.951838970184326,0.050000011920928955,1599250
1,6398,250,-21.432205200195312,-0.08572882413864136,6.313344478607178,0.050000011920928955,1599500
1,6399,250,-36.660804748535156,-0.14664322137832642,6.166343688964844,0.050000011920928955,1599750
1,6400,250,-47.024681091308594,-0.1880987286567688,6.108193874359131,0.050000011920928955,1600000
1,6401,250,1649.9854736328125,6.599941730499268,6.399716854095459,0.050000011920928955,1600250
1,6402,250,-8.388336181640625,-0.0335533432662487,5.795734405517578,0.050000011920928955,1600500
1,6403,250,52.5018196105957,0.21000728011131287,6.085616111755371,0.050000011920928955,1600750
1,6404,250,-11.682957649230957,-0.04673182964324951,6.292603969573975,0.050000011920928955,1601000
1,6405,250,1839.046630859375,7.356186389923096,6.374180793762207,0.050000011920928955,1601250
1,6406,250,54.20269012451172,0.21681076288223267,6.159207820892334,0.050000011920928955,1601500
1,6407,250,51.88338088989258,0.20753352344036102,5.989859580993652,0.050000011920928955,1601750
1,6408,250,1821.7626953125,7.287050724029541,6.21345329284668,0.050000011920928955,1602000
1,6409,250,1775.887451171875,7.103549957275391,5.931044101715088,0.050000011920928955,1602250
1,6410,250,647.2844848632812,2.5891380310058594,5.908804416656494,0.050000011920928955,1602500
1,6411,250,96.65853118896484,0.38663411140441895,5.830347537994385,0.050000011920928955,1602750
1,6412,250,59.87992858886719,0.23951971530914307,6.198039531707764,0.050000011920928955,1603000
1,6413,250,965.0244750976562,3.860097885131836,6.067713260650635,0.050000011920928955,1603250
1,6414,250,1855.47216796875,7.421888828277588,5.904860973358154,0.050000011920928955,1603500
1,6415,250,1765.4605712890625,7.061842441558838,5.595351696014404,0.050000011920928955,1603750
1,6416,250,1668.0809326171875,6.672323703765869,5.7970662117004395,0.050000011920928955,1604000
1,6417,250,1798.645751953125,7.194582939147949,6.029737949371338,0.050000011920928955,1604250
1,6418,250,1782.399658203125,7.129598617553711,5.824870586395264,0.050000011920928955,1604500
1,6419,250,1131.8316650390625,4.527326583862305,5.6601152420043945,0.050000011920928955,1604750
1,6420,250,1585.938720703125,6.343754768371582,5.919987201690674,0.050000011920928955,1605000
1,6421,250,1769.6556396484375,7.078622341156006,5.863679885864258,0.050000011920928955,1605250
1,6422,250,1769.3160400390625,7.077264308929443,5.441781044006348,0.050000011920928955,1605500
1,6423,250,1607.6961669921875,6.430784702301025,5.540989875793457,0.050000011920928955,1605750
1,6424,250,1736.2864990234375,6.945146083831787,5.589701175689697,0.050000011920928955,1606000
1,6425,250,1660.8367919921875,6.643347263336182,5.883674621582031,0.050000011920928955,1606250
1,6426,250,1682.299072265625,6.729196071624756,5.830824375152588,0.050000011920928955,1606500
1,6427,250,1600.93798828125,6.403751850128174,5.590415000915527,0.050000011920928955,1606750
1,6428,250,1799.6258544921875,7.198503494262695,5.5645036697387695,0.050000011920928955,1607000
1,6429,250,1396.909423828125,5.587637901306152,5.425578594207764,0.050000011920928955,1607250
1,6430,250,1707.4427490234375,6.829771041870117,4.976201057434082,0.050000011920928955,1607500
1,6431,250,1438.387451171875,5.753549575805664,5.100678443908691,0.050000011920928955,1607750
1,6432,250,1563.782958984375,6.255131721496582,4.925808429718018,0.050000011920928955,1608000
1,6433,250,1610.159912109375,6.440639495849609,5.189037322998047,0.050000011920928955,1608250
1,6434,250,1634.3690185546875,6.537476062774658,4.9019904136657715,0.050000011920928955,1608500
1,6435,250,1231.8826904296875,4.927530765533447,4.738705158233643,0.050000011920928955,1608750
1,6436,250,1168.75,4.675000190734863,4.881727695465088,0.050000011920928955,1609000
1,6437,250,1348.3157958984375,5.393263339996338,5.040441036224365,0.050000011920928955,1609250
1,6438,250,32.34967041015625,0.12939868867397308,4.914411544799805,0.050000011920928955,1609500
1,6439,250,1407.1881103515625,5.6287522315979,5.034161567687988,0.050000011920928955,1609750
1,6440,250,1292.2774658203125,5.16910982131958,4.6934003829956055,0.050000011920928955,1610000
1,6441,250,1524.39404296875,6.097576141357422,4.915322303771973,0.050000011920928955,1610250
1,6442,250,1222.3818359375,4.889527320861816,4.585158348083496,0.050000011920928955,1610500
1,6443,250,1496.271240234375,5.9850850105285645,4.585033416748047,0.050000011920928955,1610750
1,6444,250,4.106660842895508,0.01642664335668087,4.567824363708496,0.050000011920928955,1611000
1,6445,250,1603.025146484375,6.412100791931152,4.45220947265625,0.050000011920928955,1611250
1,6446,250,1592.02392578125,6.368095874786377,4.392067909240723,0.050000011920928955,1611500
1,6447,250,1486.46435546875,5.945857524871826,3.96734356880188,0.050000011920928955,1611750
1,6448,250,1664.199951171875,6.656799793243408,3.898601770401001,0.050000011920928955,1612000
1,6449,250,1514.927490234375,6.0597100257873535,3.9992504119873047,0.050000011920928955,1612250
1,6450,250,1662.478515625,6.649914264678955,3.7843010425567627,0.050000011920928955,1612500
1,6451,250,1799.008544921875,7.196033954620361,3.591296434402466,0.050000011920928955,1612750
1,6452,250,1738.18212890625,6.952728748321533,3.4996743202209473,0.050000011920928955,1613000
1,6453,250,1660.00732421875,6.640029430389404,3.106034517288208,0.050000011920928955,1613250
1,6454,250,1697.282958984375,6.7891316413879395,3.1870200634002686,0.050000011920928955,1613500
1,6455,250,1738.157470703125,6.952630043029785,3.1485302448272705,0.050000011920928955,1613750
1,6456,250,1740.1143798828125,6.9604573249816895,3.0373072624206543,0.050000011920928955,1614000
1,6457,250,1714.148193359375,6.856592655181885,3.0205700397491455,0.050000011920928955,1614250
1,6458,250,1669.653076171875,6.678612232208252,3.1461308002471924,0.050000011920928955,1614500
1,6459,250,1647.51025390625,6.590041160583496,3.086285352706909,0.050000011920928955,1614750
1,6460,250,1678.7567138671875,6.71502685546875,3.0461409091949463,0.050000011920928955,1615000
1,6461,250,1757.2344970703125,7.028937816619873,2.949636220932007,0.050000011920928955,1615250
1,6462,250,1777.3193359375,7.109277248382568,3.1991584300994873,0.050000011920928955,1615500
1,6463,250,1727.1881103515625,6.90875244140625,3.048156499862671,0.050000011920928955,1615750
1,6464,250,1709.0416259765625,6.8361663818359375,3.0085625648498535,0.050000011920928955,1616000
1,6465,250,1717.792236328125,6.871169090270996,3.20285701751709,0.050000011920928955,1616250
1,6466,250,1775.6044921875,7.102417945861816,3.0754153728485107,0.050000011920928955,1616500
1,6467,250,1702.833740234375,6.81133508682251,2.975499153137207,0.050000011920928955,1616750
1,6468,250,1736.08447265625,6.944337844848633,3.155862808227539,0.050000011920928955,1617000
1,6469,250,783.57275390625,3.134290933609009,3.1269466876983643,0.050000011920928955,1617250
1,6470,250,1774.515625,7.098062515258789,3.188519239425659,0.050000011920928955,1617500
1,6471,250,-59.919273376464844,-0.2396770864725113,3.2438082695007324,0.050000011920928955,1617750
1,6472,250,1679.6368408203125,6.718547344207764,3.4572763442993164,0.050000011920928955,1618000
1,6473,250,67.86690521240234,0.2714676260948181,3.5743281841278076,0.050000011920928955,1618250
1,6474,250,-11.90774917602539,-0.04763099551200867,3.7503488063812256,0.050000011920928955,1618500
1,6475,250,1905.1439208984375,7.620575904846191,3.878793239593506,0.050000011920928955,1618750
1,6476,250,1681.0052490234375,6.724020957946777,3.8658297061920166,0.050000011920928955,1619000
1,6477,250,-68.52399444580078,-0.27409598231315613,4.021793842315674,0.050000011920928955,1619250
1,6478,250,1603.6273193359375,6.414509296417236,3.8122286796569824,0.050000011920928955,1619500
1,6479,250,1630.1907958984375,6.520763397216797,3.708435297012329,0.050000011920928955,1619750
1,6480,250,1885.2728271484375,7.541091442108154,3.653517961502075,0.050000011920928955,1620000
1,6481,250,1761.986572265625,7.047946453094482,3.757350444793701,0.050000011920928955,1620250
1,6482,250,-29.290245056152344,-0.11716098338365555,3.8638923168182373,0.050000011920928955,1620500
1,6483,250,1910.06884765625,7.640275478363037,3.993105888366699,0.050000011920928955,1620750
1,6484,250,-33.97705078125,-0.13590820133686066,4.05048942565918,0.050000011920928955,1621000
1,6485,250,1359.038818359375,5.436155319213867,3.991636276245117,0.050000011920928955,1621250
1,6486,250,1722.265869140625,6.889063358306885,4.187026023864746,0.050000011920928955,1621500
1,6487,250,1597.822998046875,6.391292095184326,4.172896385192871,0.050000011920928955,1621750
1,6488,250,-27.00269317626953,-0.10801077634096146,4.222198963165283,0.050000011920928955,1622000
1,6489,250,15.217229843139648,0.060868918895721436,4.4958906173706055,0.050000011920928955,1622250
1,6490,250,-36.81422424316406,-0.14725689589977264,4.518651962280273,0.050000011920928955,1622500
1,6491,250,1656.5748291015625,6.6262993812561035,4.855197906494141,0.050000011920928955,1622750
1,6492,250,1705.8017578125,6.823206901550293,4.428719520568848,0.050000011920928955,1623000
1,6493,250,1635.440185546875,6.5417609214782715,4.566948413848877,0.050000011920928955,1623250
1,6494,250,879.1639404296875,3.516655683517456,4.838753700256348,0.050000011920928955,1623500
1,6495,250,1642.109375,6.568437576293945,4.797373294830322,0.050000011920928955,1623750
1,6496,250,1692.7706298828125,6.771082401275635,4.754669189453125,0.050000011920928955,1624000
1,6497,250,1657.400146484375,6.629600524902344,4.7924394607543945,0.050000011920928955,1624250
1,6498,250,1582.6187744140625,6.330475330352783,4.564972877502441,0.050000011920928955,1624500
1,6499,250,1601.0274658203125,6.404109954833984,4.745181560516357,0.050000011920928955,1624750
1,6500,250,1685.4083251953125,6.741633415222168,4.810585975646973,0.050000011920928955,1625000
1,6501,250,1750.145751953125,7.000583171844482,4.571018695831299,0.050000011920928955,1625250
1,6502,250,1754.896728515625,7.01958703994751,4.733203887939453,0.050000011920928955,1625500
1,6503,250,1212.5831298828125,4.850332736968994,4.456362247467041,0.050000011920928955,1625750
1,6504,250,773.9235229492188,3.095694065093994,4.684022903442383,0.050000011920928955,1626000
1,6505,250,1753.1622314453125,7.012649059295654,4.559061050415039,0.050000011920928955,1626250
1,6506,250,1366.90234375,5.467609405517578,4.66900634765625,0.050000011920928955,1626500
1,6507,250,1436.4000244140625,5.74560022354126,4.458930969238281,0.050000011920928955,1626750
1,6508,250,1787.44775390625,7.149791240692139,4.576548099517822,0.050000011920928955,1627000
1,6509,250,1874.1309814453125,7.496523857116699,4.281741142272949,0.050000011920928955,1627250
1,6510,250,809.3775634765625,3.2375102043151855,4.560690402984619,0.050000011920928955,1627500
1,6511,250,1426.674560546875,5.706698417663574,4.54046630859375,0.050000011920928955,1627750
1,6512,250,1544.5030517578125,6.178012371063232,4.571277618408203,0.050000011920928955,1628000
1,6513,250,1727.50537109375,6.9100213050842285,4.353343963623047,0.050000011920928955,1628250
1,6514,250,1377.490966796875,5.5099639892578125,4.246081829071045,0.050000011920928955,1628500
1,6515,250,1911.173828125,7.644695281982422,4.163487434387207,0.050000011920928955,1628750
1,6516,250,1740.2562255859375,6.961024761199951,3.9706428050994873,0.050000011920928955,1629000
1,6517,250,1589.6298828125,6.358519554138184,4.061298370361328,0.050000011920928955,1629250
1,6518,250,1741.811279296875,6.967245101928711,3.7667505741119385,0.050000011920928955,1629500
1,6519,250,1554.36865234375,6.217474460601807,3.7919390201568604,0.050000011920928955,1629750
1,6520,250,1908.9578857421875,7.635831356048584,3.90346097946167,0.050000011920928955,1630000
1,6521,250,1760.716552734375,7.042866230010986,3.7780630588531494,0.050000011920928955,1630250
1,6522,250,1703.147705078125,6.812590599060059,3.715669870376587,0.050000011920928955,1630500
1,6523,250,1532.075439453125,6.128301620483398,3.778904438018799,0.050000011920928955,1630750
1,6524,250,1753.5234375,7.01409387588501,3.471867322921753,0.050000011920928955,1631000
1,6525,250,1636.271484375,6.545085906982422,3.5610296726226807,0.050000011920928955,1631250
1,6526,250,1897.8616943359375,7.591446876525879,3.71408748626709,0.050000011920928955,1631500
1,6527,250,1884.4561767578125,7.537824630737305,3.484112501144409,0.050000011920928955,1631750
1,6528,250,1726.6220703125,6.906488418579102,3.3490853309631348,0.050000011920928955,1632000
1,6529,250,1535.2691650390625,6.141076564788818,3.327310800552368,0.050000011920928955,1632250
1,6530,250,1225.52001953125,4.902080059051514,3.063441038131714,0.050000011920928955,1632500
1,6531,250,1666.1640625,6.664656162261963,3.050916910171509,0.050000011920928955,1632750
1,6532,250,1922.087890625,7.688351631164551,2.9522032737731934,0.050000011920928955,1633000
1,6533,250,1028.4998779296875,4.113999366760254,3.1697232723236084,0.050000011920928955,1633250
1,6534,250,-65.42254638671875,-0.2616901993751526,3.32798433303833,0.050000011920928955,1633500
1,6535,250,158.8805389404297,0.6355221271514893,3.474271774291992,0.050000011920928955,1633750
1,6536,250,-32.254173278808594,-0.1290166974067688,3.3078272342681885,0.050000011920928955,1634000
1,6537,250,218.2735595703125,0.8730942606925964,3.833815097808838,0.050000011920928955,1634250
1,6538,250,377.1134033203125,1.508453607559204,3.9399800300598145,0.050000011920928955,1634500
1,6539,250,1659.531494140625,6.638125896453857,3.725306749343872,0.050000011920928955,1634750
1,6540,250,1498.85595703125,5.995423793792725,3.9792966842651367,0.050000011920928955,1635000
1,6541,250,1671.7537841796875,6.687015056610107,3.9774627685546875,0.050000011920928955,1635250
1,6542,250,1732.821044921875,6.931283950805664,4.111518383026123,0.050000011920928955,1635500
1,6543,250,1688.959228515625,6.7558369636535645,3.8698902130126953,0.050000011920928955,1635750
1,6544,250,1794.8101806640625,7.179240703582764,4.004796504974365,0.050000011920928955,1636000
1,6545,250,1669.9071044921875,6.679628372192383,3.984440326690674,0.050000011920928955,1636250
1,6546,250,1683.8564453125,6.73542594909668,3.9911203384399414,0.050000011920928955,1636500
1,6547,250,1685.1214599609375,6.740485668182373,3.8356270790100098,0.050000011920928955,1636750
1,6548,250,1692.3480224609375,6.769392013549805,3.727844476699829,0.050000011920928955,1637000
1,6549,250,1716.052734375,6.864211082458496,3.7921669483184814,0.050000011920928955,1637250
1,6550,250,1920.677978515625,7.682712078094482,3.8268487453460693,0.050000011920928955,1637500
1,6551,250,1700.34033203125,6.801361560821533,3.5718274116516113,0.050000011920928955,1637750
1,6552,250,1626.950439453125,6.507801532745361,3.500478744506836,0.050000011920928955,1638000
1,6553,250,1859.3193359375,7.437277317047119,3.441054344177246,0.050000011920928955,1638250
1,6554,250,1918.061279296875,7.672245025634766,3.5530757904052734,0.050000011920928955,1638500
1,6555,250,1715.845947265625,6.863383769989014,3.3727636337280273,0.050000011920928955,1638750
1,6556,250,1906.9873046875,7.627949237823486,3.221855640411377,0.050000011920928955,1639000
1,6557,250,1764.841064453125,7.059364318847656,3.624793529510498,0.050000011920928955,1639250
1,6558,250,1691.689208984375,6.766757011413574,3.5330352783203125,0.050000011920928955,1639500
1,6559,250,1742.9910888671875,6.971964359283447,3.723578691482544,0.050000011920928955,1639750
1,6560,250,1891.65087890625,7.566603660583496,3.4241104125976562,0.050000011920928955,1640000
1,6561,250,1687.8619384765625,6.751447677612305,3.5831942558288574,0.050000011920928955,1640250
1,6562,250,1712.70458984375,6.850818157196045,3.5821194648742676,0.050000011920928955,1640500
1,6563,250,1685.8798828125,6.743519306182861,3.404473304748535,0.050000011920928955,1640750
1,6564,250,1723.145751953125,6.892582893371582,3.2483971118927,0.050000011920928955,1641000
1,6565,250,72.94587707519531,0.29178351163864136,3.4882254600524902,0.050000011920928955,1641250
1,6566,250,1674.498046875,6.697992324829102,3.8947205543518066,0.050000011920928955,1641500
1,6567,250,1706.641845703125,6.82656717300415,3.762826919555664,0.050000011920928955,1641750
1,6568,250,1852.792236328125,7.411169052124023,3.7359633445739746,0.050000011920928955,1642000
1,6569,250,1695.904296875,6.78361701965332,3.760784149169922,0.050000011920928955,1642250
1,6570,250,1626.234375,6.504937648773193,3.766530752182007,0.050000011920928955,1642500
1,6571,250,1698.100830078125,6.792403221130371,3.6728107929229736,0.050000011920928955,1642750
1,6572,250,1629.904296875,6.519617080688477,3.8454108238220215,0.050000011920928955,1643000
1,6573,250,1705.6402587890625,6.822561264038086,3.901493787765503,0.050000011920928955,1643250
1,6574,250,1713.145751953125,6.852582931518555,3.4141438007354736,0.050000011920928955,1643500
1,6575,250,1696.4219970703125,6.7856879234313965,3.4443395137786865,0.050000011920928955,1643750
1,6576,250,1599.548095703125,6.398192405700684,3.082321882247925,0.050000011920928955,1644000
1,6577,250,1706.3441162109375,6.825376510620117,2.9197566509246826,0.050000011920928955,1644250
1,6578,250,1691.283935546875,6.765135765075684,2.7557380199432373,0.050000011920928955,1644500
1,6579,250,1734.003662109375,6.936014652252197,2.477165937423706,0.050000011920928955,1644750
1,6580,250,1701.04541015625,6.8041815757751465,2.6380767822265625,0.050000011920928955,1645000
1,6581,250,1671.8173828125,6.687269687652588,2.6907336711883545,0.050000011920928955,1645250
1,6582,250,1759.1746826171875,7.036698818206787,2.6820881366729736,0.050000011920928955,1645500
1,6583,250,1729.8897705078125,6.919559001922607,2.6797072887420654,0.050000011920928955,1645750
1,6584,250,1707.38330078125,6.829533100128174,2.6036012172698975,0.050000011920928955,1646000
1,6585,250,1908.4195556640625,7.633678436279297,2.6069283485412598,0.050000011920928955,1646250
1,6586,250,1702.620361328125,6.810481548309326,2.5555756092071533,0.050000011920928955,1646500
1,6587,250,117.48489379882812,0.46993958950042725,2.5359792709350586,0.050000011920928955,1646750
1,6588,250,1650.370361328125,6.6014814376831055,2.491636276245117,0.050000011920928955,1647000
1,6589,250,1779.994873046875,7.119979381561279,2.8148913383483887,0.050000011920928955,1647250
1,6590,250,1733.0531005859375,6.9322123527526855,2.7305383682250977,0.050000011920928955,1647500
1,6591,250,1720.5625,6.88224983215332,2.8527672290802,0.050000011920928955,1647750
1,6592,250,1747.6904296875,6.990761756896973,2.8012278079986572,0.050000011920928955,1648000
1,6593,250,1908.53759765625,7.634150505065918,2.83689546585083,0.050000011920928955,1648250
1,6594,250,1734.531494140625,6.938126087188721,2.8364150524139404,0.050000011920928955,1648500
1,6595,250,1708.5257568359375,6.834103107452393,2.777679204940796,0.050000011920928955,1648750
1,6596,250,1698.189453125,6.792757987976074,2.7924866676330566,0.050000011920928955,1649000
1,6597,250,1686.6690673828125,6.746676445007324,2.7217648029327393,0.050000011920928955,1649250
1,6598,250,13.251102447509766,0.05300441011786461,2.914189577102661,0.050000011920928955,1649500
1,6599,250,1784.5087890625,7.138035297393799,2.92230486869812,0.050000011920928955,1649750
1,6600,250,20.92144012451172,0.08368576318025589,3.045151472091675,0.050000011920928955,1650000
1,6601,250,1741.888916015625,6.967555522918701,3.3967368602752686,0.050000011920928955,1650250
1,6602,250,1684.82666015625,6.739306449890137,3.4601187705993652,0.050000011920928955,1650500
1,6603,250,1903.42431640625,7.613697052001953,3.128263235092163,0.050000011920928955,1650750
1,6604,250,1717.6845703125,6.870738506317139,3.174522638320923,0.050000011920928955,1651000
1,6605,250,1778.836181640625,7.115344524383545,3.0061986446380615,0.050000011920928955,1651250
1,6606,250,12.500205039978027,0.05000082030892372,3.2319533824920654,0.050000011920928955,1651500
1,6607,250,5.095422267913818,0.020381689071655273,3.1996848583221436,0.050000011920928955,1651750
1,6608,250,60.98790740966797,0.24395163357257843,3.313493013381958,0.050000011920928955,1652000
1,6609,250,544.0367431640625,2.176146984100342,3.7085213661193848,0.050000011920928955,1652250
1,6610,250,1032.012939453125,4.1280517578125,3.851961374282837,0.050000011920928955,1652500
1,6611,250,1297.389892578125,5.189559459686279,3.8891091346740723,0.050000011920928955,1652750
1,6612,250,970.9771118164062,3.88390851020813,4.030284404754639,0.050000011920928955,1653000
1,6613,250,1697.7642822265625,6.791057109832764,4.0026421546936035,0.050000011920928955,1653250
1,6614,250,1744.9453125,6.979781150817871,4.029529094696045,0.050000011920928955,1653500
1,6615,250,91.07559967041016,0.364302396774292,4.15938138961792,0.050000011920928955,1653750
1,6616,250,1645.54736328125,6.582189559936523,4.243099689483643,0.050000011920928955,1654000
1,6617,250,92.29144287109375,0.3691657781600952,4.198996543884277,0.050000011920928955,1654250
1,6618,250,1644.593017578125,6.578372001647949,4.484259605407715,0.050000011920928955,1654500
1,6619,250,1689.6263427734375,6.758505344390869,4.31481409072876,0.050000011920928955,1654750
1,6620,250,1669.28466796875,6.677138805389404,4.042848110198975,0.050000011920928955,1655000
1,6621,250,1726.1221923828125,6.904488563537598,4.576812744140625,0.050000011920928955,1655250
1,6622,250,1188.911865234375,4.755647659301758,4.366302490234375,0.050000011920928955,1655500
1,6623,250,1729.5709228515625,6.918283462524414,4.550374984741211,0.050000011920928955,1655750
1,6624,250,1700.97509765625,6.803900241851807,4.72794771194458,0.050000011920928955,1656000
1,6625,250,1223.230712890625,4.892922878265381,4.706631660461426,0.050000011920928955,1656250
1,6626,250,1410.1490478515625,5.640596389770508,4.768096446990967,0.050000011920928955,1656500
1,6627,250,56.58479309082031,0.2263391762971878,4.368810653686523,0.050000011920928955,1656750
1,6628,250,1434.3052978515625,5.7372212409973145,5.020002365112305,0.050000011920928955,1657000
1,6629,250,1675.132568359375,6.700530052185059,5.046478271484375,0.050000011920928955,1657250
1,6630,250,1721.22509765625,6.8849005699157715,5.073687553405762,0.050000011920928955,1657500
1,6631,250,1640.9384765625,6.563754081726074,4.737888813018799,0.050000011920928955,1657750
1,6632,250,1671.21044921875,6.684841632843018,4.576251983642578,0.050000011920928955,1658000
1,6633,250,1723.653076171875,6.8946123123168945,4.783146858215332,0.050000011920928955,1658250
1,6634,250,1421.43408203125,5.685736179351807,4.894505977630615,0.050000011920928955,1658500
1,6635,250,1701.7799072265625,6.807119846343994,4.566854000091553,0.050000011920928955,1658750
1,6636,250,1367.97314453125,5.471892356872559,4.974193096160889,0.050000011920928955,1659000
1,6637,250,1732.835693359375,6.931342601776123,5.163763046264648,0.050000011920928955,1659250
1,6638,250,1637.722412109375,6.550889492034912,5.118983268737793,0.050000011920928955,1659500
1,6639,250,1653.143798828125,6.612575054168701,4.888917922973633,0.050000011920928955,1659750
1,6640,250,1693.8548583984375,6.775419235229492,4.847689151763916,0.050000011920928955,1660000
1,6641,250,1666.7020263671875,6.666808128356934,4.721699237823486,0.050000011920928955,1660250
1,6642,250,1580.291748046875,6.3211669921875,4.987833023071289,0.050000011920928955,1660500
1,6643,250,1676.51171875,6.706047058105469,4.783133029937744,0.050000011920928955,1660750
1,6644,250,1688.48876953125,6.753954887390137,4.928012847900391,0.050000011920928955,1661000
1,6645,250,1772.5826416015625,7.090330600738525,4.915879249572754,0.050000011920928955,1661250
1,6646,250,1754.3499755859375,7.017399787902832,4.535150051116943,0.050000011920928955,1661500
1,6647,250,1697.2191162109375,6.788876533508301,4.553256988525391,0.050000011920928955,1661750
1,6648,250,1761.26513671875,7.045060634613037,4.390822410583496,0.050000011920928955,1662000
1,6649,250,1584.565185546875,6.338260650634766,4.389728546142578,0.050000011920928955,1662250
1,6650,250,1703.870849609375,6.815483570098877,4.025728702545166,0.050000011920928955,1662500
1,6651,250,1676.135986328125,6.7045440673828125,4.003784656524658,0.050000011920928955,1662750
1,6652,250,1540.4136962890625,6.161654949188232,3.7644355297088623,0.050000011920928955,1663000
1,6653,250,1648.250244140625,6.593000888824463,3.755882740020752,0.050000011920928955,1663250
1,6654,250,1668.852294921875,6.675409317016602,3.566859006881714,0.050000011920928955,1663500
1,6655,250,611.1008911132812,2.444403648376465,3.7614705562591553,0.050000011920928955,1663750
1,6656,250,1732.7288818359375,6.930915355682373,3.771122932434082,0.050000011920928955,1664000
1,6657,250,1551.44482421875,6.205779075622559,3.533569812774658,0.050000011920928955,1664250
1,6658,250,1577.29833984375,6.309193134307861,3.5028011798858643,0.050000011920928955,1664500
1,6659,250,1711.8880615234375,6.847552299499512,3.2843098640441895,0.050000011920928955,1664750
1,6660,250,1726.907958984375,6.907631874084473,3.324321985244751,0.050000011920928955,1665000
1,6661,250,1677.103759765625,6.7084150314331055,3.362283945083618,0.050000011920928955,1665250
1,6662,250,1632.448486328125,6.529793739318848,3.27994966506958,0.050000011920928955,1665500
1,6663,250,1673.0987548828125,6.692395210266113,3.4950010776519775,0.050000011920928955,1665750
1,6664,250,1852.49560546875,7.409982204437256,3.1574137210845947,0.050000011920928955,1666000
1,6665,250,1736.6495361328125,6.946598052978516,3.3166260719299316,0.050000011920928955,1666250
1,6666,250,1680.2867431640625,6.721147060394287,3.1752781867980957,0.050000011920928955,1666500
1,6667,250,1699.474853515625,6.79789924621582,3.073995351791382,0.050000011920928955,1666750
1,6668,250,1747.966796875,6.9918670654296875,2.95086932182312,0.050000011920928955,1667000
1,6669,250,1605.558837890625,6.422235488891602,2.947960138320923,0.050000011920928955,1667250
1,6670,250,939.4674072265625,3.7578697204589844,3.0684306621551514,0.050000011920928955,1667500
1,6671,250,1733.15380859375,6.932615280151367,3.124262571334839,0.050000011920928955,1667750
1,6672,250,1664.8975830078125,6.659590244293213,2.930854082107544,0.050000011920928955,1668000
1,6673,250,1786.05126953125,7.144205093383789,3.2504067420959473,0.050000011920928955,1668250
1,6674,250,1738.527099609375,6.954108238220215,3.242448091506958,0.050000011920928955,1668500
1,6675,250,1714.410400390625,6.857641696929932,3.130277156829834,0.050000011920928955,1668750
1,6676,250,1730.1031494140625,6.920412540435791,3.0245542526245117,0.050000011920928955,1669000
1,6677,250,1761.04296875,7.0441718101501465,3.144834280014038,0.050000011920928955,1669250
1,6678,250,1738.6085205078125,6.954433917999268,3.1056296825408936,0.050000011920928955,1669500
1,6679,250,1753.603271484375,7.014412879943848,2.895782470703125,0.050000011920928955,1669750
1,6680,250,1726.5352783203125,6.90614128112793,2.8650195598602295,0.050000011920928955,1670000
1,6681,250,1710.98486328125,6.843939304351807,3.426424264907837,0.050000011920928955,1670250
1,6682,250,1906.440185546875,7.625760555267334,3.0111358165740967,0.050000011920928955,1670500
1,6683,250,1711.604736328125,6.846418857574463,3.085611581802368,0.050000011920928955,1670750
1,6684,250,1720.74658203125,6.882986545562744,2.956608533859253,0.050000011920928955,1671000
1,6685,250,-58.50481033325195,-0.2340192347764969,3.2963624000549316,0.050000011920928955,1671250
1,6686,250,1777.6859130859375,7.110743522644043,3.393800973892212,0.050000011920928955,1671500
1,6687,250,1208.3419189453125,4.833367824554443,3.318838357925415,0.050000011920928955,1671750
1,6688,250,1906.6531982421875,7.626612663269043,3.406341075897217,0.050000011920928955,1672000
1,6689,250,1809.6556396484375,7.238622665405273,3.55149245262146,0.050000011920928955,1672250
1,6690,250,35.32073211669922,0.14128293097019196,3.4305291175842285,0.050000011920928955,1672500
1,6691,250,1714.1231689453125,6.856492519378662,3.837069034576416,0.050000011920928955,1672750
1,6692,250,1714.7822265625,6.859128952026367,3.8889408111572266,0.050000011920928955,1673000
1,6693,250,36.831764221191406,0.14732705056667328,4.04155969619751,0.050000011920928955,1673250
1,6694,250,1637.21826171875,6.548872947692871,4.076920509338379,0.050000011920928955,1673500
1,6695,250,1914.2752685546875,7.657101154327393,4.218315601348877,0.050000011920928955,1673750
1,6696,250,1882.696533203125,7.530786037445068,3.729095935821533,0.050000011920928955,1674000
1,6697,250,1884.9920654296875,7.539968490600586,4.0536417961120605,0.050000011920928955,1674250
1,6698,250,1696.3507080078125,6.785402774810791,3.9488871097564697,0.050000011920928955,1674500
1,6699,250,18.969249725341797,0.07587699592113495,4.058991432189941,0.050000011920928955,1674750
1,6700,250,1721.8055419921875,6.8872222900390625,4.287530422210693,0.050000011920928955,1675000
1,6701,250,1676.5701904296875,6.706280708312988,4.509387969970703,0.050000011920928955,1675250
1,6702,250,1886.9615478515625,7.54784631729126,4.32715368270874,0.050000011920928955,1675500
1,6703,250,1894.158447265625,7.576633930206299,4.596627712249756,0.050000011920928955,1675750
1,6704,250,1845.3974609375,7.381589889526367,4.157049179077148,0.050000011920928955,1676000
1,6705,250,1885.9677734375,7.54387092590332,4.473277568817139,0.050000011920928955,1676250
1,6706,250,1677.495849609375,6.7099833488464355,4.385063648223877,0.050000011920928955,1676500
1,6707,250,1.1415271759033203,0.00456610880792141,4.309497833251953,0.050000011920928955,1676750
1,6708,250,-1.2867766618728638,-0.005147106479853392,4.72421932220459,0.050000011920928955,1677000
1,6709,250,1703.07568359375,6.812302589416504,5.039684295654297,0.050000011920928955,1677250
1,6710,250,1907.5018310546875,7.630007266998291,4.476528644561768,0.050000011920928955,1677500
1,6711,250,1875.650390625,7.502601623535156,4.669013977050781,0.050000011920928955,1677750
1,6712,250,1894.18115234375,7.576724529266357,4.4072794914245605,0.050000011920928955,1678000
1,6713,250,13.964885711669922,0.05585954338312149,4.836139678955078,0.050000011920928955,1678250
1,6714,250,1902.267578125,7.609070301055908,4.780770778656006,0.050000011920928955,1678500
1,6715,250,1894.326904296875,7.57730770111084,4.726485729217529,0.050000011920928955,1678750
1,6716,250,1879.6826171875,7.518730640411377,4.648798942565918,0.050000011920928955,1679000
1,6717,250,1697.40478515625,6.789618968963623,4.961600303649902,0.050000011920928955,1679250
1,6718,250,1906.3101806640625,7.625240802764893,4.436399936676025,0.050000011920928955,1679500
1,6719,250,1893.303466796875,7.573214054107666,4.666090965270996,0.050000011920928955,1679750
1,6720,250,10.836578369140625,0.04334631189703941,4.773338794708252,0.050000011920928955,1680000
1,6721,250,1648.18896484375,6.5927557945251465,4.907833099365234,0.050000011920928955,1680250
1,6722,250,1880.2432861328125,7.520973205566406,4.787331581115723,0.050000011920928955,1680500
1,6723,250,50.07627487182617,0.20030510425567627,4.761015892028809,0.050000011920928955,1680750
1,6724,250,1701.8826904296875,6.807530879974365,4.7903056144714355,0.050000011920928955,1681000
1,6725,250,1939.954833984375,7.759819507598877,4.8325018882751465,0.050000011920928955,1681250
1,6726,250,1701.4814453125,6.8059258460998535,4.757885932922363,0.050000011920928955,1681500
1,6727,250,1909.5517578125,7.638206958770752,4.695934295654297,0.050000011920928955,1681750
1,6728,250,1830.321044921875,7.321284294128418,4.44253396987915,0.050000011920928955,1682000
1,6729,250,1888.861572265625,7.555446147918701,4.686218738555908,0.050000011920928955,1682250
1,6730,250,1717.20068359375,6.868802547454834,4.806606769561768,0.050000011920928955,1682500
1,6731,250,1683.1812744140625,6.732725143432617,4.18635368347168,0.050000011920928955,1682750
1,6732,250,1935.96728515625,7.743869304656982,4.288352012634277,0.050000011920928955,1683000
1,6733,250,1931.3546142578125,7.725418567657471,4.199671268463135,0.050000011920928955,1683250
1,6734,250,1723.32763671875,6.893310546875,3.856031656265259,0.050000011920928955,1683500
1,6735,250,1896.7296142578125,7.586918354034424,3.870844841003418,0.050000011920928955,1683750
1,6736,250,1874.6483154296875,7.498593330383301,3.63078236579895,0.050000011920928955,1684000
1,6737,250,1739.256103515625,6.957024574279785,3.9045512676239014,0.050000011920928955,1684250
1,6738,250,1915.50634765625,7.662025451660156,3.9056880474090576,0.050000011920928955,1684500
1,6739,250,33.899269104003906,0.1355970799922943,4.00724983215332,0.050000011920928955,1684750
1,6740,250,1890.06787109375,7.560271263122559,3.6466166973114014,0.050000011920928955,1685000
1,6741,250,1864.78173828125,7.459126949310303,4.045941352844238,0.050000011920928955,1685250
1,6742,250,1719.9542236328125,6.879817008972168,3.832188129425049,0.050000011920928955,1685500
1,6743,250,1919.2330322265625,7.676932334899902,3.7364375591278076,0.050000011920928955,1685750
1,6744,250,1907.801513671875,7.631206035614014,3.7699944972991943,0.050000011920928955,1686000
1,6745,250,1673.7694091796875,6.695077419281006,3.861281633377075,0.050000011920928955,1686250
1,6746,250,1786.8701171875,7.147480487823486,3.8362276554107666,0.050000011920928955,1686500
1,6747,250,1806.798583984375,7.227194309234619,3.7040395736694336,0.050000011920928955,1686750
1,6748,250,1885.0438232421875,7.540175437927246,3.4061155319213867,0.050000011920928955,1687000
1,6749,250,1794.69775390625,7.178791046142578,3.4115939140319824,0.050000011920928955,1687250
1,6750,250,1865.16015625,7.4606404304504395,3.0082356929779053,0.050000011920928955,1687500
1,6751,250,1697.660888671875,6.790643692016602,3.3565614223480225,0.050000011920928955,1687750
1,6752,250,1958.2318115234375,7.832927227020264,3.4052600860595703,0.050000011920928955,1688000
1,6753,250,1697.977783203125,6.7919111251831055,2.9906299114227295,0.050000011920928955,1688250
1,6754,250,1867.6669921875,7.470667839050293,3.1371443271636963,0.050000011920928955,1688500
1,6755,250,1812.0667724609375,7.24826717376709,3.1511733531951904,0.050000011920928955,1688750
1,6756,250,1916.84814453125,7.667392730712891,3.162998676300049,0.050000011920928955,1689000
1,6757,250,1890.42529296875,7.56170129776001,3.403141975402832,0.050000011920928955,1689250
1,6758,250,1870.660400390625,7.482641696929932,3.2957763671875,0.050000011920928955,1689500
1,6759,250,27.950366973876953,0.11180146783590317,3.2734012603759766,0.050000011920928955,1689750
1,6760,250,1647.01025390625,6.588040828704834,3.542790412902832,0.050000011920928955,1690000
1,6761,250,1892.4490966796875,7.569796562194824,3.6084935665130615,0.050000011920928955,1690250
1,6762,250,1884.900146484375,7.539600372314453,3.5557215213775635,0.050000011920928955,1690500
1,6763,250,1933.364013671875,7.733456134796143,3.3260605335235596,0.050000011920928955,1690750
1,6764,250,1905.8974609375,7.623589992523193,2.982337713241577,0.050000011920928955,1691000
1,6765,250,1721.634033203125,6.886536121368408,2.936765193939209,0.050000011920928955,1691250
1,6766,250,1618.584228515625,6.474337100982666,3.0013387203216553,0.050000011920928955,1691500
1,6767,250,1680.030517578125,6.72012186050415,3.1117639541625977,0.050000011920928955,1691750
1,6768,250,-22.600099563598633,-0.09040039777755737,3.1143412590026855,0.050000011920928955,1692000
1,6769,250,1669.4588623046875,6.677835464477539,3.438596248626709,0.050000011920928955,1692250
1,6770,250,1894.53955078125,7.578158378601074,3.4121804237365723,0.050000011920928955,1692500
1,6771,250,1676.889892578125,6.707559585571289,3.2621870040893555,0.050000011920928955,1692750
1,6772,250,1683.90673828125,6.735627174377441,3.4209389686584473,0.050000011920928955,1693000
1,6773,250,1631.26025390625,6.525041103363037,3.4454147815704346,0.050000011920928955,1693250
1,6774,250,1973.8970947265625,7.895588397979736,3.3936612606048584,0.050000011920928955,1693500
1,6775,250,1896.425048828125,7.585700035095215,3.359679937362671,0.050000011920928955,1693750
1,6776,250,1588.8177490234375,6.355270862579346,3.286376953125,0.050000011920928955,1694000
1,6777,250,1890.0751953125,7.560300827026367,3.2421352863311768,0.050000011920928955,1694250
1,6778,250,1892.779296875,7.571117401123047,3.0292844772338867,0.050000011920928955,1694500
1,6779,250,1906.5709228515625,7.626283645629883,3.403367519378662,0.050000011920928955,1694750
1,6780,250,16.504043579101562,0.06601617485284805,3.0168049335479736,0.050000011920928955,1695000
1,6781,250,1723.96728515625,6.895869255065918,3.4417974948883057,0.050000011920928955,1695250
1,6782,250,11.55173397064209,0.04620693624019623,3.6008596420288086,0.050000011920928955,1695500
1,6783,250,1699.29736328125,6.797189235687256,3.6687729358673096,0.050000011920928955,1695750
1,6784,250,1908.224365234375,7.63289737701416,3.7375648021698,0.050000011920928955,1696000
1,6785,250,1930.990478515625,7.72396183013916,3.769237518310547,0.050000011920928955,1696250
1,6786,250,1941.40966796875,7.765638828277588,3.313920259475708,0.050000011920928955,1696500
1,6787,250,1736.4822998046875,6.945929050445557,3.6008756160736084,0.050000011920928955,1696750
1,6788,250,1878.784912109375,7.515139579772949,3.6613473892211914,0.050000011920928955,1697000
1,6789,250,1710.129150390625,6.840516567230225,3.529303550720215,0.050000011920928955,1697250
1,6790,250,1634.706298828125,6.538825035095215,3.542632818222046,0.050000011920928955,1697500
1,6791,250,1457.9365234375,5.8317461013793945,3.8395235538482666,0.050000011920928955,1697750
1,6792,250,1712.67236328125,6.85068941116333,3.238945722579956,0.050000011920928955,1698000
1,6793,250,1849.6026611328125,7.398410797119141,3.5224554538726807,0.050000011920928955,1698250
1,6794,250,1672.6759033203125,6.690703392028809,3.670773506164551,0.050000011920928955,1698500
1,6795,250,-90.45561218261719,-0.3618224561214447,3.6579294204711914,0.050000011920928955,1698750
1,6796,250,1685.014404296875,6.740057468414307,3.9393739700317383,0.050000011920928955,1699000
1,6797,250,1578.3851318359375,6.313540458679199,4.107644081115723,0.050000011920928955,1699250
1,6798,250,922.780517578125,3.691122055053711,3.8577356338500977,0.050000011920928955,1699500
1,6799,250,-24.53899574279785,-0.09815598279237747,3.9468889236450195,0.050000011920928955,1699750
1,6800,250,1674.2403564453125,6.696961402893066,4.008031368255615,0.050000011920928955,1700000
1,6801,250,1664.5814208984375,6.658325672149658,4.178049087524414,0.050000011920928955,1700250
1,6802,250,1953.830322265625,7.815321445465088,4.134406566619873,0.050000011920928955,1700500
1,6803,250,1672.692626953125,6.690770626068115,3.760255813598633,0.050000011920928955,1700750
1,6804,250,1685.5008544921875,6.742003440856934,4.041763782501221,0.050000011920928955,1701000
1,6805,250,1688.4166259765625,6.753666400909424,4.024142742156982,0.050000011920928955,1701250
1,6806,250,1669.126708984375,6.676506996154785,4.178132057189941,0.050000011920928955,1701500
1,6807,250,1674.6787109375,6.698714733123779,4.156764507293701,0.050000011920928955,1701750
1,6808,250,610.01953125,2.440078020095825,4.259753704071045,0.050000011920928955,1702000
1,6809,250,1230.2698974609375,4.921079635620117,4.08551549911499,0.050000011920928955,1702250
1,6810,250,1698.080322265625,6.79232120513916,4.310517311096191,0.050000011920928955,1702500
1,6811,250,1623.545654296875,6.494182586669922,4.12601375579834,0.050000011920928955,1702750
1,6812,250,1736.3287353515625,6.945314884185791,4.201406002044678,0.050000011920928955,1703000
1,6813,250,1693.82958984375,6.775318145751953,4.139965534210205,0.050000011920928955,1703250
1,6814,250,1624.5704345703125,6.498281955718994,4.086742401123047,0.050000011920928955,1703500
1,6815,250,1657.101806640625,6.628407001495361,3.9626593589782715,0.050000011920928955,1703750
1,6816,250,1642.7919921875,6.571167945861816,3.995281457901001,0.050000011920928955,1704000
1,6817,250,1713.4456787109375,6.853782653808594,4.20954704284668,0.050000011920928955,1704250
1,6818,250,1700.0770263671875,6.8003082275390625,4.441015243530273,0.050000011920928955,1704500
1,6819,250,1702.1446533203125,6.8085784912109375,3.9732470512390137,0.050000011920928955,1704750
1,6820,250,25.102693557739258,0.10041077435016632,4.231623649597168,0.050000011920928955,1705000
1,6821,250,1716.109619140625,6.864438533782959,4.0448503494262695,0.050000011920928955,1705250
1,6822,250,1901.3746337890625,7.605498313903809,3.931321859359741,0.050000011920928955,1705500
1,6823,250,1937.518310546875,7.750073432922363,3.782435655593872,0.050000011920928955,1705750
1,6824,250,1756.283935546875,7.025135517120361,3.8994743824005127,0.050000011920928955,1706000
1,6825,250,1706.2694091796875,6.825077533721924,3.9507648944854736,0.050000011920928955,1706250
1,6826,250,1916.8304443359375,7.667321681976318,4.1567511558532715,0.050000011920928955,1706500
1,6827,250,770.5648803710938,3.0822594165802,4.079098224639893,0.050000011920928955,1706750
1,6828,250,1943.6678466796875,7.77467155456543,4.11005163192749,0.050000011920928955,1707000
1,6829,250,1665.935546875,6.6637420654296875,4.385408401489258,0.050000011920928955,1707250
1,6830,250,1949.467529296875,7.79787015914917,4.460657119750977,0.050000011920928955,1707500
1,6831,250,1937.9759521484375,7.751904010772705,4.031773090362549,0.050000011920928955,1707750
1,6832,250,-10.839085578918457,-0.04335634410381317,4.069497585296631,0.050000011920928955,1708000
1,6833,250,1508.4278564453125,6.0337114334106445,4.486705780029297,0.050000011920928955,1708250
1,6834,250,1705.5599365234375,6.822239875793457,4.449106693267822,0.050000011920928955,1708500
1,6835,250,1898.157470703125,7.592629909515381,4.581773281097412,0.050000011920928955,1708750
1,6836,250,1660.878173828125,6.643512725830078,4.201716899871826,0.050000011920928955,1709000
1,6837,250,1618.9169921875,6.475667953491211,4.2971415519714355,0.050000011920928955,1709250
1,6838,250,1973.6707763671875,7.894682884216309,4.061404228210449,0.050000011920928955,1709500
1,6839,250,1938.9024658203125,7.75560998916626,4.040334224700928,0.050000011920928955,1709750
1,6840,250,1929.906494140625,7.719625949859619,3.8731677532196045,0.050000011920928955,1710000
1,6841,250,32.462520599365234,0.1298500895500183,3.821324586868286,0.050000011920928955,1710250
1,6842,250,1883.664794921875,7.534659385681152,4.020053863525391,0.050000011920928955,1710500
1,6843,250,1908.4405517578125,7.633762359619141,3.918858051300049,0.050000011920928955,1710750
1,6844,250,1899.1383056640625,7.596553325653076,4.055951118469238,0.050000011920928955,1711000
1,6845,250,1869.0250244140625,7.476099967956543,4.216434001922607,0.050000011920928955,1711250
1,6846,250,1913.8736572265625,7.655494689941406,4.040806293487549,0.050000011920928955,1711500
1,6847,250,-1.5069427490234375,-0.006027771160006523,4.046657085418701,0.050000011920928955,1711750
1,6848,250,1915.844970703125,7.663379669189453,4.165726184844971,0.050000011920928955,1712000
1,6849,250,1784.60498046875,7.138420104980469,4.309784889221191,0.050000011920928955,1712250
1,6850,250,1860.4677734375,7.441871166229248,3.996767520904541,0.050000011920928955,1712500
1,6851,250,1935.605224609375,7.742420673370361,3.976515531539917,0.050000011920928955,1712750
1,6852,250,15.171186447143555,0.06068474426865578,4.263704776763916,0.050000011920928955,1713000
1,6853,250,1899.361572265625,7.597446441650391,4.261951923370361,0.050000011920928955,1713250
1,6854,250,-57.92097473144531,-0.2316838949918747,4.3280839920043945,0.050000011920928955,1713500
1,6855,250,1879.7894287109375,7.519157886505127,4.696499824523926,0.050000011920928955,1713750
1,6856,250,1857.180908203125,7.4287238121032715,4.538825035095215,0.050000011920928955,1714000
1,6857,250,1877.83447265625,7.511337757110596,4.382466793060303,0.050000011920928955,1714250
1,6858,250,1807.732421875,7.230929851531982,4.340996742248535,0.050000011920928955,1714500
1,6859,250,1860.392333984375,7.4415693283081055,4.361283302307129,0.050000011920928955,1714750
1,6860,250,1872.7950439453125,7.491179943084717,4.408196449279785,0.050000011920928955,1715000
1,6861,250,-54.688507080078125,-0.21875402331352234,4.310985088348389,0.050000011920928955,1715250
1,6862,250,1584.576904296875,6.3383073806762695,4.468859672546387,0.050000011920928955,1715500
1,6863,250,1852.0311279296875,7.4081244468688965,4.321732997894287,0.050000011920928955,1715750
1,6864,250,1838.548828125,7.3541951179504395,3.9434757232666016,0.050000011920928955,1716000
1,6865,250,1849.150634765625,7.396602630615234,4.02646017074585,0.050000011920928955,1716250
1,6866,250,1323.5682373046875,5.2942728996276855,4.347961902618408,0.050000011920928955,1716500
1,6867,250,1888.560302734375,7.554241180419922,4.459985256195068,0.050000011920928955,1716750
1,6868,250,1861.8895263671875,7.4475579261779785,4.076604843139648,0.050000011920928955,1717000
1,6869,250,-20.59702491760254,-0.08238810300827026,4.148756504058838,0.050000011920928955,1717250
1,6870,250,1912.4482421875,7.6497931480407715,4.0170745849609375,0.050000011920928955,1717500
1,6871,250,1912.8192138671875,7.6512770652771,4.075174808502197,0.050000011920928955,1717750
1,6872,250,1848.4573974609375,7.393829822540283,4.183394908905029,0.050000011920928955,1718000
1,6873,250,1675.964111328125,6.703856468200684,3.953420877456665,0.050000011920928955,1718250
1,6874,250,1746.7779541015625,6.987112045288086,3.733208417892456,0.050000011920928955,1718500
1,6875,250,1696.2061767578125,6.784824848175049,4.119210243225098,0.050000011920928955,1718750
1,6876,250,1946.4365234375,7.785746097564697,3.7012457847595215,0.050000011920928955,1719000
1,6877,250,1901.564453125,7.606257915496826,3.578157901763916,0.050000011920928955,1719250
1,6878,250,1936.1025390625,7.744410037994385,3.4152209758758545,0.050000011920928955,1719500
1,6879,250,1884.021240234375,7.53608512878418,3.524176836013794,0.050000011920928955,1719750
1,6880,250,1675.296142578125,6.7011847496032715,3.7234549522399902,0.050000011920928955,1720000
1,6881,250,1902.68017578125,7.610720634460449,3.4430394172668457,0.050000011920928955,1720250
1,6882,250,1930.3082275390625,7.721232891082764,3.2340221405029297,0.050000011920928955,1720500
1,6883,250,10.721684455871582,0.04288673773407936,3.254239320755005,0.050000011920928955,1720750
1,6884,250,1795.8394775390625,7.1833577156066895,3.4542949199676514,0.050000011920928955,1721000
1,6885,250,1963.516357421875,7.854065418243408,3.2804110050201416,0.050000011920928955,1721250
1,6886,250,1900.510498046875,7.602042198181152,3.172351598739624,0.050000011920928955,1721500
1,6887,250,1741.65380859375,6.966615200042725,3.1778836250305176,0.050000011920928955,1721750
1,6888,250,1916.08642578125,7.664345741271973,3.2836129665374756,0.050000011920928955,1722000
1,6889,250,1892.29248046875,7.569169998168945,3.263028621673584,0.050000011920928955,1722250
1,6890,250,50.25236129760742,0.20100945234298706,3.3616538047790527,0.050000011920928955,1722500
1,6891,250,1691.45263671875,6.765810489654541,3.268322229385376,0.050000011920928955,1722750
1,6892,250,32.12126922607422,0.1284850835800171,3.2462656497955322,0.050000011920928955,1723000
1,6893,250,1715.2369384765625,6.860947608947754,3.171476364135742,0.050000011920928955,1723250
1,6894,250,12.581788063049316,0.050327152013778687,3.3553106784820557,0.050000011920928955,1723500
1,6895,250,1673.1761474609375,6.692704677581787,3.210916519165039,0.050000011920928955,1723750
1,6896,250,1931.4454345703125,7.7257819175720215,3.4700841903686523,0.050000011920928955,1724000
1,6897,250,1700.03125,6.8001251220703125,3.4609179496765137,0.050000011920928955,1724250
1,6898,250,1507.06396484375,6.028255939483643,3.3723816871643066,0.050000011920928955,1724500
1,6899,250,1578.301025390625,6.313204288482666,3.4073736667633057,0.050000011920928955,1724750
1,6900,250,-239.88113403320312,-0.9595245122909546,3.4731593132019043,0.050000011920928955,1725000
1,6901,250,1751.040771484375,7.0041632652282715,3.379138946533203,0.050000011920928955,1725250
1,6902,250,1662.005126953125,6.6480207443237305,3.4515278339385986,0.050000011920928955,1725500
1,6903,250,1704.549072265625,6.8181962966918945,3.6340270042419434,0.050000011920928955,1725750
1,6904,250,1663.4713134765625,6.653885364532471,3.2987611293792725,0.050000011920928955,1726000
1,6905,250,1633.639892578125,6.534559726715088,3.7212016582489014,0.050000011920928955,1726250
1,6906,250,1569.2042236328125,6.2768168449401855,3.543430805206299,0.050000011920928955,1726500
1,6907,250,1615.6461181640625,6.462584495544434,3.552711009979248,0.050000011920928955,1726750
1,6908,250,1677.3837890625,6.709535121917725,3.6449265480041504,0.050000011920928955,1727000
1,6909,250,1927.1591796875,7.70863676071167,3.5988450050354004,0.050000011920928955,1727250
1,6910,250,1897.97265625,7.591890811920166,3.52533221244812,0.050000011920928955,1727500
1,6911,250,1723.2884521484375,6.893153667449951,3.44926381111145,0.050000011920928955,1727750
1,6912,250,1644.13720703125,6.576549053192139,3.475813627243042,0.050000011920928955,1728000
1,6913,250,1685.677978515625,6.742712020874023,3.569033622741699,0.050000011920928955,1728250
1,6914,250,1707.240966796875,6.828963756561279,3.449147939682007,0.050000011920928955,1728500
1,6915,250,1710.8907470703125,6.843563079833984,3.526658773422241,0.050000011920928955,1728750
1,6916,250,1900.1029052734375,7.600411415100098,3.579740285873413,0.050000011920928955,1729000
1,6917,250,1903.376220703125,7.613504886627197,3.536195755004883,0.050000011920928955,1729250
1,6918,250,1651.1871337890625,6.604748725891113,3.5098366737365723,0.050000011920928955,1729500
1,6919,250,1711.0496826171875,6.844198703765869,3.567310333251953,0.050000011920928955,1729750
1,6920,250,1636.8155517578125,6.547262191772461,3.472916841506958,0.050000011920928955,1730000
1,6921,250,-52.78044891357422,-0.2111217975616455,3.7346832752227783,0.050000011920928955,1730250
1,6922,250,1896.819091796875,7.587276458740234,4.065218925476074,0.050000011920928955,1730500
1,6923,250,1962.9730224609375,7.851891994476318,3.800999641418457,0.050000011920928955,1730750
1,6924,250,-68.4936294555664,-0.2739745080471039,3.9049739837646484,0.050000011920928955,1731000
1,6925,250,1736.9873046875,6.947949409484863,4.732283592224121,0.050000011920928955,1731250
1,6926,250,-43.03205490112305,-0.17212821543216705,4.735219478607178,0.050000011920928955,1731500
1,6927,250,-77.77593994140625,-0.3111037611961365,4.8554887771606445,0.050000011920928955,1731750
1,6928,250,-70.55040740966797,-0.2822016179561615,5.329659938812256,0.050000011920928955,1732000
1,6929,250,1757.421630859375,7.029686450958252,5.538506984710693,0.050000011920928955,1732250
1,6930,250,-77.05946350097656,-0.30823785066604614,5.335204601287842,0.050000011920928955,1732500
1,6931,250,1719.5792236328125,6.878316879272461,5.4067182540893555,0.050000011920928955,1732750
1,6932,250,-82.377197265625,-0.32950878143310547,5.50618314743042,0.050000011920928955,1733000
1,6933,250,1776.701171875,7.106804847717285,5.740561008453369,0.050000011920928955,1733250
1,6934,250,1962.74365234375,7.8509745597839355,5.285709381103516,0.050000011920928955,1733500
1,6935,250,1936.41796875,7.74567174911499,5.419021129608154,0.050000011920928955,1733750
1,6936,250,1731.6572265625,6.926629066467285,5.089123249053955,0.050000011920928955,1734000
1,6937,250,1638.323974609375,6.553296089172363,4.841989517211914,0.050000011920928955,1734250
1,6938,250,1931.68212890625,7.726728439331055,5.241875171661377,0.050000011920928955,1734500
1,6939,250,-31.672645568847656,-0.1266905814409256,4.8422346115112305,0.050000011920928955,1734750
1,6940,250,1915.06591796875,7.660263538360596,4.945010662078857,0.050000011920928955,1735000
1,6941,250,1722.19677734375,6.888787269592285,5.502383232116699,0.050000011920928955,1735250
1,6942,250,1964.892333984375,7.859569549560547,4.973801612854004,0.050000011920928955,1735500
1,6943,250,1923.5250244140625,7.6940999031066895,4.906282424926758,0.050000011920928955,1735750
1,6944,250,1931.219970703125,7.724879741668701,4.950201034545898,0.050000011920928955,1736000
1,6945,250,1974.140869140625,7.896563529968262,5.216265678405762,0.050000011920928955,1736250
1,6946,250,1926.025146484375,7.704100608825684,5.001781940460205,0.050000011920928955,1736500
1,6947,250,1567.85107421875,6.271404266357422,4.908694267272949,0.050000011920928955,1736750
1,6948,250,1693.39697265625,6.773587703704834,4.6767191886901855,0.050000011920928955,1737000
1,6949,250,1744.576171875,6.978304862976074,4.961954116821289,0.050000011920928955,1737250
1,6950,250,1901.4317626953125,7.605727195739746,4.5977959632873535,0.050000011920928955,1737500
1,6951,250,1587.807861328125,6.351231575012207,4.636753082275391,0.050000011920928955,1737750
1,6952,250,1935.5472412109375,7.742188930511475,4.5367937088012695,0.050000011920928955,1738000
1,6953,250,1936.447509765625,7.745790004730225,4.508361339569092,0.050000011920928955,1738250
1,6954,250,1925.857421875,7.703429698944092,4.766062259674072,0.050000011920928955,1738500
1,6955,250,1855.7479248046875,7.422991752624512,4.501111030578613,0.050000011920928955,1738750
1,6956,250,1578.314697265625,6.313258647918701,4.584758281707764,0.050000011920928955,1739000
1,6957,250,23.978408813476562,0.09591363370418549,4.773228168487549,0.050000011920928955,1739250
1,6958,250,1923.175537109375,7.692702293395996,4.509893417358398,0.050000011920928955,1739500
1,6959,250,1654.6434326171875,6.6185736656188965,4.913008213043213,0.050000011920928955,1739750
1,6960,250,1813.8463134765625,7.255385398864746,4.675113677978516,0.050000011920928955,1740000
1,6961,250,1914.1141357421875,7.656456470489502,4.649904251098633,0.050000011920928955,1740250
1,6962,250,1763.7821044921875,7.055128574371338,4.342605113983154,0.050000011920928955,1740500
1,6963,250,1922.6986083984375,7.690794467926025,4.290694713592529,0.050000011920928955,1740750
1,6964,250,1941.7103271484375,7.766841411590576,4.658916473388672,0.050000011920928955,1741000
1,6965,250,1895.65625,7.582624912261963,4.4820990562438965,0.050000011920928955,1741250
1,6966,250,1901.535400390625,7.606141567230225,4.1668171882629395,0.050000011920928955,1741500
1,6967,250,1869.22216796875,7.476888656616211,4.151757717132568,0.050000011920928955,1741750
1,6968,250,1757.6180419921875,7.030472278594971,3.938016653060913,0.050000011920928955,1742000
1,6969,250,1784.755126953125,7.1390204429626465,3.5914433002471924,0.050000011920928955,1742250
1,6970,250,1916.3525390625,7.665410041809082,3.4200611114501953,0.050000011920928955,1742500
1,6971,250,-23.130962371826172,-0.09252385050058365,3.3383800983428955,0.050000011920928955,1742750
1,6972,250,1945.9810791015625,7.783924102783203,3.1364858150482178,0.050000011920928955,1743000
1,6973,250,1937.6746826171875,7.750698566436768,3.3877274990081787,0.050000011920928955,1743250
1,6974,250,1746.380615234375,6.985522270202637,3.4635989665985107,0.050000011920928955,1743500
1,6975,250,903.972900390625,3.615891695022583,3.3221492767333984,0.050000011920928955,1743750
1,6976,250,1715.2763671875,6.861105442047119,3.456029176712036,0.050000011920928955,1744000
1,6977,250,1657.014404296875,6.628057479858398,3.185411214828491,0.050000011920928955,1744250
1,6978,250,1649.970703125,6.59988260269165,3.3897929191589355,0.050000011920928955,1744500
1,6979,250,1740.5601806640625,6.962240695953369,3.180061101913452,0.050000011920928955,1744750
1,6980,250,1622.8511962890625,6.491405010223389,3.1019179821014404,0.050000011920928955,1745000
1,6981,250,1751.486328125,7.005945205688477,3.155423164367676,0.050000011920928955,1745250
1,6982,250,1965.10400390625,7.860415935516357,3.037299394607544,0.050000011920928955,1745500
1,6983,250,23.38922119140625,0.09355688840150833,3.185532569885254,0.050000011920928955,1745750
1,6984,250,1881.9993896484375,7.5279974937438965,3.5066819190979004,0.050000011920928955,1746000
1,6985,250,1732.959228515625,6.93183708190918,3.4811794757843018,0.050000011920928955,1746250
1,6986,250,1846.6868896484375,7.386747360229492,3.4793498516082764,0.050000011920928955,1746500
1,6987,250,1788.42822265625,7.153712749481201,3.485189437866211,0.050000011920928955,1746750
1,6988,250,1900.955078125,7.603820323944092,3.5579311847686768,0.050000011920928955,1747000
1,6989,250,1909.45458984375,7.637818336486816,3.386223316192627,0.050000011920928955,1747250
1,6990,250,1568.341796875,6.273367404937744,3.3173727989196777,0.050000011920928955,1747500
1,6991,250,1965.040771484375,7.86016321182251,3.479431390762329,0.050000011920928955,1747750
1,6992,250,1780.7066650390625,7.12282657623291,3.266854763031006,0.050000011920928955,1748000
1,6993,250,1938.8448486328125,7.7553791999816895,3.504068613052368,0.050000011920928955,1748250
1,6994,250,1715.586181640625,6.862344741821289,3.600111484527588,0.050000011920928955,1748500
1,6995,250,1693.383544921875,6.773534297943115,3.4113736152648926,0.050000011920928955,1748750
1,6996,250,1922.561279296875,7.690245151519775,3.658129930496216,0.050000011920928955,1749000
1,6997,250,1963.58203125,7.854328155517578,3.3504879474639893,0.050000011920928955,1749250
1,6998,250,1563.231201171875,6.252924919128418,3.3510894775390625,0.050000011920928955,1749500
1,6999,250,1979.93115234375,7.919724464416504,3.4469361305236816,0.050000011920928955,1749750
1,7000,250,1726.287353515625,6.905149459838867,3.1844539642333984,0.050000011920928955,1750000
1,7001,250,1930.4866943359375,7.721946716308594,3.292651891708374,0.050000011920928955,1750250
1,7002,250,1964.3778076171875,7.857511043548584,3.3654134273529053,0.050000011920928955,1750500
1,7003,250,1932.57080078125,7.730283260345459,3.2203049659729004,0.050000011920928955,1750750
1,7004,250,1702.634521484375,6.810538291931152,3.2342121601104736,0.050000011920928955,1751000
1,7005,250,475.09869384765625,1.9003947973251343,3.3941571712493896,0.050000011920928955,1751250
1,7006,250,1905.0323486328125,7.620129585266113,3.5329504013061523,0.050000011920928955,1751500
1,7007,250,1933.272705078125,7.733090877532959,3.542440891265869,0.050000011920928955,1751750
1,7008,250,1687.644775390625,6.750578880310059,3.467074394226074,0.050000011920928955,1752000
1,7009,250,1961.223388671875,7.844893455505371,3.529486656188965,0.050000011920928955,1752250
1,7010,250,838.190185546875,3.3527607917785645,3.69533109664917,0.050000011920928955,1752500
1,7011,250,1929.56298828125,7.718252182006836,3.708242654800415,0.050000011920928955,1752750
1,7012,250,1710.0455322265625,6.840182304382324,3.4931657314300537,0.050000011920928955,1753000
1,7013,250,1614.9595947265625,6.459838390350342,3.604412317276001,0.050000011920928955,1753250
1,7014,250,1934.6370849609375,7.738548278808594,3.816102981567383,0.050000011920928955,1753500
1,7015,250,1679.42236328125,6.717689514160156,3.47123122215271,0.050000011920928955,1753750
1,7016,250,1749.435302734375,6.997741222381592,3.564725160598755,0.050000011920928955,1754000
1,7017,250,1942.4744873046875,7.769897937774658,3.6249947547912598,0.050000011920928955,1754250
1,7018,250,1968.2958984375,7.873183727264404,3.5953664779663086,0.050000011920928955,1754500
1,7019,250,1892.047119140625,7.568188667297363,3.378446102142334,0.050000011920928955,1754750
1,7020,250,1755.1336669921875,7.020534515380859,3.3722643852233887,0.050000011920928955,1755000
1,7021,250,1926.6005859375,7.70640230178833,3.6388113498687744,0.050000011920928955,1755250
1,7022,250,17.02055549621582,0.06808222085237503,3.527477741241455,0.050000011920928955,1755500
1,7023,250,1941.056640625,7.76422643661499,3.703819751739502,0.050000011920928955,1755750
1,7024,250,1858.74072265625,7.434962749481201,3.5282771587371826,0.050000011920928955,1756000
1,7025,250,1936.1055908203125,7.744422435760498,3.621870517730713,0.050000011920928955,1756250
1,7026,250,46.78239440917969,0.18712957203388214,3.481173276901245,0.050000011920928955,1756500
1,7027,250,26.46515464782715,0.1058606207370758,3.657008171081543,0.050000011920928955,1756750
1,7028,250,58.8087158203125,0.23523485660552979,4.177166938781738,0.050000011920928955,1757000
1,7029,250,1852.222412109375,7.4088897705078125,4.464237213134766,0.050000011920928955,1757250
1,7030,250,1795.3558349609375,7.181423187255859,4.4241862297058105,0.050000011920928955,1757500
1,7031,250,495.43218994140625,1.9817287921905518,4.179129600524902,0.050000011920928955,1757750
1,7032,250,1929.8524169921875,7.719409465789795,4.587103843688965,0.050000011920928955,1758000
1,7033,250,1794.2874755859375,7.177149772644043,4.856020927429199,0.050000011920928955,1758250
1,7034,250,1648.391845703125,6.593567371368408,4.436046600341797,0.050000011920928955,1758500
1,7035,250,1312.2796630859375,5.249118804931641,4.379392623901367,0.050000011920928955,1758750
1,7036,250,1739.84228515625,6.95936918258667,4.383170127868652,0.050000011920928955,1759000
1,7037,250,1875.74658203125,7.502986431121826,4.7728447914123535,0.050000011920928955,1759250
1,7038,250,1928.320068359375,7.713280200958252,4.6772003173828125,0.050000011920928955,1759500
1,7039,250,1984.0045166015625,7.936017990112305,4.2744140625,0.050000011920928955,1759750
1,7040,250,1672.627197265625,6.690508842468262,4.393909454345703,0.050000011920928955,1760000
1,7041,250,1688.4830322265625,6.753931999206543,4.692288875579834,0.050000011920928955,1760250
1,7042,250,1589.538818359375,6.358155250549316,4.618550777435303,0.050000011920928955,1760500
1,7043,250,1704.2698974609375,6.817079544067383,4.375530242919922,0.050000011920928955,1760750
1,7044,250,1950.73095703125,7.802923679351807,4.5922980308532715,0.050000011920928955,1761000
1,7045,250,1937.699951171875,7.750799655914307,4.340251445770264,0.050000011920928955,1761250
1,7046,250,1880.4390869140625,7.521756172180176,3.7789194583892822,0.050000011920928955,1761500
1,7047,250,1537.1961669921875,6.148784637451172,4.137883186340332,0.050000011920928955,1761750
1,7048,250,1707.1142578125,6.828456878662109,4.095954895019531,0.050000011920928955,1762000
1,7049,250,1660.605712890625,6.642422676086426,4.266323566436768,0.050000011920928955,1762250
1,7050,250,1925.987060546875,7.703948020935059,4.049906253814697,0.050000011920928955,1762500
1,7051,250,1625.25244140625,6.501009941101074,3.9013781547546387,0.050000011920928955,1762750
1,7052,250,1934.939208984375,7.739757061004639,4.2455878257751465,0.050000011920928955,1763000
1,7053,250,1928.7774658203125,7.715109825134277,4.255895614624023,0.050000011920928955,1763250
1,7054,250,1881.70947265625,7.5268378257751465,4.219094276428223,0.050000011920928955,1763500
1,7055,250,1895.6890869140625,7.582756519317627,4.060845851898193,0.050000011920928955,1763750
1,7056,250,1903.276123046875,7.613104343414307,3.962435483932495,0.050000011920928955,1764000
1,7057,250,1648.968994140625,6.5958757400512695,3.9428985118865967,0.050000011920928955,1764250
1,7058,250,49.04948806762695,0.19619795680046082,4.043656349182129,0.050000011920928955,1764500
1,7059,250,1945.54833984375,7.782193183898926,4.117891311645508,0.050000011920928955,1764750
1,7060,250,1695.4278564453125,6.781711578369141,4.005578994750977,0.050000011920928955,1765000
1,7061,250,1736.0347900390625,6.944139003753662,4.4432573318481445,0.050000011920928955,1765250
1,7062,250,1659.368896484375,6.637475490570068,4.302591323852539,0.050000011920928955,1765500
1,7063,250,1682.276123046875,6.729104518890381,4.104001998901367,0.050000011920928955,1765750
1,7064,250,0.15805935859680176,0.0006322374101728201,4.339387893676758,0.050000011920928955,1766000
1,7065,250,-32.71527862548828,-0.13086111843585968,4.325839519500732,0.050000011920928955,1766250
1,7066,250,1564.5206298828125,6.258082389831543,4.64917516708374,0.050000011920928955,1766500
1,7067,250,1618.377685546875,6.4735107421875,4.3481926918029785,0.050000011920928955,1766750
1,7068,250,1575.2186279296875,6.300874710083008,4.292608261108398,0.050000011920928955,1767000
1,7069,250,1838.6937255859375,7.3547749519348145,4.150601863861084,0.050000011920928955,1767250
1,7070,250,1707.930419921875,6.831721782684326,3.8601953983306885,0.050000011920928955,1767500
1,7071,250,1654.3201904296875,6.617280960083008,3.883540391921997,0.050000011920928955,1767750
1,7072,250,1685.082275390625,6.740329265594482,4.018181800842285,0.050000011920928955,1768000
1,7073,250,1956.896728515625,7.827587127685547,3.7865865230560303,0.050000011920928955,1768250
1,7074,250,1910.0059814453125,7.640023708343506,3.7519900798797607,0.050000011920928955,1768500
1,7075,250,1716.68798828125,6.8667521476745605,3.677593469619751,0.050000011920928955,1768750
1,7076,250,1618.9864501953125,6.475945949554443,3.76383113861084,0.050000011920928955,1769000
1,7077,250,2.4034996032714844,0.009613998234272003,3.857219934463501,0.050000011920928955,1769250
1,7078,250,56.958885192871094,0.2278355360031128,4.2028985023498535,0.050000011920928955,1769500
1,7079,250,53.38835906982422,0.21355344355106354,4.325284481048584,0.050000011920928955,1769750
1,7080,250,1628.69287109375,6.514771461486816,4.5408830642700195,0.050000011920928955,1770000
1,7081,250,1690.5738525390625,6.762295246124268,4.729987621307373,0.050000011920928955,1770250
1,7082,250,1688.868408203125,6.755473613739014,4.351304054260254,0.050000011920928955,1770500
1,7083,250,1697.2144775390625,6.788857936859131,4.40333890914917,0.050000011920928955,1770750
1,7084,250,1672.9383544921875,6.691753387451172,4.3285980224609375,0.050000011920928955,1771000
1,7085,250,1778.5870361328125,7.1143479347229,4.269355297088623,0.050000011920928955,1771250
1,7086,250,23.397058486938477,0.09358823299407959,4.430445671081543,0.050000011920928955,1771500
1,7087,250,1536.24169921875,6.1449666023254395,4.602665901184082,0.050000011920928955,1771750
1,7088,250,1889.8070068359375,7.55922794342041,4.678234100341797,0.050000011920928955,1772000
1,7089,250,1754.543701171875,7.018174648284912,4.680135250091553,0.050000011920928955,1772250
1,7090,250,1693.0557861328125,6.772222995758057,4.4829511642456055,0.050000011920928955,1772500
1,7091,250,1722.520751953125,6.890082836151123,4.38729190826416,0.050000011920928955,1772750
1,7092,250,-8.779109954833984,-0.035116441547870636,4.6729655265808105,0.050000011920928955,1773000
1,7093,250,1936.9375,7.7477498054504395,4.938467979431152,0.050000011920928955,1773250
1,7094,250,1707.3658447265625,6.829463481903076,4.555644989013672,0.050000011920928955,1773500
1,7095,250,1811.075439453125,7.244301795959473,4.714665412902832,0.050000011920928955,1773750
1,7096,250,1956.814208984375,7.827256679534912,4.4995503425598145,0.050000011920928955,1774000
1,7097,250,1936.47314453125,7.745892524719238,4.67659854888916,0.050000011920928955,1774250
1,7098,250,1641.91015625,6.567640781402588,4.622906684875488,0.050000011920928955,1774500
1,7099,250,1682.7532958984375,6.731013298034668,4.455992221832275,0.050000011920928955,1774750
1,7100,250,1981.96484375,7.927859306335449,4.566808223724365,0.050000011920928955,1775000
1,7101,250,1733.009521484375,6.932038307189941,4.630341529846191,0.050000011920928955,1775250
1,7102,250,1665.456787109375,6.661827087402344,4.552947044372559,0.050000011920928955,1775500
1,7103,250,1642.5743408203125,6.5702972412109375,4.317904472351074,0.050000011920928955,1775750
1,7104,250,1943.344970703125,7.773379802703857,4.3611650466918945,0.050000011920928955,1776000
1,7105,250,1512.9248046875,6.051699161529541,4.530454158782959,0.050000011920928955,1776250
1,7106,250,1540.591796875,6.162367343902588,4.175516128540039,0.050000011920928955,1776500
1,7107,250,1562.232421875,6.248929500579834,4.16802453994751,0.050000011920928955,1776750
1,7108,250,1588.9471435546875,6.355788707733154,4.249695777893066,0.050000011920928955,1777000
1,7109,250,1896.5584716796875,7.586234092712402,4.584926128387451,0.050000011920928955,1777250
1,7110,250,1537.614990234375,6.1504597663879395,4.561428546905518,0.050000011920928955,1777500
1,7111,250,1473.9210205078125,5.895684242248535,4.346419334411621,0.050000011920928955,1777750
1,7112,250,70.37353515625,0.281494140625,4.285542011260986,0.050000011920928955,1778000
1,7113,250,1539.6826171875,6.158730506896973,4.636072635650635,0.050000011920928955,1778250
1,7114,250,1861.47216796875,7.445888519287109,4.527767658233643,0.050000011920928955,1778500
1,7115,250,36.204891204833984,0.14481955766677856,4.621488571166992,0.050000011920928955,1778750
1,7116,250,1907.688232421875,7.630753040313721,4.526103496551514,0.050000011920928955,1779000
1,7117,250,1939.4462890625,7.757785320281982,4.805324554443359,0.050000011920928955,1779250
1,7118,250,1915.414794921875,7.661659240722656,4.455774784088135,0.050000011920928955,1779500
1,7119,250,1884.460205078125,7.537840843200684,4.2197065353393555,0.050000011920928955,1779750
1,7120,250,1875.5753173828125,7.502301216125488,3.9387693405151367,0.050000011920928955,1780000
1,7121,250,1942.92724609375,7.771708965301514,4.254475116729736,0.050000011920928955,1780250
1,7122,250,1874.69287109375,7.498771667480469,3.8590073585510254,0.050000011920928955,1780500
1,7123,250,1870.591552734375,7.48236608505249,3.809058666229248,0.050000011920928955,1780750
1,7124,250,1954.07080078125,7.816283226013184,3.8693666458129883,0.050000011920928955,1781000
1,7125,250,1963.5567626953125,7.854227066040039,3.8655288219451904,0.050000011920928955,1781250
1,7126,250,1940.257080078125,7.761028289794922,3.804527997970581,0.050000011920928955,1781500
1,7127,250,1866.42919921875,7.46571683883667,3.734128475189209,0.050000011920928955,1781750
1,7128,250,1880.4473876953125,7.52178955078125,3.7098469734191895,0.050000011920928955,1782000
1,7129,250,1941.95166015625,7.767806529998779,3.9150474071502686,0.050000011920928955,1782250
1,7130,250,1867.991943359375,7.471967697143555,3.569959878921509,0.050000011920928955,1782500
1,7131,250,1557.2666015625,6.229066371917725,3.79441499710083,0.050000011920928955,1782750
1,7132,250,1789.018798828125,7.1560750007629395,3.498354196548462,0.050000011920928955,1783000
1,7133,250,1885.274169921875,7.5410966873168945,3.58121919631958,0.050000011920928955,1783250
1,7134,250,1735.6947021484375,6.942778587341309,3.287956714630127,0.050000011920928955,1783500
1,7135,250,1774.091552734375,7.0963664054870605,3.525057554244995,0.050000011920928955,1783750
1,7136,250,1848.7261962890625,7.394904613494873,3.4456913471221924,0.050000011920928955,1784000
1,7137,250,1758.0826416015625,7.032330513000488,3.2206854820251465,0.050000011920928955,1784250
1,7138,250,1429.54833984375,5.718193531036377,3.1583402156829834,0.050000011920928955,1784500
1,7139,250,1857.201171875,7.428804874420166,3.1386618614196777,0.050000011920928955,1784750
1,7140,250,1830.8565673828125,7.323426246643066,3.175743579864502,0.050000011920928955,1785000
1,7141,250,1748.682373046875,6.994729518890381,3.2086544036865234,0.050000011920928955,1785250
1,7142,250,1729.9036865234375,6.919614791870117,3.151492118835449,0.050000011920928955,1785500
1,7143,250,1833.9886474609375,7.335954666137695,3.0348050594329834,0.050000011920928955,1785750
1,7144,250,1703.4818115234375,6.813927173614502,3.158811330795288,0.050000011920928955,1786000
1,7145,250,1691.116943359375,6.764467716217041,3.144841432571411,0.050000011920928955,1786250
1,7146,250,1594.236572265625,6.376946449279785,3.137619972229004,0.050000011920928955,1786500
1,7147,250,1753.3428955078125,7.013371467590332,2.9497148990631104,0.050000011920928955,1786750
1,7148,250,1447.400390625,5.7896013259887695,3.0519986152648926,0.050000011920928955,1787000
1,7149,250,1702.7435302734375,6.81097412109375,3.0495877265930176,0.050000011920928955,1787250
1,7150,250,1632.6131591796875,6.530452728271484,3.0400137901306152,0.050000011920928955,1787500
1,7151,250,1607.821533203125,6.431286334991455,2.9337408542633057,0.050000011920928955,1787750
1,7152,250,1850.574951171875,7.402299880981445,2.8148369789123535,0.050000011920928955,1788000
1,7153,250,1575.3673095703125,6.301469326019287,2.859152317047119,0.050000011920928955,1788250
1,7154,250,1563.2156982421875,6.252862930297852,2.8965516090393066,0.050000011920928955,1788500
1,7155,250,1714.6865234375,6.85874605178833,2.543973922729492,0.050000011920928955,1788750
1,7156,250,1903.4188232421875,7.613675117492676,2.555865526199341,0.050000011920928955,1789000
1,7157,250,1971.6826171875,7.886730670928955,2.718029737472534,0.050000011920928955,1789250
1,7158,250,1635.9874267578125,6.543949604034424,2.5967087745666504,0.050000011920928955,1789500
1,7159,250,1620.8995361328125,6.483598232269287,2.712245225906372,0.050000011920928955,1789750
1,7160,250,1668.2783203125,6.6731133460998535,2.6063051223754883,0.050000011920928955,1790000
1,7161,250,1758.709228515625,7.034836769104004,2.777705430984497,0.050000011920928955,1790250
1,7162,250,1765.05419921875,7.060216903686523,2.7763407230377197,0.050000011920928955,1790500
1,7163,250,1718.5360107421875,6.874144077301025,2.605285167694092,0.050000011920928955,1790750
1,7164,250,1445.7008056640625,5.782803058624268,2.653891086578369,0.050000011920928955,1791000
1,7165,250,1708.208984375,6.832836151123047,2.7529091835021973,0.050000011920928955,1791250
1,7166,250,1940.305908203125,7.761223793029785,2.899430274963379,0.050000011920928955,1791500
1,7167,250,1934.494140625,7.737976551055908,2.833646774291992,0.050000011920928955,1791750
1,7168,250,1192.10400390625,4.768415927886963,2.802140712738037,0.050000011920928955,1792000
1,7169,250,1675.869873046875,6.703479290008545,3.176466703414917,0.050000011920928955,1792250
1,7170,250,1757.7152099609375,7.030860900878906,3.238253355026245,0.050000011920928955,1792500
1,7171,250,1714.0543212890625,6.856217384338379,3.0537381172180176,0.050000011920928955,1792750
1,7172,250,1724.9620361328125,6.899847984313965,3.1485965251922607,0.050000011920928955,1793000
1,7173,250,1665.4927978515625,6.661971092224121,3.359290361404419,0.050000011920928955,1793250
1,7174,250,1281.9576416015625,5.127830505371094,3.343130350112915,0.050000011920928955,1793500
1,7175,250,1620.9869384765625,6.48394775390625,3.4932639598846436,0.050000011920928955,1793750
1,7176,250,1956.967041015625,7.8278679847717285,3.481315851211548,0.050000011920928955,1794000
1,7177,250,-34.51863098144531,-0.13807451725006104,3.6299021244049072,0.050000011920928955,1794250
1,7178,250,1560.856201171875,6.243424892425537,3.9538931846618652,0.050000011920928955,1794500
1,7179,250,80.6350326538086,0.32254013419151306,3.85931396484375,0.050000011920928955,1794750
1,7180,250,1946.551025390625,7.7862043380737305,3.972036361694336,0.050000011920928955,1795000
1,7181,250,1851.9090576171875,7.4076361656188965,4.389596939086914,0.050000011920928955,1795250
1,7182,250,1759.8994140625,7.039597511291504,4.330955982208252,0.050000011920928955,1795500
1,7183,250,1758.08544921875,7.032341957092285,4.109137058258057,0.050000011920928955,1795750
1,7184,250,1801.85986328125,7.207439422607422,3.935652732849121,0.050000011920928955,1796000
1,7185,250,1437.4464111328125,5.749785423278809,4.223416328430176,0.050000011920928955,1796250
1,7186,250,1791.927734375,7.167710781097412,4.214642524719238,0.050000011920928955,1796500
1,7187,250,1652.8193359375,6.6112775802612305,4.004999160766602,0.050000011920928955,1796750
1,7188,250,2.418806791305542,0.009675227105617523,3.9379148483276367,0.050000011920928955,1797000
1,7189,250,1772.5086669921875,7.090034484863281,4.463656425476074,0.050000011920928955,1797250
1,7190,250,1704.4884033203125,6.817953586578369,4.380663871765137,0.050000011920928955,1797500
1,7191,250,1646.68701171875,6.586748123168945,4.262404441833496,0.050000011920928955,1797750
1,7192,250,1355.539306640625,5.422157287597656,4.510026931762695,0.050000011920928955,1798000
1,7193,250,1849.5098876953125,7.3980393409729,4.371805191040039,0.050000011920928955,1798250
1,7194,250,1719.332275390625,6.877328872680664,4.407073497772217,0.050000011920928955,1798500
1,7195,250,1783.173828125,7.132695198059082,4.535622596740723,0.050000011920928955,1798750
1,7196,250,1686.4205322265625,6.745682239532471,4.50826358795166,0.050000011920928955,1799000
1,7197,250,1842.909423828125,7.37163782119751,4.463736057281494,0.050000011920928955,1799250
1,7198,250,1646.413818359375,6.585655212402344,4.34694766998291,0.050000011920928955,1799500
1,7199,250,1779.3853759765625,7.117541313171387,4.4424147605896,0.050000011920928955,1799750
1,7200,250,1734.5928955078125,6.938371658325195,4.2579498291015625,0.050000011920928955,1800000
1,7201,250,1935.080322265625,7.740321159362793,4.267548561096191,0.050000011920928955,1800250
1,7202,250,1578.6947021484375,6.314778804779053,4.512936115264893,0.050000011920928955,1800500
1,7203,250,1585.847412109375,6.343389511108398,4.1845197677612305,0.050000011920928955,1800750
1,7204,250,1649.312255859375,6.5972490310668945,4.115222930908203,0.050000011920928955,1801000
1,7205,250,1780.4996337890625,7.121998310089111,4.607910633087158,0.050000011920928955,1801250
1,7206,250,1543.660400390625,6.1746416091918945,4.239516258239746,0.050000011920928955,1801500
1,7207,250,1791.84521484375,7.1673808097839355,4.125531196594238,0.050000011920928955,1801750
1,7208,250,1566.647216796875,6.2665886878967285,3.978972911834717,0.050000011920928955,1802000
1,7209,250,1772.6903076171875,7.090761184692383,4.12143611907959,0.050000011920928955,1802250
1,7210,250,1272.6552734375,5.090620994567871,4.213283538818359,0.050000011920928955,1802500
1,7211,250,1918.2645263671875,7.673058032989502,4.06419563293457,0.050000011920928955,1802750
1,7212,250,1435.388671875,5.7415547370910645,4.086559295654297,0.050000011920928955,1803000
1,7213,250,1933.52490234375,7.734099388122559,3.9891269207000732,0.050000011920928955,1803250
1,7214,250,1946.81884765625,7.787275314331055,4.062932014465332,0.050000011920928955,1803500
1,7215,250,1734.1513671875,6.936605453491211,3.7468647956848145,0.050000011920928955,1803750
1,7216,250,1749.7554931640625,6.999022006988525,4.061523914337158,0.050000011920928955,1804000
1,7217,250,1943.09765625,7.772390842437744,3.8105287551879883,0.050000011920928955,1804250
1,7218,250,1663.467041015625,6.653868198394775,3.669515371322632,0.050000011920928955,1804500
1,7219,250,1929.834716796875,7.719338893890381,3.4589595794677734,0.050000011920928955,1804750
1,7220,250,1948.2880859375,7.793152332305908,3.3846747875213623,0.050000011920928955,1805000
1,7221,250,1914.3154296875,7.657261848449707,3.3694427013397217,0.050000011920928955,1805250
1,7222,250,1431.4599609375,5.725839614868164,3.3164989948272705,0.050000011920928955,1805500
1,7223,250,1906.281982421875,7.625127792358398,3.3458571434020996,0.050000011920928955,1805750
1,7224,250,1006.3743896484375,4.0254974365234375,3.524937868118286,0.050000011920928955,1806000
1,7225,250,1934.546142578125,7.738184452056885,3.5257251262664795,0.050000011920928955,1806250
1,7226,250,1900.54345703125,7.602173805236816,3.426732301712036,0.050000011920928955,1806500
1,7227,250,-12.861069679260254,-0.05144427716732025,3.3845927715301514,0.050000011920928955,1806750
1,7228,250,1903.4769287109375,7.613907814025879,3.4321396350860596,0.050000011920928955,1807000
1,7229,250,1899.482177734375,7.597928524017334,3.4113879203796387,0.050000011920928955,1807250
1,7230,250,1983.97119140625,7.935884952545166,3.3346941471099854,0.050000011920928955,1807500
1,7231,250,1889.396728515625,7.557587146759033,3.0880181789398193,0.050000011920928955,1807750
1,7232,250,1890.7891845703125,7.563156604766846,3.1289451122283936,0.050000011920928955,1808000
1,7233,250,1884.515380859375,7.538061618804932,3.1072473526000977,0.050000011920928955,1808250
1,7234,250,1354.202880859375,5.416811466217041,3.1649720668792725,0.050000011920928955,1808500
1,7235,250,1914.21923828125,7.656877040863037,3.139739990234375,0.050000011920928955,1808750
1,7236,250,1906.45654296875,7.625826358795166,3.1568832397460938,0.050000011920928955,1809000
1,7237,250,1957.9534912109375,7.831813812255859,3.2051351070404053,0.050000011920928955,1809250
1,7238,250,1901.858642578125,7.6074347496032715,3.0465245246887207,0.050000011920928955,1809500
1,7239,250,1908.00732421875,7.6320295333862305,2.955028772354126,0.050000011920928955,1809750
1,7240,250,1124.42236328125,4.497689247131348,3.051260232925415,0.050000011920928955,1810000
1,7241,250,1849.21337890625,7.396853446960449,3.2550199031829834,0.050000011920928955,1810250
1,7242,250,1856.17333984375,7.424693584442139,2.927286148071289,0.050000011920928955,1810500
1,7243,250,1589.197998046875,6.356791973114014,3.1952788829803467,0.050000011920928955,1810750
1,7244,250,1926.107177734375,7.704428672790527,3.0280070304870605,0.050000011920928955,1811000
1,7245,250,1888.287353515625,7.553149223327637,3.0928187370300293,0.050000011920928955,1811250
1,7246,250,1901.1138916015625,7.604455471038818,2.9040846824645996,0.050000011920928955,1811500
1,7247,250,1875.6544189453125,7.502617835998535,2.883223295211792,0.050000011920928955,1811750
1,7248,250,1916.530517578125,7.666121959686279,2.879464626312256,0.050000011920928955,1812000
1,7249,250,1895.21240234375,7.580849647521973,2.9172234535217285,0.050000011920928955,1812250
1,7250,250,1862.524658203125,7.450098514556885,2.8371148109436035,0.050000011920928955,1812500
1,7251,250,1888.70166015625,7.554806709289551,2.6640539169311523,0.050000011920928955,1812750
1,7252,250,1890.441650390625,7.561766624450684,2.9091105461120605,0.050000011920928955,1813000
1,7253,250,1864.338623046875,7.457354545593262,2.64897084236145,0.050000011920928955,1813250
1,7254,250,1982.6522216796875,7.930608749389648,2.7386415004730225,0.050000011920928955,1813500
1,7255,250,1825.900390625,7.3036017417907715,2.7934658527374268,0.050000011920928955,1813750
1,7256,250,1914.64111328125,7.658564567565918,2.58518123626709,0.050000011920928955,1814000
1,7257,250,1937.2109375,7.748843669891357,2.8281264305114746,0.050000011920928955,1814250
1,7258,250,28.21306037902832,0.11285223811864853,2.776686906814575,0.050000011920928955,1814500
1,7259,250,1905.951904296875,7.623807430267334,2.5861668586730957,0.050000011920928955,1814750
1,7260,250,1979.5565185546875,7.91822624206543,2.584329843521118,0.050000011920928955,1815000
1,7261,250,1961.213623046875,7.844854354858398,2.8163483142852783,0.050000011920928955,1815250
1,7262,250,1928.9158935546875,7.715663433074951,2.602750778198242,0.050000011920928955,1815500
1,7263,250,1645.19873046875,6.580794811248779,2.7826385498046875,0.050000011920928955,1815750
1,7264,250,1950.64794921875,7.802591800689697,2.360077142715454,0.050000011920928955,1816000
1,7265,250,1949.723388671875,7.798893451690674,2.663196086883545,0.050000011920928955,1816250
1,7266,250,-93.0343246459961,-0.37213730812072754,2.9115564823150635,0.050000011920928955,1816500
1,7267,250,1621.94140625,6.487765789031982,2.5659637451171875,0.050000011920928955,1816750
1,7268,250,1757.287109375,7.029148578643799,2.6251327991485596,0.050000011920928955,1817000
1,7269,250,1698.661376953125,6.794645309448242,2.9847781658172607,0.050000011920928955,1817250
1,7270,250,1531.347412109375,6.125389575958252,2.9156572818756104,0.050000011920928955,1817500
1,7271,250,1663.8607177734375,6.655442714691162,2.7905163764953613,0.050000011920928955,1817750
1,7272,250,1504.0435791015625,6.01617431640625,2.7533910274505615,0.050000011920928955,1818000
1,7273,250,1560.26513671875,6.241060733795166,3.0618064403533936,0.050000011920928955,1818250
1,7274,250,1711.0377197265625,6.844151020050049,2.915926218032837,0.050000011920928955,1818500
1,7275,250,12.600622177124023,0.05040248855948448,3.1169817447662354,0.050000011920928955,1818750
1,7276,250,-52.007965087890625,-0.20803186297416687,3.3484885692596436,0.050000011920928955,1819000
1,7277,250,-47.9034309387207,-0.19161371886730194,3.639862537384033,0.050000011920928955,1819250
1,7278,250,-62.22602462768555,-0.24890409409999847,4.076666831970215,0.050000011920928955,1819500
1,7279,250,-67.15032958984375,-0.26860132813453674,4.367671966552734,0.050000011920928955,1819750
1,7280,250,-33.8310661315918,-0.13532426953315735,4.2407026290893555,0.050000011920928955,1820000
1,7281,250,-50.398719787597656,-0.20159487426280975,4.767947673797607,0.050000011920928955,1820250
1,7282,250,-41.189693450927734,-0.16475877165794373,4.758952617645264,0.050000011920928955,1820500
1,7283,250,1937.4990234375,7.749996185302734,4.755824565887451,0.050000011920928955,1820750
1,7284,250,1704.194580078125,6.816778182983398,4.514279365539551,0.050000011920928955,1821000
1,7285,250,1738.813720703125,6.955255031585693,5.064670562744141,0.050000011920928955,1821250
1,7286,250,1677.15380859375,6.708615303039551,4.943248748779297,0.050000011920928955,1821500
1,7287,250,1909.818603515625,7.639274597167969,4.6394147872924805,0.050000011920928955,1821750
1,7288,250,1734.1580810546875,6.93663215637207,4.4463982582092285,0.050000011920928955,1822000
1,7289,250,1716.50927734375,6.866036891937256,5.061154365539551,0.050000011920928955,1822250
1,7290,250,1533.183837890625,6.132735252380371,5.117501735687256,0.050000011920928955,1822500
1,7291,250,1582.5155029296875,6.330061912536621,4.78335428237915,0.050000011920928955,1822750
1,7292,250,1912.4508056640625,7.649803161621094,4.658466339111328,0.050000011920928955,1823000
1,7293,250,1717.840087890625,6.8713603019714355,5.234333038330078,0.050000011920928955,1823250
1,7294,250,1745.20751953125,6.980830192565918,5.215097904205322,0.050000011920928955,1823500
1,7295,250,1535.42333984375,6.141693592071533,5.029323577880859,0.050000011920928955,1823750
1,7296,250,1646.333984375,6.585335731506348,4.946070671081543,0.050000011920928955,1824000
1,7297,250,1673.955078125,6.695820331573486,4.902332305908203,0.050000011920928955,1824250
1,7298,250,1486.8946533203125,5.947578430175781,5.023420333862305,0.050000011920928955,1824500
1,7299,250,1677.473388671875,6.709893703460693,4.923158645629883,0.050000011920928955,1824750
1,7300,250,1658.081298828125,6.632325172424316,4.4818243980407715,0.050000011920928955,1825000
1,7301,250,1676.412109375,6.705648422241211,4.692607402801514,0.050000011920928955,1825250
1,7302,250,1449.6083984375,5.798433780670166,4.818122386932373,0.050000011920928955,1825500
1,7303,250,1459.544921875,5.838179588317871,4.668904781341553,0.050000011920928955,1825750
1,7304,250,1722.24267578125,6.888970851898193,4.713949680328369,0.050000011920928955,1826000
1,7305,250,54.13713836669922,0.21654854714870453,5.006160736083984,0.050000011920928955,1826250
1,7306,250,1901.9459228515625,7.607783794403076,5.047199726104736,0.050000011920928955,1826500
1,7307,250,1940.0233154296875,7.7600932121276855,4.626448154449463,0.050000011920928955,1826750
1,7308,250,1742.31591796875,6.969263553619385,4.442136764526367,0.050000011920928955,1827000
1,7309,250,1643.377685546875,6.573510646820068,4.554779529571533,0.050000011920928955,1827250
1,7310,250,1627.68701171875,6.510747909545898,4.549077033996582,0.050000011920928955,1827500
1,7311,250,1760.55224609375,7.042209148406982,4.727148532867432,0.050000011920928955,1827750
1,7312,250,1679.53662109375,6.718146324157715,4.409022808074951,0.050000011920928955,1828000
1,7313,250,22.814998626708984,0.09125999361276627,4.756683826446533,0.050000011920928955,1828250
1,7314,250,1939.052978515625,7.756211757659912,4.67876672744751,0.050000011920928955,1828500
1,7315,250,1629.3895263671875,6.5175580978393555,4.506107330322266,0.050000011920928955,1828750
1,7316,250,1643.582275390625,6.574328899383545,4.437235355377197,0.050000011920928955,1829000
1,7317,250,1722.333984375,6.889336109161377,4.521941184997559,0.050000011920928955,1829250
1,7318,250,1930.8494873046875,7.723397731781006,3.978142738342285,0.050000011920928955,1829500
1,7319,250,102.24314880371094,0.4089725911617279,4.087841510772705,0.050000011920928955,1829750
1,7320,250,1961.47607421875,7.845904350280762,4.016077518463135,0.050000011920928955,1830000
1,7321,250,1694.5172119140625,6.778069019317627,4.071107387542725,0.050000011920928955,1830250
1,7322,250,-15.264389038085938,-0.06105755642056465,3.806915521621704,0.050000011920928955,1830500
1,7323,250,1847.195556640625,7.388782024383545,3.890573263168335,0.050000011920928955,1830750
1,7324,250,-0.8462510108947754,-0.003385004121810198,3.944152593612671,0.050000011920928955,1831000
1,7325,250,-2.0392560958862305,-0.008157024160027504,4.294225692749023,0.050000011920928955,1831250
1,7326,250,-5.35310173034668,-0.021412406116724014,4.805760860443115,0.050000011920928955,1831500
1,7327,250,-27.089771270751953,-0.10835908353328705,4.461549282073975,0.050000011920928955,1831750
1,7328,250,-5.836259365081787,-0.023345038294792175,4.6206583976745605,0.050000011920928955,1832000
1,7329,250,4.428311824798584,0.01771324686706066,5.145627498626709,0.050000011920928955,1832250
1,7330,250,-25.866376876831055,-0.1034655049443245,5.196011066436768,0.050000011920928955,1832500
1,7331,250,46.280731201171875,0.18512292206287384,5.154429912567139,0.050000011920928955,1832750
1,7332,250,1689.5372314453125,6.758149147033691,5.180202484130859,0.050000011920928955,1833000
1,7333,250,1690.79248046875,6.763169765472412,5.4979987144470215,0.050000011920928955,1833250
1,7334,250,18.564849853515625,0.07425940036773682,5.438011646270752,0.050000011920928955,1833500
1,7335,250,38.12199783325195,0.15248799324035645,5.350256443023682,0.050000011920928955,1833750
1,7336,250,1773.783447265625,7.0951337814331055,5.2549848556518555,0.050000011920928955,1834000
1,7337,250,1916.70654296875,7.666826248168945,5.725090980529785,0.050000011920928955,1834250
1,7338,250,33.022335052490234,0.13208934664726257,5.191720008850098,0.050000011920928955,1834500
1,7339,250,1534.5078125,6.138031482696533,5.660599708557129,0.050000011920928955,1834750
1,7340,250,133.09844970703125,0.5323938131332397,5.1845316886901855,0.050000011920928955,1835000
1,7341,250,49.7270622253418,0.1989082545042038,5.891902923583984,0.050000011920928955,1835250
1,7342,250,22.93439483642578,0.09173757582902908,5.736854076385498,0.050000011920928955,1835500
1,7343,250,37.35480499267578,0.14941921830177307,5.937331676483154,0.050000011920928955,1835750
1,7344,250,38.15645980834961,0.15262584388256073,6.597706317901611,0.050000011920928955,1836000
1,7345,250,52.283992767333984,0.209135964512825,6.468690395355225,0.050000011920928955,1836250
1,7346,250,1031.511962890625,4.1260480880737305,6.201948642730713,0.050000011920928955,1836500
1,7347,250,46.24485397338867,0.1849794089794159,6.577706336975098,0.050000011920928955,1836750
1,7348,250,1794.43017578125,7.177720546722412,6.344847679138184,0.050000011920928955,1837000
1,7349,250,1772.5701904296875,7.090280532836914,7.152417182922363,0.050000011920928955,1837250
1,7350,250,-49.13235855102539,-0.19652943313121796,6.800475597381592,0.050000011920928955,1837500
1,7351,250,-50.00988006591797,-0.20003952085971832,6.689223766326904,0.050000011920928955,1837750
1,7352,250,59.8064079284668,0.2392256259918213,6.96872615814209,0.050000011920928955,1838000
1,7353,250,72.33954620361328,0.2893581986427307,7.789266586303711,0.050000011920928955,1838250
1,7354,250,5.414924621582031,0.021659698337316513,7.74190616607666,0.050000011920928955,1838500
1,7355,250,1523.1953125,6.092781066894531,7.74039363861084,0.050000011920928955,1838750
1,7356,250,1655.83251953125,6.623330116271973,7.383072376251221,0.050000011920928955,1839000
1,7357,250,1494.2249755859375,5.976900100708008,7.973899841308594,0.050000011920928955,1839250
1,7358,250,40.22049331665039,0.16088196635246277,7.698622226715088,0.050000011920928955,1839500
1,7359,250,1912.041259765625,7.648165225982666,7.4879021644592285,0.050000011920928955,1839750
1,7360,250,1780.8875732421875,7.1235504150390625,7.3440327644348145,0.050000011920928955,1840000
1,7361,250,21.22383689880371,0.08489535003900528,7.681087017059326,0.050000011920928955,1840250
1,7362,250,8.917244911193848,0.035668980330228806,7.71282958984375,0.050000011920928955,1840500
1,7363,250,1892.575439453125,7.570301532745361,7.54810094833374,0.050000011920928955,1840750
1,7364,250,17.550230026245117,0.07020092010498047,7.4095563888549805,0.050000011920928955,1841000
1,7365,250,13.700541496276855,0.05480216443538666,7.691253662109375,0.050000011920928955,1841250
1,7366,250,19.472400665283203,0.07788960635662079,7.551852226257324,0.050000011920928955,1841500
1,7367,250,1691.3782958984375,6.7655134201049805,7.355101108551025,0.050000011920928955,1841750
1,7368,250,-61.96709442138672,-0.2478683739900589,7.249815464019775,0.050000011920928955,1842000
1,7369,250,1661.908203125,6.647632598876953,7.378549575805664,0.050000011920928955,1842250
1,7370,250,1703.3446044921875,6.81337833404541,6.829191207885742,0.050000011920928955,1842500
1,7371,250,1658.2132568359375,6.632853031158447,6.929183006286621,0.050000011920928955,1842750
1,7372,250,-5.097805023193359,-0.020391220226883888,6.786984920501709,0.050000011920928955,1843000
1,7373,250,23.659942626953125,0.09463977068662643,6.892925262451172,0.050000011920928955,1843250
1,7374,250,1319.452880859375,5.277811527252197,6.990236282348633,0.050000011920928955,1843500
1,7375,250,1590.589111328125,6.362356662750244,6.740588665008545,0.050000011920928955,1843750
1,7376,250,1082.421630859375,4.329686641693115,6.6598591804504395,0.050000011920928955,1844000
1,7377,250,1654.1953125,6.616781234741211,6.797060489654541,0.050000011920928955,1844250
1,7378,250,1659.9842529296875,6.639936923980713,6.89968729019165,0.050000011920928955,1844500
1,7379,250,1191.076171875,4.7643046379089355,6.56781530380249,0.050000011920928955,1844750
1,7380,250,1175.5760498046875,4.702304363250732,6.675086498260498,0.050000011920928955,1845000
1,7381,250,1090.9869384765625,4.363947868347168,6.637807846069336,0.050000011920928955,1845250
1,7382,250,1579.669677734375,6.318678855895996,6.517590045928955,0.050000011920928955,1845500
1,7383,250,1506.649169921875,6.026596546173096,6.04802942276001,0.050000011920928955,1845750
1,7384,250,-35.516849517822266,-0.14206740260124207,6.374383926391602,0.050000011920928955,1846000
1,7385,250,1613.0025634765625,6.452010154724121,6.447187900543213,0.050000011920928955,1846250
1,7386,250,1654.78759765625,6.619150161743164,6.279993534088135,0.050000011920928955,1846500
1,7387,250,-16.727293014526367,-0.06690917164087296,6.190421104431152,0.050000011920928955,1846750
1,7388,250,1661.1220703125,6.644488334655762,6.146294593811035,0.050000011920928955,1847000
1,7389,250,1653.3424072265625,6.613369464874268,6.5331501960754395,0.050000011920928955,1847250
1,7390,250,634.984375,2.5399374961853027,5.996123313903809,0.050000011920928955,1847500
1,7391,250,1619.991943359375,6.4799675941467285,6.057704925537109,0.050000011920928955,1847750
1,7392,250,1573.468994140625,6.2938761711120605,5.82566499710083,0.050000011920928955,1848000
1,7393,250,1673.6824951171875,6.694729804992676,5.933857440948486,0.050000011920928955,1848250
1,7394,250,1530.950927734375,6.123803615570068,5.801736354827881,0.050000011920928955,1848500
1,7395,250,1617.7852783203125,6.471141338348389,5.718191623687744,0.050000011920928955,1848750
1,7396,250,1684.261962890625,6.7370476722717285,5.461980819702148,0.050000011920928955,1849000
1,7397,250,1656.06494140625,6.624259948730469,5.796361446380615,0.050000011920928955,1849250
1,7398,250,1695.384521484375,6.781538009643555,5.508753299713135,0.050000011920928955,1849500
1,7399,250,1207.390869140625,4.829563617706299,5.4944071769714355,0.050000011920928955,1849750
1,7400,250,1660.1004638671875,6.640401840209961,5.302928447723389,0.050000011920928955,1850000
1,7401,250,1670.25,6.681000232696533,5.745578289031982,0.050000011920928955,1850250
1,7402,250,1620.3109130859375,6.48124361038208,5.680405616760254,0.050000011920928955,1850500
1,7403,250,1630.7113037109375,6.522845268249512,4.988308906555176,0.050000011920928955,1850750
1,7404,250,1279.0665283203125,5.116266250610352,5.160226345062256,0.050000011920928955,1851000
1,7405,250,-38.29201889038086,-0.15316808223724365,5.494386672973633,0.050000011920928955,1851250
1,7406,250,-30.712650299072266,-0.12285060435533524,5.293762683868408,0.050000011920928955,1851500
1,7407,250,1616.0711669921875,6.464284896850586,5.223860263824463,0.050000011920928955,1851750
1,7408,250,1178.406005859375,4.713624000549316,5.141047477722168,0.050000011920928955,1852000
1,7409,250,28.87150764465332,0.1154860332608223,5.217184543609619,0.050000011920928955,1852250
1,7410,250,1613.1865234375,6.4527459144592285,5.395415782928467,0.050000011920928955,1852500
1,7411,250,1550.867919921875,6.203471660614014,5.2756757736206055,0.050000011920928955,1852750
1,7412,250,-50.0519905090332,-0.20020796358585358,5.593698501586914,0.050000011920928955,1853000
1,7413,250,1413.39013671875,5.653560638427734,5.694869041442871,0.050000011920928955,1853250
1,7414,250,1428.080078125,5.712320327758789,5.397665023803711,0.050000011920928955,1853500
1,7415,250,818.8155517578125,3.2752621173858643,5.312685966491699,0.050000011920928955,1853750
1,7416,250,-26.82666015625,-0.10730664432048798,5.061009883880615,0.050000011920928955,1854000
1,7417,250,-7.955413341522217,-0.03182165324687958,5.631976127624512,0.050000011920928955,1854250
1,7418,250,-8.6268310546875,-0.03450732305645943,6.019107818603516,0.050000011920928955,1854500
1,7419,250,1856.366943359375,7.4254679679870605,5.829205513000488,0.050000011920928955,1854750
1,7420,250,1281.6953125,5.126781463623047,5.708902359008789,0.050000011920928955,1855000
1,7421,250,-13.926223754882812,-0.05570489540696144,6.230453014373779,0.050000011920928955,1855250
1,7422,250,1856.20654296875,7.424826145172119,6.073201656341553,0.050000011920928955,1855500
1,7423,250,1694.485107421875,6.777940273284912,5.806239604949951,0.050000011920928955,1855750
1,7424,250,1599.75146484375,6.399005889892578,5.826575756072998,0.050000011920928955,1856000
1,7425,250,1472.167236328125,5.888669013977051,5.823950290679932,0.050000011920928955,1856250
1,7426,250,1506.099609375,6.024398326873779,5.823337554931641,0.050000011920928955,1856500
1,7427,250,19.431245803833008,0.07772498577833176,5.63919734954834,0.050000011920928955,1856750
1,7428,250,1301.5931396484375,5.2063727378845215,5.967953681945801,0.050000011920928955,1857000
1,7429,250,1461.701171875,5.846804618835449,5.979249477386475,0.050000011920928955,1857250
1,7430,250,68.42767333984375,0.273710697889328,5.940994739532471,0.050000011920928955,1857500
1,7431,250,1758.76171875,7.0350470542907715,5.875812530517578,0.050000011920928955,1857750
1,7432,250,77.38497924804688,0.30953991413116455,5.851897239685059,0.050000011920928955,1858000
1,7433,250,1787.52978515625,7.150119304656982,6.488369941711426,0.050000011920928955,1858250
1,7434,250,1884.178466796875,7.53671407699585,6.131290435791016,0.050000011920928955,1858500
1,7435,250,48.00769805908203,0.19203078746795654,5.958945274353027,0.050000011920928955,1858750
1,7436,250,1638.335693359375,6.553342819213867,6.777743339538574,0.050000011920928955,1859000
1,7437,250,1615.5218505859375,6.462087631225586,6.79942512512207,0.050000011920928955,1859250
1,7438,250,1571.37060546875,6.285482406616211,6.556428909301758,0.050000011920928955,1859500
1,7439,250,1865.988525390625,7.463953971862793,6.6003828048706055,0.050000011920928955,1859750
1,7440,250,1651.5933837890625,6.606373310089111,6.162637233734131,0.050000011920928955,1860000
1,7441,250,1686.803466796875,6.747213840484619,6.470635890960693,0.050000011920928955,1860250
1,7442,250,1876.6572265625,7.50662899017334,6.464085102081299,0.050000011920928955,1860500
1,7443,250,1743.8934326171875,6.975573539733887,6.333966255187988,0.050000011920928955,1860750
1,7444,250,1706.427490234375,6.825709819793701,6.665467739105225,0.050000011920928955,1861000
1,7445,250,1454.3045654296875,5.81721830368042,6.164028167724609,0.050000011920928955,1861250
1,7446,250,1829.5614013671875,7.3182454109191895,6.446717262268066,0.050000011920928955,1861500
1,7447,250,30.907506942749023,0.12363002449274063,6.169362545013428,0.050000011920928955,1861750
1,7448,250,1548.60009765625,6.194400310516357,6.15843391418457,0.050000011920928955,1862000
1,7449,250,1648.38623046875,6.593544960021973,6.133505821228027,0.050000011920928955,1862250
1,7450,250,1681.131103515625,6.72452449798584,6.307994365692139,0.050000011920928955,1862500
1,7451,250,1587.2626953125,6.349050998687744,6.032872676849365,0.050000011920928955,1862750
1,7452,250,47.32460403442383,0.18929842114448547,5.870811939239502,0.050000011920928955,1863000
1,7453,250,1691.4300537109375,6.765720367431641,5.810196876525879,0.050000011920928955,1863250
1,7454,250,1585.0419921875,6.340167999267578,5.766409397125244,0.050000011920928955,1863500
1,7455,250,1686.395751953125,6.7455830574035645,5.526654243469238,0.050000011920928955,1863750
1,7456,250,1864.586181640625,7.45834493637085,5.802016735076904,0.050000011920928955,1864000
1,7457,250,138.9734649658203,0.5558938384056091,5.555683135986328,0.050000011920928955,1864250
1,7458,250,107.57023620605469,0.4302809536457062,5.535501956939697,0.050000011920928955,1864500
1,7459,250,1564.3603515625,6.257441520690918,5.546959400177002,0.050000011920928955,1864750
1,7460,250,1538.5361328125,6.154144763946533,5.328866958618164,0.050000011920928955,1865000
1,7461,250,1644.288818359375,6.577155113220215,5.37610387802124,0.050000011920928955,1865250
1,7462,250,1635.565673828125,6.542262554168701,5.035117149353027,0.050000011920928955,1865500
1,7463,250,1636.24853515625,6.544994354248047,4.995851516723633,0.050000011920928955,1865750
1,7464,250,1587.338134765625,6.3493523597717285,5.297618865966797,0.050000011920928955,1866000
1,7465,250,1644.26806640625,6.5770721435546875,5.08522367477417,0.050000011920928955,1866250
1,7466,250,1533.9744873046875,6.135898113250732,4.680754661560059,0.050000011920928955,1866500
1,7467,250,1698.151123046875,6.792604446411133,4.689291477203369,0.050000011920928955,1866750
1,7468,250,1471.9647216796875,5.887858867645264,4.833448886871338,0.050000011920928955,1867000
1,7469,250,1671.23974609375,6.6849589347839355,5.001241683959961,0.050000011920928955,1867250
1,7470,250,1692.211181640625,6.7688446044921875,5.076224327087402,0.050000011920928955,1867500
1,7471,250,1669.9873046875,6.6799492835998535,4.744326114654541,0.050000011920928955,1867750
1,7472,250,1657.25732421875,6.629029273986816,4.512095928192139,0.050000011920928955,1868000
1,7473,250,1865.7891845703125,7.463156700134277,4.552981853485107,0.050000011920928955,1868250
1,7474,250,1547.212890625,6.188851356506348,4.529425621032715,0.050000011920928955,1868500
1,7475,250,1821.565185546875,7.286260604858398,4.0994696617126465,0.050000011920928955,1868750
1,7476,250,1639.291748046875,6.557167053222656,4.472089767456055,0.050000011920928955,1869000
1,7477,250,1438.46044921875,5.753841876983643,4.239452838897705,0.050000011920928955,1869250
1,7478,250,1665.124267578125,6.660497188568115,4.297756671905518,0.050000011920928955,1869500
1,7479,250,1666.01904296875,6.664076328277588,4.015672206878662,0.050000011920928955,1869750
1,7480,250,1580.694091796875,6.3227763175964355,4.2481865882873535,0.050000011920928955,1870000
1,7481,250,1861.654052734375,7.446616172790527,4.273497104644775,0.050000011920928955,1870250
1,7482,250,1595.0235595703125,6.380094051361084,4.182619571685791,0.050000011920928955,1870500
1,7483,250,1093.620361328125,4.374481678009033,4.638509750366211,0.050000011920928955,1870750
1,7484,250,1723.5211181640625,6.894084453582764,4.189852237701416,0.050000011920928955,1871000
1,7485,250,1663.853759765625,6.655415058135986,4.333695411682129,0.050000011920928955,1871250
1,7486,250,1378.59716796875,5.514388561248779,4.383634090423584,0.050000011920928955,1871500
1,7487,250,1688.241943359375,6.752967834472656,4.324573993682861,0.050000011920928955,1871750
1,7488,250,1627.3514404296875,6.509405612945557,4.100522041320801,0.050000011920928955,1872000
1,7489,250,1489.37841796875,5.957513809204102,4.418362140655518,0.050000011920928955,1872250
1,7490,250,1532.8037109375,6.131214618682861,4.199531078338623,0.050000011920928955,1872500
1,7491,250,1188.332763671875,4.753331184387207,4.100743293762207,0.050000011920928955,1872750
1,7492,250,95.19583892822266,0.380783349275589,4.594460487365723,0.050000011920928955,1873000
1,7493,250,1640.1973876953125,6.560789585113525,4.433789253234863,0.050000011920928955,1873250
1,7494,250,1300.6416015625,5.202566623687744,4.272790431976318,0.050000011920928955,1873500
1,7495,250,1672.7979736328125,6.691191673278809,4.7547807693481445,0.050000011920928955,1873750
1,7496,250,1652.22802734375,6.608911991119385,4.514388561248779,0.050000011920928955,1874000
1,7497,250,896.296142578125,3.5851845741271973,4.812183856964111,0.050000011920928955,1874250
1,7498,250,1686.9537353515625,6.747815132141113,4.438452243804932,0.050000011920928955,1874500
1,7499,250,54.035770416259766,0.21614308655261993,4.209252834320068,0.050000011920928955,1874750
1,7500,250,33.83149719238281,0.13532598316669464,4.605103015899658,0.050000011920928955,1875000
1,7501,250,1663.2047119140625,6.65281867980957,5.1875901222229,0.050000011920928955,1875250
1,7502,250,1606.08544921875,6.424341678619385,4.600279331207275,0.050000011920928955,1875500
1,7503,250,1420.255615234375,5.681022644042969,4.9363484382629395,0.050000011920928955,1875750
1,7504,250,1611.91259765625,6.44765043258667,5.029422760009766,0.050000011920928955,1876000
1,7505,250,1324.8409423828125,5.299363613128662,4.946141242980957,0.050000011920928955,1876250
1,7506,250,1841.7841796875,7.3671369552612305,4.71781587600708,0.050000011920928955,1876500
1,7507,250,39.49407958984375,0.15797631442546844,5.098097324371338,0.050000011920928955,1876750
1,7508,250,1680.44921875,6.721796989440918,5.1041483879089355,0.050000011920928955,1877000
1,7509,250,1864.042724609375,7.456171035766602,5.1400628089904785,0.050000011920928955,1877250
1,7510,250,1647.6590576171875,6.590636253356934,5.379311561584473,0.050000011920928955,1877500
1,7511,250,1819.2353515625,7.276941299438477,5.112588882446289,0.050000011920928955,1877750
1,7512,250,1690.7080078125,6.762832164764404,5.071732521057129,0.050000011920928955,1878000
1,7513,250,1629.7774658203125,6.519109725952148,5.095689296722412,0.050000011920928955,1878250
1,7514,250,133.48760986328125,0.5339504480361938,5.344697952270508,0.050000011920928955,1878500
1,7515,250,1743.330078125,6.973320484161377,5.543313980102539,0.050000011920928955,1878750
1,7516,250,1837.925537109375,7.3517022132873535,5.368083477020264,0.050000011920928955,1879000
1,7517,250,1729.293701171875,6.917174816131592,5.7214741706848145,0.050000011920928955,1879250
1,7518,250,1697.6361083984375,6.790544509887695,5.5986809730529785,0.050000011920928955,1879500
1,7519,250,1383.543701171875,5.534174919128418,5.204571723937988,0.050000011920928955,1879750
1,7520,250,1595.42724609375,6.381709098815918,5.456940174102783,0.050000011920928955,1880000
1,7521,250,63.821502685546875,0.25528600811958313,5.635998249053955,0.050000011920928955,1880250
1,7522,250,1536.444580078125,6.145778179168701,6.022765636444092,0.050000011920928955,1880500
1,7523,250,1712.276123046875,6.849104404449463,6.134235382080078,0.050000011920928955,1880750
1,7524,250,1494.59375,5.97837495803833,5.534236431121826,0.050000011920928955,1881000
1,7525,250,1467.169189453125,5.868676662445068,6.269343852996826,0.050000011920928955,1881250
1,7526,250,1259.854248046875,5.039416790008545,6.182104587554932,0.050000011920928955,1881500
1,7527,250,1559.03076171875,6.236123085021973,6.303889274597168,0.050000011920928955,1881750
1,7528,250,1555.1552734375,6.220621109008789,5.707932472229004,0.050000011920928955,1882000
1,7529,250,1618.837158203125,6.475348472595215,6.479517459869385,0.050000011920928955,1882250
1,7530,250,1674.947021484375,6.6997880935668945,6.270463943481445,0.050000011920928955,1882500
1,7531,250,1679.1324462890625,6.716529846191406,6.10296630859375,0.050000011920928955,1882750
1,7532,250,1721.083251953125,6.88433313369751,5.9107160568237305,0.050000011920928955,1883000
1,7533,250,1543.96484375,6.175859451293945,6.133838653564453,0.050000011920928955,1883250
1,7534,250,1648.0123291015625,6.5920491218566895,5.95712423324585,0.050000011920928955,1883500
1,7535,250,1690.75390625,6.7630157470703125,5.519325256347656,0.050000011920928955,1883750
1,7536,250,1625.9796142578125,6.503918647766113,5.740907669067383,0.050000011920928955,1884000
1,7537,250,1700.2889404296875,6.8011555671691895,6.297586441040039,0.050000011920928955,1884250
1,7538,250,1679.85595703125,6.719423770904541,5.857416152954102,0.050000011920928955,1884500
1,7539,250,1664.3265380859375,6.65730619430542,5.882688522338867,0.050000011920928955,1884750
1,7540,250,1383.8406982421875,5.535362720489502,5.365958213806152,0.050000011920928955,1885000
1,7541,250,1838.3170166015625,7.353268146514893,5.247152805328369,0.050000011920928955,1885250
1,7542,250,1518.792724609375,6.075170993804932,4.940083980560303,0.050000011920928955,1885500
1,7543,250,1608.42236328125,6.433689594268799,5.26707124710083,0.050000011920928955,1885750
1,7544,250,1875.4847412109375,7.501938819885254,5.077768325805664,0.050000011920928955,1886000
1,7545,250,1859.693359375,7.4387736320495605,5.039484024047852,0.050000011920928955,1886250
1,7546,250,1669.303955078125,6.677216053009033,5.048865795135498,0.050000011920928955,1886500
1,7547,250,1683.429931640625,6.733719825744629,4.681879043579102,0.050000011920928955,1886750
1,7548,250,1578.8939208984375,6.31557559967041,4.474086761474609,0.050000011920928955,1887000
1,7549,250,1799.5352783203125,7.198141098022461,5.04279088973999,0.050000011920928955,1887250
1,7550,250,1639.222900390625,6.556891441345215,4.7087202072143555,0.050000011920928955,1887500
1,7551,250,1669.052490234375,6.676209926605225,4.686919212341309,0.050000011920928955,1887750
1,7552,250,1671.4910888671875,6.685964584350586,4.617905139923096,0.050000011920928955,1888000
1,7553,250,1716.159423828125,6.864637851715088,4.757282733917236,0.050000011920928955,1888250
1,7554,250,1625.782470703125,6.503129959106445,4.631107807159424,0.050000011920928955,1888500
1,7555,250,1574.145263671875,6.296581268310547,4.2070136070251465,0.050000011920928955,1888750
1,7556,250,1679.1019287109375,6.716407775878906,4.117902755737305,0.050000011920928955,1889000
1,7557,250,1554.629150390625,6.218516826629639,4.494453430175781,0.050000011920928955,1889250
1,7558,250,1639.9580078125,6.5598320960998535,4.516135215759277,0.050000011920928955,1889500
1,7559,250,1455.4300537109375,5.821720123291016,4.384042739868164,0.050000011920928955,1889750
1,7560,250,1708.370361328125,6.833481311798096,4.057074069976807,0.050000011920928955,1890000
1,7561,250,1631.564453125,6.5262579917907715,4.442667484283447,0.050000011920928955,1890250
1,7562,250,1710.11572265625,6.840462684631348,3.943544864654541,0.050000011920928955,1890500
1,7563,250,1576.271240234375,6.305085182189941,4.148920059204102,0.050000011920928955,1890750
1,7564,250,1579.3447265625,6.317378997802734,3.7164838314056396,0.050000011920928955,1891000
1,7565,250,1315.8060302734375,5.263224124908447,4.157309532165527,0.050000011920928955,1891250
1,7566,250,1389.1370849609375,5.556548118591309,3.95324444770813,0.050000011920928955,1891500
1,7567,250,1683.1854248046875,6.732741832733154,4.045909404754639,0.050000011920928955,1891750
1,7568,250,1078.697998046875,4.314792156219482,3.8936147689819336,0.050000011920928955,1892000
1,7569,250,1674.4881591796875,6.697952747344971,3.9487953186035156,0.050000011920928955,1892250
1,7570,250,1590.5252685546875,6.362101078033447,4.01002836227417,0.050000011920928955,1892500
1,7571,250,1501.769287109375,6.007077217102051,3.8470957279205322,0.050000011920928955,1892750
1,7572,250,1680.20458984375,6.720818519592285,3.8382391929626465,0.050000011920928955,1893000
1,7573,250,1685.369140625,6.741476535797119,3.829927444458008,0.050000011920928955,1893250
1,7574,250,1690.2315673828125,6.760926246643066,3.6489181518554688,0.050000011920928955,1893500
1,7575,250,1768.4296875,7.073718547821045,3.7907652854919434,0.050000011920928955,1893750
1,7576,250,1621.767822265625,6.487071514129639,3.8026299476623535,0.050000011920928955,1894000
1,7577,250,1576.2484130859375,6.304993629455566,3.8922817707061768,0.050000011920928955,1894250
1,7578,250,1681.02197265625,6.724087715148926,4.064131736755371,0.050000011920928955,1894500
1,7579,250,1897.853515625,7.591413974761963,3.6754708290100098,0.050000011920928955,1894750
1,7580,250,1665.16650390625,6.660665988922119,3.508466958999634,0.050000011920928955,1895000
1,7581,250,1535.14013671875,6.140560626983643,3.6893324851989746,0.050000011920928955,1895250
1,7582,250,1592.845947265625,6.3713836669921875,3.820905923843384,0.050000011920928955,1895500
1,7583,250,1744.09033203125,6.976361274719238,3.8888370990753174,0.050000011920928955,1895750
1,7584,250,1572.935546875,6.291742324829102,3.957310914993286,0.050000011920928955,1896000
1,7585,250,1662.1796875,6.64871883392334,4.0588884353637695,0.050000011920928955,1896250
1,7586,250,1807.5367431640625,7.230146884918213,3.7330267429351807,0.050000011920928955,1896500
1,7587,250,1655.4287109375,6.621715068817139,3.8924224376678467,0.050000011920928955,1896750
1,7588,250,1724.73828125,6.898952960968018,3.767157793045044,0.050000011920928955,1897000
1,7589,250,1576.625,6.30649995803833,3.7950356006622314,0.050000011920928955,1897250
1,7590,250,725.8383178710938,2.903353214263916,3.693101167678833,0.050000011920928955,1897500
1,7591,250,1538.320556640625,6.153282165527344,3.8681838512420654,0.050000011920928955,1897750
1,7592,250,3.49147629737854,0.013965905643999577,4.346550464630127,0.050000011920928955,1898000
1,7593,250,17.80055046081543,0.07120220363140106,4.76447057723999,0.050000011920928955,1898250
1,7594,250,19.959266662597656,0.07983706891536713,4.652403831481934,0.050000011920928955,1898500
1,7595,250,-4.8455071449279785,-0.01938202790915966,5.034249782562256,0.050000011920928955,1898750
1,7596,250,-6.548031330108643,-0.02619212493300438,5.4401397705078125,0.050000011920928955,1899000
1,7597,250,89.18434143066406,0.3567373752593994,5.829735279083252,0.050000011920928955,1899250
1,7598,250,1788.620361328125,7.154481410980225,5.8599371910095215,0.050000011920928955,1899500
1,7599,250,1637.220458984375,6.548882007598877,5.746384143829346,0.050000011920928955,1899750
1,7600,250,80.32511138916016,0.3213004469871521,5.5123772621154785,0.050000011920928955,1900000
1,7601,250,1681.5283203125,6.726113319396973,5.973562717437744,0.050000011920928955,1900250
1,7602,250,1642.7940673828125,6.571176052093506,5.905766487121582,0.050000011920928955,1900500
1,7603,250,1510.8779296875,6.043511867523193,6.0158586502075195,0.050000011920928955,1900750
1,7604,250,55.297786712646484,0.2211911529302597,5.801385879516602,0.050000011920928955,1901000
1,7605,250,1624.37646484375,6.4975056648254395,6.52604341506958,0.050000011920928955,1901250
1,7606,250,44.26207733154297,0.17704831063747406,6.371455669403076,0.050000011920928955,1901500
1,7607,250,48.02268600463867,0.19209074974060059,6.657486438751221,0.050000011920928955,1901750
1,7608,250,1769.26611328125,7.077064514160156,6.537092208862305,0.050000011920928955,1902000
1,7609,250,1682.94677734375,6.731787204742432,6.927389621734619,0.050000011920928955,1902250
1,7610,250,1963.732177734375,7.854928493499756,6.236293792724609,0.050000011920928955,1902500
1,7611,250,1624.91064453125,6.499642372131348,6.144145488739014,0.050000011920928955,1902750
1,7612,250,1741.81640625,6.967265605926514,6.242868900299072,0.050000011920928955,1903000
1,7613,250,1769.389404296875,7.077557563781738,6.3820576667785645,0.050000011920928955,1903250
1,7614,250,1725.3543701171875,6.901417255401611,6.168006420135498,0.050000011920928955,1903500
1,7615,250,1819.247314453125,7.276989459991455,6.139920711517334,0.050000011920928955,1903750
1,7616,250,1695.7230224609375,6.782892227172852,5.869580268859863,0.050000011920928955,1904000
1,7617,250,1571.5745849609375,6.2862982749938965,6.6535749435424805,0.050000011920928955,1904250
1,7618,250,1317.2890625,5.269156455993652,6.123575210571289,0.050000011920928955,1904500
1,7619,250,1771.86474609375,7.087459087371826,6.218342304229736,0.050000011920928955,1904750
1,7620,250,1578.458740234375,6.313835144042969,5.802776336669922,0.050000011920928955,1905000
1,7621,250,1712.3302001953125,6.849320888519287,6.210770130157471,0.050000011920928955,1905250
1,7622,250,838.9288940429688,3.35571551322937,6.010973930358887,0.050000011920928955,1905500
1,7623,250,1751.408447265625,7.00563383102417,6.328752040863037,0.050000011920928955,1905750
1,7624,250,1662.23876953125,6.64895486831665,5.700535774230957,0.050000011920928955,1906000
1,7625,250,1505.397216796875,6.0215888023376465,6.15092658996582,0.050000011920928955,1906250
1,7626,250,1717.457763671875,6.869831085205078,6.0409746170043945,0.050000011920928955,1906500
1,7627,250,1542.8140869140625,6.1712565422058105,5.7298455238342285,0.050000011920928955,1906750
1,7628,250,1818.189453125,7.2727580070495605,6.257207870483398,0.050000011920928955,1907000
1,7629,250,1600.239501953125,6.400958061218262,5.945075035095215,0.050000011920928955,1907250
1,7630,250,1686.2138671875,6.7448554039001465,5.6158647537231445,0.050000011920928955,1907500
1,7631,250,1527.6806640625,6.110722541809082,5.657800197601318,0.050000011920928955,1907750
1,7632,250,1493.57373046875,5.974295139312744,5.461600303649902,0.050000011920928955,1908000
1,7633,250,720.0679931640625,2.8802719116210938,5.857914924621582,0.050000011920928955,1908250
1,7634,250,1698.3330078125,6.793332099914551,5.704505443572998,0.050000011920928955,1908500
1,7635,250,-47.422760009765625,-0.18969103693962097,5.095528602600098,0.050000011920928955,1908750
1,7636,250,1919.7244873046875,7.678897857666016,4.8308281898498535,0.050000011920928955,1909000
1,7637,250,1657.7529296875,6.631011486053467,4.9572014808654785,0.050000011920928955,1909250
1,7638,250,1689.55810546875,6.758232593536377,4.4879913330078125,0.050000011920928955,1909500
1,7639,250,1668.8623046875,6.675449371337891,4.335780620574951,0.050000011920928955,1909750
1,7640,250,1597.875,6.391499996185303,4.313918113708496,0.050000011920928955,1910000
1,7641,250,1336.1116943359375,5.344446659088135,4.559007167816162,0.050000011920928955,1910250
1,7642,250,1650.6824951171875,6.602729797363281,4.309727668762207,0.050000011920928955,1910500
1,7643,250,1544.52490234375,6.178099632263184,4.440155029296875,0.050000011920928955,1910750
1,7644,250,1558.1822509765625,6.232728958129883,4.352005958557129,0.050000011920928955,1911000
1,7645,250,1579.3824462890625,6.317529678344727,4.398136138916016,0.050000011920928955,1911250
1,7646,250,1570.0352783203125,6.2801408767700195,4.406571388244629,0.050000011920928955,1911500
1,7647,250,1688.853515625,6.755414009094238,4.066402435302734,0.050000011920928955,1911750
1,7648,250,1633.8155517578125,6.535262107849121,3.8139736652374268,0.050000011920928955,1912000
1,7649,250,1900.5244140625,7.602097511291504,3.8997907638549805,0.050000011920928955,1912250
1,7650,250,1926.2994384765625,7.705197811126709,3.937509536743164,0.050000011920928955,1912500
1,7651,250,1869.868896484375,7.479475498199463,3.7771739959716797,0.050000011920928955,1912750
1,7652,250,1748.3673095703125,6.99346923828125,3.5681872367858887,0.050000011920928955,1913000
1,7653,250,1961.3358154296875,7.845343112945557,3.9528214931488037,0.050000011920928955,1913250
1,7654,250,1909.8427734375,7.639370918273926,3.653751850128174,0.050000011920928955,1913500
1,7655,250,1887.74658203125,7.550986289978027,3.4781579971313477,0.050000011920928955,1913750
1,7656,250,1557.297607421875,6.229190349578857,3.4966912269592285,0.050000011920928955,1914000
1,7657,250,1727.26171875,6.909046649932861,3.8488571643829346,0.050000011920928955,1914250
1,7658,250,1658.47021484375,6.633881092071533,3.5071051120758057,0.050000011920928955,1914500
1,7659,250,1834.23779296875,7.33695125579834,3.834735155105591,0.050000011920928955,1914750
1,7660,250,1970.8614501953125,7.883445739746094,3.6149046421051025,0.050000011920928955,1915000
1,7661,250,1915.1024169921875,7.660409450531006,3.9398913383483887,0.050000011920928955,1915250
1,7662,250,1886.068115234375,7.544272422790527,3.4908385276794434,0.050000011920928955,1915500
1,7663,250,1931.1861572265625,7.72474479675293,3.4605343341827393,0.050000011920928955,1915750
1,7664,250,1807.936279296875,7.23174524307251,3.331717014312744,0.050000011920928955,1916000
1,7665,250,1918.7337646484375,7.6749348640441895,3.8636891841888428,0.050000011920928955,1916250
1,7666,250,1920.49951171875,7.681998252868652,3.6415655612945557,0.050000011920928955,1916500
1,7667,250,1914.2249755859375,7.656899929046631,3.369826078414917,0.050000011920928955,1916750
1,7668,250,1917.9505615234375,7.671802043914795,3.467590570449829,0.050000011920928955,1917000
1,7669,250,1886.1383056640625,7.544553279876709,3.794618844985962,0.050000011920928955,1917250
1,7670,250,1915.0064697265625,7.6600260734558105,3.6026902198791504,0.050000011920928955,1917500
1,7671,250,1908.844482421875,7.635377883911133,3.4901697635650635,0.050000011920928955,1917750
1,7672,250,1955.4000244140625,7.821599960327148,3.4231669902801514,0.050000011920928955,1918000
1,7673,250,1918.03759765625,7.672150611877441,3.728034734725952,0.050000011920928955,1918250
1,7674,250,1781.6151123046875,7.126460552215576,3.5192224979400635,0.050000011920928955,1918500
1,7675,250,1799.27734375,7.197109222412109,3.475421667098999,0.050000011920928955,1918750
1,7676,250,1959.1046142578125,7.836418628692627,3.5509836673736572,0.050000011920928955,1919000
1,7677,250,1688.09765625,6.7523908615112305,3.611508369445801,0.050000011920928955,1919250
1,7678,250,-3.675135612487793,-0.014700542204082012,3.5050320625305176,0.050000011920928955,1919500
1,7679,250,1708.114990234375,6.832459926605225,4.1234235763549805,0.050000011920928955,1919750
1,7680,250,1933.308837890625,7.7332353591918945,4.115508556365967,0.050000011920928955,1920000
1,7681,250,1901.92529296875,7.607701301574707,4.23961067199707,0.050000011920928955,1920250
1,7682,250,1616.9976806640625,6.467990875244141,4.097478866577148,0.050000011920928955,1920500
1,7683,250,-1.2386707067489624,-0.0049546826630830765,3.9368326663970947,0.050000011920928955,1920750
1,7684,250,1330.720458984375,5.322881698608398,4.091940402984619,0.050000011920928955,1921000
1,7685,250,1554.1005859375,6.216402530670166,4.364025115966797,0.050000011920928955,1921250
1,7686,250,1557.526123046875,6.230104446411133,4.500929355621338,0.050000011920928955,1921500
1,7687,250,1774.2882080078125,7.0971527099609375,4.163386821746826,0.050000011920928955,1921750
1,7688,250,-20.882835388183594,-0.08353134244680405,4.1848530769348145,0.050000011920928955,1922000
1,7689,250,1624.821533203125,6.49928617477417,4.554686546325684,0.050000011920928955,1922250
1,7690,250,906.5701293945312,3.6262805461883545,4.795207977294922,0.050000011920928955,1922500
1,7691,250,1709.6702880859375,6.838681221008301,4.599048614501953,0.050000011920928955,1922750
1,7692,250,1682.2618408203125,6.7290472984313965,4.333776473999023,0.050000011920928955,1923000
1,7693,250,1733.3291015625,6.933316230773926,4.784007549285889,0.050000011920928955,1923250
1,7694,250,1730.943115234375,6.92377233505249,4.4457221031188965,0.050000011920928955,1923500
1,7695,250,1719.479248046875,6.8779168128967285,4.690427303314209,0.050000011920928955,1923750
1,7696,250,1955.619384765625,7.822477340698242,4.264824390411377,0.050000011920928955,1924000
1,7697,250,1734.2216796875,6.936886787414551,4.704432964324951,0.050000011920928955,1924250
1,7698,250,1652.894775390625,6.611578941345215,4.6583781242370605,0.050000011920928955,1924500
1,7699,250,1753.731689453125,7.014926910400391,4.347206115722656,0.050000011920928955,1924750
1,7700,250,1663.965576171875,6.655862331390381,4.00529670715332,0.050000011920928955,1925000
1,7701,250,1675.917724609375,6.703670978546143,4.139931678771973,0.050000011920928955,1925250
1,7702,250,1666.307861328125,6.665231227874756,4.192982196807861,0.050000011920928955,1925500
1,7703,250,1818.012451171875,7.272049903869629,4.6393961906433105,0.050000011920928955,1925750
1,7704,250,1742.02197265625,6.968087673187256,4.499417781829834,0.050000011920928955,1926000
1,7705,250,1761.925537109375,7.047702312469482,4.315201282501221,0.050000011920928955,1926250
1,7706,250,1661.480224609375,6.645920753479004,4.205776214599609,0.050000011920928955,1926500
1,7707,250,1373.70751953125,5.494830131530762,3.975062131881714,0.050000011920928955,1926750
1,7708,250,1711.30859375,6.845234394073486,4.093692779541016,0.050000011920928955,1927000
1,7709,250,1945.1810302734375,7.780724048614502,4.274899482727051,0.050000011920928955,1927250
1,7710,250,1772.4071044921875,7.089628219604492,4.079727649688721,0.050000011920928955,1927500
1,7711,250,1944.39990234375,7.777599811553955,4.022144317626953,0.050000011920928955,1927750
1,7712,250,1733.000732421875,6.932003021240234,4.018036365509033,0.050000011920928955,1928000
1,7713,250,1675.1171875,6.70046854019165,4.089111328125,0.050000011920928955,1928250
1,7714,250,1767.38330078125,7.069533348083496,4.272292137145996,0.050000011920928955,1928500
1,7715,250,1723.7384033203125,6.894953727722168,4.129943370819092,0.050000011920928955,1928750
1,7716,250,1734.1654052734375,6.936661720275879,3.7488009929656982,0.050000011920928955,1929000
1,7717,250,1632.2216796875,6.528886795043945,4.277445316314697,0.050000011920928955,1929250
1,7718,250,1522.678955078125,6.0907158851623535,4.1434550285339355,0.050000011920928955,1929500
1,7719,250,1548.8564453125,6.195425987243652,4.0608625411987305,0.050000011920928955,1929750
1,7720,250,1696.5291748046875,6.786116600036621,4.101381778717041,0.050000011920928955,1930000
1,7721,250,1929.65673828125,7.718626976013184,4.377990245819092,0.050000011920928955,1930250
1,7722,250,1767.68701171875,7.0707478523254395,4.098547458648682,0.050000011920928955,1930500
1,7723,250,1779.73876953125,7.118955135345459,3.7277591228485107,0.050000011920928955,1930750
1,7724,250,1660.1527099609375,6.640610694885254,3.6621999740600586,0.050000011920928955,1931000
1,7725,250,1763.48046875,7.053921699523926,3.734877347946167,0.050000011920928955,1931250
1,7726,250,1749.308349609375,6.9972333908081055,3.6731364727020264,0.050000011920928955,1931500
1,7727,250,1677.39501953125,6.709579944610596,3.7512834072113037,0.050000011920928955,1931750
1,7728,250,1760.82177734375,7.04328727722168,3.490074872970581,0.050000011920928955,1932000
1,7729,250,1971.781005859375,7.887124061584473,3.470015048980713,0.050000011920928955,1932250
1,7730,250,1915.083251953125,7.660333156585693,3.121401309967041,0.050000011920928955,1932500
1,7731,250,1749.498291015625,6.997992992401123,3.0396475791931152,0.050000011920928955,1932750
1,7732,250,1570.101806640625,6.280407428741455,3.221985340118408,0.050000011920928955,1933000
1,7733,250,1891.334716796875,7.565339088439941,3.6385083198547363,0.050000011920928955,1933250
1,7734,250,1921.892822265625,7.6875715255737305,3.2424418926239014,0.050000011920928955,1933500
1,7735,250,1728.375,6.91349983215332,3.1778862476348877,0.050000011920928955,1933750
1,7736,250,1869.130126953125,7.476520538330078,3.0569989681243896,0.050000011920928955,1934000
1,7737,250,1742.563232421875,6.970252990722656,3.34285044670105,0.050000011920928955,1934250
1,7738,250,1750.39208984375,7.00156831741333,3.339742422103882,0.050000011920928955,1934500
1,7739,250,1929.666015625,7.718664169311523,3.046327829360962,0.050000011920928955,1934750
1,7740,250,1850.6175537109375,7.402470111846924,2.9649899005889893,0.050000011920928955,1935000
1,7741,250,1876.87744140625,7.507509708404541,3.2416882514953613,0.050000011920928955,1935250
1,7742,250,1730.1231689453125,6.920492649078369,3.2131550312042236,0.050000011920928955,1935500
1,7743,250,1430.435546875,5.721742153167725,3.1161890029907227,0.050000011920928955,1935750
1,7744,250,1919.0972900390625,7.676389217376709,3.0951313972473145,0.050000011920928955,1936000
1,7745,250,1882.2998046875,7.529199123382568,3.394925117492676,0.050000011920928955,1936250
1,7746,250,1903.609375,7.614437580108643,3.2516531944274902,0.050000011920928955,1936500
1,7747,250,-12.16676139831543,-0.048667047172784805,3.3672425746917725,0.050000011920928955,1936750
1,7748,250,1889.4464111328125,7.557785511016846,3.299161195755005,0.050000011920928955,1937000
1,7749,250,1747.671142578125,6.990684509277344,3.4510910511016846,0.050000011920928955,1937250
1,7750,250,1892.8690185546875,7.571475982666016,3.3592958450317383,0.050000011920928955,1937500
1,7751,250,1864.3896484375,7.457558631896973,3.461866855621338,0.050000011920928955,1937750
1,7752,250,1736.1043701171875,6.944417476654053,3.2492401599884033,0.050000011920928955,1938000
1,7753,250,1730.3924560546875,6.92156982421875,3.561188220977783,0.050000011920928955,1938250
1,7754,250,1864.0704345703125,7.456281661987305,3.3152873516082764,0.050000011920928955,1938500
1,7755,250,1645.7830810546875,6.583132266998291,3.2292580604553223,0.050000011920928955,1938750
1,7756,250,1890.7103271484375,7.562841415405273,3.2694311141967773,0.050000011920928955,1939000
1,7757,250,1797.992431640625,7.191969871520996,3.184215545654297,0.050000011920928955,1939250
1,7758,250,1955.5321044921875,7.8221282958984375,3.2752766609191895,0.050000011920928955,1939500
1,7759,250,1873.87109375,7.495484352111816,3.1532626152038574,0.050000011920928955,1939750
1,7760,250,1922.3131103515625,7.6892523765563965,3.1429214477539062,0.050000011920928955,1940000
1,7761,250,-25.75690460205078,-0.10302761942148209,3.214587688446045,0.050000011920928955,1940250
1,7762,250,1643.0938720703125,6.572375297546387,3.49066162109375,0.050000011920928955,1940500
1,7763,250,1931.4012451171875,7.725605010986328,3.562551259994507,0.050000011920928955,1940750
1,7764,250,1766.29931640625,7.065197467803955,3.52303409576416,0.050000011920928955,1941000
1,7765,250,1924.3790283203125,7.697515964508057,3.3476834297180176,0.050000011920928955,1941250
1,7766,250,1936.560302734375,7.746241092681885,3.4191668033599854,0.050000011920928955,1941500
1,7767,250,1724.5115966796875,6.898046493530273,3.3385472297668457,0.050000011920928955,1941750
1,7768,250,1793.37744140625,7.17350959777832,3.4304540157318115,0.050000011920928955,1942000
1,7769,250,1911.863525390625,7.647454261779785,3.426626443862915,0.050000011920928955,1942250
1,7770,250,1972.140625,7.8885626792907715,3.2627415657043457,0.050000011920928955,1942500
1,7771,250,1915.3028564453125,7.6612114906311035,3.2678303718566895,0.050000011920928955,1942750
1,7772,250,1662.781982421875,6.651127815246582,3.2716424465179443,0.050000011920928955,1943000
1,7773,250,1382.3800048828125,5.529520034790039,3.4264075756073,0.050000011920928955,1943250
1,7774,250,1284.3697509765625,5.137478828430176,3.5081565380096436,0.050000011920928955,1943500
1,7775,250,1677.911376953125,6.711645603179932,3.3801429271698,0.050000011920928955,1943750
1,7776,250,1950.86572265625,7.803462982177734,3.4196949005126953,0.050000011920928955,1944000
1,7777,250,1958.504638671875,7.834018707275391,3.5244791507720947,0.050000011920928955,1944250
1,7778,250,1553.6290283203125,6.2145161628723145,3.225858688354492,0.050000011920928955,1944500
1,7779,250,1915.624755859375,7.662498950958252,3.2442901134490967,0.050000011920928955,1944750
1,7780,250,1798.29931640625,7.193197250366211,3.236387014389038,0.050000011920928955,1945000
1,7781,250,1702.1951904296875,6.808780670166016,3.2108817100524902,0.050000011920928955,1945250
1,7782,250,1723.2340087890625,6.8929362297058105,3.417935848236084,0.050000011920928955,1945500
1,7783,250,1724.8519287109375,6.899407863616943,3.3531599044799805,0.050000011920928955,1945750
1,7784,250,1734.41845703125,6.937674045562744,3.1476027965545654,0.050000011920928955,1946000
1,7785,250,1716.7620849609375,6.867048263549805,3.549856662750244,0.050000011920928955,1946250
1,7786,250,1949.7933349609375,7.799173355102539,3.380762815475464,0.050000011920928955,1946500
1,7787,250,1608.33154296875,6.433326244354248,3.150968551635742,0.050000011920928955,1946750
1,7788,250,1934.365478515625,7.737462043762207,3.019465208053589,0.050000011920928955,1947000
1,7789,250,1763.2725830078125,7.0530900955200195,3.0861494541168213,0.050000011920928955,1947250
1,7790,250,1961.738037109375,7.846951961517334,3.1893434524536133,0.050000011920928955,1947500
1,7791,250,1534.054931640625,6.136219501495361,3.081904411315918,0.050000011920928955,1947750
1,7792,250,1890.7232666015625,7.562892913818359,3.0441038608551025,0.050000011920928955,1948000
1,7793,250,1575.394775390625,6.301578998565674,3.016355514526367,0.050000011920928955,1948250
1,7794,250,1648.86767578125,6.595470905303955,3.0277414321899414,0.050000011920928955,1948500
1,7795,250,1931.5927734375,7.7263712882995605,3.0113003253936768,0.050000011920928955,1948750
1,7796,250,1566.2799072265625,6.265119552612305,3.022531270980835,0.050000011920928955,1949000
1,7797,250,1772.51806640625,7.090072154998779,3.178952693939209,0.050000011920928955,1949250
1,7798,250,1701.319091796875,6.805276393890381,3.2386205196380615,0.050000011920928955,1949500
1,7799,250,1749.64111328125,6.99856424331665,3.0963094234466553,0.050000011920928955,1949750
1,7800,250,1619.728759765625,6.478915214538574,2.970507860183716,0.050000011920928955,1950000
1,7801,250,1640.4637451171875,6.561854839324951,3.192312240600586,0.050000011920928955,1950250
1,7802,250,1636.816650390625,6.547266483306885,3.053342819213867,0.050000011920928955,1950500
1,7803,250,1723.4525146484375,6.893810272216797,2.9028029441833496,0.050000011920928955,1950750
1,7804,250,1668.9339599609375,6.675735950469971,3.1585185527801514,0.050000011920928955,1951000
1,7805,250,1891.5496826171875,7.566198825836182,3.1012778282165527,0.050000011920928955,1951250
1,7806,250,1544.156494140625,6.176626205444336,2.959190845489502,0.050000011920928955,1951500
1,7807,250,1680.9591064453125,6.723836421966553,2.993190288543701,0.050000011920928955,1951750
1,7808,250,1685.5228271484375,6.742091178894043,3.270921230316162,0.050000011920928955,1952000
1,7809,250,1700.4449462890625,6.801779747009277,3.1599903106689453,0.050000011920928955,1952250
1,7810,250,1916.170166015625,7.664680480957031,3.099592924118042,0.050000011920928955,1952500
1,7811,250,1555.4119873046875,6.2216477394104,3.1941189765930176,0.050000011920928955,1952750
1,7812,250,1527.267333984375,6.109069347381592,3.0457141399383545,0.050000011920928955,1953000
1,7813,250,1814.517333984375,7.2580695152282715,3.2990708351135254,0.050000011920928955,1953250
1,7814,250,1987.006591796875,7.948026180267334,2.9764387607574463,0.050000011920928955,1953500
1,7815,250,1892.3369140625,7.569347858428955,2.9654958248138428,0.050000011920928955,1953750
1,7816,250,1716.362060546875,6.865448474884033,2.9472970962524414,0.050000011920928955,1954000
1,7817,250,1712.387451171875,6.849549770355225,2.9051737785339355,0.050000011920928955,1954250
1,7818,250,1799.993896484375,7.199975490570068,2.8812623023986816,0.050000011920928955,1954500
1,7819,250,1725.448974609375,6.901795864105225,2.9627790451049805,0.050000011920928955,1954750
1,7820,250,1948.599853515625,7.794399261474609,2.7407989501953125,0.050000011920928955,1955000
1,7821,250,1645.5640869140625,6.582256317138672,2.8648672103881836,0.050000011920928955,1955250
1,7822,250,1915.14990234375,7.660599708557129,2.752487897872925,0.050000011920928955,1955500
1,7823,250,1872.3106689453125,7.4892425537109375,2.9107983112335205,0.050000011920928955,1955750
1,7824,250,1780.8974609375,7.123589992523193,2.845017194747925,0.050000011920928955,1956000
1,7825,250,1922.825927734375,7.691303730010986,2.993096113204956,0.050000011920928955,1956250
1,7826,250,1907.5164794921875,7.63006591796875,2.9666528701782227,0.050000011920928955,1956500
1,7827,250,1940.1884765625,7.760754108428955,2.7683112621307373,0.050000011920928955,1956750
1,7828,250,1865.2635498046875,7.46105432510376,2.878187417984009,0.050000011920928955,1957000
1,7829,250,1934.27490234375,7.737099647521973,2.618549108505249,0.050000011920928955,1957250
1,7830,250,1964.141845703125,7.8565673828125,2.7931067943573,0.050000011920928955,1957500
1,7831,250,1939.8304443359375,7.759321689605713,2.8190014362335205,0.050000011920928955,1957750
1,7832,250,1752.91552734375,7.011662006378174,2.995231866836548,0.050000011920928955,1958000
1,7833,250,1554.6522216796875,6.218608856201172,2.8243985176086426,0.050000011920928955,1958250
1,7834,250,1105.64599609375,4.422584056854248,2.8200154304504395,0.050000011920928955,1958500
1,7835,250,740.7545166015625,2.9630181789398193,2.9112069606781006,0.050000011920928955,1958750
1,7836,250,-10.12981128692627,-0.040519244968891144,3.139695882797241,0.050000011920928955,1959000
1,7837,250,803.3963012695312,3.213585138320923,3.50091552734375,0.050000011920928955,1959250
1,7838,250,492.29962158203125,1.96919846534729,3.781028985977173,0.050000011920928955,1959500
1,7839,250,1290.848388671875,5.163393497467041,3.8722622394561768,0.050000011920928955,1959750
1,7840,250,76.73041534423828,0.30692166090011597,4.42653751373291,0.050000011920928955,1960000
1,7841,250,57.629722595214844,0.2305188924074173,4.806331634521484,0.050000011920928955,1960250
1,7842,250,120.7567138671875,0.4830268621444702,4.386185646057129,0.050000011920928955,1960500
1,7843,250,107.2748794555664,0.42909952998161316,5.150032997131348,0.050000011920928955,1960750
1,7844,250,62.538333892822266,0.2501533329486847,5.014425277709961,0.050000011920928955,1961000
1,7845,250,310.0320739746094,1.2401282787322998,5.472651481628418,0.050000011920928955,1961250
1,7846,250,156.89161682128906,0.6275664567947388,5.7102742195129395,0.050000011920928955,1961500
1,7847,250,109.3186264038086,0.4372745156288147,5.873691558837891,0.050000011920928955,1961750
1,7848,250,271.88494873046875,1.087539792060852,5.9280924797058105,0.050000011920928955,1962000
1,7849,250,229.5017547607422,0.9180070161819458,6.851247310638428,0.050000011920928955,1962250
1,7850,250,179.13487243652344,0.7165395021438599,6.709414482116699,0.050000011920928955,1962500
1,7851,250,207.59812927246094,0.8303925395011902,6.931785583496094,0.050000011920928955,1962750
1,7852,250,205.23721313476562,0.8209488391876221,6.745212554931641,0.050000011920928955,1963000
1,7853,250,228.2954559326172,0.9131818413734436,7.637208461761475,0.050000011920928955,1963250
1,7854,250,1774.2919921875,7.09716796875,7.398372173309326,0.050000011920928955,1963500
1,7855,250,1853.5494384765625,7.41419792175293,7.125750541687012,0.050000011920928955,1963750
1,7856,250,1640.5850830078125,6.562340259552002,7.384603977203369,0.050000011920928955,1964000
1,7857,250,1872.433837890625,7.489735126495361,7.3437676429748535,0.050000011920928955,1964250
1,7858,250,1783.1697998046875,7.132678985595703,6.720057010650635,0.050000011920928955,1964500
1,7859,250,1903.5936279296875,7.61437463760376,7.112550258636475,0.050000011920928955,1964750
1,7860,250,670.0177001953125,2.6800708770751953,7.021989822387695,0.050000011920928955,1965000
1,7861,250,1750.676513671875,7.002706050872803,6.891404151916504,0.050000011920928955,1965250
1,7862,250,1872.81591796875,7.4912638664245605,6.991944313049316,0.050000011920928955,1965500
1,7863,250,1899.6890869140625,7.598756313323975,6.990495681762695,0.050000011920928955,1965750
1,7864,250,1826.9962158203125,7.307984828948975,7.024667263031006,0.050000011920928955,1966000
1,7865,250,1768.203369140625,7.072813510894775,6.700560092926025,0.050000011920928955,1966250
1,7866,250,1881.3421630859375,7.525368690490723,6.674027919769287,0.050000011920928955,1966500
1,7867,250,1785.6866455078125,7.142746448516846,6.5638837814331055,0.050000011920928955,1966750
1,7868,250,1907.4091796875,7.629636764526367,6.560904026031494,0.050000011920928955,1967000
1,7869,250,1825.2109375,7.300843715667725,6.5318217277526855,0.050000011920928955,1967250
1,7870,250,1859.7747802734375,7.439099311828613,6.4943437576293945,0.050000011920928955,1967500
1,7871,250,1863.07958984375,7.45231819152832,6.230809211730957,0.050000011920928955,1967750
1,7872,250,1838.206787109375,7.352827072143555,6.416079044342041,0.050000011920928955,1968000
1,7873,250,1848.6217041015625,7.394486904144287,6.583598613739014,0.050000011920928955,1968250
1,7874,250,16.5073184967041,0.06602927297353745,6.323426723480225,0.050000011920928955,1968500
1,7875,250,1846.2030029296875,7.384811878204346,5.968661785125732,0.050000011920928955,1968750
1,7876,250,1848.7291259765625,7.394916534423828,6.2419867515563965,0.050000011920928955,1969000
1,7877,250,1870.9342041015625,7.483736991882324,6.109792232513428,0.050000011920928955,1969250
1,7878,250,1881.488037109375,7.525952339172363,5.564966201782227,0.050000011920928955,1969500
1,7879,250,1850.86572265625,7.403462886810303,5.581380367279053,0.050000011920928955,1969750
1,7880,250,7.541345596313477,0.030165381729602814,5.767022132873535,0.050000011920928955,1970000
1,7881,250,1871.6009521484375,7.486403942108154,5.7430315017700195,0.050000011920928955,1970250
1,7882,250,1656.7587890625,6.627035140991211,5.399112701416016,0.050000011920928955,1970500
1,7883,250,1888.2926025390625,7.553170204162598,4.883508682250977,0.050000011920928955,1970750
1,7884,250,1870.586181640625,7.482344627380371,4.779781341552734,0.050000011920928955,1971000
1,7885,250,1586.083740234375,6.344335079193115,4.564744472503662,0.050000011920928955,1971250
1,7886,250,1897.13818359375,7.588552951812744,4.4016804695129395,0.050000011920928955,1971500
1,7887,250,1888.149658203125,7.552598476409912,3.9609391689300537,0.050000011920928955,1971750
1,7888,250,1895.3773193359375,7.581509113311768,4.292918682098389,0.050000011920928955,1972000
1,7889,250,1875.0826416015625,7.500330448150635,4.173756122589111,0.050000011920928955,1972250
1,7890,250,1871.35546875,7.485421657562256,3.9856112003326416,0.050000011920928955,1972500
1,7891,250,1523.283447265625,6.093133926391602,3.534118413925171,0.050000011920928955,1972750
1,7892,250,1614.043212890625,6.456172943115234,3.541471004486084,0.050000011920928955,1973000
1,7893,250,1898.661376953125,7.5946455001831055,3.550626277923584,0.050000011920928955,1973250
1,7894,250,1629.297607421875,6.517190456390381,3.393864393234253,0.050000011920928955,1973500
1,7895,250,1939.1683349609375,7.756673336029053,3.261112689971924,0.050000011920928955,1973750
1,7896,250,1884.6409912109375,7.5385637283325195,3.142759084701538,0.050000011920928955,1974000
1,7897,250,1883.13818359375,7.532552719116211,3.649411678314209,0.050000011920928955,1974250
1,7898,250,1930.2420654296875,7.720968246459961,3.3043010234832764,0.050000011920928955,1974500
1,7899,250,1889.65380859375,7.558615207672119,3.6717138290405273,0.050000011920928955,1974750
1,7900,250,-39.120033264160156,-0.15648013353347778,3.4137349128723145,0.050000011920928955,1975000
1,7901,250,1945.7374267578125,7.782949924468994,3.598593235015869,0.050000011920928955,1975250
1,7902,250,-0.3520635962486267,-0.0014082543784752488,3.651620388031006,0.050000011920928955,1975500
1,7903,250,1717.0811767578125,6.8683247566223145,3.722136974334717,0.050000011920928955,1975750
1,7904,250,-11.953173637390137,-0.04781269282102585,3.6937432289123535,0.050000011920928955,1976000
1,7905,250,1932.46533203125,7.729861259460449,4.243453025817871,0.050000011920928955,1976250
1,7906,250,1610.05419921875,6.440217018127441,4.029524326324463,0.050000011920928955,1976500
1,7907,250,1596.314208984375,6.385256767272949,3.9794728755950928,0.050000011920928955,1976750
1,7908,250,-0.4967907667160034,-0.0019871629774570465,4.237300872802734,0.050000011920928955,1977000
1,7909,250,16.12041473388672,0.06448166072368622,4.553329944610596,0.050000011920928955,1977250
1,7910,250,-11.92379379272461,-0.04769517481327057,4.719184398651123,0.050000011920928955,1977500
1,7911,250,1830.6148681640625,7.322459697723389,4.574129581451416,0.050000011920928955,1977750
1,7912,250,1913.713623046875,7.6548542976379395,4.52419900894165,0.050000011920928955,1978000
1,7913,250,33.16929626464844,0.13267718255519867,5.01683235168457,0.050000011920928955,1978250
1,7914,250,1889.72314453125,7.558892726898193,5.0735368728637695,0.050000011920928955,1978500
1,7915,250,1704.9951171875,6.819980621337891,4.683988094329834,0.050000011920928955,1978750
1,7916,250,2.175440549850464,0.008701762184500694,4.93159818649292,0.050000011920928955,1979000
1,7917,250,27.726337432861328,0.11090534925460815,5.718302249908447,0.050000011920928955,1979250
1,7918,250,19.077199935913086,0.07630880177021027,5.283624649047852,0.050000011920928955,1979500
1,7919,250,1907.549560546875,7.6301984786987305,5.492552280426025,0.050000011920928955,1979750
1,7920,250,6.32404899597168,0.025296196341514587,5.603404521942139,0.050000011920928955,1980000
1,7921,250,1597.958251953125,6.3918328285217285,5.77916145324707,0.050000011920928955,1980250
1,7922,250,32.34273147583008,0.12937092781066895,5.778944969177246,0.050000011920928955,1980500
1,7923,250,1632.7015380859375,6.530806064605713,5.635801792144775,0.050000011920928955,1980750
1,7924,250,1817.26318359375,7.269052505493164,5.516327381134033,0.050000011920928955,1981000
1,7925,250,1627.8828125,6.511531352996826,6.1465020179748535,0.050000011920928955,1981250
1,7926,250,1590.22021484375,6.3608808517456055,5.777095794677734,0.050000011920928955,1981500
1,7927,250,1655.0621337890625,6.620248317718506,5.770688056945801,0.050000011920928955,1981750
1,7928,250,1695.061279296875,6.780245304107666,5.827408313751221,0.050000011920928955,1982000
1,7929,250,-5.159907817840576,-0.020639631897211075,6.136005878448486,0.050000011920928955,1982250
1,7930,250,1880.408935546875,7.52163553237915,6.195383548736572,0.050000011920928955,1982500
1,7931,250,1694.9959716796875,6.779983997344971,5.697267532348633,0.050000011920928955,1982750
1,7932,250,-50.466617584228516,-0.20186647772789001,5.727184295654297,0.050000011920928955,1983000
1,7933,250,1710.987548828125,6.843950271606445,5.927729606628418,0.050000011920928955,1983250
1,7934,250,1709.8602294921875,6.839440822601318,6.145052909851074,0.050000011920928955,1983500
1,7935,250,1697.8238525390625,6.791295528411865,5.806332111358643,0.050000011920928955,1983750
1,7936,250,1720.5836181640625,6.8823347091674805,5.761227607727051,0.050000011920928955,1984000
1,7937,250,20.905412673950195,0.08362165093421936,6.5906758308410645,0.050000011920928955,1984250
1,7938,250,2.300049066543579,0.009200196713209152,6.608399391174316,0.050000011920928955,1984500
1,7939,250,77.88459014892578,0.31153836846351624,6.416351318359375,0.050000011920928955,1984750
1,7940,250,672.6693725585938,2.6906774044036865,6.86048698425293,0.050000011920928955,1985000
1,7941,250,1695.036376953125,6.780145645141602,7.724574565887451,0.050000011920928955,1985250
1,7942,250,1682.0023193359375,6.728009223937988,7.250983715057373,0.050000011920928955,1985500
1,7943,250,11.959537506103516,0.04783815145492554,6.774354457855225,0.050000011920928955,1985750
1,7944,250,1770.746337890625,7.0829854011535645,7.0612993240356445,0.050000011920928955,1986000
1,7945,250,1713.361083984375,6.8534440994262695,7.283819198608398,0.050000011920928955,1986250
1,7946,250,6.513357162475586,0.026053428649902344,7.404693126678467,0.050000011920928955,1986500
1,7947,250,1680.8182373046875,6.723272800445557,7.340701580047607,0.050000011920928955,1986750
1,7948,250,1707.58984375,6.83035945892334,7.235471725463867,0.050000011920928955,1987000
1,7949,250,1644.3162841796875,6.57726526260376,7.3356194496154785,0.050000011920928955,1987250
1,7950,250,1750.1033935546875,7.000413417816162,6.876169681549072,0.050000011920928955,1987500
1,7951,250,1701.195068359375,6.80478048324585,7.014386177062988,0.050000011920928955,1987750
1,7952,250,1712.108642578125,6.8484344482421875,6.895844459533691,0.050000011920928955,1988000
1,7953,250,1659.236083984375,6.63694429397583,7.390357494354248,0.050000011920928955,1988250
1,7954,250,1663.841064453125,6.655364036560059,6.640329837799072,0.050000011920928955,1988500
1,7955,250,-51.36866760253906,-0.20547467470169067,6.766012191772461,0.050000011920928955,1988750
1,7956,250,1710.26220703125,6.841048717498779,6.941147327423096,0.050000011920928955,1989000
1,7957,250,1715.1976318359375,6.860790729522705,6.694305419921875,0.050000011920928955,1989250
1,7958,250,1667.451904296875,6.669807434082031,6.1842217445373535,0.050000011920928955,1989500
1,7959,250,1726.98095703125,6.907923698425293,6.213582515716553,0.050000011920928955,1989750
1,7960,250,1669.186767578125,6.676746845245361,6.015032768249512,0.050000011920928955,1990000
1,7961,250,1682.1480712890625,6.728592395782471,6.206579208374023,0.050000011920928955,1990250
1,7962,250,1700.844482421875,6.803378105163574,5.694827079772949,0.050000011920928955,1990500
1,7963,250,1691.137939453125,6.764551639556885,5.685375213623047,0.050000011920928955,1990750
1,7964,250,1713.701904296875,6.8548078536987305,5.4009480476379395,0.050000011920928955,1991000
1,7965,250,1668.9879150390625,6.6759514808654785,5.938917636871338,0.050000011920928955,1991250
1,7966,250,1671.974853515625,6.687899589538574,5.588940620422363,0.050000011920928955,1991500
1,7967,250,1664.1522216796875,6.656609058380127,5.666326999664307,0.050000011920928955,1991750
1,7968,250,1643.54833984375,6.574193477630615,5.368222236633301,0.050000011920928955,1992000
1,7969,250,1636.698486328125,6.5467939376831055,5.360915184020996,0.050000011920928955,1992250
1,7970,250,22.3841609954834,0.0895366445183754,5.180158615112305,0.050000011920928955,1992500
1,7971,250,1653.650146484375,6.614600658416748,5.345550537109375,0.050000011920928955,1992750
1,7972,250,1649.82080078125,6.599283218383789,5.240240097045898,0.050000011920928955,1993000
1,7973,250,1742.671875,6.970687389373779,5.212217330932617,0.050000011920928955,1993250
1,7974,250,1693.349853515625,6.773399353027344,5.002737998962402,0.050000011920928955,1993500
1,7975,250,1707.6346435546875,6.830538749694824,4.757741451263428,0.050000011920928955,1993750
1,7976,250,1654.91796875,6.619671821594238,4.97811222076416,0.050000011920928955,1994000
1,7977,250,1672.7490234375,6.690996170043945,4.816348552703857,0.050000011920928955,1994250
1,7978,250,1733.55419921875,6.9342169761657715,4.320257663726807,0.050000011920928955,1994500
1,7979,250,1728.553466796875,6.91421365737915,4.152831077575684,0.050000011920928955,1994750
1,7980,250,4.469632148742676,0.01787852868437767,4.278009414672852,0.050000011920928955,1995000
1,7981,250,1739.83740234375,6.959349632263184,4.380565166473389,0.050000011920928955,1995250
1,7982,250,1747.5343017578125,6.990137100219727,4.23389196395874,0.050000011920928955,1995500
1,7983,250,1959.365478515625,7.837461948394775,3.920246124267578,0.050000011920928955,1995750
1,7984,250,1661.986083984375,6.647944450378418,4.037694931030273,0.050000011920928955,1996000
1,7985,250,1764.440185546875,7.057760715484619,4.100695610046387,0.050000011920928955,1996250
1,7986,250,1914.653564453125,7.658614158630371,3.8884963989257812,0.050000011920928955,1996500
1,7987,250,1741.0225830078125,6.964090347290039,3.7981016635894775,0.050000011920928955,1996750
1,7988,250,1682.8819580078125,6.731527805328369,3.4939169883728027,0.050000011920928955,1997000
1,7989,250,1647.0185546875,6.588074207305908,3.8386828899383545,0.050000011920928955,1997250
1,7990,250,1657.0654296875,6.628261566162109,3.6351678371429443,0.050000011920928955,1997500
1,7991,250,1.0596837997436523,0.004238735418766737,3.6425602436065674,0.050000011920928955,1997750
1,7992,250,1635.65771484375,6.542630672454834,3.554581880569458,0.050000011920928955,1998000
1,7993,250,1176.9093017578125,4.707637310028076,3.896541118621826,0.050000011920928955,1998250
1,7994,250,1578.4859619140625,6.313943862915039,3.8444581031799316,0.050000011920928955,1998500
1,7995,250,1691.8426513671875,6.767370700836182,3.5698740482330322,0.050000011920928955,1998750
1,7996,250,1609.037353515625,6.436149597167969,3.68879771232605,0.050000011920928955,1999000
1,7997,250,1729.17578125,6.916703224182129,4.001755237579346,0.050000011920928955,1999250
1,7998,250,1720.8330078125,6.883332252502441,3.980562210083008,0.050000011920928955,1999500
1,7999,250,1035.9945068359375,4.143978118896484,3.91512131690979,0.050000011920928955,1999750
1,8000,250,1722.009521484375,6.888038158416748,3.6903555393218994,0.050000011920928955,2000000
