seed,episode,episode_length,total_reward,average_reward_per_step,average_absolute_td_error,epsilon,timesteps
9,1,250,-478.6458740234375,-1.914583444595337,0.0,1.0,250
9,2,250,-485.4588317871094,-1.9418352842330933,0.0,0.9996041655540466,500
9,3,250,-450.64984130859375,-1.802599310874939,0.0,0.9992083311080933,750
9,4,250,-478.87646484375,-1.9155058860778809,0.0,0.9988124966621399,1000
9,5,250,-489.9184265136719,-1.9596737623214722,0.3731679320335388,0.9984166622161865,1250
9,6,250,-489.1462707519531,-1.9565850496292114,0.06647734344005585,0.9980208277702332,1500
9,7,250,-494.26080322265625,-1.9770432710647583,0.05783354490995407,0.9976249933242798,1750
9,8,250,-470.8163146972656,-1.8832652568817139,0.05016466975212097,0.9972291588783264,2000
9,9,250,-467.3572082519531,-1.8694288730621338,0.08209781348705292,0.996833324432373,2250
9,10,250,-474.3063659667969,-1.8972254991531372,0.029679663479328156,0.9964374899864197,2500
9,11,250,-487.1920166015625,-1.9487680196762085,0.02078266255557537,0.9960416555404663,2750
9,12,250,-483.07598876953125,-1.9323039054870605,0.018642377108335495,0.9956458210945129,3000
9,13,250,-458.49383544921875,-1.8339753150939941,0.0610380657017231,0.9952499866485596,3250
9,14,250,-489.3701477050781,-1.957480549812317,0.024905111640691757,0.9948541522026062,3500
9,15,250,-481.7791748046875,-1.9271167516708374,0.021149221807718277,0.9944583177566528,3750
9,16,250,-434.2273864746094,-1.7369095087051392,0.02037137933075428,0.9940624833106995,4000
9,17,250,-492.8482666015625,-1.97139310836792,0.061494890600442886,0.9936666488647461,4250
9,18,250,-478.017822265625,-1.9120713472366333,0.02980867773294449,0.9932708144187927,4500
9,19,250,-489.93487548828125,-1.9597394466400146,0.02515467442572117,0.9928749799728394,4750
9,20,250,-486.0379333496094,-1.944151759147644,0.024889564141631126,0.992479145526886,5000
9,21,250,-479.35394287109375,-1.917415738105774,0.05941399559378624,0.9920833110809326,5250
9,22,250,-480.6562194824219,-1.9226248264312744,0.03368120640516281,0.9916874766349792,5500
9,23,250,-460.1914367675781,-1.8407657146453857,0.028769399970769882,0.9912916421890259,5750
9,24,250,-325.02410888671875,-1.3000963926315308,0.03219730779528618,0.9908958077430725,6000
9,25,250,-471.6575622558594,-1.8866302967071533,0.08483104407787323,0.9904999732971191,6250
9,26,250,-435.8020935058594,-1.743208408355713,0.04783361032605171,0.9901041388511658,6500
9,27,250,-444.5364685058594,-1.7781459093093872,0.044754739850759506,0.9897083044052124,6750
9,28,250,-479.6711120605469,-1.918684482574463,0.03968071565032005,0.9893125295639038,7000
9,29,250,-467.93731689453125,-1.8717492818832397,0.08714871108531952,0.9889166951179504,7250
9,30,250,-477.1383972167969,-1.9085536003112793,0.05432356894016266,0.9885208606719971,7500
9,31,250,-416.4026184082031,-1.665610432624817,0.04912315309047699,0.9881250262260437,7750
9,32,250,-492.3949890136719,-1.9695799350738525,0.044924598187208176,0.9877291917800903,8000
9,33,250,-475.0596008300781,-1.9002383947372437,0.10078343003988266,0.987333357334137,8250
9,34,250,-466.8636169433594,-1.8674544095993042,0.06119505316019058,0.9869375228881836,8500
9,35,250,-491.89715576171875,-1.9675886631011963,0.05723264068365097,0.9865416884422302,8750
9,36,250,-449.40692138671875,-1.7976276874542236,0.05176795646548271,0.9861458539962769,9000
9,37,250,-447.2436828613281,-1.7889747619628906,0.1102537214756012,0.9857500195503235,9250
9,38,250,-476.94720458984375,-1.907788872718811,0.07261296361684799,0.9853541851043701,9500
9,39,250,-455.7291564941406,-1.8229166269302368,0.06841651350259781,0.9849583506584167,9750
9,40,250,-436.3204345703125,-1.74528169631958,0.061096787452697754,0.9845625162124634,10000
9,41,250,-465.4201354980469,-1.861680507659912,0.11912043392658234,0.98416668176651,10250
9,42,250,-417.41357421875,-1.6696542501449585,0.08544404804706573,0.9837708473205566,10500
9,43,250,-468.713623046875,-1.8748544454574585,0.08278470486402512,0.9833750128746033,10750
9,44,250,-472.26275634765625,-1.889051079750061,0.08095230162143707,0.9829791784286499,11000
9,45,250,-492.0995178222656,-1.968398094177246,0.14723527431488037,0.9825833439826965,11250
9,46,250,-441.72528076171875,-1.7669011354446411,0.09910868853330612,0.9821875095367432,11500
9,47,250,-485.92425537109375,-1.9436969757080078,0.09429536759853363,0.9817916750907898,11750
9,48,250,-449.9298400878906,-1.7997193336486816,0.09100013971328735,0.9813958406448364,12000
9,49,250,-466.0466613769531,-1.8641866445541382,0.18140488862991333,0.9810000061988831,12250
9,50,250,-404.0634460449219,-1.6162537336349487,0.12028948217630386,0.9806041717529297,12500
9,51,250,-473.8329772949219,-1.895331859588623,0.10928331315517426,0.9802083373069763,12750
9,52,250,-388.4824523925781,-1.5539298057556152,0.10993343591690063,0.979812502861023,13000
9,53,250,-460.7994079589844,-1.8431975841522217,0.21016252040863037,0.9794166684150696,13250
9,54,250,-491.6263732910156,-1.966505527496338,0.1483302116394043,0.9790208339691162,13500
9,55,250,-492.52935791015625,-1.970117449760437,0.1262417435646057,0.9786249995231628,13750
9,56,250,-466.2891540527344,-1.865156650543213,0.12171988189220428,0.9782291650772095,14000
9,57,250,-429.0865783691406,-1.716346263885498,0.23469023406505585,0.9778333306312561,14250
9,58,250,-376.036376953125,-1.5041455030441284,0.1723611056804657,0.9774374961853027,14500
9,59,250,-453.81658935546875,-1.8152663707733154,0.14338527619838715,0.9770416617393494,14750
9,60,250,-405.3332824707031,-1.621333122253418,0.13533160090446472,0.976645827293396,15000
9,61,250,-492.47320556640625,-1.9698928594589233,0.2533639073371887,0.9762499928474426,15250
9,62,250,-457.5184020996094,-1.830073595046997,0.18693387508392334,0.9758541584014893,15500
9,63,250,-449.50738525390625,-1.7980295419692993,0.15594522655010223,0.9754583239555359,15750
9,64,250,-483.4378356933594,-1.9337513446807861,0.14461836218833923,0.9750624895095825,16000
9,65,250,-486.0377197265625,-1.9441509246826172,0.2500452399253845,0.9746666550636292,16250
9,66,250,-342.9360046386719,-1.3717440366744995,0.17365659773349762,0.9742708206176758,16500
9,67,250,-415.56365966796875,-1.6622546911239624,0.16174858808517456,0.9738749861717224,16750
9,68,250,-466.789306640625,-1.867157220840454,0.15750151872634888,0.973479151725769,17000
9,69,250,-486.06427001953125,-1.9442570209503174,0.2766607105731964,0.9730833172798157,17250
9,70,250,-465.1490478515625,-1.8605961799621582,0.1953364908695221,0.9726874828338623,17500
9,71,250,-489.1257019042969,-1.9565027952194214,0.17827509343624115,0.9722916483879089,17750
9,72,250,-486.7276306152344,-1.9469105005264282,0.16500934958457947,0.9718958139419556,18000
9,73,250,-388.22686767578125,-1.5529074668884277,0.2892201840877533,0.9714999794960022,18250
9,74,250,-450.8140869140625,-1.8032563924789429,0.2285207211971283,0.9711041450500488,18500
9,75,250,-480.14727783203125,-1.9205890893936157,0.20641690492630005,0.9707083106040955,18750
9,76,250,-461.35784912109375,-1.8454314470291138,0.19592991471290588,0.9703124761581421,19000
9,77,250,-481.8521423339844,-1.9274085760116577,0.29708078503608704,0.9699166417121887,19250
9,78,250,-429.6447448730469,-1.7185789346694946,0.22673200070858002,0.9695208072662354,19500
9,79,250,-476.83349609375,-1.9073339700698853,0.22095699608325958,0.969124972820282,19750
9,80,250,-436.4727783203125,-1.7458910942077637,0.20030224323272705,0.9687291383743286,20000
9,81,250,-489.4815368652344,-1.9579261541366577,0.3333444893360138,0.96833336353302,20250
9,82,250,-444.8142395019531,-1.7792569398880005,0.25896966457366943,0.9679374694824219,20500
9,83,250,-439.37603759765625,-1.7575041055679321,0.23231646418571472,0.9675416946411133,20750
9,84,250,-489.7689208984375,-1.959075689315796,0.2423272728919983,0.9671458601951599,21000
9,85,250,-479.68609619140625,-1.9187443256378174,0.3405204713344574,0.9667500257492065,21250
9,86,250,-481.4301452636719,-1.9257205724716187,0.2647068500518799,0.9663541913032532,21500
9,87,250,-495.9311218261719,-1.9837244749069214,0.2528829276561737,0.9659583568572998,21750
9,88,250,-442.43218994140625,-1.7697287797927856,0.24678508937358856,0.9655625224113464,22000
9,89,250,-416.2630615234375,-1.6650522947311401,0.3426987826824188,0.9651666879653931,22250
9,90,250,-493.5573425292969,-1.974229335784912,0.27916115522384644,0.9647708535194397,22500
9,91,250,-492.4776611328125,-1.9699106216430664,0.25285807251930237,0.9643750190734863,22750
9,92,250,-493.26318359375,-1.973052740097046,0.23862357437610626,0.963979184627533,23000
9,93,250,-452.14923095703125,-1.8085969686508179,0.3140871524810791,0.9635833501815796,23250
9,94,250,-403.5037841796875,-1.6140151023864746,0.25130704045295715,0.9631875157356262,23500
9,95,250,-470.49371337890625,-1.8819748163223267,0.2373068928718567,0.9627916812896729,23750
9,96,250,-361.20111083984375,-1.4448044300079346,0.23259469866752625,0.9623958468437195,24000
9,97,250,-309.0794372558594,-1.236317753791809,0.3346739113330841,0.9620000123977661,24250
9,98,250,-489.1528015136719,-1.956611156463623,0.27228015661239624,0.9616041779518127,24500
9,99,250,-484.8201599121094,-1.93928062915802,0.24409735202789307,0.9612083435058594,24750
9,100,250,-418.05255126953125,-1.6722102165222168,0.2307022213935852,0.960812509059906,25000
9,101,250,-421.13079833984375,-1.6845232248306274,0.3650866150856018,0.9604166746139526,25250
9,102,250,-473.9850769042969,-1.8959403038024902,0.2776167094707489,0.9600208401679993,25500
9,103,250,-470.6024475097656,-1.8824098110198975,0.2733721137046814,0.9596250057220459,25750
9,104,250,-437.9936218261719,-1.7519744634628296,0.2549382150173187,0.9592291712760925,26000
9,105,250,-400.69329833984375,-1.6027731895446777,0.3947907090187073,0.9588333368301392,26250
9,106,250,-461.0885009765625,-1.8443540334701538,0.321710467338562,0.9584375023841858,26500
9,107,250,-480.7138671875,-1.9228554964065552,0.2934541404247284,0.9580416679382324,26750
9,108,250,-432.9159240722656,-1.731663703918457,0.2767334580421448,0.957645833492279,27000
9,109,250,-438.0910949707031,-1.7523643970489502,0.4285232722759247,0.9572499990463257,27250
9,110,250,-342.64697265625,-1.370587944984436,0.33888134360313416,0.9568541646003723,27500
9,111,250,-410.5023193359375,-1.6420092582702637,0.3317306935787201,0.956458330154419,27750
9,112,250,-388.54046630859375,-1.5541619062423706,0.30564072728157043,0.9560624957084656,28000
9,113,250,-401.6454162597656,-1.606581687927246,0.48898258805274963,0.9556666612625122,28250
9,114,250,-464.0194396972656,-1.856077790260315,0.39271751046180725,0.9552708268165588,28500
9,115,250,-314.8551025390625,-1.259420394897461,0.3673567473888397,0.9548749923706055,28750
9,116,250,-468.55877685546875,-1.8742351531982422,0.34921082854270935,0.9544791579246521,29000
9,117,250,-465.2314453125,-1.8609257936477661,0.5699052810668945,0.9540833234786987,29250
9,118,250,-427.9403076171875,-1.711761236190796,0.4486842453479767,0.9536874890327454,29500
9,119,250,-448.0796813964844,-1.7923187017440796,0.43638116121292114,0.953291654586792,29750
9,120,250,-483.4088439941406,-1.9336353540420532,0.40804538130760193,0.9528958201408386,30000
9,121,250,-484.736328125,-1.9389452934265137,0.6624310612678528,0.9524999856948853,30250
9,122,250,-481.8623962402344,-1.9274495840072632,0.5230690240859985,0.9521041512489319,30500
9,123,250,-446.5367431640625,-1.7861469984054565,0.4930713474750519,0.9517083168029785,30750
9,124,250,-432.1698913574219,-1.7286795377731323,0.4593547284603119,0.9513124823570251,31000
9,125,250,-406.0162048339844,-1.6240648031234741,0.6809622645378113,0.9509166479110718,31250
9,126,250,-467.6474304199219,-1.8705897331237793,0.5558720827102661,0.9505208134651184,31500
9,127,250,-457.5072326660156,-1.8300288915634155,0.5344488024711609,0.950124979019165,31750
9,128,250,-482.2251281738281,-1.9289004802703857,0.4833849370479584,0.9497291445732117,32000
9,129,250,-477.5900573730469,-1.9103602170944214,0.6791620850563049,0.9493333101272583,32250
9,130,250,-457.05224609375,-1.8282090425491333,0.5713737607002258,0.9489374756813049,32500
9,131,250,-446.1861267089844,-1.7847445011138916,0.5339307188987732,0.9485416412353516,32750
9,132,250,-374.53375244140625,-1.498134970664978,0.5117379426956177,0.9481458067893982,33000
9,133,250,-404.4940490722656,-1.617976188659668,0.7101393938064575,0.9477499723434448,33250
9,134,250,-492.7841796875,-1.9711366891860962,0.5945342779159546,0.9473541975021362,33500
9,135,250,-456.94696044921875,-1.8277878761291504,0.5593132376670837,0.9469583034515381,33750
9,136,250,-389.77130126953125,-1.5590852499008179,0.5187336802482605,0.9465625286102295,34000
9,137,250,-413.8599548339844,-1.655439853668213,0.7525643110275269,0.9461666345596313,34250
9,138,250,-447.9425354003906,-1.791770100593567,0.6056393384933472,0.9457708597183228,34500
9,139,250,-387.78887939453125,-1.5511555671691895,0.5586720705032349,0.9453750252723694,34750
9,140,250,-296.8443603515625,-1.1873774528503418,0.5332109928131104,0.944979190826416,35000
9,141,250,-442.0043640136719,-1.7680174112319946,0.7968352437019348,0.9445833563804626,35250
9,142,250,-404.2609558105469,-1.6170438528060913,0.6281082034111023,0.9441875219345093,35500
9,143,250,-462.9314270019531,-1.851725697517395,0.6052422523498535,0.9437916874885559,35750
9,144,250,-462.3971862792969,-1.8495887517929077,0.5697483420372009,0.9433958530426025,36000
9,145,250,-477.0150146484375,-1.908060073852539,0.7941404581069946,0.9430000185966492,36250
9,146,250,-440.3121032714844,-1.7612484693527222,0.6706289649009705,0.9426041841506958,36500
9,147,250,-478.2557067871094,-1.9130228757858276,0.6219455599784851,0.9422083497047424,36750
9,148,250,-428.412109375,-1.7136484384536743,0.5827586054801941,0.9418125152587891,37000
9,149,250,-435.9907531738281,-1.7439630031585693,0.8154433369636536,0.9414166808128357,37250
9,150,250,-464.44915771484375,-1.8577966690063477,0.6325167417526245,0.9410208463668823,37500
9,151,250,-451.2317810058594,-1.804927110671997,0.606869637966156,0.940625011920929,37750
9,152,250,-340.2473449707031,-1.3609893321990967,0.5592616200447083,0.9402291774749756,38000
9,153,250,-430.2026062011719,-1.7208104133605957,0.7978277802467346,0.9398333430290222,38250
9,154,250,-403.40234375,-1.6136094331741333,0.6224628686904907,0.9394375085830688,38500
9,155,250,-480.0759582519531,-1.9203038215637207,0.5832562446594238,0.9390416741371155,38750
9,156,250,-421.5246887207031,-1.6860988140106201,0.533456563949585,0.9386458396911621,39000
9,157,250,-404.9598388671875,-1.6198393106460571,0.7458605766296387,0.9382500052452087,39250
9,158,250,-351.26910400390625,-1.4050763845443726,0.6126242280006409,0.9378541707992554,39500
9,159,250,-467.63629150390625,-1.8705451488494873,0.5834633708000183,0.937458336353302,39750
9,160,250,-475.2433776855469,-1.9009735584259033,0.5423181653022766,0.9370625019073486,40000
9,161,250,-467.41778564453125,-1.869671106338501,0.7715154886245728,0.9366666674613953,40250
9,162,250,-401.8417663574219,-1.6073670387268066,0.5781643986701965,0.9362708330154419,40500
9,163,250,-441.7181091308594,-1.7668724060058594,0.5292654633522034,0.9358749985694885,40750
9,164,250,-428.2303466796875,-1.712921380996704,0.4873710870742798,0.9354791641235352,41000
9,165,250,-436.7234191894531,-1.7468936443328857,0.7675101161003113,0.9350833296775818,41250
9,166,250,-439.1674499511719,-1.7566697597503662,0.5618105530738831,0.9346874952316284,41500
9,167,250,-256.1888427734375,-1.0247553586959839,0.49697908759117126,0.934291660785675,41750
9,168,250,-402.1197509765625,-1.6084790229797363,0.45852622389793396,0.9338958263397217,42000
9,169,250,-468.7854309082031,-1.8751417398452759,0.7543081641197205,0.9334999918937683,42250
9,170,250,-406.620361328125,-1.6264814138412476,0.5437092185020447,0.9331041574478149,42500
9,171,250,-451.1788330078125,-1.8047152757644653,0.4941941201686859,0.9327083230018616,42750
9,172,250,-426.8473205566406,-1.707389235496521,0.46162495017051697,0.9323124885559082,43000
9,173,250,-460.8932800292969,-1.8435730934143066,0.780251681804657,0.9319166541099548,43250
9,174,250,-114.76490783691406,-0.45905962586402893,0.5800192952156067,0.9315208196640015,43500
9,175,250,-402.2617492675781,-1.6090470552444458,0.539021372795105,0.9311249852180481,43750
9,176,250,-443.1647644042969,-1.7726590633392334,0.5020540356636047,0.9307291507720947,44000
9,177,250,-454.38873291015625,-1.8175549507141113,0.8714511394500732,0.9303333163261414,44250
9,178,250,-430.9519958496094,-1.72380793094635,0.6399148106575012,0.929937481880188,44500
9,179,250,-387.43463134765625,-1.5497385263442993,0.5733041763305664,0.9295416474342346,44750
9,180,250,-451.69866943359375,-1.8067946434020996,0.5678548216819763,0.9291458129882812,45000
9,181,250,-470.06640625,-1.8802655935287476,0.9381392002105713,0.9287499785423279,45250
9,182,250,-488.6736755371094,-1.9546947479248047,0.7088297009468079,0.9283541440963745,45500
9,183,250,-384.21624755859375,-1.536864995956421,0.6131799817085266,0.9279583096504211,45750
9,184,250,-407.8016052246094,-1.6312063932418823,0.59171062707901,0.9275624752044678,46000
9,185,250,-353.0596923828125,-1.4122387170791626,1.0628273487091064,0.9271666407585144,46250
9,186,250,-353.0563659667969,-1.4122254848480225,0.8215960264205933,0.926770806312561,46500
9,187,250,-295.181396484375,-1.1807255744934082,0.7582489848136902,0.9263750314712524,46750
9,188,250,-464.313232421875,-1.8572529554367065,0.7010995149612427,0.9259791374206543,47000
9,189,250,-379.8347473144531,-1.5193389654159546,1.176205039024353,0.9255833625793457,47250
9,190,250,-353.0680236816406,-1.4122720956802368,0.9624767303466797,0.9251874685287476,47500
9,191,250,-446.81597900390625,-1.7872638702392578,0.8614035844802856,0.924791693687439,47750
9,192,250,-430.2025451660156,-1.7208101749420166,0.8048500418663025,0.9243958592414856,48000
9,193,250,-322.2720947265625,-1.2890883684158325,1.2552341222763062,0.9240000247955322,48250
9,194,250,-445.7183532714844,-1.7828733921051025,0.9975897073745728,0.9236041903495789,48500
9,195,250,-298.2884521484375,-1.1931538581848145,0.8904512524604797,0.9232083559036255,48750
9,196,250,-433.8684387207031,-1.7354737520217896,0.8610727787017822,0.9228125214576721,49000
9,197,250,-309.90374755859375,-1.2396149635314941,1.2844524383544922,0.9224166870117188,49250
9,198,250,-382.79486083984375,-1.531179428100586,1.0821962356567383,0.9220208525657654,49500
9,199,250,-356.8354797363281,-1.4273419380187988,0.9711556434631348,0.921625018119812,49750
9,200,250,-360.32781982421875,-1.441311240196228,0.8921369314193726,0.9212291836738586,50000
9,201,250,-397.68096923828125,-1.5907238721847534,1.3817814588546753,0.9208333492279053,50250
9,202,250,-466.92108154296875,-1.8676843643188477,1.072016716003418,0.9204375147819519,50500
9,203,250,-414.65087890625,-1.658603549003601,0.9655294418334961,0.9200416803359985,50750
9,204,250,-445.919677734375,-1.7836787700653076,0.8713244795799255,0.9196458458900452,51000
9,205,250,-416.6911315917969,-1.666764497756958,1.4221047163009644,0.9192500114440918,51250
9,206,250,-395.48760986328125,-1.5819504261016846,1.1382641792297363,0.9188541769981384,51500
9,207,250,-426.9614562988281,-1.7078458070755005,1.0491995811462402,0.9184583425521851,51750
9,208,250,-438.544189453125,-1.7541767358779907,0.9564603567123413,0.9180625081062317,52000
9,209,250,-392.2147216796875,-1.5688588619232178,1.5057486295700073,0.9176666736602783,52250
9,210,250,-439.0252685546875,-1.756101131439209,1.2135281562805176,0.917270839214325,52500
9,211,250,-307.92144775390625,-1.231685757637024,1.1218793392181396,0.9168750047683716,52750
9,212,250,-409.8133239746094,-1.6392532587051392,1.0496922731399536,0.9164791703224182,53000
9,213,250,-391.394775390625,-1.5655790567398071,1.628780484199524,0.9160833358764648,53250
9,214,250,-206.47059631347656,-0.8258823752403259,1.2832893133163452,0.9156875014305115,53500
9,215,250,-442.5751037597656,-1.7703003883361816,1.158819317817688,0.9152916669845581,53750
9,216,250,-309.44189453125,-1.2377675771713257,1.0863158702850342,0.9148958325386047,54000
9,217,250,-387.1260986328125,-1.54850435256958,1.7138184309005737,0.9144999980926514,54250
9,218,250,-424.4353332519531,-1.6977413892745972,1.2654448747634888,0.914104163646698,54500
9,219,250,-460.6451416015625,-1.8425805568695068,1.2052855491638184,0.9137083292007446,54750
9,220,250,-313.7375183105469,-1.2549500465393066,1.1487139463424683,0.9133124947547913,55000
9,221,250,-458.1315002441406,-1.8325259685516357,1.714545488357544,0.9129166603088379,55250
9,222,250,-420.64215087890625,-1.6825685501098633,1.3444337844848633,0.9125208258628845,55500
9,223,250,-412.9508972167969,-1.6518036127090454,1.2290180921554565,0.9121249914169312,55750
9,224,250,-354.88983154296875,-1.419559359550476,1.1653374433517456,0.9117291569709778,56000
9,225,250,-448.3383483886719,-1.7933534383773804,1.7916151285171509,0.9113333225250244,56250
9,226,250,-183.2833251953125,-0.7331333160400391,1.3495715856552124,0.910937488079071,56500
9,227,250,-241.03671264648438,-0.9641468524932861,1.2661904096603394,0.9105416536331177,56750
9,228,250,-412.4230651855469,-1.6496922969818115,1.167420744895935,0.9101458191871643,57000
9,229,250,-453.0661926269531,-1.8122648000717163,1.7229244709014893,0.9097499847412109,57250
9,230,250,-284.5930480957031,-1.1383721828460693,1.305492639541626,0.9093541502952576,57500
9,231,250,-456.4122314453125,-1.8256489038467407,1.2262485027313232,0.9089583158493042,57750
9,232,250,-377.771484375,-1.5110859870910645,1.2080373764038086,0.9085624814033508,58000
9,233,250,-435.9046936035156,-1.7436187267303467,1.5922205448150635,0.9081666469573975,58250
9,234,250,-477.2433776855469,-1.9089734554290771,1.2596017122268677,0.9077708125114441,58500
9,235,250,-327.5951843261719,-1.3103806972503662,1.1637132167816162,0.9073749780654907,58750
9,236,250,-420.3449401855469,-1.681379795074463,1.1340992450714111,0.9069791436195374,59000
9,237,250,-434.7201843261719,-1.7388807535171509,1.5454200506210327,0.906583309173584,59250
9,238,250,-332.14068603515625,-1.3285627365112305,1.1882102489471436,0.9061874747276306,59500
9,239,250,-289.93096923828125,-1.1597238779067993,1.1599587202072144,0.9057916402816772,59750
9,240,250,-393.23760986328125,-1.5729504823684692,1.0956815481185913,0.9053958654403687,60000
9,241,250,-410.97174072265625,-1.643886923789978,1.4451415538787842,0.9049999713897705,60250
9,242,250,-473.9707336425781,-1.8958829641342163,1.141363263130188,0.9046041965484619,60500
9,243,250,-375.21356201171875,-1.500854253768921,1.120903491973877,0.9042083024978638,60750
9,244,250,-442.1043701171875,-1.768417477607727,1.0459201335906982,0.9038125276565552,61000
9,245,250,-395.2279052734375,-1.580911636352539,1.384372353553772,0.9034166932106018,61250
9,246,250,-373.80462646484375,-1.4952185153961182,1.0648053884506226,0.9030208587646484,61500
9,247,250,-175.34898376464844,-0.7013959288597107,0.9905781745910645,0.9026250243186951,61750
9,248,250,-362.4700012207031,-1.4498800039291382,0.9874989986419678,0.9022291898727417,62000
9,249,250,-374.6160888671875,-1.4984643459320068,1.3628085851669312,0.9018333554267883,62250
9,250,250,-385.091552734375,-1.5403661727905273,1.0330666303634644,0.901437520980835,62500
9,251,250,-362.7613220214844,-1.451045274734497,0.9671550989151001,0.9010416865348816,62750
9,252,250,-441.755859375,-1.7670234441757202,0.9642550945281982,0.9006458520889282,63000
9,253,250,-448.5736083984375,-1.7942944765090942,1.452569603919983,0.9002500176429749,63250
9,254,250,-479.1175842285156,-1.9164702892303467,1.115859031677246,0.8998541831970215,63500
9,255,250,-388.7196350097656,-1.55487859249115,1.0076764822006226,0.8994583487510681,63750
9,256,250,-362.8567810058594,-1.4514271020889282,0.9692862033843994,0.8990625143051147,64000
9,257,250,-426.1389465332031,-1.7045557498931885,1.4543867111206055,0.8986666798591614,64250
9,258,250,-295.49542236328125,-1.1819816827774048,1.1321955919265747,0.898270845413208,64500
9,259,250,-319.8139953613281,-1.279255986213684,1.0138318538665771,0.8978750109672546,64750
9,260,250,-396.7452392578125,-1.586980938911438,0.9851041436195374,0.8974791765213013,65000
9,261,250,-434.2867431640625,-1.7371469736099243,1.5283139944076538,0.8970833420753479,65250
9,262,250,-381.3157958984375,-1.5252631902694702,1.2108221054077148,0.8966875076293945,65500
9,263,250,-440.23895263671875,-1.760955810546875,1.0804578065872192,0.8962916731834412,65750
9,264,250,-352.0740051269531,-1.40829598903656,1.0214638710021973,0.8958958387374878,66000
9,265,250,-336.8677978515625,-1.3474712371826172,1.5377849340438843,0.8955000042915344,66250
9,266,250,-448.8370056152344,-1.795348048210144,1.2163652181625366,0.895104169845581,66500
9,267,250,-397.4947814941406,-1.5899791717529297,1.0685642957687378,0.8947083353996277,66750
9,268,250,-437.50872802734375,-1.7500349283218384,1.0194586515426636,0.8943125009536743,67000
9,269,250,-246.3018341064453,-0.9852073192596436,1.6294399499893188,0.893916666507721,67250
9,270,250,-359.2951354980469,-1.437180519104004,1.2672187089920044,0.8935208320617676,67500
9,271,250,-429.27069091796875,-1.7170827388763428,1.1632589101791382,0.8931249976158142,67750
9,272,250,-33.322391510009766,-0.13328956067562103,1.080104947090149,0.8927291631698608,68000
9,273,250,-448.9128112792969,-1.7956511974334717,1.7799040079116821,0.8923333287239075,68250
9,274,250,-400.3433532714844,-1.6013734340667725,1.3402799367904663,0.8919374942779541,68500
9,275,250,-424.8003845214844,-1.6992015838623047,1.2594126462936401,0.8915416598320007,68750
9,276,250,-352.504638671875,-1.4100185632705688,1.1959961652755737,0.8911458253860474,69000
9,277,250,-96.0541000366211,-0.38421639800071716,2.0313708782196045,0.890749990940094,69250
9,278,250,-222.07235717773438,-0.8882894515991211,1.5753859281539917,0.8903541564941406,69500
9,279,250,-447.58013916015625,-1.7903205156326294,1.4420742988586426,0.8899583220481873,69750
9,280,250,-413.8926696777344,-1.65557062625885,1.3828314542770386,0.8895624876022339,70000
9,281,250,-356.75048828125,-1.427001953125,2.2540128231048584,0.8891666531562805,70250
9,282,250,-263.61328125,-1.0544531345367432,1.673012375831604,0.8887708187103271,70500
9,283,250,-421.6785888671875,-1.6867144107818604,1.5440354347229004,0.8883749842643738,70750
9,284,250,-211.76109313964844,-0.8470443487167358,1.4661595821380615,0.8879791498184204,71000
9,285,250,-354.4749755859375,-1.4178998470306396,2.4193272590637207,0.887583315372467,71250
9,286,250,-305.3674621582031,-1.2214698791503906,1.8529912233352661,0.8871874809265137,71500
9,287,250,-298.8631286621094,-1.1954525709152222,1.6690410375595093,0.8867916464805603,71750
9,288,250,-353.6275939941406,-1.4145103693008423,1.5722427368164062,0.8863958120346069,72000
9,289,250,-419.28125,-1.6771249771118164,2.6156952381134033,0.8860000371932983,72250
9,290,250,-347.9753723144531,-1.3919014930725098,1.9927973747253418,0.8856041431427002,72500
9,291,250,-372.62286376953125,-1.490491509437561,1.7639894485473633,0.8852083683013916,72750
9,292,250,-467.7939758300781,-1.8711758852005005,1.6882810592651367,0.8848124742507935,73000
9,293,250,-286.4884948730469,-1.1459540128707886,2.9491260051727295,0.8844166398048401,73250
9,294,250,-282.78521728515625,-1.1311408281326294,2.144505262374878,0.8840208053588867,73500
9,295,250,-202.0808868408203,-0.8083235621452332,2.017634868621826,0.8836250305175781,73750
9,296,250,-474.470703125,-1.8978828191757202,1.8891156911849976,0.88322913646698,74000
9,297,250,-178.8508758544922,-0.7154034972190857,3.0876336097717285,0.8828333616256714,74250
9,298,250,-455.89141845703125,-1.8235657215118408,2.219376564025879,0.8824374675750732,74500
9,299,250,-389.6617736816406,-1.5586470365524292,2.0291876792907715,0.8820416927337646,74750
9,300,250,-421.5850524902344,-1.6863402128219604,1.9104430675506592,0.8816458582878113,75000
9,301,250,-323.4518737792969,-1.2938075065612793,2.9731037616729736,0.8812500238418579,75250
9,302,250,-402.8911437988281,-1.6115645170211792,2.308107376098633,0.8808541893959045,75500
9,303,250,-366.4814758300781,-1.465925931930542,2.0247802734375,0.8804583549499512,75750
9,304,250,-350.4407958984375,-1.4017632007598877,1.8786940574645996,0.8800625205039978,76000
9,305,250,-392.8658752441406,-1.5714634656906128,2.8756182193756104,0.8796666860580444,76250
9,306,250,-404.80120849609375,-1.6192048788070679,2.2513515949249268,0.8792708516120911,76500
9,307,250,-424.1166076660156,-1.6964664459228516,1.9674444198608398,0.8788750171661377,76750
9,308,250,-311.3333435058594,-1.2453334331512451,1.8731915950775146,0.8784791827201843,77000
9,309,250,-416.19866943359375,-1.664794683456421,2.804567575454712,0.878083348274231,77250
9,310,250,-334.8244323730469,-1.3392977714538574,2.066908121109009,0.8776875138282776,77500
9,311,250,-268.03070068359375,-1.0721228122711182,1.8947927951812744,0.8772916793823242,77750
9,312,250,-254.78594970703125,-1.01914381980896,1.7783077955245972,0.8768958449363708,78000
9,313,250,-301.1177062988281,-1.2044708728790283,2.532158851623535,0.8765000104904175,78250
9,314,250,-460.6086730957031,-1.8424346446990967,1.9278686046600342,0.8761041760444641,78500
9,315,250,-277.9709777832031,-1.1118838787078857,1.7840070724487305,0.8757083415985107,78750
9,316,250,-353.0478820800781,-1.4121915102005005,1.6979762315750122,0.8753125071525574,79000
9,317,250,-180.3251190185547,-0.721300482749939,2.4007880687713623,0.874916672706604,79250
9,318,250,-310.96038818359375,-1.243841528892517,1.7718969583511353,0.8745208382606506,79500
9,319,250,-438.3528747558594,-1.7534115314483643,1.6231528520584106,0.8741250038146973,79750
9,320,250,-374.0973205566406,-1.4963892698287964,1.5427966117858887,0.8737291693687439,80000
9,321,250,-296.469970703125,-1.1858798265457153,2.3824071884155273,0.8733333349227905,80250
9,322,250,-337.8296203613281,-1.3513184785842896,1.719551920890808,0.8729375004768372,80500
9,323,250,-470.2724304199219,-1.881089687347412,1.571484088897705,0.8725416660308838,80750
9,324,250,-374.1925048828125,-1.4967700242996216,1.5301544666290283,0.8721458315849304,81000
9,325,250,-462.6664123535156,-1.8506656885147095,2.370359182357788,0.871749997138977,81250
9,326,250,-79.85758209228516,-0.31943032145500183,1.7618128061294556,0.8713541626930237,81500
9,327,250,-410.3350830078125,-1.6413403749465942,1.6557072401046753,0.8709583282470703,81750
9,328,250,-379.7243957519531,-1.518897533416748,1.5147204399108887,0.8705624938011169,82000
9,329,250,-306.5299377441406,-1.2261197566986084,2.3896327018737793,0.8701666593551636,82250
9,330,250,-323.1817321777344,-1.2927268743515015,1.8093626499176025,0.8697708249092102,82500
9,331,250,-463.3712463378906,-1.8534849882125854,1.62752103805542,0.8693749904632568,82750
9,332,250,-261.73040771484375,-1.0469216108322144,1.5990183353424072,0.8689791560173035,83000
9,333,250,-318.49090576171875,-1.2739635705947876,2.4788594245910645,0.8685833215713501,83250
9,334,250,-399.8673095703125,-1.5994691848754883,1.8839426040649414,0.8681874871253967,83500
9,335,250,-317.37298583984375,-1.2694919109344482,1.8013972043991089,0.8677916526794434,83750
9,336,250,-423.27166748046875,-1.6930866241455078,1.6113463640213013,0.86739581823349,84000
9,337,250,-417.4676513671875,-1.6698706150054932,2.5116090774536133,0.8669999837875366,84250
9,338,250,-340.858642578125,-1.3634345531463623,1.8423233032226562,0.8666041493415833,84500
9,339,250,-466.584716796875,-1.866338849067688,1.7601896524429321,0.8662083148956299,84750
9,340,250,-402.76165771484375,-1.6110466718673706,1.7114940881729126,0.8658124804496765,85000
9,341,250,-129.18605041503906,-0.5167441964149475,2.531517267227173,0.8654166460037231,85250
9,342,250,-326.6836242675781,-1.3067344427108765,1.9463824033737183,0.8650208711624146,85500
9,343,250,-492.4773864746094,-1.9699095487594604,1.8400253057479858,0.8646249771118164,85750
9,344,250,-366.8396301269531,-1.4673584699630737,1.7158303260803223,0.8642292022705078,86000
9,345,250,-192.24462890625,-0.7689785361289978,2.7397940158843994,0.8638333082199097,86250
9,346,250,-363.0732116699219,-1.452292799949646,2.246445894241333,0.8634375333786011,86500
9,347,250,-394.5310363769531,-1.5781241655349731,2.116361141204834,0.8630416393280029,86750
9,348,250,-362.36285400390625,-1.4494514465332031,1.936389446258545,0.8626458644866943,87000
9,349,250,-364.185546875,-1.4567421674728394,2.8169405460357666,0.8622499704360962,87250
9,350,250,-425.54449462890625,-1.7021780014038086,2.261533498764038,0.8618541955947876,87500
9,351,250,-405.44677734375,-1.6217870712280273,2.066842555999756,0.8614583611488342,87750
9,352,250,-389.9460144042969,-1.5597840547561646,1.9655921459197998,0.8610625267028809,88000
9,353,250,-194.49061584472656,-0.7779624462127686,2.8867104053497314,0.8606666922569275,88250
9,354,250,-297.7889404296875,-1.1911557912826538,2.35221529006958,0.8602708578109741,88500
9,355,250,-266.954345703125,-1.0678173303604126,2.1915409564971924,0.8598750233650208,88750
9,356,250,-431.8502502441406,-1.7274010181427002,2.127592086791992,0.8594791889190674,89000
9,357,250,-227.30349731445312,-0.9092139601707458,3.0199592113494873,0.859083354473114,89250
9,358,250,-381.420654296875,-1.5256825685501099,2.5140340328216553,0.8586875200271606,89500
9,359,250,-331.4229736328125,-1.3256919384002686,2.2649552822113037,0.8582916259765625,89750
9,360,250,-309.1353454589844,-1.2365413904190063,2.1987404823303223,0.8578958511352539,90000
9,361,250,-332.82684326171875,-1.3313074111938477,3.12056040763855,0.8575000166893005,90250
9,362,250,-206.06539916992188,-0.8242616057395935,2.6834232807159424,0.8571041822433472,90500
9,363,250,-387.2908630371094,-1.5491634607315063,2.4833052158355713,0.8567083477973938,90750
9,364,250,-480.7083740234375,-1.9228334426879883,2.297024965286255,0.8563125133514404,91000
9,365,250,-395.08966064453125,-1.580358624458313,3.334411144256592,0.8559166789054871,91250
9,366,250,-479.3901672363281,-1.9175606966018677,2.705333948135376,0.8555208444595337,91500
9,367,250,-139.2845458984375,-0.557138204574585,2.514470100402832,0.8551250100135803,91750
9,368,250,-187.0149688720703,-0.748059868812561,2.332566738128662,0.854729175567627,92000
9,369,250,-397.6885986328125,-1.5907543897628784,3.445204973220825,0.8543333411216736,92250
9,370,250,-228.98451232910156,-0.9159380197525024,2.8614988327026367,0.8539375066757202,92500
9,371,250,-261.6556091308594,-1.046622395515442,2.652695655822754,0.8535416722297668,92750
9,372,250,-375.0411071777344,-1.5001643896102905,2.43789005279541,0.8531458377838135,93000
9,373,250,-437.5985107421875,-1.7503939867019653,3.429115056991577,0.8527500033378601,93250
9,374,250,-389.9791259765625,-1.5599164962768555,2.8359005451202393,0.8523541688919067,93500
9,375,250,-169.81849670410156,-0.6792739629745483,2.6174211502075195,0.8519583344459534,93750
9,376,250,-238.02427673339844,-0.9520971179008484,2.5169248580932617,0.8515625,94000
9,377,250,-450.9147033691406,-1.8036588430404663,3.268854856491089,0.8511666655540466,94250
9,378,250,-412.691162109375,-1.6507647037506104,2.7957229614257812,0.8507708311080933,94500
9,379,250,-459.75616455078125,-1.8390246629714966,2.5748910903930664,0.8503749966621399,94750
9,380,250,-319.6817932128906,-1.2787271738052368,2.3582513332366943,0.8499791622161865,95000
9,381,250,-162.02554321289062,-0.6481021642684937,3.29441237449646,0.8495833277702332,95250
9,382,250,-482.5464782714844,-1.9301859140396118,2.749039888381958,0.8491874933242798,95500
9,383,250,-236.21749877929688,-0.9448699951171875,2.382420539855957,0.8487916588783264,95750
9,384,250,-466.5047607421875,-1.8660190105438232,2.393378734588623,0.848395824432373,96000
9,385,250,-444.0483093261719,-1.7761932611465454,3.287108898162842,0.8479999899864197,96250
9,386,250,-396.6681823730469,-1.5866727828979492,2.6185860633850098,0.8476041555404663,96500
9,387,250,-311.0086364746094,-1.2440345287322998,2.485980749130249,0.8472083210945129,96750
9,388,250,-407.6578674316406,-1.630631446838379,2.309638261795044,0.8468124866485596,97000
9,389,250,-323.3003234863281,-1.2932013273239136,3.1775014400482178,0.8464166522026062,97250
9,390,250,-166.23265075683594,-0.6649305820465088,2.612032890319824,0.8460208177566528,97500
9,391,250,-283.6368408203125,-1.1345473527908325,2.3384361267089844,0.8456250429153442,97750
9,392,250,-195.58297729492188,-0.7823318839073181,2.3100454807281494,0.8452291488647461,98000
9,393,250,-272.4352722167969,-1.0897411108016968,3.195378541946411,0.8448333740234375,98250
9,394,250,-391.1669921875,-1.5646679401397705,2.6235783100128174,0.8444374799728394,98500
9,395,250,-336.5672912597656,-1.346269130706787,2.445774555206299,0.844041645526886,98750
9,396,250,-382.40875244140625,-1.529634952545166,2.303208827972412,0.8436458110809326,99000
9,397,250,-395.9800720214844,-1.5839202404022217,3.2220211029052734,0.8432499766349792,99250
9,398,250,-242.50146484375,-0.9700058698654175,2.4972431659698486,0.8428541421890259,99500
9,399,250,-289.3402404785156,-1.1573609113693237,2.1818230152130127,0.8424583077430725,99750
9,400,250,-242.6258087158203,-0.9705032110214233,2.1235921382904053,0.8420624732971191,100000
9,401,250,-138.960205078125,-0.5558408498764038,3.124183177947998,0.8416666984558105,100250
9,402,250,-381.2669677734375,-1.525067925453186,2.4045464992523193,0.8412708044052124,100500
9,403,250,-258.57623291015625,-1.0343049764633179,2.196032762527466,0.8408750295639038,100750
9,404,250,-394.4940490722656,-1.5779762268066406,2.108144998550415,0.8404791355133057,101000
9,405,250,-158.14398193359375,-0.6325759291648865,3.140852451324463,0.8400833606719971,101250
9,406,250,-328.1958923339844,-1.3127835988998413,2.463958740234375,0.8396874666213989,101500
9,407,250,-274.4055480957031,-1.0976221561431885,2.3025591373443604,0.8392916917800903,101750
9,408,250,-156.5087127685547,-0.6260348558425903,2.1440746784210205,0.8388957977294922,102000
9,409,250,-145.35983276367188,-0.5814393162727356,3.3466289043426514,0.8385000228881836,102250
9,410,250,96.06875610351562,0.38427501916885376,2.5293099880218506,0.8381041884422302,102500
9,411,250,-119.34244537353516,-0.4773697853088379,2.327916145324707,0.8377083539962769,102750
9,412,250,-364.6990661621094,-1.4587962627410889,2.1908318996429443,0.8373125195503235,103000
9,413,250,-385.6062927246094,-1.5424251556396484,3.3970706462860107,0.8369166851043701,103250
9,414,250,-223.15283203125,-0.8926113247871399,2.7372682094573975,0.8365208506584167,103500
9,415,250,-271.58148193359375,-1.0863258838653564,2.4567224979400635,0.8361250162124634,103750
9,416,250,-325.0400390625,-1.3001601696014404,2.226153612136841,0.83572918176651,104000
9,417,250,-57.48745346069336,-0.22994981706142426,3.5856804847717285,0.8353333473205566,104250
9,418,250,-307.01873779296875,-1.2280749082565308,2.747485876083374,0.8349375128746033,104500
9,419,250,-277.2948913574219,-1.1091796159744263,2.5433075428009033,0.8345416784286499,104750
9,420,250,-300.106689453125,-1.2004268169403076,2.2818470001220703,0.8341458439826965,105000
9,421,250,-385.13800048828125,-1.540552020072937,3.707045078277588,0.8337500095367432,105250
9,422,250,-313.5732727050781,-1.2542930841445923,2.930290699005127,0.8333541750907898,105500
9,423,250,-246.56016540527344,-0.9862406849861145,2.617621898651123,0.8329583406448364,105750
9,424,250,-218.6487579345703,-0.874595046043396,2.4481937885284424,0.8325625061988831,106000
9,425,250,-127.78724670410156,-0.511148989200592,4.072842121124268,0.8321666717529297,106250
9,426,250,-175.99070739746094,-0.7039628028869629,3.309587001800537,0.8317708373069763,106500
9,427,250,-231.35305786132812,-0.9254122376441956,2.881941795349121,0.831375002861023,106750
9,428,250,-127.95459747314453,-0.5118184089660645,2.640768051147461,0.8309791684150696,107000
9,429,250,-96.5118637084961,-0.38604745268821716,4.3440680503845215,0.8305833339691162,107250
9,430,250,-358.0045471191406,-1.4320181608200073,3.621457815170288,0.8301874995231628,107500
9,431,250,-212.59422302246094,-0.8503769040107727,3.1495890617370605,0.8297916650772095,107750
9,432,250,-279.9553527832031,-1.1198214292526245,2.891317367553711,0.8293958306312561,108000
9,433,250,-100.34174346923828,-0.4013669788837433,4.618747711181641,0.8289999961853027,108250
9,434,250,-192.66632080078125,-0.7706652879714966,3.8528759479522705,0.8286041617393494,108500
9,435,250,-128.93533325195312,-0.5157413482666016,3.439455270767212,0.828208327293396,108750
9,436,250,-100.30067443847656,-0.4012027084827423,3.242615222930908,0.8278124928474426,109000
9,437,250,-160.9943389892578,-0.6439773440361023,4.79844856262207,0.8274166584014893,109250
9,438,250,-376.0451354980469,-1.5041805505752563,3.9789092540740967,0.8270208239555359,109500
9,439,250,-243.50997924804688,-0.9740399122238159,3.712480068206787,0.8266249895095825,109750
9,440,250,-250.22010803222656,-1.000880479812622,3.3833909034729004,0.8262291550636292,110000
9,441,250,-198.46820068359375,-0.7938727736473083,4.973371982574463,0.8258333206176758,110250
9,442,250,-260.1841735839844,-1.0407366752624512,4.187028408050537,0.8254374861717224,110500
9,443,250,-222.01133728027344,-0.8880453705787659,3.790419340133667,0.825041651725769,110750
9,444,250,-256.81365966796875,-1.027254581451416,3.523841619491577,0.8246458172798157,111000
9,445,250,-349.9311828613281,-1.3997247219085693,4.891639232635498,0.8242499828338623,111250
9,446,250,-319.72552490234375,-1.2789020538330078,3.982543468475342,0.8238541483879089,111500
9,447,250,-176.9791259765625,-0.7079164981842041,3.6319782733917236,0.8234583139419556,111750
9,448,250,-138.5939178466797,-0.5543756484985352,3.4443531036376953,0.8230624794960022,112000
9,449,250,-209.05233764648438,-0.8362093567848206,4.753434658050537,0.8226666450500488,112250
9,450,250,-183.33885192871094,-0.7333554029464722,4.122452735900879,0.8222708702087402,112500
9,451,250,-142.3555450439453,-0.56942218542099,3.6141557693481445,0.8218749761581421,112750
9,452,250,-242.3673553466797,-0.969469428062439,3.385803461074829,0.8214792013168335,113000
9,453,250,-84.82809448242188,-0.3393123745918274,4.620789527893066,0.8210833072662354,113250
9,454,250,-160.46188354492188,-0.641847550868988,3.7362985610961914,0.8206875324249268,113500
9,455,250,-258.43560791015625,-1.0337424278259277,3.462306261062622,0.8202916383743286,113750
9,456,250,-195.115966796875,-0.7804638743400574,3.3377645015716553,0.81989586353302,114000
9,457,250,-232.3959197998047,-0.9295836687088013,4.565455913543701,0.8194999694824219,114250
9,458,250,-136.14443969726562,-0.5445777773857117,3.703500509262085,0.8191041946411133,114500
9,459,250,-336.9648132324219,-1.347859263420105,3.486687660217285,0.8187083601951599,114750
9,460,250,-218.4411163330078,-0.8737644553184509,3.3059592247009277,0.8183125257492065,115000
9,461,250,-149.37875366210938,-0.5975149869918823,4.531286716461182,0.8179166913032532,115250
9,462,250,-189.14169311523438,-0.7565667629241943,3.819727659225464,0.8175208568572998,115500
9,463,250,-213.90643310546875,-0.8556257486343384,3.5881001949310303,0.8171250224113464,115750
9,464,250,-134.0299530029297,-0.536119818687439,3.4362540245056152,0.8167291879653931,116000
9,465,250,38.08023452758789,0.15232093632221222,4.365884780883789,0.8163333535194397,116250
9,466,250,-131.03176879882812,-0.5241270661354065,3.7913389205932617,0.8159375190734863,116500
9,467,250,-288.1114501953125,-1.1524457931518555,3.5261898040771484,0.815541684627533,116750
9,468,250,-94.10916137695312,-0.37643665075302124,3.330875873565674,0.8151458501815796,117000
9,469,250,-237.71372985839844,-0.9508548974990845,4.416893482208252,0.8147500157356262,117250
9,470,250,-172.80760192871094,-0.6912304162979126,3.6667325496673584,0.8143541812896729,117500
9,471,250,-283.87286376953125,-1.1354914903640747,3.3658268451690674,0.8139583468437195,117750
9,472,250,-263.10028076171875,-1.052401065826416,3.0714893341064453,0.8135625123977661,118000
9,473,250,-240.747802734375,-0.9629912376403809,4.275125503540039,0.8131666779518127,118250
9,474,250,-324.66162109375,-1.2986464500427246,3.5476741790771484,0.8127708435058594,118500
9,475,250,-286.9280700683594,-1.147712230682373,3.3628883361816406,0.812375009059906,118750
9,476,250,-243.30471801757812,-0.9732188582420349,2.984070062637329,0.8119791746139526,119000
9,477,250,-298.4482116699219,-1.1937928199768066,4.04514217376709,0.8115833401679993,119250
9,478,250,-408.72674560546875,-1.6349070072174072,3.2144269943237305,0.8111875057220459,119500
9,479,250,-159.1834259033203,-0.6367337107658386,3.0295050144195557,0.8107916712760925,119750
9,480,250,-371.5332946777344,-1.4861332178115845,2.8097026348114014,0.8103958368301392,120000
9,481,250,-121.01866912841797,-0.4840746819972992,3.8378233909606934,0.8100000023841858,120250
9,482,250,-7.924331188201904,-0.03169732540845871,3.157322406768799,0.8096041679382324,120500
9,483,250,-273.5663146972656,-1.0942652225494385,2.9627552032470703,0.809208333492279,120750
9,484,250,-218.41297912597656,-0.873651921749115,2.6803038120269775,0.8088124990463257,121000
9,485,250,-330.0531921386719,-1.320212721824646,3.8503830432891846,0.8084166646003723,121250
9,486,250,-197.23634338378906,-0.7889453768730164,3.2819392681121826,0.808020830154419,121500
9,487,250,-96.8173599243164,-0.38726943731307983,2.908104658126831,0.8076249957084656,121750
9,488,250,-201.59571838378906,-0.8063828945159912,2.7575738430023193,0.8072291612625122,122000
9,489,250,-414.0164489746094,-1.656065821647644,3.876779556274414,0.8068333268165588,122250
9,490,250,-383.0767822265625,-1.5323071479797363,3.2930922508239746,0.8064374923706055,122500
9,491,250,-104.34293365478516,-0.4173717200756073,2.901571273803711,0.8060416579246521,122750
9,492,250,-152.99533081054688,-0.6119813323020935,2.717508316040039,0.8056458234786987,123000
9,493,250,-256.51397705078125,-1.026055932044983,4.084334850311279,0.8052499890327454,123250
9,494,250,-105.92903137207031,-0.42371612787246704,3.432997941970825,0.804854154586792,123500
9,495,250,-337.70947265625,-1.3508379459381104,3.003732681274414,0.8044583201408386,123750
9,496,250,-349.1714782714844,-1.3966859579086304,2.843686103820801,0.8040624856948853,124000
9,497,250,-47.44034957885742,-0.18976140022277832,3.9895741939544678,0.8036666512489319,124250
9,498,250,-289.6168212890625,-1.1584672927856445,3.5371618270874023,0.8032708168029785,124500
9,499,250,-37.71799087524414,-0.15087196230888367,3.176948070526123,0.8028750419616699,124750
9,500,250,-127.1368408203125,-0.5085473656654358,2.9136033058166504,0.8024791479110718,125000
9,501,250,-85.79410552978516,-0.3431764245033264,4.275739669799805,0.8020833730697632,125250
9,502,250,-243.33993530273438,-0.9733597636222839,3.7384161949157715,0.801687479019165,125500
9,503,250,-300.056884765625,-1.2002274990081787,3.4952120780944824,0.8012917041778564,125750
9,504,250,-172.8057861328125,-0.69122314453125,3.2028331756591797,0.8008958101272583,126000
9,505,250,-285.42926025390625,-1.1417170763015747,4.5518622398376465,0.8005000352859497,126250
9,506,250,-287.6278076171875,-1.1505112648010254,3.997525215148926,0.8001041412353516,126500
9,507,250,-178.88259887695312,-0.7155303955078125,3.681954860687256,0.799708366394043,126750
9,508,250,-244.4833526611328,-0.977933406829834,3.362466812133789,0.7993124723434448,127000
9,509,250,-277.389404296875,-1.1095576286315918,4.7063798904418945,0.7989166975021362,127250
9,510,250,-148.29974365234375,-0.5931989550590515,4.2982025146484375,0.7985208034515381,127500
9,511,250,-63.758277893066406,-0.25503310561180115,3.830842971801758,0.7981250286102295,127750
9,512,250,-267.51263427734375,-1.0700504779815674,3.6172728538513184,0.7977291345596313,128000
9,513,250,3.4240593910217285,0.013696237467229366,4.982351303100586,0.7973333597183228,128250
9,514,250,-181.31387329101562,-0.7252554893493652,4.326339244842529,0.7969374656677246,128500
9,515,250,-247.06170654296875,-0.9882467985153198,4.0965094566345215,0.796541690826416,128750
9,516,250,-105.7402114868164,-0.4229608476161957,3.7534260749816895,0.7961457967758179,129000
9,517,250,-343.2016906738281,-1.3728067874908447,5.02609395980835,0.7957500219345093,129250
9,518,250,-156.18365478515625,-0.62473464012146,4.500940322875977,0.7953541874885559,129500
9,519,250,-186.45201110839844,-0.7458080649375916,4.0227484703063965,0.7949583530426025,129750
9,520,250,-189.7719268798828,-0.7590876817703247,3.7393932342529297,0.7945625185966492,130000
9,521,250,-369.1849670410156,-1.4767398834228516,4.7372565269470215,0.7941666841506958,130250
9,522,250,-228.40380859375,-0.9136152267456055,4.356417179107666,0.7937708497047424,130500
9,523,250,-121.8298110961914,-0.4873192310333252,4.162792205810547,0.7933750152587891,130750
9,524,250,-204.46054077148438,-0.8178421854972839,3.7567830085754395,0.7929791808128357,131000
9,525,250,-209.1585693359375,-0.8366342782974243,4.915396690368652,0.7925833463668823,131250
9,526,250,-169.64613342285156,-0.6785845160484314,4.494448661804199,0.792187511920929,131500
9,527,250,-232.1325225830078,-0.9285300970077515,4.071806907653809,0.7917916774749756,131750
9,528,250,-118.69408416748047,-0.47477632761001587,3.855833053588867,0.7913958430290222,132000
9,529,250,-215.51451110839844,-0.8620580434799194,4.800952911376953,0.7910000085830688,132250
9,530,250,-252.1051483154297,-1.0084205865859985,4.294081211090088,0.7906041741371155,132500
9,531,250,-198.85098266601562,-0.7954039573669434,4.115840435028076,0.7902083396911621,132750
9,532,250,-145.9813690185547,-0.5839254856109619,3.9583511352539062,0.7898125052452087,133000
9,533,250,-109.88309478759766,-0.4395323693752289,4.695627689361572,0.7894166707992554,133250
9,534,250,-162.4732208251953,-0.6498928666114807,4.5235419273376465,0.789020836353302,133500
9,535,250,-84.05757141113281,-0.3362302780151367,4.130672931671143,0.7886250019073486,133750
9,536,250,-75.87239074707031,-0.3034895658493042,3.9365551471710205,0.7882291674613953,134000
9,537,250,-248.07286071777344,-0.9922914505004883,4.765908718109131,0.7878333330154419,134250
9,538,250,-191.38926696777344,-0.765557050704956,4.306747913360596,0.7874374985694885,134500
9,539,250,27.606124877929688,0.11042449623346329,4.278017044067383,0.7870416641235352,134750
9,540,250,-263.38494873046875,-1.053539752960205,4.034297943115234,0.7866458296775818,135000
9,541,250,-147.16189575195312,-0.5886476039886475,4.890185832977295,0.7862499952316284,135250
9,542,250,-198.57791137695312,-0.7943116426467896,4.3418450355529785,0.785854160785675,135500
9,543,250,-211.6894073486328,-0.8467576503753662,4.067104816436768,0.7854583263397217,135750
9,544,250,-123.79771423339844,-0.4951908588409424,3.8186070919036865,0.7850624918937683,136000
9,545,250,-154.86862182617188,-0.619474470615387,4.641718864440918,0.7846666574478149,136250
9,546,250,-171.4084930419922,-0.6856339573860168,4.228074550628662,0.7842708230018616,136500
9,547,250,-328.3383483886719,-1.313353419303894,3.9970943927764893,0.7838749885559082,136750
9,548,250,-82.43962860107422,-0.32975852489471436,3.6379849910736084,0.7834791541099548,137000
9,549,250,-197.98458862304688,-0.7919383645057678,4.793946266174316,0.7830833196640015,137250
9,550,250,-191.52474975585938,-0.7660989761352539,4.322808265686035,0.7826874852180481,137500
9,551,250,-68.97857666015625,-0.2759143114089966,4.111623764038086,0.7822916507720947,137750
9,552,250,-287.8003845214844,-1.1512014865875244,3.795443534851074,0.7818958163261414,138000
9,553,250,-2.443937063217163,-0.00977574847638607,4.6412672996521,0.781499981880188,138250
9,554,250,-47.104820251464844,-0.18841928243637085,4.214056491851807,0.7811041474342346,138500
9,555,250,-295.19073486328125,-1.1807628870010376,3.9535679817199707,0.7807083129882812,138750
9,556,250,-101.05374145507812,-0.4042149782180786,3.720517635345459,0.7803124785423279,139000
9,557,250,-140.65435791015625,-0.5626174211502075,4.664784908294678,0.7799166440963745,139250
9,558,250,-199.83648681640625,-0.7993459701538086,4.002935409545898,0.7795208692550659,139500
9,559,250,-88.66014862060547,-0.3546406030654907,3.9633548259735107,0.7791249752044678,139750
9,560,250,-131.70045471191406,-0.5268018245697021,3.7366786003112793,0.7787292003631592,140000
9,561,250,-121.32915496826172,-0.4853166341781616,4.518577575683594,0.778333306312561,140250
9,562,250,-359.1100769042969,-1.436440348625183,4.175481796264648,0.7779375314712524,140500
9,563,250,-221.04737854003906,-0.8841894865036011,3.859116315841675,0.7775416374206543,140750
9,564,250,-198.03549194335938,-0.7921419739723206,3.7828354835510254,0.7771458625793457,141000
9,565,250,-380.24908447265625,-1.520996332168579,4.598816394805908,0.7767499685287476,141250
9,566,250,-74.96456909179688,-0.2998582720756531,4.1784796714782715,0.776354193687439,141500
9,567,250,-206.719970703125,-0.8268798589706421,3.9169504642486572,0.7759583592414856,141750
9,568,250,-205.62283325195312,-0.8224913477897644,3.765174150466919,0.7755625247955322,142000
9,569,250,-301.3183898925781,-1.2052735090255737,4.602507591247559,0.7751666903495789,142250
9,570,250,-71.25823211669922,-0.2850329279899597,4.140562534332275,0.7747708559036255,142500
9,571,250,-153.15147399902344,-0.61260586977005,4.030656337738037,0.7743750214576721,142750
9,572,250,-174.15615844726562,-0.6966246366500854,3.6808416843414307,0.7739791870117188,143000
9,573,250,-412.6398620605469,-1.650559425354004,4.57827091217041,0.7735833525657654,143250
9,574,250,-183.88929748535156,-0.7355571985244751,4.113494396209717,0.773187518119812,143500
9,575,250,-81.59415435791016,-0.32637661695480347,4.0120320320129395,0.7727916836738586,143750
9,576,250,-217.38072204589844,-0.8695228695869446,3.8595879077911377,0.7723958492279053,144000
9,577,250,-167.8597412109375,-0.671438992023468,4.805598258972168,0.7720000147819519,144250
9,578,250,-298.69244384765625,-1.1947697401046753,4.259266376495361,0.7716041803359985,144500
9,579,250,-185.04800415039062,-0.7401919960975647,4.07600736618042,0.7712083458900452,144750
9,580,250,-122.97589111328125,-0.4919035732746124,3.824620485305786,0.7708125114440918,145000
9,581,250,-127.8209457397461,-0.5112837553024292,4.823843479156494,0.7704166769981384,145250
9,582,250,-152.7261962890625,-0.6109048128128052,4.390758514404297,0.7700208425521851,145500
9,583,250,-144.7978515625,-0.5791913866996765,4.180239677429199,0.7696250081062317,145750
9,584,250,-3.714296340942383,-0.014857185073196888,4.111695766448975,0.7692291736602783,146000
9,585,250,-93.05870056152344,-0.3722347915172577,4.798996448516846,0.768833339214325,146250
9,586,250,-214.27452087402344,-0.8570981025695801,4.280679225921631,0.7684375047683716,146500
9,587,250,-207.64671325683594,-0.830586850643158,4.20683479309082,0.7680416703224182,146750
9,588,250,-175.38375854492188,-0.7015350461006165,3.96864652633667,0.7676458358764648,147000
9,589,250,-240.8149871826172,-0.9632599353790283,4.760399341583252,0.7672500014305115,147250
9,590,250,-11.184880256652832,-0.04473952203989029,4.066023826599121,0.7668541669845581,147500
9,591,250,-177.9803924560547,-0.7119215726852417,4.083552360534668,0.7664583325386047,147750
9,592,250,-255.21768188476562,-1.0208706855773926,3.756364345550537,0.7660624980926514,148000
9,593,250,-93.4792251586914,-0.373916894197464,4.690810203552246,0.765666663646698,148250
9,594,250,-50.667945861816406,-0.20267178118228912,4.12907075881958,0.7652708292007446,148500
9,595,250,-142.98309326171875,-0.5719323754310608,3.9958581924438477,0.7648749947547913,148750
9,596,250,-109.84070587158203,-0.4393628239631653,3.652987480163574,0.7644791603088379,149000
9,597,250,-435.93170166015625,-1.7437268495559692,4.679525852203369,0.7640833258628845,149250
9,598,250,-205.8628692626953,-0.8234514594078064,4.273776531219482,0.7636874914169312,149500
9,599,250,-144.32789611816406,-0.5773115754127502,3.837954521179199,0.7632916569709778,149750
9,600,250,-82.49127960205078,-0.32996511459350586,3.7476930618286133,0.7628958225250244,150000
9,601,250,-114.19784545898438,-0.45679137110710144,4.739928722381592,0.762499988079071,150250
9,602,250,-151.47628784179688,-0.6059051752090454,4.239317417144775,0.7621041536331177,150500
9,603,250,-390.11871337890625,-1.5604748725891113,4.040593147277832,0.7617083191871643,150750
9,604,250,-140.17169189453125,-0.5606867671012878,3.6617133617401123,0.7613124847412109,151000
9,605,250,-410.9552917480469,-1.643821120262146,4.587839126586914,0.7609166502952576,151250
9,606,250,-179.60089111328125,-0.7184035778045654,4.065624237060547,0.7605208158493042,151500
9,607,250,-140.2675018310547,-0.5610700249671936,3.8385605812072754,0.7601250410079956,151750
9,608,250,-147.70973205566406,-0.5908389091491699,3.763862133026123,0.7597291469573975,152000
9,609,250,-128.13095092773438,-0.5125238299369812,4.582188129425049,0.7593333721160889,152250
9,610,250,-126.22357940673828,-0.5048943161964417,4.137613773345947,0.7589374780654907,152500
9,611,250,-244.52374267578125,-0.9780949950218201,3.831940174102783,0.7585417032241821,152750
9,612,250,-124.40054321289062,-0.4976021647453308,3.724475622177124,0.758145809173584,153000
9,613,250,26.989065170288086,0.10795626044273376,4.493701457977295,0.7577500343322754,153250
9,614,250,-88.30805206298828,-0.353232204914093,3.9217722415924072,0.7573541402816772,153500
9,615,250,-284.4942626953125,-1.1379770040512085,3.690906286239624,0.7569583654403687,153750
9,616,250,-120.91639709472656,-0.4836655855178833,3.469614028930664,0.7565625309944153,154000
9,617,250,-90.81038665771484,-0.3632415533065796,4.545433521270752,0.7561666965484619,154250
9,618,250,-119.57598114013672,-0.4783039391040802,3.952950954437256,0.7557708621025085,154500
9,619,250,-226.99234008789062,-0.9079693555831909,3.7501463890075684,0.7553750276565552,154750
9,620,250,-136.78086853027344,-0.5471234917640686,3.493212938308716,0.7549791932106018,155000
9,621,250,-144.4083709716797,-0.5776335000991821,4.68023157119751,0.7545833587646484,155250
9,622,250,-116.59717559814453,-0.4663887023925781,4.063921928405762,0.7541875243186951,155500
9,623,250,-253.68887329101562,-1.0147554874420166,3.857982873916626,0.7537916898727417,155750
9,624,250,-225.0047149658203,-0.9000188708305359,3.598914623260498,0.7533958554267883,156000
9,625,250,-230.0387420654297,-0.9201549887657166,4.595396995544434,0.753000020980835,156250
9,626,250,-259.80780029296875,-1.0392311811447144,4.169754505157471,0.7526041865348816,156500
9,627,250,-81.63177490234375,-0.32652708888053894,3.6941075325012207,0.7522083520889282,156750
9,628,250,-247.8320770263672,-0.9913282990455627,3.5276081562042236,0.7518125176429749,157000
9,629,250,-229.957275390625,-0.9198291301727295,4.830944538116455,0.7514166831970215,157250
9,630,250,-123.26199340820312,-0.4930479824542999,4.271951675415039,0.7510208487510681,157500
9,631,250,-121.71961212158203,-0.4868784546852112,4.081299304962158,0.7506250143051147,157750
9,632,250,-173.2774658203125,-0.6931098699569702,3.98696231842041,0.7502291798591614,158000
9,633,250,-247.968505859375,-0.9918740391731262,4.948417663574219,0.749833345413208,158250
9,634,250,-148.6128692626953,-0.5944514870643616,4.347376823425293,0.7494375109672546,158500
9,635,250,-162.01467895507812,-0.6480587124824524,4.1634650230407715,0.7490416765213013,158750
9,636,250,-99.72220611572266,-0.39888882637023926,4.119176864624023,0.7486458420753479,159000
9,637,250,-35.2862434387207,-0.14114497601985931,5.012770652770996,0.7482500076293945,159250
9,638,250,-302.4583435058594,-1.2098333835601807,4.46564245223999,0.7478541731834412,159500
9,639,250,-258.3253173828125,-1.0333012342453003,4.255794048309326,0.7474583387374878,159750
9,640,250,-282.4011535644531,-1.1296045780181885,4.005349636077881,0.7470625042915344,160000
9,641,250,-113.41954040527344,-0.453678160905838,5.16765832901001,0.746666669845581,160250
9,642,250,-226.7978057861328,-0.9071912169456482,4.601261138916016,0.7462708353996277,160500
9,643,250,-37.516536712646484,-0.15006615221500397,4.327154159545898,0.7458750009536743,160750
9,644,250,-100.24983978271484,-0.40099936723709106,4.083292484283447,0.745479166507721,161000
9,645,250,-242.46836853027344,-0.9698734879493713,5.1643900871276855,0.7450833320617676,161250
9,646,250,-147.6182861328125,-0.5904731154441833,4.57083797454834,0.7446874976158142,161500
9,647,250,-347.38812255859375,-1.3895524740219116,4.3476948738098145,0.7442916631698608,161750
9,648,250,-90.90226745605469,-0.36360907554626465,4.126293182373047,0.7438958287239075,162000
9,649,250,-200.4883270263672,-0.8019533157348633,5.122910022735596,0.7434999942779541,162250
9,650,250,-160.31869506835938,-0.6412748098373413,4.509481430053711,0.7431041598320007,162500
9,651,250,-158.48020935058594,-0.6339208483695984,4.313191890716553,0.7427083253860474,162750
9,652,250,-145.07064819335938,-0.5802825689315796,4.165245532989502,0.742312490940094,163000
9,653,250,-174.40093994140625,-0.6976037621498108,4.9877190589904785,0.7419166564941406,163250
9,654,250,-88.00813293457031,-0.35203254222869873,4.540013790130615,0.7415208220481873,163500
9,655,250,-382.1703796386719,-1.5286815166473389,4.166569232940674,0.7411249876022339,163750
9,656,250,-330.1028137207031,-1.320411205291748,4.049921035766602,0.7407291531562805,164000
9,657,250,-52.04064178466797,-0.2081625610589981,5.014883041381836,0.7403333187103271,164250
9,658,250,-143.36221313476562,-0.5734488368034363,4.358023166656494,0.7399374842643738,164500
9,659,250,-213.45155334472656,-0.85380619764328,4.171372413635254,0.7395416498184204,164750
9,660,250,-184.2882080078125,-0.7371528148651123,4.110253810882568,0.7391458749771118,165000
9,661,250,-108.19003295898438,-0.4327601194381714,4.8818182945251465,0.7387499809265137,165250
9,662,250,-179.6022491455078,-0.71840900182724,4.423936367034912,0.7383542060852051,165500
9,663,250,-14.899521827697754,-0.05959808826446533,4.160379886627197,0.7379583120346069,165750
9,664,250,-270.9399719238281,-1.0837599039077759,4.082032203674316,0.7375625371932983,166000
9,665,250,-158.07388305664062,-0.632295548915863,4.814306259155273,0.7371666431427002,166250
9,666,250,-97.45503997802734,-0.3898201584815979,4.39884614944458,0.7367708683013916,166500
9,667,250,-232.50732421875,-0.9300292730331421,4.096405506134033,0.7363749742507935,166750
9,668,250,-207.3939208984375,-0.8295756578445435,4.024978160858154,0.7359791994094849,167000
9,669,250,-197.02613830566406,-0.7881045341491699,4.730734348297119,0.7355833053588867,167250
9,670,250,-61.21957778930664,-0.24487830698490143,4.316280364990234,0.7351875305175781,167500
9,671,250,-112.43146514892578,-0.449725866317749,4.0720109939575195,0.73479163646698,167750
9,672,250,-146.9514617919922,-0.5878058671951294,3.8602192401885986,0.7343958616256714,168000
9,673,250,-136.7994842529297,-0.5471979379653931,4.96342134475708,0.7339999675750732,168250
9,674,250,-220.43968200683594,-0.8817587494850159,4.21690559387207,0.7336041927337646,168500
9,675,250,-117.15828704833984,-0.46863314509391785,4.025801181793213,0.7332082986831665,168750
9,676,250,-72.7141342163086,-0.2908565402030945,3.8495893478393555,0.7328125238418579,169000
9,677,250,-49.36548614501953,-0.19746194779872894,4.767913818359375,0.7324166297912598,169250
9,678,250,84.42900848388672,0.3377160429954529,4.218992233276367,0.7320208549499512,169500
9,679,250,-140.81907653808594,-0.5632762908935547,3.8538920879364014,0.731624960899353,169750
9,680,250,-168.15512084960938,-0.6726204752922058,3.8115010261535645,0.7312291860580444,170000
9,681,250,-163.427001953125,-0.6537079811096191,4.780336856842041,0.7308333516120911,170250
9,682,250,-0.06391286849975586,-0.00025565148098394275,4.077229976654053,0.7304375171661377,170500
9,683,250,-166.92794799804688,-0.6677117943763733,3.789515733718872,0.7300416827201843,170750
9,684,250,-130.52464294433594,-0.5220986008644104,3.622314453125,0.729645848274231,171000
9,685,250,-235.98733520507812,-0.9439493417739868,4.8936285972595215,0.7292500138282776,171250
9,686,250,-7.768552303314209,-0.03107420913875103,4.1332478523254395,0.7288541793823242,171500
9,687,250,-98.4717788696289,-0.39388710260391235,3.9136996269226074,0.7284583449363708,171750
9,688,250,-35.097679138183594,-0.14039072394371033,3.6309707164764404,0.7280625104904175,172000
9,689,250,-10.926331520080566,-0.043705325573682785,4.924807548522949,0.7276666760444641,172250
9,690,250,-26.87618064880371,-0.10750472545623779,4.140767574310303,0.7272708415985107,172500
9,691,250,-99.35052490234375,-0.3974021077156067,3.797269821166992,0.7268750071525574,172750
9,692,250,-119.82475280761719,-0.47929900884628296,3.574439764022827,0.726479172706604,173000
9,693,250,-163.8848419189453,-0.6555393934249878,4.759711265563965,0.7260833382606506,173250
9,694,250,-52.809356689453125,-0.21123743057250977,3.9637205600738525,0.7256875038146973,173500
9,695,250,-159.0117645263672,-0.6360470652580261,3.641880512237549,0.7252916693687439,173750
9,696,250,7.740172386169434,0.03096069023013115,3.6738121509552,0.7248958349227905,174000
9,697,250,-93.59465789794922,-0.37437862157821655,4.941923141479492,0.7245000004768372,174250
9,698,250,42.10790252685547,0.1684316098690033,4.115610122680664,0.7241041660308838,174500
9,699,250,-54.263031005859375,-0.21705211699008942,3.836493492126465,0.7237083315849304,174750
9,700,250,-242.38616943359375,-0.9695446491241455,3.5729916095733643,0.723312497138977,175000
9,701,250,-116.93749237060547,-0.4677499830722809,5.130222797393799,0.7229167222976685,175250
9,702,250,-92.3010482788086,-0.36920419335365295,4.116614818572998,0.7225208282470703,175500
9,703,250,-45.03293228149414,-0.180131733417511,3.963329553604126,0.7221250534057617,175750
9,704,250,-147.7746124267578,-0.591098427772522,3.700176954269409,0.7217291593551636,176000
9,705,250,-119.2567367553711,-0.47702693939208984,5.521829605102539,0.721333384513855,176250
9,706,250,-137.2193603515625,-0.5488774180412292,4.545456886291504,0.7209374904632568,176500
9,707,250,64.03621673583984,0.2561448812484741,4.122580051422119,0.7205417156219482,176750
9,708,250,-114.93724822998047,-0.4597489833831787,3.8370230197906494,0.7201458215713501,177000
9,709,250,-86.0743179321289,-0.34429726004600525,5.957563877105713,0.7197500467300415,177250
9,710,250,-230.09207153320312,-0.9203683137893677,4.695779323577881,0.7193541526794434,177500
9,711,250,-112.3639144897461,-0.4494556486606598,4.277615547180176,0.7189583778381348,177750
9,712,250,-129.7089080810547,-0.5188356041908264,4.110682487487793,0.7185624837875366,178000
9,713,250,-138.3489227294922,-0.553395688533783,5.921528339385986,0.718166708946228,178250
9,714,250,0.1287441849708557,0.000514976738486439,4.954397201538086,0.7177708148956299,178500
9,715,250,-136.35546875,-0.5454218983650208,4.402149200439453,0.7173749804496765,178750
9,716,250,-34.506656646728516,-0.138026624917984,4.290241241455078,0.7169791460037231,179000
9,717,250,-214.80284118652344,-0.8592113852500916,5.6970720291137695,0.7165833115577698,179250
9,718,250,-188.23658752441406,-0.7529463768005371,4.792496681213379,0.7161874771118164,179500
9,719,250,-80.48995208740234,-0.32195979356765747,4.219166278839111,0.7157917022705078,179750
9,720,250,-163.69815063476562,-0.6547926068305969,4.103545188903809,0.7153958082199097,180000
9,721,250,-121.57716369628906,-0.48630866408348083,5.965281963348389,0.7150000333786011,180250
9,722,250,-139.97447204589844,-0.5598978996276855,4.755918502807617,0.7146041393280029,180500
9,723,250,-138.56365966796875,-0.5542546510696411,4.509481906890869,0.7142083644866943,180750
9,724,250,-161.27711486816406,-0.6451084613800049,4.055977821350098,0.7138124704360962,181000
9,725,250,-344.1905822753906,-1.3767622709274292,6.11976957321167,0.7134166955947876,181250
9,726,250,-106.84426879882812,-0.4273770749568939,4.882716655731201,0.7130208015441895,181500
9,727,250,-160.38552856445312,-0.6415421366691589,4.4027323722839355,0.7126250267028809,181750
9,728,250,-225.66477966308594,-0.9026591181755066,4.199490070343018,0.7122291326522827,182000
9,729,250,-124.6527099609375,-0.49861085414886475,6.2079596519470215,0.7118333578109741,182250
9,730,250,-182.076904296875,-0.7283076047897339,5.106188774108887,0.711437463760376,182500
9,731,250,-185.7233428955078,-0.742893397808075,4.486797332763672,0.7110416889190674,182750
9,732,250,-266.0958557128906,-1.0643833875656128,4.291120529174805,0.7106457948684692,183000
9,733,250,-184.76760864257812,-0.7390704154968262,6.39289665222168,0.7102500200271606,183250
9,734,250,-122.27294921875,-0.48909178376197815,5.211458206176758,0.7098541259765625,183500
9,735,250,-211.93576049804688,-0.847743034362793,4.533928394317627,0.7094583511352539,183750
9,736,250,-173.06947326660156,-0.6922779083251953,4.345672130584717,0.7090624570846558,184000
9,737,250,-244.7152862548828,-0.9788611531257629,6.286838531494141,0.7086666822433472,184250
9,738,250,-297.0833435058594,-1.1883333921432495,5.403339862823486,0.708270788192749,184500
9,739,250,-92.3681411743164,-0.36947256326675415,4.841766834259033,0.7078750133514404,184750
9,740,250,-202.9123077392578,-0.8116492033004761,4.47584342956543,0.7074791789054871,185000
9,741,250,-108.76956176757812,-0.4350782334804535,7.008537292480469,0.7070833444595337,185250
9,742,250,-94.77412414550781,-0.37909650802612305,5.980521202087402,0.7066875100135803,185500
9,743,250,-48.358001708984375,-0.1934320032596588,5.417536735534668,0.706291675567627,185750
9,744,250,-39.7047004699707,-0.1588187962770462,5.088738918304443,0.7058958411216736,186000
9,745,250,-204.9451446533203,-0.8197805881500244,7.205997943878174,0.7055000066757202,186250
9,746,250,-228.46713256835938,-0.9138685464859009,6.175061225891113,0.7051041722297668,186500
9,747,250,-226.26824951171875,-0.9050729870796204,5.751400470733643,0.7047083377838135,186750
9,748,250,-107.92254638671875,-0.43169018626213074,5.246877193450928,0.7043125033378601,187000
9,749,250,-130.1105499267578,-0.5204421877861023,7.130959510803223,0.7039166688919067,187250
9,750,250,-83.39457702636719,-0.33357831835746765,6.233334541320801,0.7035208344459534,187500
9,751,250,-146.90867614746094,-0.5876346826553345,5.659046173095703,0.703125,187750
9,752,250,-136.90249633789062,-0.5476099848747253,5.176828861236572,0.7027291655540466,188000
9,753,250,-231.07037353515625,-0.9242814779281616,6.947566986083984,0.7023333311080933,188250
9,754,250,-102.75228118896484,-0.41100913286209106,6.318593502044678,0.7019374966621399,188500
9,755,250,-165.7693328857422,-0.6630773544311523,5.750892162322998,0.7015416622161865,188750
9,756,250,-79.3716049194336,-0.31748640537261963,5.5849690437316895,0.7011458277702332,189000
9,757,250,-113.42696380615234,-0.45370784401893616,7.370943546295166,0.7007499933242798,189250
9,758,250,-89.49870300292969,-0.35799482464790344,6.433598518371582,0.7003541588783264,189500
9,759,250,-217.91671752929688,-0.8716668486595154,6.053346633911133,0.699958324432373,189750
9,760,250,-305.6474914550781,-1.2225899696350098,5.734286308288574,0.6995625495910645,190000
9,761,250,-176.98294067382812,-0.7079317569732666,7.236961841583252,0.6991666555404663,190250
9,762,250,-120.35226440429688,-0.4814090430736542,6.471133232116699,0.6987708806991577,190500
9,763,250,-133.8449249267578,-0.5353797078132629,6.1614556312561035,0.6983749866485596,190750
9,764,250,-86.68225860595703,-0.346729040145874,5.965918064117432,0.697979211807251,191000
9,765,250,-108.91325378417969,-0.4356530010700226,7.139289855957031,0.6975833177566528,191250
9,766,250,-62.94810485839844,-0.25179243087768555,6.3595404624938965,0.6971875429153442,191500
9,767,250,-72.55517578125,-0.290220707654953,6.127570152282715,0.6967916488647461,191750
9,768,250,13.66390609741211,0.05465562269091606,5.838120937347412,0.6963958740234375,192000
9,769,250,-53.37736892700195,-0.2135094702243805,6.744045734405518,0.6959999799728394,192250
9,770,250,-151.1537628173828,-0.6046150326728821,6.271806240081787,0.6956042051315308,192500
9,771,250,-125.31645202636719,-0.501265823841095,5.772152423858643,0.6952083110809326,192750
9,772,250,-40.934104919433594,-0.16373641788959503,5.664244174957275,0.694812536239624,193000
9,773,250,-128.90243530273438,-0.5156097412109375,6.706845283508301,0.6944166421890259,193250
9,774,250,-138.98146057128906,-0.5559258460998535,6.155169486999512,0.6940208673477173,193500
9,775,250,-41.29488754272461,-0.1651795506477356,5.731922626495361,0.6936249732971191,193750
9,776,250,-80.32719421386719,-0.32130879163742065,5.39838981628418,0.6932291984558105,194000
9,777,250,-93.34002685546875,-0.3733600974082947,6.511211395263672,0.6928333044052124,194250
9,778,250,-51.24165725708008,-0.20496663451194763,6.015321731567383,0.6924375295639038,194500
9,779,250,-153.55117797851562,-0.6142047047615051,5.600282192230225,0.6920416951179504,194750
9,780,250,-146.2517852783203,-0.5850071310997009,5.362399578094482,0.6916458606719971,195000
9,781,250,-70.49873352050781,-0.28199493885040283,6.560400009155273,0.6912500262260437,195250
9,782,250,-125.26907348632812,-0.5010762810707092,5.855309963226318,0.6908541917800903,195500
9,783,250,-66.52485656738281,-0.2660994231700897,5.456861972808838,0.690458357334137,195750
9,784,250,53.444278717041016,0.2137771099805832,5.291426658630371,0.6900625228881836,196000
9,785,250,-107.41886901855469,-0.42967548966407776,6.347092151641846,0.6896666884422302,196250
9,786,250,-72.50984191894531,-0.2900393605232239,5.8340582847595215,0.6892708539962769,196500
9,787,250,-66.57188415527344,-0.26628753542900085,5.560744762420654,0.6888750195503235,196750
9,788,250,-102.55622100830078,-0.41022488474845886,5.324556350708008,0.6884791851043701,197000
9,789,250,-183.62939453125,-0.7345175743103027,6.28559684753418,0.688083291053772,197250
9,790,250,-283.8227233886719,-1.1352908611297607,5.531978607177734,0.6876875162124634,197500
9,791,250,-64.92539978027344,-0.25970160961151123,5.3267316818237305,0.6872916221618652,197750
9,792,250,-202.99876403808594,-0.8119950294494629,5.101056098937988,0.6868958473205566,198000
9,793,250,-122.90205383300781,-0.491608202457428,6.1377787590026855,0.6864999532699585,198250
9,794,250,-78.35481262207031,-0.31341925263404846,5.347512722015381,0.6861041784286499,198500
9,795,250,-77.48950958251953,-0.3099580407142639,4.958027362823486,0.6857082843780518,198750
9,796,250,-194.50563049316406,-0.7780225276947021,4.842637538909912,0.6853125095367432,199000
9,797,250,-78.59678649902344,-0.31438714265823364,6.131942272186279,0.684916615486145,199250
9,798,250,-111.94047546386719,-0.4477618932723999,5.187199592590332,0.6845208406448364,199500
9,799,250,-212.66725158691406,-0.8506690263748169,4.9753947257995605,0.6841250061988831,199750
9,800,250,-158.1346435546875,-0.6325385570526123,4.860058784484863,0.6837291717529297,200000
9,801,250,-63.618167877197266,-0.25447267293930054,6.059720039367676,0.6833333373069763,200250
9,802,250,-375.42974853515625,-1.5017189979553223,5.1082963943481445,0.682937502861023,200500
9,803,250,-131.7317352294922,-0.5269269347190857,4.8389716148376465,0.6825416684150696,200750
9,804,250,-226.75833129882812,-0.9070333242416382,4.688731670379639,0.6821458339691162,201000
9,805,250,-146.45306396484375,-0.5858122706413269,5.933774471282959,0.6817499995231628,201250
9,806,250,-124.79618072509766,-0.4991847276687622,5.0877366065979,0.6813541650772095,201500
9,807,250,-214.9383087158203,-0.8597532510757446,4.7816548347473145,0.6809583306312561,201750
9,808,250,-258.0960998535156,-1.0323843955993652,4.764143466949463,0.6805624961853027,202000
9,809,250,-170.09664916992188,-0.6803866028785706,5.914991855621338,0.6801666617393494,202250
9,810,250,-79.33689880371094,-0.31734758615493774,5.073194980621338,0.679770827293396,202500
9,811,250,-227.33534240722656,-0.9093413949012756,4.7909722328186035,0.6793749928474426,202750
9,812,250,-171.1717987060547,-0.6846871972084045,4.559009552001953,0.6789791584014893,203000
9,813,250,-232.29153442382812,-0.9291661381721497,5.820852756500244,0.6785833239555359,203250
9,814,250,-40.235530853271484,-0.16094212234020233,4.806613922119141,0.6781874895095825,203500
9,815,250,-127.26319122314453,-0.5090527534484863,4.548865795135498,0.6777916550636292,203750
9,816,250,-138.97691345214844,-0.555907666683197,4.4564995765686035,0.6773958206176758,204000
9,817,250,-261.708984375,-1.0468358993530273,5.818807125091553,0.6769999861717224,204250
9,818,250,-298.5089111328125,-1.1940356492996216,4.840131759643555,0.676604151725769,204500
9,819,250,-107.9034652709961,-0.43161386251449585,4.617116928100586,0.6762083768844604,204750
9,820,250,-72.03965759277344,-0.2881586253643036,4.3705925941467285,0.6758124828338623,205000
9,821,250,-368.1304626464844,-1.4725219011306763,5.528482437133789,0.6754167079925537,205250
9,822,250,-88.81018829345703,-0.35524076223373413,4.939404487609863,0.6750208139419556,205500
9,823,250,-248.29400634765625,-0.9931760430335999,4.475061416625977,0.674625039100647,205750
9,824,250,-127.04290771484375,-0.5081716179847717,4.328047275543213,0.6742291450500488,206000
9,825,250,-8.558708190917969,-0.03423483297228813,5.578131675720215,0.6738333702087402,206250
9,826,250,-229.73208618164062,-0.918928325176239,4.852964401245117,0.6734374761581421,206500
9,827,250,-231.63800048828125,-0.9265519976615906,4.564352512359619,0.6730417013168335,206750
9,828,250,-140.5142059326172,-0.562056839466095,4.20807409286499,0.6726458072662354,207000
9,829,250,-37.4372444152832,-0.14974898099899292,5.4476728439331055,0.6722500324249268,207250
9,830,250,-118.64617156982422,-0.474584698677063,4.6307053565979,0.6718541383743286,207500
9,831,250,-92.03144073486328,-0.3681257665157318,4.3739752769470215,0.67145836353302,207750
9,832,250,-103.7549819946289,-0.4150199294090271,4.191819667816162,0.6710624694824219,208000
9,833,250,-53.01237869262695,-0.21204951405525208,5.637162208557129,0.6706666946411133,208250
9,834,250,-189.75100708007812,-0.7590040564537048,5.054802417755127,0.6702708005905151,208500
9,835,250,-61.43198776245117,-0.24572795629501343,4.57126522064209,0.6698750257492065,208750
9,836,250,-176.04006958007812,-0.7041602730751038,4.288312911987305,0.6694791316986084,209000
9,837,250,-133.8401336669922,-0.5353605151176453,5.506287574768066,0.6690833568572998,209250
9,838,250,-72.59169006347656,-0.2903667688369751,4.961737155914307,0.6686875224113464,209500
9,839,250,-34.057369232177734,-0.1362294703722,4.514062404632568,0.6682916879653931,209750
9,840,250,-57.81401443481445,-0.23125605285167694,4.376857280731201,0.6678958535194397,210000
9,841,250,-127.76355743408203,-0.5110542178153992,5.688388824462891,0.6675000190734863,210250
9,842,250,-6.277754783630371,-0.025111019611358643,4.965331077575684,0.667104184627533,210500
9,843,250,-217.60186767578125,-0.8704074621200562,4.693056106567383,0.6667083501815796,210750
9,844,250,-107.89482116699219,-0.4315792918205261,4.4113311767578125,0.6663125157356262,211000
9,845,250,-79.16748046875,-0.31666991114616394,5.7089009284973145,0.6659166812896729,211250
9,846,250,-37.20783996582031,-0.1488313525915146,4.928290843963623,0.6655208468437195,211500
9,847,250,28.895225524902344,0.11558090150356293,4.643429279327393,0.6651250123977661,211750
9,848,250,-58.34684753417969,-0.23338739573955536,4.404003143310547,0.6647291779518127,212000
9,849,250,-145.2808837890625,-0.5811235308647156,5.570911407470703,0.6643333435058594,212250
9,850,250,-67.42520141601562,-0.2697007954120636,4.8748698234558105,0.663937509059906,212500
9,851,250,-68.41929626464844,-0.27367717027664185,4.46621561050415,0.6635416746139526,212750
9,852,250,-78.22415161132812,-0.31289660930633545,4.460592746734619,0.6631458401679993,213000
9,853,250,-152.0634002685547,-0.6082535982131958,5.543011665344238,0.6627500057220459,213250
9,854,250,-152.79954528808594,-0.6111981868743896,4.7602033615112305,0.6623541712760925,213500
9,855,250,-71.6025619506836,-0.28641024231910706,4.436307907104492,0.6619583368301392,213750
9,856,250,-131.59707641601562,-0.5263882875442505,4.247779369354248,0.6615625023841858,214000
9,857,250,-97.11906433105469,-0.38847625255584717,5.628003120422363,0.6611666679382324,214250
9,858,250,-50.86613082885742,-0.20346452295780182,4.829197883605957,0.6607708930969238,214500
9,859,250,-27.404165267944336,-0.10961665958166122,4.521883487701416,0.6603749990463257,214750
9,860,250,-94.68257904052734,-0.37873032689094543,4.411495685577393,0.6599792242050171,215000
9,861,250,-64.49029541015625,-0.2579611837863922,5.386682510375977,0.659583330154419,215250
9,862,250,-93.89054870605469,-0.3755621910095215,4.687079429626465,0.6591875553131104,215500
9,863,250,-66.89926147460938,-0.2675970494747162,4.580152988433838,0.6587916612625122,215750
9,864,250,-16.891403198242188,-0.06756561249494553,4.3310627937316895,0.6583958268165588,216000
9,865,250,-72.20431518554688,-0.28881725668907166,5.1204118728637695,0.6579999923706055,216250
9,866,250,-57.79397201538086,-0.23117588460445404,4.406304836273193,0.6576041579246521,216500
9,867,250,-106.70468139648438,-0.42681872844696045,4.210453510284424,0.6572083234786987,216750
9,868,250,-86.91105651855469,-0.34764423966407776,4.258133411407471,0.6568124890327454,217000
9,869,250,-44.825286865234375,-0.17930114269256592,5.055140018463135,0.656416654586792,217250
9,870,250,-90.20277404785156,-0.3608110845088959,4.544763088226318,0.6560208201408386,217500
9,871,250,-105.08328247070312,-0.4203331172466278,4.258903980255127,0.6556249856948853,217750
9,872,250,-86.37222290039062,-0.34548890590667725,4.154800891876221,0.6552291512489319,218000
9,873,250,-34.80577087402344,-0.13922308385372162,4.867635726928711,0.6548333168029785,218250
9,874,250,-70.52836608886719,-0.2821134626865387,4.261020660400391,0.6544374823570251,218500
9,875,250,54.018836975097656,0.2160753458738327,4.306313514709473,0.6540416479110718,218750
9,876,250,-29.05426025390625,-0.11621703952550888,4.0368571281433105,0.6536458134651184,219000
9,877,250,-105.10049438476562,-0.42040199041366577,4.766465187072754,0.653249979019165,219250
9,878,250,-87.13587951660156,-0.34854352474212646,4.244126796722412,0.6528542041778564,219500
9,879,250,-54.45099639892578,-0.2178039848804474,4.050596714019775,0.6524583101272583,219750
9,880,250,-96.49650573730469,-0.3859860301017761,3.926809310913086,0.6520625352859497,220000
9,881,250,-95.49998474121094,-0.3819999396800995,4.593979358673096,0.6516666412353516,220250
9,882,250,-75.0189437866211,-0.3000757694244385,4.065855979919434,0.651270866394043,220500
9,883,250,0.30805492401123047,0.0012322197435423732,3.8687102794647217,0.6508749723434448,220750
9,884,250,-188.82766723632812,-0.7553106546401978,3.7641184329986572,0.6504791975021362,221000
9,885,250,3.5419437885284424,0.01416777539998293,4.491635322570801,0.6500833034515381,221250
9,886,250,-183.4882354736328,-0.7339529395103455,3.96359920501709,0.6496875286102295,221500
9,887,250,72.21162414550781,0.288846492767334,3.787735939025879,0.6492916345596313,221750
9,888,250,-159.7580108642578,-0.6390320658683777,3.649477243423462,0.6488958597183228,222000
9,889,250,-58.160030364990234,-0.2326401174068451,4.372864723205566,0.6484999656677246,222250
9,890,250,-118.43974304199219,-0.4737589657306671,3.9469406604766846,0.648104190826416,222500
9,891,250,-20.72310447692871,-0.08289241790771484,3.6361513137817383,0.6477082967758179,222750
9,892,250,-99.02030181884766,-0.39608120918273926,3.550903797149658,0.6473125219345093,223000
9,893,250,-92.60575866699219,-0.3704230487346649,4.2663044929504395,0.6469166278839111,223250
9,894,250,-63.94342041015625,-0.2557736933231354,3.8208301067352295,0.6465208530426025,223500
9,895,250,-94.118408203125,-0.37647363543510437,3.531709671020508,0.6461249589920044,223750
9,896,250,63.345943450927734,0.2533837854862213,3.4382808208465576,0.6457291841506958,224000
9,897,250,-47.226470947265625,-0.18890587985515594,4.058317184448242,0.6453333497047424,224250
9,898,250,-53.96707534790039,-0.2158682942390442,3.4834811687469482,0.6449375152587891,224500
9,899,250,-153.69766235351562,-0.614790678024292,3.314990997314453,0.6445416808128357,224750
9,900,250,-112.51071166992188,-0.45004284381866455,3.2788171768188477,0.6441458463668823,225000
9,901,250,-148.56463623046875,-0.5942585468292236,4.008535385131836,0.643750011920929,225250
9,902,250,18.545536041259766,0.07418214529752731,3.515315055847168,0.6433541774749756,225500
9,903,250,-71.29480743408203,-0.2851792275905609,3.3364086151123047,0.6429583430290222,225750
9,904,250,-8.982065200805664,-0.035928260535001755,3.466545343399048,0.6425625085830688,226000
9,905,250,-92.85186767578125,-0.37140747904777527,4.160962104797363,0.6421666741371155,226250
9,906,250,-30.42189598083496,-0.12168758362531662,3.801954984664917,0.6417708396911621,226500
9,907,250,-10.206144332885742,-0.04082457721233368,3.6869027614593506,0.6413750052452087,226750
9,908,250,74.33708190917969,0.2973483204841614,3.622173547744751,0.6409791707992554,227000
9,909,250,-29.516876220703125,-0.11806750297546387,4.440184116363525,0.640583336353302,227250
9,910,250,-35.65021896362305,-0.142600879073143,3.8071181774139404,0.6401875019073486,227500
9,911,250,-201.7032928466797,-0.8068131804466248,3.712691068649292,0.6397916674613953,227750
9,912,250,-291.12518310546875,-1.1645007133483887,3.574860095977783,0.6393958330154419,228000
9,913,250,-64.4198226928711,-0.257679283618927,4.346580505371094,0.6389999985694885,228250
9,914,250,-129.9813995361328,-0.519925594329834,3.843177080154419,0.6386041641235352,228500
9,915,250,-162.47903442382812,-0.6499161124229431,3.7038960456848145,0.6382083296775818,228750
9,916,250,-80.02517700195312,-0.32010069489479065,3.621980667114258,0.6378124952316284,229000
9,917,250,-47.643760681152344,-0.19057504832744598,4.376117706298828,0.6374167203903198,229250
9,918,250,-85.40582275390625,-0.3416232764720917,3.9537181854248047,0.6370208263397217,229500
9,919,250,-334.2078552246094,-1.3368314504623413,3.844048261642456,0.6366250514984131,229750
9,920,250,-141.21453857421875,-0.5648581385612488,3.6578896045684814,0.6362291574478149,230000
9,921,250,-73.66363525390625,-0.2946545481681824,4.533958435058594,0.6358333826065063,230250
9,922,250,-10.342306137084961,-0.041369225829839706,4.145668983459473,0.6354374885559082,230500
9,923,250,-25.523298263549805,-0.10209318995475769,3.9726316928863525,0.6350417137145996,230750
9,924,250,-239.0142059326172,-0.9560568332672119,3.8324437141418457,0.6346458196640015,231000
9,925,250,-87.01760864257812,-0.3480704426765442,4.654361248016357,0.6342500448226929,231250
9,926,250,36.92755126953125,0.14771020412445068,4.3064703941345215,0.6338541507720947,231500
9,927,250,2.427523612976074,0.009710094891488552,4.102095127105713,0.6334583759307861,231750
9,928,250,-8.639437675476074,-0.034557752311229706,3.867125988006592,0.633062481880188,232000
9,929,250,-205.8388214111328,-0.8233552575111389,4.557000637054443,0.6326667070388794,232250
9,930,250,71.91954040527344,0.28767815232276917,4.151691913604736,0.6322708129882812,232500
9,931,250,-48.07463073730469,-0.1922985166311264,4.043023109436035,0.6318750381469727,232750
9,932,250,-89.92310333251953,-0.35969242453575134,3.9256577491760254,0.6314791440963745,233000
9,933,250,85.00684356689453,0.3400273621082306,4.706832408905029,0.6310833692550659,233250
9,934,250,93.57527160644531,0.37430107593536377,4.236107349395752,0.6306874752044678,233500
9,935,250,-12.512660026550293,-0.05005063861608505,4.168071746826172,0.6302917003631592,233750
9,936,250,-71.29782104492188,-0.28519129753112793,3.981038808822632,0.6298958659172058,234000
9,937,250,-88.83201599121094,-0.3553280532360077,4.810251712799072,0.6295000314712524,234250
9,938,250,-85.98564147949219,-0.3439425528049469,4.204784870147705,0.6291041970252991,234500
9,939,250,138.9182586669922,0.5556730628013611,4.17141056060791,0.6287083625793457,234750
9,940,250,53.01520919799805,0.2120608389377594,3.9159977436065674,0.6283124685287476,235000
9,941,250,-40.65901184082031,-0.16263604164123535,4.70941162109375,0.627916693687439,235250
9,942,250,59.09166717529297,0.23636667430400848,4.0310163497924805,0.6275207996368408,235500
9,943,250,-60.34929656982422,-0.2413971871137619,4.0002031326293945,0.6271250247955322,235750
9,944,250,3.722698211669922,0.014890792779624462,3.827831745147705,0.6267291307449341,236000
9,945,250,-61.69428253173828,-0.24677713215351105,4.9343743324279785,0.6263333559036255,236250
9,946,250,86.92080688476562,0.34768322110176086,4.246563911437988,0.6259374618530273,236500
9,947,250,10.032167434692383,0.0401286706328392,4.056088447570801,0.6255416870117188,236750
9,948,250,3.871304988861084,0.015485219657421112,3.8724191188812256,0.6251457929611206,237000
9,949,250,105.02814483642578,0.42011258006095886,4.8365092277526855,0.624750018119812,237250
9,950,250,-67.9437026977539,-0.2717747986316681,4.141655921936035,0.6243541240692139,237500
9,951,250,8.360875129699707,0.033443499356508255,3.9962551593780518,0.6239583492279053,237750
9,952,250,92.98851776123047,0.371954083442688,3.8011133670806885,0.6235624551773071,238000
9,953,250,22.966386795043945,0.09186554700136185,4.520413398742676,0.6231666803359985,238250
9,954,250,-78.63038635253906,-0.31452155113220215,3.943247079849243,0.6227707862854004,238500
9,955,250,-37.674434661865234,-0.1506977379322052,3.9104912281036377,0.6223750114440918,238750
9,956,250,24.010908126831055,0.09604363143444061,3.668489933013916,0.6219791769981384,239000
9,957,250,-105.48893737792969,-0.42195576429367065,4.918812274932861,0.6215833425521851,239250
9,958,250,-11.514457702636719,-0.04605783149600029,4.482351779937744,0.6211875081062317,239500
9,959,250,-49.748382568359375,-0.1989935338497162,4.029391288757324,0.6207916736602783,239750
9,960,250,-21.66745376586914,-0.08666981756687164,3.919675827026367,0.620395839214325,240000
9,961,250,69.3022232055664,0.2772088944911957,5.085519790649414,0.6200000047683716,240250
9,962,250,-0.344478964805603,-0.0013779158471152186,4.34296989440918,0.6196041703224182,240500
9,963,250,11.36426067352295,0.04545704275369644,4.298014163970947,0.6192083358764648,240750
9,964,250,7.4487080574035645,0.029794832691550255,4.088588714599609,0.6188125014305115,241000
9,965,250,-31.62649917602539,-0.1265060007572174,5.257813930511475,0.6184166669845581,241250
9,966,250,54.252235412597656,0.21700894832611084,4.7793192863464355,0.6180208325386047,241500
9,967,250,35.17095184326172,0.14068379998207092,4.330674648284912,0.6176249980926514,241750
9,968,250,-71.76009368896484,-0.2870403826236725,4.42884635925293,0.617229163646698,242000
9,969,250,-7.1612467765808105,-0.02864498645067215,5.311748504638672,0.6168333292007446,242250
9,970,250,116.6396484375,0.4665586054325104,4.750682353973389,0.6164374947547913,242500
9,971,250,69.62885284423828,0.27851539850234985,4.542778491973877,0.6160416603088379,242750
9,972,250,-48.95051193237305,-0.19580204784870148,4.289178848266602,0.6156458258628845,243000
9,973,250,-217.75994873046875,-0.8710398077964783,5.3666605949401855,0.6152499914169312,243250
9,974,250,30.557714462280273,0.12223085761070251,4.9159698486328125,0.6148541569709778,243500
9,975,250,-74.17051696777344,-0.29668205976486206,4.562466621398926,0.6144583225250244,243750
9,976,250,-147.853515625,-0.5914140343666077,4.413014888763428,0.6140625476837158,244000
9,977,250,-67.71000671386719,-0.27084001898765564,5.24368143081665,0.6136666536331177,244250
9,978,250,-27.455528259277344,-0.1098221093416214,4.881356239318848,0.6132708787918091,244500
9,979,250,60.352684020996094,0.2414107322692871,4.51515007019043,0.6128749847412109,244750
9,980,250,-145.14540100097656,-0.5805816054344177,4.613457679748535,0.6124792098999023,245000
9,981,250,2.0588457584381104,0.008235382847487926,5.424000263214111,0.6120833158493042,245250
9,982,250,-88.71126556396484,-0.3548450767993927,4.884322643280029,0.6116875410079956,245500
9,983,250,-16.326398849487305,-0.06530559808015823,4.720086097717285,0.6112916469573975,245750
9,984,250,-80.67167663574219,-0.32268670201301575,4.51048469543457,0.6108958721160889,246000
9,985,250,-109.58244323730469,-0.4383297860622406,4.921424388885498,0.6104999780654907,246250
9,986,250,-141.83489990234375,-0.5673395991325378,4.826728343963623,0.6101042032241821,246500
9,987,250,-92.04805755615234,-0.36819222569465637,4.520832061767578,0.609708309173584,246750
9,988,250,-179.32763671875,-0.7173105478286743,4.473918437957764,0.6093125343322754,247000
9,989,250,-135.57467651367188,-0.5422987341880798,5.187493324279785,0.6089166402816772,247250
9,990,250,-109.40853118896484,-0.43763411045074463,4.649195671081543,0.6085208654403687,247500
9,991,250,-74.54711151123047,-0.2981884479522705,4.537441253662109,0.6081249713897705,247750
9,992,250,-103.45027923583984,-0.4138011038303375,4.450237274169922,0.6077291965484619,248000
9,993,250,0.8110584020614624,0.00324423355050385,4.930211067199707,0.6073333024978638,248250
9,994,250,-5.627723693847656,-0.022510895505547523,4.39274263381958,0.6069375276565552,248500
9,995,250,-70.98421478271484,-0.28393685817718506,4.221027851104736,0.6065416932106018,248750
9,996,250,-84.64940643310547,-0.3385976254940033,4.035406112670898,0.6061458587646484,249000
9,997,250,-92.4195327758789,-0.3696781396865845,4.975043773651123,0.6057500243186951,249250
9,998,250,-18.134769439697266,-0.0725390762090683,4.297502517700195,0.6053541898727417,249500
9,999,250,-114.20046997070312,-0.4568018913269043,4.202241897583008,0.6049583554267883,249750
9,1000,250,-139.0249786376953,-0.5560998916625977,4.091486930847168,0.604562520980835,250000
9,1001,250,-124.2135238647461,-0.49685409665107727,4.511015892028809,0.6041666865348816,250250
9,1002,250,-155.9580841064453,-0.6238323450088501,4.172532558441162,0.6037708520889282,250500
9,1003,250,-99.75703430175781,-0.39902812242507935,3.953094005584717,0.6033750176429749,250750
9,1004,250,-137.0137939453125,-0.5480551719665527,3.815857410430908,0.6029791831970215,251000
9,1005,250,-64.77067565917969,-0.25908270478248596,4.4513325691223145,0.6025833487510681,251250
9,1006,250,-60.69175720214844,-0.24276703596115112,3.9525182247161865,0.6021875143051147,251500
9,1007,250,-166.6811981201172,-0.6667248010635376,3.7343413829803467,0.6017916798591614,251750
9,1008,250,1.9074819087982178,0.007629927713423967,3.5451314449310303,0.601395845413208,252000
9,1009,250,-101.00994873046875,-0.40403980016708374,4.2820000648498535,0.6010000109672546,252250
9,1010,250,-132.200439453125,-0.5288017392158508,3.8288931846618652,0.6006041765213013,252500
9,1011,250,-77.64330291748047,-0.3105732202529907,3.642885208129883,0.6002083420753479,252750
9,1012,250,-257.3901062011719,-1.0295604467391968,3.470686912536621,0.5998125076293945,253000
9,1013,250,-162.02024841308594,-0.6480810046195984,4.446366310119629,0.5994166731834412,253250
9,1014,250,-140.28045654296875,-0.5611218214035034,3.7558348178863525,0.5990208387374878,253500
9,1015,250,-163.03646850585938,-0.6521458625793457,3.6519412994384766,0.5986250042915344,253750
9,1016,250,-134.63052368164062,-0.5385221242904663,3.4260287284851074,0.598229169845581,254000
9,1017,250,-96.04102325439453,-0.38416409492492676,4.411872386932373,0.5978333353996277,254250
9,1018,250,-158.10084533691406,-0.6324033737182617,3.800295352935791,0.5974375009536743,254500
9,1019,250,-119.11841583251953,-0.4764736592769623,3.488776683807373,0.597041666507721,254750
9,1020,250,-136.2310028076172,-0.5449240207672119,3.297245979309082,0.5966458320617676,255000
9,1021,250,-181.45196533203125,-0.7258078455924988,4.190893173217773,0.5962499976158142,255250
9,1022,250,-128.39073181152344,-0.5135629177093506,3.833387613296509,0.5958541631698608,255500
9,1023,250,-6.87095832824707,-0.027483833953738213,3.5814998149871826,0.5954583287239075,255750
9,1024,250,-37.8583869934082,-0.1514335423707962,3.3846163749694824,0.5950624942779541,256000
9,1025,250,14.2451171875,0.05698046833276749,4.38477897644043,0.5946666598320007,256250
9,1026,250,-394.7958068847656,-1.5791832208633423,3.7144699096679688,0.5942708253860474,256500
9,1027,250,69.4662094116211,0.27786484360694885,3.587799549102783,0.593874990940094,256750
9,1028,250,-94.47633361816406,-0.37790533900260925,3.398526191711426,0.5934791564941406,257000
9,1029,250,17.57468605041504,0.07029874622821808,3.970937728881836,0.5930833220481873,257250
9,1030,250,96.64232635498047,0.3865692913532257,3.72739839553833,0.5926874876022339,257500
9,1031,250,-73.26512145996094,-0.2930604815483093,3.6105685234069824,0.5922916531562805,257750
9,1032,250,-46.88663101196289,-0.1875465214252472,3.42030930519104,0.5918958187103271,258000
9,1033,250,75.77770233154297,0.303110808134079,4.087564468383789,0.5914999842643738,258250
9,1034,250,-21.207849502563477,-0.08483140170574188,3.7529313564300537,0.5911041498184204,258500
9,1035,250,117.4701919555664,0.46988075971603394,3.5714192390441895,0.5907083749771118,258750
9,1036,250,45.867488861083984,0.1834699511528015,3.501800298690796,0.5903124809265137,259000
9,1037,250,-94.475830078125,-0.3779033124446869,4.074727535247803,0.5899167060852051,259250
9,1038,250,98.43891906738281,0.3937556743621826,3.632434129714966,0.5895208120346069,259500
9,1039,250,-15.432485580444336,-0.06172994151711464,3.5656702518463135,0.5891250371932983,259750
9,1040,250,-151.3442840576172,-0.6053771376609802,3.4362077713012695,0.5887291431427002,260000
9,1041,250,174.61386108398438,0.6984554529190063,4.002427577972412,0.5883333683013916,260250
9,1042,250,-73.65877532958984,-0.2946350872516632,3.760610580444336,0.5879374742507935,260500
9,1043,250,-84.780517578125,-0.33912205696105957,3.638223171234131,0.5875416994094849,260750
9,1044,250,-2.9295668601989746,-0.01171826757490635,3.4145920276641846,0.5871458053588867,261000
9,1045,250,-35.08690643310547,-0.14034762978553772,4.020756244659424,0.5867500305175781,261250
9,1046,250,-88.41593933105469,-0.35366374254226685,3.791511058807373,0.58635413646698,261500
9,1047,250,-110.99797821044922,-0.44399189949035645,3.666853427886963,0.5859583616256714,261750
9,1048,250,-120.32443237304688,-0.48129773139953613,3.5118517875671387,0.5855624675750732,262000
9,1049,250,-7.154725551605225,-0.02861890196800232,4.110060214996338,0.5851666927337646,262250
9,1050,250,108.79571533203125,0.4351828694343567,3.891122817993164,0.5847707986831665,262500
9,1051,250,-108.32110595703125,-0.4332844316959381,3.6864805221557617,0.5843750238418579,262750
9,1052,250,-93.33403778076172,-0.37333613634109497,3.628492593765259,0.5839791297912598,263000
9,1053,250,-22.133098602294922,-0.08853239566087723,4.133101940155029,0.5835833549499512,263250
9,1054,250,-52.460044860839844,-0.20984017848968506,3.9135189056396484,0.5831875205039978,263500
9,1055,250,-28.908212661743164,-0.11563284695148468,3.744680404663086,0.5827916860580444,263750
9,1056,250,-22.81165885925293,-0.09124663472175598,3.6724233627319336,0.5823958516120911,264000
9,1057,250,-105.3291244506836,-0.4213165044784546,4.3784050941467285,0.5820000171661377,264250
9,1058,250,-16.247705459594727,-0.0649908185005188,4.002190589904785,0.5816041827201843,264500
9,1059,250,-52.390113830566406,-0.20956045389175415,3.802389621734619,0.581208348274231,264750
9,1060,250,-88.65168762207031,-0.3546067476272583,3.768465042114258,0.5808125138282776,265000
9,1061,250,-56.98095703125,-0.22792382538318634,4.406519412994385,0.5804166793823242,265250
9,1062,250,-78.2459945678711,-0.31298398971557617,4.069769382476807,0.5800208449363708,265500
9,1063,250,-41.840599060058594,-0.16736239194869995,4.017043590545654,0.5796250104904175,265750
9,1064,250,27.814184188842773,0.11125673353672028,3.843120813369751,0.5792291760444641,266000
9,1065,250,-93.64068603515625,-0.37456274032592773,4.493414878845215,0.5788333415985107,266250
9,1066,250,-4.818989276885986,-0.019275957718491554,4.202073574066162,0.5784375071525574,266500
9,1067,250,-42.69925308227539,-0.17079700529575348,4.0415754318237305,0.578041672706604,266750
9,1068,250,-75.11359405517578,-0.30045437812805176,3.913663387298584,0.5776458382606506,267000
9,1069,250,10.499757766723633,0.041999030858278275,4.7379021644592285,0.5772500038146973,267250
9,1070,250,-58.0753173828125,-0.232301265001297,4.225244998931885,0.5768541693687439,267500
9,1071,250,11.260993003845215,0.04504397138953209,4.010903358459473,0.5764583349227905,267750
9,1072,250,-75.48906707763672,-0.30195626616477966,3.8478128910064697,0.5760625004768372,268000
9,1073,250,-99.44398498535156,-0.39777594804763794,4.462460994720459,0.5756666660308838,268250
9,1074,250,-22.84025001525879,-0.09136100113391876,3.863175392150879,0.5752708911895752,268500
9,1075,250,-34.18395233154297,-0.13673581182956696,3.709723472595215,0.574874997138977,268750
9,1076,250,74.15950012207031,0.29663801193237305,3.5767602920532227,0.5744792222976685,269000
9,1077,250,-69.3705062866211,-0.2774820327758789,4.298872947692871,0.5740833282470703,269250
9,1078,250,-88.15782928466797,-0.3526313304901123,3.7662975788116455,0.5736875534057617,269500
9,1079,250,-27.680784225463867,-0.11072313785552979,3.550640106201172,0.5732916593551636,269750
9,1080,250,-64.43710327148438,-0.25774842500686646,3.4275166988372803,0.572895884513855,270000
9,1081,250,-85.21209716796875,-0.3408483862876892,4.158241271972656,0.5724999904632568,270250
9,1082,250,-99.20121002197266,-0.3968048393726349,3.7919819355010986,0.5721042156219482,270500
9,1083,250,-164.9781494140625,-0.6599125862121582,3.69533109664917,0.5717083215713501,270750
9,1084,250,-182.03587341308594,-0.7281435132026672,3.5682790279388428,0.5713125467300415,271000
9,1085,250,-1.2842376232147217,-0.00513695040717721,4.12729024887085,0.5709166526794434,271250
9,1086,250,-68.46968841552734,-0.2738787531852722,3.721350908279419,0.5705208778381348,271500
9,1087,250,25.28984260559082,0.10115937143564224,3.602522611618042,0.5701249837875366,271750
9,1088,250,-110.80281829833984,-0.44321128726005554,3.4886279106140137,0.569729208946228,272000
9,1089,250,-126.63518524169922,-0.5065407156944275,4.21611213684082,0.5693333148956299,272250
9,1090,250,-98.09750366210938,-0.39239001274108887,3.7627782821655273,0.5689374804496765,272500
9,1091,250,54.21762466430664,0.2168705016374588,3.69836163520813,0.5685416460037231,272750
9,1092,250,27.340919494628906,0.10936367511749268,3.5619099140167236,0.5681458115577698,273000
9,1093,250,-326.4360046386719,-1.3057440519332886,4.133265972137451,0.5677499771118164,273250
9,1094,250,-264.0516357421875,-1.0562065839767456,3.7771239280700684,0.5673542022705078,273500
9,1095,250,-188.1429443359375,-0.7525717616081238,3.668903112411499,0.5669583082199097,273750
9,1096,250,-238.90115356445312,-0.955604612827301,3.5279171466827393,0.5665625333786011,274000
9,1097,250,-421.3334655761719,-1.6853338479995728,4.107529163360596,0.5661666393280029,274250
9,1098,250,-27.502574920654297,-0.1100102961063385,3.5918569564819336,0.5657708644866943,274500
9,1099,250,-58.25802993774414,-0.23303212225437164,3.498157501220703,0.5653749704360962,274750
9,1100,250,-267.24102783203125,-1.0689641237258911,3.4803006649017334,0.5649791955947876,275000
9,1101,250,-448.514892578125,-1.7940595149993896,4.218318462371826,0.5645833015441895,275250
9,1102,250,8.880956649780273,0.035523828119039536,3.577754497528076,0.5641875267028809,275500
9,1103,250,-94.25849914550781,-0.3770340085029602,3.5086238384246826,0.5637916326522827,275750
9,1104,250,-217.5537567138672,-0.8702149987220764,3.453061580657959,0.5633958578109741,276000
9,1105,250,-74.71481323242188,-0.29885923862457275,4.420711040496826,0.562999963760376,276250
9,1106,250,47.27724838256836,0.18910899758338928,3.945936441421509,0.5626041889190674,276500
9,1107,250,-64.3441390991211,-0.2573765516281128,3.591331958770752,0.5622082948684692,276750
9,1108,250,-189.5162353515625,-0.7580649256706238,3.498535394668579,0.5618125200271606,277000
9,1109,250,-147.33453369140625,-0.5893381237983704,4.536411285400391,0.5614166259765625,277250
9,1110,250,-400.38946533203125,-1.6015578508377075,4.058189392089844,0.5610208511352539,277500
9,1111,250,-99.15707397460938,-0.3966282904148102,3.8182599544525146,0.5606249570846558,277750
9,1112,250,-400.8341064453125,-1.6033364534378052,3.633970022201538,0.5602291822433472,278000
9,1113,250,-30.68508529663086,-0.12274034321308136,4.596882343292236,0.5598333477973938,278250
9,1114,250,-178.38082885742188,-0.7135233283042908,4.253529071807861,0.5594375133514404,278500
9,1115,250,-73.9469985961914,-0.2957879900932312,4.021581649780273,0.5590416789054871,278750
9,1116,250,-162.49057006835938,-0.649962306022644,3.6306285858154297,0.5586458444595337,279000
9,1117,250,-235.07843017578125,-0.9403136968612671,4.725822448730469,0.5582500100135803,279250
9,1118,250,-169.49685668945312,-0.6779874563217163,4.206116676330566,0.557854175567627,279500
9,1119,250,-54.41641616821289,-0.2176656574010849,3.9812989234924316,0.5574583411216736,279750
9,1120,250,-27.674236297607422,-0.110696941614151,3.5692434310913086,0.5570625066757202,280000
9,1121,250,140.0503387451172,0.5602013468742371,4.76066255569458,0.5566666722297668,280250
9,1122,250,-23.38800811767578,-0.09355203062295914,4.178366661071777,0.5562708377838135,280500
9,1123,250,-129.48594665527344,-0.517943799495697,4.08299446105957,0.5558750033378601,280750
9,1124,250,-86.05955505371094,-0.3442382216453552,3.6725268363952637,0.5554791688919067,281000
9,1125,250,-99.77501678466797,-0.39910006523132324,4.877011775970459,0.5550833344459534,281250
9,1126,250,-46.52346420288086,-0.18609385192394257,4.3677873611450195,0.5546875,281500
9,1127,250,-65.72451782226562,-0.2628980576992035,4.13738489151001,0.5542916655540466,281750
9,1128,250,-164.3041229248047,-0.657216489315033,3.928819417953491,0.5538958311080933,282000
9,1129,250,-92.7363052368164,-0.3709452152252197,5.206169605255127,0.5534999966621399,282250
9,1130,250,-104.88457489013672,-0.419538289308548,4.503317832946777,0.5531041622161865,282500
9,1131,250,-15.32384204864502,-0.061295367777347565,4.30491304397583,0.5527083277702332,282750
9,1132,250,-31.214746475219727,-0.12485898286104202,3.9289236068725586,0.5523124933242798,283000
9,1133,250,-65.20475769042969,-0.2608190178871155,5.284902572631836,0.5519167184829712,283250
9,1134,250,4.519031524658203,0.018076125532388687,4.5738677978515625,0.551520824432373,283500
9,1135,250,-69.15670776367188,-0.2766268253326416,4.285871982574463,0.5511250495910645,283750
9,1136,250,-63.396697998046875,-0.2535867989063263,4.30302095413208,0.5507291555404663,284000
9,1137,250,-18.538875579833984,-0.07415550202131271,5.624355316162109,0.5503333806991577,284250
9,1138,250,-65.59526824951172,-0.26238107681274414,4.9181437492370605,0.5499374866485596,284500
9,1139,250,-28.175451278686523,-0.11270180344581604,4.737969875335693,0.549541711807251,284750
9,1140,250,65.15479278564453,0.2606191635131836,4.429559230804443,0.5491458177566528,285000
9,1141,250,-114.49168395996094,-0.45796674489974976,5.456332683563232,0.5487500429153442,285250
9,1142,250,-85.22535705566406,-0.3409014344215393,4.939392566680908,0.5483541488647461,285500
9,1143,250,72.69158935546875,0.2907663583755493,4.6692986488342285,0.5479583740234375,285750
9,1144,250,-64.50298309326172,-0.25801193714141846,4.4212327003479,0.5475624799728394,286000
9,1145,250,-60.77299880981445,-0.24309200048446655,5.443204879760742,0.5471667051315308,286250
9,1146,250,-91.34276580810547,-0.36537104845046997,4.9185709953308105,0.5467708110809326,286500
9,1147,250,-30.114940643310547,-0.12045976519584656,4.481693744659424,0.546375036239624,286750
9,1148,250,28.041345596313477,0.11216538399457932,4.313948631286621,0.5459791421890259,287000
9,1149,250,-24.670352935791016,-0.09868141263723373,5.21391487121582,0.5455833673477173,287250
9,1150,250,19.813661575317383,0.079254649579525,4.571232795715332,0.5451874732971191,287500
9,1151,250,-5.995179653167725,-0.023980718106031418,4.246457576751709,0.5447916984558105,287750
9,1152,250,-96.08638000488281,-0.38434553146362305,4.109884738922119,0.5443958044052124,288000
9,1153,250,-97.96880340576172,-0.3918752074241638,4.873053550720215,0.5440000295639038,288250
9,1154,250,35.08721160888672,0.14034885168075562,4.327871322631836,0.5436041951179504,288500
9,1155,250,-75.8890151977539,-0.30355605483055115,4.049244403839111,0.5432083606719971,288750
9,1156,250,-166.13291931152344,-0.6645316481590271,3.853724479675293,0.5428125262260437,289000
9,1157,250,-260.5169982910156,-1.0420680046081543,4.829702854156494,0.5424166917800903,289250
9,1158,250,28.9202938079834,0.11568117886781693,4.131466388702393,0.542020857334137,289500
9,1159,250,85.31381225585938,0.341255247592926,3.9424917697906494,0.5416250228881836,289750
9,1160,250,-41.70218276977539,-0.16680872440338135,3.826155185699463,0.5412291884422302,290000
9,1161,250,-45.55681610107422,-0.1822272688150406,4.428577899932861,0.5408333539962769,290250
9,1162,250,38.58439636230469,0.1543375849723816,4.176055908203125,0.5404375195503235,290500
9,1163,250,-68.96739196777344,-0.27586957812309265,3.899604082107544,0.5400416851043701,290750
9,1164,250,-73.4282455444336,-0.2937129735946655,3.640010356903076,0.539645791053772,291000
9,1165,250,-16.46537208557129,-0.06586148589849472,4.489286422729492,0.5392500162124634,291250
9,1166,250,-60.771080017089844,-0.24308432638645172,3.984409809112549,0.5388541221618652,291500
9,1167,250,-9.226712226867676,-0.03690684959292412,3.938629627227783,0.5384583473205566,291750
9,1168,250,-94.98406219482422,-0.37993624806404114,3.689415216445923,0.5380624532699585,292000
9,1169,250,-105.41976165771484,-0.4216790497303009,4.521303653717041,0.5376666784286499,292250
9,1170,250,-52.47608947753906,-0.20990435779094696,4.214376926422119,0.5372707843780518,292500
9,1171,250,-99.68741607666016,-0.3987496495246887,3.952103614807129,0.5368750095367432,292750
9,1172,250,-56.2801513671875,-0.22512060403823853,3.7505786418914795,0.5364791750907898,293000
9,1173,250,-95.18698120117188,-0.38074791431427,4.408177375793457,0.5360833406448364,293250
9,1174,250,-92.34917449951172,-0.3693966865539551,4.1954193115234375,0.5356875061988831,293500
9,1175,250,-100.82978820800781,-0.4033191502094269,3.9288489818573,0.5352916717529297,293750
9,1176,250,-68.30785369873047,-0.2732314169406891,3.6811563968658447,0.5348958373069763,294000
9,1177,250,-482.9723815917969,-1.931889533996582,4.3745646476745605,0.534500002861023,294250
9,1178,250,-223.23992919921875,-0.892959713935852,3.8118131160736084,0.5341041684150696,294500
9,1179,250,-30.256206512451172,-0.12102482467889786,3.7382655143737793,0.5337083339691162,294750
9,1180,250,-120.63030242919922,-0.4825212061405182,3.6938774585723877,0.5333124995231628,295000
9,1181,250,-71.53502655029297,-0.286140114068985,4.42090368270874,0.5329166650772095,295250
9,1182,250,-30.112285614013672,-0.12044914066791534,3.9401438236236572,0.5325208306312561,295500
9,1183,250,-214.37271118164062,-0.8574908375740051,3.6726815700531006,0.5321249961853027,295750
9,1184,250,5.492838382720947,0.021971354261040688,3.62174129486084,0.5317291617393494,296000
9,1185,250,-472.69677734375,-1.890787124633789,4.092807292938232,0.531333327293396,296250
9,1186,250,-47.74641036987305,-0.19098563492298126,3.6639912128448486,0.5309374928474426,296500
9,1187,250,-131.00811767578125,-0.524032473564148,3.4805960655212402,0.5305416584014893,296750
9,1188,250,-271.8860778808594,-1.087544322013855,3.4242825508117676,0.5301458239555359,297000
9,1189,250,-96.51209259033203,-0.3860483765602112,4.116349220275879,0.5297499895095825,297250
9,1190,250,-281.306884765625,-1.1252275705337524,3.6911017894744873,0.5293541550636292,297500
9,1191,250,-42.54709243774414,-0.17018836736679077,3.5096802711486816,0.5289583206176758,297750
9,1192,250,-51.146297454833984,-0.20458519458770752,3.413736581802368,0.5285625457763672,298000
9,1193,250,-65.83707427978516,-0.2633483111858368,4.005126476287842,0.528166651725769,298250
9,1194,250,-313.8419189453125,-1.255367636680603,3.6496775150299072,0.5277708768844604,298500
9,1195,250,-158.03663635253906,-0.6321465373039246,3.476263999938965,0.5273749828338623,298750
9,1196,250,-100.50557708740234,-0.4020223021507263,3.484597682952881,0.5269792079925537,299000
9,1197,250,-195.9617919921875,-0.7838471531867981,4.068620681762695,0.5265833139419556,299250
9,1198,250,160.1112823486328,0.6404451131820679,3.634193181991577,0.526187539100647,299500
9,1199,250,-126.59540557861328,-0.506381630897522,3.448002576828003,0.5257916450500488,299750
9,1200,250,-195.79913330078125,-0.7831965088844299,3.3435115814208984,0.5253958702087402,300000
9,1201,250,-141.40774536132812,-0.5656309723854065,4.14692497253418,0.5249999761581421,300250
9,1202,250,-162.48497009277344,-0.6499398946762085,3.6607296466827393,0.5246041417121887,300500
9,1203,250,-312.9273986816406,-1.2517095804214478,3.440725803375244,0.5242083072662354,300750
9,1204,250,-473.53387451171875,-1.8941354751586914,3.4463257789611816,0.523812472820282,301000
9,1205,250,-417.94720458984375,-1.6717888116836548,3.8789284229278564,0.5234166383743286,301250
9,1206,250,3.4964334964752197,0.013985734432935715,3.563352584838867,0.5230208039283752,301500
9,1207,250,-235.0640106201172,-0.9402560591697693,3.3338382244110107,0.5226249694824219,301750
9,1208,250,-355.7380676269531,-1.4229522943496704,3.317326068878174,0.5222291350364685,302000
9,1209,250,-55.077232360839844,-0.22030892968177795,3.8151965141296387,0.5218333005905151,302250
9,1210,250,-55.059940338134766,-0.2202397584915161,3.533090591430664,0.5214375257492065,302500
9,1211,250,-41.272003173828125,-0.1650880128145218,3.379549264907837,0.5210416913032532,302750
9,1212,250,-81.46293640136719,-0.3258517384529114,3.2248010635375977,0.5206458568572998,303000
9,1213,250,-155.93955993652344,-0.6237582564353943,3.712290048599243,0.5202500224113464,303250
9,1214,250,-128.45172119140625,-0.5138068795204163,3.3927628993988037,0.5198541879653931,303500
9,1215,250,-106.08435821533203,-0.4243374466896057,3.3326833248138428,0.5194583535194397,303750
9,1216,250,-252.15472412109375,-1.008618950843811,3.227318048477173,0.5190625190734863,304000
9,1217,250,-157.15435791015625,-0.6286174058914185,3.580570936203003,0.518666684627533,304250
9,1218,250,-193.57984924316406,-0.7743194103240967,3.4960882663726807,0.5182708501815796,304500
9,1219,250,-448.4007568359375,-1.7936030626296997,3.2881948947906494,0.5178750157356262,304750
9,1220,250,-331.6385498046875,-1.3265541791915894,3.2814879417419434,0.5174791812896729,305000
9,1221,250,-9.518962860107422,-0.038075853139162064,3.6649930477142334,0.5170833468437195,305250
9,1222,250,-107.01744842529297,-0.4280698001384735,3.4643945693969727,0.5166875123977661,305500
9,1223,250,-125.57339477539062,-0.502293586730957,3.3422188758850098,0.5162916779518127,305750
9,1224,250,-19.864442825317383,-0.07945777475833893,3.2254912853240967,0.5158958435058594,306000
9,1225,250,-89.54586029052734,-0.35818344354629517,3.742769241333008,0.515500009059906,306250
9,1226,250,-51.52927017211914,-0.20611707866191864,3.4454758167266846,0.5151041746139526,306500
9,1227,250,-56.9107780456543,-0.22764311730861664,3.404581308364868,0.5147083401679993,306750
9,1228,250,-41.59983825683594,-0.16639935970306396,3.316179037094116,0.5143125057220459,307000
9,1229,250,-75.46174621582031,-0.301846981048584,3.9020540714263916,0.5139166712760925,307250
9,1230,250,-81.32854461669922,-0.32531416416168213,3.6934866905212402,0.5135208368301392,307500
9,1231,250,-41.39296340942383,-0.16557185351848602,3.664663314819336,0.5131250619888306,307750
9,1232,250,-54.45637893676758,-0.2178255170583725,3.4946396350860596,0.5127291679382324,308000
9,1233,250,-83.81832885742188,-0.3352733254432678,4.045929431915283,0.5123333930969238,308250
9,1234,250,-66.24327850341797,-0.26497310400009155,3.879005193710327,0.5119374990463257,308500
9,1235,250,-96.25582122802734,-0.385023295879364,3.645811080932617,0.5115417242050171,308750
9,1236,250,-128.53944396972656,-0.514157772064209,3.5813939571380615,0.511145830154419,309000
9,1237,250,-77.63804626464844,-0.310552179813385,4.0559515953063965,0.5107500553131104,309250
9,1238,250,-38.58853530883789,-0.15435414016246796,3.7224385738372803,0.5103541612625122,309500
9,1239,250,-39.364261627197266,-0.15745705366134644,3.57810115814209,0.5099583864212036,309750
9,1240,250,-76.93081665039062,-0.3077232539653778,3.420657157897949,0.5095624923706055,310000
9,1241,250,34.46218490600586,0.13784873485565186,3.9935436248779297,0.5091667175292969,310250
9,1242,250,-14.550332069396973,-0.05820132791996002,3.6702799797058105,0.5087708234786987,310500
9,1243,250,-41.47190856933594,-0.16588763892650604,3.6204326152801514,0.5083750486373901,310750
9,1244,250,-53.84830856323242,-0.21539323031902313,3.4588897228240967,0.507979154586792,311000
9,1245,250,-68.01329803466797,-0.27205318212509155,3.879709005355835,0.5075833797454834,311250
9,1246,250,-223.05946350097656,-0.8922378420829773,3.530060291290283,0.5071874856948853,311500
9,1247,250,-71.85319519042969,-0.2874127924442291,3.3548498153686523,0.5067917108535767,311750
9,1248,250,-45.08894348144531,-0.18035577237606049,3.336761951446533,0.5063958168029785,312000
9,1249,250,-198.25811767578125,-0.7930324673652649,3.826542377471924,0.5060000419616699,312250
9,1250,250,-160.82716369628906,-0.6433086395263672,3.4420535564422607,0.5056041479110718,312500
9,1251,250,-128.16806030273438,-0.5126722455024719,3.3856825828552246,0.5052083730697632,312750
9,1252,250,-132.3795623779297,-0.5295182466506958,3.176571846008301,0.504812479019165,313000
9,1253,250,-347.4521179199219,-1.3898084163665771,3.9076035022735596,0.5044167041778564,313250
9,1254,250,-314.0476989746094,-1.2561907768249512,3.573951005935669,0.5040208101272583,313500
9,1255,250,-208.8497772216797,-0.8353990912437439,3.3770127296447754,0.5036250352859497,313750
9,1256,250,-453.29473876953125,-1.8131788969039917,3.1812596321105957,0.5032291412353516,314000
9,1257,250,-69.87288665771484,-0.2794915437698364,4.116600036621094,0.502833366394043,314250
9,1258,250,-97.06804656982422,-0.3882721960544586,3.729184865951538,0.5024374723434448,314500
9,1259,250,-42.89939880371094,-0.17159759998321533,3.5206639766693115,0.5020416975021362,314750
9,1260,250,-187.96437072753906,-0.7518574595451355,3.380350112915039,0.5016458034515381,315000
9,1261,250,-173.83262634277344,-0.6953305006027222,4.039555072784424,0.5012500286102295,315250
9,1262,250,-451.0263671875,-1.804105520248413,3.725290060043335,0.5008541345596313,315500
9,1263,250,-24.104671478271484,-0.09641868621110916,3.670290470123291,0.5004583597183228,315750
9,1264,250,-471.4996032714844,-1.8859983682632446,3.388335704803467,0.5000624656677246,316000
9,1265,250,-212.77621459960938,-0.8511048555374146,4.021416664123535,0.499666690826416,316250
9,1266,250,86.63672637939453,0.3465469181537628,3.6569342613220215,0.49927085638046265,316500
9,1267,250,-29.85108184814453,-0.11940433084964752,3.652426242828369,0.4988750219345093,316750
9,1268,250,-482.83563232421875,-1.9313424825668335,3.489159345626831,0.4984791874885559,317000
9,1269,250,-19.56013298034668,-0.0782405287027359,4.162614822387695,0.49808335304260254,317250
9,1270,250,-136.49546813964844,-0.5459818840026855,3.783761978149414,0.49768751859664917,317500
9,1271,250,-421.3975830078125,-1.685590386390686,3.6589112281799316,0.4972916841506958,317750
9,1272,250,-378.5258483886719,-1.5141034126281738,3.545316219329834,0.49689584970474243,318000
9,1273,250,-59.47688293457031,-0.2379075288772583,4.12270450592041,0.49650001525878906,318250
9,1274,250,-88.3419418334961,-0.35336777567863464,3.744781255722046,0.4961041808128357,318500
9,1275,250,-161.62757873535156,-0.6465103030204773,3.6853764057159424,0.4957083463668823,318750
9,1276,250,-383.0694580078125,-1.5322778224945068,3.5816233158111572,0.49531251192092896,319000
9,1277,250,-80.6307144165039,-0.3225228488445282,3.966606855392456,0.4949166178703308,319250
9,1278,250,-60.59757995605469,-0.24239031970500946,3.6381592750549316,0.4945208430290222,319500
9,1279,250,-35.140472412109375,-0.14056189358234406,3.565805435180664,0.49412500858306885,319750
9,1280,250,-55.22222137451172,-0.2208888828754425,3.4175615310668945,0.4937291741371155,320000
9,1281,250,-162.76815795898438,-0.65107262134552,3.781994104385376,0.4933333396911621,320250
9,1282,250,-154.6884002685547,-0.6187536120414734,3.5896737575531006,0.49293750524520874,320500
9,1283,250,-250.61386108398438,-1.002455472946167,3.4326508045196533,0.49254167079925537,320750
9,1284,250,86.21831512451172,0.34487324953079224,3.3799595832824707,0.492145836353302,321000
9,1285,250,-130.41458129882812,-0.5216583013534546,3.676896572113037,0.49175000190734863,321250
9,1286,250,-13.45943832397461,-0.05383775383234024,3.277217149734497,0.49135416746139526,321500
9,1287,250,-106.02499389648438,-0.42409998178482056,3.1944363117218018,0.4909583330154419,321750
9,1288,250,-50.69456481933594,-0.20277826488018036,3.2405896186828613,0.4905624985694885,322000
9,1289,250,-54.588417053222656,-0.21835367381572723,3.558128833770752,0.49016666412353516,322250
9,1290,250,-130.00503540039062,-0.5200201272964478,3.1233277320861816,0.4897708296775818,322500
9,1291,250,-11.883976936340332,-0.04753590747714043,3.06925368309021,0.4893749952316284,322750
9,1292,250,-90.87146759033203,-0.3634858727455139,3.0843710899353027,0.48897916078567505,323000
9,1293,250,-90.49024963378906,-0.3619610071182251,3.455639123916626,0.4885833263397217,323250
9,1294,250,-47.01948547363281,-0.18807794153690338,3.1199004650115967,0.4881874918937683,323500
9,1295,250,-23.479259490966797,-0.09391703456640244,2.992299795150757,0.48779165744781494,323750
9,1296,250,-15.368239402770996,-0.06147295609116554,2.9988794326782227,0.4873958230018616,324000
9,1297,250,0.1932356357574463,0.0007729425560683012,3.5561180114746094,0.4869999885559082,324250
9,1298,250,41.52012634277344,0.166080504655838,3.3121442794799805,0.48660415410995483,324500
9,1299,250,-53.28390884399414,-0.21313562989234924,3.0054030418395996,0.48620831966400146,324750
9,1300,250,-89.68856048583984,-0.3587542474269867,2.9363884925842285,0.48581254482269287,325000
9,1301,250,-31.096193313598633,-0.12438477575778961,3.7655532360076904,0.4854166507720947,325250
9,1302,250,-36.367427825927734,-0.14546971023082733,3.29583477973938,0.48502087593078613,325500
9,1303,250,-62.1472282409668,-0.2485889196395874,3.092853307723999,0.484624981880188,325750
9,1304,250,-75.10049438476562,-0.3004019856452942,2.960073947906494,0.4842292070388794,326000
9,1305,250,-18.093950271606445,-0.07237580418586731,3.800244092941284,0.48383331298828125,326250
9,1306,250,-23.162715911865234,-0.09265086054801941,3.3784756660461426,0.48343753814697266,326500
9,1307,250,-82.07588958740234,-0.3283035457134247,3.0653035640716553,0.4830416440963745,326750
9,1308,250,-39.317527770996094,-0.15727010369300842,3.075519323348999,0.4826458692550659,327000
9,1309,250,-101.42726135253906,-0.40570905804634094,3.9455020427703857,0.4822499752044678,327250
9,1310,250,-70.73377227783203,-0.28293508291244507,3.4677727222442627,0.4818542003631592,327500
9,1311,250,-29.71553611755371,-0.11886214464902878,3.361098527908325,0.48145830631256104,327750
9,1312,250,-90.58545684814453,-0.36234182119369507,3.1864840984344482,0.48106253147125244,328000
9,1313,250,-55.299076080322266,-0.22119630873203278,3.8452794551849365,0.4806666374206543,328250
9,1314,250,22.0748291015625,0.08829931914806366,3.4496021270751953,0.4802708625793457,328500
9,1315,250,-31.94883155822754,-0.12779532372951508,3.400076150894165,0.47987496852874756,328750
9,1316,250,-30.734397888183594,-0.12293758988380432,3.296804189682007,0.47947919368743896,329000
9,1317,250,-25.250473022460938,-0.10100188851356506,4.041398048400879,0.4790832996368408,329250
9,1318,250,-50.20319747924805,-0.20081278681755066,3.5925118923187256,0.4786875247955322,329500
9,1319,250,-84.48528289794922,-0.33794113993644714,3.5141971111297607,0.47829169034957886,329750
9,1320,250,2.736555576324463,0.010946222580969334,3.367968797683716,0.4778958559036255,330000
9,1321,250,-88.36502075195312,-0.35346007347106934,4.115761756896973,0.4775000214576721,330250
9,1322,250,-82.16349029541016,-0.3286539614200592,3.769357681274414,0.47710418701171875,330500
9,1323,250,-58.95633316040039,-0.2358253300189972,3.5379631519317627,0.4767083525657654,330750
9,1324,250,-88.76322174072266,-0.3550528883934021,3.3660216331481934,0.476312518119812,331000
9,1325,250,44.45838165283203,0.17783352732658386,4.146162986755371,0.47591668367385864,331250
9,1326,250,26.5349063873291,0.10613962262868881,3.7236645221710205,0.4755208492279053,331500
9,1327,250,-14.257278442382812,-0.0570291131734848,3.446133613586426,0.4751250147819519,331750
9,1328,250,12.114740371704102,0.04845895990729332,3.3280489444732666,0.47472918033599854,332000
9,1329,250,28.063947677612305,0.11225578933954239,4.181249141693115,0.47433334589004517,332250
9,1330,250,53.63496017456055,0.21453984081745148,3.7629523277282715,0.4739375114440918,332500
9,1331,250,-103.5850601196289,-0.41434022784233093,3.58827543258667,0.4735416769981384,332750
9,1332,250,-77.0640640258789,-0.30825626850128174,3.411947727203369,0.47314584255218506,333000
9,1333,250,58.56401443481445,0.2342560589313507,4.204963684082031,0.4727500081062317,333250
9,1334,250,71.97358703613281,0.2878943383693695,3.70719838142395,0.4723541736602783,333500
9,1335,250,31.649478912353516,0.12659791111946106,3.7481651306152344,0.47195833921432495,333750
9,1336,250,5.163581848144531,0.020654328167438507,3.6345934867858887,0.4715625047683716,334000
9,1337,250,-35.55362319946289,-0.14221449196338654,4.215718746185303,0.4711666703224182,334250
9,1338,250,10.990106582641602,0.04396042600274086,3.7953238487243652,0.47077083587646484,334500
9,1339,250,221.22044372558594,0.8848817944526672,3.5754547119140625,0.4703750014305115,334750
9,1340,250,56.39876174926758,0.22559504210948944,3.567683219909668,0.4699792265892029,335000
9,1341,250,-9.394941329956055,-0.03757976368069649,3.7637174129486084,0.46958333253860474,335250
9,1342,250,-73.40609741210938,-0.2936244010925293,3.4861810207366943,0.46918755769729614,335500
9,1343,250,-9.10090446472168,-0.03640361875295639,3.3865556716918945,0.468791663646698,335750
9,1344,250,278.7135314941406,1.114854097366333,3.448962450027466,0.4683958888053894,336000
9,1345,250,-74.90145111083984,-0.2996058166027069,3.587888717651367,0.46799999475479126,336250
9,1346,250,-5.310723304748535,-0.021242892369627953,3.3675785064697266,0.46760421991348267,336500
9,1347,250,22.69549560546875,0.09078197926282883,3.139343023300171,0.4672083258628845,336750
9,1348,250,-77.91838836669922,-0.3116735517978668,3.035240888595581,0.4668125510215759,337000
9,1349,250,48.41423034667969,0.19365692138671875,3.397209405899048,0.4664166569709778,337250
9,1350,250,133.87353515625,0.5354941487312317,3.010411024093628,0.4660208821296692,337500
9,1351,250,16.521825790405273,0.06608730554580688,2.9532036781311035,0.46562498807907104,337750
9,1352,250,-31.637901306152344,-0.12655159831047058,2.8271543979644775,0.4652291536331177,338000
9,1353,250,56.36488342285156,0.2254595309495926,3.175395965576172,0.4648333191871643,338250
9,1354,250,43.6509895324707,0.17460395395755768,2.8845741748809814,0.46443748474121094,338500
9,1355,250,23.042301177978516,0.09216920286417007,2.7331905364990234,0.46404165029525757,338750
9,1356,250,29.54254913330078,0.11817019432783127,2.697350025177002,0.4636458158493042,339000
9,1357,250,2.5889270305633545,0.010355708189308643,3.073204278945923,0.46324998140335083,339250
9,1358,250,35.383975982666016,0.1415359079837799,2.90169358253479,0.46285414695739746,339500
9,1359,250,15.642281532287598,0.06256912648677826,2.745161533355713,0.46245837211608887,339750
9,1360,250,5.9374165534973145,0.023749666288495064,2.6603755950927734,0.4620624780654907,340000
9,1361,250,-80.9990234375,-0.32399609684944153,3.0535435676574707,0.46166670322418213,340250
9,1362,250,5.028144359588623,0.020112577825784683,2.7647323608398438,0.461270809173584,340500
9,1363,250,8.74458122253418,0.03497832641005516,2.656031608581543,0.4608750343322754,340750
9,1364,250,-85.89173889160156,-0.3435669541358948,2.475857734680176,0.46047914028167725,341000
9,1365,250,0.6236159801483154,0.0024944639299064875,2.966815233230591,0.46008336544036865,341250
9,1366,250,-31.947153091430664,-0.12778861820697784,2.6426525115966797,0.4596874713897705,341500
9,1367,250,2.0118184089660645,0.008047273382544518,2.473877429962158,0.4592916965484619,341750
9,1368,250,36.42635726928711,0.1457054316997528,2.464230537414551,0.45889580249786377,342000
9,1369,250,71.28705596923828,0.2851482331752777,2.9382448196411133,0.4585000276565552,342250
9,1370,250,-0.0382997989654541,-0.00015319920203182846,2.7949016094207764,0.45810413360595703,342500
9,1371,250,-1.0148277282714844,-0.004059311002492905,2.655864953994751,0.45770835876464844,342750
9,1372,250,-45.14377212524414,-0.18057508766651154,2.589693784713745,0.4573124647140503,343000
9,1373,250,-15.524190902709961,-0.06209676340222359,2.8913402557373047,0.4569166898727417,343250
9,1374,250,45.13432312011719,0.18053729832172394,2.7425150871276855,0.45652079582214355,343500
9,1375,250,241.67803955078125,0.9667121767997742,2.7029006481170654,0.45612502098083496,343750
9,1376,250,-37.1102294921875,-0.1484409123659134,2.6967146396636963,0.4557291269302368,344000
9,1377,250,-39.40618896484375,-0.157624751329422,2.8534843921661377,0.4553333520889282,344250
9,1378,250,36.31096267700195,0.14524385333061218,2.6842856407165527,0.45493751764297485,344500
9,1379,250,29.59174919128418,0.11836699396371841,2.634521722793579,0.4545416831970215,344750
9,1380,250,-31.667648315429688,-0.12667059898376465,2.6352035999298096,0.4541458487510681,345000
9,1381,250,56.685462951660156,0.22674185037612915,2.9178526401519775,0.45375001430511475,345250
9,1382,250,86.04698944091797,0.3441879451274872,2.6947128772735596,0.4533541798591614,345500
9,1383,250,46.10752487182617,0.1844300925731659,2.7320945262908936,0.452958345413208,345750
9,1384,250,18.189533233642578,0.07275813072919846,2.710927963256836,0.45256251096725464,346000
9,1385,250,27.81292724609375,0.11125171184539795,2.899573564529419,0.45216667652130127,346250
9,1386,250,46.257171630859375,0.18502868711948395,2.626258611679077,0.4517708420753479,346500
9,1387,250,60.38292694091797,0.24153171479701996,2.497945785522461,0.45137500762939453,346750
9,1388,250,-27.898344039916992,-0.11159337311983109,2.4460089206695557,0.45097917318344116,347000
9,1389,250,12.214016914367676,0.04885606840252876,2.76277232170105,0.4505833387374878,347250
9,1390,250,10.793497085571289,0.04317398741841316,2.5294485092163086,0.4501875042915344,347500
9,1391,250,43.33324432373047,0.17333297431468964,2.4066920280456543,0.44979166984558105,347750
9,1392,250,18.74102783203125,0.07496411353349686,2.381237745285034,0.4493958353996277,348000
9,1393,250,11.052206993103027,0.0442088283598423,2.9718234539031982,0.4490000009536743,348250
9,1394,250,132.33425903320312,0.5293370485305786,2.7783753871917725,0.44860416650772095,348500
9,1395,250,-3.5535292625427246,-0.01421411707997322,2.5730745792388916,0.4482083320617676,348750
9,1396,250,7.715007781982422,0.03086003102362156,2.565291404724121,0.4478124976158142,349000
9,1397,250,6.595798492431641,0.02638319320976734,3.0602755546569824,0.44741666316986084,349250
9,1398,250,-51.98381805419922,-0.20793527364730835,2.7978546619415283,0.44702082872390747,349500
9,1399,250,57.38616180419922,0.22954465448856354,2.726541042327881,0.4466250538825989,349750
9,1400,250,146.4713134765625,0.585885226726532,2.647099256515503,0.44622915983200073,350000
9,1401,250,-36.99248504638672,-0.14796994626522064,3.0838589668273926,0.44583338499069214,350250
9,1402,250,-2.814845561981201,-0.011259382590651512,2.911083698272705,0.445437490940094,350500
9,1403,250,41.725860595703125,0.16690343618392944,2.8256821632385254,0.4450417160987854,350750
9,1404,250,-13.20345687866211,-0.052813827991485596,2.6574954986572266,0.44464582204818726,351000
9,1405,250,22.937721252441406,0.09175088256597519,3.2002549171447754,0.44425004720687866,351250
9,1406,250,18.04548454284668,0.07218194007873535,3.013018846511841,0.4438541531562805,351500
9,1407,250,50.65753936767578,0.2026301622390747,2.9302799701690674,0.4434583783149719,351750
9,1408,250,38.208160400390625,0.15283264219760895,2.8102900981903076,0.4430624842643738,352000
9,1409,250,18.70252227783203,0.07481008768081665,2.985758066177368,0.4426667094230652,352250
9,1410,250,241.79983520507812,0.9671993255615234,2.743171215057373,0.44227081537246704,352500
9,1411,250,37.45460510253906,0.14981842041015625,2.6880548000335693,0.44187504053115845,352750
9,1412,250,-0.23492956161499023,-0.0009397182730026543,2.6668312549591064,0.4414791464805603,353000
9,1413,250,32.27121353149414,0.12908485531806946,2.927804946899414,0.4410833716392517,353250
9,1414,250,50.90602111816406,0.20362408459186554,2.6917784214019775,0.44068747758865356,353500
9,1415,250,63.3880500793457,0.2535521984100342,2.594318151473999,0.44029170274734497,353750
9,1416,250,116.44096374511719,0.4657638669013977,2.4986941814422607,0.4398958086967468,354000
9,1417,250,90.88367462158203,0.36353468894958496,2.7310516834259033,0.43950003385543823,354250
9,1418,250,56.8770866394043,0.22750835120677948,2.6096603870391846,0.43910419940948486,354500
9,1419,250,29.163951873779297,0.11665580421686172,2.431867837905884,0.4387083649635315,354750
9,1420,250,132.7107391357422,0.5308429598808289,2.4060351848602295,0.4383125305175781,355000
9,1421,250,147.27972412109375,0.5891188979148865,2.6298131942749023,0.43791669607162476,355250
9,1422,250,25.7856388092041,0.10314255207777023,2.478045701980591,0.4375208616256714,355500
9,1423,250,25.520254135131836,0.10208101570606232,2.4344446659088135,0.437125027179718,355750
9,1424,250,90.49797058105469,0.36199188232421875,2.500204563140869,0.43672919273376465,356000
9,1425,250,119.98174285888672,0.4799269735813141,2.558443069458008,0.4363333582878113,356250
9,1426,250,154.92901611328125,0.6197160482406616,2.4865643978118896,0.4359375238418579,356500
9,1427,250,87.4086685180664,0.34963467717170715,2.339688539505005,0.43554162979125977,356750
9,1428,250,83.23591613769531,0.3329436779022217,2.4296436309814453,0.43514585494995117,357000
9,1429,250,141.4541015625,0.5658164024353027,2.5296905040740967,0.434749960899353,357250
9,1430,250,40.54292678833008,0.16217170655727386,2.3715929985046387,0.43435418605804443,357500
9,1431,250,45.93573760986328,0.183742955327034,2.4020838737487793,0.4339582920074463,357750
9,1432,250,22.21002197265625,0.08884008973836899,2.35660719871521,0.4335625171661377,358000
9,1433,250,84.77167510986328,0.33908671140670776,2.591609239578247,0.43316662311553955,358250
9,1434,250,169.11656188964844,0.6764662265777588,2.50337553024292,0.43277084827423096,358500
9,1435,250,126.75020599365234,0.5070008039474487,2.3831915855407715,0.4323749542236328,358750
9,1436,250,97.58123779296875,0.3903249502182007,2.4715962409973145,0.4319791793823242,359000
9,1437,250,-66.7877197265625,-0.26715087890625,2.563300609588623,0.43158334493637085,359250
9,1438,250,8.929271697998047,0.035717085003852844,2.4042863845825195,0.4311875104904175,359500
9,1439,250,-14.169515609741211,-0.05667806416749954,2.4146671295166016,0.4307916760444641,359750
9,1440,250,-27.07512092590332,-0.10830048471689224,2.3709523677825928,0.43039584159851074,360000
9,1441,250,-76.98087310791016,-0.30792349576950073,2.622767925262451,0.4300000071525574,360250
9,1442,250,-72.79569244384766,-0.2911827564239502,2.60752010345459,0.429604172706604,360500
9,1443,250,-69.178955078125,-0.27671581506729126,2.484294891357422,0.42920833826065063,360750
9,1444,250,-61.58926773071289,-0.24635706841945648,2.4752261638641357,0.42881250381469727,361000
9,1445,250,-5.424338340759277,-0.021697353571653366,2.9074196815490723,0.4284166693687439,361250
9,1446,250,173.1476593017578,0.6925906538963318,2.7712883949279785,0.4280208349227905,361500
9,1447,250,11.090868949890137,0.04436347633600235,2.6606605052948,0.42762500047683716,361750
9,1448,250,-7.690708637237549,-0.03076283447444439,2.664138078689575,0.4272291660308838,362000
9,1449,250,-5.846556663513184,-0.02338622696697712,3.0509088039398193,0.4268333315849304,362250
9,1450,250,13.668693542480469,0.054674774408340454,2.8613266944885254,0.42643749713897705,362500
9,1451,250,-25.447185516357422,-0.10178874433040619,2.7315869331359863,0.4260416626930237,362750
9,1452,250,-9.906539916992188,-0.03962615877389908,2.680576801300049,0.4256458282470703,363000
9,1453,250,14.90842056274414,0.059633683413267136,3.167168140411377,0.42524999380111694,363250
9,1454,250,1.900574803352356,0.007602299097925425,3.1407346725463867,0.4248541593551636,363500
9,1455,250,38.126014709472656,0.1525040566921234,2.905499219894409,0.4244583249092102,363750
9,1456,250,-14.661993980407715,-0.05864797532558441,2.8848910331726074,0.42406249046325684,364000
9,1457,250,-0.08094906806945801,-0.00032379626645706594,3.3968634605407715,0.42366665601730347,364250
9,1458,250,30.36008071899414,0.12144032120704651,3.0840978622436523,0.4232708811759949,364500
9,1459,250,9.147112846374512,0.03658845275640488,2.9929161071777344,0.42287498712539673,364750
9,1460,250,-19.958219528198242,-0.07983288168907166,2.842531681060791,0.42247921228408813,365000
9,1461,250,-8.282127380371094,-0.033128511160612106,3.4098894596099854,0.42208331823349,365250
9,1462,250,-13.831003189086914,-0.0553240142762661,3.138075590133667,0.4216875433921814,365500
9,1463,250,13.345937728881836,0.05338375270366669,2.7814507484436035,0.42129164934158325,365750
9,1464,250,-27.635725021362305,-0.1105429008603096,2.7577505111694336,0.42089587450027466,366000
9,1465,250,24.134572982788086,0.09653829038143158,3.0542521476745605,0.4204999804496765,366250
9,1466,250,-35.69643020629883,-0.14278572797775269,2.5335159301757812,0.4201042056083679,366500
9,1467,250,-7.860199928283691,-0.031440798193216324,2.2460978031158447,0.4197083115577698,366750
9,1468,250,7.500116348266602,0.030000464990735054,2.1000912189483643,0.4193125367164612,367000
9,1469,250,4.704067707061768,0.0188162699341774,3.0653514862060547,0.41891664266586304,367250
9,1470,250,177.38890075683594,0.7095556259155273,2.5381510257720947,0.41852086782455444,367500
9,1471,250,-20.599185943603516,-0.0823967456817627,2.1860239505767822,0.4181249737739563,367750
9,1472,250,3.4203147888183594,0.013681259006261826,2.117396831512451,0.4177291989326477,368000
9,1473,250,19.923582077026367,0.07969433069229126,3.085980176925659,0.41733330488204956,368250
9,1474,250,-50.33917236328125,-0.2013566941022873,2.494833469390869,0.41693753004074097,368500
9,1475,250,-24.666860580444336,-0.0986674427986145,2.3710880279541016,0.4165416359901428,368750
9,1476,250,2.979724407196045,0.011918897740542889,2.229033946990967,0.41614586114883423,369000
9,1477,250,-41.98981857299805,-0.1679592728614807,3.087822437286377,0.41575002670288086,369250
9,1478,250,-17.45944595336914,-0.069837786257267,2.521540880203247,0.4153541922569275,369500
9,1479,250,-1.381027340888977,-0.005524109583348036,2.2983593940734863,0.4149583578109741,369750
9,1480,250,179.8482666015625,0.7193930745124817,2.190336227416992,0.41456252336502075,370000
9,1481,250,-59.80831527709961,-0.23923325538635254,3.0308802127838135,0.4141666889190674,370250
9,1482,250,43.10106658935547,0.17240425944328308,2.696352481842041,0.413770854473114,370500
9,1483,250,117.02320861816406,0.46809282898902893,2.6375532150268555,0.41337502002716064,370750
9,1484,250,-65.70437622070312,-0.26281750202178955,2.5429415702819824,0.4129791855812073,371000
9,1485,250,18.636072158813477,0.07454428821802139,3.0342893600463867,0.4125833511352539,371250
9,1486,250,75.87129974365234,0.3034851849079132,2.8440101146698,0.41218751668930054,371500
9,1487,250,24.122398376464844,0.09648959338665009,2.6946969032287598,0.41179168224334717,371750
9,1488,250,101.71305847167969,0.40685224533081055,2.5849132537841797,0.4113958477973938,372000
9,1489,250,23.377649307250977,0.09351059794425964,3.006930112838745,0.41100001335144043,372250
9,1490,250,69.38627624511719,0.27754509449005127,2.7819535732269287,0.41060417890548706,372500
9,1491,250,92.71018981933594,0.37084075808525085,2.6471493244171143,0.4102083444595337,372750
9,1492,250,-31.715959548950195,-0.12686383724212646,2.6435396671295166,0.4098125100135803,373000
9,1493,250,-11.307842254638672,-0.04523136839270592,3.0032525062561035,0.40941667556762695,373250
9,1494,250,-23.199954986572266,-0.09279982000589371,2.662933826446533,0.4090208411216736,373500
9,1495,250,239.52346801757812,0.9580938816070557,2.5271120071411133,0.4086250066757202,373750
9,1496,250,24.112545013427734,0.09645017981529236,2.562839984893799,0.40822917222976685,374000
9,1497,250,24.838115692138672,0.09935246407985687,2.9944515228271484,0.4078333377838135,374250
9,1498,250,37.6107292175293,0.1504429131746292,2.7545228004455566,0.4074375629425049,374500
9,1499,250,78.45211791992188,0.31380847096443176,2.582908868789673,0.40704166889190674,374750
9,1500,250,29.69138526916504,0.11876554042100906,2.477271795272827,0.40664589405059814,375000
9,1501,250,-43.87874221801758,-0.17551496624946594,2.994805097579956,0.40625,375250
9,1502,250,38.79364013671875,0.15517455339431763,2.6351709365844727,0.40585416555404663,375500
9,1503,250,24.097091674804688,0.09638836979866028,2.546125650405884,0.40545833110809326,375750
9,1504,250,83.76982116699219,0.33507928252220154,2.4451379776000977,0.4050624966621399,376000
9,1505,250,12.421001434326172,0.049684006720781326,3.010464668273926,0.4046666622161865,376250
9,1506,250,56.98582077026367,0.2279432862997055,2.715346097946167,0.40427082777023315,376500
9,1507,250,35.35494613647461,0.14141978323459625,2.628267288208008,0.4038749933242798,376750
9,1508,250,51.159523010253906,0.20463809370994568,2.570845603942871,0.4034791588783264,377000
9,1509,250,35.279056549072266,0.14111623167991638,3.1350393295288086,0.40308332443237305,377250
9,1510,250,43.43519592285156,0.17374078929424286,2.946775436401367,0.4026874899864197,377500
9,1511,250,-11.284358978271484,-0.0451374351978302,2.813145637512207,0.4022916555404663,377750
9,1512,250,9.47131061553955,0.03788524121046066,2.781346321105957,0.40189582109451294,378000
9,1513,250,-50.82943344116211,-0.20331773161888123,3.0792760848999023,0.40149998664855957,378250
9,1514,250,28.992263793945312,0.11596905440092087,2.8888800144195557,0.4011041522026062,378500
9,1515,250,65.74259948730469,0.2629703879356384,2.8776426315307617,0.40070831775665283,378750
9,1516,250,416.24639892578125,1.6649855375289917,2.792196750640869,0.40031248331069946,379000
9,1517,250,224.61489868164062,0.8984596133232117,3.0941154956817627,0.39991670846939087,379250
9,1518,250,25.93561363220215,0.10374245792627335,3.000437021255493,0.3995208144187927,379500
9,1519,250,-8.36739444732666,-0.03346957638859749,2.8203728199005127,0.39912503957748413,379750
9,1520,250,111.6425552368164,0.4465702176094055,2.788879632949829,0.398729145526886,380000
9,1521,250,148.67025756835938,0.5946810245513916,3.03790020942688,0.3983333706855774,380250
9,1522,250,-2.094029664993286,-0.00837611872702837,2.919790029525757,0.39793747663497925,380500
9,1523,250,43.264835357666016,0.173059344291687,2.729008913040161,0.39754170179367065,380750
9,1524,250,145.7895965576172,0.5831583738327026,2.7055187225341797,0.3971458077430725,381000
9,1525,250,46.56133270263672,0.18624533712863922,3.0455198287963867,0.3967500329017639,381250
9,1526,250,77.6609115600586,0.31064364314079285,2.8553271293640137,0.39635413885116577,381500
9,1527,250,108.00513458251953,0.43202054500579834,2.844557762145996,0.3959583640098572,381750
9,1528,250,68.05076599121094,0.2722030580043793,2.7436959743499756,0.39556246995925903,382000
9,1529,250,73.63294219970703,0.29453176259994507,2.9469997882843018,0.39516669511795044,382250
9,1530,250,47.3661994934082,0.18946479260921478,2.779446840286255,0.3947708010673523,382500
9,1531,250,28.54552459716797,0.11418209969997406,2.838594436645508,0.3943750262260437,382750
9,1532,250,91.0232925415039,0.36409318447113037,2.6599795818328857,0.39397913217544556,383000
9,1533,250,121.44629669189453,0.48578518629074097,2.8997642993927,0.39358335733413696,383250
9,1534,250,101.89472961425781,0.4075789153575897,2.843621015548706,0.3931874632835388,383500
9,1535,250,115.93607330322266,0.46374428272247314,2.729370594024658,0.3927916884422302,383750
9,1536,250,50.85770034790039,0.20343080163002014,2.731074094772339,0.39239585399627686,384000
9,1537,250,120.53756713867188,0.48215025663375854,2.8659398555755615,0.3920000195503235,384250
9,1538,250,12.972566604614258,0.05189026519656181,2.7165825366973877,0.3916041851043701,384500
9,1539,250,121.47663116455078,0.4859065115451813,2.7149670124053955,0.39120835065841675,384750
9,1540,250,113.3979263305664,0.4535917043685913,2.6088171005249023,0.3908125162124634,385000
9,1541,250,106.74597930908203,0.42698392271995544,2.802100658416748,0.39041668176651,385250
9,1542,250,100.98428344726562,0.40393713116645813,2.6714162826538086,0.39002084732055664,385500
9,1543,250,89.67278289794922,0.35869112610816956,2.568166732788086,0.38962501287460327,385750
9,1544,250,108.51139831542969,0.43404558300971985,2.556589365005493,0.3892291784286499,386000
9,1545,250,179.9875030517578,0.7199500203132629,2.836207389831543,0.38883334398269653,386250
9,1546,250,35.275875091552734,0.14110350608825684,2.6858906745910645,0.38843750953674316,386500
9,1547,250,105.81671905517578,0.4232668876647949,2.5143649578094482,0.3880416750907898,386750
9,1548,250,187.02613830566406,0.7481045722961426,2.4350674152374268,0.3876458406448364,387000
9,1549,250,268.42913818359375,1.0737165212631226,2.8215909004211426,0.38725000619888306,387250
9,1550,250,310.4693298339844,1.2418773174285889,2.5820019245147705,0.3868541717529297,387500
9,1551,250,214.65213012695312,0.8586085438728333,2.4400155544281006,0.3864583373069763,387750
9,1552,250,184.9180145263672,0.739672064781189,2.297461748123169,0.38606250286102295,388000
9,1553,250,328.2511291503906,1.313004493713379,2.833092451095581,0.3856666684150696,388250
9,1554,250,300.88739013671875,1.2035495042800903,2.5590860843658447,0.3852708339691162,388500
9,1555,250,103.32738494873047,0.4133095443248749,2.511913537979126,0.38487499952316284,388750
9,1556,250,189.9224395751953,0.7596897482872009,2.39111065864563,0.3844791650772095,389000
9,1557,250,44.05919647216797,0.17623677849769592,2.663569927215576,0.3840833902359009,389250
9,1558,250,200.4400634765625,0.8017602562904358,2.570614814758301,0.38368749618530273,389500
9,1559,250,449.49591064453125,1.7979836463928223,2.4955434799194336,0.38329172134399414,389750
9,1560,250,205.21884155273438,0.820875346660614,2.4088551998138428,0.382895827293396,390000
9,1561,250,108.8750228881836,0.4355000853538513,2.6920993328094482,0.3825000524520874,390250
9,1562,250,281.00506591796875,1.1240202188491821,2.4880833625793457,0.38210415840148926,390500
9,1563,250,325.7636413574219,1.3030545711517334,2.4215893745422363,0.38170838356018066,390750
9,1564,250,68.17681884765625,0.2727072834968567,2.3851349353790283,0.3813124895095825,391000
9,1565,250,255.25253295898438,1.021010160446167,2.553274154663086,0.3809167146682739,391250
9,1566,250,236.02244567871094,0.9440897703170776,2.4569263458251953,0.3805208206176758,391500
9,1567,250,301.5990905761719,1.2063963413238525,2.4247350692749023,0.3801250457763672,391750
9,1568,250,162.6836395263672,0.650734543800354,2.395143508911133,0.37972915172576904,392000
9,1569,250,134.49319458007812,0.5379728078842163,2.5872249603271484,0.37933337688446045,392250
9,1570,250,213.6077423095703,0.8544309735298157,2.4771485328674316,0.3789374828338623,392500
9,1571,250,284.41046142578125,1.1376417875289917,2.4019927978515625,0.3785417079925537,392750
9,1572,250,104.6181411743164,0.418472558259964,2.3888423442840576,0.37814581394195557,393000
9,1573,250,173.5235137939453,0.6940940618515015,2.684386968612671,0.377750039100647,393250
9,1574,250,190.1265869140625,0.7605063319206238,2.5468621253967285,0.37735414505004883,393500
9,1575,250,296.2477722167969,1.1849911212921143,2.3919670581817627,0.37695837020874023,393750
9,1576,250,336.4565124511719,1.3458260297775269,2.4243416786193848,0.37656253576278687,394000
9,1577,250,164.5974578857422,0.6583898067474365,2.895418882369995,0.3761666417121887,394250
9,1578,250,85.81995391845703,0.34327980875968933,2.7506790161132812,0.3757708668708801,394500
9,1579,250,304.2120056152344,1.2168480157852173,2.629817485809326,0.375374972820282,394750
9,1580,250,156.411865234375,0.6256474852561951,2.5969667434692383,0.3749791979789734,395000
9,1581,250,46.00421142578125,0.18401683866977692,3.1997714042663574,0.37458330392837524,395250
9,1582,250,207.03192138671875,0.8281276822090149,2.8993823528289795,0.37418752908706665,395500
9,1583,250,93.75654602050781,0.3750261962413788,2.9454028606414795,0.3737916350364685,395750
9,1584,250,118.99691009521484,0.47598764300346375,2.7970385551452637,0.3733958601951599,396000
9,1585,250,51.228538513183594,0.2049141526222229,3.37548828125,0.37299996614456177,396250
9,1586,250,114.4079818725586,0.457631915807724,3.2521092891693115,0.3726041913032532,396500
9,1587,250,6.180871963500977,0.024723486974835396,3.0935940742492676,0.37220829725265503,396750
9,1588,250,163.67474365234375,0.6546989679336548,3.050595760345459,0.37181252241134644,397000
9,1589,250,233.4655303955078,0.9338621497154236,3.6407763957977295,0.3714166283607483,397250
9,1590,250,72.713134765625,0.29085254669189453,3.4536852836608887,0.3710208535194397,397500
9,1591,250,183.98033142089844,0.735921323299408,3.308438777923584,0.37062495946884155,397750
9,1592,250,103.7152328491211,0.41486093401908875,3.229583501815796,0.37022918462753296,398000
9,1593,250,209.8163299560547,0.8392653465270996,3.6960134506225586,0.3698332905769348,398250
9,1594,250,204.0939178466797,0.8163756728172302,3.5233242511749268,0.3694375157356262,398500
9,1595,250,193.01487731933594,0.7720595002174377,3.413159132003784,0.36904168128967285,398750
9,1596,250,114.65625762939453,0.45862501859664917,3.317922592163086,0.3686458468437195,399000
9,1597,250,201.4330596923828,0.805732250213623,3.7285826206207275,0.3682500123977661,399250
9,1598,250,-29.89792251586914,-0.11959169059991837,3.5947728157043457,0.36785417795181274,399500
9,1599,250,120.77288818359375,0.4830915629863739,3.4240498542785645,0.3674583435058594,399750
9,1600,250,174.11563110351562,0.6964625120162964,3.3605098724365234,0.367062509059906,400000
9,1601,250,227.96246337890625,0.911849856376648,3.765242338180542,0.36666667461395264,400250
9,1602,250,175.3723602294922,0.7014894485473633,3.5829713344573975,0.36627084016799927,400500
9,1603,250,61.94512176513672,0.24778048694133759,3.5695910453796387,0.3658750057220459,400750
9,1604,250,88.46642303466797,0.35386568307876587,3.448298692703247,0.36547917127609253,401000
9,1605,250,106.38969421386719,0.42555877566337585,3.862366199493408,0.36508333683013916,401250
9,1606,250,79.90511322021484,0.3196204602718353,3.746706008911133,0.3646875023841858,401500
9,1607,250,122.27020263671875,0.4890808165073395,3.4898245334625244,0.3642916679382324,401750
9,1608,250,105.91105651855469,0.42364421486854553,3.3997321128845215,0.36389583349227905,402000
9,1609,250,75.32832336425781,0.30131328105926514,3.7522873878479004,0.3634999990463257,402250
9,1610,250,133.9700469970703,0.5358802080154419,3.7143266201019287,0.3631041646003723,402500
9,1611,250,146.4646759033203,0.5858587026596069,3.594434976577759,0.36270833015441895,402750
9,1612,250,224.2524871826172,0.8970099687576294,3.4583866596221924,0.3623124957084656,403000
9,1613,250,24.386850357055664,0.09754740446805954,3.707516670227051,0.3619166612625122,403250
9,1614,250,102.13711547851562,0.4085484743118286,3.7087459564208984,0.36152082681655884,403500
9,1615,250,213.02723693847656,0.8521089553833008,3.405583143234253,0.36112499237060547,403750
9,1616,250,105.96839904785156,0.4238736033439636,3.5201807022094727,0.3607292175292969,404000
9,1617,250,69.3265151977539,0.27730605006217957,3.838637590408325,0.36033332347869873,404250
9,1618,250,109.47624969482422,0.4379050135612488,3.734785795211792,0.35993754863739014,404500
9,1619,250,105.01676940917969,0.42006707191467285,3.6936540603637695,0.359541654586792,404750
9,1620,250,10.304739952087402,0.04121895879507065,3.488774299621582,0.3591458797454834,405000
9,1621,250,243.513916015625,0.9740556478500366,3.8725860118865967,0.35874998569488525,405250
9,1622,250,36.78572082519531,0.14714288711547852,3.7464871406555176,0.35835421085357666,405500
9,1623,250,38.812477111816406,0.15524990856647491,3.448566198348999,0.3579583168029785,405750
9,1624,250,102.59359741210938,0.41037440299987793,3.572599411010742,0.3575625419616699,406000
9,1625,250,-15.563467025756836,-0.06225386634469032,3.845672369003296,0.3571666479110718,406250
9,1626,250,43.02718734741211,0.1721087545156479,3.6565942764282227,0.3567708730697632,406500
9,1627,250,109.07441711425781,0.4362976551055908,3.6154439449310303,0.35637497901916504,406750
9,1628,250,172.47312927246094,0.6898925304412842,3.5257043838500977,0.35597920417785645,407000
9,1629,250,293.1624450683594,1.1726497411727905,3.7934610843658447,0.3555833101272583,407250
9,1630,250,35.842193603515625,0.14336878061294556,3.688371419906616,0.3551875352859497,407500
9,1631,250,78.0132064819336,0.31205281615257263,3.6265313625335693,0.35479164123535156,407750
9,1632,250,165.41111755371094,0.661644458770752,3.586945056915283,0.35439586639404297,408000
9,1633,250,-33.079959869384766,-0.132319837808609,3.7681963443756104,0.3539999723434448,408250
9,1634,250,-37.129764556884766,-0.14851905405521393,3.720332622528076,0.35360419750213623,408500
9,1635,250,165.88075256347656,0.6635230183601379,3.749194383621216,0.35320836305618286,408750
9,1636,250,92.8095932006836,0.3712383806705475,3.744133234024048,0.3528125286102295,409000
9,1637,250,81.405517578125,0.3256220817565918,3.8431897163391113,0.3524166941642761,409250
9,1638,250,144.84022521972656,0.5793609023094177,3.8518741130828857,0.35202085971832275,409500
9,1639,250,107.55579376220703,0.43022316694259644,3.812228202819824,0.3516250252723694,409750
9,1640,250,79.02494812011719,0.31609979271888733,3.740290641784668,0.351229190826416,410000
9,1641,250,-20.433870315551758,-0.08173548430204391,3.8596465587615967,0.35083335638046265,410250
9,1642,250,235.78192138671875,0.9431276917457581,3.7865543365478516,0.3504375219345093,410500
9,1643,250,194.33236694335938,0.7773294448852539,3.7868683338165283,0.3500416874885559,410750
9,1644,250,200.20050048828125,0.8008019924163818,3.658472776412964,0.34964585304260254,411000
9,1645,250,112.22711181640625,0.4489084482192993,3.887204647064209,0.34925001859664917,411250
9,1646,250,19.11208152770996,0.07644832879304886,3.7888779640197754,0.3488541841506958,411500
9,1647,250,96.46505737304688,0.38586023449897766,3.5584511756896973,0.34845834970474243,411750
9,1648,250,105.70889282226562,0.4228355586528778,3.6424686908721924,0.34806251525878906,412000
9,1649,250,99.13367462158203,0.3965347111225128,3.900904655456543,0.3476666808128357,412250
9,1650,250,0.5613503456115723,0.0022454014979302883,3.809952735900879,0.3472708463668823,412500
9,1651,250,148.83615112304688,0.595344603061676,3.772446870803833,0.34687501192092896,412750
9,1652,250,180.18942260742188,0.7207576632499695,3.6629199981689453,0.3464791178703308,413000
9,1653,250,219.30821228027344,0.8772328495979309,3.8582851886749268,0.3460833430290222,413250
9,1654,250,145.81719970703125,0.5832688212394714,3.6791269779205322,0.34568750858306885,413500
9,1655,250,89.08464813232422,0.35633859038352966,3.595590591430664,0.3452916741371155,413750
9,1656,250,70.472900390625,0.2818916141986847,3.632577896118164,0.3448958396911621,414000
9,1657,250,104.96488952636719,0.41985955834388733,4.004486560821533,0.34450000524520874,414250
9,1658,250,89.77605438232422,0.3591042160987854,3.7638778686523438,0.34410417079925537,414500
9,1659,250,-24.176427841186523,-0.09670571237802505,3.6081204414367676,0.343708336353302,414750
9,1660,250,30.001768112182617,0.12000707536935806,3.611299753189087,0.34331250190734863,415000
9,1661,250,-15.63403034210205,-0.06253612041473389,3.7469730377197266,0.34291666746139526,415250
9,1662,250,78.60769653320312,0.31443077325820923,3.704652786254883,0.3425208330154419,415500
9,1663,250,9.038191795349121,0.03615276888012886,3.4470293521881104,0.3421249985694885,415750
9,1664,250,29.240781784057617,0.11696312576532364,3.266679525375366,0.34172916412353516,416000
9,1665,250,-80.29655456542969,-0.32118621468544006,3.5495083332061768,0.3413333296775818,416250
9,1666,250,89.98837280273438,0.35995349287986755,3.561694383621216,0.3409374952316284,416500
9,1667,250,-88.29724884033203,-0.35318899154663086,3.1649351119995117,0.34054166078567505,416750
9,1668,250,5.435665130615234,0.02174266055226326,3.320188045501709,0.3401458263397217,417000
9,1669,250,31.808765411376953,0.1272350549697876,3.570371389389038,0.3397499918937683,417250
9,1670,250,-101.2576675415039,-0.40503066778182983,3.4161579608917236,0.33935415744781494,417500
9,1671,250,-93.1104507446289,-0.3724417984485626,3.3062596321105957,0.3389583230018616,417750
9,1672,250,6.911314010620117,0.027645256370306015,3.281158447265625,0.3385624885559082,418000
9,1673,250,-86.94983673095703,-0.3477993607521057,3.483448028564453,0.33816665410995483,418250
9,1674,250,4.203965187072754,0.01681585982441902,3.2222907543182373,0.33777081966400146,418500
9,1675,250,20.949275970458984,0.08379710465669632,3.067365884780884,0.33737504482269287,418750
9,1676,250,-48.6147575378418,-0.19445903599262238,2.98618221282959,0.3369791507720947,419000
9,1677,250,-46.615970611572266,-0.1864638775587082,3.3422064781188965,0.33658337593078613,419250
9,1678,250,59.316864013671875,0.23726744949817657,3.1110315322875977,0.336187481880188,419500
9,1679,250,217.7211151123047,0.8708844780921936,3.0165157318115234,0.3357917070388794,419750
9,1680,250,-7.917013168334961,-0.031668052077293396,2.9755325317382812,0.33539581298828125,420000
9,1681,250,142.133056640625,0.5685322284698486,3.1064231395721436,0.33500003814697266,420250
9,1682,250,186.0685272216797,0.7442740797996521,2.911501407623291,0.3346041440963745,420500
9,1683,250,355.8707275390625,1.423482894897461,2.886579751968384,0.3342083692550659,420750
9,1684,250,162.93609619140625,0.6517443656921387,2.820664882659912,0.3338124752044678,421000
9,1685,250,14.381357192993164,0.057525429874658585,3.1644136905670166,0.3334167003631592,421250
9,1686,250,24.253541946411133,0.0970141664147377,3.0652687549591064,0.33302080631256104,421500
9,1687,250,57.710994720458984,0.23084397614002228,2.879552125930786,0.33262503147125244,421750
9,1688,250,159.56198120117188,0.6382479071617126,3.0288846492767334,0.3322291374206543,422000
9,1689,250,118.25227355957031,0.4730090796947479,3.101073980331421,0.3318333625793457,422250
9,1690,250,43.361656188964844,0.1734466254711151,2.9326295852661133,0.33143746852874756,422500
9,1691,250,83.88731384277344,0.3355492651462555,2.7999000549316406,0.33104169368743896,422750
9,1692,250,104.24271392822266,0.4169708490371704,2.7144787311553955,0.3306457996368408,423000
9,1693,250,23.505046844482422,0.09402018785476685,2.852668523788452,0.3302500247955322,423250
9,1694,250,62.21419143676758,0.24885676801204681,2.7964887619018555,0.32985419034957886,423500
9,1695,250,148.59677124023438,0.5943871140480042,2.689009666442871,0.3294583559036255,423750
9,1696,250,66.14993286132812,0.2645997405052185,2.683198928833008,0.3290625214576721,424000
9,1697,250,34.84138870239258,0.139365553855896,2.879531145095825,0.32866668701171875,424250
9,1698,250,318.2912292480469,1.2731648683547974,2.8112809658050537,0.3282708525657654,424500
9,1699,250,248.01039123535156,0.9920415878295898,2.7955565452575684,0.327875018119812,424750
9,1700,250,74.88263702392578,0.2995305359363556,2.6639490127563477,0.32747918367385864,425000
9,1701,250,19.77005386352539,0.07908021658658981,2.8889167308807373,0.3270833492279053,425250
9,1702,250,-4.7519049644470215,-0.019007619470357895,2.936657428741455,0.3266875147819519,425500
9,1703,250,36.96788787841797,0.14787155389785767,2.873792886734009,0.32629168033599854,425750
9,1704,250,-86.13019561767578,-0.34452077746391296,2.7985715866088867,0.32589584589004517,426000
9,1705,250,-110.8036117553711,-0.44321444630622864,2.896074056625366,0.3255000114440918,426250
9,1706,250,-29.480443954467773,-0.11792177706956863,2.845013380050659,0.3251041769981384,426500
9,1707,250,-8.386899948120117,-0.033547598868608475,2.839869260787964,0.32470834255218506,426750
9,1708,250,-68.78013610839844,-0.2751205563545227,2.7235960960388184,0.3243125081062317,427000
9,1709,250,15.717826843261719,0.0628713071346283,2.82315993309021,0.3239166736602783,427250
9,1710,250,58.05124282836914,0.23220497369766235,2.888246536254883,0.32352083921432495,427500
9,1711,250,-69.50357818603516,-0.27801430225372314,2.7990314960479736,0.3231250047683716,427750
9,1712,250,36.88578414916992,0.14754313230514526,2.8950300216674805,0.3227291703224182,428000
9,1713,250,-16.12126350402832,-0.06448505073785782,2.964460611343384,0.32233333587646484,428250
9,1714,250,66.64741516113281,0.2665896713733673,2.862928867340088,0.3219375014305115,428500
9,1715,250,17.594982147216797,0.07037992775440216,2.756910800933838,0.3215417265892029,428750
9,1716,250,52.73435592651367,0.21093742549419403,2.7692461013793945,0.32114583253860474,429000
9,1717,250,-19.420564651489258,-0.0776822566986084,2.927551746368408,0.32075005769729614,429250
9,1718,250,11.741606712341309,0.04696642607450485,2.7931790351867676,0.320354163646698,429500
9,1719,250,38.255821228027344,0.15302328765392303,2.7256410121917725,0.3199583888053894,429750
9,1720,250,28.575767517089844,0.11430306732654572,2.7364118099212646,0.31956249475479126,430000
9,1721,250,46.21971893310547,0.184878870844841,2.930286169052124,0.31916671991348267,430250
9,1722,250,54.93751907348633,0.2197500765323639,2.8087096214294434,0.3187708258628845,430500
9,1723,250,81.31468963623047,0.3252587616443634,2.687126398086548,0.3183750510215759,430750
9,1724,250,6.572775363922119,0.026291102170944214,2.593381404876709,0.3179791569709778,431000
9,1725,250,226.468505859375,0.9058740139007568,2.820093870162964,0.3175833821296692,431250
9,1726,250,214.24400329589844,0.8569760322570801,2.7287771701812744,0.31718748807907104,431500
9,1727,250,180.68545532226562,0.7227418422698975,2.661193370819092,0.3167916536331177,431750
9,1728,250,229.57894897460938,0.9183157682418823,2.618140459060669,0.3163958191871643,432000
9,1729,250,249.53701782226562,0.9981480836868286,2.86539888381958,0.31599998474121094,432250
9,1730,250,352.1337585449219,1.4085350036621094,2.7344794273376465,0.31560415029525757,432500
9,1731,250,214.37295532226562,0.8574918508529663,2.5583763122558594,0.3152083158493042,432750
9,1732,250,152.51670837402344,0.610066831111908,2.6198530197143555,0.31481248140335083,433000
9,1733,250,24.74359893798828,0.09897439926862717,2.897946834564209,0.31441664695739746,433250
9,1734,250,65.55081939697266,0.26220327615737915,2.6778922080993652,0.31402087211608887,433500
9,1735,250,55.61494064331055,0.22245976328849792,2.771735668182373,0.3136249780654907,433750
9,1736,250,64.30536651611328,0.2572214603424072,2.732226848602295,0.31322920322418213,434000
9,1737,250,150.37326049804688,0.6014930605888367,3.0322155952453613,0.312833309173584,434250
9,1738,250,125.76974487304688,0.5030789971351624,2.947357416152954,0.3124375343322754,434500
9,1739,250,143.82586669921875,0.5753034949302673,2.910853862762451,0.31204164028167725,434750
9,1740,250,25.800989151000977,0.10320395976305008,2.884281873703003,0.31164586544036865,435000
9,1741,250,120.34538269042969,0.48138153553009033,3.085907220840454,0.3112499713897705,435250
9,1742,250,38.88117980957031,0.15552471578121185,2.874054431915283,0.3108541965484619,435500
9,1743,250,113.92588806152344,0.4557035565376282,2.8630552291870117,0.31045830249786377,435750
9,1744,250,98.8393783569336,0.39535751938819885,2.8621461391448975,0.3100625276565552,436000
9,1745,250,53.719120025634766,0.2148764729499817,3.2003533840179443,0.30966663360595703,436250
9,1746,250,119.14112091064453,0.4765644967556,2.903533458709717,0.30927085876464844,436500
9,1747,250,152.75955200195312,0.6110382080078125,2.9104011058807373,0.3088749647140503,436750
9,1748,250,91.8805923461914,0.36752235889434814,2.9069063663482666,0.3084791898727417,437000
9,1749,250,178.42605590820312,0.7137042284011841,3.1415932178497314,0.30808329582214355,437250
9,1750,250,50.70090103149414,0.2028035968542099,2.9509708881378174,0.30768752098083496,437500
9,1751,250,60.83211135864258,0.24332845211029053,2.92488169670105,0.3072916269302368,437750
9,1752,250,253.93585205078125,1.015743374824524,3.004425287246704,0.3068958520889282,438000
9,1753,250,33.68634796142578,0.13474538922309875,3.186061143875122,0.30650001764297485,438250
9,1754,250,323.61016845703125,1.2944406270980835,3.03593373298645,0.3061041831970215,438500
9,1755,250,332.2980041503906,1.329192042350769,2.9432103633880615,0.3057083487510681,438750
9,1756,250,82.66400909423828,0.3306560218334198,2.856571912765503,0.30531251430511475,439000
9,1757,250,142.64590454101562,0.5705836415290833,3.2692861557006836,0.3049166798591614,439250
9,1758,250,122.53596496582031,0.49014386534690857,3.0595076084136963,0.304520845413208,439500
9,1759,250,177.13037109375,0.7085214853286743,3.010467290878296,0.30412501096725464,439750
9,1760,250,112.03480529785156,0.4481392204761505,2.96769642829895,0.30372917652130127,440000
9,1761,250,68.34327697753906,0.2733730971813202,3.0733654499053955,0.3033333420753479,440250
9,1762,250,66.07516479492188,0.2643006443977356,3.1237757205963135,0.30293750762939453,440500
9,1763,250,204.16046142578125,0.8166418671607971,3.0205087661743164,0.30254167318344116,440750
9,1764,250,134.0497283935547,0.5361989140510559,2.9049437046051025,0.3021458387374878,441000
9,1765,250,278.3529968261719,1.1134120225906372,3.1341121196746826,0.3017500042915344,441250
9,1766,250,14.719983100891113,0.05887993425130844,3.0952863693237305,0.30135416984558105,441500
9,1767,250,22.837268829345703,0.09134907275438309,3.1286866664886475,0.3009583353996277,441750
9,1768,250,90.84719848632812,0.3633888065814972,2.990936517715454,0.3005625009536743,442000
9,1769,250,219.6195068359375,0.8784780502319336,3.297085762023926,0.30016666650772095,442250
9,1770,250,98.26760864257812,0.39307042956352234,3.124191999435425,0.2997708320617676,442500
9,1771,250,80.66768646240234,0.32267075777053833,3.02554988861084,0.2993749976158142,442750
9,1772,250,150.60911560058594,0.6024364829063416,3.0791208744049072,0.29897916316986084,443000
9,1773,250,108.19984436035156,0.432799369096756,3.166430711746216,0.29858332872390747,443250
9,1774,250,198.59747314453125,0.7943899035453796,3.2509725093841553,0.2981875538825989,443500
9,1775,250,142.3687744140625,0.5694751143455505,3.1570022106170654,0.29779165983200073,443750
9,1776,250,110.57075500488281,0.442283034324646,3.127359390258789,0.29739588499069214,444000
9,1777,250,92.77115631103516,0.37108463048934937,3.1951775550842285,0.296999990940094,444250
9,1778,250,321.6036682128906,1.286414623260498,3.2480382919311523,0.2966042160987854,444500
9,1779,250,84.65348815917969,0.33861395716667175,3.1503448486328125,0.29620832204818726,444750
9,1780,250,90.42204284667969,0.36168816685676575,3.2832255363464355,0.29581254720687866,445000
9,1781,250,69.20027923583984,0.27680110931396484,3.397181272506714,0.2954166531562805,445250
9,1782,250,72.0398941040039,0.28815957903862,3.1772472858428955,0.2950208783149719,445500
9,1783,250,-21.017858505249023,-0.08407143503427505,3.329328775405884,0.2946249842643738,445750
9,1784,250,63.73988342285156,0.2549595236778259,3.171823501586914,0.2942292094230652,446000
9,1785,250,78.67329406738281,0.3146931827068329,3.220888137817383,0.29383331537246704,446250
9,1786,250,133.95428466796875,0.5358171463012695,3.0997936725616455,0.29343754053115845,446500
9,1787,250,94.77198791503906,0.3790879547595978,3.061124801635742,0.2930416464805603,446750
9,1788,250,56.934120178222656,0.2277364879846573,3.0580923557281494,0.2926458716392517,447000
9,1789,250,26.974586486816406,0.10789834707975388,2.9457364082336426,0.29224997758865356,447250
9,1790,250,444.4874572753906,1.7779498100280762,2.904250383377075,0.29185420274734497,447500
9,1791,250,130.0379180908203,0.520151674747467,2.902036666870117,0.2914583086967468,447750
9,1792,250,178.30337524414062,0.7132135033607483,2.8204190731048584,0.29106253385543823,448000
9,1793,250,109.1451187133789,0.43658047914505005,2.9653961658477783,0.29066669940948486,448250
9,1794,250,120.5294418334961,0.48211777210235596,2.9458088874816895,0.2902708649635315,448500
9,1795,250,219.10435485839844,0.8764173984527588,2.840909004211426,0.2898750305175781,448750
9,1796,250,76.05350494384766,0.3042140305042267,2.7268686294555664,0.28947919607162476,449000
9,1797,250,81.87064361572266,0.32748258113861084,2.8087923526763916,0.2890833616256714,449250
9,1798,250,54.288848876953125,0.21715539693832397,2.6940062046051025,0.288687527179718,449500
9,1799,250,-47.421836853027344,-0.1896873414516449,2.798208475112915,0.28829169273376465,449750
9,1800,250,143.5032501220703,0.5740129947662354,2.766406774520874,0.2878958582878113,450000
9,1801,250,-101.87940979003906,-0.4075176417827606,2.7737014293670654,0.2875000238418579,450250
9,1802,250,491.49212646484375,1.9659684896469116,2.8137383460998535,0.28710412979125977,450500
9,1803,250,148.33547973632812,0.5933419466018677,2.7380735874176025,0.28670835494995117,450750
9,1804,250,255.26199340820312,1.0210479497909546,2.711653709411621,0.286312460899353,451000
9,1805,250,47.637447357177734,0.1905497908592224,2.741757869720459,0.28591668605804443,451250
9,1806,250,123.80719757080078,0.4952287971973419,2.751206874847412,0.2855207920074463,451500
9,1807,250,352.7919921875,1.4111679792404175,2.6054482460021973,0.2851250171661377,451750
9,1808,250,271.30902099609375,1.0852360725402832,2.70027494430542,0.28472912311553955,452000
9,1809,250,128.32220458984375,0.5132887959480286,2.728747844696045,0.28433334827423096,452250
9,1810,250,756.8055419921875,3.027222156524658,2.642733335494995,0.2839375138282776,452500
9,1811,250,189.07911682128906,0.7563164830207825,2.738279342651367,0.2835416793823242,452750
9,1812,250,1233.043701171875,4.9321746826171875,2.6757218837738037,0.28314584493637085,453000
9,1813,250,324.52581787109375,1.2981032133102417,2.6270008087158203,0.2827500104904175,453250
9,1814,250,86.07901000976562,0.3443160355091095,2.6667873859405518,0.2823541760444641,453500
9,1815,250,143.114501953125,0.572458028793335,2.6339762210845947,0.28195834159851074,453750
9,1816,250,149.10125732421875,0.596405029296875,2.664896249771118,0.2815625071525574,454000
9,1817,250,396.26495361328125,1.5850597620010376,2.5811405181884766,0.281166672706604,454250
9,1818,250,155.62008666992188,0.6224803328514099,2.645261526107788,0.28077083826065063,454500
9,1819,250,103.69432067871094,0.4147772789001465,2.549905300140381,0.28037500381469727,454750
9,1820,250,269.6320495605469,1.0785281658172607,2.505655527114868,0.2799791693687439,455000
9,1821,250,370.4897155761719,1.4819588661193848,2.7378947734832764,0.2795833349227905,455250
9,1822,250,271.24285888671875,1.0849714279174805,2.818113327026367,0.27918750047683716,455500
9,1823,250,302.81304931640625,1.211252212524414,2.7473275661468506,0.2787916660308838,455750
9,1824,250,503.2269287109375,2.0129077434539795,2.7517151832580566,0.2783958315849304,456000
9,1825,250,521.8310546875,2.0873241424560547,2.8331198692321777,0.27799999713897705,456250
9,1826,250,292.30242919921875,1.1692097187042236,2.844693422317505,0.2776041626930237,456500
9,1827,250,130.95123291015625,0.5238049030303955,2.907825231552124,0.2772083282470703,456750
9,1828,250,426.6248779296875,1.706499457359314,2.8765077590942383,0.27681249380111694,457000
9,1829,250,297.8794250488281,1.19151771068573,3.2089133262634277,0.2764166593551636,457250
9,1830,250,383.92987060546875,1.5357195138931274,3.05377459526062,0.2760208249092102,457500
9,1831,250,516.2556762695312,2.0650227069854736,2.9936203956604004,0.2756250500679016,457750
9,1832,250,493.7425842285156,1.9749703407287598,3.1145520210266113,0.27522915601730347,458000
9,1833,250,354.6700439453125,1.418680191040039,3.398658275604248,0.2748333811759949,458250
9,1834,250,441.40374755859375,1.7656149864196777,3.086296796798706,0.27443748712539673,458500
9,1835,250,90.24931335449219,0.3609972596168518,3.0250937938690186,0.27404171228408813,458750
9,1836,250,762.243896484375,3.0489754676818848,3.0698955059051514,0.27364581823349,459000
9,1837,250,647.6343994140625,2.5905375480651855,3.2947750091552734,0.2732500433921814,459250
9,1838,250,196.3479766845703,0.7853919267654419,3.1879215240478516,0.27285414934158325,459500
9,1839,250,310.0861511230469,1.2403446435928345,3.1819772720336914,0.27245837450027466,459750
9,1840,250,288.2602844238281,1.153041124343872,3.1145670413970947,0.2720624804496765,460000
9,1841,250,135.87771606445312,0.5435108542442322,3.3177876472473145,0.2716667056083679,460250
9,1842,250,94.67899322509766,0.37871596217155457,3.3495242595672607,0.2712708115577698,460500
9,1843,250,259.2834167480469,1.0371336936950684,3.281018018722534,0.2708750367164612,460750
9,1844,250,268.23193359375,1.072927713394165,3.3510525226593018,0.27047914266586304,461000
9,1845,250,145.5426788330078,0.5821707248687744,3.6930434703826904,0.27008336782455444,461250
9,1846,250,128.83811950683594,0.5153524875640869,3.6625747680664062,0.2696874737739563,461500
9,1847,250,214.11363220214844,0.8564545512199402,3.5406391620635986,0.2692916989326477,461750
9,1848,250,104.25051879882812,0.4170020818710327,3.595180034637451,0.26889580488204956,462000
9,1849,250,138.11651611328125,0.5524660348892212,3.8506641387939453,0.26850003004074097,462250
9,1850,250,187.20181274414062,0.7488072514533997,3.645817756652832,0.2681041955947876,462500
9,1851,250,-45.12635040283203,-0.1805053949356079,3.633204460144043,0.26770836114883423,462750
9,1852,250,189.52647399902344,0.7581058740615845,3.6266679763793945,0.26731252670288086,463000
9,1853,250,108.42030334472656,0.4336812198162079,4.0167999267578125,0.2669166922569275,463250
9,1854,250,89.75927734375,0.3590371012687683,3.979734420776367,0.2665208578109741,463500
9,1855,250,205.87008666992188,0.8234803676605225,4.0298686027526855,0.26612502336502075,463750
9,1856,250,62.8410530090332,0.25136420130729675,3.972952365875244,0.2657291889190674,464000
9,1857,250,70.15364074707031,0.28061455488204956,4.0860772132873535,0.265333354473114,464250
9,1858,250,155.75741577148438,0.6230296492576599,4.04958438873291,0.26493752002716064,464500
9,1859,250,60.39065933227539,0.2415626347064972,4.019162654876709,0.2645416855812073,464750
9,1860,250,118.04576110839844,0.4721830487251282,3.7822935581207275,0.2641458511352539,465000
9,1861,250,-0.19616913795471191,-0.0007846765802241862,4.305158615112305,0.26375001668930054,465250
9,1862,250,42.207298278808594,0.16882918775081635,4.20242977142334,0.26335418224334717,465500
9,1863,250,127.99880981445312,0.511995255947113,4.1451191902160645,0.2629583477973938,465750
9,1864,250,86.28632354736328,0.3451452851295471,4.282571315765381,0.26256251335144043,466000
9,1865,250,161.7544708251953,0.6470178961753845,4.5610880851745605,0.26216667890548706,466250
9,1866,250,157.80587768554688,0.6312234997749329,4.406970024108887,0.2617708444595337,466500
9,1867,250,181.14401245117188,0.7245760560035706,4.341135025024414,0.2613750100135803,466750
9,1868,250,121.51343536376953,0.4860537350177765,4.29360294342041,0.26097917556762695,467000
9,1869,250,93.90834045410156,0.3756333589553833,4.631592273712158,0.2605833411216736,467250
9,1870,250,6.062804222106934,0.024251217022538185,4.50838041305542,0.2601875066757202,467500
9,1871,250,215.8285369873047,0.863314151763916,4.28316593170166,0.2597917318344116,467750
9,1872,250,136.29295349121094,0.5451717972755432,4.251952171325684,0.2593958377838135,468000
9,1873,250,139.24398803710938,0.5569759607315063,4.632871150970459,0.2590000629425049,468250
9,1874,250,52.14026641845703,0.20856106281280518,4.330392360687256,0.25860416889190674,468500
9,1875,250,313.1104736328125,1.2524418830871582,4.222691535949707,0.25820839405059814,468750
9,1876,250,265.4715881347656,1.0618863105773926,4.197988033294678,0.2578125,469000
9,1877,250,101.98041534423828,0.4079216718673706,4.2347092628479,0.25741666555404663,469250
9,1878,250,39.17498016357422,0.15669992566108704,4.149985313415527,0.25702083110809326,469500
9,1879,250,274.5793762207031,1.0983175039291382,3.9762163162231445,0.2566249966621399,469750
9,1880,250,57.386112213134766,0.22954444587230682,3.828902244567871,0.2562291622161865,470000
9,1881,250,76.18859100341797,0.304754376411438,4.168185710906982,0.25583332777023315,470250
9,1882,250,384.4122619628906,1.5376490354537964,4.120970249176025,0.2554374933242798,470500
9,1883,250,388.4068908691406,1.553627610206604,3.959120988845825,0.2550416588783264,470750
9,1884,250,552.487548828125,2.2099502086639404,3.786771297454834,0.25464582443237305,471000
9,1885,250,85.45923614501953,0.34183695912361145,4.169601917266846,0.2542499899864197,471250
9,1886,250,206.87704467773438,0.8275081515312195,4.011608600616455,0.2538541555404663,471500
9,1887,250,38.60636901855469,0.1544254720211029,3.8582794666290283,0.25345832109451294,471750
9,1888,250,378.10516357421875,1.512420654296875,3.829658269882202,0.25306248664855957,472000
9,1889,250,-13.948698043823242,-0.055794790387153625,4.203220844268799,0.2526666522026062,472250
9,1890,250,45.96406936645508,0.1838562786579132,3.9401843547821045,0.2522708773612976,472500
9,1891,250,21.177213668823242,0.08470885455608368,3.8469138145446777,0.25187498331069946,472750
9,1892,250,53.65043640136719,0.21460174024105072,3.6527225971221924,0.25147920846939087,473000
9,1893,250,385.57391357421875,1.5422956943511963,4.259044170379639,0.2510833144187927,473250
9,1894,250,178.9161834716797,0.7156647443771362,4.096155643463135,0.25068753957748413,473500
9,1895,250,277.61358642578125,1.1104543209075928,3.937579870223999,0.250291645526886,473750
9,1896,250,91.7494125366211,0.3669976592063904,3.8895416259765625,0.2498958706855774,474000
9,1897,250,703.7802734375,2.8151211738586426,4.085544109344482,0.24949997663497925,474250
9,1898,250,125.37211608886719,0.501488447189331,4.054474353790283,0.24910420179367065,474500
9,1899,250,281.1512145996094,1.1246048212051392,3.890794038772583,0.2487083077430725,474750
9,1900,250,449.8887939453125,1.7995551824569702,3.886115312576294,0.24831253290176392,475000
9,1901,250,148.24761962890625,0.5929904580116272,4.3935465812683105,0.24791663885116577,475250
9,1902,250,440.3307800292969,1.761323094367981,4.166077613830566,0.24752086400985718,475500
9,1903,250,125.34249114990234,0.5013699531555176,4.205499172210693,0.24712496995925903,475750
9,1904,250,118.82211303710938,0.475288450717926,4.1348090171813965,0.24672919511795044,476000
9,1905,250,356.75830078125,1.4270331859588623,4.412574768066406,0.2463333010673523,476250
9,1906,250,119.308837890625,0.477235347032547,4.371769428253174,0.2459375262260437,476500
9,1907,250,43.17498779296875,0.1726999580860138,4.203074932098389,0.24554163217544556,476750
9,1908,250,38.9566535949707,0.1558266133069992,4.138183116912842,0.24514585733413696,477000
9,1909,250,76.26498413085938,0.30505993962287903,4.537959575653076,0.2447500228881836,477250
9,1910,250,58.460243225097656,0.2338409721851349,4.573927402496338,0.24435418844223022,477500
9,1911,250,282.1730651855469,1.1286922693252563,4.319888591766357,0.24395835399627686,477750
9,1912,250,182.14120483398438,0.7285647988319397,4.250505447387695,0.2435625195503235,478000
9,1913,250,449.0307922363281,1.7961231470108032,4.689414024353027,0.24316668510437012,478250
9,1914,250,55.53834915161133,0.22215339541435242,4.637472152709961,0.24277085065841675,478500
9,1915,250,101.54232025146484,0.4061692953109741,4.4392266273498535,0.24237501621246338,478750
9,1916,250,278.4639892578125,1.1138559579849243,4.442782878875732,0.24197918176651,479000
9,1917,250,113.65283203125,0.45461133122444153,4.57036018371582,0.24158334732055664,479250
9,1918,250,241.83575439453125,0.9673430323600769,4.651963233947754,0.24118751287460327,479500
9,1919,250,223.58673095703125,0.8943469524383545,4.569333076477051,0.2407916784286499,479750
9,1920,250,96.15768432617188,0.3846307396888733,4.547169208526611,0.24039584398269653,480000
9,1921,250,130.4161376953125,0.521664559841156,4.95908260345459,0.24000000953674316,480250
9,1922,250,80.50275421142578,0.3220110237598419,4.873386383056641,0.2396041750907898,480500
9,1923,250,-6.79831600189209,-0.027193263173103333,4.727270603179932,0.23920834064483643,480750
9,1924,250,89.5838623046875,0.3583354353904724,4.805976390838623,0.23881250619888306,481000
9,1925,250,17.892518997192383,0.07157007604837418,5.052983283996582,0.2384166717529297,481250
9,1926,250,49.96380615234375,0.19985522329807281,4.949821949005127,0.23802083730697632,481500
9,1927,250,111.46697998046875,0.4458679258823395,4.908745765686035,0.23762500286102295,481750
9,1928,250,-149.1807403564453,-0.5967229604721069,4.934514999389648,0.23722916841506958,482000
9,1929,250,130.9658203125,0.5238632559776306,5.100306987762451,0.2368333339691162,482250
9,1930,250,107.87609100341797,0.43150436878204346,4.991766452789307,0.23643755912780762,482500
9,1931,250,517.4044799804688,2.069617986679077,4.962582588195801,0.23604166507720947,482750
9,1932,250,406.877685546875,1.6275107860565186,5.033944129943848,0.23564589023590088,483000
9,1933,250,592.7070922851562,2.37082839012146,4.959287643432617,0.23524999618530273,483250
9,1934,250,146.76588439941406,0.5870635509490967,4.976693153381348,0.23485422134399414,483500
9,1935,250,158.66944885253906,0.6346777677536011,4.924401760101318,0.234458327293396,483750
9,1936,250,249.06674194335938,0.9962669610977173,4.8846306800842285,0.2340625524520874,484000
9,1937,250,114.96730041503906,0.4598692059516907,5.193666458129883,0.23366665840148926,484250
9,1938,250,-9.398675918579102,-0.03759470209479332,5.036098480224609,0.23327088356018066,484500
9,1939,250,323.8560791015625,1.2954243421554565,4.867166042327881,0.23287498950958252,484750
9,1940,250,-26.92547035217285,-0.10770188271999359,4.922675609588623,0.23247921466827393,485000
9,1941,250,403.0429992675781,1.61217200756073,5.128823280334473,0.23208332061767578,485250
9,1942,250,311.5254211425781,1.2461017370224,5.018594741821289,0.2316875457763672,485500
9,1943,250,81.56363677978516,0.32625454664230347,5.000432968139648,0.23129165172576904,485750
9,1944,250,65.54325103759766,0.26217299699783325,5.0124945640563965,0.23089587688446045,486000
9,1945,250,67.00076293945312,0.26800304651260376,5.119651794433594,0.2304999828338623,486250
9,1946,250,-20.400081634521484,-0.08160032331943512,4.98970365524292,0.2301042079925537,486500
9,1947,250,-3.390015125274658,-0.013560060411691666,4.988890171051025,0.22970831394195557,486750
9,1948,250,392.4898986816406,1.5699596405029297,4.892899513244629,0.22931253910064697,487000
9,1949,250,58.91552734375,0.23566210269927979,5.205738067626953,0.2289167046546936,487250
9,1950,250,119.37815856933594,0.4775126278400421,5.143703937530518,0.22852087020874023,487500
9,1951,250,142.60118103027344,0.5704047083854675,5.162670135498047,0.22812503576278687,487750
9,1952,250,70.44799041748047,0.28179195523262024,4.805595874786377,0.22772914171218872,488000
9,1953,250,102.65606689453125,0.41062426567077637,5.132478713989258,0.22733336687088013,488250
9,1954,250,242.33177185058594,0.9693270921707153,5.098867416381836,0.22693747282028198,488500
9,1955,250,333.3717956542969,1.3334871530532837,4.954181671142578,0.2265416979789734,488750
9,1956,250,67.97541046142578,0.2719016373157501,4.883173942565918,0.22614580392837524,489000
9,1957,250,30.12670135498047,0.12050680816173553,5.282016277313232,0.22575002908706665,489250
9,1958,250,257.76025390625,1.0310410261154175,5.1207075119018555,0.2253541350364685,489500
9,1959,250,141.43682861328125,0.5657473206520081,4.972368240356445,0.2249583601951599,489750
9,1960,250,85.14726257324219,0.3405890464782715,4.888513565063477,0.22456246614456177,490000
9,1961,250,38.20958709716797,0.1528383493423462,4.872410297393799,0.22416669130325317,490250
9,1962,250,293.1429138183594,1.1725716590881348,5.032662391662598,0.22377079725265503,490500
9,1963,250,184.32408142089844,0.7372963428497314,4.73952054977417,0.22337502241134644,490750
9,1964,250,155.08575439453125,0.620343029499054,4.640187740325928,0.2229791283607483,491000
9,1965,250,74.9865951538086,0.2999463677406311,4.914363384246826,0.2225833535194397,491250
9,1966,250,231.02047729492188,0.9240819215774536,4.95618200302124,0.22218745946884155,491500
9,1967,250,131.50514221191406,0.5260205864906311,4.84767484664917,0.22179168462753296,491750
9,1968,250,139.25611877441406,0.5570244789123535,4.688978672027588,0.2213958501815796,492000
9,1969,250,48.88400650024414,0.1955360323190689,5.123797416687012,0.22100001573562622,492250
9,1970,250,167.97666931152344,0.6719066500663757,4.870663642883301,0.22060418128967285,492500
9,1971,250,116.60440063476562,0.4664176106452942,4.789046287536621,0.22020834684371948,492750
9,1972,250,156.83856201171875,0.6273542642593384,4.60781192779541,0.2198125123977661,493000
9,1973,250,90.52069854736328,0.3620827794075012,4.765214920043945,0.21941667795181274,493250
9,1974,250,116.24905395507812,0.46499621868133545,4.763174057006836,0.21902084350585938,493500
9,1975,250,130.83282470703125,0.5233312845230103,4.86263370513916,0.218625009059906,493750
9,1976,250,56.46866226196289,0.2258746474981308,4.813807487487793,0.21822917461395264,494000
9,1977,250,87.64776611328125,0.3505910634994507,4.916253566741943,0.21783334016799927,494250
9,1978,250,144.59072875976562,0.5783629417419434,4.785245895385742,0.2174375057220459,494500
9,1979,250,135.94195556640625,0.5437678098678589,4.488894462585449,0.21704167127609253,494750
9,1980,250,56.14820861816406,0.22459283471107483,4.628960609436035,0.21664583683013916,495000
9,1981,250,142.8074188232422,0.5712296962738037,4.627269744873047,0.2162500023841858,495250
9,1982,250,54.332000732421875,0.2173279970884323,4.452527046203613,0.21585416793823242,495500
9,1983,250,194.3649444580078,0.7774598002433777,4.384305000305176,0.21545833349227905,495750
9,1984,250,145.5582275390625,0.5822328925132751,4.241179466247559,0.21506249904632568,496000
9,1985,250,210.33102416992188,0.8413240909576416,4.621444225311279,0.21466666460037231,496250
9,1986,250,99.03311920166016,0.3961324691772461,4.393576622009277,0.21427083015441895,496500
9,1987,250,56.265419006347656,0.22506166994571686,4.3446125984191895,0.21387499570846558,496750
9,1988,250,179.2545928955078,0.7170183658599854,4.342533588409424,0.2134791612625122,497000
9,1989,250,108.00520324707031,0.43202081322669983,4.530435562133789,0.2130833864212036,497250
9,1990,250,137.62245178222656,0.5504897832870483,4.41453742980957,0.21268749237060547,497500
9,1991,250,87.31985473632812,0.3492794334888458,4.346186637878418,0.21229171752929688,497750
9,1992,250,69.69731140136719,0.2787892520427704,4.231936454772949,0.21189582347869873,498000
9,1993,250,6.669495582580566,0.02667798288166523,4.56149959564209,0.21150004863739014,498250
9,1994,250,-3.3011183738708496,-0.013204473070800304,4.248785495758057,0.211104154586792,498500
9,1995,250,264.58251953125,1.0583300590515137,4.418821811676025,0.2107083797454834,498750
9,1996,250,1.9147710800170898,0.007659084163606167,4.320135593414307,0.21031248569488525,499000
9,1997,250,181.72125244140625,0.7268850207328796,4.365527153015137,0.20991671085357666,499250
9,1998,250,151.23941040039062,0.604957640171051,4.246799945831299,0.20952081680297852,499500
9,1999,250,149.16796875,0.5966718792915344,4.133941173553467,0.20912504196166992,499750
9,2000,250,146.49082946777344,0.5859633088111877,4.246161460876465,0.20872914791107178,500000
9,2001,250,62.39683532714844,0.24958734214305878,4.296435356140137,0.20833337306976318,500250
9,2002,250,176.42596435546875,0.705703854560852,4.2788825035095215,0.20793747901916504,500500
9,2003,250,-68.15379333496094,-0.2726151645183563,4.109277725219727,0.20754170417785645,500750
9,2004,250,119.7403564453125,0.47896143794059753,4.098410606384277,0.2071458101272583,501000
9,2005,250,63.73398208618164,0.2549359202384949,4.310739040374756,0.2067500352859497,501250
9,2006,250,23.383014678955078,0.09353205561637878,4.22732400894165,0.20635414123535156,501500
9,2007,250,-92.43921661376953,-0.36975687742233276,4.20032262802124,0.20595836639404297,501750
9,2008,250,34.797969818115234,0.1391918808221817,4.344727516174316,0.2055625319480896,502000
9,2009,250,70.37454223632812,0.28149816393852234,4.353453159332275,0.20516669750213623,502250
9,2010,250,107.08495330810547,0.42833980917930603,4.227406978607178,0.20477086305618286,502500
9,2011,250,310.17578125,1.2407031059265137,4.216419696807861,0.2043750286102295,502750
9,2012,250,68.62648010253906,0.2745059132575989,4.350398063659668,0.20397919416427612,503000
9,2013,250,199.98251342773438,0.7999300360679626,4.484524250030518,0.20358335971832275,503250
9,2014,250,78.02803802490234,0.31211215257644653,4.287990093231201,0.20318752527236938,503500
9,2015,250,195.99169921875,0.7839667797088623,4.323241710662842,0.20279169082641602,503750
9,2016,250,92.25074005126953,0.36900296807289124,4.384533882141113,0.20239585638046265,504000
9,2017,250,164.46359252929688,0.6578543782234192,4.440653324127197,0.20200002193450928,504250
9,2018,250,330.76214599609375,1.3230485916137695,4.445361614227295,0.2016041874885559,504500
9,2019,250,477.27215576171875,1.9090886116027832,4.380599021911621,0.20120835304260254,504750
9,2020,250,462.3185729980469,1.8492742776870728,4.329273700714111,0.20081251859664917,505000
9,2021,250,90.9140396118164,0.3636561632156372,4.4073357582092285,0.2004166841506958,505250
9,2022,250,324.6829833984375,1.2987319231033325,4.559606075286865,0.20002084970474243,505500
9,2023,250,25.22698974609375,0.10090795904397964,4.503475666046143,0.19962501525878906,505750
9,2024,250,327.63641357421875,1.3105456829071045,4.517167568206787,0.1992291808128357,506000
9,2025,250,170.224609375,0.6808984279632568,4.499671459197998,0.19883334636688232,506250
9,2026,250,142.26937866210938,0.5690774917602539,4.364088535308838,0.19843751192092896,506500
9,2027,250,246.65179443359375,0.9866071939468384,4.511041164398193,0.19804167747497559,506750
9,2028,250,198.8129119873047,0.7952516674995422,4.349459171295166,0.19764584302902222,507000
9,2029,250,325.1146545410156,1.3004586696624756,4.552064895629883,0.19725000858306885,507250
9,2030,250,48.99188232421875,0.19596752524375916,4.545331954956055,0.19685417413711548,507500
9,2031,250,408.216552734375,1.6328662633895874,4.605688571929932,0.1964583396911621,507750
9,2032,250,149.09861755371094,0.5963944792747498,4.371168613433838,0.19606250524520874,508000
9,2033,250,384.90728759765625,1.5396291017532349,4.579533576965332,0.19566667079925537,508250
9,2034,250,78.347412109375,0.3133896589279175,4.5406341552734375,0.195270836353302,508500
9,2035,250,169.7476806640625,0.6789907217025757,4.508031368255615,0.19487500190734863,508750
9,2036,250,-24.377099990844727,-0.09750840067863464,4.6251420974731445,0.19447916746139526,509000
9,2037,250,176.6705322265625,0.7066821455955505,4.486062049865723,0.1940833330154419,509250
9,2038,250,-19.694133758544922,-0.0787765383720398,4.5313496589660645,0.19368749856948853,509500
9,2039,250,221.95639038085938,0.8878255486488342,4.539985656738281,0.19329166412353516,509750
9,2040,250,-11.988547325134277,-0.04795419052243233,4.524057388305664,0.1928958296775818,510000
9,2041,250,-69.97802734375,-0.2799121141433716,4.740102291107178,0.19249999523162842,510250
9,2042,250,318.8734130859375,1.2754936218261719,4.938922882080078,0.19210416078567505,510500
9,2043,250,-28.96567726135254,-0.11586271226406097,4.7222418785095215,0.19170832633972168,510750
9,2044,250,262.8798828125,1.051519513130188,4.568424224853516,0.1913124918937683,511000
9,2045,250,820.7967529296875,3.283186912536621,4.8189191818237305,0.19091665744781494,511250
9,2046,250,5.639547348022461,0.022558189928531647,4.86317777633667,0.19052082300186157,511500
9,2047,250,-73.93228149414062,-0.2957291305065155,4.834933280944824,0.1901249885559082,511750
9,2048,250,-91.89676666259766,-0.36758705973625183,4.961363792419434,0.1897292137145996,512000
9,2049,250,-32.378379821777344,-0.12951351702213287,5.010485649108887,0.18933331966400146,512250
9,2050,250,77.03483581542969,0.3081393539905548,4.928727626800537,0.18893754482269287,512500
9,2051,250,336.865234375,1.3474609851837158,4.82552433013916,0.18854165077209473,512750
9,2052,250,40.512630462646484,0.1620505154132843,4.903639793395996,0.18814587593078613,513000
9,2053,250,256.8724670410156,1.0274899005889893,5.017887592315674,0.187749981880188,513250
9,2054,250,456.7412109375,1.8269648551940918,4.872987270355225,0.1873542070388794,513500
9,2055,250,-37.47216033935547,-0.14988863468170166,4.856328964233398,0.18695831298828125,513750
9,2056,250,379.8323059082031,1.5193291902542114,4.87479829788208,0.18656253814697266,514000
9,2057,250,451.1536560058594,1.8046146631240845,4.934500694274902,0.1861666440963745,514250
9,2058,250,380.1562194824219,1.5206248760223389,4.735133647918701,0.18577086925506592,514500
9,2059,250,279.94598388671875,1.119783878326416,4.679116249084473,0.18537497520446777,514750
9,2060,250,284.3284912109375,1.137313961982727,4.676558017730713,0.18497920036315918,515000
9,2061,250,23.206401824951172,0.09282560646533966,5.051568031311035,0.18458330631256104,515250
9,2062,250,778.6397094726562,3.1145589351654053,4.975121974945068,0.18418753147125244,515500
9,2063,250,703.0809936523438,2.812324047088623,4.890439033508301,0.1837916374206543,515750
9,2064,250,330.9963684082031,1.3239854574203491,4.657921314239502,0.1833958625793457,516000
9,2065,250,103.69200134277344,0.4147680103778839,5.130041599273682,0.18299996852874756,516250
9,2066,250,351.16705322265625,1.4046682119369507,5.042619228363037,0.18260419368743896,516500
9,2067,250,47.0769157409668,0.18830765783786774,4.785602569580078,0.1822083592414856,516750
9,2068,250,90.25675201416016,0.3610270023345947,4.915055751800537,0.18181252479553223,517000
9,2069,250,-43.355106353759766,-0.17342042922973633,5.227382659912109,0.18141669034957886,517250
9,2070,250,66.67448425292969,0.2666979432106018,5.045393943786621,0.1810208559036255,517500
9,2071,250,23.136621475219727,0.0925464853644371,5.147700309753418,0.18062502145767212,517750
9,2072,250,51.4583625793457,0.20583344995975494,4.8995795249938965,0.18022918701171875,518000
9,2073,250,29.34052085876465,0.11736208200454712,5.37545108795166,0.17983335256576538,518250
9,2074,250,-19.524526596069336,-0.0780981034040451,5.1844072341918945,0.179437518119812,518500
9,2075,250,159.31732177734375,0.6372692584991455,4.993469715118408,0.17904168367385864,518750
9,2076,250,123.21903991699219,0.49287617206573486,5.12168550491333,0.17864584922790527,519000
9,2077,250,48.566219329833984,0.19426487386226654,5.270638465881348,0.1782500147819519,519250
9,2078,250,-80.23851013183594,-0.3209540545940399,5.275696754455566,0.17785418033599854,519500
9,2079,250,70.43611907958984,0.28174448013305664,5.132937431335449,0.17745834589004517,519750
9,2080,250,88.33303833007812,0.35333216190338135,4.934412479400635,0.1770625114440918,520000
9,2081,250,42.40202331542969,0.16960808634757996,5.3253703117370605,0.17666667699813843,520250
9,2082,250,-56.53519821166992,-0.2261407971382141,5.216393947601318,0.17627084255218506,520500
9,2083,250,318.6482849121094,1.2745931148529053,4.957392692565918,0.1758750081062317,520750
9,2084,250,37.15989685058594,0.14863958954811096,5.025040149688721,0.17547917366027832,521000
9,2085,250,48.03128433227539,0.192125141620636,5.173745632171631,0.17508333921432495,521250
9,2086,250,365.16302490234375,1.4606521129608154,5.05610990524292,0.17468750476837158,521500
9,2087,250,34.7729606628418,0.1390918493270874,4.86412239074707,0.1742916703224182,521750
9,2088,250,-0.36353087425231934,-0.0014541235286742449,4.916064739227295,0.17389589548110962,522000
9,2089,250,222.08836364746094,0.8883534669876099,5.295596599578857,0.17350000143051147,522250
9,2090,250,244.52072143554688,0.9780828952789307,5.046853065490723,0.17310422658920288,522500
9,2091,250,299.92864990234375,1.1997145414352417,5.230140209197998,0.17270833253860474,522750
9,2092,250,122.50548553466797,0.4900219440460205,5.115376949310303,0.17231255769729614,523000
9,2093,250,37.426517486572266,0.14970606565475464,5.375434398651123,0.171916663646698,523250
9,2094,250,71.39532470703125,0.2855812907218933,5.190577983856201,0.1715208888053894,523500
9,2095,250,41.46006393432617,0.1658402532339096,5.281191825866699,0.17112499475479126,523750
9,2096,250,118.85279846191406,0.47541120648384094,5.0376200675964355,0.17072921991348267,524000
9,2097,250,416.09588623046875,1.6643835306167603,5.4431939125061035,0.17033332586288452,524250
9,2098,250,536.9425659179688,2.1477701663970947,5.0871968269348145,0.16993755102157593,524500
9,2099,250,526.551025390625,2.106204032897949,5.039247035980225,0.16954165697097778,524750
9,2100,250,263.26373291015625,1.053054928779602,5.244633197784424,0.1691458821296692,525000
9,2101,250,-129.6521759033203,-0.5186086893081665,5.387154579162598,0.16874998807907104,525250
9,2102,250,42.33769607543945,0.1693507879972458,5.074820518493652,0.16835415363311768,525500
9,2103,250,225.56021118164062,0.9022408723831177,5.052094459533691,0.1679583191871643,525750
9,2104,250,22.020408630371094,0.08808163553476334,4.88625955581665,0.16756248474121094,526000
9,2105,250,143.0645294189453,0.5722581148147583,5.110543727874756,0.16716665029525757,526250
9,2106,250,265.1089782714844,1.0604358911514282,5.10562801361084,0.1667708158493042,526500
9,2107,250,166.00965881347656,0.6640386581420898,4.8110857009887695,0.1663750410079956,526750
9,2108,250,192.78001403808594,0.7711200714111328,4.837098121643066,0.16597914695739746,527000
9,2109,250,166.11013793945312,0.6644405722618103,5.099785327911377,0.16558337211608887,527250
9,2110,250,226.54234313964844,0.9061693549156189,4.975183963775635,0.16518747806549072,527500
9,2111,250,196.42601013183594,0.7857040166854858,4.963890075683594,0.16479170322418213,527750
9,2112,250,189.72496032714844,0.7588998675346375,4.950464725494385,0.16439580917358398,528000
9,2113,250,81.79005432128906,0.32716020941734314,5.379721164703369,0.1640000343322754,528250
9,2114,250,258.6685791015625,1.0346742868423462,4.935112953186035,0.16360414028167725,528500
9,2115,250,92.70637512207031,0.37082549929618835,4.765206336975098,0.16320836544036865,528750
9,2116,250,286.17926025390625,1.1447170972824097,4.913814544677734,0.1628124713897705,529000
9,2117,250,207.3352508544922,0.8293409943580627,4.745227336883545,0.16241669654846191,529250
9,2118,250,207.13426208496094,0.8285370469093323,4.7894792556762695,0.16202080249786377,529500
9,2119,250,242.11846923828125,0.9684738516807556,4.707279205322266,0.16162502765655518,529750
9,2120,250,105.5223159790039,0.42208927869796753,4.86799430847168,0.16122913360595703,530000
9,2121,250,320.7213439941406,1.2828854322433472,5.0740461349487305,0.16083335876464844,530250
9,2122,250,382.413330078125,1.5296533107757568,4.929661273956299,0.1604374647140503,530500
9,2123,250,144.21603393554688,0.5768641233444214,4.89130163192749,0.1600416898727417,530750
9,2124,250,58.413238525390625,0.23365294933319092,4.924914360046387,0.15964579582214355,531000
9,2125,250,298.9351501464844,1.1957405805587769,5.005075454711914,0.15925002098083496,531250
9,2126,250,372.77947998046875,1.4911179542541504,4.9719648361206055,0.1588541865348816,531500
9,2127,250,260.49993896484375,1.0419996976852417,4.694340229034424,0.15845835208892822,531750
9,2128,250,346.4761657714844,1.3859046697616577,4.7702317237854,0.15806251764297485,532000
9,2129,250,262.85321044921875,1.05141282081604,5.109182834625244,0.15766668319702148,532250
9,2130,250,185.71054077148438,0.7428421378135681,4.703805923461914,0.15727084875106812,532500
9,2131,250,525.968505859375,2.1038739681243896,4.595754146575928,0.15687501430511475,532750
9,2132,250,426.34210205078125,1.7053683996200562,4.58193826675415,0.15647917985916138,533000
9,2133,250,963.0466918945312,3.852186679840088,4.911506652832031,0.156083345413208,533250
9,2134,250,200.16748046875,0.8006699085235596,4.670200347900391,0.15568751096725464,533500
9,2135,250,115.66121673583984,0.46264487504959106,4.677035331726074,0.15529167652130127,533750
9,2136,250,270.0874328613281,1.0803496837615967,4.4458136558532715,0.1548958420753479,534000
9,2137,250,121.5618896484375,0.48624756932258606,4.643449783325195,0.15450000762939453,534250
9,2138,250,972.7337646484375,3.890934944152832,4.467344284057617,0.15410417318344116,534500
9,2139,250,407.1381530761719,1.6285525560379028,4.551806926727295,0.1537083387374878,534750
9,2140,250,91.48988342285156,0.3659595251083374,4.435499668121338,0.15331250429153442,535000
9,2141,250,173.3129425048828,0.6932517886161804,4.82447624206543,0.15291666984558105,535250
9,2142,250,110.1659927368164,0.4406639635562897,4.758886814117432,0.15252083539962769,535500
9,2143,250,131.44981384277344,0.5257992744445801,4.62035608291626,0.15212500095367432,535750
9,2144,250,183.9424285888672,0.7357696890830994,4.522882461547852,0.15172916650772095,536000
9,2145,250,648.5640258789062,2.5942561626434326,4.777540683746338,0.15133333206176758,536250
9,2146,250,509.33831787109375,2.037353277206421,4.645982265472412,0.1509374976158142,536500
9,2147,250,900.2957763671875,3.6011831760406494,4.429873943328857,0.15054172277450562,536750
9,2148,250,238.0841064453125,0.9523364305496216,4.270378589630127,0.15014582872390747,537000
9,2149,250,177.80148315429688,0.7112059593200684,4.797154426574707,0.14975005388259888,537250
9,2150,250,251.9165802001953,1.0076663494110107,4.699924468994141,0.14935415983200073,537500
9,2151,250,218.51708984375,0.8740683794021606,4.536083221435547,0.14895838499069214,537750
9,2152,250,212.8850555419922,0.851540207862854,4.488401412963867,0.148562490940094,538000
9,2153,250,207.67913818359375,0.8307165503501892,5.006708145141602,0.1481667160987854,538250
9,2154,250,264.9093017578125,1.059637188911438,4.719491958618164,0.14777082204818726,538500
9,2155,250,273.15362548828125,1.0926145315170288,4.555572032928467,0.14737504720687866,538750
9,2156,250,1301.317138671875,5.205268383026123,4.509400367736816,0.14697915315628052,539000
9,2157,250,1126.6781005859375,4.506712436676025,4.784171104431152,0.14658337831497192,539250
9,2158,250,842.7996826171875,3.3711986541748047,4.673520088195801,0.14618748426437378,539500
9,2159,250,1366.13525390625,5.464540958404541,4.568567276000977,0.14579170942306519,539750
9,2160,250,181.14129638671875,0.7245652079582214,4.369547367095947,0.14539581537246704,540000
9,2161,250,68.97612762451172,0.27590450644493103,4.721062660217285,0.14500004053115845,540250
9,2162,250,131.7336883544922,0.5269347429275513,4.782479763031006,0.1446041464805603,540500
9,2163,250,426.1141662597656,1.7044566869735718,4.538059234619141,0.1442083716392517,540750
9,2164,250,975.4580078125,3.901832103729248,4.636777400970459,0.14381247758865356,541000
9,2165,250,232.9735565185547,0.9318942427635193,4.780524730682373,0.14341670274734497,541250
9,2166,250,257.49737548828125,1.02998948097229,4.680485248565674,0.1430208683013916,541500
9,2167,250,220.36817932128906,0.8814727067947388,4.572227478027344,0.14262503385543823,541750
9,2168,250,537.302490234375,2.149209976196289,4.410653114318848,0.14222919940948486,542000
9,2169,250,683.4180908203125,2.7336723804473877,4.806819438934326,0.1418333649635315,542250
9,2170,250,463.31396484375,1.8532558679580688,4.459791660308838,0.14143753051757812,542500
9,2171,250,330.74859619140625,1.322994351387024,4.417335033416748,0.14104169607162476,542750
9,2172,250,932.955078125,3.7318203449249268,4.43964958190918,0.1406458616256714,543000
9,2173,250,324.5469665527344,1.2981878519058228,4.687013626098633,0.14025002717971802,543250
9,2174,250,592.7991943359375,2.371196746826172,4.39382791519165,0.13985419273376465,543500
9,2175,250,531.5980224609375,2.126392126083374,4.401129722595215,0.13945835828781128,543750
9,2176,250,650.859619140625,2.603438377380371,4.331362724304199,0.1390625238418579,544000
9,2177,250,872.8651733398438,3.4914608001708984,4.848084926605225,0.13866662979125977,544250
9,2178,250,281.8775634765625,1.1275103092193604,4.656876564025879,0.13827085494995117,544500
9,2179,250,741.1263427734375,2.964505434036255,4.58043909072876,0.13787496089935303,544750
9,2180,250,358.6100158691406,1.434440016746521,4.451046943664551,0.13747918605804443,545000
9,2181,250,727.3546752929688,2.9094185829162598,4.653515815734863,0.1370832920074463,545250
9,2182,250,729.7392578125,2.918956995010376,4.569080829620361,0.1366875171661377,545500
9,2183,250,900.1800537109375,3.600720167160034,4.361290454864502,0.13629162311553955,545750
9,2184,250,87.28181457519531,0.34912726283073425,4.562321186065674,0.13589584827423096,546000
9,2185,250,636.4230346679688,2.545692205429077,4.938490390777588,0.1355000138282776,546250
9,2186,250,932.9227905273438,3.7316911220550537,4.844674587249756,0.13510417938232422,546500
9,2187,250,1309.1197509765625,5.236478805541992,4.721109390258789,0.13470834493637085,546750
9,2188,250,46.19341278076172,0.18477365374565125,4.752614498138428,0.13431251049041748,547000
9,2189,250,49.2697868347168,0.1970791518688202,4.9746317863464355,0.1339166760444641,547250
9,2190,250,1170.989013671875,4.683956146240234,4.8734307289123535,0.13352084159851074,547500
9,2191,250,68.44489288330078,0.27377957105636597,4.8169264793396,0.13312500715255737,547750
9,2192,250,1058.244384765625,4.232977390289307,4.749965667724609,0.132729172706604,548000
9,2193,250,1315.8056640625,5.263222694396973,5.477426528930664,0.13233333826065063,548250
9,2194,250,677.009521484375,2.708038091659546,5.186629772186279,0.13193750381469727,548500
9,2195,250,407.9602966308594,1.6318411827087402,5.0616841316223145,0.1315416693687439,548750
9,2196,250,211.73403930664062,0.8469361662864685,4.8613152503967285,0.13114583492279053,549000
9,2197,250,-57.587860107421875,-0.23035143315792084,5.665574550628662,0.13075000047683716,549250
9,2198,250,1082.383544921875,4.32953405380249,5.452479362487793,0.1303541660308838,549500
9,2199,250,56.92335510253906,0.22769342362880707,5.453338146209717,0.12995833158493042,549750
9,2200,250,503.1748962402344,2.012699604034424,5.288110733032227,0.12956249713897705,550000
9,2201,250,1143.3948974609375,4.573579788208008,6.138340950012207,0.12916666269302368,550250
9,2202,250,-74.5359878540039,-0.2981439530849457,5.980543613433838,0.1287708282470703,550500
9,2203,250,-69.54354858398438,-0.27817419171333313,5.917752742767334,0.12837499380111694,550750
9,2204,250,305.1960144042969,1.220784068107605,5.545272350311279,0.12797915935516357,551000
9,2205,250,313.3969421386719,1.2535877227783203,7.04357385635376,0.1275833249092102,551250
9,2206,250,-88.6731185913086,-0.3546924889087677,6.618773460388184,0.1271875500679016,551500
9,2207,250,-86.15349578857422,-0.3446139693260193,6.292904853820801,0.12679165601730347,551750
9,2208,250,645.02001953125,2.580080032348633,6.23260498046875,0.12639588117599487,552000
9,2209,250,16.410053253173828,0.06564021110534668,7.6284003257751465,0.12599998712539673,552250
9,2210,250,253.68316650390625,1.0147327184677124,7.069639205932617,0.12560421228408813,552500
9,2211,250,-8.527353286743164,-0.034109413623809814,6.75847053527832,0.12520831823349,552750
9,2212,250,267.3893127441406,1.0695573091506958,6.265459060668945,0.1248125433921814,553000
9,2213,250,110.41683197021484,0.4416673183441162,7.849989414215088,0.12441664934158325,553250
9,2214,250,20.138172149658203,0.08055268973112106,7.5845723152160645,0.12402087450027466,553500
9,2215,250,-42.50741958618164,-0.1700296849012375,6.951291561126709,0.12362498044967651,553750
9,2216,250,35.9793586730957,0.14391744136810303,6.633105278015137,0.12322920560836792,554000
9,2217,250,54.532432556152344,0.2181297242641449,8.10379409790039,0.12283331155776978,554250
9,2218,250,31.994041442871094,0.1279761642217636,7.475368022918701,0.12243753671646118,554500
9,2219,250,378.21954345703125,1.512878179550171,7.129240036010742,0.12204164266586304,554750
9,2220,250,278.0997619628906,1.1123991012573242,7.025585174560547,0.12164586782455444,555000
9,2221,250,285.3115234375,1.1412460803985596,8.079248428344727,0.1212499737739563,555250
9,2222,250,79.54969787597656,0.3181988000869751,7.660793304443359,0.1208541989326477,555500
9,2223,250,221.84603881835938,0.8873841762542725,7.4797892570495605,0.12045830488204956,555750
9,2224,250,452.5042419433594,1.8100169897079468,7.288713455200195,0.12006253004074097,556000
9,2225,250,421.1748962402344,1.684699535369873,7.935993671417236,0.1196666955947876,556250
9,2226,250,45.930328369140625,0.18372131884098053,7.420970439910889,0.11927086114883423,556500
9,2227,250,240.2586212158203,0.9610344767570496,7.1505608558654785,0.11887502670288086,556750
9,2228,250,311.50274658203125,1.2460110187530518,6.894812107086182,0.11847919225692749,557000
9,2229,250,88.69164276123047,0.3547665774822235,7.6944804191589355,0.11808335781097412,557250
9,2230,250,201.11851501464844,0.8044740557670593,6.980087757110596,0.11768752336502075,557500
9,2231,250,175.73919677734375,0.7029567956924438,6.901930809020996,0.11729168891906738,557750
9,2232,250,263.4747619628906,1.0538990497589111,6.782507419586182,0.11689585447311401,558000
9,2233,250,191.50009155273438,0.7660003900527954,7.654319763183594,0.11650002002716064,558250
9,2234,250,196.2962646484375,0.7851850390434265,7.1697001457214355,0.11610418558120728,558500
9,2235,250,194.25775146484375,0.7770310044288635,6.5798468589782715,0.1157083511352539,558750
9,2236,250,476.7644958496094,1.9070580005645752,6.955233097076416,0.11531251668930054,559000
9,2237,250,212.0075225830078,0.8480300903320312,7.5687785148620605,0.11491668224334717,559250
9,2238,250,346.8842468261719,1.3875370025634766,7.276998519897461,0.1145208477973938,559500
9,2239,250,351.35748291015625,1.4054299592971802,7.045269012451172,0.11412501335144043,559750
9,2240,250,133.72894287109375,0.5349157452583313,6.398433685302734,0.11372917890548706,560000
9,2241,250,103.15156555175781,0.41260626912117004,7.7524638175964355,0.11333334445953369,560250
9,2242,250,607.18310546875,2.428732395172119,7.11267614364624,0.11293751001358032,560500
9,2243,250,217.01226806640625,0.8680490851402283,6.854501724243164,0.11254167556762695,560750
9,2244,250,84.12761688232422,0.33651047945022583,6.759800910949707,0.11214584112167358,561000
9,2245,250,505.4103698730469,2.021641492843628,7.122161865234375,0.11175000667572021,561250
9,2246,250,114.11801147460938,0.4564720392227173,6.835790634155273,0.11135423183441162,561500
9,2247,250,779.3829956054688,3.1175320148468018,6.710890293121338,0.11095833778381348,561750
9,2248,250,816.5034790039062,3.2660138607025146,6.3820648193359375,0.11056256294250488,562000
9,2249,250,225.48011779785156,0.90192049741745,7.1216630935668945,0.11016666889190674,562250
9,2250,250,366.09063720703125,1.4643625020980835,6.846934795379639,0.10977089405059814,562500
9,2251,250,565.8778686523438,2.2635114192962646,6.383577823638916,0.109375,562750
9,2252,250,919.5258178710938,3.67810320854187,6.576631546020508,0.10897916555404663,563000
9,2253,250,160.88601684570312,0.64354407787323,6.980497360229492,0.10858333110809326,563250
9,2254,250,1349.744140625,5.3989763259887695,6.642995834350586,0.10818749666213989,563500
9,2255,250,521.085693359375,2.0843427181243896,6.534628391265869,0.10779166221618652,563750
9,2256,250,795.6058349609375,3.1824233531951904,6.358333587646484,0.10739582777023315,564000
9,2257,250,1019.446533203125,4.077785968780518,6.910288333892822,0.10699999332427979,564250
9,2258,250,-23.027851104736328,-0.09211140125989914,6.813150405883789,0.10660415887832642,564500
9,2259,250,1067.540771484375,4.270163059234619,6.914124965667725,0.10620832443237305,564750
9,2260,250,1519.2569580078125,6.077027797698975,6.283573150634766,0.10581248998641968,565000
9,2261,250,1095.7752685546875,4.383100986480713,6.837521553039551,0.10541665554046631,565250
9,2262,250,1041.673828125,4.1666951179504395,6.426464080810547,0.10502082109451294,565500
9,2263,250,630.2175903320312,2.5208704471588135,6.474791049957275,0.10462498664855957,565750
9,2264,250,913.77880859375,3.6551151275634766,6.138015270233154,0.1042291522026062,566000
9,2265,250,317.53826904296875,1.2701530456542969,6.629366874694824,0.10383337736129761,566250
9,2266,250,198.3309783935547,0.7933239340782166,6.31489372253418,0.10343748331069946,566500
9,2267,250,784.7537231445312,3.139014959335327,6.330556392669678,0.10304170846939087,566750
9,2268,250,1145.44140625,4.581765651702881,6.1962971687316895,0.10264581441879272,567000
9,2269,250,140.89279174804688,0.5635711550712585,6.640334606170654,0.10225003957748413,567250
9,2270,250,288.34674072265625,1.1533869504928589,6.530841827392578,0.10185414552688599,567500
9,2271,250,346.23193359375,1.384927749633789,6.619115829467773,0.10145837068557739,567750
9,2272,250,935.4043579101562,3.741617441177368,6.43649435043335,0.10106247663497925,568000
9,2273,250,308.6499328613281,1.2345997095108032,6.616997718811035,0.10066670179367065,568250
9,2274,250,200.91085815429688,0.8036434054374695,6.572803974151611,0.10027080774307251,568500
9,2275,250,927.4581909179688,3.7098326683044434,6.077308177947998,0.09987503290176392,568750
9,2276,250,54.42860794067383,0.21771442890167236,6.209307670593262,0.09947913885116577,569000
9,2277,250,476.0357971191406,1.904143214225769,6.77994966506958,0.09908336400985718,569250
9,2278,250,711.1829223632812,2.8447318077087402,6.33947229385376,0.09868746995925903,569500
9,2279,250,219.51841735839844,0.8780736923217773,6.243696212768555,0.09829169511795044,569750
9,2280,250,720.1881103515625,2.8807523250579834,6.418138027191162,0.0978958010673523,570000
9,2281,250,450.7962951660156,1.803185224533081,6.654776096343994,0.0975000262260437,570250
9,2282,250,308.18597412109375,1.2327438592910767,6.635392665863037,0.09710413217544556,570500
9,2283,250,687.3557739257812,2.749423027038574,6.570597171783447,0.09670835733413696,570750
9,2284,250,464.1540222167969,1.8566161394119263,6.468644142150879,0.0963125228881836,571000
9,2285,250,637.5238037109375,2.550095319747925,6.464605331420898,0.09591668844223022,571250
9,2286,250,805.9266357421875,3.2237064838409424,6.314497470855713,0.09552085399627686,571500
9,2287,250,35.9297981262207,0.14371919631958008,6.5108256340026855,0.09512501955032349,571750
9,2288,250,51.19110870361328,0.2047644406557083,6.076516628265381,0.09472918510437012,572000
9,2289,250,838.3049926757812,3.353219985961914,6.720905303955078,0.09433335065841675,572250
9,2290,250,572.292724609375,2.289170980453491,6.650546550750732,0.09393751621246338,572500
9,2291,250,664.5946044921875,2.6583783626556396,6.225135803222656,0.09354168176651001,572750
9,2292,250,208.04461669921875,0.8321784734725952,6.361395835876465,0.09314584732055664,573000
9,2293,250,1575.82666015625,6.303306579589844,6.556192398071289,0.09275001287460327,573250
9,2294,250,-119.29289245605469,-0.47717157006263733,6.244526386260986,0.0923541784286499,573500
9,2295,250,887.8330688476562,3.5513322353363037,6.152995586395264,0.09195834398269653,573750
9,2296,250,1713.1995849609375,6.8527984619140625,6.095679759979248,0.09156250953674316,574000
9,2297,250,103.02075958251953,0.4120830297470093,6.403366565704346,0.0911666750907898,574250
9,2298,250,423.2898254394531,1.6931593418121338,6.3019185066223145,0.09077084064483643,574500
9,2299,250,662.0535278320312,2.648214101791382,5.857720375061035,0.09037500619888306,574750
9,2300,250,86.44293975830078,0.34577175974845886,5.878692150115967,0.08997917175292969,575000
9,2301,250,136.63888549804688,0.5465555191040039,6.296533584594727,0.08958333730697632,575250
9,2302,250,767.694091796875,3.0707764625549316,6.186681747436523,0.08918750286102295,575500
9,2303,250,761.919677734375,3.0476787090301514,6.147129535675049,0.08879166841506958,575750
9,2304,250,502.6221618652344,2.010488748550415,6.181541919708252,0.08839583396911621,576000
9,2305,250,371.3693542480469,1.4854774475097656,6.394588470458984,0.08800005912780762,576250
9,2306,250,742.69580078125,2.970783233642578,6.186697483062744,0.08760416507720947,576500
9,2307,250,902.319580078125,3.6092782020568848,6.026562690734863,0.08720839023590088,576750
9,2308,250,1275.2008056640625,5.100803375244141,5.95165491104126,0.08681249618530273,577000
9,2309,250,1122.429443359375,4.489717960357666,6.496023654937744,0.08641672134399414,577250
9,2310,250,605.4248046875,2.421699285507202,6.639535427093506,0.086020827293396,577500
9,2311,250,72.85731506347656,0.2914292514324188,6.219872951507568,0.0856250524520874,577750
9,2312,250,80.80365753173828,0.3232146203517914,6.230286121368408,0.08522915840148926,578000
9,2313,250,269.9920349121094,1.0799680948257446,6.927011489868164,0.08483338356018066,578250
9,2314,250,51.0867919921875,0.204347163438797,6.500750541687012,0.08443748950958252,578500
9,2315,250,132.440673828125,0.5297626852989197,6.53298807144165,0.08404171466827393,578750
9,2316,250,260.96783447265625,1.043871283531189,6.549839019775391,0.08364582061767578,579000
9,2317,250,193.18690490722656,0.7727476358413696,7.205061435699463,0.08325004577636719,579250
9,2318,250,228.5030975341797,0.9140123724937439,6.998413562774658,0.08285415172576904,579500
9,2319,250,296.1196594238281,1.1844786405563354,6.6777777671813965,0.08245837688446045,579750
9,2320,250,276.8147888183594,1.1072591543197632,6.899224281311035,0.0820624828338623,580000
9,2321,250,146.07562255859375,0.5843024849891663,7.404633045196533,0.08166670799255371,580250
9,2322,250,115.95474243164062,0.4638189673423767,7.05552864074707,0.08127081394195557,580500
9,2323,250,272.5584716796875,1.0902339220046997,6.825839519500732,0.08087503910064697,580750
9,2324,250,207.75572204589844,0.8310228586196899,6.945535659790039,0.0804792046546936,581000
9,2325,250,154.09707641601562,0.6163883209228516,7.67565393447876,0.08008337020874023,581250
9,2326,250,194.28109741210938,0.7771244049072266,7.217090606689453,0.07968753576278687,581500
9,2327,250,357.7532958984375,1.4310132265090942,7.265203952789307,0.07929164171218872,581750
9,2328,250,349.1177978515625,1.3964711427688599,7.195857048034668,0.07889586687088013,582000
9,2329,250,246.73985290527344,0.9869593977928162,7.6042656898498535,0.07849997282028198,582250
9,2330,250,286.083984375,1.1443359851837158,7.60012149810791,0.07810419797897339,582500
9,2331,250,341.474365234375,1.3658974170684814,7.3516411781311035,0.07770830392837524,582750
9,2332,250,296.9222106933594,1.1876888275146484,7.4431586265563965,0.07731252908706665,583000
9,2333,250,391.0089111328125,1.5640356540679932,7.7189106941223145,0.0769166350364685,583250
9,2334,250,313.6169738769531,1.2544678449630737,7.6610612869262695,0.07652086019515991,583500
9,2335,250,482.18133544921875,1.9287253618240356,7.414151191711426,0.07612496614456177,583750
9,2336,250,193.14849853515625,0.7725939750671387,7.56683874130249,0.07572919130325317,584000
9,2337,250,399.0201110839844,1.5960804224014282,7.9274210929870605,0.07533329725265503,584250
9,2338,250,179.792724609375,0.7191709280014038,7.450168609619141,0.07493752241134644,584500
9,2339,250,335.5373229980469,1.342149257659912,7.541131973266602,0.07454162836074829,584750
9,2340,250,301.4311828613281,1.2057247161865234,7.456225872039795,0.0741458535194397,585000
9,2341,250,223.45188903808594,0.8938075304031372,7.722206115722656,0.07374995946884155,585250
9,2342,250,134.45819091796875,0.5378327369689941,7.310704708099365,0.07335418462753296,585500
9,2343,250,226.24610900878906,0.9049844145774841,7.363800525665283,0.07295835018157959,585750
9,2344,250,376.9740295410156,1.507896065711975,7.234695911407471,0.07256251573562622,586000
9,2345,250,156.8756103515625,0.62750244140625,7.523952007293701,0.07216668128967285,586250
9,2346,250,505.4748229980469,2.0218992233276367,7.234053134918213,0.07177084684371948,586500
9,2347,250,391.5228576660156,1.5660914182662964,7.056376934051514,0.07137501239776611,586750
9,2348,250,1123.512451171875,4.494050025939941,7.188950538635254,0.07097917795181274,587000
9,2349,250,1471.0703125,5.884281158447266,7.23785924911499,0.07058334350585938,587250
9,2350,250,1178.3857421875,4.713542938232422,7.18493127822876,0.070187509059906,587500
9,2351,250,170.41122436523438,0.6816449165344238,7.385922908782959,0.06979167461395264,587750
9,2352,250,66.83797454833984,0.267351895570755,7.189932823181152,0.06939584016799927,588000
9,2353,250,18.371986389160156,0.07348794490098953,7.313290119171143,0.0690000057220459,588250
9,2354,250,-115.9873046875,-0.4639492332935333,7.377903938293457,0.06860417127609253,588500
9,2355,250,536.740234375,2.146960973739624,7.432542324066162,0.06820833683013916,588750
9,2356,250,-54.19749069213867,-0.21678996086120605,7.252023220062256,0.06781250238418579,589000
9,2357,250,-57.77325439453125,-0.23109301924705505,7.448879718780518,0.06741666793823242,589250
9,2358,250,1211.601318359375,4.846405506134033,7.502310752868652,0.06702083349227905,589500
9,2359,250,1255.1912841796875,5.02076530456543,7.364139080047607,0.06662499904632568,589750
9,2360,250,1199.8348388671875,4.799339294433594,7.1223578453063965,0.06622916460037231,590000
9,2361,250,689.9340209960938,2.7597360610961914,7.363356113433838,0.06583333015441895,590250
9,2362,250,1294.8883056640625,5.179553031921387,6.989665508270264,0.06543749570846558,590500
9,2363,250,539.342041015625,2.1573681831359863,6.971367359161377,0.06504166126251221,590750
9,2364,250,782.79052734375,3.131162166595459,6.793335914611816,0.06464588642120361,591000
9,2365,250,639.63818359375,2.5585527420043945,6.929178237915039,0.06424999237060547,591250
9,2366,250,1006.4111328125,4.025644302368164,6.789871692657471,0.06385421752929688,591500
9,2367,250,1435.815673828125,5.743262767791748,6.778624057769775,0.06345832347869873,591750
9,2368,250,909.4586181640625,3.6378345489501953,6.782712459564209,0.06306254863739014,592000
9,2369,250,935.4801635742188,3.7419207096099854,6.857681751251221,0.06266665458679199,592250
9,2370,250,1158.0059814453125,4.632023811340332,6.55689001083374,0.0622708797454834,592500
9,2371,250,752.78759765625,3.011150360107422,6.608361721038818,0.061874985694885254,592750
9,2372,250,324.5757141113281,1.2983028888702393,6.165527820587158,0.06147921085357666,593000
9,2373,250,918.9713745117188,3.6758854389190674,6.545757293701172,0.061083316802978516,593250
9,2374,250,1222.2218017578125,4.888887405395508,6.302409648895264,0.06068754196166992,593500
9,2375,250,295.9251403808594,1.1837005615234375,6.479227066040039,0.06029164791107178,593750
9,2376,250,1274.322265625,5.097289085388184,6.2826080322265625,0.059895873069763184,594000
9,2377,250,421.50860595703125,1.6860344409942627,6.345165252685547,0.05949997901916504,594250
9,2378,250,481.3861083984375,1.9255443811416626,6.314747333526611,0.059104204177856445,594500
9,2379,250,425.7190856933594,1.702876329421997,6.589338779449463,0.0587083101272583,594750
9,2380,250,-141.2794189453125,-0.5651176571846008,6.266678333282471,0.05831253528594971,595000
9,2381,250,451.0805969238281,1.804322361946106,6.404098033905029,0.05791664123535156,595250
9,2382,250,520.181396484375,2.08072566986084,6.174466609954834,0.05752086639404297,595500
9,2383,250,-490.0096740722656,-1.960038661956787,6.388130187988281,0.0571250319480896,595750
9,2384,250,487.07275390625,1.9482910633087158,5.8901872634887695,0.05672919750213623,596000
9,2385,250,521.49560546875,2.085982322692871,5.998136043548584,0.05633336305618286,596250
9,2386,250,614.1536254882812,2.4566144943237305,6.165862560272217,0.05593752861022949,596500
9,2387,250,151.73802185058594,0.6069520711898804,5.961345672607422,0.05554169416427612,596750
9,2388,250,429.1365051269531,1.7165460586547852,6.449896812438965,0.055145859718322754,597000
9,2389,250,683.2147216796875,2.732858896255493,6.389718532562256,0.054750025272369385,597250
9,2390,250,601.7039794921875,2.406816005706787,6.260538578033447,0.054354190826416016,597500
9,2391,250,745.5859985351562,2.982343912124634,6.527871131896973,0.053958356380462646,597750
9,2392,250,1317.7723388671875,5.271089553833008,6.425478458404541,0.05356252193450928,598000
9,2393,250,754.01318359375,3.016052722930908,6.235960960388184,0.05316668748855591,598250
9,2394,250,1054.959228515625,4.219836711883545,6.301515102386475,0.05277085304260254,598500
9,2395,250,362.4893798828125,1.4499574899673462,6.3969831466674805,0.05237501859664917,598750
9,2396,250,880.3267211914062,3.5213069915771484,6.052273273468018,0.0519791841506958,599000
9,2397,250,1073.7489013671875,4.2949957847595215,6.187739372253418,0.05158334970474243,599250
9,2398,250,869.041259765625,3.4761650562286377,6.012219429016113,0.05118751525878906,599500
9,2399,250,1288.4112548828125,5.153645038604736,5.908693790435791,0.05079168081283569,599750
9,2400,250,1264.883056640625,5.059532165527344,5.9853901863098145,0.050395846366882324,600000
9,2401,250,538.7703857421875,2.1550815105438232,6.323120594024658,0.050000011920928955,600250
9,2402,250,1395.68994140625,5.582759857177734,6.38318395614624,0.050000011920928955,600500
9,2403,250,826.8794555664062,3.3075177669525146,6.305141925811768,0.050000011920928955,600750
9,2404,250,433.6465148925781,1.7345860004425049,6.182311534881592,0.050000011920928955,601000
9,2405,250,1346.5467529296875,5.3861870765686035,6.761495590209961,0.050000011920928955,601250
9,2406,250,360.33343505859375,1.4413337707519531,6.434502601623535,0.050000011920928955,601500
9,2407,250,986.9722900390625,3.9478890895843506,6.2839765548706055,0.050000011920928955,601750
9,2408,250,1373.6080322265625,5.494431972503662,6.217316627502441,0.050000011920928955,602000
9,2409,250,1465.2388916015625,5.860955715179443,6.465576171875,0.050000011920928955,602250
9,2410,250,864.5066528320312,3.458026647567749,6.473336219787598,0.050000011920928955,602500
9,2411,250,778.4962768554688,3.113985061645508,6.479846954345703,0.050000011920928955,602750
9,2412,250,1451.50927734375,5.806036949157715,6.0298848152160645,0.050000011920928955,603000
9,2413,250,358.669921875,1.4346797466278076,6.203628063201904,0.050000011920928955,603250
9,2414,250,274.7723693847656,1.099089503288269,6.280544281005859,0.050000011920928955,603500
9,2415,250,341.2032165527344,1.3648128509521484,6.294284820556641,0.050000011920928955,603750
9,2416,250,294.4872131347656,1.1779488325119019,6.247269153594971,0.050000011920928955,604000
9,2417,250,1353.4656982421875,5.413862705230713,6.446920871734619,0.050000011920928955,604250
9,2418,250,405.9400329589844,1.6237601041793823,6.009274959564209,0.050000011920928955,604500
9,2419,250,1424.2420654296875,5.696968078613281,6.2447028160095215,0.050000011920928955,604750
9,2420,250,1089.1995849609375,4.35679817199707,6.206644535064697,0.050000011920928955,605000
9,2421,250,474.3633728027344,1.8974535465240479,6.214324474334717,0.050000011920928955,605250
9,2422,250,283.24566650390625,1.132982611656189,6.151086330413818,0.050000011920928955,605500
9,2423,250,317.7299499511719,1.2709197998046875,6.357509136199951,0.050000011920928955,605750
9,2424,250,255.17251586914062,1.0206900835037231,6.273346900939941,0.050000011920928955,606000
9,2425,250,780.5014038085938,3.1220057010650635,6.422730445861816,0.050000011920928955,606250
9,2426,250,145.3757781982422,0.5815030932426453,6.509483814239502,0.050000011920928955,606500
9,2427,250,439.3048095703125,1.7572191953659058,6.647616386413574,0.050000011920928955,606750
9,2428,250,416.5938415527344,1.6663753986358643,6.462972164154053,0.050000011920928955,607000
9,2429,250,262.6034851074219,1.050413966178894,6.7328782081604,0.050000011920928955,607250
9,2430,250,1283.6654052734375,5.134661674499512,6.702402591705322,0.050000011920928955,607500
9,2431,250,233.31228637695312,0.9332491159439087,6.3420796394348145,0.050000011920928955,607750
9,2432,250,924.01953125,3.696078062057495,6.445293426513672,0.050000011920928955,608000
9,2433,250,95.73017883300781,0.3829207122325897,6.412332534790039,0.050000011920928955,608250
9,2434,250,710.0924682617188,2.840369939804077,6.625831127166748,0.050000011920928955,608500
9,2435,250,202.20416259765625,0.80881667137146,6.031904220581055,0.050000011920928955,608750
9,2436,250,302.3928527832031,1.209571361541748,6.39473295211792,0.050000011920928955,609000
9,2437,250,988.8724365234375,3.9554896354675293,6.428144454956055,0.050000011920928955,609250
9,2438,250,1096.185302734375,4.384741306304932,6.240181922912598,0.050000011920928955,609500
9,2439,250,340.2994689941406,1.361197829246521,6.201119899749756,0.050000011920928955,609750
9,2440,250,788.522216796875,3.1540889739990234,6.363010883331299,0.050000011920928955,610000
9,2441,250,687.6051025390625,2.750420331954956,6.483929634094238,0.050000011920928955,610250
9,2442,250,1310.50634765625,5.242025375366211,6.599016189575195,0.050000011920928955,610500
9,2443,250,1416.2650146484375,5.665060043334961,6.246475696563721,0.050000011920928955,610750
9,2444,250,1053.4552001953125,4.213820934295654,6.086012363433838,0.050000011920928955,611000
9,2445,250,1595.4827880859375,6.381931304931641,6.854789733886719,0.050000011920928955,611250
9,2446,250,1299.8382568359375,5.199353218078613,6.392887115478516,0.050000011920928955,611500
9,2447,250,1299.1837158203125,5.19673490524292,6.321959972381592,0.050000011920928955,611750
9,2448,250,1240.317626953125,4.961270332336426,6.19732141494751,0.050000011920928955,612000
9,2449,250,1720.03564453125,6.880142688751221,6.114915370941162,0.050000011920928955,612250
9,2450,250,1599.2528076171875,6.3970112800598145,6.098033905029297,0.050000011920928955,612500
9,2451,250,1441.1312255859375,5.764524936676025,6.014888286590576,0.050000011920928955,612750
9,2452,250,1550.004150390625,6.200016498565674,5.674956798553467,0.050000011920928955,613000
9,2453,250,-38.759002685546875,-0.15503601729869843,6.163012981414795,0.050000011920928955,613250
9,2454,250,1617.9189453125,6.471675872802734,6.266061782836914,0.050000011920928955,613500
9,2455,250,1227.1160888671875,4.908464431762695,5.8993048667907715,0.050000011920928955,613750
9,2456,250,1289.2073974609375,5.156829357147217,5.6653923988342285,0.050000011920928955,614000
9,2457,250,1334.7216796875,5.338886737823486,6.3300580978393555,0.050000011920928955,614250
9,2458,250,-76.5225601196289,-0.30609023571014404,5.990187168121338,0.050000011920928955,614500
9,2459,250,-85.74774932861328,-0.3429909944534302,6.233583927154541,0.050000011920928955,614750
9,2460,250,-84.42902374267578,-0.33771610260009766,6.142554759979248,0.050000011920928955,615000
9,2461,250,1315.5924072265625,5.262369632720947,6.8085036277771,0.050000011920928955,615250
9,2462,250,-30.371355056762695,-0.12148541957139969,6.335249423980713,0.050000011920928955,615500
9,2463,250,-90.87531280517578,-0.36350125074386597,6.549077987670898,0.050000011920928955,615750
9,2464,250,-79.53894805908203,-0.31815579533576965,6.481663703918457,0.050000011920928955,616000
9,2465,250,-95.14921569824219,-0.3805968761444092,7.288146018981934,0.050000011920928955,616250
9,2466,250,1575.4844970703125,6.301938056945801,6.751636505126953,0.050000011920928955,616500
9,2467,250,-73.01738739013672,-0.29206955432891846,6.700113296508789,0.050000011920928955,616750
9,2468,250,-97.66490936279297,-0.3906596302986145,6.6631293296813965,0.050000011920928955,617000
9,2469,250,-122.19081115722656,-0.4887632429599762,7.109838008880615,0.050000011920928955,617250
9,2470,250,-185.41390991210938,-0.7416556477546692,6.7009735107421875,0.050000011920928955,617500
9,2471,250,-53.8886833190918,-0.21555472910404205,6.677792072296143,0.050000011920928955,617750
9,2472,250,-81.02658081054688,-0.3241063356399536,6.524763107299805,0.050000011920928955,618000
9,2473,250,-73.109619140625,-0.29243847727775574,7.132163047790527,0.050000011920928955,618250
9,2474,250,-102.82135009765625,-0.411285400390625,7.0975213050842285,0.050000011920928955,618500
9,2475,250,-73.30908203125,-0.29323631525039673,7.334310531616211,0.050000011920928955,618750
9,2476,250,-79.9605484008789,-0.3198421895503998,6.5733184814453125,0.050000011920928955,619000
9,2477,250,-111.02071380615234,-0.4440828561782837,7.648160934448242,0.050000011920928955,619250
9,2478,250,-59.82671356201172,-0.23930685222148895,7.111597061157227,0.050000011920928955,619500
9,2479,250,-63.807437896728516,-0.25522974133491516,7.233091831207275,0.050000011920928955,619750
9,2480,250,-56.89406967163086,-0.22757628560066223,6.632034778594971,0.050000011920928955,620000
9,2481,250,-95.6012191772461,-0.3824048638343811,7.105798721313477,0.050000011920928955,620250
9,2482,250,1705.3231201171875,6.821292400360107,6.869901657104492,0.050000011920928955,620500
9,2483,250,-62.19757080078125,-0.24879027903079987,6.565005302429199,0.050000011920928955,620750
9,2484,250,-70.38044738769531,-0.2815217971801758,6.3597235679626465,0.050000011920928955,621000
9,2485,250,-156.02713012695312,-0.6241084933280945,7.387965202331543,0.050000011920928955,621250
9,2486,250,-89.54706573486328,-0.358188271522522,6.620821952819824,0.050000011920928955,621500
9,2487,250,-83.39791870117188,-0.33359166979789734,5.996562480926514,0.050000011920928955,621750
9,2488,250,1770.072021484375,7.080287933349609,6.238940238952637,0.050000011920928955,622000
9,2489,250,1196.679931640625,4.786719799041748,7.719916820526123,0.050000011920928955,622250
9,2490,250,22.7266902923584,0.09090676158666611,6.633838653564453,0.050000011920928955,622500
9,2491,250,-491.8800048828125,-1.967519998550415,6.578577041625977,0.050000011920928955,622750
9,2492,250,1573.2210693359375,6.292884349822998,6.404979705810547,0.050000011920928955,623000
9,2493,250,1546.775390625,6.187101364135742,7.2820048332214355,0.050000011920928955,623250
9,2494,250,1074.11376953125,4.296454906463623,6.795297622680664,0.050000011920928955,623500
9,2495,250,1632.7779541015625,6.531111717224121,6.239509582519531,0.050000011920928955,623750
9,2496,250,1669.9696044921875,6.679878234863281,6.161508083343506,0.050000011920928955,624000
9,2497,250,1645.587890625,6.5823516845703125,6.378288745880127,0.050000011920928955,624250
9,2498,250,1652.723876953125,6.61089563369751,5.920905590057373,0.050000011920928955,624500
9,2499,250,1682.3974609375,6.729589939117432,5.418121337890625,0.050000011920928955,624750
9,2500,250,1479.330078125,5.917320251464844,5.202910423278809,0.050000011920928955,625000
9,2501,250,1644.13671875,6.576546669006348,5.983503341674805,0.050000011920928955,625250
9,2502,250,1676.90087890625,6.707603454589844,5.292426109313965,0.050000011920928955,625500
9,2503,250,1667.6063232421875,6.6704254150390625,4.845151901245117,0.050000011920928955,625750
9,2504,250,1327.7822265625,5.311129093170166,4.726559162139893,0.050000011920928955,626000
9,2505,250,1742.946533203125,6.971786022186279,5.483281135559082,0.050000011920928955,626250
9,2506,250,1233.349609375,4.933398246765137,4.816798686981201,0.050000011920928955,626500
9,2507,250,1044.10791015625,4.176431655883789,4.812164306640625,0.050000011920928955,626750
9,2508,250,1466.369873046875,5.865479469299316,4.55355978012085,0.050000011920928955,627000
9,2509,250,1702.343994140625,6.809375762939453,4.7977705001831055,0.050000011920928955,627250
9,2510,250,1656.4512939453125,6.625805377960205,4.633920192718506,0.050000011920928955,627500
9,2511,250,1631.189453125,6.5247578620910645,4.5077290534973145,0.050000011920928955,627750
9,2512,250,505.725830078125,2.0229032039642334,4.219908714294434,0.050000011920928955,628000
9,2513,250,1640.651611328125,6.562606334686279,4.644541263580322,0.050000011920928955,628250
9,2514,250,1727.16064453125,6.908642768859863,4.456027507781982,0.050000011920928955,628500
9,2515,250,1724.559326171875,6.898237228393555,4.572477340698242,0.050000011920928955,628750
9,2516,250,1664.44970703125,6.657798767089844,4.0353593826293945,0.050000011920928955,629000
9,2517,250,1692.6895751953125,6.770758152008057,4.300320148468018,0.050000011920928955,629250
9,2518,250,1685.260009765625,6.741040229797363,4.282703399658203,0.050000011920928955,629500
9,2519,250,1647.266845703125,6.589067459106445,3.850116729736328,0.050000011920928955,629750
9,2520,250,1534.501220703125,6.138004779815674,4.01510763168335,0.050000011920928955,630000
9,2521,250,1709.313232421875,6.837253093719482,4.286250114440918,0.050000011920928955,630250
9,2522,250,-42.49522018432617,-0.16998088359832764,4.151559829711914,0.050000011920928955,630500
9,2523,250,2.1050820350646973,0.008420327678322792,4.211880683898926,0.050000011920928955,630750
9,2524,250,1752.72216796875,7.010888576507568,4.0634002685546875,0.050000011920928955,631000
9,2525,250,750.1646728515625,3.0006587505340576,4.535600662231445,0.050000011920928955,631250
9,2526,250,1644.461181640625,6.577844619750977,4.323817729949951,0.050000011920928955,631500
9,2527,250,-48.675567626953125,-0.19470226764678955,3.907360792160034,0.050000011920928955,631750
9,2528,250,1783.29345703125,7.133173942565918,3.8340470790863037,0.050000011920928955,632000
9,2529,250,1730.036376953125,6.920145511627197,4.559895992279053,0.050000011920928955,632250
9,2530,250,1766.806640625,7.067226409912109,4.277345180511475,0.050000011920928955,632500
9,2531,250,1679.66748046875,6.718669891357422,3.9896631240844727,0.050000011920928955,632750
9,2532,250,-41.54736328125,-0.16618944704532623,3.879145622253418,0.050000011920928955,633000
9,2533,250,-42.03492736816406,-0.16813971102237701,4.742593765258789,0.050000011920928955,633250
9,2534,250,-29.84304428100586,-0.1193721741437912,4.5351481437683105,0.050000011920928955,633500
9,2535,250,-52.00899124145508,-0.20803596079349518,4.751247882843018,0.050000011920928955,633750
9,2536,250,1629.501220703125,6.518004894256592,5.044328212738037,0.050000011920928955,634000
9,2537,250,1446.73388671875,5.786935329437256,5.387668609619141,0.050000011920928955,634250
9,2538,250,-39.57790756225586,-0.1583116352558136,4.982731342315674,0.050000011920928955,634500
9,2539,250,-30.3236026763916,-0.12129440903663635,5.240277290344238,0.050000011920928955,634750
9,2540,250,-34.66262435913086,-0.13865049183368683,5.3788838386535645,0.050000011920928955,635000
9,2541,250,-36.65619659423828,-0.14662478864192963,7.016694068908691,0.050000011920928955,635250
9,2542,250,-36.65507507324219,-0.14662030339241028,6.437112808227539,0.050000011920928955,635500
9,2543,250,-21.19136619567871,-0.0847654640674591,6.408511638641357,0.050000011920928955,635750
9,2544,250,-23.824806213378906,-0.09529922157526016,6.512701511383057,0.050000011920928955,636000
9,2545,250,1797.23291015625,7.188931465148926,7.221909999847412,0.050000011920928955,636250
9,2546,250,-13.344490051269531,-0.05337795987725258,6.7909836769104,0.050000011920928955,636500
9,2547,250,-30.141897201538086,-0.12056758999824524,6.5275044441223145,0.050000011920928955,636750
9,2548,250,-21.164897918701172,-0.08465959131717682,6.161596298217773,0.050000011920928955,637000
9,2549,250,1642.2191162109375,6.568876266479492,7.4094109535217285,0.050000011920928955,637250
9,2550,250,12.441699981689453,0.04976680129766464,7.262978553771973,0.050000011920928955,637500
9,2551,250,-22.26701545715332,-0.08906806260347366,7.1342902183532715,0.050000011920928955,637750
9,2552,250,1294.880615234375,5.179522514343262,6.7101826667785645,0.050000011920928955,638000
9,2553,250,1788.0960693359375,7.152384281158447,7.840707302093506,0.050000011920928955,638250
9,2554,250,0.23930490016937256,0.0009572196286171675,7.197801113128662,0.050000011920928955,638500
9,2555,250,-5.049777030944824,-0.020199108868837357,6.917019844055176,0.050000011920928955,638750
9,2556,250,1759.844970703125,7.039380073547363,6.518472194671631,0.050000011920928955,639000
9,2557,250,1496.7615966796875,5.987046241760254,7.342474460601807,0.050000011920928955,639250
9,2558,250,1294.4932861328125,5.17797327041626,6.640621662139893,0.050000011920928955,639500
9,2559,250,1603.14111328125,6.412564277648926,6.5458292961120605,0.050000011920928955,639750
9,2560,250,1319.7911376953125,5.2791643142700195,6.312891483306885,0.050000011920928955,640000
9,2561,250,1704.109619140625,6.816438674926758,7.7732977867126465,0.050000011920928955,640250
9,2562,250,1657.546875,6.630187511444092,7.162623405456543,0.050000011920928955,640500
9,2563,250,1400.715576171875,5.602862358093262,6.528004169464111,0.050000011920928955,640750
9,2564,250,1691.260009765625,6.765039920806885,6.464999675750732,0.050000011920928955,641000
9,2565,250,1654.05322265625,6.616212844848633,7.0945353507995605,0.050000011920928955,641250
9,2566,250,1681.4425048828125,6.725769996643066,6.796642303466797,0.050000011920928955,641500
9,2567,250,1638.3519287109375,6.553407669067383,6.611051559448242,0.050000011920928955,641750
9,2568,250,1740.046875,6.9601874351501465,6.299478530883789,0.050000011920928955,642000
9,2569,250,1287.926025390625,5.15170431137085,7.455953598022461,0.050000011920928955,642250
9,2570,250,1487.5718994140625,5.950287818908691,7.088345527648926,0.050000011920928955,642500
9,2571,250,1699.5933837890625,6.798373699188232,6.259571075439453,0.050000011920928955,642750
9,2572,250,1650.44384765625,6.601775169372559,6.611232280731201,0.050000011920928955,643000
9,2573,250,1530.1094970703125,6.120438098907471,7.942645072937012,0.050000011920928955,643250
9,2574,250,1244.5819091796875,4.978327751159668,7.287696361541748,0.050000011920928955,643500
9,2575,250,1684.64453125,6.7385783195495605,6.645324230194092,0.050000011920928955,643750
9,2576,250,1186.3016357421875,4.745206356048584,6.627386569976807,0.050000011920928955,644000
9,2577,250,589.9761962890625,2.3599047660827637,7.30935001373291,0.050000011920928955,644250
9,2578,250,1528.923095703125,6.115692615509033,7.007004737854004,0.050000011920928955,644500
9,2579,250,1254.9713134765625,5.019885063171387,6.4755859375,0.050000011920928955,644750
9,2580,250,1296.5062255859375,5.1860246658325195,6.236286163330078,0.050000011920928955,645000
9,2581,250,-3.1465606689453125,-0.012586242519319057,6.5946221351623535,0.050000011920928955,645250
9,2582,250,-494.41412353515625,-1.9776564836502075,6.263192176818848,0.050000011920928955,645500
9,2583,250,850.8761596679688,3.4035046100616455,6.011435508728027,0.050000011920928955,645750
9,2584,250,1253.79931640625,5.015197277069092,5.651368141174316,0.050000011920928955,646000
9,2585,250,830.2213745117188,3.320885419845581,5.90190315246582,0.050000011920928955,646250
9,2586,250,1502.504638671875,6.010018348693848,5.713130950927734,0.050000011920928955,646500
9,2587,250,1367.4678955078125,5.469871520996094,5.3955206871032715,0.050000011920928955,646750
9,2588,250,112.07408905029297,0.44829636812210083,4.944161415100098,0.050000011920928955,647000
9,2589,250,780.5450439453125,3.122180223464966,5.713735103607178,0.050000011920928955,647250
9,2590,250,782.4939575195312,3.1299757957458496,5.201037406921387,0.050000011920928955,647500
9,2591,250,219.79360961914062,0.8791744112968445,5.623584270477295,0.050000011920928955,647750
9,2592,250,702.421875,2.809687614440918,4.913499355316162,0.050000011920928955,648000
9,2593,250,669.8016967773438,2.6792068481445312,5.602910995483398,0.050000011920928955,648250
9,2594,250,1308.80517578125,5.235220909118652,5.4434356689453125,0.050000011920928955,648500
9,2595,250,224.48829650878906,0.8979532122612,5.19844388961792,0.050000011920928955,648750
9,2596,250,803.5333251953125,3.2141332626342773,4.8515400886535645,0.050000011920928955,649000
9,2597,250,1187.694580078125,4.7507781982421875,5.625593662261963,0.050000011920928955,649250
9,2598,250,1273.087646484375,5.092350482940674,5.3078107833862305,0.050000011920928955,649500
9,2599,250,1323.04736328125,5.292189598083496,5.124996662139893,0.050000011920928955,649750
9,2600,250,1651.442138671875,6.60576868057251,4.877356052398682,0.050000011920928955,650000
9,2601,250,1300.1590576171875,5.200636386871338,5.493625640869141,0.050000011920928955,650250
9,2602,250,1025.9259033203125,4.103703498840332,5.279909133911133,0.050000011920928955,650500
9,2603,250,1373.1435546875,5.492574214935303,5.297218322753906,0.050000011920928955,650750
9,2604,250,1696.9072265625,6.787629127502441,5.071286678314209,0.050000011920928955,651000
9,2605,250,1705.2911376953125,6.821164608001709,5.465362548828125,0.050000011920928955,651250
9,2606,250,-244.01168823242188,-0.9760467410087585,5.326364517211914,0.050000011920928955,651500
9,2607,250,839.9907836914062,3.3599631786346436,5.306617259979248,0.050000011920928955,651750
9,2608,250,-490.1814880371094,-1.9607259035110474,5.24375057220459,0.050000011920928955,652000
9,2609,250,1738.839111328125,6.955356597900391,5.600155830383301,0.050000011920928955,652250
9,2610,250,1731.166748046875,6.924666881561279,5.688019275665283,0.050000011920928955,652500
9,2611,250,1670.14697265625,6.6805877685546875,5.097092151641846,0.050000011920928955,652750
9,2612,250,1711.25390625,6.845015525817871,5.429037570953369,0.050000011920928955,653000
9,2613,250,1338.30029296875,5.353201389312744,5.649708271026611,0.050000011920928955,653250
9,2614,250,-41.53583908081055,-0.16614335775375366,5.657222747802734,0.050000011920928955,653500
9,2615,250,1765.281982421875,7.06112813949585,5.976314067840576,0.050000011920928955,653750
9,2616,250,-59.86332702636719,-0.2394533008337021,5.4338202476501465,0.050000011920928955,654000
9,2617,250,1708.68701171875,6.834748268127441,5.960469722747803,0.050000011920928955,654250
9,2618,250,1539.360107421875,6.157440662384033,5.6336164474487305,0.050000011920928955,654500
9,2619,250,1039.02685546875,4.156107425689697,5.560094833374023,0.050000011920928955,654750
9,2620,250,-70.19427490234375,-0.28077709674835205,5.5922322273254395,0.050000011920928955,655000
9,2621,250,1708.5247802734375,6.834099292755127,6.266902446746826,0.050000011920928955,655250
9,2622,250,1674.27294921875,6.697091579437256,5.771608352661133,0.050000011920928955,655500
9,2623,250,684.5553588867188,2.7382214069366455,5.583761215209961,0.050000011920928955,655750
9,2624,250,49.63019561767578,0.19852077960968018,5.694870948791504,0.050000011920928955,656000
9,2625,250,938.5528564453125,3.75421142578125,6.410727024078369,0.050000011920928955,656250
9,2626,250,503.4912109375,2.013964891433716,6.175607204437256,0.050000011920928955,656500
9,2627,250,1666.0008544921875,6.664003372192383,6.341095447540283,0.050000011920928955,656750
9,2628,250,98.0979995727539,0.39239200949668884,6.011307239532471,0.050000011920928955,657000
9,2629,250,-38.71488952636719,-0.15485955774784088,6.614670753479004,0.050000011920928955,657250
9,2630,250,166.57644653320312,0.6663057804107666,6.309006214141846,0.050000011920928955,657500
9,2631,250,50.79895782470703,0.20319582521915436,6.3886895179748535,0.050000011920928955,657750
9,2632,250,-38.728939056396484,-0.15491575002670288,6.29860782623291,0.050000011920928955,658000
9,2633,250,32.02659225463867,0.12810637056827545,7.161923408508301,0.050000011920928955,658250
9,2634,250,1620.952880859375,6.483811378479004,7.007554531097412,0.050000011920928955,658500
9,2635,250,249.45401000976562,0.9978160262107849,6.897110939025879,0.050000011920928955,658750
9,2636,250,1770.8203125,7.08328104019165,7.189038276672363,0.050000011920928955,659000
9,2637,250,45.64032745361328,0.18256130814552307,7.47688627243042,0.050000011920928955,659250
9,2638,250,20.57691192626953,0.08230764418840408,7.230361461639404,0.050000011920928955,659500
9,2639,250,1235.7269287109375,4.942907810211182,7.026479244232178,0.050000011920928955,659750
9,2640,250,1647.0030517578125,6.588012218475342,6.98749303817749,0.050000011920928955,660000
9,2641,250,57.25395584106445,0.22901582717895508,7.842705249786377,0.050000011920928955,660250
9,2642,250,1584.543701171875,6.338174819946289,7.395595073699951,0.050000011920928955,660500
9,2643,250,1725.65087890625,6.902603626251221,7.6176323890686035,0.050000011920928955,660750
9,2644,250,1751.4066162109375,7.005626678466797,7.383221626281738,0.050000011920928955,661000
9,2645,250,376.253662109375,1.5050146579742432,8.635011672973633,0.050000011920928955,661250
9,2646,250,1412.4339599609375,5.649735927581787,8.068282127380371,0.050000011920928955,661500
9,2647,250,1728.4482421875,6.913793087005615,8.149621963500977,0.050000011920928955,661750
9,2648,250,1775.738525390625,7.102953910827637,8.304582595825195,0.050000011920928955,662000
9,2649,250,1751.14111328125,7.00456428527832,9.144442558288574,0.050000011920928955,662250
9,2650,250,1733.453369140625,6.933813571929932,8.511409759521484,0.050000011920928955,662500
9,2651,250,1737.362548828125,6.9494500160217285,8.669628143310547,0.050000011920928955,662750
9,2652,250,1906.46728515625,7.625869274139404,8.205344200134277,0.050000011920928955,663000
9,2653,250,1820.6640625,7.282656192779541,7.621434688568115,0.050000011920928955,663250
9,2654,250,1716.45263671875,6.865810394287109,7.614406108856201,0.050000011920928955,663500
9,2655,250,939.1163330078125,3.756465435028076,7.520349979400635,0.050000011920928955,663750
9,2656,250,1583.3468017578125,6.33338737487793,6.990551471710205,0.050000011920928955,664000
9,2657,250,1748.893798828125,6.995575428009033,7.274677276611328,0.050000011920928955,664250
9,2658,250,1752.819580078125,7.01127815246582,6.89630651473999,0.050000011920928955,664500
9,2659,250,1598.5240478515625,6.394096374511719,6.835693836212158,0.050000011920928955,664750
9,2660,250,1668.76025390625,6.675041198730469,6.5495405197143555,0.050000011920928955,665000
9,2661,250,1785.63427734375,7.1425371170043945,6.733912467956543,0.050000011920928955,665250
9,2662,250,1695.1346435546875,6.780538558959961,6.610780239105225,0.050000011920928955,665500
9,2663,250,1315.470947265625,5.261883735656738,6.515300273895264,0.050000011920928955,665750
9,2664,250,1748.5926513671875,6.994370460510254,6.254728317260742,0.050000011920928955,666000
9,2665,250,1167.6171875,4.670468807220459,6.125484943389893,0.050000011920928955,666250
9,2666,250,1473.0235595703125,5.892094135284424,6.028679847717285,0.050000011920928955,666500
9,2667,250,1724.26708984375,6.897068500518799,6.018696308135986,0.050000011920928955,666750
9,2668,250,1785.51171875,7.142046928405762,5.865175247192383,0.050000011920928955,667000
9,2669,250,1733.8616943359375,6.935446739196777,6.06085729598999,0.050000011920928955,667250
9,2670,250,1780.986328125,7.123945236206055,5.5549492835998535,0.050000011920928955,667500
9,2671,250,1703.649169921875,6.814596652984619,5.3227152824401855,0.050000011920928955,667750
9,2672,250,1745.2535400390625,6.981014251708984,4.957920074462891,0.050000011920928955,668000
9,2673,250,1564.103271484375,6.256412982940674,4.785346984863281,0.050000011920928955,668250
9,2674,250,1775.775390625,7.10310173034668,4.722194671630859,0.050000011920928955,668500
9,2675,250,1730.876953125,6.9235076904296875,4.5629754066467285,0.050000011920928955,668750
9,2676,250,1763.259521484375,7.053038120269775,4.100633144378662,0.050000011920928955,669000
9,2677,250,1677.466796875,6.709867000579834,4.583881378173828,0.050000011920928955,669250
9,2678,250,1715.4173583984375,6.861669540405273,4.362728595733643,0.050000011920928955,669500
9,2679,250,1275.0723876953125,5.100289344787598,3.691788911819458,0.050000011920928955,669750
9,2680,250,1618.5574951171875,6.47422981262207,3.8601908683776855,0.050000011920928955,670000
9,2681,250,1184.2998046875,4.737199306488037,3.935760498046875,0.050000011920928955,670250
9,2682,250,1673.693115234375,6.694772243499756,3.518462896347046,0.050000011920928955,670500
9,2683,250,1733.114013671875,6.932456016540527,3.590651750564575,0.050000011920928955,670750
9,2684,250,1693.4501953125,6.773800849914551,3.3935322761535645,0.050000011920928955,671000
9,2685,250,1258.802978515625,5.03521203994751,3.7697360515594482,0.050000011920928955,671250
9,2686,250,1280.0205078125,5.120081901550293,3.332418441772461,0.050000011920928955,671500
9,2687,250,963.037841796875,3.852151393890381,3.411302328109741,0.050000011920928955,671750
9,2688,250,1658.5015869140625,6.634006500244141,3.353332042694092,0.050000011920928955,672000
9,2689,250,1494.34130859375,5.977365016937256,3.6566073894500732,0.050000011920928955,672250
9,2690,250,1156.030517578125,4.624122142791748,3.773075580596924,0.050000011920928955,672500
9,2691,250,1535.785400390625,6.143141746520996,3.5878615379333496,0.050000011920928955,672750
9,2692,250,1235.320556640625,4.941282272338867,3.602067708969116,0.050000011920928955,673000
9,2693,250,1706.8719482421875,6.827487945556641,3.9833598136901855,0.050000011920928955,673250
9,2694,250,1193.0267333984375,4.772107124328613,3.665367603302002,0.050000011920928955,673500
9,2695,250,1687.9010009765625,6.751604080200195,3.3193678855895996,0.050000011920928955,673750
9,2696,250,730.84765625,2.9233906269073486,3.49326229095459,0.050000011920928955,674000
9,2697,250,1696.53564453125,6.786142349243164,3.7717628479003906,0.050000011920928955,674250
9,2698,250,1327.906982421875,5.3116278648376465,3.9328179359436035,0.050000011920928955,674500
9,2699,250,1658.207275390625,6.632829189300537,3.5170390605926514,0.050000011920928955,674750
9,2700,250,1304.5374755859375,5.2181501388549805,3.7419633865356445,0.050000011920928955,675000
9,2701,250,1273.66796875,5.094671726226807,3.8190152645111084,0.050000011920928955,675250
9,2702,250,1530.787841796875,6.1231513023376465,3.630789279937744,0.050000011920928955,675500
9,2703,250,1371.8267822265625,5.487307071685791,3.754279136657715,0.050000011920928955,675750
9,2704,250,1594.970703125,6.3798828125,3.560408353805542,0.050000011920928955,676000
9,2705,250,1102.2620849609375,4.409048557281494,3.68601131439209,0.050000011920928955,676250
9,2706,250,1370.305908203125,5.4812235832214355,3.591616153717041,0.050000011920928955,676500
9,2707,250,1502.95068359375,6.011802673339844,3.6211938858032227,0.050000011920928955,676750
9,2708,250,1376.819091796875,5.50727653503418,3.5127615928649902,0.050000011920928955,677000
9,2709,250,1580.425048828125,6.321700096130371,3.639387845993042,0.050000011920928955,677250
9,2710,250,1691.9189453125,6.767675876617432,3.7403512001037598,0.050000011920928955,677500
9,2711,250,1671.5281982421875,6.686112880706787,3.5081777572631836,0.050000011920928955,677750
9,2712,250,165.53631591796875,0.6621452569961548,3.3436625003814697,0.050000011920928955,678000
9,2713,250,1697.98388671875,6.791935443878174,3.5801687240600586,0.050000011920928955,678250
9,2714,250,118.89533996582031,0.4755813479423523,3.6862285137176514,0.050000011920928955,678500
9,2715,250,1739.42138671875,6.957685470581055,3.848015785217285,0.050000011920928955,678750
9,2716,250,1812.095703125,7.248383045196533,3.635019540786743,0.050000011920928955,679000
9,2717,250,88.622802734375,0.3544912040233612,3.9793107509613037,0.050000011920928955,679250
9,2718,250,1815.5015869140625,7.2620062828063965,4.239574432373047,0.050000011920928955,679500
9,2719,250,1649.65234375,6.598609447479248,3.9240500926971436,0.050000011920928955,679750
9,2720,250,1857.242431640625,7.428969860076904,3.9127538204193115,0.050000011920928955,680000
9,2721,250,1876.711181640625,7.506844520568848,4.280935287475586,0.050000011920928955,680250
9,2722,250,1893.442138671875,7.573768615722656,3.721846103668213,0.050000011920928955,680500
9,2723,250,65.17514038085938,0.2607005536556244,4.271268844604492,0.050000011920928955,680750
9,2724,250,1753.8426513671875,7.0153703689575195,4.08471155166626,0.050000011920928955,681000
9,2725,250,1788.1737060546875,7.1526947021484375,4.20863676071167,0.050000011920928955,681250
9,2726,250,1666.8267822265625,6.667306900024414,4.147019386291504,0.050000011920928955,681500
9,2727,250,50.59341812133789,0.202373668551445,3.8868815898895264,0.050000011920928955,681750
9,2728,250,1099.345458984375,4.397381782531738,4.3034749031066895,0.050000011920928955,682000
9,2729,250,1619.094482421875,6.476377964019775,4.570655822753906,0.050000011920928955,682250
9,2730,250,1221.7452392578125,4.886981010437012,4.523464202880859,0.050000011920928955,682500
9,2731,250,1856.7569580078125,7.427027702331543,4.430383205413818,0.050000011920928955,682750
9,2732,250,1879.1099853515625,7.516439914703369,4.289714336395264,0.050000011920928955,683000
9,2733,250,-4.711368083953857,-0.01884547248482704,4.795750141143799,0.050000011920928955,683250
9,2734,250,1896.689208984375,7.586756706237793,4.784421920776367,0.050000011920928955,683500
9,2735,250,-18.264511108398438,-0.07305804640054703,4.870838642120361,0.050000011920928955,683750
9,2736,250,25.499217987060547,0.10199686884880066,4.729139804840088,0.050000011920928955,684000
9,2737,250,-14.333528518676758,-0.057334113866090775,5.435146808624268,0.050000011920928955,684250
9,2738,250,19.393815994262695,0.07757526636123657,5.719583988189697,0.050000011920928955,684500
9,2739,250,30.447891235351562,0.12179156392812729,5.523116588592529,0.050000011920928955,684750
9,2740,250,16.677764892578125,0.06671106070280075,5.6634087562561035,0.050000011920928955,685000
9,2741,250,-29.464111328125,-0.11785644292831421,6.479445457458496,0.050000011920928955,685250
9,2742,250,1805.6634521484375,7.222653865814209,6.339315414428711,0.050000011920928955,685500
9,2743,250,5.618314743041992,0.022473258897662163,6.167447090148926,0.050000011920928955,685750
9,2744,250,1858.58251953125,7.434329986572266,6.134405612945557,0.050000011920928955,686000
9,2745,250,18.139495849609375,0.07255798578262329,6.663946151733398,0.050000011920928955,686250
9,2746,250,-28.51285743713379,-0.11405143141746521,6.513807773590088,0.050000011920928955,686500
9,2747,250,2.5569710731506348,0.010227884165942669,6.675573825836182,0.050000011920928955,686750
9,2748,250,6.601378440856934,0.026405513286590576,6.827926158905029,0.050000011920928955,687000
9,2749,250,-38.94565200805664,-0.15578261017799377,7.521245002746582,0.050000011920928955,687250
9,2750,250,-34.87062454223633,-0.1394824981689453,7.5987935066223145,0.050000011920928955,687500
9,2751,250,7.421778202056885,0.02968711219727993,7.352600574493408,0.050000011920928955,687750
9,2752,250,1905.0537109375,7.620214939117432,7.402688026428223,0.050000011920928955,688000
9,2753,250,-34.07475662231445,-0.1362990289926529,7.795054912567139,0.050000011920928955,688250
9,2754,250,-8.202796936035156,-0.03281118720769882,7.83295202255249,0.050000011920928955,688500
9,2755,250,-34.7277946472168,-0.138911172747612,7.342898845672607,0.050000011920928955,688750
9,2756,250,6.006692886352539,0.024026772007346153,7.84076452255249,0.050000011920928955,689000
9,2757,250,-15.949783325195312,-0.06379913538694382,8.15583610534668,0.050000011920928955,689250
9,2758,250,-26.935169219970703,-0.10774067789316177,8.096307754516602,0.050000011920928955,689500
9,2759,250,-1.1790976524353027,-0.004716390743851662,8.235331535339355,0.050000011920928955,689750
9,2760,250,21.9218807220459,0.08768752217292786,8.04970645904541,0.050000011920928955,690000
9,2761,250,28.564903259277344,0.11425961554050446,8.71291732788086,0.050000011920928955,690250
9,2762,250,-43.10955047607422,-0.17243820428848267,8.371066093444824,0.050000011920928955,690500
9,2763,250,-70.45225524902344,-0.2818090319633484,8.347795486450195,0.050000011920928955,690750
9,2764,250,37.15211486816406,0.14860846102237701,8.029634475708008,0.050000011920928955,691000
9,2765,250,97.07366180419922,0.38829463720321655,8.683897972106934,0.050000011920928955,691250
9,2766,250,-56.53190994262695,-0.22612763941287994,8.762781143188477,0.050000011920928955,691500
9,2767,250,71.82720947265625,0.28730884194374084,8.400934219360352,0.050000011920928955,691750
9,2768,250,-78.33306121826172,-0.3133322596549988,8.510944366455078,0.050000011920928955,692000
9,2769,250,-66.68280029296875,-0.2667312026023865,8.810361862182617,0.050000011920928955,692250
9,2770,250,-1.2891672849655151,-0.005156669300049543,8.524775505065918,0.050000011920928955,692500
9,2771,250,1467.13818359375,5.8685526847839355,8.354884147644043,0.050000011920928955,692750
9,2772,250,-27.57840919494629,-0.11031363904476166,8.334147453308105,0.050000011920928955,693000
9,2773,250,-86.06218719482422,-0.3442487418651581,8.754947662353516,0.050000011920928955,693250
9,2774,250,1557.3876953125,6.229550838470459,8.460331916809082,0.050000011920928955,693500
9,2775,250,-54.385581970214844,-0.21754232048988342,8.291539192199707,0.050000011920928955,693750
9,2776,250,-45.06291961669922,-0.18025167286396027,8.282469749450684,0.050000011920928955,694000
9,2777,250,-28.42376708984375,-0.11369507014751434,8.517269134521484,0.050000011920928955,694250
9,2778,250,-122.65668487548828,-0.4906267523765564,7.9195146560668945,0.050000011920928955,694500
9,2779,250,-70.67533111572266,-0.282701313495636,7.856817245483398,0.050000011920928955,694750
9,2780,250,-58.30318832397461,-0.23321275413036346,7.77571964263916,0.050000011920928955,695000
9,2781,250,-6.791345596313477,-0.027165383100509644,8.000802993774414,0.050000011920928955,695250
9,2782,250,7.924703598022461,0.031698815524578094,8.182562828063965,0.050000011920928955,695500
9,2783,250,-14.820293426513672,-0.05928117409348488,7.9416985511779785,0.050000011920928955,695750
9,2784,250,-47.059112548828125,-0.18823644518852234,7.9110426902771,0.050000011920928955,696000
9,2785,250,16.72484588623047,0.0668993815779686,8.043725967407227,0.050000011920928955,696250
9,2786,250,6.071862697601318,0.024287451058626175,8.14580249786377,0.050000011920928955,696500
9,2787,250,-28.4674072265625,-0.11386962980031967,7.758779525756836,0.050000011920928955,696750
9,2788,250,1728.150146484375,6.912600517272949,8.05385684967041,0.050000011920928955,697000
9,2789,250,40.107601165771484,0.1604304015636444,8.216641426086426,0.050000011920928955,697250
9,2790,250,37.25784683227539,0.1490313857793808,7.915841102600098,0.050000011920928955,697500
9,2791,250,12.111950874328613,0.048447802662849426,7.820079326629639,0.050000011920928955,697750
9,2792,250,1701.716796875,6.8068671226501465,7.680006504058838,0.050000011920928955,698000
9,2793,250,32.0052604675293,0.12802104651927948,7.7815165519714355,0.050000011920928955,698250
9,2794,250,-8.07512092590332,-0.03230048343539238,7.7373480796813965,0.050000011920928955,698500
9,2795,250,31.769758224487305,0.127079039812088,7.235702991485596,0.050000011920928955,698750
9,2796,250,1731.5323486328125,6.926129341125488,7.405259609222412,0.050000011920928955,699000
9,2797,250,1686.1317138671875,6.7445268630981445,7.534749984741211,0.050000011920928955,699250
9,2798,250,1675.8095703125,6.703238487243652,7.179348468780518,0.050000011920928955,699500
9,2799,250,1641.4639892578125,6.565855979919434,6.851941108703613,0.050000011920928955,699750
9,2800,250,1701.133544921875,6.804533958435059,6.784822463989258,0.050000011920928955,700000
9,2801,250,-15.067927360534668,-0.06027171015739441,7.043097019195557,0.050000011920928955,700250
9,2802,250,-48.32356262207031,-0.19329425692558289,6.833902835845947,0.050000011920928955,700500
9,2803,250,-34.550540924072266,-0.13820216059684753,7.091552257537842,0.050000011920928955,700750
9,2804,250,1688.4134521484375,6.7536540031433105,6.567166328430176,0.050000011920928955,701000
9,2805,250,1708.7347412109375,6.834939002990723,6.50482702255249,0.050000011920928955,701250
9,2806,250,1720.115234375,6.880460739135742,6.405245304107666,0.050000011920928955,701500
9,2807,250,1681.5216064453125,6.726086616516113,6.189510822296143,0.050000011920928955,701750
9,2808,250,1765.07763671875,7.060310363769531,5.992615222930908,0.050000011920928955,702000
9,2809,250,1729.3843994140625,6.917537689208984,6.223844528198242,0.050000011920928955,702250
9,2810,250,1694.7119140625,6.778847694396973,5.78871488571167,0.050000011920928955,702500
9,2811,250,1743.3348388671875,6.973339557647705,5.622104644775391,0.050000011920928955,702750
9,2812,250,-1.208899974822998,-0.004835600033402443,5.534575462341309,0.050000011920928955,703000
9,2813,250,1723.76123046875,6.895044803619385,5.264580726623535,0.050000011920928955,703250
9,2814,250,1705.7523193359375,6.823009490966797,5.20720911026001,0.050000011920928955,703500
9,2815,250,1589.960205078125,6.3598408699035645,5.447129249572754,0.050000011920928955,703750
9,2816,250,-17.50695037841797,-0.07002779841423035,5.322782516479492,0.050000011920928955,704000
9,2817,250,1743.2774658203125,6.973109722137451,5.645623207092285,0.050000011920928955,704250
9,2818,250,1740.788330078125,6.96315336227417,5.3159942626953125,0.050000011920928955,704500
9,2819,250,1675.494384765625,6.701977729797363,5.2808942794799805,0.050000011920928955,704750
9,2820,250,1675.7073974609375,6.702829360961914,4.981387615203857,0.050000011920928955,705000
9,2821,250,1685.1241455078125,6.740496635437012,5.193178653717041,0.050000011920928955,705250
9,2822,250,5.194878578186035,0.02077951468527317,4.877514362335205,0.050000011920928955,705500
9,2823,250,1702.976318359375,6.811905384063721,4.831155776977539,0.050000011920928955,705750
9,2824,250,1744.2445068359375,6.976977825164795,4.754943370819092,0.050000011920928955,706000
9,2825,250,1733.8248291015625,6.935299396514893,5.080199241638184,0.050000011920928955,706250
9,2826,250,41.47843551635742,0.16591374576091766,4.887936592102051,0.050000011920928955,706500
9,2827,250,19.33559799194336,0.07734239101409912,4.782445430755615,0.050000011920928955,706750
9,2828,250,23.693035125732422,0.09477213770151138,4.799915313720703,0.050000011920928955,707000
9,2829,250,-26.869728088378906,-0.10747890919446945,5.146775245666504,0.050000011920928955,707250
9,2830,250,-5.805777549743652,-0.023223109543323517,5.1867499351501465,0.050000011920928955,707500
9,2831,250,1555.6351318359375,6.222540378570557,4.820150375366211,0.050000011920928955,707750
9,2832,250,1720.773681640625,6.883094787597656,4.728922367095947,0.050000011920928955,708000
9,2833,250,1674.8358154296875,6.699343204498291,4.962443828582764,0.050000011920928955,708250
9,2834,250,1722.947021484375,6.891788005828857,4.640695095062256,0.050000011920928955,708500
9,2835,250,-23.573530197143555,-0.09429412335157394,4.634117603302002,0.050000011920928955,708750
9,2836,250,-18.05131721496582,-0.07220526784658432,4.567513465881348,0.050000011920928955,709000
9,2837,250,1527.088623046875,6.108354568481445,4.996984481811523,0.050000011920928955,709250
9,2838,250,-39.030941009521484,-0.15612375736236572,4.861568450927734,0.050000011920928955,709500
9,2839,250,889.31982421875,3.557279348373413,4.610487937927246,0.050000011920928955,709750
9,2840,250,-93.29618072509766,-0.3731847107410431,4.73893404006958,0.050000011920928955,710000
9,2841,250,-57.05900192260742,-0.22823600471019745,5.177055835723877,0.050000011920928955,710250
9,2842,250,1601.8936767578125,6.407574653625488,4.966643333435059,0.050000011920928955,710500
9,2843,250,1687.5611572265625,6.750244617462158,5.174839019775391,0.050000011920928955,710750
9,2844,250,-61.445823669433594,-0.24578329920768738,4.915098667144775,0.050000011920928955,711000
9,2845,250,-32.93452072143555,-0.13173808157444,5.266536712646484,0.050000011920928955,711250
9,2846,250,0.479159951210022,0.0019166398560628295,5.437354564666748,0.050000011920928955,711500
9,2847,250,-24.917415618896484,-0.09966966509819031,5.419737339019775,0.050000011920928955,711750
9,2848,250,1696.163818359375,6.7846550941467285,5.674272537231445,0.050000011920928955,712000
9,2849,250,1711.0169677734375,6.8440680503845215,5.739251136779785,0.050000011920928955,712250
9,2850,250,1427.992431640625,5.71196985244751,5.628205299377441,0.050000011920928955,712500
9,2851,250,-50.242958068847656,-0.2009718269109726,5.5747599601745605,0.050000011920928955,712750
9,2852,250,1695.45458984375,6.781818389892578,5.512777805328369,0.050000011920928955,713000
9,2853,250,-3.5179851055145264,-0.014071940444409847,5.793454647064209,0.050000011920928955,713250
9,2854,250,937.3065795898438,3.7492263317108154,5.776078224182129,0.050000011920928955,713500
9,2855,250,-6.1870341300964355,-0.02474813722074032,5.7499284744262695,0.050000011920928955,713750
9,2856,250,31.825197219848633,0.12730078399181366,5.692448139190674,0.050000011920928955,714000
9,2857,250,82.44738006591797,0.32978951930999756,6.346485137939453,0.050000011920928955,714250
9,2858,250,16.026792526245117,0.06410717219114304,6.130865097045898,0.050000011920928955,714500
9,2859,250,143.97129821777344,0.5758851766586304,6.1740217208862305,0.050000011920928955,714750
9,2860,250,62.24247360229492,0.2489698976278305,6.300013065338135,0.050000011920928955,715000
9,2861,250,39.557193756103516,0.1582287698984146,7.1036176681518555,0.050000011920928955,715250
9,2862,250,0.37558507919311523,0.001502340310253203,7.197219371795654,0.050000011920928955,715500
9,2863,250,34.118953704833984,0.1364758163690567,7.019432544708252,0.050000011920928955,715750
9,2864,250,-17.191364288330078,-0.06876545399427414,7.085986614227295,0.050000011920928955,716000
9,2865,250,0.46967267990112305,0.0018786906730383635,7.981505393981934,0.050000011920928955,716250
9,2866,250,7.914543151855469,0.031658172607421875,8.107759475708008,0.050000011920928955,716500
9,2867,250,27.674213409423828,0.11069685220718384,8.3159761428833,0.050000011920928955,716750
9,2868,250,-41.99741744995117,-0.16798967123031616,8.36093521118164,0.050000011920928955,717000
9,2869,250,5.631982803344727,0.02252793125808239,8.648193359375,0.050000011920928955,717250
9,2870,250,-5.931477069854736,-0.023725908249616623,8.518614768981934,0.050000011920928955,717500
9,2871,250,6.854382514953613,0.027417529374361038,8.267621994018555,0.050000011920928955,717750
9,2872,250,-36.96767044067383,-0.14787067472934723,8.122488975524902,0.050000011920928955,718000
9,2873,250,41.26911163330078,0.16507644951343536,8.855391502380371,0.050000011920928955,718250
9,2874,250,-2.3826050758361816,-0.009530420415103436,9.0549955368042,0.050000011920928955,718500
9,2875,250,1026.0469970703125,4.104187965393066,9.14207649230957,0.050000011920928955,718750
9,2876,250,1430.006591796875,5.72002649307251,8.89615535736084,0.050000011920928955,719000
9,2877,250,-93.98741912841797,-0.3759496808052063,9.21607780456543,0.050000011920928955,719250
9,2878,250,-94.51724243164062,-0.3780689835548401,9.242912292480469,0.050000011920928955,719500
9,2879,250,-29.206066131591797,-0.11682426184415817,9.031171798706055,0.050000011920928955,719750
9,2880,250,-102.51752471923828,-0.4100700914859772,8.816530227661133,0.050000011920928955,720000
9,2881,250,1456.5574951171875,5.826230049133301,9.883549690246582,0.050000011920928955,720250
9,2882,250,-4.0029473304748535,-0.016011789441108704,9.087751388549805,0.050000011920928955,720500
9,2883,250,-45.034000396728516,-0.18013599514961243,9.249005317687988,0.050000011920928955,720750
9,2884,250,4.91391134262085,0.01965564489364624,9.407576560974121,0.050000011920928955,721000
9,2885,250,-0.17063498497009277,-0.0006825399468652904,9.800812721252441,0.050000011920928955,721250
9,2886,250,1490.14501953125,5.960579872131348,9.635478019714355,0.050000011920928955,721500
9,2887,250,1728.0789794921875,6.912315845489502,9.59988021850586,0.050000011920928955,721750
9,2888,250,-19.686704635620117,-0.07874681800603867,9.053403854370117,0.050000011920928955,722000
9,2889,250,-1.9306976795196533,-0.007722790818661451,9.838881492614746,0.050000011920928955,722250
9,2890,250,1024.2816162109375,4.097126483917236,10.029764175415039,0.050000011920928955,722500
9,2891,250,1382.919677734375,5.531678676605225,9.452751159667969,0.050000011920928955,722750
9,2892,250,1375.52001953125,5.502079963684082,9.057024955749512,0.050000011920928955,723000
9,2893,250,858.1488037109375,3.4325952529907227,9.401613235473633,0.050000011920928955,723250
9,2894,250,317.6717834472656,1.2706871032714844,9.42945384979248,0.050000011920928955,723500
9,2895,250,114.76490783691406,0.45905962586402893,9.192401885986328,0.050000011920928955,723750
9,2896,250,1749.755859375,6.9990234375,9.472733497619629,0.050000011920928955,724000
9,2897,250,1385.158203125,5.540632724761963,9.566844940185547,0.050000011920928955,724250
9,2898,250,1790.0875244140625,7.160350322723389,9.267406463623047,0.050000011920928955,724500
9,2899,250,1781.8641357421875,7.1274566650390625,8.934720039367676,0.050000011920928955,724750
9,2900,250,1803.441650390625,7.213766574859619,9.0145263671875,0.050000011920928955,725000
9,2901,250,1694.57373046875,6.778295040130615,9.119872093200684,0.050000011920928955,725250
9,2902,250,1712.115478515625,6.848462104797363,8.978006362915039,0.050000011920928955,725500
9,2903,250,1800.776123046875,7.203104496002197,8.742461204528809,0.050000011920928955,725750
9,2904,250,1190.4696044921875,4.761878490447998,8.395483016967773,0.050000011920928955,726000
9,2905,250,1442.181884765625,5.7687273025512695,8.586009979248047,0.050000011920928955,726250
9,2906,250,1624.6217041015625,6.4984869956970215,8.507761001586914,0.050000011920928955,726500
9,2907,250,1792.91162109375,7.171646595001221,8.079856872558594,0.050000011920928955,726750
9,2908,250,1375.2626953125,5.50105094909668,8.347970962524414,0.050000011920928955,727000
9,2909,250,1275.1956787109375,5.100782871246338,7.837609767913818,0.050000011920928955,727250
9,2910,250,1531.352783203125,6.125411033630371,7.746789932250977,0.050000011920928955,727500
9,2911,250,1553.2530517578125,6.213012218475342,7.536442756652832,0.050000011920928955,727750
9,2912,250,1411.0203857421875,5.6440815925598145,7.632028579711914,0.050000011920928955,728000
9,2913,250,1563.187744140625,6.252750873565674,7.976905345916748,0.050000011920928955,728250
9,2914,250,1324.7413330078125,5.2989654541015625,7.625624656677246,0.050000011920928955,728500
9,2915,250,1266.853271484375,5.067412853240967,7.140108108520508,0.050000011920928955,728750
9,2916,250,1131.8477783203125,4.527390956878662,7.16423225402832,0.050000011920928955,729000
9,2917,250,1468.1265869140625,5.872506141662598,7.315560817718506,0.050000011920928955,729250
9,2918,250,1742.03857421875,6.968154430389404,7.177642822265625,0.050000011920928955,729500
9,2919,250,1438.66259765625,5.754650592803955,6.840372085571289,0.050000011920928955,729750
9,2920,250,1450.5174560546875,5.802069664001465,6.6638054847717285,0.050000011920928955,730000
9,2921,250,1318.3701171875,5.273480415344238,6.612675189971924,0.050000011920928955,730250
9,2922,250,1347.306640625,5.38922643661499,6.471222400665283,0.050000011920928955,730500
9,2923,250,1027.7802734375,4.11112117767334,6.486201763153076,0.050000011920928955,730750
9,2924,250,3.074354648590088,0.012297418899834156,6.316494464874268,0.050000011920928955,731000
9,2925,250,1405.786865234375,5.623147487640381,6.522017002105713,0.050000011920928955,731250
9,2926,250,1390.6436767578125,5.562574863433838,6.367532253265381,0.050000011920928955,731500
9,2927,250,1723.677490234375,6.894710063934326,6.1892991065979,0.050000011920928955,731750
9,2928,250,32.15839385986328,0.12863357365131378,5.954277515411377,0.050000011920928955,732000
9,2929,250,1023.54931640625,4.0941972732543945,6.502151966094971,0.050000011920928955,732250
9,2930,250,1438.9403076171875,5.75576114654541,6.002935409545898,0.050000011920928955,732500
9,2931,250,6.497089862823486,0.02598835900425911,5.95231294631958,0.050000011920928955,732750
9,2932,250,939.9541015625,3.7598164081573486,5.957566738128662,0.050000011920928955,733000
9,2933,250,201.4642333984375,0.8058569431304932,6.495691776275635,0.050000011920928955,733250
9,2934,250,1778.2667236328125,7.113066673278809,6.460344314575195,0.050000011920928955,733500
9,2935,250,1765.81982421875,7.063279151916504,5.685013771057129,0.050000011920928955,733750
9,2936,250,1785.7574462890625,7.143029689788818,5.834904670715332,0.050000011920928955,734000
9,2937,250,331.9893798828125,1.3279575109481812,5.960533618927002,0.050000011920928955,734250
9,2938,250,1783.520751953125,7.134082794189453,6.001928329467773,0.050000011920928955,734500
9,2939,250,-81.25852966308594,-0.32503411173820496,6.3269267082214355,0.050000011920928955,734750
9,2940,250,1444.269287109375,5.7770771980285645,5.894270420074463,0.050000011920928955,735000
9,2941,250,1766.53271484375,7.066130638122559,6.6668267250061035,0.050000011920928955,735250
9,2942,250,-42.94504928588867,-0.17178019881248474,6.159281253814697,0.050000011920928955,735500
9,2943,250,1402.1865234375,5.60874605178833,6.5448222160339355,0.050000011920928955,735750
9,2944,250,1437.304931640625,5.74921989440918,6.567591190338135,0.050000011920928955,736000
9,2945,250,1442.769775390625,5.771079063415527,6.775930881500244,0.050000011920928955,736250
9,2946,250,1494.524169921875,5.9780964851379395,6.292351722717285,0.050000011920928955,736500
9,2947,250,1138.8699951171875,4.555480003356934,6.321100234985352,0.050000011920928955,736750
9,2948,250,1418.45361328125,5.673814296722412,6.131097316741943,0.050000011920928955,737000
9,2949,250,1804.3125,7.217249870300293,6.574580669403076,0.050000011920928955,737250
9,2950,250,1782.9908447265625,7.13196325302124,6.534837245941162,0.050000011920928955,737500
9,2951,250,1700.698486328125,6.802793979644775,6.240535736083984,0.050000011920928955,737750
9,2952,250,1504.76416015625,6.019056797027588,6.633207321166992,0.050000011920928955,738000
9,2953,250,1765.7691650390625,7.063076496124268,6.639484882354736,0.050000011920928955,738250
9,2954,250,1779.00390625,7.116015434265137,6.605423927307129,0.050000011920928955,738500
9,2955,250,1551.8028564453125,6.207211494445801,6.551292419433594,0.050000011920928955,738750
9,2956,250,1473.8876953125,5.895550727844238,6.244673252105713,0.050000011920928955,739000
9,2957,250,1244.99853515625,4.979994297027588,6.850959777832031,0.050000011920928955,739250
9,2958,250,1738.4344482421875,6.953737735748291,6.465120315551758,0.050000011920928955,739500
9,2959,250,1708.93798828125,6.835752010345459,6.149559020996094,0.050000011920928955,739750
9,2960,250,1602.461181640625,6.409844875335693,6.228743553161621,0.050000011920928955,740000
9,2961,250,1792.1644287109375,7.1686577796936035,6.972406387329102,0.050000011920928955,740250
9,2962,250,1435.38037109375,5.74152135848999,6.806048393249512,0.050000011920928955,740500
9,2963,250,1813.832763671875,7.255331039428711,6.465371131896973,0.050000011920928955,740750
9,2964,250,1497.8182373046875,5.991272926330566,6.456943035125732,0.050000011920928955,741000
9,2965,250,1429.005859375,5.7160234451293945,6.312617301940918,0.050000011920928955,741250
9,2966,250,1383.4093017578125,5.533637046813965,6.1133856773376465,0.050000011920928955,741500
9,2967,250,1667.7056884765625,6.670822620391846,6.2835469245910645,0.050000011920928955,741750
9,2968,250,964.2064819335938,3.856825828552246,5.913024425506592,0.050000011920928955,742000
9,2969,250,1405.3690185546875,5.621476173400879,5.8662109375,0.050000011920928955,742250
9,2970,250,205.52322387695312,0.8220928907394409,5.964602470397949,0.050000011920928955,742500
9,2971,250,1493.27783203125,5.973111152648926,5.933503150939941,0.050000011920928955,742750
9,2972,250,1510.585205078125,6.0423407554626465,5.610673427581787,0.050000011920928955,743000
9,2973,250,1490.8983154296875,5.963593482971191,5.8059306144714355,0.050000011920928955,743250
9,2974,250,1611.620849609375,6.446483612060547,5.7275567054748535,0.050000011920928955,743500
9,2975,250,1716.1007080078125,6.864402770996094,5.369943618774414,0.050000011920928955,743750
9,2976,250,1489.34130859375,5.957365036010742,5.195731163024902,0.050000011920928955,744000
9,2977,250,1501.919677734375,6.007678508758545,5.308248043060303,0.050000011920928955,744250
9,2978,250,1609.76513671875,6.439060688018799,5.373175621032715,0.050000011920928955,744500
9,2979,250,1466.12646484375,5.864505767822266,5.032033443450928,0.050000011920928955,744750
9,2980,250,1506.265625,6.025062561035156,5.071568965911865,0.050000011920928955,745000
9,2981,250,1723.943359375,6.895773410797119,5.103704452514648,0.050000011920928955,745250
9,2982,250,1741.115234375,6.964460849761963,4.54680871963501,0.050000011920928955,745500
9,2983,250,1691.910888671875,6.767643451690674,4.36454963684082,0.050000011920928955,745750
9,2984,250,789.9981689453125,3.1599926948547363,4.6186017990112305,0.050000011920928955,746000
9,2985,250,262.4079895019531,1.049631953239441,4.791958332061768,0.050000011920928955,746250
9,2986,250,1354.5218505859375,5.418087482452393,4.880560874938965,0.050000011920928955,746500
9,2987,250,1402.9544677734375,5.611817836761475,4.788741588592529,0.050000011920928955,746750
9,2988,250,1416.2440185546875,5.664976119995117,4.775268077850342,0.050000011920928955,747000
9,2989,250,1534.0841064453125,6.136336326599121,5.1825995445251465,0.050000011920928955,747250
9,2990,250,1729.5579833984375,6.918231964111328,4.7491679191589355,0.050000011920928955,747500
9,2991,250,653.7417602539062,2.614967107772827,4.667735576629639,0.050000011920928955,747750
9,2992,250,1702.477783203125,6.809911251068115,4.729979515075684,0.050000011920928955,748000
9,2993,250,1496.149658203125,5.984598636627197,4.966833591461182,0.050000011920928955,748250
9,2994,250,1605.518798828125,6.422075271606445,5.271805763244629,0.050000011920928955,748500
9,2995,250,1616.163330078125,6.464653491973877,4.934239864349365,0.050000011920928955,748750
9,2996,250,1559.115478515625,6.236462116241455,4.800797939300537,0.050000011920928955,749000
9,2997,250,1562.869384765625,6.2514777183532715,5.0260186195373535,0.050000011920928955,749250
9,2998,250,1609.6937255859375,6.438775062561035,4.787994861602783,0.050000011920928955,749500
9,2999,250,1702.5704345703125,6.810281753540039,4.733892440795898,0.050000011920928955,749750
9,3000,250,1438.153564453125,5.7526140213012695,4.549628257751465,0.050000011920928955,750000
9,3001,250,1557.247802734375,6.2289910316467285,5.20066499710083,0.050000011920928955,750250
9,3002,250,1723.159423828125,6.892637729644775,4.755126953125,0.050000011920928955,750500
9,3003,250,124.30912017822266,0.4972364902496338,5.264519691467285,0.050000011920928955,750750
9,3004,250,1522.49853515625,6.089993953704834,5.353231430053711,0.050000011920928955,751000
9,3005,250,1394.6719970703125,5.578688144683838,4.856361389160156,0.050000011920928955,751250
9,3006,250,34.450408935546875,0.1378016322851181,5.526808261871338,0.050000011920928955,751500
9,3007,250,1768.7762451171875,7.0751051902771,5.662206649780273,0.050000011920928955,751750
9,3008,250,1572.630859375,6.290523529052734,5.187505722045898,0.050000011920928955,752000
9,3009,250,1538.9873046875,6.155949115753174,5.249882221221924,0.050000011920928955,752250
9,3010,250,1431.2083740234375,5.7248334884643555,5.1717119216918945,0.050000011920928955,752500
9,3011,250,-29.035837173461914,-0.11614334583282471,5.192689895629883,0.050000011920928955,752750
9,3012,250,5.516532897949219,0.022066131234169006,5.64542293548584,0.050000011920928955,753000
9,3013,250,1554.0291748046875,6.216116905212402,6.351269245147705,0.050000011920928955,753250
9,3014,250,30.648149490356445,0.12259259819984436,6.418644428253174,0.050000011920928955,753500
9,3015,250,1774.875,7.0995001792907715,6.028345584869385,0.050000011920928955,753750
9,3016,250,1729.2091064453125,6.916836261749268,5.891097545623779,0.050000011920928955,754000
9,3017,250,1642.814453125,6.571257591247559,6.548981189727783,0.050000011920928955,754250
9,3018,250,1741.388427734375,6.9655537605285645,6.598898410797119,0.050000011920928955,754500
9,3019,250,-19.7276554107666,-0.07891061902046204,6.283996105194092,0.050000011920928955,754750
9,3020,250,6.760859966278076,0.02704343944787979,6.650765895843506,0.050000011920928955,755000
9,3021,250,-27.828561782836914,-0.11131424456834793,7.525834083557129,0.050000011920928955,755250
9,3022,250,1543.1790771484375,6.17271614074707,7.032207489013672,0.050000011920928955,755500
9,3023,250,1456.8212890625,5.827285289764404,7.192169666290283,0.050000011920928955,755750
9,3024,250,1431.858642578125,5.7274346351623535,6.9417924880981445,0.050000011920928955,756000
9,3025,250,1610.050537109375,6.440202236175537,7.081808567047119,0.050000011920928955,756250
9,3026,250,1615.4755859375,6.461902141571045,6.417628765106201,0.050000011920928955,756500
9,3027,250,1499.5811767578125,5.998324871063232,6.338883399963379,0.050000011920928955,756750
9,3028,250,-7.586030960083008,-0.030344123020768166,6.135611534118652,0.050000011920928955,757000
9,3029,250,1782.3211669921875,7.129284858703613,7.076507568359375,0.050000011920928955,757250
9,3030,250,1547.2470703125,6.188988208770752,7.02559757232666,0.050000011920928955,757500
9,3031,250,11.524301528930664,0.04609720781445503,6.994200229644775,0.050000011920928955,757750
9,3032,250,1619.4012451171875,6.477604866027832,6.937402248382568,0.050000011920928955,758000
9,3033,250,1608.9267578125,6.435707092285156,7.386789798736572,0.050000011920928955,758250
9,3034,250,1547.883544921875,6.191534042358398,6.843863487243652,0.050000011920928955,758500
9,3035,250,1511.90283203125,6.047611236572266,6.69512414932251,0.050000011920928955,758750
9,3036,250,-35.604881286621094,-0.14241953194141388,6.552907466888428,0.050000011920928955,759000
9,3037,250,1688.963134765625,6.755852699279785,7.180975437164307,0.050000011920928955,759250
9,3038,250,1588.3236083984375,6.353294372558594,7.159997940063477,0.050000011920928955,759500
9,3039,250,-23.864803314208984,-0.0954592153429985,7.286548614501953,0.050000011920928955,759750
9,3040,250,-27.42270851135254,-0.1096908375620842,6.9093828201293945,0.050000011920928955,760000
9,3041,250,-27.765888214111328,-0.11106355488300323,7.499684810638428,0.050000011920928955,760250
9,3042,250,-58.477386474609375,-0.23390954732894897,7.508557319641113,0.050000011920928955,760500
9,3043,250,-51.109092712402344,-0.20443637669086456,7.929445266723633,0.050000011920928955,760750
9,3044,250,1370.0643310546875,5.480257511138916,7.480556011199951,0.050000011920928955,761000
9,3045,250,1732.8458251953125,6.93138313293457,8.004656791687012,0.050000011920928955,761250
9,3046,250,1789.0059814453125,7.156023979187012,7.432984352111816,0.050000011920928955,761500
9,3047,250,1571.9024658203125,6.287610054016113,7.5563883781433105,0.050000011920928955,761750
9,3048,250,-53.11653137207031,-0.21246612071990967,7.289662837982178,0.050000011920928955,762000
9,3049,250,-76.57669067382812,-0.30630674958229065,8.449479103088379,0.050000011920928955,762250
9,3050,250,-65.45221710205078,-0.2618088722229004,7.638476371765137,0.050000011920928955,762500
9,3051,250,-89.19354248046875,-0.3567741811275482,8.289576530456543,0.050000011920928955,762750
9,3052,250,-63.96673583984375,-0.2558669447898865,8.172266006469727,0.050000011920928955,763000
9,3053,250,-29.0767822265625,-0.11630713194608688,8.866707801818848,0.050000011920928955,763250
9,3054,250,-87.71675872802734,-0.35086703300476074,8.793952941894531,0.050000011920928955,763500
9,3055,250,-75.58489227294922,-0.3023395836353302,8.376378059387207,0.050000011920928955,763750
9,3056,250,-25.111745834350586,-0.10044698417186737,8.48196792602539,0.050000011920928955,764000
9,3057,250,-70.66941833496094,-0.28267768025398254,10.074843406677246,0.050000011920928955,764250
9,3058,250,-51.21947479248047,-0.20487789809703827,9.381552696228027,0.050000011920928955,764500
9,3059,250,1584.1676025390625,6.336670398712158,9.392599105834961,0.050000011920928955,764750
9,3060,250,1801.0535888671875,7.204214572906494,8.316899299621582,0.050000011920928955,765000
9,3061,250,1550.7386474609375,6.2029547691345215,9.62613296508789,0.050000011920928955,765250
9,3062,250,1510.681396484375,6.042725563049316,9.088641166687012,0.050000011920928955,765500
9,3063,250,1295.626220703125,5.182504653930664,9.242201805114746,0.050000011920928955,765750
9,3064,250,-496.3435363769531,-1.985374093055725,8.40312385559082,0.050000011920928955,766000
9,3065,250,-55.81803512573242,-0.2232721447944641,9.074590682983398,0.050000011920928955,766250
9,3066,250,-59.651023864746094,-0.2386040985584259,9.353788375854492,0.050000011920928955,766500
9,3067,250,-110.9855728149414,-0.44394227862358093,8.717217445373535,0.050000011920928955,766750
9,3068,250,-79.61769104003906,-0.3184707760810852,8.653180122375488,0.050000011920928955,767000
9,3069,250,-153.81622314453125,-0.615264892578125,9.909293174743652,0.050000011920928955,767250
9,3070,250,-60.349910736083984,-0.2413996458053589,9.845691680908203,0.050000011920928955,767500
9,3071,250,-75.26038360595703,-0.30104154348373413,10.068477630615234,0.050000011920928955,767750
9,3072,250,-497.1488952636719,-1.9885956048965454,9.071430206298828,0.050000011920928955,768000
9,3073,250,-90.58580780029297,-0.3623432219028473,9.872249603271484,0.050000011920928955,768250
9,3074,250,-91.14534759521484,-0.3645813763141632,9.2352933883667,0.050000011920928955,768500
9,3075,250,-81.11067962646484,-0.32444271445274353,9.13007640838623,0.050000011920928955,768750
9,3076,250,-48.52808380126953,-0.19411233067512512,8.892877578735352,0.050000011920928955,769000
9,3077,250,-91.62003326416016,-0.36648014187812805,9.550862312316895,0.050000011920928955,769250
9,3078,250,-81.17394256591797,-0.32469576597213745,9.170756340026855,0.050000011920928955,769500
9,3079,250,-69.16939544677734,-0.27667757868766785,9.021773338317871,0.050000011920928955,769750
9,3080,250,-64.8333511352539,-0.25933340191841125,8.426344871520996,0.050000011920928955,770000
9,3081,250,-61.17192840576172,-0.24468770623207092,10.219474792480469,0.050000011920928955,770250
9,3082,250,1685.464111328125,6.741856575012207,9.493592262268066,0.050000011920928955,770500
9,3083,250,-95.53419494628906,-0.3821367919445038,8.679443359375,0.050000011920928955,770750
9,3084,250,-113.90360260009766,-0.4556144177913666,8.855240821838379,0.050000011920928955,771000
9,3085,250,-106.27299499511719,-0.4250919818878174,9.5611572265625,0.050000011920928955,771250
9,3086,250,-91.62051391601562,-0.36648204922676086,9.054913520812988,0.050000011920928955,771500
9,3087,250,-112.43031311035156,-0.44972124695777893,9.302023887634277,0.050000011920928955,771750
9,3088,250,-177.10496520996094,-0.7084198594093323,9.220589637756348,0.050000011920928955,772000
9,3089,250,-128.0699462890625,-0.5122798085212708,9.591912269592285,0.050000011920928955,772250
9,3090,250,971.8618774414062,3.8874475955963135,9.635498046875,0.050000011920928955,772500
9,3091,250,1480.927734375,5.923710823059082,9.173689842224121,0.050000011920928955,772750
9,3092,250,1474.8514404296875,5.8994059562683105,8.850946426391602,0.050000011920928955,773000
9,3093,250,1277.3221435546875,5.109288692474365,10.201343536376953,0.050000011920928955,773250
9,3094,250,-96.35289001464844,-0.3854115605354309,9.421794891357422,0.050000011920928955,773500
9,3095,250,-125.35798645019531,-0.501431941986084,8.826335906982422,0.050000011920928955,773750
9,3096,250,1379.185302734375,5.5167412757873535,8.821063995361328,0.050000011920928955,774000
9,3097,250,1586.2899169921875,6.345159530639648,9.323988914489746,0.050000011920928955,774250
9,3098,250,1156.00830078125,4.624032974243164,8.788658142089844,0.050000011920928955,774500
9,3099,250,1360.45751953125,5.441830158233643,8.700748443603516,0.050000011920928955,774750
9,3100,250,1799.4139404296875,7.19765567779541,8.204472541809082,0.050000011920928955,775000
9,3101,250,-69.85386657714844,-0.27941545844078064,8.779461860656738,0.050000011920928955,775250
9,3102,250,1293.6051025390625,5.174420356750488,8.791852951049805,0.050000011920928955,775500
9,3103,250,-89.88941955566406,-0.3595576882362366,8.783424377441406,0.050000011920928955,775750
9,3104,250,1666.8804931640625,6.667521953582764,8.864311218261719,0.050000011920928955,776000
9,3105,250,-41.1616096496582,-0.1646464318037033,9.222286224365234,0.050000011920928955,776250
9,3106,250,1334.7069091796875,5.338827610015869,8.84066104888916,0.050000011920928955,776500
9,3107,250,1722.047119140625,6.888188362121582,8.512158393859863,0.050000011920928955,776750
9,3108,250,1601.48193359375,6.405927658081055,8.275381088256836,0.050000011920928955,777000
9,3109,250,-73.35887145996094,-0.2934354841709137,8.997919082641602,0.050000011920928955,777250
9,3110,250,-61.49013900756836,-0.2459605634212494,8.715668678283691,0.050000011920928955,777500
9,3111,250,-111.10372161865234,-0.444414883852005,8.714933395385742,0.050000011920928955,777750
9,3112,250,1495.3778076171875,5.981511116027832,8.613382339477539,0.050000011920928955,778000
9,3113,250,1511.7139892578125,6.046855926513672,9.102593421936035,0.050000011920928955,778250
9,3114,250,1697.4853515625,6.789941310882568,8.741929054260254,0.050000011920928955,778500
9,3115,250,1526.3348388671875,6.105339527130127,8.410477638244629,0.050000011920928955,778750
9,3116,250,-44.454776763916016,-0.17781910300254822,8.274801254272461,0.050000011920928955,779000
9,3117,250,1357.626953125,5.430507659912109,8.56845760345459,0.050000011920928955,779250
9,3118,250,1297.032958984375,5.188131809234619,8.525270462036133,0.050000011920928955,779500
9,3119,250,-41.272430419921875,-0.16508972644805908,7.800965785980225,0.050000011920928955,779750
9,3120,250,1294.117431640625,5.176469802856445,8.104026794433594,0.050000011920928955,780000
9,3121,250,1449.2193603515625,5.796877384185791,8.311863899230957,0.050000011920928955,780250
9,3122,250,1358.95751953125,5.435830116271973,8.223888397216797,0.050000011920928955,780500
9,3123,250,-64.42876434326172,-0.25771504640579224,8.340916633605957,0.050000011920928955,780750
9,3124,250,-73.72775268554688,-0.2949109971523285,8.2482271194458,0.050000011920928955,781000
9,3125,250,-76.24873352050781,-0.30499494075775146,8.095891952514648,0.050000011920928955,781250
9,3126,250,-28.722652435302734,-0.11489061266183853,8.406464576721191,0.050000011920928955,781500
9,3127,250,1616.07958984375,6.46431827545166,8.011362075805664,0.050000011920928955,781750
9,3128,250,1469.919189453125,5.879676818847656,7.684237003326416,0.050000011920928955,782000
9,3129,250,-58.537139892578125,-0.2341485619544983,7.815327167510986,0.050000011920928955,782250
9,3130,250,1643.829345703125,6.5753173828125,7.692106246948242,0.050000011920928955,782500
9,3131,250,1493.17431640625,5.9726972579956055,7.494295120239258,0.050000011920928955,782750
9,3132,250,1549.675537109375,6.198702335357666,7.247646331787109,0.050000011920928955,783000
9,3133,250,1386.669921875,5.546679496765137,8.006957054138184,0.050000011920928955,783250
9,3134,250,-61.40570831298828,-0.24562282860279083,7.79732084274292,0.050000011920928955,783500
9,3135,250,-25.417020797729492,-0.10166808217763901,7.566307067871094,0.050000011920928955,783750
9,3136,250,1668.3648681640625,6.673459529876709,7.525572776794434,0.050000011920928955,784000
9,3137,250,-42.96528625488281,-0.17186114192008972,7.77650260925293,0.050000011920928955,784250
9,3138,250,-30.9698429107666,-0.12387937307357788,7.627223968505859,0.050000011920928955,784500
9,3139,250,18.570289611816406,0.07428115606307983,7.935019493103027,0.050000011920928955,784750
9,3140,250,3.858943462371826,0.015435773879289627,8.241555213928223,0.050000011920928955,785000
9,3141,250,6.465368270874023,0.025861473754048347,8.676485061645508,0.050000011920928955,785250
9,3142,250,-32.4245491027832,-0.12969820201396942,8.276551246643066,0.050000011920928955,785500
9,3143,250,1780.7109375,7.1228437423706055,8.181694984436035,0.050000011920928955,785750
9,3144,250,1695.951416015625,6.783805847167969,8.026521682739258,0.050000011920928955,786000
9,3145,250,-9.425300598144531,-0.03770120069384575,8.987532615661621,0.050000011920928955,786250
9,3146,250,-9.453964233398438,-0.03781585767865181,8.69047737121582,0.050000011920928955,786500
9,3147,250,1537.785888671875,6.151143550872803,8.22726058959961,0.050000011920928955,786750
9,3148,250,27.66002082824707,0.11064008623361588,8.010161399841309,0.050000011920928955,787000
9,3149,250,-32.00015640258789,-0.1280006319284439,8.882875442504883,0.050000011920928955,787250
9,3150,250,17.82314682006836,0.07129258662462234,8.562142372131348,0.050000011920928955,787500
9,3151,250,1406.2293701171875,5.624917507171631,8.306396484375,0.050000011920928955,787750
9,3152,250,1075.9482421875,4.303792953491211,7.796739101409912,0.050000011920928955,788000
9,3153,250,1432.988037109375,5.73195219039917,8.505414009094238,0.050000011920928955,788250
9,3154,250,1456.8018798828125,5.827207565307617,7.615148544311523,0.050000011920928955,788500
9,3155,250,1432.243896484375,5.728975772857666,7.7109375,0.050000011920928955,788750
9,3156,250,1385.684814453125,5.542739391326904,7.77675199508667,0.050000011920928955,789000
9,3157,250,1350.4398193359375,5.401759147644043,7.857865810394287,0.050000011920928955,789250
9,3158,250,1280.3731689453125,5.121492862701416,7.709273815155029,0.050000011920928955,789500
9,3159,250,1424.866943359375,5.699467658996582,7.337312698364258,0.050000011920928955,789750
9,3160,250,1032.7677001953125,4.131070613861084,7.439328670501709,0.050000011920928955,790000
9,3161,250,1444.4122314453125,5.77764892578125,7.669210910797119,0.050000011920928955,790250
9,3162,250,1387.4915771484375,5.549966335296631,7.290249347686768,0.050000011920928955,790500
9,3163,250,1087.9462890625,4.351785182952881,7.2566752433776855,0.050000011920928955,790750
9,3164,250,1316.210693359375,5.264842987060547,6.976048469543457,0.050000011920928955,791000
9,3165,250,1368.119384765625,5.472477436065674,6.910676002502441,0.050000011920928955,791250
9,3166,250,1200.975341796875,4.803901195526123,6.771007537841797,0.050000011920928955,791500
9,3167,250,1459.0234375,5.836093902587891,6.521265029907227,0.050000011920928955,791750
9,3168,250,1094.268310546875,4.377073287963867,6.473680019378662,0.050000011920928955,792000
9,3169,250,1209.65966796875,4.838638782501221,7.0959601402282715,0.050000011920928955,792250
9,3170,250,1025.76904296875,4.103075981140137,6.895509719848633,0.050000011920928955,792500
9,3171,250,1492.3720703125,5.969488143920898,6.387275218963623,0.050000011920928955,792750
9,3172,250,1566.6156005859375,6.266462326049805,6.2547502517700195,0.050000011920928955,793000
9,3173,250,1313.287353515625,5.253149509429932,7.125433921813965,0.050000011920928955,793250
9,3174,250,1305.4326171875,5.2217302322387695,6.735811710357666,0.050000011920928955,793500
9,3175,250,1183.5767822265625,4.734307289123535,6.64332389831543,0.050000011920928955,793750
9,3176,250,1181.1201171875,4.724480628967285,6.552802562713623,0.050000011920928955,794000
9,3177,250,1278.885009765625,5.115540027618408,6.974742412567139,0.050000011920928955,794250
9,3178,250,1349.869384765625,5.399477481842041,6.674773216247559,0.050000011920928955,794500
9,3179,250,1417.56689453125,5.670267581939697,6.244237422943115,0.050000011920928955,794750
9,3180,250,1646.4866943359375,6.585946559906006,6.395636081695557,0.050000011920928955,795000
9,3181,250,1373.240234375,5.4929609298706055,6.747586727142334,0.050000011920928955,795250
9,3182,250,1163.139892578125,4.652559757232666,6.17483377456665,0.050000011920928955,795500
9,3183,250,1494.1629638671875,5.976651668548584,6.100425720214844,0.050000011920928955,795750
9,3184,250,1601.84619140625,6.407384872436523,5.984661102294922,0.050000011920928955,796000
9,3185,250,1595.6024169921875,6.382409572601318,6.140686988830566,0.050000011920928955,796250
9,3186,250,1414.4688720703125,5.6578755378723145,6.216558456420898,0.050000011920928955,796500
9,3187,250,1413.54345703125,5.654173851013184,5.6643853187561035,0.050000011920928955,796750
9,3188,250,1596.872802734375,6.387491226196289,5.8300628662109375,0.050000011920928955,797000
9,3189,250,1415.140625,5.660562515258789,5.782540321350098,0.050000011920928955,797250
9,3190,250,1172.0093994140625,4.688037395477295,5.391744136810303,0.050000011920928955,797500
9,3191,250,1333.9552001953125,5.33582067489624,5.278836250305176,0.050000011920928955,797750
9,3192,250,1524.6328125,6.098531246185303,4.893703937530518,0.050000011920928955,798000
9,3193,250,847.9376220703125,3.3917505741119385,5.174176216125488,0.050000011920928955,798250
9,3194,250,-30.27349090576172,-0.12109396606683731,5.248922824859619,0.050000011920928955,798500
9,3195,250,1462.864013671875,5.851456165313721,5.304609775543213,0.050000011920928955,798750
9,3196,250,1360.7100830078125,5.442840099334717,5.22720193862915,0.050000011920928955,799000
9,3197,250,1234.8382568359375,4.939352989196777,5.090641975402832,0.050000011920928955,799250
9,3198,250,315.5791320800781,1.2623165845870972,5.226385116577148,0.050000011920928955,799500
9,3199,250,1078.939453125,4.315757751464844,5.109074592590332,0.050000011920928955,799750
9,3200,250,854.9794921875,3.4199180603027344,5.167336463928223,0.050000011920928955,800000
9,3201,250,-102.11520385742188,-0.4084608256816864,5.249136924743652,0.050000011920928955,800250
9,3202,250,1228.7431640625,4.91497278213501,5.368957996368408,0.050000011920928955,800500
9,3203,250,1201.1319580078125,4.804527759552002,5.461817264556885,0.050000011920928955,800750
9,3204,250,0.79274582862854,0.003170983400195837,5.381601810455322,0.050000011920928955,801000
9,3205,250,104.02977752685547,0.4161190986633301,5.941169738769531,0.050000011920928955,801250
9,3206,250,1388.314453125,5.553257942199707,6.006999969482422,0.050000011920928955,801500
9,3207,250,957.7485961914062,3.8309943675994873,5.685340881347656,0.050000011920928955,801750
9,3208,250,-42.04280090332031,-0.16817119717597961,5.7930803298950195,0.050000011920928955,802000
9,3209,250,-58.042476654052734,-0.23216991126537323,5.947094440460205,0.050000011920928955,802250
9,3210,250,-74.09003448486328,-0.2963601350784302,5.948887825012207,0.050000011920928955,802500
9,3211,250,-25.976478576660156,-0.10390591621398926,5.973109245300293,0.050000011920928955,802750
9,3212,250,-43.63715362548828,-0.17454861104488373,6.130074501037598,0.050000011920928955,803000
9,3213,250,-79.07765197753906,-0.3163106143474579,6.542600154876709,0.050000011920928955,803250
9,3214,250,1084.0234375,4.336093902587891,6.443477630615234,0.050000011920928955,803500
9,3215,250,-93.61619567871094,-0.3744647800922394,6.343204975128174,0.050000011920928955,803750
9,3216,250,-87.13063049316406,-0.34852251410484314,6.771264553070068,0.050000011920928955,804000
9,3217,250,1299.17724609375,5.196709156036377,7.287959575653076,0.050000011920928955,804250
9,3218,250,-132.28858947753906,-0.529154360294342,6.8419318199157715,0.050000011920928955,804500
9,3219,250,-71.98029327392578,-0.28792116045951843,6.940209865570068,0.050000011920928955,804750
9,3220,250,-92.1249008178711,-0.36849960684776306,6.996889114379883,0.050000011920928955,805000
9,3221,250,-120.95701599121094,-0.483828067779541,7.611947536468506,0.050000011920928955,805250
9,3222,250,-108.1587142944336,-0.4326348602771759,7.409940719604492,0.050000011920928955,805500
9,3223,250,-91.03153228759766,-0.3641261160373688,7.7403645515441895,0.050000011920928955,805750
9,3224,250,1475.9163818359375,5.903665542602539,7.47170877456665,0.050000011920928955,806000
9,3225,250,-68.78120422363281,-0.27512481808662415,7.296782493591309,0.050000011920928955,806250
9,3226,250,-113.91697692871094,-0.4556679129600525,7.314885139465332,0.050000011920928955,806500
9,3227,250,1079.6824951171875,4.318729877471924,7.171397686004639,0.050000011920928955,806750
9,3228,250,1063.49609375,4.253984451293945,7.224691390991211,0.050000011920928955,807000
9,3229,250,-92.76136016845703,-0.37104544043540955,7.675468444824219,0.050000011920928955,807250
9,3230,250,-100.28587341308594,-0.40114349126815796,7.972731590270996,0.050000011920928955,807500
9,3231,250,956.0256958007812,3.8241028785705566,7.578070640563965,0.050000011920928955,807750
9,3232,250,-181.76644897460938,-0.7270658016204834,7.671823978424072,0.050000011920928955,808000
9,3233,250,906.6931762695312,3.62677264213562,7.660669326782227,0.050000011920928955,808250
9,3234,250,664.0875854492188,2.6563503742218018,7.710855007171631,0.050000011920928955,808500
9,3235,250,-98.54621887207031,-0.3941848874092102,8.000800132751465,0.050000011920928955,808750
9,3236,250,396.5223388671875,1.5860893726348877,7.741718292236328,0.050000011920928955,809000
9,3237,250,1177.18505859375,4.708740234375,7.628345012664795,0.050000011920928955,809250
9,3238,250,1171.8798828125,4.687519550323486,7.83681058883667,0.050000011920928955,809500
9,3239,250,1383.0694580078125,5.532278060913086,7.15167760848999,0.050000011920928955,809750
9,3240,250,1572.362060546875,6.289448261260986,7.098141193389893,0.050000011920928955,810000
9,3241,250,1499.00341796875,5.996013641357422,7.225850582122803,0.050000011920928955,810250
9,3242,250,661.8546142578125,2.64741849899292,7.077249526977539,0.050000011920928955,810500
9,3243,250,1149.564208984375,4.598257064819336,6.741446018218994,0.050000011920928955,810750
9,3244,250,913.9271240234375,3.6557085514068604,6.718109607696533,0.050000011920928955,811000
9,3245,250,799.7484130859375,3.198993682861328,6.870600700378418,0.050000011920928955,811250
9,3246,250,1456.0352783203125,5.824141025543213,6.620415687561035,0.050000011920928955,811500
9,3247,250,1398.771240234375,5.595085144042969,6.560572624206543,0.050000011920928955,811750
9,3248,250,20.897293090820312,0.08358917385339737,6.255475997924805,0.050000011920928955,812000
9,3249,250,846.2333984375,3.3849337100982666,6.432680606842041,0.050000011920928955,812250
9,3250,250,1483.659423828125,5.934637546539307,6.236064434051514,0.050000011920928955,812500
9,3251,250,1040.58154296875,4.162326335906982,6.345520496368408,0.050000011920928955,812750
9,3252,250,1402.77490234375,5.611099720001221,6.2945685386657715,0.050000011920928955,813000
9,3253,250,1045.3861083984375,4.181544303894043,6.352997303009033,0.050000011920928955,813250
9,3254,250,947.412841796875,3.789651393890381,6.329375267028809,0.050000011920928955,813500
9,3255,250,958.6604614257812,3.834641933441162,5.879390716552734,0.050000011920928955,813750
9,3256,250,1099.3427734375,4.397371292114258,6.037174224853516,0.050000011920928955,814000
9,3257,250,1205.56787109375,4.822271347045898,5.9801435470581055,0.050000011920928955,814250
9,3258,250,1475.6253662109375,5.902501583099365,5.898584365844727,0.050000011920928955,814500
9,3259,250,1003.1800537109375,4.012720108032227,5.664472579956055,0.050000011920928955,814750
9,3260,250,1190.269287109375,4.761076927185059,5.622504234313965,0.050000011920928955,815000
9,3261,250,1392.482177734375,5.5699286460876465,5.589017868041992,0.050000011920928955,815250
9,3262,250,1166.30078125,4.665203094482422,5.470325469970703,0.050000011920928955,815500
9,3263,250,1185.2142333984375,4.740857124328613,5.3125691413879395,0.050000011920928955,815750
9,3264,250,1139.730224609375,4.558920860290527,5.095299243927002,0.050000011920928955,816000
9,3265,250,-486.2202453613281,-1.9448809623718262,5.278090000152588,0.050000011920928955,816250
9,3266,250,921.798095703125,3.687192440032959,5.466813087463379,0.050000011920928955,816500
9,3267,250,193.64093017578125,0.774563729763031,5.109240531921387,0.050000011920928955,816750
9,3268,250,945.7542724609375,3.783017158508301,5.218466281890869,0.050000011920928955,817000
9,3269,250,893.3678588867188,3.5734715461730957,5.313689231872559,0.050000011920928955,817250
9,3270,250,1049.456298828125,4.1978254318237305,4.857421875,0.050000011920928955,817500
9,3271,250,1019.1312255859375,4.07652473449707,5.0344014167785645,0.050000011920928955,817750
9,3272,250,1387.1688232421875,5.548675060272217,4.994450092315674,0.050000011920928955,818000
9,3273,250,1178.4766845703125,4.713906764984131,5.227310657501221,0.050000011920928955,818250
9,3274,250,-499.9530334472656,-1.999812126159668,5.049615383148193,0.050000011920928955,818500
9,3275,250,813.9962158203125,3.2559847831726074,4.944855690002441,0.050000011920928955,818750
9,3276,250,830.4193115234375,3.3216772079467773,4.404109001159668,0.050000011920928955,819000
9,3277,250,1353.5677490234375,5.414270877838135,4.840558052062988,0.050000011920928955,819250
9,3278,250,1270.0445556640625,5.080178260803223,4.90323543548584,0.050000011920928955,819500
9,3279,250,-500.00714111328125,-2.000028610229492,4.882090091705322,0.050000011920928955,819750
9,3280,250,184.24537658691406,0.7369815111160278,4.7257981300354,0.050000011920928955,820000
9,3281,250,970.7222900390625,3.8828892707824707,4.978198051452637,0.050000011920928955,820250
9,3282,250,481.8162841796875,1.9272651672363281,5.037031650543213,0.050000011920928955,820500
9,3283,250,852.9470825195312,3.41178822517395,5.148589611053467,0.050000011920928955,820750
9,3284,250,1179.040771484375,4.716163158416748,4.824611186981201,0.050000011920928955,821000
9,3285,250,1401.25830078125,5.6050333976745605,5.256310939788818,0.050000011920928955,821250
9,3286,250,1299.031494140625,5.1961259841918945,5.006267547607422,0.050000011920928955,821500
9,3287,250,713.133056640625,2.852532148361206,5.068120956420898,0.050000011920928955,821750
9,3288,250,1534.840087890625,6.139360427856445,5.328402996063232,0.050000011920928955,822000
9,3289,250,1396.450439453125,5.585801601409912,5.33457088470459,0.050000011920928955,822250
9,3290,250,1256.700439453125,5.026801586151123,5.0122599601745605,0.050000011920928955,822500
9,3291,250,1214.588623046875,4.858354568481445,4.791089057922363,0.050000011920928955,822750
9,3292,250,1136.2657470703125,4.545063018798828,4.798798084259033,0.050000011920928955,823000
9,3293,250,1381.3408203125,5.525363445281982,5.401881217956543,0.050000011920928955,823250
9,3294,250,1210.6641845703125,4.84265661239624,5.096386909484863,0.050000011920928955,823500
9,3295,250,1249.4752197265625,4.99790096282959,4.782990455627441,0.050000011920928955,823750
9,3296,250,1048.1043701171875,4.192417621612549,5.055606842041016,0.050000011920928955,824000
9,3297,250,955.589111328125,3.8223564624786377,5.366679668426514,0.050000011920928955,824250
9,3298,250,460.0676574707031,1.8402706384658813,5.193104267120361,0.050000011920928955,824500
9,3299,250,689.164794921875,2.7566592693328857,5.578385353088379,0.050000011920928955,824750
9,3300,250,1254.51025390625,5.018041133880615,5.138362407684326,0.050000011920928955,825000
9,3301,250,1361.84375,5.4473748207092285,5.469527244567871,0.050000011920928955,825250
9,3302,250,-35.767730712890625,-0.14307092130184174,5.710433483123779,0.050000011920928955,825500
9,3303,250,-17.522058486938477,-0.07008823752403259,5.749138355255127,0.050000011920928955,825750
9,3304,250,-52.69718933105469,-0.210788756608963,5.615392684936523,0.050000011920928955,826000
9,3305,250,-65.01725769042969,-0.2600690424442291,6.202273368835449,0.050000011920928955,826250
9,3306,250,-71.52124786376953,-0.28608497977256775,6.402770519256592,0.050000011920928955,826500
9,3307,250,-147.05601501464844,-0.5882240533828735,6.037208080291748,0.050000011920928955,826750
9,3308,250,-135.15020751953125,-0.5406008362770081,6.132385730743408,0.050000011920928955,827000
9,3309,250,-113.7847671508789,-0.45513907074928284,6.290958404541016,0.050000011920928955,827250
9,3310,250,-81.28531646728516,-0.3251412510871887,6.331695079803467,0.050000011920928955,827500
9,3311,250,-91.15284729003906,-0.3646113872528076,6.327737331390381,0.050000011920928955,827750
9,3312,250,1447.29052734375,5.7891621589660645,6.298993110656738,0.050000011920928955,828000
9,3313,250,1384.060302734375,5.536241054534912,6.563726902008057,0.050000011920928955,828250
9,3314,250,-66.1741943359375,-0.26469677686691284,6.5672149658203125,0.050000011920928955,828500
9,3315,250,-67.2031478881836,-0.2688125967979431,6.769225597381592,0.050000011920928955,828750
9,3316,250,1135.963134765625,4.54385232925415,6.611732006072998,0.050000011920928955,829000
9,3317,250,-109.98674011230469,-0.4399469494819641,7.037261962890625,0.050000011920928955,829250
9,3318,250,-96.41285705566406,-0.38565143942832947,7.247631072998047,0.050000011920928955,829500
9,3319,250,1601.417724609375,6.405671119689941,6.90149450302124,0.050000011920928955,829750
9,3320,250,-30.058454513549805,-0.12023381888866425,6.9092512130737305,0.050000011920928955,830000
9,3321,250,1620.48193359375,6.481927871704102,7.097713947296143,0.050000011920928955,830250
9,3322,250,1652.501708984375,6.610006809234619,7.195022106170654,0.050000011920928955,830500
9,3323,250,18.11064910888672,0.07244259864091873,6.925858020782471,0.050000011920928955,830750
9,3324,250,1674.630126953125,6.698520660400391,7.204607009887695,0.050000011920928955,831000
9,3325,250,75.47811126708984,0.30191245675086975,7.08982515335083,0.050000011920928955,831250
9,3326,250,-27.420391082763672,-0.10968156158924103,7.192065715789795,0.050000011920928955,831500
9,3327,250,16.850622177124023,0.06740248948335648,7.535447597503662,0.050000011920928955,831750
9,3328,250,1500.08642578125,6.000345706939697,7.5511040687561035,0.050000011920928955,832000
9,3329,250,1181.4334716796875,4.725733757019043,7.739264965057373,0.050000011920928955,832250
9,3330,250,-20.727413177490234,-0.08290965110063553,7.621274471282959,0.050000011920928955,832500
9,3331,250,1339.811767578125,5.359247207641602,7.787559986114502,0.050000011920928955,832750
9,3332,250,-5.3611741065979,-0.021444696933031082,7.508967399597168,0.050000011920928955,833000
9,3333,250,1468.28466796875,5.873138904571533,8.232176780700684,0.050000011920928955,833250
9,3334,250,1484.88232421875,5.9395294189453125,8.124685287475586,0.050000011920928955,833500
9,3335,250,90.4833984375,0.3619335889816284,7.7636895179748535,0.050000011920928955,833750
9,3336,250,1549.65087890625,6.198603630065918,7.893031120300293,0.050000011920928955,834000
9,3337,250,-32.88380432128906,-0.13153521716594696,8.058351516723633,0.050000011920928955,834250
9,3338,250,1244.3037109375,4.977214813232422,7.810205936431885,0.050000011920928955,834500
9,3339,250,1425.87060546875,5.703482627868652,7.724652290344238,0.050000011920928955,834750
9,3340,250,1536.9459228515625,6.1477837562561035,7.662999629974365,0.050000011920928955,835000
9,3341,250,1123.967041015625,4.49586820602417,7.762293815612793,0.050000011920928955,835250
9,3342,250,1536.7532958984375,6.147013187408447,7.444174289703369,0.050000011920928955,835500
9,3343,250,-29.234176635742188,-0.11693670600652695,7.444014549255371,0.050000011920928955,835750
9,3344,250,94.6663818359375,0.3786655366420746,7.974416732788086,0.050000011920928955,836000
9,3345,250,-23.136844635009766,-0.09254737943410873,7.889776229858398,0.050000011920928955,836250
9,3346,250,783.4891357421875,3.1339564323425293,7.6707444190979,0.050000011920928955,836500
9,3347,250,575.8719482421875,2.303487777709961,7.657010555267334,0.050000011920928955,836750
9,3348,250,1296.44287109375,5.185771465301514,7.466574192047119,0.050000011920928955,837000
9,3349,250,1666.763427734375,6.667053699493408,7.530289649963379,0.050000011920928955,837250
9,3350,250,1618.009521484375,6.472038269042969,7.351813793182373,0.050000011920928955,837500
9,3351,250,1045.1851806640625,4.180740833282471,6.892736434936523,0.050000011920928955,837750
9,3352,250,1667.3170166015625,6.6692681312561035,6.6407270431518555,0.050000011920928955,838000
9,3353,250,1284.97705078125,5.139908313751221,7.097093105316162,0.050000011920928955,838250
9,3354,250,1607.741943359375,6.430967807769775,6.602390766143799,0.050000011920928955,838500
9,3355,250,1477.56787109375,5.910271644592285,6.551433563232422,0.050000011920928955,838750
9,3356,250,1558.3585205078125,6.233434200286865,6.39877462387085,0.050000011920928955,839000
9,3357,250,1644.032958984375,6.576131820678711,6.5422043800354,0.050000011920928955,839250
9,3358,250,74.5196533203125,0.29807862639427185,6.386119365692139,0.050000011920928955,839500
9,3359,250,1696.33935546875,6.785357475280762,6.421792030334473,0.050000011920928955,839750
9,3360,250,705.6729736328125,2.8226919174194336,6.245972156524658,0.050000011920928955,840000
9,3361,250,1789.075439453125,7.156301975250244,6.3587517738342285,0.050000011920928955,840250
9,3362,250,1653.4022216796875,6.6136088371276855,6.371480464935303,0.050000011920928955,840500
9,3363,250,1696.1514892578125,6.784605979919434,6.306522369384766,0.050000011920928955,840750
9,3364,250,1723.3626708984375,6.893450736999512,6.198286533355713,0.050000011920928955,841000
9,3365,250,664.33642578125,2.657345771789551,6.088255882263184,0.050000011920928955,841250
9,3366,250,919.7535400390625,3.679014205932617,6.350836277008057,0.050000011920928955,841500
9,3367,250,1255.33056640625,5.021322250366211,6.286665916442871,0.050000011920928955,841750
9,3368,250,886.0601196289062,3.5442404747009277,6.151594638824463,0.050000011920928955,842000
9,3369,250,1642.6019287109375,6.570407867431641,6.325212478637695,0.050000011920928955,842250
9,3370,250,1570.02099609375,6.280084133148193,6.202158451080322,0.050000011920928955,842500
9,3371,250,1567.5400390625,6.27016019821167,6.190433979034424,0.050000011920928955,842750
9,3372,250,1349.86962890625,5.399478435516357,6.375777721405029,0.050000011920928955,843000
9,3373,250,1574.77880859375,6.299115180969238,6.282935619354248,0.050000011920928955,843250
9,3374,250,1643.91357421875,6.57565450668335,6.141598701477051,0.050000011920928955,843500
9,3375,250,1697.31103515625,6.789244174957275,6.12893533706665,0.050000011920928955,843750
9,3376,250,1394.9151611328125,5.579660415649414,6.1547932624816895,0.050000011920928955,844000
9,3377,250,1649.5504150390625,6.598201751708984,5.999885082244873,0.050000011920928955,844250
9,3378,250,1559.1807861328125,6.236722946166992,5.778467655181885,0.050000011920928955,844500
9,3379,250,1750.1522216796875,7.000608921051025,5.869988441467285,0.050000011920928955,844750
9,3380,250,1588.453369140625,6.353813648223877,6.013524055480957,0.050000011920928955,845000
9,3381,250,1497.17724609375,5.988708972930908,6.381747245788574,0.050000011920928955,845250
9,3382,250,1533.366455078125,6.133465766906738,5.983687400817871,0.050000011920928955,845500
9,3383,250,1509.1546630859375,6.036618709564209,5.713766098022461,0.050000011920928955,845750
9,3384,250,1551.8095703125,6.20723819732666,5.7935991287231445,0.050000011920928955,846000
9,3385,250,1563.146240234375,6.252584934234619,5.671517848968506,0.050000011920928955,846250
9,3386,250,1596.4515380859375,6.385806083679199,5.673388957977295,0.050000011920928955,846500
9,3387,250,1577.71337890625,6.310853481292725,5.688107490539551,0.050000011920928955,846750
9,3388,250,1322.384033203125,5.289535999298096,5.284241199493408,0.050000011920928955,847000
9,3389,250,1566.64501953125,6.266580104827881,5.536818981170654,0.050000011920928955,847250
9,3390,250,1692.345947265625,6.769383907318115,5.800048351287842,0.050000011920928955,847500
9,3391,250,1750.497314453125,7.001989364624023,5.504502773284912,0.050000011920928955,847750
9,3392,250,1363.07568359375,5.452302932739258,5.306209087371826,0.050000011920928955,848000
9,3393,250,1519.7861328125,6.079144477844238,5.455784320831299,0.050000011920928955,848250
9,3394,250,1334.4736328125,5.337894439697266,5.82597017288208,0.050000011920928955,848500
9,3395,250,1597.4808349609375,6.389923572540283,5.62697172164917,0.050000011920928955,848750
9,3396,250,1323.1636962890625,5.292654991149902,5.534440040588379,0.050000011920928955,849000
9,3397,250,1550.289794921875,6.2011590003967285,5.823371410369873,0.050000011920928955,849250
9,3398,250,1599.18310546875,6.396732330322266,5.504469394683838,0.050000011920928955,849500
9,3399,250,1713.140869140625,6.852563381195068,5.522274494171143,0.050000011920928955,849750
9,3400,250,1563.2060546875,6.252824306488037,5.126774311065674,0.050000011920928955,850000
9,3401,250,1377.750732421875,5.511003017425537,5.247540473937988,0.050000011920928955,850250
9,3402,250,1486.531494140625,5.9461259841918945,5.395070552825928,0.050000011920928955,850500
9,3403,250,1397.90185546875,5.591607570648193,5.3333659172058105,0.050000011920928955,850750
9,3404,250,1619.747314453125,6.478989124298096,5.438630104064941,0.050000011920928955,851000
9,3405,250,154.34323120117188,0.6173729300498962,5.846999168395996,0.050000011920928955,851250
9,3406,250,95.668701171875,0.38267481327056885,5.5683441162109375,0.050000011920928955,851500
9,3407,250,1189.6103515625,4.75844144821167,5.787266254425049,0.050000011920928955,851750
9,3408,250,1141.69677734375,4.566787242889404,5.305429458618164,0.050000011920928955,852000
9,3409,250,145.3268280029297,0.5813072919845581,5.9642839431762695,0.050000011920928955,852250
9,3410,250,1532.67431640625,6.130697250366211,5.885117053985596,0.050000011920928955,852500
9,3411,250,1547.7183837890625,6.190873622894287,5.779038429260254,0.050000011920928955,852750
9,3412,250,1323.5323486328125,5.294129371643066,5.567637920379639,0.050000011920928955,853000
9,3413,250,1251.5189208984375,5.006075859069824,5.713714599609375,0.050000011920928955,853250
9,3414,250,1599.54833984375,6.398193359375,5.813886642456055,0.050000011920928955,853500
9,3415,250,1211.30810546875,4.8452324867248535,5.800446033477783,0.050000011920928955,853750
9,3416,250,1523.458984375,6.093835830688477,5.883291244506836,0.050000011920928955,854000
9,3417,250,1343.835205078125,5.375340938568115,5.843459606170654,0.050000011920928955,854250
9,3418,250,1577.44189453125,6.309767723083496,5.570120811462402,0.050000011920928955,854500
9,3419,250,-12.864429473876953,-0.0514577180147171,5.660916805267334,0.050000011920928955,854750
9,3420,250,1190.775634765625,4.7631025314331055,5.711888313293457,0.050000011920928955,855000
9,3421,250,538.053466796875,2.1522138118743896,6.28277063369751,0.050000011920928955,855250
9,3422,250,1609.738037109375,6.4389519691467285,6.026465892791748,0.050000011920928955,855500
9,3423,250,210.80313110351562,0.8432125449180603,6.119318008422852,0.050000011920928955,855750
9,3424,250,35.44538116455078,0.1417815238237381,6.193539619445801,0.050000011920928955,856000
9,3425,250,-22.666507720947266,-0.0906660333275795,6.988883972167969,0.050000011920928955,856250
9,3426,250,1281.9794921875,5.127917766571045,6.69041633605957,0.050000011920928955,856500
9,3427,250,-43.87544631958008,-0.1755017787218094,6.640570163726807,0.050000011920928955,856750
9,3428,250,-141.5665740966797,-0.5662662982940674,6.743335247039795,0.050000011920928955,857000
9,3429,250,-55.91081619262695,-0.2236432582139969,7.6659836769104,0.050000011920928955,857250
9,3430,250,-41.02542495727539,-0.164101704955101,7.2439751625061035,0.050000011920928955,857500
9,3431,250,529.0814819335938,2.116325855255127,7.87030553817749,0.050000011920928955,857750
9,3432,250,-137.7745819091797,-0.5510983467102051,7.529959201812744,0.050000011920928955,858000
9,3433,250,1355.958740234375,5.423834800720215,8.062093734741211,0.050000011920928955,858250
9,3434,250,1496.89404296875,5.987576007843018,7.586493015289307,0.050000011920928955,858500
9,3435,250,1263.854248046875,5.055417060852051,7.418861389160156,0.050000011920928955,858750
9,3436,250,1539.3741455078125,6.157496452331543,7.3700270652771,0.050000011920928955,859000
9,3437,250,1190.37841796875,4.761513710021973,7.596895217895508,0.050000011920928955,859250
9,3438,250,888.9384155273438,3.555753707885742,7.36851167678833,0.050000011920928955,859500
9,3439,250,1232.8682861328125,4.931473255157471,7.205632209777832,0.050000011920928955,859750
9,3440,250,1327.0926513671875,5.308370590209961,7.225196361541748,0.050000011920928955,860000
9,3441,250,1336.209716796875,5.344839096069336,7.422930717468262,0.050000011920928955,860250
9,3442,250,1452.172607421875,5.808690547943115,7.248831748962402,0.050000011920928955,860500
9,3443,250,1342.682861328125,5.370731353759766,6.988802909851074,0.050000011920928955,860750
9,3444,250,1333.30712890625,5.333228588104248,6.767386436462402,0.050000011920928955,861000
9,3445,250,763.802490234375,3.0552098751068115,6.838496685028076,0.050000011920928955,861250
9,3446,250,994.9804077148438,3.979921579360962,6.596501350402832,0.050000011920928955,861500
9,3447,250,1249.232666015625,4.9969305992126465,6.698654651641846,0.050000011920928955,861750
9,3448,250,934.1246337890625,3.7364985942840576,6.18968391418457,0.050000011920928955,862000
9,3449,250,-363.84088134765625,-1.4553635120391846,6.282171726226807,0.050000011920928955,862250
9,3450,250,923.8526000976562,3.6954104900360107,6.28303337097168,0.050000011920928955,862500
9,3451,250,1465.5911865234375,5.862364768981934,6.548859596252441,0.050000011920928955,862750
9,3452,250,1216.7738037109375,4.867094993591309,6.218594074249268,0.050000011920928955,863000
9,3453,250,1233.1708984375,4.93268346786499,6.202450275421143,0.050000011920928955,863250
9,3454,250,1436.36572265625,5.745462894439697,6.341207027435303,0.050000011920928955,863500
9,3455,250,1205.2303466796875,4.820921421051025,5.976681232452393,0.050000011920928955,863750
9,3456,250,1419.6495361328125,5.678597927093506,6.002160549163818,0.050000011920928955,864000
9,3457,250,1549.6568603515625,6.198627471923828,5.92460823059082,0.050000011920928955,864250
9,3458,250,-56.412601470947266,-0.22565039992332458,5.979447364807129,0.050000011920928955,864500
9,3459,250,1432.869384765625,5.731477737426758,6.038000583648682,0.050000011920928955,864750
9,3460,250,-59.96230697631836,-0.23984922468662262,6.07349157333374,0.050000011920928955,865000
9,3461,250,-45.8482551574707,-0.18339301645755768,6.253918170928955,0.050000011920928955,865250
9,3462,250,1697.4150390625,6.7896599769592285,6.2162017822265625,0.050000011920928955,865500
9,3463,250,1449.6064453125,5.798425674438477,5.93882942199707,0.050000011920928955,865750
9,3464,250,-65.28441619873047,-0.2611376643180847,5.660561561584473,0.050000011920928955,866000
9,3465,250,1426.2559814453125,5.705023765563965,5.931131839752197,0.050000011920928955,866250
9,3466,250,1447.668212890625,5.790672779083252,5.656510829925537,0.050000011920928955,866500
9,3467,250,2.536856174468994,0.010147424414753914,5.751880645751953,0.050000011920928955,866750
9,3468,250,1643.20556640625,6.572822093963623,5.667353630065918,0.050000011920928955,867000
9,3469,250,1668.238037109375,6.672952175140381,5.668524265289307,0.050000011920928955,867250
9,3470,250,1598.563720703125,6.394254684448242,5.674786567687988,0.050000011920928955,867500
9,3471,250,1618.189697265625,6.472758769989014,5.466811656951904,0.050000011920928955,867750
9,3472,250,1653.879150390625,6.615516662597656,5.248697757720947,0.050000011920928955,868000
9,3473,250,1450.1064453125,5.800426006317139,5.2757368087768555,0.050000011920928955,868250
9,3474,250,1654.5140380859375,6.618056297302246,4.977885723114014,0.050000011920928955,868500
9,3475,250,-63.52266311645508,-0.25409066677093506,5.3021135330200195,0.050000011920928955,868750
9,3476,250,1679.09423828125,6.716376781463623,5.143090724945068,0.050000011920928955,869000
9,3477,250,1619.2916259765625,6.477166652679443,5.389009475708008,0.050000011920928955,869250
9,3478,250,1712.510986328125,6.850043773651123,5.304046154022217,0.050000011920928955,869500
9,3479,250,1396.622802734375,5.586491107940674,5.240549087524414,0.050000011920928955,869750
9,3480,250,1575.42919921875,6.3017168045043945,5.068955898284912,0.050000011920928955,870000
9,3481,250,1708.618408203125,6.834473609924316,5.723210334777832,0.050000011920928955,870250
9,3482,250,1478.098388671875,5.912393569946289,5.446010589599609,0.050000011920928955,870500
9,3483,250,1688.79248046875,6.755169868469238,5.196615219116211,0.050000011920928955,870750
9,3484,250,1644.5181884765625,6.578072547912598,5.415937423706055,0.050000011920928955,871000
9,3485,250,1601.428466796875,6.40571403503418,5.571262836456299,0.050000011920928955,871250
9,3486,250,1485.8995361328125,5.94359827041626,4.998544216156006,0.050000011920928955,871500
9,3487,250,1371.72509765625,5.486900329589844,5.01213264465332,0.050000011920928955,871750
9,3488,250,1359.1798095703125,5.4367194175720215,4.749393463134766,0.050000011920928955,872000
9,3489,250,1654.3319091796875,6.617327690124512,5.232579708099365,0.050000011920928955,872250
9,3490,250,1143.4444580078125,4.573777675628662,5.222574710845947,0.050000011920928955,872500
9,3491,250,1654.7237548828125,6.618895053863525,5.073678493499756,0.050000011920928955,872750
9,3492,250,1663.49609375,6.653984546661377,4.677165985107422,0.050000011920928955,873000
9,3493,250,1346.81494140625,5.3872599601745605,4.997196197509766,0.050000011920928955,873250
9,3494,250,1219.4249267578125,4.877699851989746,4.980345249176025,0.050000011920928955,873500
9,3495,250,1332.4219970703125,5.32968807220459,4.81319522857666,0.050000011920928955,873750
9,3496,250,1042.728515625,4.170914173126221,4.8957061767578125,0.050000011920928955,874000
9,3497,250,1471.1273193359375,5.884509086608887,4.795792579650879,0.050000011920928955,874250
9,3498,250,906.5635986328125,3.6262543201446533,4.84342622756958,0.050000011920928955,874500
9,3499,250,1369.2816162109375,5.477126598358154,4.756438255310059,0.050000011920928955,874750
9,3500,250,1537.2255859375,6.148902416229248,4.514066696166992,0.050000011920928955,875000
9,3501,250,1515.41162109375,6.061646461486816,4.487174987792969,0.050000011920928955,875250
9,3502,250,1221.531982421875,4.886127948760986,4.359611988067627,0.050000011920928955,875500
9,3503,250,1508.742431640625,6.034969806671143,4.718394756317139,0.050000011920928955,875750
9,3504,250,1479.571533203125,5.918286323547363,4.476298809051514,0.050000011920928955,876000
9,3505,250,78.61013793945312,0.3144405484199524,4.574219703674316,0.050000011920928955,876250
9,3506,250,1684.2232666015625,6.736893177032471,4.1984357833862305,0.050000011920928955,876500
9,3507,250,948.53125,3.7941250801086426,4.119239807128906,0.050000011920928955,876750
9,3508,250,1323.094970703125,5.292379856109619,4.214189052581787,0.050000011920928955,877000
9,3509,250,1632.3094482421875,6.529237747192383,4.5556111335754395,0.050000011920928955,877250
9,3510,250,1619.50634765625,6.478025436401367,4.715609073638916,0.050000011920928955,877500
9,3511,250,1189.223388671875,4.756893634796143,4.410534381866455,0.050000011920928955,877750
9,3512,250,1675.630859375,6.702523231506348,4.744870662689209,0.050000011920928955,878000
9,3513,250,1584.13720703125,6.336548805236816,4.620108127593994,0.050000011920928955,878250
9,3514,250,1440.18896484375,5.760756015777588,4.644845962524414,0.050000011920928955,878500
9,3515,250,1490.619384765625,5.962477684020996,4.423106670379639,0.050000011920928955,878750
9,3516,250,1483.2923583984375,5.933169364929199,4.661919593811035,0.050000011920928955,879000
9,3517,250,1561.292236328125,6.245169162750244,4.710404872894287,0.050000011920928955,879250
9,3518,250,1630.421875,6.5216875076293945,4.311065196990967,0.050000011920928955,879500
9,3519,250,1368.868896484375,5.475475788116455,4.576030254364014,0.050000011920928955,879750
9,3520,250,1151.4246826171875,4.605698585510254,4.5477070808410645,0.050000011920928955,880000
9,3521,250,1468.6278076171875,5.874511241912842,5.006462574005127,0.050000011920928955,880250
9,3522,250,1656.9189453125,6.627676010131836,4.732099533081055,0.050000011920928955,880500
9,3523,250,1399.939697265625,5.599758625030518,4.70614767074585,0.050000011920928955,880750
9,3524,250,1414.995849609375,5.6599836349487305,4.801497459411621,0.050000011920928955,881000
9,3525,250,1518.38232421875,6.073529243469238,4.950507640838623,0.050000011920928955,881250
9,3526,250,1422.43701171875,5.6897478103637695,4.658588886260986,0.050000011920928955,881500
9,3527,250,1387.4583740234375,5.549833297729492,5.02089786529541,0.050000011920928955,881750
9,3528,250,3.5092825889587402,0.014037130400538445,5.06200647354126,0.050000011920928955,882000
9,3529,250,1430.23095703125,5.720923900604248,5.039599895477295,0.050000011920928955,882250
9,3530,250,1571.908935546875,6.287635803222656,4.9449872970581055,0.050000011920928955,882500
9,3531,250,1233.4765625,4.933906078338623,4.510959148406982,0.050000011920928955,882750
9,3532,250,1498.6839599609375,5.9947357177734375,4.8199462890625,0.050000011920928955,883000
9,3533,250,1344.893798828125,5.379575252532959,5.229405403137207,0.050000011920928955,883250
9,3534,250,1567.436767578125,6.269747257232666,5.1447577476501465,0.050000011920928955,883500
9,3535,250,1506.64599609375,6.026584148406982,5.158751964569092,0.050000011920928955,883750
9,3536,250,1624.8267822265625,6.499307155609131,5.1168131828308105,0.050000011920928955,884000
9,3537,250,1384.4039306640625,5.537615776062012,5.3275465965271,0.050000011920928955,884250
9,3538,250,1663.59033203125,6.654361248016357,4.752936363220215,0.050000011920928955,884500
9,3539,250,819.4569702148438,3.2778279781341553,4.77077579498291,0.050000011920928955,884750
9,3540,250,1467.658447265625,5.870633602142334,4.9675469398498535,0.050000011920928955,885000
9,3541,250,1608.8829345703125,6.4355316162109375,5.21473503112793,0.050000011920928955,885250
9,3542,250,1533.98193359375,6.135927677154541,4.965450286865234,0.050000011920928955,885500
9,3543,250,1684.7474365234375,6.73898983001709,4.963160991668701,0.050000011920928955,885750
9,3544,250,1622.7176513671875,6.490870475769043,4.987990379333496,0.050000011920928955,886000
9,3545,250,1619.73779296875,6.4789509773254395,5.0194993019104,0.050000011920928955,886250
9,3546,250,1679.610107421875,6.718440532684326,4.697712421417236,0.050000011920928955,886500
9,3547,250,1670.407958984375,6.681632041931152,4.749584197998047,0.050000011920928955,886750
9,3548,250,1469.667236328125,5.878668785095215,4.4963531494140625,0.050000011920928955,887000
9,3549,250,1510.7860107421875,6.043144226074219,4.639434337615967,0.050000011920928955,887250
9,3550,250,1756.8992919921875,7.027596950531006,4.396268844604492,0.050000011920928955,887500
9,3551,250,1068.515869140625,4.274063587188721,4.309372901916504,0.050000011920928955,887750
9,3552,250,1182.4451904296875,4.729780673980713,4.394245624542236,0.050000011920928955,888000
9,3553,250,1651.5078125,6.60603141784668,4.76216983795166,0.050000011920928955,888250
9,3554,250,1403.52978515625,5.614119052886963,4.707381725311279,0.050000011920928955,888500
9,3555,250,1495.958251953125,5.983832836151123,4.670260906219482,0.050000011920928955,888750
9,3556,250,1183.38134765625,4.733525276184082,4.1902546882629395,0.050000011920928955,889000
9,3557,250,1279.72998046875,5.118919849395752,4.766022682189941,0.050000011920928955,889250
9,3558,250,1581.10693359375,6.324427604675293,4.616635799407959,0.050000011920928955,889500
9,3559,250,1184.5731201171875,4.738292694091797,4.603166580200195,0.050000011920928955,889750
9,3560,250,1416.019775390625,5.664079189300537,4.466111660003662,0.050000011920928955,890000
9,3561,250,1263.6759033203125,5.054703712463379,4.727336406707764,0.050000011920928955,890250
9,3562,250,1066.0394287109375,4.264157772064209,4.708855628967285,0.050000011920928955,890500
9,3563,250,1439.7679443359375,5.7590718269348145,4.552099227905273,0.050000011920928955,890750
9,3564,250,1568.7969970703125,6.275187969207764,4.5573410987854,0.050000011920928955,891000
9,3565,250,230.4120635986328,0.9216482639312744,5.026910305023193,0.050000011920928955,891250
9,3566,250,1556.7283935546875,6.2269134521484375,4.815122604370117,0.050000011920928955,891500
9,3567,250,1372.105224609375,5.4884209632873535,4.986268043518066,0.050000011920928955,891750
9,3568,250,-6.328367710113525,-0.025313470512628555,4.5893754959106445,0.050000011920928955,892000
9,3569,250,1563.3489990234375,6.253396034240723,5.201690673828125,0.050000011920928955,892250
9,3570,250,1573.539794921875,6.294159412384033,5.259723663330078,0.050000011920928955,892500
9,3571,250,1347.800048828125,5.391200065612793,4.779886245727539,0.050000011920928955,892750
9,3572,250,1621.1939697265625,6.484776020050049,4.750092029571533,0.050000011920928955,893000
9,3573,250,994.0997314453125,3.9763989448547363,5.251561164855957,0.050000011920928955,893250
9,3574,250,1545.45068359375,6.181802749633789,5.302239418029785,0.050000011920928955,893500
9,3575,250,-100.98548889160156,-0.40394195914268494,5.040213584899902,0.050000011920928955,893750
9,3576,250,1629.9866943359375,6.519946575164795,5.07335901260376,0.050000011920928955,894000
9,3577,250,1614.511962890625,6.458047866821289,5.373650074005127,0.050000011920928955,894250
9,3578,250,1639.6053466796875,6.558421611785889,5.272420406341553,0.050000011920928955,894500
9,3579,250,-56.75482177734375,-0.2270192801952362,5.2064714431762695,0.050000011920928955,894750
9,3580,250,-35.414772033691406,-0.14165908098220825,5.3710455894470215,0.050000011920928955,895000
9,3581,250,-21.880674362182617,-0.08752270042896271,5.973190784454346,0.050000011920928955,895250
9,3582,250,1583.2662353515625,6.333065032958984,5.8748579025268555,0.050000011920928955,895500
9,3583,250,1564.045654296875,6.256182670593262,6.331423759460449,0.050000011920928955,895750
9,3584,250,1597.715576171875,6.390862464904785,5.897863864898682,0.050000011920928955,896000
9,3585,250,1658.4603271484375,6.633841514587402,6.383157730102539,0.050000011920928955,896250
9,3586,250,1357.06494140625,5.42825984954834,5.990417957305908,0.050000011920928955,896500
9,3587,250,-25.181575775146484,-0.10072630643844604,5.925489902496338,0.050000011920928955,896750
9,3588,250,1715.801513671875,6.863205909729004,6.165427207946777,0.050000011920928955,897000
9,3589,250,-39.13758087158203,-0.1565503180027008,6.109955310821533,0.050000011920928955,897250
9,3590,250,-43.21763229370117,-0.17287053167819977,6.400307655334473,0.050000011920928955,897500
9,3591,250,1529.6409912109375,6.118564128875732,6.563178062438965,0.050000011920928955,897750
9,3592,250,1561.6322021484375,6.246528625488281,6.146721839904785,0.050000011920928955,898000
9,3593,250,105.75199127197266,0.4230079650878906,6.4769086837768555,0.050000011920928955,898250
9,3594,250,1652.341796875,6.609367370605469,6.78054666519165,0.050000011920928955,898500
9,3595,250,-488.66375732421875,-1.9546550512313843,6.535832405090332,0.050000011920928955,898750
9,3596,250,1525.3546142578125,6.101418495178223,7.073092937469482,0.050000011920928955,899000
9,3597,250,53.62417221069336,0.2144966870546341,7.192111968994141,0.050000011920928955,899250
9,3598,250,683.9536743164062,2.7358148097991943,7.153446674346924,0.050000011920928955,899500
9,3599,250,1164.600341796875,4.6584014892578125,7.174121379852295,0.050000011920928955,899750
9,3600,250,1058.917724609375,4.235671043395996,7.416604042053223,0.050000011920928955,900000
9,3601,250,1653.791015625,6.615164279937744,7.989327430725098,0.050000011920928955,900250
9,3602,250,4.031993865966797,0.016127975657582283,7.288836479187012,0.050000011920928955,900500
9,3603,250,1331.3006591796875,5.325202465057373,7.324333667755127,0.050000011920928955,900750
9,3604,250,1542.525390625,6.170101642608643,7.184603691101074,0.050000011920928955,901000
9,3605,250,1484.2130126953125,5.936851978302002,7.429204940795898,0.050000011920928955,901250
9,3606,250,1673.5330810546875,6.694132328033447,7.2576141357421875,0.050000011920928955,901500
9,3607,250,1318.39208984375,5.273568153381348,7.208033084869385,0.050000011920928955,901750
9,3608,250,1557.20263671875,6.2288103103637695,7.517937183380127,0.050000011920928955,902000
9,3609,250,1770.7265625,7.082906246185303,7.206179141998291,0.050000011920928955,902250
9,3610,250,1619.22119140625,6.476884841918945,7.15722131729126,0.050000011920928955,902500
9,3611,250,1287.8671875,5.151468753814697,6.89698600769043,0.050000011920928955,902750
9,3612,250,319.06719970703125,1.2762688398361206,6.995816707611084,0.050000011920928955,903000
9,3613,250,1593.5625,6.3742499351501465,7.39389705657959,0.050000011920928955,903250
9,3614,250,1642.2396240234375,6.568958282470703,7.279571533203125,0.050000011920928955,903500
9,3615,250,1386.1904296875,5.544761657714844,7.3539719581604,0.050000011920928955,903750
9,3616,250,1566.5538330078125,6.2662153244018555,6.82219934463501,0.050000011920928955,904000
9,3617,250,1528.714599609375,6.114858627319336,7.196831703186035,0.050000011920928955,904250
9,3618,250,1069.400390625,4.277601718902588,7.260518550872803,0.050000011920928955,904500
9,3619,250,12.266839981079102,0.049067359417676926,7.280154705047607,0.050000011920928955,904750
9,3620,250,1588.615478515625,6.354462146759033,7.0944504737854,0.050000011920928955,905000
9,3621,250,1351.3427734375,5.405371189117432,7.224580764770508,0.050000011920928955,905250
9,3622,250,827.906494140625,3.3116259574890137,7.527074813842773,0.050000011920928955,905500
9,3623,250,1170.311767578125,4.681247234344482,6.982982158660889,0.050000011920928955,905750
9,3624,250,1271.656494140625,5.086626052856445,7.226158618927002,0.050000011920928955,906000
9,3625,250,1366.6859130859375,5.466743469238281,7.486590385437012,0.050000011920928955,906250
9,3626,250,1611.3682861328125,6.4454731941223145,7.501697540283203,0.050000011920928955,906500
9,3627,250,1677.68017578125,6.710720539093018,6.769601345062256,0.050000011920928955,906750
9,3628,250,1344.69287109375,5.3787713050842285,6.920129299163818,0.050000011920928955,907000
9,3629,250,1599.978271484375,6.399913311004639,7.043214797973633,0.050000011920928955,907250
9,3630,250,723.4801635742188,2.893920660018921,6.7487688064575195,0.050000011920928955,907500
9,3631,250,672.7803955078125,2.6911215782165527,7.307474613189697,0.050000011920928955,907750
9,3632,250,1651.1846923828125,6.604738712310791,7.206631660461426,0.050000011920928955,908000
9,3633,250,1598.859375,6.395437717437744,7.280666351318359,0.050000011920928955,908250
9,3634,250,1439.05615234375,5.756224632263184,7.10792350769043,0.050000011920928955,908500
9,3635,250,1091.114990234375,4.364459991455078,7.188031196594238,0.050000011920928955,908750
9,3636,250,1234.5999755859375,4.938399791717529,6.779139518737793,0.050000011920928955,909000
9,3637,250,1492.9906005859375,5.9719624519348145,6.967194557189941,0.050000011920928955,909250
9,3638,250,1228.637939453125,4.914551734924316,6.668997287750244,0.050000011920928955,909500
9,3639,250,1400.5396728515625,5.602158546447754,6.473296642303467,0.050000011920928955,909750
9,3640,250,1150.6671142578125,4.602668285369873,6.22688627243042,0.050000011920928955,910000
9,3641,250,1529.121337890625,6.116485118865967,6.8612189292907715,0.050000011920928955,910250
9,3642,250,1462.2437744140625,5.84897518157959,6.466013431549072,0.050000011920928955,910500
9,3643,250,1015.7985229492188,4.063194274902344,6.405775547027588,0.050000011920928955,910750
9,3644,250,1499.015380859375,5.996061325073242,6.254724502563477,0.050000011920928955,911000
9,3645,250,838.421142578125,3.353684663772583,6.668079853057861,0.050000011920928955,911250
9,3646,250,1264.337646484375,5.0573506355285645,6.175018787384033,0.050000011920928955,911500
9,3647,250,1075.6143798828125,4.302457332611084,6.262756824493408,0.050000011920928955,911750
9,3648,250,983.1848754882812,3.932739496231079,6.184132099151611,0.050000011920928955,912000
9,3649,250,1412.479248046875,5.649917125701904,6.838890552520752,0.050000011920928955,912250
9,3650,250,848.7960815429688,3.395184278488159,6.645796775817871,0.050000011920928955,912500
9,3651,250,986.0657958984375,3.944263219833374,6.500175952911377,0.050000011920928955,912750
9,3652,250,1358.4185791015625,5.433674335479736,6.501740455627441,0.050000011920928955,913000
9,3653,250,1132.148193359375,4.528592586517334,6.519803524017334,0.050000011920928955,913250
9,3654,250,1313.4140625,5.253656387329102,6.952816486358643,0.050000011920928955,913500
9,3655,250,1433.769287109375,5.735077381134033,6.519169807434082,0.050000011920928955,913750
9,3656,250,29.196287155151367,0.11678514629602432,6.452073574066162,0.050000011920928955,914000
9,3657,250,1460.6722412109375,5.842689037322998,6.844377040863037,0.050000011920928955,914250
9,3658,250,1509.932861328125,6.039731502532959,6.759314060211182,0.050000011920928955,914500
9,3659,250,416.8974609375,1.6675899028778076,6.623891830444336,0.050000011920928955,914750
9,3660,250,412.5948181152344,1.6503793001174927,6.4906535148620605,0.050000011920928955,915000
9,3661,250,1539.10205078125,6.156408309936523,6.577783584594727,0.050000011920928955,915250
9,3662,250,1152.3499755859375,4.609399795532227,6.831933975219727,0.050000011920928955,915500
9,3663,250,1445.333251953125,5.781332969665527,6.0822577476501465,0.050000011920928955,915750
9,3664,250,1623.0888671875,6.4923553466796875,6.524837017059326,0.050000011920928955,916000
9,3665,250,1627.098388671875,6.50839376449585,6.586536884307861,0.050000011920928955,916250
9,3666,250,1366.9024658203125,5.467609882354736,6.786457061767578,0.050000011920928955,916500
9,3667,250,1382.48046875,5.529922008514404,6.503015041351318,0.050000011920928955,916750
9,3668,250,1426.8660888671875,5.707464218139648,6.641679763793945,0.050000011920928955,917000
9,3669,250,1544.05419921875,6.1762166023254395,6.699830055236816,0.050000011920928955,917250
9,3670,250,1503.61181640625,6.014447212219238,6.666422367095947,0.050000011920928955,917500
9,3671,250,1318.612060546875,5.274448394775391,6.240605354309082,0.050000011920928955,917750
9,3672,250,1607.132080078125,6.428528308868408,6.325112342834473,0.050000011920928955,918000
9,3673,250,934.3600463867188,3.7374401092529297,6.368328094482422,0.050000011920928955,918250
9,3674,250,1500.0623779296875,6.00024938583374,6.006065845489502,0.050000011920928955,918500
9,3675,250,1524.0556640625,6.096222877502441,6.285866737365723,0.050000011920928955,918750
9,3676,250,1175.21142578125,4.700845718383789,6.346624851226807,0.050000011920928955,919000
9,3677,250,1119.318115234375,4.4772725105285645,6.218233585357666,0.050000011920928955,919250
9,3678,250,1599.082275390625,6.396328926086426,6.236696720123291,0.050000011920928955,919500
9,3679,250,1513.1480712890625,6.0525922775268555,5.900274276733398,0.050000011920928955,919750
9,3680,250,1392.7340087890625,5.57093620300293,5.846881866455078,0.050000011920928955,920000
9,3681,250,1532.7783203125,6.131113052368164,5.956228733062744,0.050000011920928955,920250
9,3682,250,1411.578369140625,5.646313667297363,6.079655170440674,0.050000011920928955,920500
9,3683,250,1534.8350830078125,6.139340400695801,6.0884881019592285,0.050000011920928955,920750
9,3684,250,1515.73046875,6.06292200088501,5.741481781005859,0.050000011920928955,921000
9,3685,250,1395.7457275390625,5.582983016967773,5.880998134613037,0.050000011920928955,921250
9,3686,250,1587.9139404296875,6.351655960083008,5.7508978843688965,0.050000011920928955,921500
9,3687,250,1671.6490478515625,6.686596393585205,5.5402631759643555,0.050000011920928955,921750
9,3688,250,1653.974365234375,6.6158976554870605,5.256011962890625,0.050000011920928955,922000
9,3689,250,1300.2589111328125,5.201035499572754,5.384158611297607,0.050000011920928955,922250
9,3690,250,1408.3798828125,5.633519649505615,5.320199966430664,0.050000011920928955,922500
9,3691,250,1573.852783203125,6.295411109924316,5.507137775421143,0.050000011920928955,922750
9,3692,250,1080.3021240234375,4.321208477020264,5.106846809387207,0.050000011920928955,923000
9,3693,250,-1.821349024772644,-0.0072853961028158665,5.216829776763916,0.050000011920928955,923250
9,3694,250,1653.5218505859375,6.6140875816345215,5.486982822418213,0.050000011920928955,923500
9,3695,250,-15.011354446411133,-0.06004541739821434,5.260249137878418,0.050000011920928955,923750
9,3696,250,1566.014404296875,6.264057636260986,5.2662553787231445,0.050000011920928955,924000
9,3697,250,1629.85791015625,6.5194315910339355,5.581573009490967,0.050000011920928955,924250
9,3698,250,1569.296630859375,6.277186393737793,5.796261787414551,0.050000011920928955,924500
9,3699,250,-12.993340492248535,-0.051973361521959305,5.564145088195801,0.050000011920928955,924750
9,3700,250,-2.167640209197998,-0.008670561015605927,5.6024980545043945,0.050000011920928955,925000
9,3701,250,25.592144012451172,0.10236857831478119,5.8775200843811035,0.050000011920928955,925250
9,3702,250,1773.437744140625,7.093750953674316,5.7971038818359375,0.050000011920928955,925500
9,3703,250,38.297607421875,0.15319043397903442,6.02996301651001,0.050000011920928955,925750
9,3704,250,12.740385055541992,0.05096153914928436,6.010392665863037,0.050000011920928955,926000
9,3705,250,1570.896240234375,6.283585071563721,6.8344902992248535,0.050000011920928955,926250
9,3706,250,42.72145462036133,0.1708858162164688,6.461596965789795,0.050000011920928955,926500
9,3707,250,14.025571823120117,0.05610228702425957,6.5110297203063965,0.050000011920928955,926750
9,3708,250,7.073071479797363,0.028292285278439522,6.707859039306641,0.050000011920928955,927000
9,3709,250,109.63153839111328,0.4385261535644531,7.564755916595459,0.050000011920928955,927250
9,3710,250,930.7734375,3.7230937480926514,7.684090614318848,0.050000011920928955,927500
9,3711,250,1813.221923828125,7.252887725830078,7.353638172149658,0.050000011920928955,927750
9,3712,250,29.06905174255371,0.11627620458602905,7.573521614074707,0.050000011920928955,928000
9,3713,250,96.96388244628906,0.38785552978515625,7.823693752288818,0.050000011920928955,928250
9,3714,250,51.560401916503906,0.20624160766601562,7.726405620574951,0.050000011920928955,928500
9,3715,250,9.210203170776367,0.036840811371803284,7.959160327911377,0.050000011920928955,928750
9,3716,250,1755.0689697265625,7.020276069641113,7.770037651062012,0.050000011920928955,929000
9,3717,250,9.085433959960938,0.03634173423051834,8.67074203491211,0.050000011920928955,929250
9,3718,250,754.2848510742188,3.017139434814453,8.823655128479004,0.050000011920928955,929500
9,3719,250,1325.2437744140625,5.300975322723389,8.363389015197754,0.050000011920928955,929750
9,3720,250,13.006682395935059,0.05202673003077507,8.20223617553711,0.050000011920928955,930000
9,3721,250,-69.85806274414062,-0.2794322371482849,9.019024848937988,0.050000011920928955,930250
9,3722,250,1440.80078125,5.763203144073486,9.066375732421875,0.050000011920928955,930500
9,3723,250,1458.75732421875,5.835029125213623,9.28583812713623,0.050000011920928955,930750
9,3724,250,1901.0517578125,7.6042070388793945,8.453115463256836,0.050000011920928955,931000
9,3725,250,1001.8843994140625,4.007537364959717,8.743041038513184,0.050000011920928955,931250
9,3726,250,774.754638671875,3.0990185737609863,9.179572105407715,0.050000011920928955,931500
9,3727,250,124.86226654052734,0.49944907426834106,9.299912452697754,0.050000011920928955,931750
9,3728,250,813.074951171875,3.2522997856140137,9.057633399963379,0.050000011920928955,932000
9,3729,250,1545.53662109375,6.1821465492248535,9.471044540405273,0.050000011920928955,932250
9,3730,250,361.4435729980469,1.4457743167877197,9.360440254211426,0.050000011920928955,932500
9,3731,250,504.1983337402344,2.0167932510375977,8.969964981079102,0.050000011920928955,932750
9,3732,250,1382.1134033203125,5.528453826904297,8.684062004089355,0.050000011920928955,933000
9,3733,250,6.5089240074157715,0.026035696268081665,9.109302520751953,0.050000011920928955,933250
9,3734,250,1010.3948364257812,4.041579246520996,9.192656517028809,0.050000011920928955,933500
9,3735,250,176.09165954589844,0.7043666243553162,8.913833618164062,0.050000011920928955,933750
9,3736,250,151.4518280029297,0.6058073043823242,8.524514198303223,0.050000011920928955,934000
9,3737,250,1762.9222412109375,7.051689147949219,8.9632568359375,0.050000011920928955,934250
9,3738,250,68.94761657714844,0.2757904529571533,9.314275741577148,0.050000011920928955,934500
9,3739,250,1141.2962646484375,4.565185070037842,8.896707534790039,0.050000011920928955,934750
9,3740,250,1850.8077392578125,7.403231143951416,8.804625511169434,0.050000011920928955,935000
9,3741,250,1133.90478515625,4.535619258880615,8.374506950378418,0.050000011920928955,935250
9,3742,250,598.420654296875,2.3936827182769775,8.157957077026367,0.050000011920928955,935500
9,3743,250,805.2760620117188,3.221104145050049,8.441476821899414,0.050000011920928955,935750
9,3744,250,288.3780822753906,1.1535123586654663,8.227241516113281,0.050000011920928955,936000
9,3745,250,1585.2393798828125,6.3409576416015625,8.701181411743164,0.050000011920928955,936250
9,3746,250,1956.1536865234375,7.824614524841309,8.444270133972168,0.050000011920928955,936500
9,3747,250,1529.329833984375,6.117319107055664,8.280889511108398,0.050000011920928955,936750
9,3748,250,1499.3994140625,5.997597694396973,8.464940071105957,0.050000011920928955,937000
9,3749,250,1452.494873046875,5.809979438781738,8.675691604614258,0.050000011920928955,937250
9,3750,250,1804.8427734375,7.219371318817139,8.227725982666016,0.050000011920928955,937500
9,3751,250,696.4131469726562,2.7856526374816895,8.258140563964844,0.050000011920928955,937750
9,3752,250,1519.16064453125,6.0766425132751465,8.173184394836426,0.050000011920928955,938000
9,3753,250,1623.778564453125,6.495114326477051,8.41977310180664,0.050000011920928955,938250
9,3754,250,1579.9254150390625,6.319701671600342,8.318267822265625,0.050000011920928955,938500
9,3755,250,1577.4249267578125,6.309699535369873,7.996688365936279,0.050000011920928955,938750
9,3756,250,1491.801513671875,5.967206001281738,7.922936916351318,0.050000011920928955,939000
9,3757,250,1709.062255859375,6.836248874664307,8.402175903320312,0.050000011920928955,939250
9,3758,250,126.28937530517578,0.5051575303077698,8.038204193115234,0.050000011920928955,939500
9,3759,250,1422.94921875,5.691796779632568,8.06332015991211,0.050000011920928955,939750
9,3760,250,1701.44677734375,6.805787086486816,7.691982269287109,0.050000011920928955,940000
9,3761,250,124.67208862304688,0.49868834018707275,8.577271461486816,0.050000011920928955,940250
9,3762,250,1171.4464111328125,4.68578577041626,8.189374923706055,0.050000011920928955,940500
9,3763,250,1547.5787353515625,6.190314769744873,8.094010353088379,0.050000011920928955,940750
9,3764,250,1516.08740234375,6.06434965133667,7.855510234832764,0.050000011920928955,941000
9,3765,250,1803.6904296875,7.214761734008789,8.341612815856934,0.050000011920928955,941250
9,3766,250,143.1903533935547,0.5727614164352417,8.03877067565918,0.050000011920928955,941500
9,3767,250,129.79873657226562,0.5191949605941772,7.933320045471191,0.050000011920928955,941750
9,3768,250,150.13047790527344,0.6005219221115112,8.362056732177734,0.050000011920928955,942000
9,3769,250,1637.33984375,6.549359321594238,8.784767150878906,0.050000011920928955,942250
9,3770,250,132.30035400390625,0.5292013883590698,8.467168807983398,0.050000011920928955,942500
9,3771,250,181.52120971679688,0.72608482837677,8.416234016418457,0.050000011920928955,942750
9,3772,250,131.07501220703125,0.5243000388145447,8.403630256652832,0.050000011920928955,943000
9,3773,250,1657.0355224609375,6.6281418800354,9.383503913879395,0.050000011920928955,943250
9,3774,250,1092.18994140625,4.368759632110596,8.71000862121582,0.050000011920928955,943500
9,3775,250,1577.2442626953125,6.308977127075195,8.60645866394043,0.050000011920928955,943750
9,3776,250,1531.8624267578125,6.1274495124816895,8.487042427062988,0.050000011920928955,944000
9,3777,250,1640.8201904296875,6.5632805824279785,8.883233070373535,0.050000011920928955,944250
9,3778,250,1156.9296875,4.627718925476074,8.668678283691406,0.050000011920928955,944500
9,3779,250,1093.5098876953125,4.374039649963379,8.268924713134766,0.050000011920928955,944750
9,3780,250,804.4680786132812,3.217872381210327,8.332621574401855,0.050000011920928955,945000
9,3781,250,-67.79773712158203,-0.27119094133377075,8.295933723449707,0.050000011920928955,945250
9,3782,250,-37.97103500366211,-0.15188413858413696,8.156712532043457,0.050000011920928955,945500
9,3783,250,694.5654296875,2.778261661529541,8.599164009094238,0.050000011920928955,945750
9,3784,250,1101.09033203125,4.404361248016357,8.379495620727539,0.050000011920928955,946000
9,3785,250,1085.93310546875,4.3437323570251465,8.801085472106934,0.050000011920928955,946250
9,3786,250,1382.8714599609375,5.5314860343933105,7.8975982666015625,0.050000011920928955,946500
9,3787,250,1369.057861328125,5.476231575012207,8.351617813110352,0.050000011920928955,946750
9,3788,250,1269.037353515625,5.0761494636535645,7.873269557952881,0.050000011920928955,947000
9,3789,250,1550.732177734375,6.20292854309082,8.18795394897461,0.050000011920928955,947250
9,3790,250,1218.128173828125,4.8725128173828125,7.94017219543457,0.050000011920928955,947500
9,3791,250,1122.8062744140625,4.491225242614746,8.304139137268066,0.050000011920928955,947750
9,3792,250,1306.072509765625,5.224289894104004,7.824703693389893,0.050000011920928955,948000
9,3793,250,1205.146728515625,4.820586681365967,8.180218696594238,0.050000011920928955,948250
9,3794,250,1554.6044921875,6.218418121337891,7.8189778327941895,0.050000011920928955,948500
9,3795,250,1492.9296875,5.971718788146973,8.134746551513672,0.050000011920928955,948750
9,3796,250,1528.1239013671875,6.112495422363281,7.676186561584473,0.050000011920928955,949000
9,3797,250,494.91326904296875,1.9796531200408936,8.179398536682129,0.050000011920928955,949250
9,3798,250,-114.4597396850586,-0.4578389525413513,7.6965861320495605,0.050000011920928955,949500
9,3799,250,1520.606201171875,6.082424640655518,7.844821453094482,0.050000011920928955,949750
9,3800,250,1316.390869140625,5.265563488006592,8.201112747192383,0.050000011920928955,950000
9,3801,250,1198.0067138671875,4.792026996612549,8.13240909576416,0.050000011920928955,950250
9,3802,250,1142.743408203125,4.5709733963012695,7.685440540313721,0.050000011920928955,950500
9,3803,250,1194.435546875,4.777742385864258,7.698437213897705,0.050000011920928955,950750
9,3804,250,1449.90478515625,5.799619197845459,7.607961177825928,0.050000011920928955,951000
9,3805,250,771.0693359375,3.084277391433716,7.7740349769592285,0.050000011920928955,951250
9,3806,250,1461.3055419921875,5.845221996307373,7.539298057556152,0.050000011920928955,951500
9,3807,250,1382.43310546875,5.5297322273254395,7.437076568603516,0.050000011920928955,951750
9,3808,250,1573.2318115234375,6.292927265167236,7.211195945739746,0.050000011920928955,952000
9,3809,250,1585.32861328125,6.341314315795898,7.11132287979126,0.050000011920928955,952250
9,3810,250,1364.1431884765625,5.456572532653809,6.8991217613220215,0.050000011920928955,952500
9,3811,250,1479.8544921875,5.919417858123779,6.681292533874512,0.050000011920928955,952750
9,3812,250,1719.79833984375,6.879193305969238,6.5573506355285645,0.050000011920928955,953000
9,3813,250,1127.788330078125,4.511153221130371,6.757970809936523,0.050000011920928955,953250
9,3814,250,1507.1356201171875,6.028542518615723,6.445205211639404,0.050000011920928955,953500
9,3815,250,1536.41796875,6.145671844482422,6.397846698760986,0.050000011920928955,953750
9,3816,250,1253.9388427734375,5.0157551765441895,6.791348457336426,0.050000011920928955,954000
9,3817,250,1818.71630859375,7.27486515045166,6.47809362411499,0.050000011920928955,954250
9,3818,250,1535.14208984375,6.140568256378174,6.483022212982178,0.050000011920928955,954500
9,3819,250,1543.024658203125,6.172098636627197,6.113885402679443,0.050000011920928955,954750
9,3820,250,1805.84326171875,7.223372936248779,6.157655715942383,0.050000011920928955,955000
9,3821,250,1415.450439453125,5.661801815032959,6.1284589767456055,0.050000011920928955,955250
9,3822,250,1204.392333984375,4.817569255828857,5.938381671905518,0.050000011920928955,955500
9,3823,250,1557.72509765625,6.230900287628174,5.924152851104736,0.050000011920928955,955750
9,3824,250,1616.7646484375,6.4670586585998535,5.79499626159668,0.050000011920928955,956000
9,3825,250,1450.4873046875,5.8019490242004395,5.852095127105713,0.050000011920928955,956250
9,3826,250,1413.9886474609375,5.655954360961914,5.702862739562988,0.050000011920928955,956500
9,3827,250,1489.336669921875,5.9573469161987305,5.413644313812256,0.050000011920928955,956750
9,3828,250,1302.1087646484375,5.20843505859375,5.677272796630859,0.050000011920928955,957000
9,3829,250,1514.001953125,6.0560078620910645,5.749456882476807,0.050000011920928955,957250
9,3830,250,1594.784423828125,6.3791375160217285,5.528536796569824,0.050000011920928955,957500
9,3831,250,1358.5770263671875,5.434308052062988,5.984182834625244,0.050000011920928955,957750
9,3832,250,1530.4814453125,6.1219258308410645,5.4671711921691895,0.050000011920928955,958000
9,3833,250,1234.939453125,4.939757823944092,5.799720764160156,0.050000011920928955,958250
9,3834,250,308.1119384765625,1.2324477434158325,6.050168514251709,0.050000011920928955,958500
9,3835,250,1019.0484008789062,4.076193809509277,5.969855308532715,0.050000011920928955,958750
9,3836,250,571.0022583007812,2.2840089797973633,5.727319240570068,0.050000011920928955,959000
9,3837,250,478.5010986328125,1.9140044450759888,5.960501194000244,0.050000011920928955,959250
9,3838,250,1101.089111328125,4.404356479644775,5.813645839691162,0.050000011920928955,959500
9,3839,250,832.1300048828125,3.3285200595855713,6.139649868011475,0.050000011920928955,959750
9,3840,250,700.833740234375,2.803334951400757,6.173027992248535,0.050000011920928955,960000
9,3841,250,94.81624603271484,0.3792649805545807,6.25326681137085,0.050000011920928955,960250
9,3842,250,108.91971588134766,0.4356788694858551,5.933987140655518,0.050000011920928955,960500
9,3843,250,963.4500122070312,3.853800058364868,6.057713031768799,0.050000011920928955,960750
9,3844,250,973.7899169921875,3.8951597213745117,6.419060707092285,0.050000011920928955,961000
9,3845,250,1353.6793212890625,5.414717197418213,6.348154067993164,0.050000011920928955,961250
9,3846,250,478.4598693847656,1.9138394594192505,6.253642559051514,0.050000011920928955,961500
9,3847,250,444.34222412109375,1.7773689031600952,6.364222049713135,0.050000011920928955,961750
9,3848,250,252.9345703125,1.0117383003234863,6.730071544647217,0.050000011920928955,962000
9,3849,250,1132.3916015625,4.529566287994385,6.900910377502441,0.050000011920928955,962250
9,3850,250,870.7391357421875,3.482956647872925,6.918195724487305,0.050000011920928955,962500
9,3851,250,1325.167236328125,5.300668716430664,7.041558742523193,0.050000011920928955,962750
9,3852,250,662.8096923828125,2.6512386798858643,6.6267290115356445,0.050000011920928955,963000
9,3853,250,1682.8880615234375,6.7315521240234375,7.595284938812256,0.050000011920928955,963250
9,3854,250,651.0422973632812,2.6041691303253174,6.84485387802124,0.050000011920928955,963500
9,3855,250,1282.39208984375,5.129568576812744,6.859258651733398,0.050000011920928955,963750
9,3856,250,1332.0814208984375,5.3283257484436035,7.272684097290039,0.050000011920928955,964000
9,3857,250,650.2271728515625,2.6009087562561035,7.355734348297119,0.050000011920928955,964250
9,3858,250,1580.2010498046875,6.320804119110107,7.374545574188232,0.050000011920928955,964500
9,3859,250,898.8643188476562,3.5954573154449463,7.035992622375488,0.050000011920928955,964750
9,3860,250,1819.5345458984375,7.278138160705566,7.192052364349365,0.050000011920928955,965000
9,3861,250,1592.2034912109375,6.368813991546631,7.981066703796387,0.050000011920928955,965250
9,3862,250,1319.5179443359375,5.278071880340576,7.522781848907471,0.050000011920928955,965500
9,3863,250,1708.64599609375,6.834583759307861,7.440275192260742,0.050000011920928955,965750
9,3864,250,1597.1732177734375,6.388692855834961,7.552768230438232,0.050000011920928955,966000
9,3865,250,1617.4417724609375,6.469767093658447,7.751173973083496,0.050000011920928955,966250
9,3866,250,1119.97900390625,4.479916095733643,7.716794013977051,0.050000011920928955,966500
9,3867,250,1082.9881591796875,4.3319525718688965,7.451210021972656,0.050000011920928955,966750
9,3868,250,701.0907592773438,2.8043630123138428,7.590053558349609,0.050000011920928955,967000
9,3869,250,709.441650390625,2.837766647338867,7.756229877471924,0.050000011920928955,967250
9,3870,250,1189.36572265625,4.757462978363037,7.688459396362305,0.050000011920928955,967500
9,3871,250,1399.807373046875,5.599229335784912,7.4053425788879395,0.050000011920928955,967750
9,3872,250,825.1160278320312,3.300464153289795,7.6459174156188965,0.050000011920928955,968000
9,3873,250,1635.4864501953125,6.541945934295654,7.8962016105651855,0.050000011920928955,968250
9,3874,250,1639.5634765625,6.558253765106201,7.513775825500488,0.050000011920928955,968500
9,3875,250,1710.81787109375,6.843271255493164,7.268512725830078,0.050000011920928955,968750
9,3876,250,1835.0614013671875,7.340245723724365,6.947763919830322,0.050000011920928955,969000
9,3877,250,1464.5762939453125,5.858304977416992,7.445705890655518,0.050000011920928955,969250
9,3878,250,1216.3798828125,4.8655195236206055,6.937183856964111,0.050000011920928955,969500
9,3879,250,1348.958251953125,5.3958330154418945,6.976722240447998,0.050000011920928955,969750
9,3880,250,1453.4456787109375,5.813782691955566,6.4592061042785645,0.050000011920928955,970000
9,3881,250,-222.69752502441406,-0.8907901048660278,6.979482173919678,0.050000011920928955,970250
9,3882,250,915.0826416015625,3.6603305339813232,6.84002685546875,0.050000011920928955,970500
9,3883,250,1750.2340087890625,7.000936031341553,6.42649507522583,0.050000011920928955,970750
9,3884,250,1519.379638671875,6.077518463134766,6.762747764587402,0.050000011920928955,971000
9,3885,250,1299.4703369140625,5.19788122177124,6.980138778686523,0.050000011920928955,971250
9,3886,250,917.1080932617188,3.6684324741363525,6.967178821563721,0.050000011920928955,971500
9,3887,250,1358.015869140625,5.432063579559326,6.593369483947754,0.050000011920928955,971750
9,3888,250,1251.2744140625,5.00509786605835,6.426534175872803,0.050000011920928955,972000
9,3889,250,846.9794921875,3.387917995452881,6.608791828155518,0.050000011920928955,972250
9,3890,250,1098.0587158203125,4.392234802246094,6.687770843505859,0.050000011920928955,972500
9,3891,250,1608.898681640625,6.43559455871582,6.484772682189941,0.050000011920928955,972750
9,3892,250,22.619735717773438,0.09047894179821014,6.610594272613525,0.050000011920928955,973000
9,3893,250,1414.12451171875,5.656497955322266,6.689596652984619,0.050000011920928955,973250
9,3894,250,1551.00830078125,6.204033374786377,6.92018985748291,0.050000011920928955,973500
9,3895,250,1762.2225341796875,7.048890113830566,6.524659156799316,0.050000011920928955,973750
9,3896,250,-24.79631805419922,-0.0991852730512619,6.693441390991211,0.050000011920928955,974000
9,3897,250,1617.0927734375,6.4683709144592285,6.918349742889404,0.050000011920928955,974250
9,3898,250,1591.0185546875,6.364074230194092,6.392627239227295,0.050000011920928955,974500
9,3899,250,1526.5126953125,6.106050968170166,6.53943395614624,0.050000011920928955,974750
9,3900,250,1564.475830078125,6.257903099060059,5.832928657531738,0.050000011920928955,975000
9,3901,250,1658.9423828125,6.635769367218018,6.1824774742126465,0.050000011920928955,975250
9,3902,250,45.73427963256836,0.1829371154308319,6.4005208015441895,0.050000011920928955,975500
9,3903,250,-5.018413543701172,-0.020073654130101204,6.108589172363281,0.050000011920928955,975750
9,3904,250,1333.6617431640625,5.334647178649902,6.625713348388672,0.050000011920928955,976000
9,3905,250,1580.26806640625,6.321072101593018,6.949318885803223,0.050000011920928955,976250
9,3906,250,1791.13037109375,7.16452169418335,6.7068657875061035,0.050000011920928955,976500
9,3907,250,1429.2999267578125,5.717199802398682,6.140659809112549,0.050000011920928955,976750
9,3908,250,1741.44970703125,6.965798854827881,6.002094268798828,0.050000011920928955,977000
9,3909,250,10.411635398864746,0.04164654016494751,6.803609371185303,0.050000011920928955,977250
9,3910,250,-32.71721649169922,-0.13086886703968048,6.330000877380371,0.050000011920928955,977500
9,3911,250,1691.909912109375,6.767639636993408,6.475776672363281,0.050000011920928955,977750
9,3912,250,0.9327235221862793,0.0037308940663933754,6.796408176422119,0.050000011920928955,978000
9,3913,250,-18.7625675201416,-0.07505027204751968,7.34963846206665,0.050000011920928955,978250
9,3914,250,1481.1712646484375,5.924685001373291,7.335455894470215,0.050000011920928955,978500
9,3915,250,-58.61763381958008,-0.23447053134441376,7.308791160583496,0.050000011920928955,978750
9,3916,250,1776.4169921875,7.105668067932129,7.202280044555664,0.050000011920928955,979000
9,3917,250,838.9830322265625,3.3559322357177734,7.886286735534668,0.050000011920928955,979250
9,3918,250,985.6748657226562,3.942699432373047,7.786169528961182,0.050000011920928955,979500
9,3919,250,1940.517822265625,7.762071132659912,7.338523864746094,0.050000011920928955,979750
9,3920,250,1776.0142822265625,7.104057312011719,7.161069869995117,0.050000011920928955,980000
9,3921,250,-81.13597869873047,-0.32454392313957214,8.302231788635254,0.050000011920928955,980250
9,3922,250,1868.2041015625,7.472816467285156,7.678340911865234,0.050000011920928955,980500
9,3923,250,1522.4970703125,6.0899882316589355,7.364129543304443,0.050000011920928955,980750
9,3924,250,-54.604820251464844,-0.21841928362846375,7.407138347625732,0.050000011920928955,981000
9,3925,250,1808.9737548828125,7.235895156860352,7.969550609588623,0.050000011920928955,981250
9,3926,250,-40.487022399902344,-0.1619480848312378,7.884669780731201,0.050000011920928955,981500
9,3927,250,-62.272216796875,-0.24908886849880219,8.345865249633789,0.050000011920928955,981750
9,3928,250,-31.614940643310547,-0.1264597624540329,8.221639633178711,0.050000011920928955,982000
9,3929,250,1815.469482421875,7.26187801361084,8.353433609008789,0.050000011920928955,982250
9,3930,250,-69.5750961303711,-0.27830037474632263,7.624331951141357,0.050000011920928955,982500
9,3931,250,-24.6121826171875,-0.0984487310051918,8.06813907623291,0.050000011920928955,982750
9,3932,250,1253.1761474609375,5.012704372406006,8.282422065734863,0.050000011920928955,983000
9,3933,250,1778.902587890625,7.115610122680664,8.388985633850098,0.050000011920928955,983250
9,3934,250,1477.6800537109375,5.910720348358154,7.938971519470215,0.050000011920928955,983500
9,3935,250,25.19828987121582,0.10079316049814224,7.630338191986084,0.050000011920928955,983750
9,3936,250,1544.766357421875,6.179065227508545,7.685361862182617,0.050000011920928955,984000
9,3937,250,45.522705078125,0.18209081888198853,7.434140205383301,0.050000011920928955,984250
9,3938,250,1560.81591796875,6.2432637214660645,7.254324436187744,0.050000011920928955,984500
9,3939,250,28.91724395751953,0.11566897481679916,7.398051738739014,0.050000011920928955,984750
9,3940,250,1600.030517578125,6.400122165679932,7.798168659210205,0.050000011920928955,985000
9,3941,250,1783.81689453125,7.135267734527588,7.638144493103027,0.050000011920928955,985250
9,3942,250,69.31929779052734,0.2772772014141083,7.173247814178467,0.050000011920928955,985500
9,3943,250,1067.490478515625,4.269961833953857,7.15607213973999,0.050000011920928955,985750
9,3944,250,1631.1820068359375,6.524727821350098,6.721714496612549,0.050000011920928955,986000
9,3945,250,1518.78564453125,6.0751423835754395,6.945621013641357,0.050000011920928955,986250
9,3946,250,1720.03369140625,6.880134582519531,6.809525966644287,0.050000011920928955,986500
9,3947,250,1669.2513427734375,6.677005290985107,6.478067398071289,0.050000011920928955,986750
9,3948,250,1572.2205810546875,6.288882255554199,6.738561153411865,0.050000011920928955,987000
9,3949,250,1438.645263671875,5.754580974578857,6.74959659576416,0.050000011920928955,987250
9,3950,250,1681.6956787109375,6.72678279876709,6.96597146987915,0.050000011920928955,987500
9,3951,250,1409.2857666015625,5.637143135070801,6.73673152923584,0.050000011920928955,987750
9,3952,250,1436.0604248046875,5.744241714477539,6.2942214012146,0.050000011920928955,988000
9,3953,250,1427.4525146484375,5.709810256958008,6.790370464324951,0.050000011920928955,988250
9,3954,250,1317.77978515625,5.271119117736816,6.714974403381348,0.050000011920928955,988500
9,3955,250,1443.511474609375,5.774045944213867,6.32174825668335,0.050000011920928955,988750
9,3956,250,1466.4185791015625,5.8656744956970215,6.040103912353516,0.050000011920928955,989000
9,3957,250,1258.0322265625,5.032128810882568,7.109162330627441,0.050000011920928955,989250
9,3958,250,1451.3426513671875,5.805370807647705,6.60890007019043,0.050000011920928955,989500
9,3959,250,1301.154296875,5.204617023468018,6.968591690063477,0.050000011920928955,989750
9,3960,250,80.56597900390625,0.3222639262676239,6.41011381149292,0.050000011920928955,990000
9,3961,250,1270.606201171875,5.082424640655518,7.602038383483887,0.050000011920928955,990250
9,3962,250,1011.4937744140625,4.045975208282471,7.276640892028809,0.050000011920928955,990500
9,3963,250,1234.645263671875,4.9385809898376465,7.121987819671631,0.050000011920928955,990750
9,3964,250,1145.8724365234375,4.583489894866943,7.466171741485596,0.050000011920928955,991000
9,3965,250,1481.1103515625,5.924441337585449,7.45510196685791,0.050000011920928955,991250
9,3966,250,-150.6949462890625,-0.6027798056602478,7.6546854972839355,0.050000011920928955,991500
9,3967,250,1263.2215576171875,5.052886009216309,7.00559139251709,0.050000011920928955,991750
9,3968,250,1418.71923828125,5.674877166748047,6.514082908630371,0.050000011920928955,992000
9,3969,250,1320.59619140625,5.282384872436523,6.856559753417969,0.050000011920928955,992250
9,3970,250,822.9855346679688,3.2919421195983887,7.063321590423584,0.050000011920928955,992500
9,3971,250,1097.0032958984375,4.3880133628845215,6.685458660125732,0.050000011920928955,992750
9,3972,250,899.1884765625,3.5967538356781006,6.435229301452637,0.050000011920928955,993000
9,3973,250,1367.447998046875,5.469791889190674,6.440226078033447,0.050000011920928955,993250
9,3974,250,1791.359375,7.165437698364258,6.3416619300842285,0.050000011920928955,993500
9,3975,250,1335.30224609375,5.3412089347839355,6.403137683868408,0.050000011920928955,993750
9,3976,250,1778.73876953125,7.114954948425293,5.8213396072387695,0.050000011920928955,994000
9,3977,250,-19.23996353149414,-0.07695985585451126,6.0624213218688965,0.050000011920928955,994250
9,3978,250,123.72124481201172,0.4948849678039551,5.643462181091309,0.050000011920928955,994500
9,3979,250,75.08577728271484,0.3003430962562561,6.270901203155518,0.050000011920928955,994750
9,3980,250,1625.941650390625,6.5037665367126465,6.044285297393799,0.050000011920928955,995000
9,3981,250,36.90691375732422,0.14762765169143677,6.060500621795654,0.050000011920928955,995250
9,3982,250,1712.7265625,6.8509063720703125,6.330925464630127,0.050000011920928955,995500
9,3983,250,1569.306396484375,6.277225494384766,6.116147994995117,0.050000011920928955,995750
9,3984,250,3.5627241134643555,0.014250896871089935,6.2114715576171875,0.050000011920928955,996000
9,3985,250,-64.9864273071289,-0.25994572043418884,6.2411322593688965,0.050000011920928955,996250
9,3986,250,1385.13427734375,5.540536880493164,6.6267499923706055,0.050000011920928955,996500
9,3987,250,1389.643310546875,5.558573246002197,6.257246494293213,0.050000011920928955,996750
9,3988,250,1260.33251953125,5.041329860687256,6.041600227355957,0.050000011920928955,997000
9,3989,250,-6.331552505493164,-0.025326209142804146,6.451189994812012,0.050000011920928955,997250
9,3990,250,-42.11772918701172,-0.16847091913223267,6.860724449157715,0.050000011920928955,997500
9,3991,250,1602.9544677734375,6.411818027496338,6.414599418640137,0.050000011920928955,997750
9,3992,250,1396.29296875,5.585171699523926,6.455753326416016,0.050000011920928955,998000
9,3993,250,1392.2296142578125,5.568918228149414,6.896174907684326,0.050000011920928955,998250
9,3994,250,1566.597412109375,6.266389846801758,6.360682487487793,0.050000011920928955,998500
9,3995,250,1392.3917236328125,5.56956672668457,6.563276290893555,0.050000011920928955,998750
9,3996,250,1559.0419921875,6.236167907714844,6.323001861572266,0.050000011920928955,999000
9,3997,250,1609.3837890625,6.437535285949707,6.8024702072143555,0.050000011920928955,999250
9,3998,250,1300.7236328125,5.202894687652588,6.759885787963867,0.050000011920928955,999500
9,3999,250,6.282813549041748,0.02513125352561474,6.516631603240967,0.050000011920928955,999750
9,4000,250,1567.6544189453125,6.270617485046387,6.026899337768555,0.050000011920928955,1000000
9,4001,250,1484.7242431640625,5.938897132873535,6.286318302154541,0.050000011920928955,1000250
9,4002,250,1564.696044921875,6.258784294128418,6.188601016998291,0.050000011920928955,1000500
9,4003,250,-44.57488250732422,-0.17829953134059906,6.262228965759277,0.050000011920928955,1000750
9,4004,250,1578.8875732421875,6.315550327301025,6.194425106048584,0.050000011920928955,1001000
9,4005,250,1620.25634765625,6.481025218963623,6.465766906738281,0.050000011920928955,1001250
9,4006,250,1589.2174072265625,6.356869697570801,6.459026336669922,0.050000011920928955,1001500
9,4007,250,1513.3681640625,6.053472518920898,6.209902286529541,0.050000011920928955,1001750
9,4008,250,-32.41825485229492,-0.12967301905155182,6.02412748336792,0.050000011920928955,1002000
9,4009,250,1549.845458984375,6.1993818283081055,6.256171226501465,0.050000011920928955,1002250
9,4010,250,18.057415008544922,0.07222966104745865,6.25740385055542,0.050000011920928955,1002500
9,4011,250,-50.21759033203125,-0.2008703649044037,6.129836559295654,0.050000011920928955,1002750
9,4012,250,-16.62403678894043,-0.06649614870548248,6.305758476257324,0.050000011920928955,1003000
9,4013,250,1462.826416015625,5.8513054847717285,6.27508544921875,0.050000011920928955,1003250
9,4014,250,1653.116455078125,6.612465858459473,6.472104549407959,0.050000011920928955,1003500
9,4015,250,1612.0794677734375,6.448318004608154,6.155941486358643,0.050000011920928955,1003750
9,4016,250,1589.3238525390625,6.357295513153076,5.954156398773193,0.050000011920928955,1004000
9,4017,250,1758.396240234375,7.033585071563721,5.9961934089660645,0.050000011920928955,1004250
9,4018,250,1639.60791015625,6.558431625366211,5.987974643707275,0.050000011920928955,1004500
9,4019,250,-0.03893314301967621,-0.0001557325740577653,5.851223945617676,0.050000011920928955,1004750
9,4020,250,1669.64794921875,6.678591728210449,5.50030517578125,0.050000011920928955,1005000
9,4021,250,1626.5614013671875,6.5062456130981445,5.866569519042969,0.050000011920928955,1005250
9,4022,250,1662.467529296875,6.649869918823242,5.585352420806885,0.050000011920928955,1005500
9,4023,250,1388.33544921875,5.553341865539551,5.2596259117126465,0.050000011920928955,1005750
9,4024,250,1480.447509765625,5.92179012298584,5.5118889808654785,0.050000011920928955,1006000
9,4025,250,1243.711669921875,4.974846839904785,5.273578643798828,0.050000011920928955,1006250
9,4026,250,1593.2591552734375,6.3730363845825195,5.4637041091918945,0.050000011920928955,1006500
9,4027,250,1313.500732421875,5.254003047943115,5.411079406738281,0.050000011920928955,1006750
9,4028,250,702.4037475585938,2.809614896774292,5.202836990356445,0.050000011920928955,1007000
9,4029,250,1774.1494140625,7.096597671508789,5.546912670135498,0.050000011920928955,1007250
9,4030,250,-225.5205078125,-0.9020820260047913,5.730694770812988,0.050000011920928955,1007500
9,4031,250,865.2256469726562,3.460902690887451,5.641267776489258,0.050000011920928955,1007750
9,4032,250,1665.4730224609375,6.661891937255859,5.217391014099121,0.050000011920928955,1008000
9,4033,250,-143.782958984375,-0.5751318335533142,5.5970988273620605,0.050000011920928955,1008250
9,4034,250,1177.4488525390625,4.7097954750061035,6.1079888343811035,0.050000011920928955,1008500
9,4035,250,1080.103759765625,4.320415019989014,5.899780750274658,0.050000011920928955,1008750
9,4036,250,1095.712158203125,4.382848739624023,5.905438423156738,0.050000011920928955,1009000
9,4037,250,1699.2554931640625,6.797021865844727,6.499348163604736,0.050000011920928955,1009250
9,4038,250,685.98388671875,2.7439355850219727,5.947113990783691,0.050000011920928955,1009500
9,4039,250,-150.86839294433594,-0.6034735441207886,5.852855682373047,0.050000011920928955,1009750
9,4040,250,1148.38818359375,4.593552589416504,5.970580101013184,0.050000011920928955,1010000
9,4041,250,1438.712890625,5.754851341247559,6.250913619995117,0.050000011920928955,1010250
9,4042,250,1221.824951171875,4.88730001449585,6.012067794799805,0.050000011920928955,1010500
9,4043,250,1251.829833984375,5.007319450378418,6.315836429595947,0.050000011920928955,1010750
9,4044,250,1364.03271484375,5.4561309814453125,6.077857494354248,0.050000011920928955,1011000
9,4045,250,1610.8673095703125,6.443469047546387,6.411083221435547,0.050000011920928955,1011250
9,4046,250,1077.4288330078125,4.309715270996094,6.2486371994018555,0.050000011920928955,1011500
9,4047,250,1362.45361328125,5.449814319610596,6.28908634185791,0.050000011920928955,1011750
9,4048,250,1601.0902099609375,6.404360771179199,5.872006893157959,0.050000011920928955,1012000
9,4049,250,1362.8319091796875,5.451327800750732,6.19381046295166,0.050000011920928955,1012250
9,4050,250,1472.08740234375,5.888349533081055,6.121909141540527,0.050000011920928955,1012500
9,4051,250,1416.3070068359375,5.665227890014648,5.830803871154785,0.050000011920928955,1012750
9,4052,250,1139.56982421875,4.558279514312744,5.721404075622559,0.050000011920928955,1013000
9,4053,250,1608.272216796875,6.433088779449463,5.687633991241455,0.050000011920928955,1013250
9,4054,250,1062.785400390625,4.251141548156738,5.902667999267578,0.050000011920928955,1013500
9,4055,250,1534.05419921875,6.136216640472412,5.836109638214111,0.050000011920928955,1013750
9,4056,250,1546.477783203125,6.185911178588867,5.731850624084473,0.050000011920928955,1014000
9,4057,250,1705.162109375,6.820648670196533,5.550790309906006,0.050000011920928955,1014250
9,4058,250,1721.9407958984375,6.887763023376465,5.711109161376953,0.050000011920928955,1014500
9,4059,250,1532.630126953125,6.130520343780518,5.642520427703857,0.050000011920928955,1014750
9,4060,250,-8.33228874206543,-0.033329155296087265,5.90666389465332,0.050000011920928955,1015000
9,4061,250,1905.210693359375,7.620842933654785,6.009028434753418,0.050000011920928955,1015250
9,4062,250,1493.4627685546875,5.973851203918457,5.471433162689209,0.050000011920928955,1015500
9,4063,250,1407.50927734375,5.630037307739258,5.925224304199219,0.050000011920928955,1015750
9,4064,250,1622.521728515625,6.490087032318115,5.999373435974121,0.050000011920928955,1016000
9,4065,250,29.456890106201172,0.11782755702733994,6.253352165222168,0.050000011920928955,1016250
9,4066,250,1556.394775390625,6.225579261779785,6.452364444732666,0.050000011920928955,1016500
9,4067,250,1613.191650390625,6.452766418457031,6.202602863311768,0.050000011920928955,1016750
9,4068,250,1393.718994140625,5.574875831604004,6.0444769859313965,0.050000011920928955,1017000
9,4069,250,1588.4482421875,6.353793144226074,6.301624298095703,0.050000011920928955,1017250
9,4070,250,-30.654205322265625,-0.12261682003736496,6.4593095779418945,0.050000011920928955,1017500
9,4071,250,1157.00048828125,4.628002166748047,5.892782688140869,0.050000011920928955,1017750
9,4072,250,-18.40409278869629,-0.07361637055873871,5.835494518280029,0.050000011920928955,1018000
9,4073,250,14.570838928222656,0.058283355087041855,6.755367755889893,0.050000011920928955,1018250
9,4074,250,1367.2535400390625,5.4690141677856445,6.408620834350586,0.050000011920928955,1018500
9,4075,250,-0.37150049209594727,-0.0014860020019114017,6.087621688842773,0.050000011920928955,1018750
9,4076,250,1584.199951171875,6.336799621582031,6.2158989906311035,0.050000011920928955,1019000
9,4077,250,1609.46923828125,6.437877178192139,6.341697692871094,0.050000011920928955,1019250
9,4078,250,1729.453369140625,6.917813301086426,6.5642523765563965,0.050000011920928955,1019500
9,4079,250,-5.918635368347168,-0.02367454208433628,5.964539051055908,0.050000011920928955,1019750
9,4080,250,3.5666377544403076,0.014266551472246647,6.168229579925537,0.050000011920928955,1020000
9,4081,250,1277.0958251953125,5.1083831787109375,6.3605475425720215,0.050000011920928955,1020250
9,4082,250,38.10401153564453,0.15241605043411255,6.80948543548584,0.050000011920928955,1020500
9,4083,250,6.703211307525635,0.026812845841050148,6.89849328994751,0.050000011920928955,1020750
9,4084,250,1694.031982421875,6.776127815246582,6.8602070808410645,0.050000011920928955,1021000
9,4085,250,1801.7850341796875,7.20713996887207,6.588974475860596,0.050000011920928955,1021250
9,4086,250,-18.469703674316406,-0.07387881726026535,6.385461807250977,0.050000011920928955,1021500
9,4087,250,1105.53759765625,4.422150611877441,6.384289741516113,0.050000011920928955,1021750
9,4088,250,1741.8565673828125,6.967426300048828,6.693285942077637,0.050000011920928955,1022000
9,4089,250,-19.177961349487305,-0.07671184837818146,6.7392144203186035,0.050000011920928955,1022250
9,4090,250,-39.15797424316406,-0.15663190186023712,7.409485340118408,0.050000011920928955,1022500
9,4091,250,1481.158447265625,5.924633979797363,7.225565433502197,0.050000011920928955,1022750
9,4092,250,4.082729339599609,0.016330916434526443,7.245323657989502,0.050000011920928955,1023000
9,4093,250,1434.94677734375,5.7397871017456055,7.597721576690674,0.050000011920928955,1023250
9,4094,250,1716.51953125,6.866077899932861,7.322913646697998,0.050000011920928955,1023500
9,4095,250,36.726165771484375,0.14690466225147247,7.355546474456787,0.050000011920928955,1023750
9,4096,250,-55.794830322265625,-0.22317932546138763,7.366744041442871,0.050000011920928955,1024000
9,4097,250,1726.951416015625,6.907805442810059,7.558672904968262,0.050000011920928955,1024250
9,4098,250,809.09033203125,3.236361265182495,7.324703216552734,0.050000011920928955,1024500
9,4099,250,459.1606750488281,1.8366427421569824,7.750308513641357,0.050000011920928955,1024750
9,4100,250,1529.17626953125,6.116704940795898,7.31868314743042,0.050000011920928955,1025000
9,4101,250,1595.1181640625,6.380472660064697,7.653369903564453,0.050000011920928955,1025250
9,4102,250,1684.481201171875,6.737924575805664,7.241179943084717,0.050000011920928955,1025500
9,4103,250,1273.17626953125,5.092705249786377,7.515704154968262,0.050000011920928955,1025750
9,4104,250,1780.609619140625,7.122438430786133,7.396853923797607,0.050000011920928955,1026000
9,4105,250,1709.81201171875,6.839248180389404,7.45625638961792,0.050000011920928955,1026250
9,4106,250,1752.02197265625,7.008088111877441,7.106922626495361,0.050000011920928955,1026500
9,4107,250,1558.52197265625,6.234087944030762,6.951221466064453,0.050000011920928955,1026750
9,4108,250,1641.4383544921875,6.56575345993042,6.760618209838867,0.050000011920928955,1027000
9,4109,250,1540.56982421875,6.16227912902832,6.961846828460693,0.050000011920928955,1027250
9,4110,250,1551.433837890625,6.205735206604004,7.074731826782227,0.050000011920928955,1027500
9,4111,250,1509.1602783203125,6.0366411209106445,6.805811405181885,0.050000011920928955,1027750
9,4112,250,1674.489990234375,6.697959899902344,6.5300798416137695,0.050000011920928955,1028000
9,4113,250,1628.7720947265625,6.5150885581970215,6.504340171813965,0.050000011920928955,1028250
9,4114,250,1185.6319580078125,4.742527961730957,6.192368030548096,0.050000011920928955,1028500
9,4115,250,1460.3189697265625,5.841275691986084,6.189550876617432,0.050000011920928955,1028750
9,4116,250,1435.56103515625,5.742244243621826,5.944447040557861,0.050000011920928955,1029000
9,4117,250,1103.49462890625,4.413978576660156,6.360621452331543,0.050000011920928955,1029250
9,4118,250,1418.3017578125,5.673206806182861,6.286449909210205,0.050000011920928955,1029500
9,4119,250,1363.3900146484375,5.453559875488281,6.4210286140441895,0.050000011920928955,1029750
9,4120,250,1419.0787353515625,5.676314830780029,6.031234264373779,0.050000011920928955,1030000
9,4121,250,1454.6123046875,5.818449020385742,5.982529163360596,0.050000011920928955,1030250
9,4122,250,1618.2557373046875,6.473022937774658,6.230468273162842,0.050000011920928955,1030500
9,4123,250,1394.6287841796875,5.57851505279541,5.725693225860596,0.050000011920928955,1030750
9,4124,250,1463.120361328125,5.852481365203857,5.800942420959473,0.050000011920928955,1031000
9,4125,250,1327.554443359375,5.31021785736084,6.054916858673096,0.050000011920928955,1031250
9,4126,250,1431.3095703125,5.72523832321167,5.600241184234619,0.050000011920928955,1031500
9,4127,250,1412.210693359375,5.648842811584473,5.745738506317139,0.050000011920928955,1031750
9,4128,250,1569.1593017578125,6.276637077331543,5.461439609527588,0.050000011920928955,1032000
9,4129,250,1557.492431640625,6.229969501495361,5.547386646270752,0.050000011920928955,1032250
9,4130,250,1335.0673828125,5.340269565582275,5.369441986083984,0.050000011920928955,1032500
9,4131,250,1563.7933349609375,6.255173206329346,5.3849196434021,0.050000011920928955,1032750
9,4132,250,1608.0089111328125,6.432035446166992,5.088720321655273,0.050000011920928955,1033000
9,4133,250,1357.121826171875,5.428487300872803,5.220848083496094,0.050000011920928955,1033250
9,4134,250,1621.311767578125,6.4852471351623535,5.123074054718018,0.050000011920928955,1033500
9,4135,250,1306.3646240234375,5.22545862197876,5.090143203735352,0.050000011920928955,1033750
9,4136,250,1574.7587890625,6.29903507232666,4.774899482727051,0.050000011920928955,1034000
9,4137,250,1497.3145751953125,5.989258289337158,4.43290376663208,0.050000011920928955,1034250
9,4138,250,1503.089111328125,6.012356281280518,4.447908401489258,0.050000011920928955,1034500
9,4139,250,1512.019287109375,6.04807710647583,4.31423807144165,0.050000011920928955,1034750
9,4140,250,1785.30126953125,7.141205310821533,4.115046977996826,0.050000011920928955,1035000
9,4141,250,1614.25390625,6.457015514373779,4.288828372955322,0.050000011920928955,1035250
9,4142,250,1498.5640869140625,5.994256496429443,4.12993860244751,0.050000011920928955,1035500
9,4143,250,1777.4139404296875,7.109655857086182,4.12677526473999,0.050000011920928955,1035750
9,4144,250,1639.6771240234375,6.558708667755127,4.394930839538574,0.050000011920928955,1036000
9,4145,250,1096.496826171875,4.385987281799316,4.500492095947266,0.050000011920928955,1036250
9,4146,250,1606.75830078125,6.427033424377441,4.436129570007324,0.050000011920928955,1036500
9,4147,250,1134.918701171875,4.539674758911133,4.4263739585876465,0.050000011920928955,1036750
9,4148,250,1539.11376953125,6.156455039978027,4.448189735412598,0.050000011920928955,1037000
9,4149,250,1546.178466796875,6.184713840484619,4.659956455230713,0.050000011920928955,1037250
9,4150,250,1221.893310546875,4.8875732421875,4.584650993347168,0.050000011920928955,1037500
9,4151,250,1788.2022705078125,7.152809143066406,4.499707221984863,0.050000011920928955,1037750
9,4152,250,1663.859619140625,6.655438423156738,4.592678546905518,0.050000011920928955,1038000
9,4153,250,1724.462646484375,6.897850513458252,4.700325965881348,0.050000011920928955,1038250
9,4154,250,1598.07177734375,6.392287254333496,4.64912223815918,0.050000011920928955,1038500
9,4155,250,1343.3963623046875,5.373585224151611,4.571893692016602,0.050000011920928955,1038750
9,4156,250,1275.23779296875,5.100951194763184,4.623201847076416,0.050000011920928955,1039000
9,4157,250,1446.3209228515625,5.78528356552124,4.737905979156494,0.050000011920928955,1039250
9,4158,250,1625.587646484375,6.502350807189941,4.537027835845947,0.050000011920928955,1039500
9,4159,250,1755.1864013671875,7.020745754241943,4.4765801429748535,0.050000011920928955,1039750
9,4160,250,1743.1953125,6.972781181335449,4.4304938316345215,0.050000011920928955,1040000
9,4161,250,1739.123779296875,6.95649528503418,4.543992042541504,0.050000011920928955,1040250
9,4162,250,1773.097900390625,7.092391490936279,4.693608283996582,0.050000011920928955,1040500
9,4163,250,1523.64599609375,6.094583988189697,4.572958946228027,0.050000011920928955,1040750
9,4164,250,1613.3310546875,6.453324317932129,4.425826072692871,0.050000011920928955,1041000
9,4165,250,1703.8048095703125,6.815219402313232,4.593279838562012,0.050000011920928955,1041250
9,4166,250,1563.496826171875,6.2539873123168945,4.514115333557129,0.050000011920928955,1041500
9,4167,250,1428.360107421875,5.713440418243408,4.53802490234375,0.050000011920928955,1041750
9,4168,250,1760.388671875,7.0415544509887695,4.754074573516846,0.050000011920928955,1042000
9,4169,250,1796.7467041015625,7.186986923217773,4.576788902282715,0.050000011920928955,1042250
9,4170,250,-37.710418701171875,-0.15084166824817657,4.786011695861816,0.050000011920928955,1042500
9,4171,250,1447.1011962890625,5.788404941558838,4.797506809234619,0.050000011920928955,1042750
9,4172,250,1473.96142578125,5.895845890045166,4.820249080657959,0.050000011920928955,1043000
9,4173,250,23.632631301879883,0.09453052282333374,5.337466716766357,0.050000011920928955,1043250
9,4174,250,1522.4061279296875,6.089624404907227,5.242062091827393,0.050000011920928955,1043500
9,4175,250,1626.656005859375,6.506624221801758,4.958730220794678,0.050000011920928955,1043750
9,4176,250,1532.6175537109375,6.130470275878906,5.24855375289917,0.050000011920928955,1044000
9,4177,250,-25.640214920043945,-0.1025608628988266,5.693676948547363,0.050000011920928955,1044250
9,4178,250,1571.302978515625,6.28521203994751,5.830145835876465,0.050000011920928955,1044500
9,4179,250,1453.913330078125,5.815653324127197,5.423194885253906,0.050000011920928955,1044750
9,4180,250,-128.2283172607422,-0.5129132866859436,5.43095588684082,0.050000011920928955,1045000
9,4181,250,94.49951934814453,0.37799808382987976,6.7603759765625,0.050000011920928955,1045250
9,4182,250,1422.8414306640625,5.691365718841553,6.825092792510986,0.050000011920928955,1045500
9,4183,250,1692.443359375,6.769773483276367,6.15981912612915,0.050000011920928955,1045750
9,4184,250,1773.1431884765625,7.0925726890563965,6.103384971618652,0.050000011920928955,1046000
9,4185,250,1556.825927734375,6.227303504943848,6.489715099334717,0.050000011920928955,1046250
9,4186,250,1724.3828125,6.897531032562256,6.312865734100342,0.050000011920928955,1046500
9,4187,250,-59.30268478393555,-0.2372107356786728,6.159626007080078,0.050000011920928955,1046750
9,4188,250,1606.412109375,6.425648212432861,6.0828752517700195,0.050000011920928955,1047000
9,4189,250,1571.385498046875,6.285542011260986,6.706933975219727,0.050000011920928955,1047250
9,4190,250,1759.4169921875,7.037667751312256,6.5065765380859375,0.050000011920928955,1047500
9,4191,250,1711.758056640625,6.847032070159912,6.069079399108887,0.050000011920928955,1047750
9,4192,250,163.156494140625,0.6526259779930115,6.759884834289551,0.050000011920928955,1048000
9,4193,250,1501.712158203125,6.0068488121032715,7.105499744415283,0.050000011920928955,1048250
9,4194,250,1432.79150390625,5.731165885925293,6.4439616203308105,0.050000011920928955,1048500
9,4195,250,1285.252197265625,5.1410088539123535,6.728358745574951,0.050000011920928955,1048750
9,4196,250,-58.622379302978516,-0.23448951542377472,6.489495277404785,0.050000011920928955,1049000
9,4197,250,1531.341796875,6.125367164611816,7.241113662719727,0.050000011920928955,1049250
9,4198,250,1570.2034912109375,6.280814170837402,6.5877180099487305,0.050000011920928955,1049500
9,4199,250,860.01953125,3.440078020095825,6.817163467407227,0.050000011920928955,1049750
9,4200,250,627.0120849609375,2.5080482959747314,6.884134769439697,0.050000011920928955,1050000
9,4201,250,1767.9366455078125,7.071746349334717,7.331937789916992,0.050000011920928955,1050250
9,4202,250,1506.0921630859375,6.024368762969971,6.720347881317139,0.050000011920928955,1050500
9,4203,250,1768.8890380859375,7.07555627822876,6.944611072540283,0.050000011920928955,1050750
9,4204,250,1256.9356689453125,5.027742862701416,6.887718677520752,0.050000011920928955,1051000
9,4205,250,1548.744140625,6.194976329803467,7.351101875305176,0.050000011920928955,1051250
9,4206,250,550.02587890625,2.200103521347046,7.257115840911865,0.050000011920928955,1051500
9,4207,250,1834.4398193359375,7.337759494781494,6.951378345489502,0.050000011920928955,1051750
9,4208,250,1630.818115234375,6.523272514343262,7.627737998962402,0.050000011920928955,1052000
9,4209,250,1284.67333984375,5.138693332672119,7.8612751960754395,0.050000011920928955,1052250
9,4210,250,1524.6707763671875,6.098682880401611,7.176374435424805,0.050000011920928955,1052500
9,4211,250,14.050910949707031,0.05620364472270012,6.8057146072387695,0.050000011920928955,1052750
9,4212,250,1738.263916015625,6.9530558586120605,7.2798638343811035,0.050000011920928955,1053000
9,4213,250,1788.207763671875,7.152831077575684,7.331780910491943,0.050000011920928955,1053250
9,4214,250,1588.484619140625,6.353938579559326,7.073076248168945,0.050000011920928955,1053500
9,4215,250,398.4168395996094,1.5936673879623413,7.340873718261719,0.050000011920928955,1053750
9,4216,250,-22.66393280029297,-0.09065572917461395,7.198298454284668,0.050000011920928955,1054000
9,4217,250,1613.72900390625,6.454916000366211,7.7302565574646,0.050000011920928955,1054250
9,4218,250,-1.6106489896774292,-0.006442595738917589,7.576113700866699,0.050000011920928955,1054500
9,4219,250,1227.3765869140625,4.909506320953369,7.362215995788574,0.050000011920928955,1054750
9,4220,250,1577.4521484375,6.309808731079102,7.095818042755127,0.050000011920928955,1055000
9,4221,250,1501.47705078125,6.005908012390137,7.1361188888549805,0.050000011920928955,1055250
9,4222,250,1549.0244140625,6.1960978507995605,6.680798530578613,0.050000011920928955,1055500
9,4223,250,1744.6669921875,6.978667736053467,6.437159538269043,0.050000011920928955,1055750
9,4224,250,1692.4578857421875,6.769831657409668,6.300970554351807,0.050000011920928955,1056000
9,4225,250,1280.628173828125,5.1225128173828125,6.349253177642822,0.050000011920928955,1056250
9,4226,250,1596.30419921875,6.38521671295166,6.574202060699463,0.050000011920928955,1056500
9,4227,250,49.419464111328125,0.1976778507232666,6.560418128967285,0.050000011920928955,1056750
9,4228,250,1550.4503173828125,6.201801300048828,6.474401950836182,0.050000011920928955,1057000
9,4229,250,821.2870483398438,3.2851481437683105,6.70721960067749,0.050000011920928955,1057250
9,4230,250,1587.9761962890625,6.35190486907959,6.300593376159668,0.050000011920928955,1057500
9,4231,250,1494.367431640625,5.9774699211120605,6.482179641723633,0.050000011920928955,1057750
9,4232,250,1084.681640625,4.33872652053833,6.126597881317139,0.050000011920928955,1058000
9,4233,250,1407.1363525390625,5.62854528427124,6.04411506652832,0.050000011920928955,1058250
9,4234,250,1374.3682861328125,5.497473239898682,6.115283012390137,0.050000011920928955,1058500
9,4235,250,1410.391357421875,5.641565322875977,6.148857593536377,0.050000011920928955,1058750
9,4236,250,1398.452880859375,5.593811511993408,5.652717113494873,0.050000011920928955,1059000
9,4237,250,843.1209106445312,3.372483730316162,6.044547080993652,0.050000011920928955,1059250
9,4238,250,1722.624755859375,6.890499114990234,6.227422714233398,0.050000011920928955,1059500
9,4239,250,1541.904052734375,6.167616367340088,5.384936332702637,0.050000011920928955,1059750
9,4240,250,1675.038330078125,6.700153350830078,5.822454929351807,0.050000011920928955,1060000
9,4241,250,1468.602783203125,5.874411106109619,6.054738521575928,0.050000011920928955,1060250
9,4242,250,1370.6156005859375,5.482462406158447,5.810701370239258,0.050000011920928955,1060500
9,4243,250,1414.1663818359375,5.656665325164795,5.620832443237305,0.050000011920928955,1060750
9,4244,250,1390.875,5.563499927520752,5.804448127746582,0.050000011920928955,1061000
9,4245,250,1665.4110107421875,6.661643981933594,5.664975166320801,0.050000011920928955,1061250
9,4246,250,1239.7154541015625,4.958861827850342,5.4422078132629395,0.050000011920928955,1061500
9,4247,250,1747.462646484375,6.9898505210876465,5.738101482391357,0.050000011920928955,1061750
9,4248,250,1370.853515625,5.483414173126221,5.850189685821533,0.050000011920928955,1062000
9,4249,250,1224.9654541015625,4.899861812591553,5.879544258117676,0.050000011920928955,1062250
9,4250,250,1484.94775390625,5.939791202545166,5.878385543823242,0.050000011920928955,1062500
9,4251,250,1623.9041748046875,6.495616912841797,5.634748458862305,0.050000011920928955,1062750
9,4252,250,1443.579345703125,5.774317264556885,5.832356929779053,0.050000011920928955,1063000
9,4253,250,1427.8677978515625,5.711471080780029,6.286780834197998,0.050000011920928955,1063250
9,4254,250,1398.821533203125,5.5952863693237305,5.824135780334473,0.050000011920928955,1063500
9,4255,250,1398.205322265625,5.59282112121582,5.797828197479248,0.050000011920928955,1063750
9,4256,250,1217.669921875,4.87067985534668,5.757112979888916,0.050000011920928955,1064000
9,4257,250,1735.0841064453125,6.940336227416992,5.3009419441223145,0.050000011920928955,1064250
9,4258,250,1071.7265625,4.2869062423706055,5.486665725708008,0.050000011920928955,1064500
9,4259,250,1372.1214599609375,5.488485813140869,5.335430145263672,0.050000011920928955,1064750
9,4260,250,1646.194091796875,6.584776401519775,5.65527868270874,0.050000011920928955,1065000
9,4261,250,1352.31396484375,5.4092559814453125,5.348066806793213,0.050000011920928955,1065250
9,4262,250,1385.505615234375,5.542022228240967,5.667194843292236,0.050000011920928955,1065500
9,4263,250,1698.473876953125,6.793895721435547,5.302401065826416,0.050000011920928955,1065750
9,4264,250,875.8103637695312,3.503241539001465,5.335918426513672,0.050000011920928955,1066000
9,4265,250,1093.335693359375,4.373342990875244,5.337769031524658,0.050000011920928955,1066250
9,4266,250,1743.8568115234375,6.975427150726318,5.559159278869629,0.050000011920928955,1066500
9,4267,250,859.4259643554688,3.437703847885132,5.52549409866333,0.050000011920928955,1066750
9,4268,250,345.3937683105469,1.381575107574463,5.588124752044678,0.050000011920928955,1067000
9,4269,250,1810.380126953125,7.241520404815674,5.7794880867004395,0.050000011920928955,1067250
9,4270,250,4.833953857421875,0.01933581568300724,5.709381580352783,0.050000011920928955,1067500
9,4271,250,1599.7105712890625,6.3988423347473145,5.33610725402832,0.050000011920928955,1067750
9,4272,250,-19.514055252075195,-0.0780562236905098,5.6253132820129395,0.050000011920928955,1068000
9,4273,250,-6.31898832321167,-0.025275953114032745,5.832455635070801,0.050000011920928955,1068250
9,4274,250,1473.7628173828125,5.8950514793396,6.092339992523193,0.050000011920928955,1068500
9,4275,250,388.85516357421875,1.5554206371307373,5.723697185516357,0.050000011920928955,1068750
9,4276,250,1264.00048828125,5.056002140045166,5.851882457733154,0.050000011920928955,1069000
9,4277,250,1422.536376953125,5.690145492553711,6.157148838043213,0.050000011920928955,1069250
9,4278,250,1270.759521484375,5.083037853240967,6.358445644378662,0.050000011920928955,1069500
9,4279,250,34.7709846496582,0.13908393681049347,6.253748416900635,0.050000011920928955,1069750
9,4280,250,55.67714309692383,0.2227085679769516,6.422903537750244,0.050000011920928955,1070000
9,4281,250,1371.515625,5.486062526702881,6.645496368408203,0.050000011920928955,1070250
9,4282,250,1759.751953125,7.039007663726807,6.935347557067871,0.050000011920928955,1070500
9,4283,250,58.7907829284668,0.2351631373167038,6.753727436065674,0.050000011920928955,1070750
9,4284,250,1714.02880859375,6.856115341186523,6.9484405517578125,0.050000011920928955,1071000
9,4285,250,1445.53759765625,5.7821502685546875,7.485599040985107,0.050000011920928955,1071250
9,4286,250,27.321916580200195,0.10928766429424286,7.141475200653076,0.050000011920928955,1071500
9,4287,250,1820.7120361328125,7.282848358154297,7.144187927246094,0.050000011920928955,1071750
9,4288,250,1800.73291015625,7.2029314041137695,7.249128818511963,0.050000011920928955,1072000
9,4289,250,78.52827453613281,0.3141131103038788,7.5092267990112305,0.050000011920928955,1072250
9,4290,250,8.962491035461426,0.03584996238350868,7.41541051864624,0.050000011920928955,1072500
9,4291,250,0.5387511253356934,0.002155004534870386,7.8394880294799805,0.050000011920928955,1072750
9,4292,250,1768.392822265625,7.07357120513916,7.872779369354248,0.050000011920928955,1073000
9,4293,250,1714.4019775390625,6.857607841491699,7.929692268371582,0.050000011920928955,1073250
9,4294,250,61.534767150878906,0.2461390644311905,7.91074800491333,0.050000011920928955,1073500
9,4295,250,1766.641357421875,7.06656551361084,7.864071846008301,0.050000011920928955,1073750
9,4296,250,1770.907958984375,7.083631992340088,7.536625385284424,0.050000011920928955,1074000
9,4297,250,1656.8775634765625,6.627510070800781,7.863945484161377,0.050000011920928955,1074250
9,4298,250,1751.02880859375,7.004115104675293,7.506309986114502,0.050000011920928955,1074500
9,4299,250,427.75872802734375,1.711034893989563,7.467850685119629,0.050000011920928955,1074750
9,4300,250,1782.49853515625,7.129993915557861,7.59145450592041,0.050000011920928955,1075000
9,4301,250,-437.7459716796875,-1.7509838342666626,8.1008939743042,0.050000011920928955,1075250
9,4302,250,-432.300048828125,-1.7292002439498901,8.186735153198242,0.050000011920928955,1075500
9,4303,250,1417.075439453125,5.668301582336426,7.885704040527344,0.050000011920928955,1075750
9,4304,250,-96.5581283569336,-0.38623252511024475,7.694643974304199,0.050000011920928955,1076000
9,4305,250,1677.750732421875,6.711002826690674,7.938244819641113,0.050000011920928955,1076250
9,4306,250,83.77108001708984,0.33508431911468506,8.057412147521973,0.050000011920928955,1076500
9,4307,250,93.00239562988281,0.3720095753669739,8.020646095275879,0.050000011920928955,1076750
9,4308,250,1574.4871826171875,6.297948837280273,8.504822731018066,0.050000011920928955,1077000
9,4309,250,7.495460033416748,0.029981840401887894,8.341008186340332,0.050000011920928955,1077250
9,4310,250,21.611013412475586,0.08644405007362366,8.308070182800293,0.050000011920928955,1077500
9,4311,250,57.972755432128906,0.23189102113246918,8.521303176879883,0.050000011920928955,1077750
9,4312,250,69.75716400146484,0.27902865409851074,8.36086654663086,0.050000011920928955,1078000
9,4313,250,67.95452880859375,0.2718181014060974,8.412474632263184,0.050000011920928955,1078250
9,4314,250,65.55879974365234,0.26223519444465637,8.671813011169434,0.050000011920928955,1078500
9,4315,250,66.93211364746094,0.26772844791412354,8.370353698730469,0.050000011920928955,1078750
9,4316,250,81.24523162841797,0.3249809145927429,8.34959888458252,0.050000011920928955,1079000
9,4317,250,113.45457458496094,0.45381829142570496,8.774584770202637,0.050000011920928955,1079250
9,4318,250,72.31405639648438,0.28925621509552,8.700678825378418,0.050000011920928955,1079500
9,4319,250,576.938232421875,2.307752847671509,8.382552146911621,0.050000011920928955,1079750
9,4320,250,19.46212387084961,0.07784849405288696,8.672224998474121,0.050000011920928955,1080000
9,4321,250,3.6688053607940674,0.014675221405923367,9.306184768676758,0.050000011920928955,1080250
9,4322,250,-39.245582580566406,-0.15698233246803284,9.10585880279541,0.050000011920928955,1080500
9,4323,250,-22.073774337768555,-0.0882950946688652,9.307408332824707,0.050000011920928955,1080750
9,4324,250,-32.00731658935547,-0.12802927196025848,8.928549766540527,0.050000011920928955,1081000
9,4325,250,-28.41463851928711,-0.11365855485200882,9.8060302734375,0.050000011920928955,1081250
9,4326,250,-478.6358337402344,-1.9145433902740479,9.318384170532227,0.050000011920928955,1081500
9,4327,250,-7.421597480773926,-0.02968638949096203,8.90206527709961,0.050000011920928955,1081750
9,4328,250,13.739657402038574,0.05495863035321236,8.942822456359863,0.050000011920928955,1082000
9,4329,250,1395.09521484375,5.580380916595459,9.747451782226562,0.050000011920928955,1082250
9,4330,250,1463.7703857421875,5.855081558227539,9.517666816711426,0.050000011920928955,1082500
9,4331,250,1001.542724609375,4.006170749664307,9.38976001739502,0.050000011920928955,1082750
9,4332,250,-6.160542011260986,-0.02464216761291027,9.501154899597168,0.050000011920928955,1083000
9,4333,250,12.42198657989502,0.0496879480779171,9.221025466918945,0.050000011920928955,1083250
9,4334,250,-33.28338623046875,-0.13313354551792145,9.520543098449707,0.050000011920928955,1083500
9,4335,250,-51.87240219116211,-0.20748960971832275,9.204239845275879,0.050000011920928955,1083750
9,4336,250,605.2010498046875,2.420804262161255,9.428231239318848,0.050000011920928955,1084000
9,4337,250,-31.48794937133789,-0.12595179677009583,9.751313209533691,0.050000011920928955,1084250
9,4338,250,-216.01165771484375,-0.8640466332435608,10.154829025268555,0.050000011920928955,1084500
9,4339,250,305.70849609375,1.2228339910507202,10.209121704101562,0.050000011920928955,1084750
9,4340,250,476.036865234375,1.9041475057601929,9.705424308776855,0.050000011920928955,1085000
9,4341,250,527.1161499023438,2.1084647178649902,10.022955894470215,0.050000011920928955,1085250
9,4342,250,116.58218383789062,0.4663287401199341,10.650732040405273,0.050000011920928955,1085500
9,4343,250,-70.26031494140625,-0.2810412645339966,10.109855651855469,0.050000011920928955,1085750
9,4344,250,768.6535034179688,3.0746140480041504,10.384381294250488,0.050000011920928955,1086000
9,4345,250,910.535888671875,3.642143487930298,10.33336353302002,0.050000011920928955,1086250
9,4346,250,747.7203979492188,2.9908816814422607,10.161388397216797,0.050000011920928955,1086500
9,4347,250,1194.4249267578125,4.7776994705200195,9.879995346069336,0.050000011920928955,1086750
9,4348,250,39.1558952331543,0.15662358701229095,10.005285263061523,0.050000011920928955,1087000
9,4349,250,1065.9356689453125,4.263742446899414,10.251063346862793,0.050000011920928955,1087250
9,4350,250,309.9932861328125,1.2399731874465942,10.162737846374512,0.050000011920928955,1087500
9,4351,250,1271.3583984375,5.085433483123779,10.062331199645996,0.050000011920928955,1087750
9,4352,250,837.7517700195312,3.3510069847106934,10.335963249206543,0.050000011920928955,1088000
9,4353,250,1028.640869140625,4.114563465118408,10.374314308166504,0.050000011920928955,1088250
9,4354,250,864.5216674804688,3.4580867290496826,9.692378997802734,0.050000011920928955,1088500
9,4355,250,313.48712158203125,1.253948450088501,10.36856460571289,0.050000011920928955,1088750
9,4356,250,727.9961547851562,2.91198468208313,9.913949966430664,0.050000011920928955,1089000
9,4357,250,1042.123779296875,4.168495178222656,10.135974884033203,0.050000011920928955,1089250
9,4358,250,646.8670654296875,2.587468147277832,9.808984756469727,0.050000011920928955,1089500
9,4359,250,756.53515625,3.0261406898498535,9.592707633972168,0.050000011920928955,1089750
9,4360,250,878.668701171875,3.5146749019622803,9.840330123901367,0.050000011920928955,1090000
9,4361,250,803.2077026367188,3.2128307819366455,9.461405754089355,0.050000011920928955,1090250
9,4362,250,578.0084228515625,2.3120336532592773,9.473787307739258,0.050000011920928955,1090500
9,4363,250,993.2347412109375,3.9729390144348145,9.487202644348145,0.050000011920928955,1090750
9,4364,250,465.26055908203125,1.8610422611236572,8.797965049743652,0.050000011920928955,1091000
9,4365,250,914.3839721679688,3.6575357913970947,8.835318565368652,0.050000011920928955,1091250
9,4366,250,1053.094482421875,4.212378025054932,8.895793914794922,0.050000011920928955,1091500
9,4367,250,823.0361328125,3.292144536972046,8.642499923706055,0.050000011920928955,1091750
9,4368,250,793.3120727539062,3.173248291015625,8.570199012756348,0.050000011920928955,1092000
9,4369,250,807.9301147460938,3.231720447540283,8.725168228149414,0.050000011920928955,1092250
9,4370,250,647.5376586914062,2.5901505947113037,8.548808097839355,0.050000011920928955,1092500
9,4371,250,998.3095092773438,3.9932379722595215,8.507394790649414,0.050000011920928955,1092750
9,4372,250,1131.200439453125,4.524801731109619,8.125483512878418,0.050000011920928955,1093000
9,4373,250,955.6087646484375,3.822435140609741,8.23884105682373,0.050000011920928955,1093250
9,4374,250,983.9182739257812,3.9356729984283447,7.981626033782959,0.050000011920928955,1093500
9,4375,250,589.5693359375,2.3582773208618164,7.916624546051025,0.050000011920928955,1093750
9,4376,250,767.8132934570312,3.0712530612945557,8.043580055236816,0.050000011920928955,1094000
9,4377,250,1034.4176025390625,4.137670516967773,8.110677719116211,0.050000011920928955,1094250
9,4378,250,838.127197265625,3.352508783340454,7.777187347412109,0.050000011920928955,1094500
9,4379,250,1111.6436767578125,4.446574687957764,7.439072132110596,0.050000011920928955,1094750
9,4380,250,924.7211303710938,3.6988844871520996,7.255944728851318,0.050000011920928955,1095000
9,4381,250,1002.9428100585938,4.011771202087402,7.4338698387146,0.050000011920928955,1095250
9,4382,250,998.0280151367188,3.992112159729004,7.289787769317627,0.050000011920928955,1095500
9,4383,250,874.1085815429688,3.496434211730957,7.167211055755615,0.050000011920928955,1095750
9,4384,250,1177.6845703125,4.710738182067871,7.369603157043457,0.050000011920928955,1096000
9,4385,250,1088.056396484375,4.3522257804870605,7.406818389892578,0.050000011920928955,1096250
9,4386,250,1226.298095703125,4.9051923751831055,6.837316989898682,0.050000011920928955,1096500
9,4387,250,1338.415771484375,5.353662967681885,7.1349053382873535,0.050000011920928955,1096750
9,4388,250,1094.678955078125,4.378715991973877,6.766872406005859,0.050000011920928955,1097000
9,4389,250,1173.544921875,4.694179534912109,6.910560607910156,0.050000011920928955,1097250
9,4390,250,1188.803955078125,4.755215644836426,6.946456432342529,0.050000011920928955,1097500
9,4391,250,1112.01806640625,4.44807243347168,6.709157466888428,0.050000011920928955,1097750
9,4392,250,1252.0211181640625,5.008084297180176,6.5886054039001465,0.050000011920928955,1098000
9,4393,250,867.53564453125,3.4701426029205322,6.895800590515137,0.050000011920928955,1098250
9,4394,250,1421.8897705078125,5.687559127807617,6.768352508544922,0.050000011920928955,1098500
9,4395,250,1380.9061279296875,5.523624420166016,6.842729091644287,0.050000011920928955,1098750
9,4396,250,1050.3455810546875,4.201382160186768,6.716320514678955,0.050000011920928955,1099000
9,4397,250,1155.7154541015625,4.622861862182617,6.489694595336914,0.050000011920928955,1099250
9,4398,250,1267.1412353515625,5.0685648918151855,6.33273983001709,0.050000011920928955,1099500
9,4399,250,1498.7191162109375,5.994876384735107,6.597238540649414,0.050000011920928955,1099750
9,4400,250,1084.3355712890625,4.337342262268066,6.7468414306640625,0.050000011920928955,1100000
9,4401,250,177.08053588867188,0.7083221673965454,6.640647888183594,0.050000011920928955,1100250
9,4402,250,1364.4896240234375,5.457958698272705,6.847031593322754,0.050000011920928955,1100500
9,4403,250,232.1975860595703,0.9287903308868408,6.855470180511475,0.050000011920928955,1100750
9,4404,250,1356.5855712890625,5.426342487335205,6.54786491394043,0.050000011920928955,1101000
9,4405,250,40.927101135253906,0.1637084037065506,7.292283535003662,0.050000011920928955,1101250
9,4406,250,75.15774536132812,0.30063098669052124,7.11331033706665,0.050000011920928955,1101500
9,4407,250,71.80326080322266,0.2872130572795868,7.381570339202881,0.050000011920928955,1101750
9,4408,250,118.51849365234375,0.47407397627830505,7.653719425201416,0.050000011920928955,1102000
9,4409,250,585.0389404296875,2.340155839920044,8.000773429870605,0.050000011920928955,1102250
9,4410,250,943.501220703125,3.7740049362182617,7.5894880294799805,0.050000011920928955,1102500
9,4411,250,1153.360595703125,4.613442420959473,7.536399841308594,0.050000011920928955,1102750
9,4412,250,1095.5518798828125,4.38220739364624,7.6517333984375,0.050000011920928955,1103000
9,4413,250,801.3567504882812,3.2054269313812256,7.983530044555664,0.050000011920928955,1103250
9,4414,250,1073.1756591796875,4.292702674865723,8.093738555908203,0.050000011920928955,1103500
9,4415,250,1199.3194580078125,4.797277927398682,7.50927209854126,0.050000011920928955,1103750
9,4416,250,1396.7747802734375,5.587099075317383,7.432714939117432,0.050000011920928955,1104000
9,4417,250,-51.22905731201172,-0.20491622388362885,7.563455581665039,0.050000011920928955,1104250
9,4418,250,1051.0699462890625,4.204279899597168,7.909888744354248,0.050000011920928955,1104500
9,4419,250,1053.85791015625,4.2154316902160645,7.967653274536133,0.050000011920928955,1104750
9,4420,250,28.842863082885742,0.1153714507818222,7.715291500091553,0.050000011920928955,1105000
9,4421,250,-48.39250183105469,-0.19357000291347504,8.282784461975098,0.050000011920928955,1105250
9,4422,250,-41.279544830322266,-0.16511817276477814,7.936250686645508,0.050000011920928955,1105500
9,4423,250,-56.316585540771484,-0.22526633739471436,8.524349212646484,0.050000011920928955,1105750
9,4424,250,657.914306640625,2.631657123565674,8.053060531616211,0.050000011920928955,1106000
9,4425,250,757.3280639648438,3.0293123722076416,8.7356538772583,0.050000011920928955,1106250
9,4426,250,1498.0684814453125,5.992273807525635,7.925164222717285,0.050000011920928955,1106500
9,4427,250,893.5116577148438,3.5740466117858887,8.419442176818848,0.050000011920928955,1106750
9,4428,250,1247.5274658203125,4.990109920501709,8.143592834472656,0.050000011920928955,1107000
9,4429,250,1349.9384765625,5.399754047393799,8.262080192565918,0.050000011920928955,1107250
9,4430,250,-29.243677139282227,-0.11697471141815186,7.960024833679199,0.050000011920928955,1107500
9,4431,250,1501.5377197265625,6.006150722503662,7.95045280456543,0.050000011920928955,1107750
9,4432,250,-41.92536163330078,-0.16770145297050476,8.3147554397583,0.050000011920928955,1108000
9,4433,250,209.74856567382812,0.8389942646026611,8.68801498413086,0.050000011920928955,1108250
9,4434,250,1016.1731567382812,4.064692497253418,8.6097412109375,0.050000011920928955,1108500
9,4435,250,-34.515960693359375,-0.13806384801864624,8.44457721710205,0.050000011920928955,1108750
9,4436,250,-31.165664672851562,-0.12466266006231308,8.779947280883789,0.050000011920928955,1109000
9,4437,250,-36.51056671142578,-0.14604227244853973,9.296714782714844,0.050000011920928955,1109250
9,4438,250,1321.1798095703125,5.284719467163086,9.00531005859375,0.050000011920928955,1109500
9,4439,250,16.177091598510742,0.06470836699008942,8.803250312805176,0.050000011920928955,1109750
9,4440,250,-3.6135311126708984,-0.014454124495387077,9.139250755310059,0.050000011920928955,1110000
9,4441,250,23.333457946777344,0.09333383291959763,9.09595775604248,0.050000011920928955,1110250
9,4442,250,712.9204711914062,2.85168194770813,9.046465873718262,0.050000011920928955,1110500
9,4443,250,61.959625244140625,0.24783849716186523,8.956894874572754,0.050000011920928955,1110750
9,4444,250,1071.3671875,4.285468578338623,8.878389358520508,0.050000011920928955,1111000
9,4445,250,17.58144760131836,0.07032579183578491,9.604377746582031,0.050000011920928955,1111250
9,4446,250,2.180198907852173,0.00872079562395811,9.196710586547852,0.050000011920928955,1111500
9,4447,250,2.154693126678467,0.008618772961199284,9.343796730041504,0.050000011920928955,1111750
9,4448,250,-29.771114349365234,-0.11908445507287979,8.854926109313965,0.050000011920928955,1112000
9,4449,250,-10.819669723510742,-0.04327867925167084,9.062907218933105,0.050000011920928955,1112250
9,4450,250,-16.423532485961914,-0.06569413095712662,9.507006645202637,0.050000011920928955,1112500
9,4451,250,-6.7820844650268555,-0.02712833695113659,9.123865127563477,0.050000011920928955,1112750
9,4452,250,-8.403787612915039,-0.033615149557590485,9.274699211120605,0.050000011920928955,1113000
9,4453,250,1124.3450927734375,4.497380256652832,10.372421264648438,0.050000011920928955,1113250
9,4454,250,-21.67593765258789,-0.08670374751091003,9.928972244262695,0.050000011920928955,1113500
9,4455,250,18.48012924194336,0.07392051815986633,9.700774192810059,0.050000011920928955,1113750
9,4456,250,-1.9504594802856445,-0.007801837753504515,9.643885612487793,0.050000011920928955,1114000
9,4457,250,-7.245579242706299,-0.028982317075133324,11.034310340881348,0.050000011920928955,1114250
9,4458,250,-12.339059829711914,-0.04935624077916145,10.114961624145508,0.050000011920928955,1114500
9,4459,250,-4.411161422729492,-0.017644645646214485,10.586174964904785,0.050000011920928955,1114750
9,4460,250,-25.296438217163086,-0.10118575394153595,10.267581939697266,0.050000011920928955,1115000
9,4461,250,14.233291625976562,0.056933168321847916,10.885696411132812,0.050000011920928955,1115250
9,4462,250,-1.2794466018676758,-0.005117786582559347,11.270181655883789,0.050000011920928955,1115500
9,4463,250,22.94976234436035,0.0917990505695343,10.024652481079102,0.050000011920928955,1115750
9,4464,250,1627.68603515625,6.510744094848633,10.263833045959473,0.050000011920928955,1116000
9,4465,250,27.487462997436523,0.10994984954595566,11.587835311889648,0.050000011920928955,1116250
9,4466,250,42.91497802734375,0.171659916639328,10.867857933044434,0.050000011920928955,1116500
9,4467,250,36.616973876953125,0.1464678943157196,10.722469329833984,0.050000011920928955,1116750
9,4468,250,13.230789184570312,0.052923157811164856,10.835347175598145,0.050000011920928955,1117000
9,4469,250,50.2147216796875,0.20085889101028442,12.333590507507324,0.050000011920928955,1117250
9,4470,250,47.10049057006836,0.1884019672870636,11.55457592010498,0.050000011920928955,1117500
9,4471,250,25.30900764465332,0.10123603045940399,11.22132682800293,0.050000011920928955,1117750
9,4472,250,17.39470672607422,0.06957882642745972,10.982368469238281,0.050000011920928955,1118000
9,4473,250,23.55563735961914,0.0942225530743599,12.551495552062988,0.050000011920928955,1118250
9,4474,250,15.643106460571289,0.0625724270939827,12.261387825012207,0.050000011920928955,1118500
9,4475,250,23.842588424682617,0.095370352268219,11.537860870361328,0.050000011920928955,1118750
9,4476,250,128.87734985351562,0.5155094265937805,11.592263221740723,0.050000011920928955,1119000
9,4477,250,24.488412857055664,0.09795365482568741,13.05965805053711,0.050000011920928955,1119250
9,4478,250,26.008150100708008,0.10403259843587875,11.8475341796875,0.050000011920928955,1119500
9,4479,250,12.479490280151367,0.04991796240210533,12.269549369812012,0.050000011920928955,1119750
9,4480,250,24.130796432495117,0.09652318805456161,12.039403915405273,0.050000011920928955,1120000
9,4481,250,21.06664276123047,0.08426657319068909,13.075602531433105,0.050000011920928955,1120250
9,4482,250,6.5764288902282715,0.02630571648478508,12.420738220214844,0.050000011920928955,1120500
9,4483,250,-11.761736869812012,-0.04704694822430611,12.322948455810547,0.050000011920928955,1120750
9,4484,250,-10.242977142333984,-0.04097190871834755,11.957159042358398,0.050000011920928955,1121000
9,4485,250,23.2950496673584,0.09318020194768906,12.333990097045898,0.050000011920928955,1121250
9,4486,250,3.7361085414886475,0.01494443416595459,11.4505615234375,0.050000011920928955,1121500
9,4487,250,25.385780334472656,0.1015431210398674,10.774223327636719,0.050000011920928955,1121750
9,4488,250,-9.622102737426758,-0.03848841041326523,10.453080177307129,0.050000011920928955,1122000
9,4489,250,29.34858512878418,0.1173943430185318,11.562605857849121,0.050000011920928955,1122250
9,4490,250,5.274040222167969,0.021096160635352135,11.149568557739258,0.050000011920928955,1122500
9,4491,250,20.472543716430664,0.08189017325639725,10.267670631408691,0.050000011920928955,1122750
9,4492,250,24.389408111572266,0.09755763411521912,10.023573875427246,0.050000011920928955,1123000
9,4493,250,53.394222259521484,0.21357688307762146,11.974342346191406,0.050000011920928955,1123250
9,4494,250,28.396007537841797,0.11358402669429779,11.561765670776367,0.050000011920928955,1123500
9,4495,250,47.806365966796875,0.19122546911239624,11.431017875671387,0.050000011920928955,1123750
9,4496,250,18.05922508239746,0.07223690301179886,11.830326080322266,0.050000011920928955,1124000
9,4497,250,38.43471908569336,0.153738871216774,13.309815406799316,0.050000011920928955,1124250
9,4498,250,27.16395378112793,0.10865581780672073,12.722126960754395,0.050000011920928955,1124500
9,4499,250,35.76976776123047,0.14307907223701477,12.682539939880371,0.050000011920928955,1124750
9,4500,250,42.850440979003906,0.1714017689228058,12.112643241882324,0.050000011920928955,1125000
9,4501,250,55.92000961303711,0.2236800342798233,14.465493202209473,0.050000011920928955,1125250
9,4502,250,59.95912551879883,0.23983649909496307,13.703656196594238,0.050000011920928955,1125500
9,4503,250,48.84737014770508,0.19538947939872742,13.268980979919434,0.050000011920928955,1125750
9,4504,250,26.829294204711914,0.10731717944145203,13.312310218811035,0.050000011920928955,1126000
9,4505,250,40.46173858642578,0.16184695065021515,15.939291954040527,0.050000011920928955,1126250
9,4506,250,56.728660583496094,0.226914644241333,15.407326698303223,0.050000011920928955,1126500
9,4507,250,49.211647033691406,0.1968465894460678,15.071364402770996,0.050000011920928955,1126750
9,4508,250,98.13034057617188,0.39252135157585144,15.055055618286133,0.050000011920928955,1127000
9,4509,250,24.946012496948242,0.09978404641151428,18.08305549621582,0.050000011920928955,1127250
9,4510,250,-0.6302653551101685,-0.0025210613384842873,16.86091423034668,0.050000011920928955,1127500
9,4511,250,28.955259323120117,0.11582103371620178,16.592073440551758,0.050000011920928955,1127750
9,4512,250,25.445926666259766,0.10178370773792267,15.588092803955078,0.050000011920928955,1128000
9,4513,250,75.39503479003906,0.30158013105392456,18.774005889892578,0.050000011920928955,1128250
9,4514,250,48.98392105102539,0.1959356814622879,16.87678337097168,0.050000011920928955,1128500
9,4515,250,3.0825014114379883,0.012330005876719952,16.51265525817871,0.050000011920928955,1128750
9,4516,250,6.348307132720947,0.025393228977918625,16.397260665893555,0.050000011920928955,1129000
9,4517,250,19.451847076416016,0.07780738919973373,20.537805557250977,0.050000011920928955,1129250
9,4518,250,-14.168667793273926,-0.05667467042803764,19.423124313354492,0.050000011920928955,1129500
9,4519,250,-10.944557189941406,-0.043778229504823685,19.318607330322266,0.050000011920928955,1129750
9,4520,250,10.200307846069336,0.04080123081803322,17.79988670349121,0.050000011920928955,1130000
9,4521,250,-28.48739242553711,-0.11394956707954407,22.343265533447266,0.050000011920928955,1130250
9,4522,250,-0.750938892364502,-0.003003755584359169,20.800588607788086,0.050000011920928955,1130500
9,4523,250,25.732227325439453,0.10292890667915344,19.729467391967773,0.050000011920928955,1130750
9,4524,250,28.155271530151367,0.11262108385562897,19.287330627441406,0.050000011920928955,1131000
9,4525,250,31.725345611572266,0.12690138816833496,21.562185287475586,0.050000011920928955,1131250
9,4526,250,32.08015060424805,0.1283206045627594,20.4834041595459,0.050000011920928955,1131500
9,4527,250,8.099533081054688,0.03239813074469566,19.824766159057617,0.050000011920928955,1131750
9,4528,250,20.169761657714844,0.0806790441274643,19.81342315673828,0.050000011920928955,1132000
9,4529,250,18.592975616455078,0.07437190413475037,22.589448928833008,0.050000011920928955,1132250
9,4530,250,19.57761573791504,0.07831045985221863,21.59959602355957,0.050000011920928955,1132500
9,4531,250,25.262971878051758,0.10105188935995102,21.08089828491211,0.050000011920928955,1132750
9,4532,250,12.50173568725586,0.050006940960884094,20.318462371826172,0.050000011920928955,1133000
9,4533,250,51.238460540771484,0.2049538493156433,22.832935333251953,0.050000011920928955,1133250
9,4534,250,-0.6529464721679688,-0.0026117858942598104,21.007612228393555,0.050000011920928955,1133500
9,4535,250,46.321563720703125,0.1852862536907196,20.3466739654541,0.050000011920928955,1133750
9,4536,250,24.777740478515625,0.09911096096038818,19.110742568969727,0.050000011920928955,1134000
9,4537,250,21.85420036315918,0.08741679787635803,23.055583953857422,0.050000011920928955,1134250
9,4538,250,15.369025230407715,0.061476100236177444,21.696788787841797,0.050000011920928955,1134500
9,4539,250,2.4499988555908203,0.009799995459616184,19.85085105895996,0.050000011920928955,1134750
9,4540,250,417.9709777832031,1.6718839406967163,19.898380279541016,0.050000011920928955,1135000
9,4541,250,-0.2609596252441406,-0.0010438384488224983,22.70148468017578,0.050000011920928955,1135250
9,4542,250,0.5644316673278809,0.0022577266208827496,20.438232421875,0.050000011920928955,1135500
9,4543,250,2.5215976238250732,0.010086390189826488,19.417861938476562,0.050000011920928955,1135750
9,4544,250,12.236579895019531,0.0489463210105896,18.98459815979004,0.050000011920928955,1136000
9,4545,250,67.66043853759766,0.2706417441368103,21.451393127441406,0.050000011920928955,1136250
9,4546,250,-3.228325843811035,-0.012913303449749947,17.996030807495117,0.050000011920928955,1136500
9,4547,250,25.516721725463867,0.10206688940525055,16.632173538208008,0.050000011920928955,1136750
9,4548,250,8.227210998535156,0.032908845692873,16.298460006713867,0.050000011920928955,1137000
9,4549,250,3.0334181785583496,0.012133672833442688,18.468486785888672,0.050000011920928955,1137250
9,4550,250,6.33854866027832,0.02535419538617134,16.319429397583008,0.050000011920928955,1137500
9,4551,250,20.399587631225586,0.08159834891557693,15.309233665466309,0.050000011920928955,1137750
9,4552,250,13.26846981048584,0.05307387933135033,14.360779762268066,0.050000011920928955,1138000
9,4553,250,22.622270584106445,0.09048908203840256,18.75370979309082,0.050000011920928955,1138250
9,4554,250,107.45830535888672,0.42983323335647583,16.65519142150879,0.050000011920928955,1138500
9,4555,250,215.91024780273438,0.8636409640312195,15.94965648651123,0.050000011920928955,1138750
9,4556,250,88.857421875,0.35542967915534973,15.568595886230469,0.050000011920928955,1139000
9,4557,250,88.10102844238281,0.3524041175842285,20.808866500854492,0.050000011920928955,1139250
9,4558,250,-10.389505386352539,-0.04155801981687546,19.085329055786133,0.050000011920928955,1139500
9,4559,250,69.6984634399414,0.2787938416004181,17.775785446166992,0.050000011920928955,1139750
9,4560,250,13.396013259887695,0.05358405411243439,17.429826736450195,0.050000011920928955,1140000
9,4561,250,4.238037586212158,0.01695214956998825,20.203411102294922,0.050000011920928955,1140250
9,4562,250,60.144126892089844,0.24057650566101074,17.229015350341797,0.050000011920928955,1140500
9,4563,250,31.928699493408203,0.12771479785442352,16.888547897338867,0.050000011920928955,1140750
9,4564,250,12.810211181640625,0.05124084651470184,16.279033660888672,0.050000011920928955,1141000
9,4565,250,101.64361572265625,0.40657445788383484,19.36531639099121,0.050000011920928955,1141250
9,4566,250,23.939617156982422,0.09575846791267395,16.787174224853516,0.050000011920928955,1141500
9,4567,250,122.24043273925781,0.48896172642707825,16.21369171142578,0.050000011920928955,1141750
9,4568,250,27.63471031188965,0.11053884029388428,15.236351013183594,0.050000011920928955,1142000
9,4569,250,98.15599060058594,0.3926239609718323,18.44196891784668,0.050000011920928955,1142250
9,4570,250,33.00249481201172,0.13200998306274414,16.158002853393555,0.050000011920928955,1142500
9,4571,250,183.5148468017578,0.7340593934059143,15.604666709899902,0.050000011920928955,1142750
9,4572,250,24.8383731842041,0.09935349225997925,15.31849193572998,0.050000011920928955,1143000
9,4573,250,39.80016326904297,0.15920065343379974,17.424806594848633,0.050000011920928955,1143250
9,4574,250,46.24332046508789,0.18497328460216522,16.226789474487305,0.050000011920928955,1143500
9,4575,250,34.01380157470703,0.13605520129203796,15.253593444824219,0.050000011920928955,1143750
9,4576,250,21.94318199157715,0.08777272701263428,14.138982772827148,0.050000011920928955,1144000
9,4577,250,60.02815246582031,0.24011260271072388,16.23625946044922,0.050000011920928955,1144250
9,4578,250,72.62905883789062,0.2905162274837494,14.624245643615723,0.050000011920928955,1144500
9,4579,250,75.62285614013672,0.3024914264678955,14.752734184265137,0.050000011920928955,1144750
9,4580,250,37.717777252197266,0.15087111294269562,13.670073509216309,0.050000011920928955,1145000
9,4581,250,25.64628791809082,0.10258515179157257,15.78029727935791,0.050000011920928955,1145250
9,4582,250,37.152488708496094,0.1486099511384964,14.2125825881958,0.050000011920928955,1145500
9,4583,250,47.02935791015625,0.18811742961406708,14.181991577148438,0.050000011920928955,1145750
9,4584,250,12.54412841796875,0.05017651244997978,14.085205078125,0.050000011920928955,1146000
9,4585,250,66.52659606933594,0.26610639691352844,16.170740127563477,0.050000011920928955,1146250
9,4586,250,40.49829864501953,0.16199319064617157,14.173089027404785,0.050000011920928955,1146500
9,4587,250,28.47688102722168,0.11390752345323563,13.88221263885498,0.050000011920928955,1146750
9,4588,250,35.256900787353516,0.14102759957313538,13.871946334838867,0.050000011920928955,1147000
9,4589,250,23.996929168701172,0.0959877148270607,14.831380844116211,0.050000011920928955,1147250
9,4590,250,51.29193878173828,0.205167755484581,13.992403030395508,0.050000011920928955,1147500
9,4591,250,40.29126739501953,0.16116507351398468,13.220264434814453,0.050000011920928955,1147750
9,4592,250,22.36444664001465,0.08945778757333755,12.284085273742676,0.050000011920928955,1148000
9,4593,250,35.52627944946289,0.1421051174402237,15.035184860229492,0.050000011920928955,1148250
9,4594,250,25.506465911865234,0.10202586650848389,13.555959701538086,0.050000011920928955,1148500
9,4595,250,22.95178985595703,0.09180715680122375,12.564228057861328,0.050000011920928955,1148750
9,4596,250,4.579996109008789,0.018319984897971153,11.855098724365234,0.050000011920928955,1149000
9,4597,250,3.8076322078704834,0.015230529010295868,14.924510955810547,0.050000011920928955,1149250
9,4598,250,19.48061752319336,0.07792247086763382,13.146028518676758,0.050000011920928955,1149500
9,4599,250,-5.793206691741943,-0.023172827437520027,12.352126121520996,0.050000011920928955,1149750
9,4600,250,23.917194366455078,0.09566877782344818,11.93176555633545,0.050000011920928955,1150000
9,4601,250,9.168996810913086,0.036675985902547836,15.452248573303223,0.050000011920928955,1150250
9,4602,250,-17.317630767822266,-0.06927052140235901,13.409321784973145,0.050000011920928955,1150500
9,4603,250,23.688501358032227,0.09475400298833847,12.76158618927002,0.050000011920928955,1150750
9,4604,250,17.413015365600586,0.06965205818414688,12.506959915161133,0.050000011920928955,1151000
9,4605,250,58.60040283203125,0.2344016134738922,14.944060325622559,0.050000011920928955,1151250
9,4606,250,12.868040084838867,0.05147216096520424,13.9420166015625,0.050000011920928955,1151500
9,4607,250,-15.82615852355957,-0.06330463290214539,13.321222305297852,0.050000011920928955,1151750
9,4608,250,13.421374320983887,0.053685497492551804,12.938323020935059,0.050000011920928955,1152000
9,4609,250,18.069934844970703,0.07227973639965057,15.245187759399414,0.050000011920928955,1152250
9,4610,250,14.717891693115234,0.058871567249298096,13.648211479187012,0.050000011920928955,1152500
9,4611,250,96.94378662109375,0.38777515292167664,13.624100685119629,0.050000011920928955,1152750
9,4612,250,-25.89605140686035,-0.10358420759439468,13.201297760009766,0.050000011920928955,1153000
9,4613,250,7.016127586364746,0.028064509853720665,15.331647872924805,0.050000011920928955,1153250
9,4614,250,-8.186245918273926,-0.032744985073804855,13.675318717956543,0.050000011920928955,1153500
9,4615,250,8.706565856933594,0.034826263785362244,13.68656063079834,0.050000011920928955,1153750
9,4616,250,48.387088775634766,0.19354835152626038,13.06725788116455,0.050000011920928955,1154000
9,4617,250,103.57646942138672,0.4143058657646179,15.695928573608398,0.050000011920928955,1154250
9,4618,250,54.024173736572266,0.2160966992378235,14.669686317443848,0.050000011920928955,1154500
9,4619,250,60.493194580078125,0.24197277426719666,14.14048957824707,0.050000011920928955,1154750
9,4620,250,-22.92597007751465,-0.0917038768529892,13.01744556427002,0.050000011920928955,1155000
9,4621,250,-21.605327606201172,-0.08642131090164185,16.109487533569336,0.050000011920928955,1155250
9,4622,250,263.34613037109375,1.05338454246521,15.071152687072754,0.050000011920928955,1155500
9,4623,250,123.82524871826172,0.4953010082244873,14.167966842651367,0.050000011920928955,1155750
9,4624,250,23.2659912109375,0.09306396543979645,14.227869987487793,0.050000011920928955,1156000
9,4625,250,-20.78764533996582,-0.08315058052539825,16.446426391601562,0.050000011920928955,1156250
9,4626,250,44.30289840698242,0.17721159756183624,16.47977066040039,0.050000011920928955,1156500
9,4627,250,399.4771728515625,1.5979087352752686,14.80305004119873,0.050000011920928955,1156750
9,4628,250,22.33266258239746,0.08933065086603165,15.16312026977539,0.050000011920928955,1157000
9,4629,250,100.29523468017578,0.4011809527873993,16.650848388671875,0.050000011920928955,1157250
9,4630,250,-17.70787239074707,-0.07083149254322052,15.922430992126465,0.050000011920928955,1157500
9,4631,250,4.746114730834961,0.018984459340572357,14.742748260498047,0.050000011920928955,1157750
9,4632,250,-44.50666046142578,-0.17802664637565613,14.628385543823242,0.050000011920928955,1158000
9,4633,250,-110.38351440429688,-0.4415340721607208,17.27936553955078,0.050000011920928955,1158250
9,4634,250,-127.77745056152344,-0.5111098289489746,15.642751693725586,0.050000011920928955,1158500
9,4635,250,-143.44760131835938,-0.573790431022644,15.028895378112793,0.050000011920928955,1158750
9,4636,250,-126.75049591064453,-0.5070019960403442,14.478727340698242,0.050000011920928955,1159000
9,4637,250,-141.4500274658203,-0.565800130367279,16.620389938354492,0.050000011920928955,1159250
9,4638,250,-133.11868286132812,-0.5324747562408447,15.941488265991211,0.050000011920928955,1159500
9,4639,250,-120.1849365234375,-0.4807397425174713,15.09951114654541,0.050000011920928955,1159750
9,4640,250,-115.78497314453125,-0.4631398916244507,15.103245735168457,0.050000011920928955,1160000
9,4641,250,-142.24786376953125,-0.568991482257843,16.357196807861328,0.050000011920928955,1160250
9,4642,250,-134.5944061279297,-0.5383776426315308,15.555635452270508,0.050000011920928955,1160500
9,4643,250,-111.64874267578125,-0.4465949833393097,14.916236877441406,0.050000011920928955,1160750
9,4644,250,-139.75196838378906,-0.5590078830718994,14.507502555847168,0.050000011920928955,1161000
9,4645,250,-141.08050537109375,-0.5643219947814941,15.766484260559082,0.050000011920928955,1161250
9,4646,250,-137.9342498779297,-0.5517370104789734,14.83932113647461,0.050000011920928955,1161500
9,4647,250,-137.8929901123047,-0.5515719652175903,14.461965560913086,0.050000011920928955,1161750
9,4648,250,-92.37867736816406,-0.36951470375061035,13.9739408493042,0.050000011920928955,1162000
9,4649,250,-130.44374084472656,-0.52177494764328,15.556150436401367,0.050000011920928955,1162250
9,4650,250,-134.10595703125,-0.5364238023757935,14.261442184448242,0.050000011920928955,1162500
9,4651,250,-136.67530822753906,-0.5467012524604797,14.170890808105469,0.050000011920928955,1162750
9,4652,250,-128.51040649414062,-0.5140416026115417,12.973766326904297,0.050000011920928955,1163000
9,4653,250,-193.71788024902344,-0.7748715281486511,15.126115798950195,0.050000011920928955,1163250
9,4654,250,-122.5660400390625,-0.4902641475200653,14.495640754699707,0.050000011920928955,1163500
9,4655,250,-102.6899185180664,-0.41075968742370605,13.652143478393555,0.050000011920928955,1163750
9,4656,250,-129.51158142089844,-0.5180463194847107,12.720450401306152,0.050000011920928955,1164000
9,4657,250,-150.86512756347656,-0.6034604907035828,14.761900901794434,0.050000011920928955,1164250
9,4658,250,-174.89419555664062,-0.6995767951011658,13.639481544494629,0.050000011920928955,1164500
9,4659,250,-158.35777282714844,-0.633431077003479,13.147666931152344,0.050000011920928955,1164750
9,4660,250,-175.24075317382812,-0.700963020324707,12.785981178283691,0.050000011920928955,1165000
9,4661,250,-119.18582916259766,-0.47674331068992615,14.721718788146973,0.050000011920928955,1165250
9,4662,250,-155.7848358154297,-0.6231393218040466,13.949824333190918,0.050000011920928955,1165500
9,4663,250,-103.70965576171875,-0.41483861207962036,13.541376113891602,0.050000011920928955,1165750
9,4664,250,-130.52255249023438,-0.5220901966094971,13.074105262756348,0.050000011920928955,1166000
9,4665,250,-128.49729919433594,-0.5139892101287842,15.095951080322266,0.050000011920928955,1166250
9,4666,250,121.02235412597656,0.4840894043445587,13.826268196105957,0.050000011920928955,1166500
9,4667,250,-98.96910858154297,-0.3958764374256134,13.299663543701172,0.050000011920928955,1166750
9,4668,250,-94.84317016601562,-0.3793726861476898,12.342570304870605,0.050000011920928955,1167000
9,4669,250,-102.71102905273438,-0.4108441174030304,14.828548431396484,0.050000011920928955,1167250
9,4670,250,-171.4900360107422,-0.6859601736068726,13.82036018371582,0.050000011920928955,1167500
9,4671,250,-169.73495483398438,-0.6789398193359375,13.16680908203125,0.050000011920928955,1167750
9,4672,250,-172.26617431640625,-0.6890646815299988,11.985608100891113,0.050000011920928955,1168000
9,4673,250,-145.52760314941406,-0.5821104049682617,14.202813148498535,0.050000011920928955,1168250
9,4674,250,-206.32122802734375,-0.8252848982810974,13.081637382507324,0.050000011920928955,1168500
9,4675,250,-175.89608764648438,-0.7035843729972839,12.39155387878418,0.050000011920928955,1168750
9,4676,250,-184.8020782470703,-0.7392083406448364,11.515939712524414,0.050000011920928955,1169000
9,4677,250,-141.0375213623047,-0.5641500949859619,13.713094711303711,0.050000011920928955,1169250
9,4678,250,-173.9118194580078,-0.6956472992897034,12.610504150390625,0.050000011920928955,1169500
9,4679,250,-165.2644805908203,-0.6610579490661621,12.021594047546387,0.050000011920928955,1169750
9,4680,250,-179.23211669921875,-0.7169284820556641,11.329245567321777,0.050000011920928955,1170000
9,4681,250,-180.3413848876953,-0.7213655114173889,13.004738807678223,0.050000011920928955,1170250
9,4682,250,-150.30953979492188,-0.6012381315231323,12.191044807434082,0.050000011920928955,1170500
9,4683,250,-148.0613555908203,-0.5922453999519348,11.22038459777832,0.050000011920928955,1170750
9,4684,250,-185.42433166503906,-0.7416973114013672,11.207935333251953,0.050000011920928955,1171000
9,4685,250,-127.78207397460938,-0.511128306388855,12.826058387756348,0.050000011920928955,1171250
9,4686,250,-125.75153350830078,-0.5030061602592468,11.269852638244629,0.050000011920928955,1171500
9,4687,250,-141.10325622558594,-0.5644130110740662,11.34572696685791,0.050000011920928955,1171750
9,4688,250,-138.6020965576172,-0.5544083714485168,11.123330116271973,0.050000011920928955,1172000
9,4689,250,-125.01663208007812,-0.5000665187835693,12.226333618164062,0.050000011920928955,1172250
9,4690,250,-118.85829162597656,-0.4754331707954407,11.299661636352539,0.050000011920928955,1172500
9,4691,250,-148.07577514648438,-0.5923030972480774,11.009818077087402,0.050000011920928955,1172750
9,4692,250,-120.68299102783203,-0.48273196816444397,10.797001838684082,0.050000011920928955,1173000
9,4693,250,-137.34613037109375,-0.5493845343589783,11.713628768920898,0.050000011920928955,1173250
9,4694,250,-109.20039367675781,-0.43680158257484436,11.01827335357666,0.050000011920928955,1173500
9,4695,250,-158.87945556640625,-0.6355178356170654,11.02865982055664,0.050000011920928955,1173750
9,4696,250,-151.87474060058594,-0.6074989438056946,10.81747055053711,0.050000011920928955,1174000
9,4697,250,-156.5374755859375,-0.6261498928070068,11.655668258666992,0.050000011920928955,1174250
9,4698,250,-186.8390350341797,-0.747356116771698,11.137870788574219,0.050000011920928955,1174500
9,4699,250,-179.93222045898438,-0.7197288870811462,11.481375694274902,0.050000011920928955,1174750
9,4700,250,-217.00575256347656,-0.8680230379104614,10.405133247375488,0.050000011920928955,1175000
9,4701,250,-242.52767944335938,-0.9701107144355774,12.460797309875488,0.050000011920928955,1175250
9,4702,250,-193.3105010986328,-0.7732419967651367,11.345542907714844,0.050000011920928955,1175500
9,4703,250,-175.8880157470703,-0.7035520672798157,11.17446517944336,0.050000011920928955,1175750
9,4704,250,-174.9999542236328,-0.6999998092651367,11.014983177185059,0.050000011920928955,1176000
9,4705,250,-225.38047790527344,-0.9015219211578369,11.48751163482666,0.050000011920928955,1176250
9,4706,250,-215.71665954589844,-0.8628666400909424,11.239619255065918,0.050000011920928955,1176500
9,4707,250,-214.99972534179688,-0.859998881816864,10.627707481384277,0.050000011920928955,1176750
9,4708,250,-195.70816040039062,-0.7828326225280762,10.525524139404297,0.050000011920928955,1177000
9,4709,250,-250.5463409423828,-1.002185344696045,11.778676986694336,0.050000011920928955,1177250
9,4710,250,-218.07693481445312,-0.8723077178001404,10.98141098022461,0.050000011920928955,1177500
9,4711,250,-234.51622009277344,-0.9380648732185364,10.716650009155273,0.050000011920928955,1177750
9,4712,250,-219.33544921875,-0.8773418068885803,10.512434959411621,0.050000011920928955,1178000
9,4713,250,-259.45672607421875,-1.0378268957138062,11.183950424194336,0.050000011920928955,1178250
9,4714,250,-227.9992218017578,-0.9119969010353088,10.91917896270752,0.050000011920928955,1178500
9,4715,250,-226.22335815429688,-0.9048934578895569,10.420980453491211,0.050000011920928955,1178750
9,4716,250,-201.8909912109375,-0.8075639605522156,9.88512134552002,0.050000011920928955,1179000
9,4717,250,-249.36029052734375,-0.9974411725997925,10.958146095275879,0.050000011920928955,1179250
9,4718,250,-243.75909423828125,-0.9750363826751709,10.542908668518066,0.050000011920928955,1179500
9,4719,250,-224.25698852539062,-0.8970279693603516,9.966084480285645,0.050000011920928955,1179750
9,4720,250,-257.0806579589844,-1.0283225774765015,9.707049369812012,0.050000011920928955,1180000
9,4721,250,-252.7168426513672,-1.0108673572540283,10.67368221282959,0.050000011920928955,1180250
9,4722,250,-226.8271942138672,-0.9073087573051453,10.272220611572266,0.050000011920928955,1180500
9,4723,250,-217.15780639648438,-0.8686312437057495,9.62716293334961,0.050000011920928955,1180750
9,4724,250,-233.7986297607422,-0.9351944923400879,9.682134628295898,0.050000011920928955,1181000
9,4725,250,-219.69139099121094,-0.8787655830383301,10.333066940307617,0.050000011920928955,1181250
9,4726,250,-244.58123779296875,-0.9783249497413635,9.785313606262207,0.050000011920928955,1181500
9,4727,250,-249.79257202148438,-0.9991703033447266,9.493695259094238,0.050000011920928955,1181750
9,4728,250,-220.99647521972656,-0.8839858770370483,9.362142562866211,0.050000011920928955,1182000
9,4729,250,-227.3223114013672,-0.9092892408370972,9.859539031982422,0.050000011920928955,1182250
9,4730,250,-270.1723937988281,-1.080689549446106,9.468177795410156,0.050000011920928955,1182500
9,4731,250,-232.4602508544922,-0.9298409819602966,9.441779136657715,0.050000011920928955,1182750
9,4732,250,-223.21426391601562,-0.8928570747375488,9.141545295715332,0.050000011920928955,1183000
9,4733,250,-232.17652893066406,-0.9287061095237732,9.749773979187012,0.050000011920928955,1183250
9,4734,250,-214.9277801513672,-0.8597111105918884,9.282615661621094,0.050000011920928955,1183500
9,4735,250,-231.151123046875,-0.9246044754981995,8.92882251739502,0.050000011920928955,1183750
9,4736,250,-193.2982635498047,-0.7731930613517761,8.694498062133789,0.050000011920928955,1184000
9,4737,250,-201.09512329101562,-0.804380476474762,9.528785705566406,0.050000011920928955,1184250
9,4738,250,-196.62208557128906,-0.7864883542060852,8.793561935424805,0.050000011920928955,1184500
9,4739,250,-220.01910400390625,-0.8800764083862305,8.757181167602539,0.050000011920928955,1184750
9,4740,250,-201.07752990722656,-0.804310142993927,8.172919273376465,0.050000011920928955,1185000
9,4741,250,-173.19024658203125,-0.6927610039710999,9.291281700134277,0.050000011920928955,1185250
9,4742,250,-217.75155639648438,-0.8710062503814697,8.846476554870605,0.050000011920928955,1185500
9,4743,250,-145.93577575683594,-0.5837430953979492,8.673477172851562,0.050000011920928955,1185750
9,4744,250,-184.59107971191406,-0.7383643388748169,8.67355728149414,0.050000011920928955,1186000
9,4745,250,-153.62034606933594,-0.6144813895225525,9.110403060913086,0.050000011920928955,1186250
9,4746,250,-172.1801300048828,-0.6887205243110657,9.073103904724121,0.050000011920928955,1186500
9,4747,250,-143.67803955078125,-0.5747121572494507,8.903407096862793,0.050000011920928955,1186750
9,4748,250,-128.53367614746094,-0.5141347050666809,8.878753662109375,0.050000011920928955,1187000
9,4749,250,-252.55995178222656,-1.010239839553833,9.268635749816895,0.050000011920928955,1187250
9,4750,250,-229.1499786376953,-0.9165999293327332,9.346482276916504,0.050000011920928955,1187500
9,4751,250,-162.0872039794922,-0.6483488082885742,9.267599105834961,0.050000011920928955,1187750
9,4752,250,-221.94189453125,-0.8877675533294678,9.114489555358887,0.050000011920928955,1188000
9,4753,250,-240.96505737304688,-0.9638602137565613,9.601794242858887,0.050000011920928955,1188250
9,4754,250,-237.46292114257812,-0.9498516917228699,9.398917198181152,0.050000011920928955,1188500
9,4755,250,-270.1337890625,-1.0805351734161377,9.414521217346191,0.050000011920928955,1188750
9,4756,250,-283.5838928222656,-1.1343355178833008,8.597516059875488,0.050000011920928955,1189000
9,4757,250,-254.6858673095703,-1.0187435150146484,9.632420539855957,0.050000011920928955,1189250
9,4758,250,-257.9942932128906,-1.0319771766662598,9.16002368927002,0.050000011920928955,1189500
9,4759,250,-274.41094970703125,-1.0976438522338867,8.929441452026367,0.050000011920928955,1189750
9,4760,250,-225.73049926757812,-0.9029219746589661,8.852883338928223,0.050000011920928955,1190000
9,4761,250,-269.1770935058594,-1.0767083168029785,9.209033012390137,0.050000011920928955,1190250
9,4762,250,-282.1383972167969,-1.1285536289215088,8.972128868103027,0.050000011920928955,1190500
9,4763,250,-251.1271514892578,-1.0045086145401,8.962923049926758,0.050000011920928955,1190750
9,4764,250,-244.48501586914062,-0.9779400825500488,8.680296897888184,0.050000011920928955,1191000
9,4765,250,-224.48902893066406,-0.897956132888794,9.386731147766113,0.050000011920928955,1191250
9,4766,250,-281.2832946777344,-1.1251331567764282,9.026689529418945,0.050000011920928955,1191500
9,4767,250,-259.0154113769531,-1.0360616445541382,8.931074142456055,0.050000011920928955,1191750
9,4768,250,-299.7152099609375,-1.1988608837127686,8.984606742858887,0.050000011920928955,1192000
9,4769,250,-290.47369384765625,-1.1618947982788086,9.239786148071289,0.050000011920928955,1192250
9,4770,250,-270.2233581542969,-1.0808933973312378,8.864354133605957,0.050000011920928955,1192500
9,4771,250,-243.08229064941406,-0.9723291397094727,8.811786651611328,0.050000011920928955,1192750
9,4772,250,-239.98301696777344,-0.9599320888519287,8.736807823181152,0.050000011920928955,1193000
9,4773,250,-270.0340881347656,-1.0801362991333008,9.522985458374023,0.050000011920928955,1193250
9,4774,250,-280.659423828125,-1.1226377487182617,9.047591209411621,0.050000011920928955,1193500
9,4775,250,-273.833251953125,-1.0953329801559448,8.762072563171387,0.050000011920928955,1193750
9,4776,250,-256.2027282714844,-1.0248109102249146,8.690138816833496,0.050000011920928955,1194000
9,4777,250,-279.8518371582031,-1.119407296180725,9.138657569885254,0.050000011920928955,1194250
9,4778,250,-210.3986053466797,-0.841594398021698,8.903103828430176,0.050000011920928955,1194500
9,4779,250,-241.56893920898438,-0.9662757515907288,8.582014083862305,0.050000011920928955,1194750
9,4780,250,-259.6023254394531,-1.0384093523025513,8.490955352783203,0.050000011920928955,1195000
9,4781,250,-215.64125061035156,-0.8625649809837341,9.066899299621582,0.050000011920928955,1195250
9,4782,250,-274.53424072265625,-1.0981370210647583,8.584175109863281,0.050000011920928955,1195500
9,4783,250,-252.19610595703125,-1.0087844133377075,8.429252624511719,0.050000011920928955,1195750
9,4784,250,-252.9719696044922,-1.0118879079818726,8.296875,0.050000011920928955,1196000
9,4785,250,-230.58349609375,-0.9223339557647705,8.69962215423584,0.050000011920928955,1196250
9,4786,250,-209.04238891601562,-0.8361695408821106,8.475519180297852,0.050000011920928955,1196500
9,4787,250,-237.68545532226562,-0.9507418274879456,8.30892276763916,0.050000011920928955,1196750
9,4788,250,-243.2322540283203,-0.9729290008544922,8.25381851196289,0.050000011920928955,1197000
9,4789,250,-244.2298126220703,-0.9769192337989807,8.744162559509277,0.050000011920928955,1197250
9,4790,250,-227.630615234375,-0.9105224609375,8.405638694763184,0.050000011920928955,1197500
9,4791,250,-219.8804168701172,-0.8795216679573059,8.194927215576172,0.050000011920928955,1197750
9,4792,250,-229.2628631591797,-0.9170514345169067,8.132977485656738,0.050000011920928955,1198000
9,4793,250,-240.5976104736328,-0.9623904228210449,8.707223892211914,0.050000011920928955,1198250
9,4794,250,-262.4944152832031,-1.0499776601791382,8.46768569946289,0.050000011920928955,1198500
9,4795,250,-204.7283935546875,-0.8189135789871216,8.058552742004395,0.050000011920928955,1198750
9,4796,250,-216.88343811035156,-0.8675337433815002,8.276394844055176,0.050000011920928955,1199000
9,4797,250,-205.7199249267578,-0.8228796720504761,8.914144515991211,0.050000011920928955,1199250
9,4798,250,-234.33819580078125,-0.9373527765274048,8.584847450256348,0.050000011920928955,1199500
9,4799,250,-217.55352783203125,-0.8702141046524048,8.18653678894043,0.050000011920928955,1199750
9,4800,250,-497.2601013183594,-1.9890403747558594,8.103802680969238,0.050000011920928955,1200000
9,4801,250,-186.11868286132812,-0.7444747090339661,8.882135391235352,0.050000011920928955,1200250
9,4802,250,-206.16416931152344,-0.8246566653251648,8.69878101348877,0.050000011920928955,1200500
9,4803,250,-178.81546020507812,-0.7152618169784546,8.337708473205566,0.050000011920928955,1200750
9,4804,250,-128.69407653808594,-0.5147762894630432,8.146215438842773,0.050000011920928955,1201000
9,4805,250,-179.43873596191406,-0.7177549600601196,9.025167465209961,0.050000011920928955,1201250
9,4806,250,-166.84918212890625,-0.6673967242240906,9.058027267456055,0.050000011920928955,1201500
9,4807,250,-130.7943115234375,-0.5231772661209106,8.35716438293457,0.050000011920928955,1201750
9,4808,250,-181.3311004638672,-0.7253243923187256,8.264631271362305,0.050000011920928955,1202000
9,4809,250,-124.33260345458984,-0.4973304271697998,9.658784866333008,0.050000011920928955,1202250
9,4810,250,-175.7270050048828,-0.7029080390930176,9.188410758972168,0.050000011920928955,1202500
9,4811,250,-169.8833465576172,-0.6795333623886108,8.869267463684082,0.050000011920928955,1202750
9,4812,250,-191.53909301757812,-0.7661563754081726,8.520451545715332,0.050000011920928955,1203000
9,4813,250,-86.3844223022461,-0.3455376923084259,9.671957015991211,0.050000011920928955,1203250
9,4814,250,-187.2396240234375,-0.7489584684371948,9.351223945617676,0.050000011920928955,1203500
9,4815,250,-173.98170471191406,-0.6959268450737,9.387125968933105,0.050000011920928955,1203750
9,4816,250,-4.102033615112305,-0.016408134251832962,8.59201717376709,0.050000011920928955,1204000
9,4817,250,-34.14811706542969,-0.13659246265888214,9.534540176391602,0.050000011920928955,1204250
9,4818,250,-157.69198608398438,-0.6307679414749146,9.214494705200195,0.050000011920928955,1204500
9,4819,250,-183.10968017578125,-0.7324387431144714,8.981197357177734,0.050000011920928955,1204750
9,4820,250,-77.98763275146484,-0.31195053458213806,8.634976387023926,0.050000011920928955,1205000
9,4821,250,-135.30067443847656,-0.54120272397995,9.035329818725586,0.050000011920928955,1205250
9,4822,250,-40.73368835449219,-0.16293475031852722,8.720816612243652,0.050000011920928955,1205500
9,4823,250,-72.89876556396484,-0.29159507155418396,8.356420516967773,0.050000011920928955,1205750
9,4824,250,-42.84798049926758,-0.17139191925525665,8.463705062866211,0.050000011920928955,1206000
9,4825,250,-88.5353012084961,-0.3541412055492401,9.182135581970215,0.050000011920928955,1206250
9,4826,250,-79.00025177001953,-0.3160009980201721,8.542110443115234,0.050000011920928955,1206500
9,4827,250,-188.8248748779297,-0.7552995085716248,8.19548511505127,0.050000011920928955,1206750
9,4828,250,-88.71997833251953,-0.3548799157142639,8.321680068969727,0.050000011920928955,1207000
9,4829,250,-249.7656707763672,-0.9990626573562622,8.327266693115234,0.050000011920928955,1207250
9,4830,250,-290.60418701171875,-1.162416696548462,8.474934577941895,0.050000011920928955,1207500
9,4831,250,-320.75787353515625,-1.2830314636230469,8.345911979675293,0.050000011920928955,1207750
9,4832,250,-258.2268981933594,-1.0329076051712036,7.9416961669921875,0.050000011920928955,1208000
9,4833,250,-327.2684020996094,-1.309073567390442,8.600367546081543,0.050000011920928955,1208250
9,4834,250,-299.4870300292969,-1.1979480981826782,8.897247314453125,0.050000011920928955,1208500
9,4835,250,-309.5135803222656,-1.2380542755126953,8.621845245361328,0.050000011920928955,1208750
9,4836,250,-313.2796630859375,-1.253118634223938,8.023998260498047,0.050000011920928955,1209000
9,4837,250,-161.5944061279297,-0.6463776230812073,8.66319465637207,0.050000011920928955,1209250
9,4838,250,-10.298426628112793,-0.041193705052137375,8.850607872009277,0.050000011920928955,1209500
9,4839,250,-145.27352905273438,-0.5810941457748413,8.265377044677734,0.050000011920928955,1209750
9,4840,250,-77.43412780761719,-0.3097365200519562,8.445545196533203,0.050000011920928955,1210000
9,4841,250,-61.337425231933594,-0.2453497052192688,8.763432502746582,0.050000011920928955,1210250
9,4842,250,17.00885581970215,0.06803542375564575,8.642824172973633,0.050000011920928955,1210500
9,4843,250,-24.864200592041016,-0.0994568020105362,8.25140380859375,0.050000011920928955,1210750
9,4844,250,-84.97468566894531,-0.3398987352848053,8.214613914489746,0.050000011920928955,1211000
9,4845,250,-129.31118774414062,-0.5172447562217712,9.029458045959473,0.050000011920928955,1211250
9,4846,250,-65.79805755615234,-0.26319223642349243,9.113311767578125,0.050000011920928955,1211500
9,4847,250,-57.170406341552734,-0.22868162393569946,8.77777099609375,0.050000011920928955,1211750
9,4848,250,-40.04559326171875,-0.16018237173557281,9.134716987609863,0.050000011920928955,1212000
9,4849,250,-64.56426239013672,-0.25825706124305725,9.571867942810059,0.050000011920928955,1212250
9,4850,250,21.93931770324707,0.08775727450847626,9.983288764953613,0.050000011920928955,1212500
9,4851,250,-66.1695785522461,-0.26467829942703247,9.586844444274902,0.050000011920928955,1212750
9,4852,250,-66.00458526611328,-0.26401832699775696,9.177374839782715,0.050000011920928955,1213000
9,4853,250,-80.66824340820312,-0.322672963142395,11.02548885345459,0.050000011920928955,1213250
9,4854,250,-85.95379638671875,-0.3438151776790619,10.4581298828125,0.050000011920928955,1213500
9,4855,250,-65.8410415649414,-0.26336416602134705,10.392448425292969,0.050000011920928955,1213750
9,4856,250,-78.47463989257812,-0.31389856338500977,10.535900115966797,0.050000011920928955,1214000
9,4857,250,-70.80574035644531,-0.2832229733467102,11.384955406188965,0.050000011920928955,1214250
9,4858,250,-67.80976104736328,-0.2712390422821045,11.288004875183105,0.050000011920928955,1214500
9,4859,250,-77.03101348876953,-0.3081240653991699,11.50270938873291,0.050000011920928955,1214750
9,4860,250,-77.74816131591797,-0.31099265813827515,10.993213653564453,0.050000011920928955,1215000
9,4861,250,-47.932838439941406,-0.19173134863376617,11.690225601196289,0.050000011920928955,1215250
9,4862,250,-62.01911544799805,-0.24807646870613098,11.086710929870605,0.050000011920928955,1215500
9,4863,250,-71.38081359863281,-0.28552326560020447,11.174461364746094,0.050000011920928955,1215750
9,4864,250,-129.68255615234375,-0.5187302231788635,10.709064483642578,0.050000011920928955,1216000
9,4865,250,-56.73639678955078,-0.22694559395313263,11.16032600402832,0.050000011920928955,1216250
9,4866,250,-213.5941925048828,-0.8543767929077148,10.731098175048828,0.050000011920928955,1216500
9,4867,250,-76.23667907714844,-0.3049467206001282,10.820975303649902,0.050000011920928955,1216750
9,4868,250,-84.29267883300781,-0.33717072010040283,10.668129920959473,0.050000011920928955,1217000
9,4869,250,-337.47100830078125,-1.349884033203125,11.028430938720703,0.050000011920928955,1217250
9,4870,250,-209.85377502441406,-0.8394150733947754,10.456987380981445,0.050000011920928955,1217500
9,4871,250,-81.95931243896484,-0.3278372585773468,10.603023529052734,0.050000011920928955,1217750
9,4872,250,-111.25992584228516,-0.44503968954086304,9.986202239990234,0.050000011920928955,1218000
9,4873,250,-336.728759765625,-1.3469150066375732,10.611002922058105,0.050000011920928955,1218250
9,4874,250,-242.84146118164062,-0.9713658690452576,10.546406745910645,0.050000011920928955,1218500
9,4875,250,-81.67039489746094,-0.32668158411979675,9.762808799743652,0.050000011920928955,1218750
9,4876,250,-103.16595458984375,-0.4126638174057007,9.951233863830566,0.050000011920928955,1219000
9,4877,250,-206.5532989501953,-0.8262131810188293,10.304550170898438,0.050000011920928955,1219250
9,4878,250,-36.880680084228516,-0.1475227177143097,9.422704696655273,0.050000011920928955,1219500
9,4879,250,-23.08051300048828,-0.09232205152511597,8.954899787902832,0.050000011920928955,1219750
9,4880,250,-49.21745300292969,-0.19686980545520782,8.818608283996582,0.050000011920928955,1220000
9,4881,250,-167.94921875,-0.6717968583106995,9.737717628479004,0.050000011920928955,1220250
9,4882,250,-50.86375045776367,-0.20345500111579895,8.646149635314941,0.050000011920928955,1220500
9,4883,250,-39.97394943237305,-0.15989579260349274,8.652666091918945,0.050000011920928955,1220750
9,4884,250,-49.353885650634766,-0.1974155455827713,8.453705787658691,0.050000011920928955,1221000
9,4885,250,-38.453250885009766,-0.15381300449371338,8.816946029663086,0.050000011920928955,1221250
9,4886,250,-77.08397674560547,-0.30833590030670166,8.398310661315918,0.050000011920928955,1221500
9,4887,250,-74.61477661132812,-0.29845911264419556,7.967947006225586,0.050000011920928955,1221750
9,4888,250,-31.824872970581055,-0.1272994875907898,7.924406051635742,0.050000011920928955,1222000
9,4889,250,-114.24528503417969,-0.4569811522960663,8.383111953735352,0.050000011920928955,1222250
9,4890,250,-66.27494049072266,-0.26509976387023926,7.743380546569824,0.050000011920928955,1222500
9,4891,250,0.2158796787261963,0.000863518740516156,7.779423713684082,0.050000011920928955,1222750
9,4892,250,-15.089476585388184,-0.06035790592432022,7.579594135284424,0.050000011920928955,1223000
9,4893,250,-213.09527587890625,-0.8523811101913452,8.676037788391113,0.050000011920928955,1223250
9,4894,250,37.002784729003906,0.14801113307476044,7.947695255279541,0.050000011920928955,1223500
9,4895,250,87.21722412109375,0.3488689064979553,7.857684135437012,0.050000011920928955,1223750
9,4896,250,46.599449157714844,0.18639779090881348,7.669976711273193,0.050000011920928955,1224000
9,4897,250,-226.78546142578125,-0.9071418642997742,8.264503479003906,0.050000011920928955,1224250
9,4898,250,91.37671661376953,0.3655068576335907,7.9872355461120605,0.050000011920928955,1224500
9,4899,250,109.0426254272461,0.4361704885959625,7.923269271850586,0.050000011920928955,1224750
9,4900,250,-50.670265197753906,-0.2026810646057129,7.710366249084473,0.050000011920928955,1225000
9,4901,250,-109.43803405761719,-0.4377521276473999,8.459823608398438,0.050000011920928955,1225250
9,4902,250,-91.73772430419922,-0.3669508993625641,8.04200267791748,0.050000011920928955,1225500
9,4903,250,-62.39293670654297,-0.24957174062728882,7.781317710876465,0.050000011920928955,1225750
9,4904,250,-114.84938049316406,-0.4593975245952606,7.91253662109375,0.050000011920928955,1226000
9,4905,250,-110.98896789550781,-0.4439558684825897,8.749732971191406,0.050000011920928955,1226250
9,4906,250,-196.78439331054688,-0.7871375679969788,8.390705108642578,0.050000011920928955,1226500
9,4907,250,-152.25621032714844,-0.6090248227119446,8.00098705291748,0.050000011920928955,1226750
9,4908,250,-148.52850341796875,-0.5941140055656433,7.902926921844482,0.050000011920928955,1227000
9,4909,250,-219.19891357421875,-0.8767956495285034,8.437732696533203,0.050000011920928955,1227250
9,4910,250,-207.3114776611328,-0.829245924949646,8.095263481140137,0.050000011920928955,1227500
9,4911,250,-232.56539916992188,-0.9302616119384766,7.769028663635254,0.050000011920928955,1227750
9,4912,250,-190.28762817382812,-0.7611505389213562,7.602792263031006,0.050000011920928955,1228000
9,4913,250,-320.9403076171875,-1.2837612628936768,8.665900230407715,0.050000011920928955,1228250
9,4914,250,-307.4127502441406,-1.2296509742736816,7.927993297576904,0.050000011920928955,1228500
9,4915,250,-323.817626953125,-1.295270562171936,7.894587993621826,0.050000011920928955,1228750
9,4916,250,-204.44488525390625,-0.817779541015625,7.656979560852051,0.050000011920928955,1229000
9,4917,250,-71.77259063720703,-0.28709036111831665,8.334887504577637,0.050000011920928955,1229250
9,4918,250,-306.42425537109375,-1.2256970405578613,7.949527263641357,0.050000011920928955,1229500
9,4919,250,-215.7001190185547,-0.8628004789352417,7.548120975494385,0.050000011920928955,1229750
9,4920,250,-212.2073974609375,-0.8488295674324036,7.788354873657227,0.050000011920928955,1230000
9,4921,250,-412.7359313964844,-1.6509437561035156,8.178780555725098,0.050000011920928955,1230250
9,4922,250,-74.0269546508789,-0.29610782861709595,7.78428316116333,0.050000011920928955,1230500
9,4923,250,-84.14374542236328,-0.3365749716758728,7.504794120788574,0.050000011920928955,1230750
9,4924,250,-91.16287994384766,-0.36465153098106384,7.3329644203186035,0.050000011920928955,1231000
9,4925,250,-121.91741180419922,-0.4876696467399597,7.745340347290039,0.050000011920928955,1231250
9,4926,250,-112.15618896484375,-0.44862475991249084,7.51843786239624,0.050000011920928955,1231500
9,4927,250,-86.33610534667969,-0.3453444242477417,7.404088973999023,0.050000011920928955,1231750
9,4928,250,-44.253047943115234,-0.17701219022274017,7.135467052459717,0.050000011920928955,1232000
9,4929,250,-88.17967224121094,-0.35271868109703064,7.335602760314941,0.050000011920928955,1232250
9,4930,250,-75.68641662597656,-0.30274567008018494,7.454809665679932,0.050000011920928955,1232500
9,4931,250,-107.0387954711914,-0.42815518379211426,6.997919082641602,0.050000011920928955,1232750
9,4932,250,-96.13243103027344,-0.384529709815979,7.0931925773620605,0.050000011920928955,1233000
9,4933,250,25.878938674926758,0.10351575165987015,7.4276556968688965,0.050000011920928955,1233250
9,4934,250,-71.41202545166016,-0.2856481075286865,7.017329692840576,0.050000011920928955,1233500
9,4935,250,-59.90619659423828,-0.2396247833967209,7.037367343902588,0.050000011920928955,1233750
9,4936,250,-53.718624114990234,-0.2148744910955429,7.0903496742248535,0.050000011920928955,1234000
9,4937,250,-114.8342514038086,-0.4593369960784912,7.438734531402588,0.050000011920928955,1234250
9,4938,250,-24.893482208251953,-0.09957392513751984,7.027101516723633,0.050000011920928955,1234500
9,4939,250,-13.911666870117188,-0.05564666911959648,7.1439433097839355,0.050000011920928955,1234750
9,4940,250,18.396408081054688,0.0735856294631958,7.0619001388549805,0.050000011920928955,1235000
9,4941,250,-37.24643325805664,-0.14898572862148285,7.354076862335205,0.050000011920928955,1235250
9,4942,250,-94.5256118774414,-0.37810245156288147,7.207448482513428,0.050000011920928955,1235500
9,4943,250,-62.95545959472656,-0.2518218457698822,7.3379106521606445,0.050000011920928955,1235750
9,4944,250,-20.36744499206543,-0.08146978169679642,7.105336666107178,0.050000011920928955,1236000
9,4945,250,-59.66216278076172,-0.2386486530303955,7.5966362953186035,0.050000011920928955,1236250
9,4946,250,-58.00373840332031,-0.2320149540901184,7.23405122756958,0.050000011920928955,1236500
9,4947,250,-33.818904876708984,-0.13527561724185944,7.243304252624512,0.050000011920928955,1236750
9,4948,250,-43.62687301635742,-0.1745074987411499,7.060853004455566,0.050000011920928955,1237000
9,4949,250,-37.45627975463867,-0.14982512593269348,7.911040782928467,0.050000011920928955,1237250
9,4950,250,-112.58358001708984,-0.4503343105316162,7.569952964782715,0.050000011920928955,1237500
9,4951,250,-65.64850616455078,-0.2625940144062042,7.311800479888916,0.050000011920928955,1237750
9,4952,250,-69.12456512451172,-0.2764982581138611,6.835352420806885,0.050000011920928955,1238000
9,4953,250,-51.77556610107422,-0.20710226893424988,8.099950790405273,0.050000011920928955,1238250
9,4954,250,-67.60615539550781,-0.27042463421821594,7.744494915008545,0.050000011920928955,1238500
9,4955,250,-114.36857604980469,-0.4574742913246155,7.4494805335998535,0.050000011920928955,1238750
9,4956,250,-65.41358184814453,-0.2616543173789978,7.308310031890869,0.050000011920928955,1239000
9,4957,250,25.81275177001953,0.10325101017951965,8.038508415222168,0.050000011920928955,1239250
9,4958,250,-498.2857971191406,-1.9931432008743286,7.461343288421631,0.050000011920928955,1239500
9,4959,250,-47.12790298461914,-0.18851161003112793,7.328458309173584,0.050000011920928955,1239750
9,4960,250,-101.6404800415039,-0.4065619111061096,7.162228584289551,0.050000011920928955,1240000
9,4961,250,-70.48290252685547,-0.281931608915329,8.207952499389648,0.050000011920928955,1240250
9,4962,250,-446.00457763671875,-1.7840182781219482,7.680719375610352,0.050000011920928955,1240500
9,4963,250,-140.2684326171875,-0.5610737204551697,7.38308572769165,0.050000011920928955,1240750
9,4964,250,-61.307010650634766,-0.24522803723812103,7.046370029449463,0.050000011920928955,1241000
9,4965,250,-39.95820236206055,-0.15983280539512634,8.321564674377441,0.050000011920928955,1241250
9,4966,250,-90.8145751953125,-0.3632583022117615,7.989587306976318,0.050000011920928955,1241500
9,4967,250,-45.81584548950195,-0.1832633763551712,8.022330284118652,0.050000011920928955,1241750
9,4968,250,1225.8955078125,4.9035820960998535,7.78080940246582,0.050000011920928955,1242000
9,4969,250,-108.56302642822266,-0.4342521131038666,8.204015731811523,0.050000011920928955,1242250
9,4970,250,-59.59070587158203,-0.23836281895637512,7.453287601470947,0.050000011920928955,1242500
9,4971,250,-59.53716278076172,-0.23814864456653595,7.9145426750183105,0.050000011920928955,1242750
9,4972,250,-87.41427612304688,-0.3496571183204651,7.857456207275391,0.050000011920928955,1243000
9,4973,250,-7.507938861846924,-0.030031755566596985,8.311165809631348,0.050000011920928955,1243250
9,4974,250,-24.404842376708984,-0.09761936962604523,7.710958957672119,0.050000011920928955,1243500
9,4975,250,1.0218186378479004,0.004087274428457022,7.6992926597595215,0.050000011920928955,1243750
9,4976,250,-44.71883010864258,-0.17887532711029053,7.551202297210693,0.050000011920928955,1244000
9,4977,250,-54.70152282714844,-0.21880608797073364,7.941361427307129,0.050000011920928955,1244250
9,4978,250,-51.26852798461914,-0.20507411658763885,7.847037315368652,0.050000011920928955,1244500
9,4979,250,-28.83098793029785,-0.11532395333051682,7.4104228019714355,0.050000011920928955,1244750
9,4980,250,-5.594646453857422,-0.0223785862326622,7.372015476226807,0.050000011920928955,1245000
9,4981,250,4.082857131958008,0.016331428661942482,7.742023944854736,0.050000011920928955,1245250
9,4982,250,-56.16680908203125,-0.2246672362089157,7.3582868576049805,0.050000011920928955,1245500
9,4983,250,-52.24290084838867,-0.20897160470485687,7.06589937210083,0.050000011920928955,1245750
9,4984,250,-22.16785430908203,-0.08867141604423523,7.157430648803711,0.050000011920928955,1246000
9,4985,250,-68.40240478515625,-0.27360960841178894,7.3638529777526855,0.050000011920928955,1246250
9,4986,250,-55.001895904541016,-0.22000758349895477,7.160146713256836,0.050000011920928955,1246500
9,4987,250,14.80056381225586,0.05920225381851196,6.807839393615723,0.050000011920928955,1246750
9,4988,250,146.34849548339844,0.5853939652442932,6.787125587463379,0.050000011920928955,1247000
9,4989,250,-40.00326919555664,-0.1600130796432495,6.965054988861084,0.050000011920928955,1247250
9,4990,250,-37.41474533081055,-0.14965897798538208,6.459348678588867,0.050000011920928955,1247500
9,4991,250,-33.552337646484375,-0.13420934975147247,6.319809436798096,0.050000011920928955,1247750
9,4992,250,22.546579360961914,0.09018632024526596,6.213163375854492,0.050000011920928955,1248000
9,4993,250,-108.01194763183594,-0.4320477843284607,6.65893030166626,0.050000011920928955,1248250
9,4994,250,3.6602723598480225,0.014641089364886284,6.324374198913574,0.050000011920928955,1248500
9,4995,250,-36.50968933105469,-0.14603875577449799,6.3128862380981445,0.050000011920928955,1248750
9,4996,250,17.98923110961914,0.07195692509412766,6.041066646575928,0.050000011920928955,1249000
9,4997,250,-151.09852600097656,-0.6043940782546997,6.678746700286865,0.050000011920928955,1249250
9,4998,250,-59.46392059326172,-0.2378556877374649,6.443181037902832,0.050000011920928955,1249500
9,4999,250,2.754244089126587,0.011016976088285446,6.4957756996154785,0.050000011920928955,1249750
9,5000,250,-25.925785064697266,-0.10370314121246338,6.32100772857666,0.050000011920928955,1250000
9,5001,250,79.48361206054688,0.31793445348739624,6.618894577026367,0.050000011920928955,1250250
9,5002,250,-63.00746154785156,-0.2520298361778259,6.527621269226074,0.050000011920928955,1250500
9,5003,250,-11.32352352142334,-0.04529409483075142,6.484246730804443,0.050000011920928955,1250750
9,5004,250,-2.4980404376983643,-0.009992161765694618,6.257193088531494,0.050000011920928955,1251000
9,5005,250,-66.97520446777344,-0.26790082454681396,6.885505676269531,0.050000011920928955,1251250
9,5006,250,-83.54461669921875,-0.33417847752571106,6.61346960067749,0.050000011920928955,1251500
9,5007,250,-34.4912109375,-0.13796484470367432,6.565046310424805,0.050000011920928955,1251750
9,5008,250,331.0049133300781,1.3240196704864502,6.308925628662109,0.050000011920928955,1252000
9,5009,250,-33.05763626098633,-0.13223055005073547,6.850607872009277,0.050000011920928955,1252250
9,5010,250,-9.932168006896973,-0.03972867131233215,6.558180332183838,0.050000011920928955,1252500
9,5011,250,-148.68560791015625,-0.5947424173355103,6.498086929321289,0.050000011920928955,1252750
9,5012,250,-4.053502082824707,-0.016214007511734962,5.90207052230835,0.050000011920928955,1253000
9,5013,250,-106.15901184082031,-0.42463603615760803,6.245180130004883,0.050000011920928955,1253250
9,5014,250,-48.90916061401367,-0.19563664495944977,6.2726545333862305,0.050000011920928955,1253500
9,5015,250,-48.52896499633789,-0.19411586225032806,5.882528305053711,0.050000011920928955,1253750
9,5016,250,-88.89666748046875,-0.3555866777896881,5.6379218101501465,0.050000011920928955,1254000
9,5017,250,-15.343496322631836,-0.061373986303806305,6.293119430541992,0.050000011920928955,1254250
9,5018,250,-13.216848373413086,-0.05286739394068718,6.204721927642822,0.050000011920928955,1254500
9,5019,250,-22.91611671447754,-0.09166446328163147,5.729732513427734,0.050000011920928955,1254750
9,5020,250,97.3046875,0.3892187476158142,5.962223529815674,0.050000011920928955,1255000
9,5021,250,-56.570396423339844,-0.22628158330917358,6.3963727951049805,0.050000011920928955,1255250
9,5022,250,-24.268190383911133,-0.09707276523113251,6.028204917907715,0.050000011920928955,1255500
9,5023,250,-14.548346519470215,-0.0581933856010437,6.168513298034668,0.050000011920928955,1255750
9,5024,250,44.28196334838867,0.17712785303592682,5.994260787963867,0.050000011920928955,1256000
9,5025,250,-62.083133697509766,-0.24833253026008606,5.923442840576172,0.050000011920928955,1256250
9,5026,250,-20.64813995361328,-0.08259256184101105,5.738032341003418,0.050000011920928955,1256500
9,5027,250,-78.90646362304688,-0.3156258463859558,5.720890045166016,0.050000011920928955,1256750
9,5028,250,-29.00872802734375,-0.11603491008281708,5.537038803100586,0.050000011920928955,1257000
9,5029,250,42.48966979980469,0.1699586808681488,6.053018093109131,0.050000011920928955,1257250
9,5030,250,-52.03959655761719,-0.20815838873386383,5.6904072761535645,0.050000011920928955,1257500
9,5031,250,-252.45201110839844,-1.00980806350708,5.736804008483887,0.050000011920928955,1257750
9,5032,250,-42.51753234863281,-0.1700701266527176,5.66769552230835,0.050000011920928955,1258000
9,5033,250,-37.18564987182617,-0.14874260127544403,6.026702404022217,0.050000011920928955,1258250
9,5034,250,-131.3228302001953,-0.5252913236618042,5.865283012390137,0.050000011920928955,1258500
9,5035,250,-70.49989318847656,-0.2819995582103729,5.813939094543457,0.050000011920928955,1258750
9,5036,250,8.884807586669922,0.035539232194423676,5.520953178405762,0.050000011920928955,1259000
9,5037,250,19.06837272644043,0.07627349346876144,5.855222225189209,0.050000011920928955,1259250
9,5038,250,-23.167936325073242,-0.09267174452543259,5.763854026794434,0.050000011920928955,1259500
9,5039,250,-30.354995727539062,-0.1214199811220169,5.484420299530029,0.050000011920928955,1259750
9,5040,250,-52.393375396728516,-0.20957350730895996,5.466066837310791,0.050000011920928955,1260000
9,5041,250,-6.262558460235596,-0.02505023404955864,5.573981285095215,0.050000011920928955,1260250
9,5042,250,173.22117614746094,0.6928846836090088,5.265970706939697,0.050000011920928955,1260500
9,5043,250,-14.734323501586914,-0.05893729254603386,5.189142227172852,0.050000011920928955,1260750
9,5044,250,-4.318839073181152,-0.017275355756282806,5.34663724899292,0.050000011920928955,1261000
9,5045,250,17.5384521484375,0.07015381008386612,5.405897617340088,0.050000011920928955,1261250
9,5046,250,-9.008678436279297,-0.0360347144305706,5.016070365905762,0.050000011920928955,1261500
9,5047,250,-29.0123348236084,-0.11604934185743332,5.1396565437316895,0.050000011920928955,1261750
9,5048,250,8.818290710449219,0.03527316451072693,5.176802158355713,0.050000011920928955,1262000
9,5049,250,-8.117873191833496,-0.032471492886543274,5.302980899810791,0.050000011920928955,1262250
9,5050,250,18.39875030517578,0.07359500229358673,5.146346569061279,0.050000011920928955,1262500
9,5051,250,-33.0384521484375,-0.13215380907058716,5.069921493530273,0.050000011920928955,1262750
9,5052,250,13.550026893615723,0.05420010909438133,4.957831859588623,0.050000011920928955,1263000
9,5053,250,204.7386016845703,0.8189544081687927,5.215698719024658,0.050000011920928955,1263250
9,5054,250,-19.257925033569336,-0.0770317018032074,5.0488810539245605,0.050000011920928955,1263500
9,5055,250,33.121604919433594,0.13248641788959503,5.035276412963867,0.050000011920928955,1263750
9,5056,250,56.05779266357422,0.22423116862773895,4.811954021453857,0.050000011920928955,1264000
9,5057,250,-21.14447021484375,-0.08457788079977036,5.269021511077881,0.050000011920928955,1264250
9,5058,250,29.533897399902344,0.11813558638095856,5.0780181884765625,0.050000011920928955,1264500
9,5059,250,991.4010620117188,3.965604305267334,5.045340061187744,0.050000011920928955,1264750
9,5060,250,-42.732337951660156,-0.17092935740947723,5.010245323181152,0.050000011920928955,1265000
9,5061,250,-50.54313659667969,-0.20217254757881165,5.289275646209717,0.050000011920928955,1265250
9,5062,250,19.102296829223633,0.07640919089317322,5.203319549560547,0.050000011920928955,1265500
9,5063,250,-32.83649444580078,-0.1313459724187851,5.022133827209473,0.050000011920928955,1265750
9,5064,250,-6.494871616363525,-0.025979487225413322,5.17045259475708,0.050000011920928955,1266000
9,5065,250,-41.25934600830078,-0.1650373786687851,5.2283244132995605,0.050000011920928955,1266250
9,5066,250,-54.54948043823242,-0.21819792687892914,5.234945774078369,0.050000011920928955,1266500
9,5067,250,55.38538360595703,0.22154153883457184,5.232798099517822,0.050000011920928955,1266750
9,5068,250,17.012296676635742,0.06804918497800827,5.2669901847839355,0.050000011920928955,1267000
9,5069,250,-52.10157775878906,-0.20840631425380707,5.390984535217285,0.050000011920928955,1267250
9,5070,250,105.81768035888672,0.42327073216438293,5.263637065887451,0.050000011920928955,1267500
9,5071,250,-36.84162139892578,-0.1473664790391922,5.350099563598633,0.050000011920928955,1267750
9,5072,250,-33.99767303466797,-0.1359906941652298,5.237410068511963,0.050000011920928955,1268000
9,5073,250,-2.3383803367614746,-0.009353521279990673,5.5895094871521,0.050000011920928955,1268250
9,5074,250,-78.02418518066406,-0.3120967447757721,5.423085689544678,0.050000011920928955,1268500
9,5075,250,-130.5992889404297,-0.5223971605300903,5.484097003936768,0.050000011920928955,1268750
9,5076,250,-38.53524398803711,-0.15414097905158997,5.379506587982178,0.050000011920928955,1269000
9,5077,250,-53.11632537841797,-0.212465301156044,5.639657020568848,0.050000011920928955,1269250
9,5078,250,24.237913131713867,0.09695165604352951,5.611392974853516,0.050000011920928955,1269500
9,5079,250,6.312598705291748,0.025250393897294998,5.220025539398193,0.050000011920928955,1269750
9,5080,250,5.499168872833252,0.021996675059199333,5.327658653259277,0.050000011920928955,1270000
9,5081,250,-31.341218948364258,-0.12536486983299255,5.6215739250183105,0.050000011920928955,1270250
9,5082,250,-35.68897247314453,-0.1427558958530426,5.6142120361328125,0.050000011920928955,1270500
9,5083,250,-90.13589477539062,-0.3605435788631439,5.512280464172363,0.050000011920928955,1270750
9,5084,250,-86.45111083984375,-0.34580445289611816,5.450490474700928,0.050000011920928955,1271000
9,5085,250,39.65451431274414,0.15861806273460388,5.670383930206299,0.050000011920928955,1271250
9,5086,250,-81.56641387939453,-0.3262656629085541,5.817549228668213,0.050000011920928955,1271500
9,5087,250,55.908592224121094,0.22363436222076416,5.425682067871094,0.050000011920928955,1271750
9,5088,250,-57.09811019897461,-0.22839243710041046,5.326764106750488,0.050000011920928955,1272000
9,5089,250,-15.506708145141602,-0.06202683225274086,5.610912322998047,0.050000011920928955,1272250
9,5090,250,-63.94207763671875,-0.2557682991027832,5.3197712898254395,0.050000011920928955,1272500
9,5091,250,-12.017438888549805,-0.04806975647807121,5.53294038772583,0.050000011920928955,1272750
9,5092,250,-45.82944107055664,-0.18331776559352875,5.548968315124512,0.050000011920928955,1273000
9,5093,250,-35.54470443725586,-0.14217881858348846,5.63950777053833,0.050000011920928955,1273250
9,5094,250,25.07632064819336,0.10030528157949448,5.43321418762207,0.050000011920928955,1273500
9,5095,250,-51.882240295410156,-0.2075289636850357,5.402987480163574,0.050000011920928955,1273750
9,5096,250,47.7049674987793,0.1908198744058609,5.132512092590332,0.050000011920928955,1274000
9,5097,250,-7.402215480804443,-0.029608862474560738,5.587116241455078,0.050000011920928955,1274250
9,5098,250,30.76776123046875,0.12307104468345642,5.198559761047363,0.050000011920928955,1274500
9,5099,250,-68.4281997680664,-0.27371281385421753,5.314640045166016,0.050000011920928955,1274750
9,5100,250,-77.5181884765625,-0.31007274985313416,5.522507667541504,0.050000011920928955,1275000
9,5101,250,0.6990172863006592,0.0027960692532360554,5.532639980316162,0.050000011920928955,1275250
9,5102,250,-41.204734802246094,-0.16481894254684448,5.177984237670898,0.050000011920928955,1275500
9,5103,250,11.067646980285645,0.0442705862224102,5.183994770050049,0.050000011920928955,1275750
9,5104,250,39.289188385009766,0.15715675055980682,5.349886894226074,0.050000011920928955,1276000
9,5105,250,-44.820701599121094,-0.1792827993631363,5.432543754577637,0.050000011920928955,1276250
9,5106,250,-55.8101806640625,-0.2232407182455063,5.2383904457092285,0.050000011920928955,1276500
9,5107,250,-2.0725197792053223,-0.008290079422295094,5.364996910095215,0.050000011920928955,1276750
9,5108,250,80.35419464111328,0.3214167654514313,5.268851280212402,0.050000011920928955,1277000
9,5109,250,33.28659439086914,0.13314637541770935,5.114805221557617,0.050000011920928955,1277250
9,5110,250,-24.024093627929688,-0.09609637409448624,5.030507564544678,0.050000011920928955,1277500
9,5111,250,-94.38124084472656,-0.3775249719619751,4.811160564422607,0.050000011920928955,1277750
9,5112,250,47.83942794799805,0.19135771691799164,4.852224349975586,0.050000011920928955,1278000
9,5113,250,-5.185173034667969,-0.02074069157242775,5.273634433746338,0.050000011920928955,1278250
9,5114,250,18.785568237304688,0.0751422718167305,5.012638568878174,0.050000011920928955,1278500
9,5115,250,-58.890533447265625,-0.23556213080883026,4.830583572387695,0.050000011920928955,1278750
9,5116,250,-10.415977478027344,-0.04166391119360924,4.969812393188477,0.050000011920928955,1279000
9,5117,250,-76.60131072998047,-0.306405246257782,5.4357171058654785,0.050000011920928955,1279250
9,5118,250,-4.652785301208496,-0.018611140549182892,4.95736026763916,0.050000011920928955,1279500
9,5119,250,-32.629722595214844,-0.13051888346672058,5.153225898742676,0.050000011920928955,1279750
9,5120,250,5.905546188354492,0.023622184991836548,5.124037265777588,0.050000011920928955,1280000
9,5121,250,7.144196033477783,0.02857678383588791,5.501662254333496,0.050000011920928955,1280250
9,5122,250,-116.08263397216797,-0.4643305242061615,5.353024482727051,0.050000011920928955,1280500
9,5123,250,77.47157287597656,0.30988627672195435,5.19879674911499,0.050000011920928955,1280750
9,5124,250,-7.245849609375,-0.028983399271965027,5.190362453460693,0.050000011920928955,1281000
9,5125,250,-2.943953514099121,-0.01177581399679184,5.66570520401001,0.050000011920928955,1281250
9,5126,250,-55.36240005493164,-0.2214495986700058,5.379965782165527,0.050000011920928955,1281500
9,5127,250,-42.1789436340332,-0.16871577501296997,5.389773845672607,0.050000011920928955,1281750
9,5128,250,-37.89946365356445,-0.15159785747528076,5.356841564178467,0.050000011920928955,1282000
9,5129,250,-52.3763427734375,-0.2095053642988205,5.767313003540039,0.050000011920928955,1282250
9,5130,250,-48.44404220581055,-0.1937761753797531,5.65669059753418,0.050000011920928955,1282500
9,5131,250,-119.00997924804688,-0.47603991627693176,5.545523166656494,0.050000011920928955,1282750
9,5132,250,-109.21661376953125,-0.4368664622306824,5.561919689178467,0.050000011920928955,1283000
9,5133,250,-92.83917236328125,-0.37135669589042664,5.624706268310547,0.050000011920928955,1283250
9,5134,250,-147.34103393554688,-0.5893641114234924,5.676813125610352,0.050000011920928955,1283500
9,5135,250,-30.652164459228516,-0.12260865420103073,5.496535778045654,0.050000011920928955,1283750
9,5136,250,-163.67575073242188,-0.6547030210494995,5.519627571105957,0.050000011920928955,1284000
9,5137,250,-42.249752044677734,-0.16899900138378143,5.4390363693237305,0.050000011920928955,1284250
9,5138,250,-108.22039794921875,-0.43288159370422363,5.205295562744141,0.050000011920928955,1284500
9,5139,250,42.18075942993164,0.16872303187847137,5.230590343475342,0.050000011920928955,1284750
9,5140,250,-57.52880096435547,-0.23011520504951477,5.192419052124023,0.050000011920928955,1285000
9,5141,250,-7.88515043258667,-0.03154060244560242,5.4710001945495605,0.050000011920928955,1285250
9,5142,250,-33.033363342285156,-0.13213345408439636,5.083967685699463,0.050000011920928955,1285500
9,5143,250,24.732742309570312,0.0989309698343277,5.348992824554443,0.050000011920928955,1285750
9,5144,250,-42.71534729003906,-0.1708613932132721,5.249367713928223,0.050000011920928955,1286000
9,5145,250,-26.659255981445312,-0.10663702338933945,5.305359840393066,0.050000011920928955,1286250
9,5146,250,288.9897766113281,1.155959129333496,5.075450420379639,0.050000011920928955,1286500
9,5147,250,-18.923696517944336,-0.07569478452205658,5.0102763175964355,0.050000011920928955,1286750
9,5148,250,-20.278635025024414,-0.08111453801393509,5.006277084350586,0.050000011920928955,1287000
9,5149,250,27.913148880004883,0.11165259778499603,5.323632717132568,0.050000011920928955,1287250
9,5150,250,16.66867446899414,0.06667469441890717,4.953895092010498,0.050000011920928955,1287500
9,5151,250,88.96871185302734,0.35587483644485474,5.111201286315918,0.050000011920928955,1287750
9,5152,250,18.34259796142578,0.07337038964033127,5.153979301452637,0.050000011920928955,1288000
9,5153,250,-36.52207565307617,-0.14608830213546753,5.277106761932373,0.050000011920928955,1288250
9,5154,250,-18.27338981628418,-0.07309355586767197,4.8219170570373535,0.050000011920928955,1288500
9,5155,250,-53.08474349975586,-0.21233896911144257,4.947995185852051,0.050000011920928955,1288750
9,5156,250,-34.097415924072266,-0.13638965785503387,4.889734268188477,0.050000011920928955,1289000
9,5157,250,41.18117141723633,0.1647246927022934,5.152230262756348,0.050000011920928955,1289250
9,5158,250,-39.780364990234375,-0.15912145376205444,5.042600154876709,0.050000011920928955,1289500
9,5159,250,-16.99538230895996,-0.0679815262556076,4.823463439941406,0.050000011920928955,1289750
9,5160,250,-23.171464920043945,-0.09268586337566376,5.152594566345215,0.050000011920928955,1290000
9,5161,250,-52.81929397583008,-0.21127717196941376,5.075267791748047,0.050000011920928955,1290250
9,5162,250,-46.46961212158203,-0.1858784556388855,4.885974884033203,0.050000011920928955,1290500
9,5163,250,70.6810302734375,0.2827241122722626,5.082698345184326,0.050000011920928955,1290750
9,5164,250,-31.107105255126953,-0.12442842125892639,5.0291056632995605,0.050000011920928955,1291000
9,5165,250,-61.79762268066406,-0.24719049036502838,5.31737756729126,0.050000011920928955,1291250
9,5166,250,-42.34846878051758,-0.1693938821554184,4.896683216094971,0.050000011920928955,1291500
9,5167,250,-48.586875915527344,-0.19434750080108643,4.8534369468688965,0.050000011920928955,1291750
9,5168,250,16.24162483215332,0.06496649980545044,4.780680179595947,0.050000011920928955,1292000
9,5169,250,-33.46455383300781,-0.13385821878910065,5.181782245635986,0.050000011920928955,1292250
9,5170,250,-28.612199783325195,-0.11444880068302155,5.1541829109191895,0.050000011920928955,1292500
9,5171,250,-22.52578353881836,-0.0901031345129013,5.064276218414307,0.050000011920928955,1292750
9,5172,250,-69.51844787597656,-0.278073787689209,5.128133773803711,0.050000011920928955,1293000
9,5173,250,-56.439491271972656,-0.22575797140598297,5.190135478973389,0.050000011920928955,1293250
9,5174,250,-83.19464874267578,-0.33277860283851624,5.215087890625,0.050000011920928955,1293500
9,5175,250,-110.39096069335938,-0.44156384468078613,5.0677900314331055,0.050000011920928955,1293750
9,5176,250,-52.54054641723633,-0.2101621925830841,5.220269203186035,0.050000011920928955,1294000
9,5177,250,-43.90459060668945,-0.17561836540699005,5.362599849700928,0.050000011920928955,1294250
9,5178,250,-51.93791961669922,-0.20775167644023895,5.229033470153809,0.050000011920928955,1294500
9,5179,250,-3.4034934043884277,-0.013613973744213581,5.105405330657959,0.050000011920928955,1294750
9,5180,250,-39.167503356933594,-0.15667001903057098,5.24862003326416,0.050000011920928955,1295000
9,5181,250,-50.29339599609375,-0.2011735886335373,5.496379375457764,0.050000011920928955,1295250
9,5182,250,-61.67010498046875,-0.24668042361736298,5.3895416259765625,0.050000011920928955,1295500
9,5183,250,-95.00464630126953,-0.38001859188079834,5.278591632843018,0.050000011920928955,1295750
9,5184,250,-81.53300476074219,-0.32613202929496765,5.15900993347168,0.050000011920928955,1296000
9,5185,250,-65.81675720214844,-0.26326704025268555,5.68478536605835,0.050000011920928955,1296250
9,5186,250,-47.43596267700195,-0.18974384665489197,5.575538158416748,0.050000011920928955,1296500
9,5187,250,-15.180299758911133,-0.060721199959516525,5.294253826141357,0.050000011920928955,1296750
9,5188,250,116.8543472290039,0.4674173891544342,5.205745220184326,0.050000011920928955,1297000
9,5189,250,-86.36245727539062,-0.345449835062027,5.64398717880249,0.050000011920928955,1297250
9,5190,250,-72.56449890136719,-0.29025799036026,5.5663580894470215,0.050000011920928955,1297500
9,5191,250,-51.614173889160156,-0.20645669102668762,5.454316139221191,0.050000011920928955,1297750
9,5192,250,-120.59156036376953,-0.4823662340641022,5.410620212554932,0.050000011920928955,1298000
9,5193,250,91.26007843017578,0.36504030227661133,6.039272785186768,0.050000011920928955,1298250
9,5194,250,-23.389476776123047,-0.09355790913105011,5.587540149688721,0.050000011920928955,1298500
9,5195,250,-29.39399528503418,-0.1175759807229042,5.51810884475708,0.050000011920928955,1298750
9,5196,250,-62.364620208740234,-0.24945847690105438,5.605924129486084,0.050000011920928955,1299000
9,5197,250,-89.56253814697266,-0.35825014114379883,5.885892868041992,0.050000011920928955,1299250
9,5198,250,-63.670841217041016,-0.25468337535858154,5.690056324005127,0.050000011920928955,1299500
9,5199,250,-119.75270080566406,-0.47901079058647156,5.699915409088135,0.050000011920928955,1299750
9,5200,250,-55.668190002441406,-0.22267276048660278,5.5097761154174805,0.050000011920928955,1300000
9,5201,250,-37.02157974243164,-0.1480863243341446,6.002203464508057,0.050000011920928955,1300250
9,5202,250,37.464317321777344,0.1498572677373886,5.871809005737305,0.050000011920928955,1300500
9,5203,250,-81.5808334350586,-0.32632333040237427,5.635474681854248,0.050000011920928955,1300750
9,5204,250,-126.25252532958984,-0.5050101280212402,5.457228660583496,0.050000011920928955,1301000
9,5205,250,59.163875579833984,0.23665550351142883,5.699655055999756,0.050000011920928955,1301250
9,5206,250,-62.9719352722168,-0.2518877387046814,5.457176685333252,0.050000011920928955,1301500
9,5207,250,-47.389991760253906,-0.1895599663257599,5.453951358795166,0.050000011920928955,1301750
9,5208,250,-57.464962005615234,-0.2298598438501358,5.276706695556641,0.050000011920928955,1302000
9,5209,250,-35.05921936035156,-0.14023688435554504,5.715292453765869,0.050000011920928955,1302250
9,5210,250,-48.49708938598633,-0.1939883530139923,5.535233974456787,0.050000011920928955,1302500
9,5211,250,201.802734375,0.8072109222412109,5.265255451202393,0.050000011920928955,1302750
9,5212,250,-51.53773498535156,-0.20615093410015106,5.210432529449463,0.050000011920928955,1303000
9,5213,250,-45.197792053222656,-0.18079116940498352,5.996049404144287,0.050000011920928955,1303250
9,5214,250,-86.25204467773438,-0.34500816464424133,5.5386457443237305,0.050000011920928955,1303500
9,5215,250,-57.98699188232422,-0.23194797337055206,5.275058746337891,0.050000011920928955,1303750
9,5216,250,-49.10581970214844,-0.19642327725887299,5.355546951293945,0.050000011920928955,1304000
9,5217,250,-55.0584716796875,-0.22023388743400574,6.020532131195068,0.050000011920928955,1304250
9,5218,250,40.57879638671875,0.16231518983840942,5.771827220916748,0.050000011920928955,1304500
9,5219,250,-106.19061279296875,-0.42476245760917664,5.478578090667725,0.050000011920928955,1304750
9,5220,250,-52.803157806396484,-0.2112126350402832,5.334871768951416,0.050000011920928955,1305000
9,5221,250,-112.79501342773438,-0.45118004083633423,6.270779609680176,0.050000011920928955,1305250
9,5222,250,-65.48667907714844,-0.2619467079639435,5.8471174240112305,0.050000011920928955,1305500
9,5223,250,-65.1668701171875,-0.26066747307777405,5.630701541900635,0.050000011920928955,1305750
9,5224,250,-93.95529174804688,-0.37582117319107056,5.682785511016846,0.050000011920928955,1306000
9,5225,250,-498.7530822753906,-1.9950122833251953,5.788616180419922,0.050000011920928955,1306250
9,5226,250,-110.68721008300781,-0.4427488446235657,5.485400676727295,0.050000011920928955,1306500
9,5227,250,-80.00756072998047,-0.32003024220466614,5.478159427642822,0.050000011920928955,1306750
9,5228,250,-29.073671340942383,-0.11629468202590942,5.379044055938721,0.050000011920928955,1307000
9,5229,250,-29.796398162841797,-0.11918558925390244,5.616249084472656,0.050000011920928955,1307250
9,5230,250,-40.666316986083984,-0.1626652628183365,5.364129066467285,0.050000011920928955,1307500
9,5231,250,-11.058626174926758,-0.0442345030605793,5.069580078125,0.050000011920928955,1307750
9,5232,250,-62.00587463378906,-0.24802349507808685,5.053002834320068,0.050000011920928955,1308000
9,5233,250,-45.665924072265625,-0.182663694024086,5.223646640777588,0.050000011920928955,1308250
9,5234,250,-34.457801818847656,-0.1378312110900879,5.155096054077148,0.050000011920928955,1308500
9,5235,250,-69.22257232666016,-0.27689027786254883,5.006173133850098,0.050000011920928955,1308750
9,5236,250,-5.4404296875,-0.02176171913743019,4.886990070343018,0.050000011920928955,1309000
9,5237,250,-44.94688034057617,-0.1797875165939331,5.151812553405762,0.050000011920928955,1309250
9,5238,250,-55.820518493652344,-0.2232820689678192,5.033987045288086,0.050000011920928955,1309500
9,5239,250,-65.80817413330078,-0.2632327079772949,4.822772979736328,0.050000011920928955,1309750
9,5240,250,-93.72428131103516,-0.3748971223831177,4.7575764656066895,0.050000011920928955,1310000
9,5241,250,926.7985229492188,3.7071940898895264,5.362405300140381,0.050000011920928955,1310250
9,5242,250,-23.906543731689453,-0.09562617540359497,5.0243000984191895,0.050000011920928955,1310500
9,5243,250,-39.74896240234375,-0.1589958518743515,4.555929660797119,0.050000011920928955,1310750
9,5244,250,-0.06165647506713867,-0.00024662588839419186,4.749204158782959,0.050000011920928955,1311000
9,5245,250,-89.14266967773438,-0.35657069087028503,5.29128360748291,0.050000011920928955,1311250
9,5246,250,-84.3297348022461,-0.33731892704963684,4.78445291519165,0.050000011920928955,1311500
9,5247,250,-91.26945495605469,-0.36507782340049744,4.708213806152344,0.050000011920928955,1311750
9,5248,250,111.11719512939453,0.44446876645088196,4.655137062072754,0.050000011920928955,1312000
9,5249,250,-8.766998291015625,-0.03506799414753914,5.007097244262695,0.050000011920928955,1312250
9,5250,250,-42.88933181762695,-0.17155732214450836,4.713855743408203,0.050000011920928955,1312500
9,5251,250,-12.532478332519531,-0.05012991279363632,4.7106404304504395,0.050000011920928955,1312750
9,5252,250,-93.95684814453125,-0.3758274018764496,4.878846168518066,0.050000011920928955,1313000
9,5253,250,-30.123727798461914,-0.12049490958452225,4.974145412445068,0.050000011920928955,1313250
9,5254,250,-64.35138702392578,-0.257405549287796,4.831089019775391,0.050000011920928955,1313500
9,5255,250,-91.56112670898438,-0.36624449491500854,4.867156505584717,0.050000011920928955,1313750
9,5256,250,309.860595703125,1.2394423484802246,4.699789047241211,0.050000011920928955,1314000
9,5257,250,-86.65106201171875,-0.34660425782203674,4.890866279602051,0.050000011920928955,1314250
9,5258,250,-24.839176177978516,-0.09935670346021652,4.830294609069824,0.050000011920928955,1314500
9,5259,250,-7.845076560974121,-0.0313803069293499,4.6848273277282715,0.050000011920928955,1314750
9,5260,250,-47.95493698120117,-0.19181974232196808,4.795423984527588,0.050000011920928955,1315000
9,5261,250,-97.6851577758789,-0.39074063301086426,5.31527042388916,0.050000011920928955,1315250
9,5262,250,-94.74723815917969,-0.37898895144462585,5.215834140777588,0.050000011920928955,1315500
9,5263,250,-71.33817291259766,-0.2853526771068573,5.084270477294922,0.050000011920928955,1315750
9,5264,250,-69.17057037353516,-0.2766822874546051,4.842918872833252,0.050000011920928955,1316000
9,5265,250,-97.31231689453125,-0.3892492651939392,5.891650676727295,0.050000011920928955,1316250
9,5266,250,-77.46074676513672,-0.309842973947525,5.486575126647949,0.050000011920928955,1316500
9,5267,250,-93.94940185546875,-0.3757975995540619,5.462247848510742,0.050000011920928955,1316750
9,5268,250,-67.76416778564453,-0.2710566818714142,5.343473434448242,0.050000011920928955,1317000
9,5269,250,-110.24687957763672,-0.4409875273704529,5.631165981292725,0.050000011920928955,1317250
9,5270,250,-37.27490234375,-0.14909960329532623,5.579349994659424,0.050000011920928955,1317500
9,5271,250,-57.189151763916016,-0.2287566065788269,5.378745079040527,0.050000011920928955,1317750
9,5272,250,-117.88367462158203,-0.47153469920158386,5.290676593780518,0.050000011920928955,1318000
9,5273,250,-35.40412521362305,-0.14161649346351624,6.026269435882568,0.050000011920928955,1318250
9,5274,250,-128.74468994140625,-0.5149787664413452,5.776647567749023,0.050000011920928955,1318500
9,5275,250,-76.72333526611328,-0.30689334869384766,5.75235652923584,0.050000011920928955,1318750
9,5276,250,-59.98415756225586,-0.23993663489818573,5.470694065093994,0.050000011920928955,1319000
9,5277,250,-78.92498779296875,-0.315699964761734,5.8533124923706055,0.050000011920928955,1319250
9,5278,250,-117.30744171142578,-0.4692297577857971,5.512289047241211,0.050000011920928955,1319500
9,5279,250,-65.4135971069336,-0.2616543769836426,5.355607509613037,0.050000011920928955,1319750
9,5280,250,-96.0986557006836,-0.3843946158885956,4.990000247955322,0.050000011920928955,1320000
9,5281,250,-85.28658294677734,-0.341146320104599,5.919278144836426,0.050000011920928955,1320250
9,5282,250,-133.88906860351562,-0.5355562567710876,5.574051856994629,0.050000011920928955,1320500
9,5283,250,-66.16683959960938,-0.2646673619747162,5.174685955047607,0.050000011920928955,1320750
9,5284,250,-43.1048698425293,-0.172419473528862,5.070706367492676,0.050000011920928955,1321000
9,5285,250,-55.94459915161133,-0.2237783968448639,5.759875297546387,0.050000011920928955,1321250
9,5286,250,-42.59267044067383,-0.1703706830739975,5.900141716003418,0.050000011920928955,1321500
9,5287,250,-38.43680953979492,-0.15374723076820374,5.463932514190674,0.050000011920928955,1321750
9,5288,250,-26.806135177612305,-0.10722453892230988,5.372397422790527,0.050000011920928955,1322000
9,5289,250,-55.96059036254883,-0.22384236752986908,5.613152503967285,0.050000011920928955,1322250
9,5290,250,-81.38534545898438,-0.3255413770675659,5.499294757843018,0.050000011920928955,1322500
9,5291,250,-47.87688446044922,-0.19150753319263458,5.423626899719238,0.050000011920928955,1322750
9,5292,250,-17.6278076171875,-0.07051122933626175,5.262134552001953,0.050000011920928955,1323000
9,5293,250,-94.8656997680664,-0.3794628083705902,5.438191890716553,0.050000011920928955,1323250
9,5294,250,-40.561161041259766,-0.16224464774131775,5.160828590393066,0.050000011920928955,1323500
9,5295,250,-37.52738571166992,-0.15010954439640045,4.979611873626709,0.050000011920928955,1323750
9,5296,250,-58.9734992980957,-0.23589399456977844,4.961304664611816,0.050000011920928955,1324000
9,5297,250,-25.498577117919922,-0.10199430584907532,5.442245960235596,0.050000011920928955,1324250
9,5298,250,-47.32539749145508,-0.18930159509181976,4.921276569366455,0.050000011920928955,1324500
9,5299,250,-41.199867248535156,-0.16479946672916412,4.852806568145752,0.050000011920928955,1324750
9,5300,250,-62.587406158447266,-0.25034961104393005,4.769773960113525,0.050000011920928955,1325000
9,5301,250,-94.16266632080078,-0.3766506612300873,5.489107131958008,0.050000011920928955,1325250
9,5302,250,-26.02992820739746,-0.10411971062421799,4.852350234985352,0.050000011920928955,1325500
9,5303,250,157.21949768066406,0.6288779973983765,4.746367454528809,0.050000011920928955,1325750
9,5304,250,-26.926902770996094,-0.10770761221647263,4.758798599243164,0.050000011920928955,1326000
9,5305,250,59.02858352661133,0.23611433804035187,4.976109504699707,0.050000011920928955,1326250
9,5306,250,133.92782592773438,0.5357112884521484,4.982868194580078,0.050000011920928955,1326500
9,5307,250,-37.008636474609375,-0.14803454279899597,4.678033351898193,0.050000011920928955,1326750
9,5308,250,14.07056999206543,0.05628227815032005,4.844974994659424,0.050000011920928955,1327000
9,5309,250,139.93759155273438,0.5597503781318665,5.235933303833008,0.050000011920928955,1327250
9,5310,250,-69.30731201171875,-0.2772292494773865,4.984920024871826,0.050000011920928955,1327500
9,5311,250,56.1953125,0.22478124499320984,5.051607131958008,0.050000011920928955,1327750
9,5312,250,-51.81831741333008,-0.20727327466011047,4.901910781860352,0.050000011920928955,1328000
9,5313,250,-117.50127410888672,-0.4700050950050354,5.17820930480957,0.050000011920928955,1328250
9,5314,250,-43.63077926635742,-0.17452311515808105,4.930903434753418,0.050000011920928955,1328500
9,5315,250,-33.65637969970703,-0.13462552428245544,5.086783409118652,0.050000011920928955,1328750
9,5316,250,-5.610067367553711,-0.022440269589424133,5.077976703643799,0.050000011920928955,1329000
9,5317,250,24.63626480102539,0.09854505956172943,5.130568981170654,0.050000011920928955,1329250
9,5318,250,267.36566162109375,1.0694626569747925,4.976954936981201,0.050000011920928955,1329500
9,5319,250,17.82366180419922,0.07129465043544769,5.029778957366943,0.050000011920928955,1329750
9,5320,250,113.47142028808594,0.45388567447662354,5.123520851135254,0.050000011920928955,1330000
9,5321,250,-46.19060516357422,-0.18476241827011108,5.461510181427002,0.050000011920928955,1330250
9,5322,250,-29.054222106933594,-0.11621689051389694,5.101434230804443,0.050000011920928955,1330500
9,5323,250,-36.5046272277832,-0.14601850509643555,5.01359224319458,0.050000011920928955,1330750
9,5324,250,-59.968631744384766,-0.23987452685832977,5.310769557952881,0.050000011920928955,1331000
9,5325,250,79.38597869873047,0.3175439238548279,5.50598669052124,0.050000011920928955,1331250
9,5326,250,5.178413391113281,0.020713653415441513,5.266705513000488,0.050000011920928955,1331500
9,5327,250,19.01833724975586,0.07607334852218628,5.361260890960693,0.050000011920928955,1331750
9,5328,250,-65.87371063232422,-0.2634948492050171,5.054993629455566,0.050000011920928955,1332000
9,5329,250,-9.723594665527344,-0.038894377648830414,5.4805426597595215,0.050000011920928955,1332250
9,5330,250,-6.945101737976074,-0.027780406177043915,5.456818580627441,0.050000011920928955,1332500
9,5331,250,49.242820739746094,0.19697128236293793,5.10604190826416,0.050000011920928955,1332750
9,5332,250,1.074293613433838,0.004297174513339996,5.540525436401367,0.050000011920928955,1333000
9,5333,250,-0.7537239789962769,-0.0030148958321660757,5.705294132232666,0.050000011920928955,1333250
9,5334,250,-41.15776443481445,-0.16463105380535126,5.293354034423828,0.050000011920928955,1333500
9,5335,250,-31.931039810180664,-0.12772415578365326,5.083403587341309,0.050000011920928955,1333750
9,5336,250,-3.887758255004883,-0.015551033429801464,5.223007678985596,0.050000011920928955,1334000
9,5337,250,-30.11168098449707,-0.12044672667980194,5.545502662658691,0.050000011920928955,1334250
9,5338,250,-48.768192291259766,-0.19507277011871338,5.204041957855225,0.050000011920928955,1334500
9,5339,250,-0.783072292804718,-0.0031322892755270004,5.005298137664795,0.050000011920928955,1334750
9,5340,250,-44.062252044677734,-0.17624901235103607,5.1767449378967285,0.050000011920928955,1335000
9,5341,250,-32.38294219970703,-0.12953177094459534,5.433943748474121,0.050000011920928955,1335250
9,5342,250,-0.016875743865966797,-6.750297325197607e-05,5.0950927734375,0.050000011920928955,1335500
9,5343,250,-16.14976692199707,-0.06459906697273254,4.778811931610107,0.050000011920928955,1335750
9,5344,250,-26.202892303466797,-0.10481157153844833,4.946889400482178,0.050000011920928955,1336000
9,5345,250,-60.76824188232422,-0.243072971701622,5.008767604827881,0.050000011920928955,1336250
9,5346,250,75.9629135131836,0.3038516640663147,4.567984104156494,0.050000011920928955,1336500
9,5347,250,-83.8490982055664,-0.3353963792324066,4.567239761352539,0.050000011920928955,1336750
9,5348,250,-42.463199615478516,-0.16985279321670532,4.596471309661865,0.050000011920928955,1337000
9,5349,250,-8.28725814819336,-0.03314903378486633,4.954110622406006,0.050000011920928955,1337250
9,5350,250,-41.55481719970703,-0.16621926426887512,4.571017742156982,0.050000011920928955,1337500
9,5351,250,-56.540340423583984,-0.22616136074066162,4.486386775970459,0.050000011920928955,1337750
9,5352,250,-47.200462341308594,-0.1888018548488617,4.508664131164551,0.050000011920928955,1338000
9,5353,250,-18.67054557800293,-0.07468218356370926,5.156651020050049,0.050000011920928955,1338250
9,5354,250,-61.80881118774414,-0.2472352385520935,4.836824417114258,0.050000011920928955,1338500
9,5355,250,-60.586483001708984,-0.242345929145813,4.8103108406066895,0.050000011920928955,1338750
9,5356,250,-29.88694190979004,-0.1195477694272995,4.794955730438232,0.050000011920928955,1339000
9,5357,250,-36.52727508544922,-0.14610910415649414,5.1318583488464355,0.050000011920928955,1339250
9,5358,250,-68.49276733398438,-0.2739710807800293,5.115585803985596,0.050000011920928955,1339500
9,5359,250,-8.039443016052246,-0.0321577712893486,5.124263286590576,0.050000011920928955,1339750
9,5360,250,-59.88655471801758,-0.23954622447490692,4.908850193023682,0.050000011920928955,1340000
9,5361,250,-26.655559539794922,-0.10662224143743515,5.186771869659424,0.050000011920928955,1340250
9,5362,250,-24.054311752319336,-0.09621724486351013,5.07711124420166,0.050000011920928955,1340500
9,5363,250,7.482273101806641,0.029929092153906822,4.939845561981201,0.050000011920928955,1340750
9,5364,250,-23.591659545898438,-0.0943666398525238,4.8870368003845215,0.050000011920928955,1341000
9,5365,250,18.704051971435547,0.07481620460748672,4.9420671463012695,0.050000011920928955,1341250
9,5366,250,-7.092571258544922,-0.028370285406708717,4.848764896392822,0.050000011920928955,1341500
9,5367,250,-86.73848724365234,-0.34695395827293396,4.850712299346924,0.050000011920928955,1341750
9,5368,250,1.523223638534546,0.006092894356697798,4.771664619445801,0.050000011920928955,1342000
9,5369,250,-48.440284729003906,-0.19376114010810852,5.134787082672119,0.050000011920928955,1342250
9,5370,250,87.33283233642578,0.3493313193321228,5.137012004852295,0.050000011920928955,1342500
9,5371,250,-23.41019630432129,-0.0936407819390297,5.084994792938232,0.050000011920928955,1342750
9,5372,250,4.828956604003906,0.019315825775265694,4.952713489532471,0.050000011920928955,1343000
9,5373,250,162.73226928710938,0.6509290933609009,5.2120890617370605,0.050000011920928955,1343250
9,5374,250,-17.756208419799805,-0.0710248351097107,5.1026787757873535,0.050000011920928955,1343500
9,5375,250,-15.10428237915039,-0.06041713058948517,5.158262252807617,0.050000011920928955,1343750
9,5376,250,-10.090161323547363,-0.040360644459724426,5.138845920562744,0.050000011920928955,1344000
9,5377,250,-23.802175521850586,-0.09520870447158813,5.526852607727051,0.050000011920928955,1344250
9,5378,250,43.22134017944336,0.17288535833358765,5.240882396697998,0.050000011920928955,1344500
9,5379,250,-44.82720184326172,-0.17930880188941956,5.4171037673950195,0.050000011920928955,1344750
9,5380,250,-25.213876724243164,-0.1008555069565773,5.136631011962891,0.050000011920928955,1345000
9,5381,250,-25.769086837768555,-0.10307634621858597,5.312144756317139,0.050000011920928955,1345250
9,5382,250,-10.100417137145996,-0.04040166735649109,5.370944023132324,0.050000011920928955,1345500
9,5383,250,-21.379140853881836,-0.0855165645480156,5.245078086853027,0.050000011920928955,1345750
9,5384,250,2.728994131088257,0.010915976949036121,5.1199116706848145,0.050000011920928955,1346000
9,5385,250,-17.454008102416992,-0.06981603056192398,5.157515048980713,0.050000011920928955,1346250
9,5386,250,-11.692902565002441,-0.046771612018346786,5.125170707702637,0.050000011920928955,1346500
9,5387,250,7.284543037414551,0.029138172045350075,5.2400336265563965,0.050000011920928955,1346750
9,5388,250,-17.360204696655273,-0.0694408193230629,4.960964202880859,0.050000011920928955,1347000
9,5389,250,-12.980504989624023,-0.0519220195710659,5.552516937255859,0.050000011920928955,1347250
9,5390,250,12.641079902648926,0.050564318895339966,5.4537529945373535,0.050000011920928955,1347500
9,5391,250,6.638174057006836,0.026552695780992508,5.333369255065918,0.050000011920928955,1347750
9,5392,250,7.310999870300293,0.02924400009214878,5.159340858459473,0.050000011920928955,1348000
9,5393,250,-40.8757209777832,-0.16350288689136505,5.504404067993164,0.050000011920928955,1348250
9,5394,250,-6.918445587158203,-0.027673782780766487,5.184879779815674,0.050000011920928955,1348500
9,5395,250,-15.922765731811523,-0.06369106471538544,5.331798076629639,0.050000011920928955,1348750
9,5396,250,-8.20633316040039,-0.03282533213496208,5.19614315032959,0.050000011920928955,1349000
9,5397,250,-53.6169319152832,-0.21446773409843445,5.405640125274658,0.050000011920928955,1349250
9,5398,250,6.55556583404541,0.026222262531518936,5.23790168762207,0.050000011920928955,1349500
9,5399,250,-62.68996810913086,-0.25075986981391907,5.295572757720947,0.050000011920928955,1349750
9,5400,250,-11.376099586486816,-0.04550439864397049,4.953895092010498,0.050000011920928955,1350000
9,5401,250,-32.208980560302734,-0.12883591651916504,5.272764205932617,0.050000011920928955,1350250
9,5402,250,38.38368225097656,0.15353472530841827,5.456460475921631,0.050000011920928955,1350500
9,5403,250,-30.94793128967285,-0.12379172444343567,5.127200126647949,0.050000011920928955,1350750
9,5404,250,-0.2795755863189697,-0.001118302345275879,5.115339279174805,0.050000011920928955,1351000
9,5405,250,85.85987854003906,0.343439519405365,5.5464253425598145,0.050000011920928955,1351250
9,5406,250,-14.208510398864746,-0.05683404207229614,5.523463249206543,0.050000011920928955,1351500
9,5407,250,-15.741767883300781,-0.06296706944704056,5.224576950073242,0.050000011920928955,1351750
9,5408,250,3.7804818153381348,0.015121927484869957,4.871847152709961,0.050000011920928955,1352000
9,5409,250,-14.760499000549316,-0.05904199555516243,5.411638259887695,0.050000011920928955,1352250
9,5410,250,-16.23832893371582,-0.06495331227779388,5.343516826629639,0.050000011920928955,1352500
9,5411,250,17.503005981445312,0.07001202553510666,5.1100544929504395,0.050000011920928955,1352750
9,5412,250,-22.64369010925293,-0.09057476371526718,4.848329067230225,0.050000011920928955,1353000
9,5413,250,-19.490692138671875,-0.07796277105808258,5.158365249633789,0.050000011920928955,1353250
9,5414,250,-62.31694030761719,-0.24926775693893433,4.78087854385376,0.050000011920928955,1353500
9,5415,250,4.297604560852051,0.017190419137477875,4.632716655731201,0.050000011920928955,1353750
9,5416,250,4.476815223693848,0.017907259985804558,4.498529434204102,0.050000011920928955,1354000
9,5417,250,-51.270240783691406,-0.20508095622062683,5.128993511199951,0.050000011920928955,1354250
9,5418,250,-29.98371124267578,-0.11993484199047089,4.829508304595947,0.050000011920928955,1354500
9,5419,250,-56.07213592529297,-0.22428853809833527,4.46836519241333,0.050000011920928955,1354750
9,5420,250,-7.281755447387695,-0.029127022251486778,4.607334136962891,0.050000011920928955,1355000
9,5421,250,12.141622543334961,0.04856649041175842,4.826521873474121,0.050000011920928955,1355250
9,5422,250,80.09051513671875,0.32036206126213074,4.791398048400879,0.050000011920928955,1355500
9,5423,250,-57.9476318359375,-0.23179052770137787,4.49389123916626,0.050000011920928955,1355750
9,5424,250,-98.1836929321289,-0.3927347660064697,4.739680290222168,0.050000011920928955,1356000
9,5425,250,3.383942127227783,0.01353576872497797,4.981581687927246,0.050000011920928955,1356250
9,5426,250,-39.54481506347656,-0.15817925333976746,4.842845916748047,0.050000011920928955,1356500
9,5427,250,-97.49314880371094,-0.38997259736061096,4.722082138061523,0.050000011920928955,1356750
9,5428,250,-62.39794158935547,-0.24959176778793335,4.815099716186523,0.050000011920928955,1357000
9,5429,250,-70.36315155029297,-0.28145259618759155,5.175212383270264,0.050000011920928955,1357250
9,5430,250,-69.27692413330078,-0.27710768580436707,5.122310161590576,0.050000011920928955,1357500
9,5431,250,-26.674217224121094,-0.10669686645269394,4.925252914428711,0.050000011920928955,1357750
9,5432,250,-37.80508041381836,-0.15122032165527344,4.992110729217529,0.050000011920928955,1358000
9,5433,250,-24.835105895996094,-0.09934042394161224,5.507020473480225,0.050000011920928955,1358250
9,5434,250,0.029844284057617188,0.00011937713861698285,5.087916851043701,0.050000011920928955,1358500
9,5435,250,-11.050399780273438,-0.044201597571372986,4.8493523597717285,0.050000011920928955,1358750
9,5436,250,13.26052188873291,0.05304208770394325,4.629508018493652,0.050000011920928955,1359000
9,5437,250,-21.677297592163086,-0.08670919388532639,5.118002414703369,0.050000011920928955,1359250
9,5438,250,-5.89625883102417,-0.023585034534335136,4.876330375671387,0.050000011920928955,1359500
9,5439,250,46.206626892089844,0.18482650816440582,4.804295063018799,0.050000011920928955,1359750
9,5440,250,-31.59818458557129,-0.12639273703098297,4.791813850402832,0.050000011920928955,1360000
9,5441,250,59.70756912231445,0.23883028328418732,4.648033618927002,0.050000011920928955,1360250
9,5442,250,-3.335773468017578,-0.013343093916773796,4.712470054626465,0.050000011920928955,1360500
9,5443,250,-24.141679763793945,-0.09656672179698944,4.693702220916748,0.050000011920928955,1360750
9,5444,250,-52.88821792602539,-0.21155287325382233,4.411558628082275,0.050000011920928955,1361000
9,5445,250,-77.00443267822266,-0.3080177307128906,4.476800918579102,0.050000011920928955,1361250
9,5446,250,-56.57552719116211,-0.2263021022081375,4.325773239135742,0.050000011920928955,1361500
9,5447,250,-14.208617210388184,-0.056834470480680466,4.16660737991333,0.050000011920928955,1361750
9,5448,250,-36.92804718017578,-0.14771218597888947,4.008768081665039,0.050000011920928955,1362000
9,5449,250,88.12615203857422,0.3525046110153198,4.4754719734191895,0.050000011920928955,1362250
9,5450,250,-10.829713821411133,-0.04331885650753975,4.297214984893799,0.050000011920928955,1362500
9,5451,250,-26.387165069580078,-0.10554865747690201,4.280342102050781,0.050000011920928955,1362750
9,5452,250,-15.705375671386719,-0.06282150000333786,4.3230671882629395,0.050000011920928955,1363000
9,5453,250,113.59500122070312,0.45438000559806824,4.46697998046875,0.050000011920928955,1363250
9,5454,250,9.4346923828125,0.03773877024650574,4.554455757141113,0.050000011920928955,1363500
9,5455,250,19.932933807373047,0.07973173260688782,4.341879367828369,0.050000011920928955,1363750
9,5456,250,-29.357677459716797,-0.11743070930242538,4.2823381423950195,0.050000011920928955,1364000
9,5457,250,16.55434226989746,0.06621737033128738,4.563511848449707,0.050000011920928955,1364250
9,5458,250,86.908203125,0.34763282537460327,4.182168960571289,0.050000011920928955,1364500
9,5459,250,18.935239791870117,0.07574095577001572,4.257498741149902,0.050000011920928955,1364750
9,5460,250,-33.99982833862305,-0.13599930703639984,4.275301456451416,0.050000011920928955,1365000
9,5461,250,16.089628219604492,0.06435851007699966,4.630844593048096,0.050000011920928955,1365250
9,5462,250,10.903796195983887,0.0436151847243309,4.372220516204834,0.050000011920928955,1365500
9,5463,250,70.59305572509766,0.28237223625183105,4.273009300231934,0.050000011920928955,1365750
9,5464,250,-30.95833396911621,-0.12383333593606949,4.382146835327148,0.050000011920928955,1366000
9,5465,250,78.18289947509766,0.3127315938472748,4.6092209815979,0.050000011920928955,1366250
9,5466,250,30.144441604614258,0.12057776749134064,4.6640214920043945,0.050000011920928955,1366500
9,5467,250,78.0372085571289,0.3121488392353058,4.40580940246582,0.050000011920928955,1366750
9,5468,250,-24.757875442504883,-0.09903150051832199,4.669923782348633,0.050000011920928955,1367000
9,5469,250,150.05116271972656,0.6002046465873718,4.8927693367004395,0.050000011920928955,1367250
9,5470,250,-11.379830360412598,-0.04551932215690613,4.815225601196289,0.050000011920928955,1367500
9,5471,250,137.3639373779297,0.5494557619094849,4.501166820526123,0.050000011920928955,1367750
9,5472,250,-0.712063193321228,-0.002848252886906266,4.676729202270508,0.050000011920928955,1368000
9,5473,250,34.34889221191406,0.13739557564258575,4.998586654663086,0.050000011920928955,1368250
9,5474,250,91.47981262207031,0.3659192621707916,4.711423873901367,0.050000011920928955,1368500
9,5475,250,35.32945251464844,0.14131781458854675,4.760067462921143,0.050000011920928955,1368750
9,5476,250,-5.533127784729004,-0.02213251031935215,4.542096138000488,0.050000011920928955,1369000
9,5477,250,-31.3375244140625,-0.12535010278224945,4.824767589569092,0.050000011920928955,1369250
9,5478,250,-11.678583145141602,-0.046714331954717636,4.542637825012207,0.050000011920928955,1369500
9,5479,250,-24.798860549926758,-0.0991954430937767,4.338695049285889,0.050000011920928955,1369750
9,5480,250,-5.1142072677612305,-0.02045682817697525,4.457062721252441,0.050000011920928955,1370000
9,5481,250,-36.44401550292969,-0.14577606320381165,4.696995258331299,0.050000011920928955,1370250
9,5482,250,-29.45891761779785,-0.11783567070960999,4.222762584686279,0.050000011920928955,1370500
9,5483,250,-42.19477462768555,-0.16877910494804382,4.220740795135498,0.050000011920928955,1370750
9,5484,250,5.448611736297607,0.021794447675347328,4.291580677032471,0.050000011920928955,1371000
9,5485,250,-39.574424743652344,-0.15829770267009735,4.468522071838379,0.050000011920928955,1371250
9,5486,250,-12.143813133239746,-0.048575252294540405,4.407186031341553,0.050000011920928955,1371500
9,5487,250,-67.01421356201172,-0.26805683970451355,4.164971828460693,0.050000011920928955,1371750
9,5488,250,-24.207468032836914,-0.0968298688530922,4.036744117736816,0.050000011920928955,1372000
9,5489,250,-12.627140045166016,-0.05050855875015259,4.4855570793151855,0.050000011920928955,1372250
9,5490,250,-34.44388961791992,-0.13777555525302887,4.386602878570557,0.050000011920928955,1372500
9,5491,250,-71.87146759033203,-0.28748586773872375,4.1476006507873535,0.050000011920928955,1372750
9,5492,250,-46.38179397583008,-0.18552717566490173,4.504489898681641,0.050000011920928955,1373000
9,5493,250,-28.403053283691406,-0.11361221224069595,4.357541084289551,0.050000011920928955,1373250
9,5494,250,-41.70701599121094,-0.16682806611061096,4.331974983215332,0.050000011920928955,1373500
9,5495,250,-66.11035919189453,-0.26444143056869507,4.2878499031066895,0.050000011920928955,1373750
9,5496,250,-36.2862663269043,-0.14514505863189697,4.206742286682129,0.050000011920928955,1374000
9,5497,250,-2.922496795654297,-0.011689987033605576,4.634979248046875,0.050000011920928955,1374250
9,5498,250,-34.9786262512207,-0.13991449773311615,4.451684951782227,0.050000011920928955,1374500
9,5499,250,-65.1567611694336,-0.26062703132629395,4.29259729385376,0.050000011920928955,1374750
9,5500,250,-70.08819580078125,-0.28035277128219604,4.289972305297852,0.050000011920928955,1375000
9,5501,250,-3.627126693725586,-0.014508507214486599,4.629508018493652,0.050000011920928955,1375250
9,5502,250,98.93348693847656,0.39573395252227783,4.609685897827148,0.050000011920928955,1375500
9,5503,250,-14.2121000289917,-0.056848399341106415,4.394608020782471,0.050000011920928955,1375750
9,5504,250,-14.781720161437988,-0.05912688001990318,4.187012672424316,0.050000011920928955,1376000
9,5505,250,65.89435577392578,0.2635774314403534,4.816142559051514,0.050000011920928955,1376250
9,5506,250,63.9853515625,0.2559414207935333,4.6445088386535645,0.050000011920928955,1376500
9,5507,250,-36.800506591796875,-0.1472020298242569,4.423643589019775,0.050000011920928955,1376750
9,5508,250,-44.076717376708984,-0.17630687355995178,4.443886756896973,0.050000011920928955,1377000
9,5509,250,-60.33183670043945,-0.24132734537124634,5.329769134521484,0.050000011920928955,1377250
9,5510,250,-51.443424224853516,-0.20577369630336761,4.781972885131836,0.050000011920928955,1377500
9,5511,250,-70.56675720214844,-0.2822670340538025,4.719751358032227,0.050000011920928955,1377750
9,5512,250,-31.39042091369629,-0.1255616843700409,4.696902751922607,0.050000011920928955,1378000
9,5513,250,-16.344032287597656,-0.06537613272666931,5.030449867248535,0.050000011920928955,1378250
9,5514,250,-3.678462028503418,-0.014713848009705544,5.05968713760376,0.050000011920928955,1378500
9,5515,250,-12.991290092468262,-0.05196516215801239,4.699977874755859,0.050000011920928955,1378750
9,5516,250,-55.179283142089844,-0.22071713209152222,4.7813401222229,0.050000011920928955,1379000
9,5517,250,-24.30913734436035,-0.09723655134439468,5.334075927734375,0.050000011920928955,1379250
9,5518,250,-51.615623474121094,-0.20646248757839203,4.903045177459717,0.050000011920928955,1379500
9,5519,250,8.7067289352417,0.034826915711164474,4.855693817138672,0.050000011920928955,1379750
9,5520,250,3.221689224243164,0.012886757031083107,4.8180694580078125,0.050000011920928955,1380000
9,5521,250,-29.767362594604492,-0.11906944960355759,5.1442341804504395,0.050000011920928955,1380250
9,5522,250,42.94477462768555,0.1717790961265564,5.182053565979004,0.050000011920928955,1380500
9,5523,250,-12.062192916870117,-0.0482487715780735,4.953275680541992,0.050000011920928955,1380750
9,5524,250,-13.7225923538208,-0.05489036813378334,5.100182056427002,0.050000011920928955,1381000
9,5525,250,-31.769371032714844,-0.12707749009132385,5.195988655090332,0.050000011920928955,1381250
9,5526,250,23.442218780517578,0.09376887232065201,5.014225482940674,0.050000011920928955,1381500
9,5527,250,-58.9576530456543,-0.23583060503005981,5.014819622039795,0.050000011920928955,1381750
9,5528,250,-47.02531814575195,-0.18810127675533295,4.84596061706543,0.050000011920928955,1382000
9,5529,250,64.08135986328125,0.25632545351982117,5.260091304779053,0.050000011920928955,1382250
9,5530,250,-30.08611297607422,-0.12034445255994797,4.824193954467773,0.050000011920928955,1382500
9,5531,250,9.226964950561523,0.036907859146595,4.872049331665039,0.050000011920928955,1382750
9,5532,250,16.310752868652344,0.06524301320314407,4.817471981048584,0.050000011920928955,1383000
9,5533,250,7.924410820007324,0.03169764205813408,5.144838333129883,0.050000011920928955,1383250
9,5534,250,-44.48328399658203,-0.17793314158916473,4.9221272468566895,0.050000011920928955,1383500
9,5535,250,114.92559051513672,0.45970237255096436,4.715256214141846,0.050000011920928955,1383750
9,5536,250,-0.3324353098869324,-0.001329741207882762,4.613211154937744,0.050000011920928955,1384000
9,5537,250,-12.545788764953613,-0.05018315464258194,4.983827114105225,0.050000011920928955,1384250
9,5538,250,-17.919275283813477,-0.07167710363864899,4.6673383712768555,0.050000011920928955,1384500
9,5539,250,74.6301040649414,0.29852041602134705,4.733815670013428,0.050000011920928955,1384750
9,5540,250,126.04226684570312,0.5041690468788147,4.585696697235107,0.050000011920928955,1385000
9,5541,250,-7.521160125732422,-0.03008463978767395,5.024481296539307,0.050000011920928955,1385250
9,5542,250,1.5540415048599243,0.006216166075319052,4.8215837478637695,0.050000011920928955,1385500
9,5543,250,-0.523653507232666,-0.0020946140866726637,4.524778366088867,0.050000011920928955,1385750
9,5544,250,63.1066780090332,0.25242671370506287,4.785447120666504,0.050000011920928955,1386000
9,5545,250,12.486902236938477,0.04994760826230049,4.835190296173096,0.050000011920928955,1386250
9,5546,250,32.077171325683594,0.12830868363380432,4.640253067016602,0.050000011920928955,1386500
9,5547,250,65.10186004638672,0.2604074478149414,4.514634132385254,0.050000011920928955,1386750
9,5548,250,55.94449996948242,0.22377799451351166,4.479818344116211,0.050000011920928955,1387000
9,5549,250,109.70686340332031,0.4388274550437927,4.920619964599609,0.050000011920928955,1387250
9,5550,250,48.85576629638672,0.19542306661605835,4.4339118003845215,0.050000011920928955,1387500
9,5551,250,64.3546371459961,0.25741854310035706,4.522599697113037,0.050000011920928955,1387750
9,5552,250,68.72904205322266,0.2749161720275879,4.278817653656006,0.050000011920928955,1388000
9,5553,250,48.39238357543945,0.19356954097747803,4.704104423522949,0.050000011920928955,1388250
9,5554,250,10.609627723693848,0.04243851080536842,4.449950218200684,0.050000011920928955,1388500
9,5555,250,47.875797271728516,0.19150318205356598,4.558524131774902,0.050000011920928955,1388750
9,5556,250,69.18645477294922,0.27674582600593567,4.4092278480529785,0.050000011920928955,1389000
9,5557,250,53.0765266418457,0.21230611205101013,4.533120155334473,0.050000011920928955,1389250
9,5558,250,32.40538024902344,0.12962152063846588,4.534677982330322,0.050000011920928955,1389500
9,5559,250,73.41474914550781,0.2936590015888214,4.401061534881592,0.050000011920928955,1389750
9,5560,250,65.26561737060547,0.26106247305870056,4.217337131500244,0.050000011920928955,1390000
9,5561,250,50.94264602661133,0.20377057790756226,4.665594100952148,0.050000011920928955,1390250
9,5562,250,75.00263214111328,0.3000105321407318,4.18806266784668,0.050000011920928955,1390500
9,5563,250,45.83894729614258,0.18335579335689545,4.116058826446533,0.050000011920928955,1390750
9,5564,250,21.504417419433594,0.0860176682472229,4.183159828186035,0.050000011920928955,1391000
9,5565,250,19.642436981201172,0.07856974750757217,4.224791049957275,0.050000011920928955,1391250
9,5566,250,111.04405975341797,0.44417622685432434,3.981189250946045,0.050000011920928955,1391500
9,5567,250,-41.04538345336914,-0.16418153047561646,4.049750328063965,0.050000011920928955,1391750
9,5568,250,93.35823822021484,0.3734329640865326,3.912317991256714,0.050000011920928955,1392000
9,5569,250,54.474422454833984,0.2178976833820343,4.094186782836914,0.050000011920928955,1392250
9,5570,250,155.1295623779297,0.6205182671546936,4.017540454864502,0.050000011920928955,1392500
9,5571,250,-26.555015563964844,-0.1062200590968132,3.7093183994293213,0.050000011920928955,1392750
9,5572,250,-116.87145233154297,-0.46748581528663635,3.8865861892700195,0.050000011920928955,1393000
9,5573,250,102.4159927368164,0.40966397523880005,3.9696898460388184,0.050000011920928955,1393250
9,5574,250,-100.3187484741211,-0.40127497911453247,3.826913595199585,0.050000011920928955,1393500
9,5575,250,-93.52191925048828,-0.37408769130706787,3.689269542694092,0.050000011920928955,1393750
9,5576,250,-63.96501922607422,-0.2558600902557373,3.6990694999694824,0.050000011920928955,1394000
9,5577,250,-115.58570861816406,-0.4623428285121918,3.801241636276245,0.050000011920928955,1394250
9,5578,250,-205.08111572265625,-0.8203244805335999,3.6657137870788574,0.050000011920928955,1394500
9,5579,250,-164.3254852294922,-0.6573019623756409,3.665186882019043,0.050000011920928955,1394750
9,5580,250,46.39523696899414,0.18558095395565033,3.530958890914917,0.050000011920928955,1395000
9,5581,250,-195.64309692382812,-0.7825723886489868,3.649832010269165,0.050000011920928955,1395250
9,5582,250,-72.47218322753906,-0.28988873958587646,3.689788341522217,0.050000011920928955,1395500
9,5583,250,-72.56416320800781,-0.29025664925575256,3.7416913509368896,0.050000011920928955,1395750
9,5584,250,-52.02303695678711,-0.20809215307235718,3.6822879314422607,0.050000011920928955,1396000
9,5585,250,-2.847118377685547,-0.011388473212718964,3.7752788066864014,0.050000011920928955,1396250
9,5586,250,47.1093635559082,0.18843744695186615,3.616316556930542,0.050000011920928955,1396500
9,5587,250,-49.16116714477539,-0.19664466381072998,3.52984619140625,0.050000011920928955,1396750
9,5588,250,-12.584233283996582,-0.05033693462610245,3.4462263584136963,0.050000011920928955,1397000
9,5589,250,-6.249184608459473,-0.024996738880872726,3.867602586746216,0.050000011920928955,1397250
9,5590,250,43.208187103271484,0.17283274233341217,3.5472054481506348,0.050000011920928955,1397500
9,5591,250,-20.682903289794922,-0.08273161202669144,3.70003604888916,0.050000011920928955,1397750
9,5592,250,-23.40028953552246,-0.09360115975141525,3.6253604888916016,0.050000011920928955,1398000
9,5593,250,13.108650207519531,0.05243460088968277,3.937067747116089,0.050000011920928955,1398250
9,5594,250,44.328372955322266,0.17731349170207977,3.8956894874572754,0.050000011920928955,1398500
9,5595,250,113.84683227539062,0.45538732409477234,3.817181348800659,0.050000011920928955,1398750
9,5596,250,21.510295867919922,0.08604118227958679,3.890946865081787,0.050000011920928955,1399000
9,5597,250,40.224205017089844,0.16089682281017303,4.104869365692139,0.050000011920928955,1399250
9,5598,250,12.877861976623535,0.05151144787669182,4.121672630310059,0.050000011920928955,1399500
9,5599,250,23.557418823242188,0.09422967582941055,3.886838436126709,0.050000011920928955,1399750
9,5600,250,16.13568687438965,0.0645427480340004,3.8798305988311768,0.050000011920928955,1400000
9,5601,250,15.682013511657715,0.06272805482149124,4.261415958404541,0.050000011920928955,1400250
9,5602,250,46.672916412353516,0.18669167160987854,4.108026504516602,0.050000011920928955,1400500
9,5603,250,16.21933364868164,0.06487733125686646,4.236022472381592,0.050000011920928955,1400750
9,5604,250,88.51776885986328,0.35407108068466187,4.176068305969238,0.050000011920928955,1401000
9,5605,250,91.50377655029297,0.36601510643959045,4.10134744644165,0.050000011920928955,1401250
9,5606,250,-6.64523983001709,-0.02658095955848694,4.3193159103393555,0.050000011920928955,1401500
9,5607,250,-37.49516296386719,-0.14998064935207367,4.1360368728637695,0.050000011920928955,1401750
9,5608,250,17.30021095275879,0.06920084357261658,4.124327659606934,0.050000011920928955,1402000
9,5609,250,17.375125885009766,0.06950050592422485,4.360697269439697,0.050000011920928955,1402250
9,5610,250,-24.658729553222656,-0.09863492101430893,4.292773723602295,0.050000011920928955,1402500
9,5611,250,-14.106378555297852,-0.056425515562295914,4.094882965087891,0.050000011920928955,1402750
9,5612,250,63.645076751708984,0.2545803189277649,4.091204643249512,0.050000011920928955,1403000
9,5613,250,-16.803617477416992,-0.0672144666314125,4.179842948913574,0.050000011920928955,1403250
9,5614,250,-38.06309509277344,-0.15225237607955933,4.109554290771484,0.050000011920928955,1403500
9,5615,250,14.068771362304688,0.05627508461475372,3.9084274768829346,0.050000011920928955,1403750
9,5616,250,25.00648307800293,0.10002592951059341,3.811217784881592,0.050000011920928955,1404000
9,5617,250,-19.819124221801758,-0.07927649468183517,4.002792835235596,0.050000011920928955,1404250
9,5618,250,-9.89645767211914,-0.03958583250641823,3.912198781967163,0.050000011920928955,1404500
9,5619,250,11.592264175415039,0.04636905714869499,3.9507949352264404,0.050000011920928955,1404750
9,5620,250,-7.067410945892334,-0.02826964296400547,3.8122642040252686,0.050000011920928955,1405000
9,5621,250,-19.556215286254883,-0.07822486013174057,4.0810747146606445,0.050000011920928955,1405250
9,5622,250,-28.749088287353516,-0.11499635130167007,3.80409574508667,0.050000011920928955,1405500
9,5623,250,1.8735430240631104,0.00749417208135128,3.728602170944214,0.050000011920928955,1405750
9,5624,250,-34.485599517822266,-0.13794240355491638,3.8545680046081543,0.050000011920928955,1406000
9,5625,250,-47.859375,-0.1914374977350235,3.9380605220794678,0.050000011920928955,1406250
9,5626,250,-34.706783294677734,-0.1388271301984787,3.7836763858795166,0.050000011920928955,1406500
9,5627,250,-13.224570274353027,-0.05289828032255173,3.98232102394104,0.050000011920928955,1406750
9,5628,250,42.43506622314453,0.16974025964736938,3.973327398300171,0.050000011920928955,1407000
9,5629,250,-57.9830322265625,-0.231932133436203,4.106616973876953,0.050000011920928955,1407250
9,5630,250,-40.135921478271484,-0.16054368019104004,4.006351470947266,0.050000011920928955,1407500
9,5631,250,-5.893475532531738,-0.023573901504278183,3.933321952819824,0.050000011920928955,1407750
9,5632,250,-22.32393455505371,-0.08929573744535446,3.920872449874878,0.050000011920928955,1408000
9,5633,250,-5.656659126281738,-0.022626636549830437,3.941082715988159,0.050000011920928955,1408250
9,5634,250,-31.570758819580078,-0.12628303468227386,3.9143118858337402,0.050000011920928955,1408500
9,5635,250,-2.3020377159118652,-0.009208151139318943,3.9182515144348145,0.050000011920928955,1408750
9,5636,250,-12.097501754760742,-0.04839000850915909,3.885166883468628,0.050000011920928955,1409000
9,5637,250,-40.30560302734375,-0.1612224131822586,4.045156478881836,0.050000011920928955,1409250
9,5638,250,-80.8564682006836,-0.32342585921287537,3.920504570007324,0.050000011920928955,1409500
9,5639,250,55.46860122680664,0.22187440097332,3.874962568283081,0.050000011920928955,1409750
9,5640,250,106.6385269165039,0.4265541136264801,3.941535234451294,0.050000011920928955,1410000
9,5641,250,-4.89724588394165,-0.019588982686400414,4.1036763191223145,0.050000011920928955,1410250
9,5642,250,2.250955104827881,0.009003820829093456,4.105181694030762,0.050000011920928955,1410500
9,5643,250,38.79119873046875,0.15516479313373566,3.860100269317627,0.050000011920928955,1410750
9,5644,250,25.54071044921875,0.10216284543275833,3.9443981647491455,0.050000011920928955,1411000
9,5645,250,-70.73388671875,-0.28293555974960327,3.9752213954925537,0.050000011920928955,1411250
9,5646,250,-96.22235107421875,-0.3848893940448761,3.893110990524292,0.050000011920928955,1411500
9,5647,250,-115.46932220458984,-0.4618772864341736,3.817248582839966,0.050000011920928955,1411750
9,5648,250,-118.38311004638672,-0.47353243827819824,3.9636149406433105,0.050000011920928955,1412000
9,5649,250,-73.9043960571289,-0.29561758041381836,4.150167465209961,0.050000011920928955,1412250
9,5650,250,-31.67723846435547,-0.1267089545726776,4.176812171936035,0.050000011920928955,1412500
9,5651,250,-105.46491241455078,-0.42185965180397034,4.027940273284912,0.050000011920928955,1412750
9,5652,250,-44.56113052368164,-0.17824451625347137,4.134644031524658,0.050000011920928955,1413000
9,5653,250,-23.269641876220703,-0.09307856857776642,4.154529571533203,0.050000011920928955,1413250
9,5654,250,-94.59442138671875,-0.37837767601013184,4.280452251434326,0.050000011920928955,1413500
9,5655,250,-116.84172821044922,-0.46736690402030945,4.178287506103516,0.050000011920928955,1413750
9,5656,250,-104.01722717285156,-0.4160689115524292,4.149914741516113,0.050000011920928955,1414000
9,5657,250,-105.05001831054688,-0.42020007967948914,4.276777267456055,0.050000011920928955,1414250
9,5658,250,-99.76703643798828,-0.399068146944046,4.063229084014893,0.050000011920928955,1414500
9,5659,250,-1.575106143951416,-0.006300424691289663,4.0404791831970215,0.050000011920928955,1414750
9,5660,250,-62.55614471435547,-0.25022459030151367,4.14695405960083,0.050000011920928955,1415000
9,5661,250,-60.10580825805664,-0.24042323231697083,4.165607452392578,0.050000011920928955,1415250
9,5662,250,-19.84412384033203,-0.07937649637460709,4.03087043762207,0.050000011920928955,1415500
9,5663,250,-53.46412658691406,-0.213856503367424,4.087172985076904,0.050000011920928955,1415750
9,5664,250,-63.12334060668945,-0.25249335169792175,3.93019437789917,0.050000011920928955,1416000
9,5665,250,-26.639158248901367,-0.10655663162469864,4.021637916564941,0.050000011920928955,1416250
9,5666,250,-49.56889724731445,-0.1982755959033966,3.9536421298980713,0.050000011920928955,1416500
9,5667,250,-27.83298683166504,-0.11133194714784622,4.302274703979492,0.050000011920928955,1416750
9,5668,250,-47.948509216308594,-0.1917940378189087,4.054724216461182,0.050000011920928955,1417000
9,5669,250,-49.91984939575195,-0.1996794044971466,4.1759843826293945,0.050000011920928955,1417250
9,5670,250,-31.327407836914062,-0.12530963122844696,4.139683246612549,0.050000011920928955,1417500
9,5671,250,-35.17049026489258,-0.14068196713924408,3.979673147201538,0.050000011920928955,1417750
9,5672,250,-259.5273132324219,-1.038109302520752,3.837736129760742,0.050000011920928955,1418000
9,5673,250,-56.347076416015625,-0.225388303399086,3.9922571182250977,0.050000011920928955,1418250
9,5674,250,-39.83073425292969,-0.15932293236255646,4.009232997894287,0.050000011920928955,1418500
9,5675,250,-117.93729400634766,-0.4717491865158081,4.048069477081299,0.050000011920928955,1418750
9,5676,250,-30.14007568359375,-0.12056030333042145,3.746737241744995,0.050000011920928955,1419000
9,5677,250,-58.83251190185547,-0.23533004522323608,4.175632476806641,0.050000011920928955,1419250
9,5678,250,36.68069076538086,0.14672276377677917,3.9150238037109375,0.050000011920928955,1419500
9,5679,250,-57.93709945678711,-0.23174840211868286,3.9241702556610107,0.050000011920928955,1419750
9,5680,250,-55.253135681152344,-0.22101254761219025,3.9690053462982178,0.050000011920928955,1420000
9,5681,250,-71.1950454711914,-0.2847801744937897,4.137925148010254,0.050000011920928955,1420250
9,5682,250,31.30746078491211,0.1252298504114151,4.094680309295654,0.050000011920928955,1420500
9,5683,250,-71.40725708007812,-0.2856290340423584,4.042848110198975,0.050000011920928955,1420750
9,5684,250,-61.86980438232422,-0.24747921526432037,3.9254674911499023,0.050000011920928955,1421000
9,5685,250,-108.15604400634766,-0.4326241612434387,4.255223274230957,0.050000011920928955,1421250
9,5686,250,-50.03163146972656,-0.2001265287399292,3.9591643810272217,0.050000011920928955,1421500
9,5687,250,-39.556617736816406,-0.15822647511959076,3.997492790222168,0.050000011920928955,1421750
9,5688,250,-62.14255142211914,-0.24857020378112793,3.9635202884674072,0.050000011920928955,1422000
9,5689,250,-20.21580696105957,-0.08086322993040085,4.15473747253418,0.050000011920928955,1422250
9,5690,250,-39.70287322998047,-0.15881149470806122,3.9598140716552734,0.050000011920928955,1422500
9,5691,250,-66.83529663085938,-0.2673411965370178,3.9621968269348145,0.050000011920928955,1422750
9,5692,250,-55.824951171875,-0.2232998013496399,3.928144693374634,0.050000011920928955,1423000
9,5693,250,-77.03238677978516,-0.30812954902648926,4.165030002593994,0.050000011920928955,1423250
9,5694,250,34.165794372558594,0.13666318356990814,4.17988920211792,0.050000011920928955,1423500
9,5695,250,-11.19392204284668,-0.04477568715810776,4.065602779388428,0.050000011920928955,1423750
9,5696,250,-14.733882904052734,-0.05893553048372269,3.9590775966644287,0.050000011920928955,1424000
9,5697,250,-40.8640022277832,-0.1634560078382492,4.147950649261475,0.050000011920928955,1424250
9,5698,250,-39.59870910644531,-0.15839484333992004,4.057105541229248,0.050000011920928955,1424500
9,5699,250,-45.47903060913086,-0.18191611766815186,3.9684534072875977,0.050000011920928955,1424750
9,5700,250,89.11042022705078,0.3564416766166687,3.944699764251709,0.050000011920928955,1425000
9,5701,250,-72.50910949707031,-0.2900364398956299,4.184253692626953,0.050000011920928955,1425250
9,5702,250,20.45091438293457,0.08180365711450577,3.8746824264526367,0.050000011920928955,1425500
9,5703,250,-17.552406311035156,-0.07020962238311768,3.9894347190856934,0.050000011920928955,1425750
9,5704,250,-38.35087966918945,-0.15340352058410645,3.6827754974365234,0.050000011920928955,1426000
9,5705,250,-76.54080200195312,-0.3061632215976715,3.849137544631958,0.050000011920928955,1426250
9,5706,250,30.305076599121094,0.12122030556201935,3.6766133308410645,0.050000011920928955,1426500
9,5707,250,-102.76686096191406,-0.4110674560070038,3.7048330307006836,0.050000011920928955,1426750
9,5708,250,8.250843048095703,0.033003371208906174,3.885565757751465,0.050000011920928955,1427000
9,5709,250,-101.44915771484375,-0.405796617269516,3.81313419342041,0.050000011920928955,1427250
9,5710,250,-75.25065612792969,-0.3010026216506958,3.735060930252075,0.050000011920928955,1427500
9,5711,250,37.47529220581055,0.14990116655826569,3.836515188217163,0.050000011920928955,1427750
9,5712,250,20.95911979675293,0.08383648097515106,3.7464354038238525,0.050000011920928955,1428000
9,5713,250,-84.40853881835938,-0.3376341462135315,3.8874080181121826,0.050000011920928955,1428250
9,5714,250,-47.75666046142578,-0.19102664291858673,3.884578227996826,0.050000011920928955,1428500
9,5715,250,-9.389888763427734,-0.03755955398082733,3.7551331520080566,0.050000011920928955,1428750
9,5716,250,664.8409423828125,2.6593637466430664,3.769247531890869,0.050000011920928955,1429000
9,5717,250,-117.77958679199219,-0.47111836075782776,3.8795337677001953,0.050000011920928955,1429250
9,5718,250,32.112762451171875,0.12845104932785034,4.0301079750061035,0.050000011920928955,1429500
9,5719,250,-15.881278038024902,-0.06352511048316956,3.874919891357422,0.050000011920928955,1429750
9,5720,250,-105.13507080078125,-0.4205402731895447,3.715819835662842,0.050000011920928955,1430000
9,5721,250,-126.11236572265625,-0.5044494867324829,4.056095600128174,0.050000011920928955,1430250
9,5722,250,-63.93216323852539,-0.25572866201400757,3.8029229640960693,0.050000011920928955,1430500
9,5723,250,-99.5594253540039,-0.3982377052307129,3.8969614505767822,0.050000011920928955,1430750
9,5724,250,-42.36336898803711,-0.1694534718990326,3.8378846645355225,0.050000011920928955,1431000
9,5725,250,13.325665473937988,0.05330266058444977,3.9572551250457764,0.050000011920928955,1431250
9,5726,250,-93.3880844116211,-0.3735523521900177,3.9591143131256104,0.050000011920928955,1431500
9,5727,250,-149.47702026367188,-0.597908079624176,3.9225597381591797,0.050000011920928955,1431750
9,5728,250,199.15199279785156,0.7966079711914062,3.8089993000030518,0.050000011920928955,1432000
9,5729,250,127.52478790283203,0.5100991725921631,4.1229634284973145,0.050000011920928955,1432250
9,5730,250,-125.63241577148438,-0.5025296807289124,4.042078971862793,0.050000011920928955,1432500
9,5731,250,-54.25605392456055,-0.21702422201633453,3.9193053245544434,0.050000011920928955,1432750
9,5732,250,-68.61936950683594,-0.274477481842041,3.925363540649414,0.050000011920928955,1433000
9,5733,250,-9.684088706970215,-0.03873635455965996,4.161375522613525,0.050000011920928955,1433250
9,5734,250,-101.65571594238281,-0.40662285685539246,3.891871452331543,0.050000011920928955,1433500
9,5735,250,-107.14698791503906,-0.428587943315506,3.9215502738952637,0.050000011920928955,1433750
9,5736,250,-50.00563430786133,-0.20002253353595734,3.791954517364502,0.050000011920928955,1434000
9,5737,250,33.166648864746094,0.13266660273075104,4.012310981750488,0.050000011920928955,1434250
9,5738,250,-47.4456672668457,-0.18978266417980194,3.755305290222168,0.050000011920928955,1434500
9,5739,250,-75.0410385131836,-0.3001641631126404,3.989086627960205,0.050000011920928955,1434750
9,5740,250,-92.99679565429688,-0.3719871938228607,3.788398265838623,0.050000011920928955,1435000
9,5741,250,-63.919525146484375,-0.25567808747291565,4.01940393447876,0.050000011920928955,1435250
9,5742,250,-18.5975399017334,-0.07439015805721283,3.9506518840789795,0.050000011920928955,1435500
9,5743,250,-56.2755241394043,-0.22510209679603577,3.9266905784606934,0.050000011920928955,1435750
9,5744,250,-64.76564025878906,-0.2590625584125519,3.765115737915039,0.050000011920928955,1436000
9,5745,250,-48.652381896972656,-0.19460952281951904,3.998452663421631,0.050000011920928955,1436250
9,5746,250,78.25093078613281,0.3130037188529968,3.987330198287964,0.050000011920928955,1436500
9,5747,250,-65.82106018066406,-0.26328423619270325,3.831054210662842,0.050000011920928955,1436750
9,5748,250,-77.07708740234375,-0.30830836296081543,4.063652515411377,0.050000011920928955,1437000
9,5749,250,-54.6692008972168,-0.21867680549621582,4.14163875579834,0.050000011920928955,1437250
9,5750,250,15.754097938537598,0.0630163922905922,4.080041408538818,0.050000011920928955,1437500
9,5751,250,85.01067352294922,0.34004268050193787,4.164201259613037,0.050000011920928955,1437750
9,5752,250,-50.36484146118164,-0.2014593631029129,4.031745433807373,0.050000011920928955,1438000
9,5753,250,-46.62636947631836,-0.1865054816007614,4.135386943817139,0.050000011920928955,1438250
9,5754,250,-49.92560958862305,-0.1997024416923523,4.233710765838623,0.050000011920928955,1438500
9,5755,250,93.71507263183594,0.3748602867126465,4.321165561676025,0.050000011920928955,1438750
9,5756,250,-53.566375732421875,-0.21426549553871155,4.087771415710449,0.050000011920928955,1439000
9,5757,250,-62.872459411621094,-0.2514898478984833,4.526965618133545,0.050000011920928955,1439250
9,5758,250,-16.96219253540039,-0.06784877181053162,4.212691783905029,0.050000011920928955,1439500
9,5759,250,-71.76692962646484,-0.287067711353302,4.33131742477417,0.050000011920928955,1439750
9,5760,250,-6.780303001403809,-0.02712121233344078,4.239340305328369,0.050000011920928955,1440000
9,5761,250,-89.6732177734375,-0.35869288444519043,4.124457359313965,0.050000011920928955,1440250
9,5762,250,-40.411720275878906,-0.16164688766002655,4.131982803344727,0.050000011920928955,1440500
9,5763,250,-27.369131088256836,-0.10947652161121368,4.340142250061035,0.050000011920928955,1440750
9,5764,250,-48.53166198730469,-0.1941266506910324,4.174096584320068,0.050000011920928955,1441000
9,5765,250,-78.7212905883789,-0.3148851692676544,4.150081634521484,0.050000011920928955,1441250
9,5766,250,-64.63865661621094,-0.2585546374320984,4.104291915893555,0.050000011920928955,1441500
9,5767,250,-80.57308197021484,-0.3222923278808594,4.117919921875,0.050000011920928955,1441750
9,5768,250,135.53392028808594,0.5421356558799744,4.278456211090088,0.050000011920928955,1442000
9,5769,250,-76.59033203125,-0.3063613176345825,4.177598476409912,0.050000011920928955,1442250
9,5770,250,34.469791412353516,0.1378791630268097,4.359632968902588,0.050000011920928955,1442500
9,5771,250,-63.259521484375,-0.25303807854652405,4.283857345581055,0.050000011920928955,1442750
9,5772,250,-58.599212646484375,-0.23439684510231018,4.104384899139404,0.050000011920928955,1443000
9,5773,250,-59.17886734008789,-0.23671546578407288,4.23573637008667,0.050000011920928955,1443250
9,5774,250,18.279052734375,0.07311621308326721,4.200222015380859,0.050000011920928955,1443500
9,5775,250,71.40253448486328,0.2856101393699646,4.234935283660889,0.050000011920928955,1443750
9,5776,250,-84.82168579101562,-0.339286744594574,4.33311128616333,0.050000011920928955,1444000
9,5777,250,-46.28987121582031,-0.18515948951244354,4.184162616729736,0.050000011920928955,1444250
9,5778,250,-70.77156829833984,-0.28308627009391785,4.263078689575195,0.050000011920928955,1444500
9,5779,250,166.28746032714844,0.6651498675346375,3.988739490509033,0.050000011920928955,1444750
9,5780,250,-94.3057861328125,-0.3772231340408325,4.2291083335876465,0.050000011920928955,1445000
9,5781,250,-89.34973907470703,-0.35739895701408386,4.284952640533447,0.050000011920928955,1445250
9,5782,250,-11.933904647827148,-0.04773562029004097,4.150370121002197,0.050000011920928955,1445500
9,5783,250,-83.72393798828125,-0.3348957598209381,4.166471481323242,0.050000011920928955,1445750
9,5784,250,107.79146575927734,0.431165874004364,4.207646369934082,0.050000011920928955,1446000
9,5785,250,-36.96818923950195,-0.14787276089191437,4.1375956535339355,0.050000011920928955,1446250
9,5786,250,-48.43238830566406,-0.19372954964637756,4.141666412353516,0.050000011920928955,1446500
9,5787,250,-61.16746139526367,-0.2446698397397995,3.7979190349578857,0.050000011920928955,1446750
9,5788,250,-59.69513702392578,-0.23878054320812225,4.089765548706055,0.050000011920928955,1447000
9,5789,250,-43.518131256103516,-0.1740725189447403,4.108683109283447,0.050000011920928955,1447250
9,5790,250,-52.33049392700195,-0.2093219757080078,4.178780555725098,0.050000011920928955,1447500
9,5791,250,-70.5411376953125,-0.2821645438671112,3.927804470062256,0.050000011920928955,1447750
9,5792,250,-52.52470016479492,-0.21009880304336548,3.8925349712371826,0.050000011920928955,1448000
9,5793,250,-25.82746124267578,-0.10330984741449356,4.023440837860107,0.050000011920928955,1448250
9,5794,250,9.625967025756836,0.03850386664271355,4.017478942871094,0.050000011920928955,1448500
9,5795,250,-80.52599334716797,-0.32210397720336914,4.016600608825684,0.050000011920928955,1448750
9,5796,250,-98.59973907470703,-0.394398957490921,3.9356839656829834,0.050000011920928955,1449000
9,5797,250,-94.24881744384766,-0.3769952654838562,3.9612629413604736,0.050000011920928955,1449250
9,5798,250,-34.21211242675781,-0.13684844970703125,4.042287349700928,0.050000011920928955,1449500
9,5799,250,-85.24601745605469,-0.3409840762615204,3.8564343452453613,0.050000011920928955,1449750
9,5800,250,-74.46920776367188,-0.29787683486938477,3.9608728885650635,0.050000011920928955,1450000
9,5801,250,-135.00099182128906,-0.5400039553642273,3.9935643672943115,0.050000011920928955,1450250
9,5802,250,-82.32750701904297,-0.32931002974510193,4.0103020668029785,0.050000011920928955,1450500
9,5803,250,-95.97259521484375,-0.38389039039611816,3.842372179031372,0.050000011920928955,1450750
9,5804,250,-82.08685302734375,-0.32834741473197937,3.9681265354156494,0.050000011920928955,1451000
9,5805,250,-88.15850830078125,-0.3526340425014496,3.9440670013427734,0.050000011920928955,1451250
9,5806,250,-46.11623764038086,-0.1844649463891983,3.8035686016082764,0.050000011920928955,1451500
9,5807,250,-33.02639389038086,-0.13210557401180267,3.760711669921875,0.050000011920928955,1451750
9,5808,250,-90.26014709472656,-0.3610405921936035,3.8578619956970215,0.050000011920928955,1452000
9,5809,250,-93.3550796508789,-0.3734203279018402,3.882232904434204,0.050000011920928955,1452250
9,5810,250,-70.08773803710938,-0.2803509533405304,3.867810010910034,0.050000011920928955,1452500
9,5811,250,-94.49375915527344,-0.3779750466346741,3.860029458999634,0.050000011920928955,1452750
9,5812,250,34.05912399291992,0.13623648881912231,3.894906520843506,0.050000011920928955,1453000
9,5813,250,-30.937213897705078,-0.12374885380268097,4.117355823516846,0.050000011920928955,1453250
9,5814,250,-73.29988098144531,-0.2931995093822479,3.8437647819519043,0.050000011920928955,1453500
9,5815,250,-51.11181640625,-0.20444726943969727,3.8937599658966064,0.050000011920928955,1453750
9,5816,250,-59.818138122558594,-0.23927254974842072,3.862556219100952,0.050000011920928955,1454000
9,5817,250,-60.865867614746094,-0.24346347153186798,3.99748158454895,0.050000011920928955,1454250
9,5818,250,-4.545668601989746,-0.018182674422860146,4.083400249481201,0.050000011920928955,1454500
9,5819,250,-15.917217254638672,-0.0636688694357872,4.0063557624816895,0.050000011920928955,1454750
9,5820,250,-60.20530700683594,-0.2408212274312973,4.045331954956055,0.050000011920928955,1455000
9,5821,250,-49.76369094848633,-0.1990547627210617,4.108388423919678,0.050000011920928955,1455250
9,5822,250,-49.53601837158203,-0.1981440782546997,4.036052703857422,0.050000011920928955,1455500
9,5823,250,1.7486122846603394,0.006994449067860842,3.7999308109283447,0.050000011920928955,1455750
9,5824,250,75.74850463867188,0.3029940128326416,3.8637866973876953,0.050000011920928955,1456000
9,5825,250,-20.279268264770508,-0.08111707121133804,4.110422134399414,0.050000011920928955,1456250
9,5826,250,-33.40520477294922,-0.13362081348896027,4.041069984436035,0.050000011920928955,1456500
9,5827,250,-47.655731201171875,-0.19062292575836182,3.864685535430908,0.050000011920928955,1456750
9,5828,250,-56.38496780395508,-0.22553987801074982,3.978766441345215,0.050000011920928955,1457000
9,5829,250,-2.822598934173584,-0.011290395632386208,4.061030387878418,0.050000011920928955,1457250
9,5830,250,-41.578102111816406,-0.16631241142749786,3.9148550033569336,0.050000011920928955,1457500
9,5831,250,153.88040161132812,0.6155216097831726,3.9536986351013184,0.050000011920928955,1457750
9,5832,250,-52.593955993652344,-0.2103758305311203,3.946929454803467,0.050000011920928955,1458000
9,5833,250,-35.67561340332031,-0.14270246028900146,4.067976951599121,0.050000011920928955,1458250
9,5834,250,-73.2137451171875,-0.29285499453544617,4.086816310882568,0.050000011920928955,1458500
9,5835,250,-47.083953857421875,-0.1883358210325241,4.051894664764404,0.050000011920928955,1458750
9,5836,250,-29.949716567993164,-0.11979886889457703,3.9282262325286865,0.050000011920928955,1459000
9,5837,250,-33.79433059692383,-0.13517732918262482,4.043630599975586,0.050000011920928955,1459250
9,5838,250,51.01209259033203,0.20404836535453796,3.8133857250213623,0.050000011920928955,1459500
9,5839,250,-48.482669830322266,-0.19393068552017212,3.955273151397705,0.050000011920928955,1459750
9,5840,250,-28.602142333984375,-0.11440856754779816,4.049081802368164,0.050000011920928955,1460000
9,5841,250,-46.97414016723633,-0.18789656460285187,3.8132851123809814,0.050000011920928955,1460250
9,5842,250,-44.41792297363281,-0.17767168581485748,3.73517107963562,0.050000011920928955,1460500
9,5843,250,-18.6131649017334,-0.07445266097784042,3.786195755004883,0.050000011920928955,1460750
9,5844,250,-93.2906494140625,-0.3731625974178314,3.787094831466675,0.050000011920928955,1461000
9,5845,250,48.03904342651367,0.19215618073940277,3.681318521499634,0.050000011920928955,1461250
9,5846,250,-12.327253341674805,-0.04930901154875755,3.7541565895080566,0.050000011920928955,1461500
9,5847,250,-81.94511413574219,-0.32778045535087585,3.835520029067993,0.050000011920928955,1461750
9,5848,250,-84.69132232666016,-0.33876529335975647,3.670016050338745,0.050000011920928955,1462000
9,5849,250,40.0007209777832,0.16000288724899292,3.746187448501587,0.050000011920928955,1462250
9,5850,250,-45.5645866394043,-0.18225835263729095,3.702653646469116,0.050000011920928955,1462500
9,5851,250,-68.93077850341797,-0.27572309970855713,3.772939443588257,0.050000011920928955,1462750
9,5852,250,-64.20526123046875,-0.25682103633880615,3.569025993347168,0.050000011920928955,1463000
9,5853,250,-29.418094635009766,-0.1176723763346672,3.7842793464660645,0.050000011920928955,1463250
9,5854,250,-77.05374908447266,-0.3082149922847748,3.6803579330444336,0.050000011920928955,1463500
9,5855,250,-53.24348831176758,-0.212973952293396,3.7409563064575195,0.050000011920928955,1463750
9,5856,250,-105.38220977783203,-0.4215288460254669,3.743969440460205,0.050000011920928955,1464000
9,5857,250,30.839693069458008,0.12335877120494843,3.7135415077209473,0.050000011920928955,1464250
9,5858,250,34.18952178955078,0.13675808906555176,3.5653557777404785,0.050000011920928955,1464500
9,5859,250,-49.48626708984375,-0.19794507324695587,3.744201898574829,0.050000011920928955,1464750
9,5860,250,-6.464317798614502,-0.025857271626591682,3.643782377243042,0.050000011920928955,1465000
9,5861,250,-74.21119689941406,-0.2968447804450989,3.679903507232666,0.050000011920928955,1465250
9,5862,250,21.160730361938477,0.0846429243683815,3.6870667934417725,0.050000011920928955,1465500
9,5863,250,-55.00371551513672,-0.22001485526561737,3.6344058513641357,0.050000011920928955,1465750
9,5864,250,-94.17813110351562,-0.37671253085136414,3.677460193634033,0.050000011920928955,1466000
9,5865,250,-27.69001579284668,-0.11076006293296814,3.7874937057495117,0.050000011920928955,1466250
9,5866,250,-57.50436782836914,-0.23001746833324432,3.7188026905059814,0.050000011920928955,1466500
9,5867,250,-56.80376052856445,-0.22721503674983978,3.6466994285583496,0.050000011920928955,1466750
9,5868,250,-82.84171295166016,-0.3313668370246887,3.5383613109588623,0.050000011920928955,1467000
9,5869,250,-67.65469360351562,-0.2706187665462494,3.8339080810546875,0.050000011920928955,1467250
9,5870,250,-67.85316467285156,-0.2714126706123352,3.6204378604888916,0.050000011920928955,1467500
9,5871,250,3.59493350982666,0.014379734173417091,3.7187347412109375,0.050000011920928955,1467750
9,5872,250,15.5390625,0.06215624883770943,3.5170090198516846,0.050000011920928955,1468000
9,5873,250,-32.94215393066406,-0.1317686140537262,3.6906116008758545,0.050000011920928955,1468250
9,5874,250,-58.8731689453125,-0.23549267649650574,3.5175974369049072,0.050000011920928955,1468500
9,5875,250,-79.22970581054688,-0.31691882014274597,3.676779270172119,0.050000011920928955,1468750
9,5876,250,-72.24244689941406,-0.2889697849750519,3.622225046157837,0.050000011920928955,1469000
9,5877,250,-100.33262634277344,-0.40133050084114075,3.650325298309326,0.050000011920928955,1469250
9,5878,250,-79.84300231933594,-0.3193719983100891,3.6028876304626465,0.050000011920928955,1469500
9,5879,250,-83.66230773925781,-0.3346492350101471,3.6084516048431396,0.050000011920928955,1469750
9,5880,250,-40.745452880859375,-0.1629818081855774,3.5321435928344727,0.050000011920928955,1470000
9,5881,250,-100.02271270751953,-0.4000908434391022,3.743130922317505,0.050000011920928955,1470250
9,5882,250,-96.87432098388672,-0.38749727606773376,3.6137495040893555,0.050000011920928955,1470500
9,5883,250,-83.58162689208984,-0.33432650566101074,3.601137638092041,0.050000011920928955,1470750
9,5884,250,-60.9803352355957,-0.24392133951187134,3.527519941329956,0.050000011920928955,1471000
9,5885,250,-70.36024475097656,-0.28144097328186035,3.590296745300293,0.050000011920928955,1471250
9,5886,250,-110.5472640991211,-0.4421890676021576,3.554650068283081,0.050000011920928955,1471500
9,5887,250,-109.42696380615234,-0.4377078413963318,3.5773680210113525,0.050000011920928955,1471750
9,5888,250,-105.87870788574219,-0.42351484298706055,3.6979129314422607,0.050000011920928955,1472000
9,5889,250,-89.12471771240234,-0.3564988672733307,3.594480514526367,0.050000011920928955,1472250
9,5890,250,-60.88801574707031,-0.2435520589351654,3.449631929397583,0.050000011920928955,1472500
9,5891,250,-20.322458267211914,-0.08128983527421951,3.5561976432800293,0.050000011920928955,1472750
9,5892,250,27.606334686279297,0.11042533814907074,3.4977121353149414,0.050000011920928955,1473000
9,5893,250,0.28539490699768066,0.0011415795888751745,3.632493734359741,0.050000011920928955,1473250
9,5894,250,-58.75391387939453,-0.2350156605243683,3.5441644191741943,0.050000011920928955,1473500
9,5895,250,-20.407094955444336,-0.08162838220596313,3.6108901500701904,0.050000011920928955,1473750
9,5896,250,-104.26881408691406,-0.4170752465724945,3.5444724559783936,0.050000011920928955,1474000
9,5897,250,-32.54445266723633,-0.1301778107881546,3.605079412460327,0.050000011920928955,1474250
9,5898,250,69.88056945800781,0.27952226996421814,3.712817430496216,0.050000011920928955,1474500
9,5899,250,-4.4377593994140625,-0.017751038074493408,3.5255956649780273,0.050000011920928955,1474750
9,5900,250,54.40073013305664,0.2176029235124588,3.7331314086914062,0.050000011920928955,1475000
9,5901,250,27.6397762298584,0.11055910587310791,3.719710350036621,0.050000011920928955,1475250
9,5902,250,-53.22617721557617,-0.21290470659732819,3.7456424236297607,0.050000011920928955,1475500
9,5903,250,-32.99889373779297,-0.1319955736398697,3.511615037918091,0.050000011920928955,1475750
9,5904,250,-38.57621765136719,-0.1543048769235611,3.5923080444335938,0.050000011920928955,1476000
9,5905,250,-46.96211242675781,-0.18784844875335693,3.710923433303833,0.050000011920928955,1476250
9,5906,250,-20.897253036499023,-0.08358900994062424,3.6325995922088623,0.050000011920928955,1476500
9,5907,250,-75.02734375,-0.3001093864440918,3.7152867317199707,0.050000011920928955,1476750
9,5908,250,-83.10247802734375,-0.33240991830825806,3.679516315460205,0.050000011920928955,1477000
9,5909,250,-33.36132049560547,-0.13344527781009674,3.6685452461242676,0.050000011920928955,1477250
9,5910,250,-67.54586029052734,-0.2701834440231323,3.708588123321533,0.050000011920928955,1477500
9,5911,250,-33.669654846191406,-0.13467861711978912,3.705742597579956,0.050000011920928955,1477750
9,5912,250,-53.238059997558594,-0.21295224130153656,3.6793792247772217,0.050000011920928955,1478000
9,5913,250,-75.87577819824219,-0.3035031259059906,3.6958189010620117,0.050000011920928955,1478250
9,5914,250,-41.093482971191406,-0.16437393426895142,3.441767930984497,0.050000011920928955,1478500
9,5915,250,-68.67875671386719,-0.27471503615379333,3.5764811038970947,0.050000011920928955,1478750
9,5916,250,-58.04064178466797,-0.23216256499290466,3.3380353450775146,0.050000011920928955,1479000
9,5917,250,51.58473205566406,0.20633892714977264,3.616588592529297,0.050000011920928955,1479250
9,5918,250,-47.23115921020508,-0.188924640417099,3.502814769744873,0.050000011920928955,1479500
9,5919,250,-54.00822448730469,-0.21603289246559143,3.337705373764038,0.050000011920928955,1479750
9,5920,250,-63.129119873046875,-0.2525164783000946,3.3947086334228516,0.050000011920928955,1480000
9,5921,250,-8.088184356689453,-0.032352738082408905,3.4656665325164795,0.050000011920928955,1480250
9,5922,250,-40.31608581542969,-0.1612643450498581,3.479571580886841,0.050000011920928955,1480500
9,5923,250,-6.01856803894043,-0.024074271321296692,3.5156009197235107,0.050000011920928955,1480750
9,5924,250,-33.8726921081543,-0.1354907751083374,3.406472682952881,0.050000011920928955,1481000
9,5925,250,-19.07103729248047,-0.07628414779901505,3.4632411003112793,0.050000011920928955,1481250
9,5926,250,8.183549880981445,0.03273420035839081,3.47491192817688,0.050000011920928955,1481500
9,5927,250,-42.79962158203125,-0.17119848728179932,3.3796026706695557,0.050000011920928955,1481750
9,5928,250,-32.0611572265625,-0.12824462354183197,3.346381425857544,0.050000011920928955,1482000
9,5929,250,-3.13344144821167,-0.012533766217529774,3.4474141597747803,0.050000011920928955,1482250
9,5930,250,-75.1890869140625,-0.3007563352584839,3.4747819900512695,0.050000011920928955,1482500
9,5931,250,-16.779823303222656,-0.0671192929148674,3.380282163619995,0.050000011920928955,1482750
9,5932,250,-30.511615753173828,-0.12204646319150925,3.3452250957489014,0.050000011920928955,1483000
9,5933,250,-36.01997375488281,-0.14407989382743835,3.536834239959717,0.050000011920928955,1483250
9,5934,250,-64.93941497802734,-0.2597576677799225,3.3824853897094727,0.050000011920928955,1483500
9,5935,250,-80.27374267578125,-0.32109495997428894,3.292130947113037,0.050000011920928955,1483750
9,5936,250,-39.98014831542969,-0.1599205881357193,3.3240180015563965,0.050000011920928955,1484000
9,5937,250,-64.360107421875,-0.2574404180049896,3.3934106826782227,0.050000011920928955,1484250
9,5938,250,-30.881057739257812,-0.12352423369884491,3.275146245956421,0.050000011920928955,1484500
9,5939,250,-28.38486099243164,-0.1135394424200058,3.3930511474609375,0.050000011920928955,1484750
9,5940,250,-87.60545349121094,-0.35042181611061096,3.399737596511841,0.050000011920928955,1485000
9,5941,250,-3.273118734359741,-0.01309247501194477,3.313161849975586,0.050000011920928955,1485250
9,5942,250,-44.08511734008789,-0.1763404756784439,3.444913864135742,0.050000011920928955,1485500
9,5943,250,-18.224163055419922,-0.07289665192365646,3.4948267936706543,0.050000011920928955,1485750
9,5944,250,-59.533199310302734,-0.2381328046321869,3.4584686756134033,0.050000011920928955,1486000
9,5945,250,3.3411705493927,0.013364681974053383,3.571535348892212,0.050000011920928955,1486250
9,5946,250,-82.92310333251953,-0.3316924273967743,3.4561879634857178,0.050000011920928955,1486500
9,5947,250,-92.06062316894531,-0.3682425022125244,3.4375669956207275,0.050000011920928955,1486750
9,5948,250,-33.96245574951172,-0.13584981858730316,3.363234281539917,0.050000011920928955,1487000
9,5949,250,-49.119873046875,-0.19647949934005737,3.5476934909820557,0.050000011920928955,1487250
9,5950,250,-94.05977630615234,-0.3762390911579132,3.294520616531372,0.050000011920928955,1487500
9,5951,250,-49.72774124145508,-0.19891096651554108,3.387186050415039,0.050000011920928955,1487750
9,5952,250,-5.800238609313965,-0.023200955241918564,3.319328784942627,0.050000011920928955,1488000
9,5953,250,-27.904890060424805,-0.11161956191062927,3.4004313945770264,0.050000011920928955,1488250
9,5954,250,-94.03252410888672,-0.3761301040649414,3.4256179332733154,0.050000011920928955,1488500
9,5955,250,-38.60450744628906,-0.15441803634166718,3.31449294090271,0.050000011920928955,1488750
9,5956,250,-53.86382293701172,-0.2154552936553955,3.219679594039917,0.050000011920928955,1489000
9,5957,250,-52.02059555053711,-0.208082377910614,3.3607139587402344,0.050000011920928955,1489250
9,5958,250,-61.09174346923828,-0.24436697363853455,3.3626179695129395,0.050000011920928955,1489500
9,5959,250,-51.19626998901367,-0.2047850787639618,3.34088134765625,0.050000011920928955,1489750
9,5960,250,-11.140446662902832,-0.04456178843975067,3.358037233352661,0.050000011920928955,1490000
9,5961,250,-82.38668060302734,-0.329546719789505,3.346118450164795,0.050000011920928955,1490250
9,5962,250,-38.46821212768555,-0.15387284755706787,3.231588125228882,0.050000011920928955,1490500
9,5963,250,-1.6938319206237793,-0.006775327492505312,3.275115728378296,0.050000011920928955,1490750
9,5964,250,-92.79509735107422,-0.37118038535118103,3.2808644771575928,0.050000011920928955,1491000
9,5965,250,15.210322380065918,0.060841288417577744,3.4218239784240723,0.050000011920928955,1491250
9,5966,250,-87.73551177978516,-0.35094204545021057,3.471705675125122,0.050000011920928955,1491500
9,5967,250,34.16994094848633,0.1366797685623169,3.309422731399536,0.050000011920928955,1491750
9,5968,250,-102.04743957519531,-0.4081897437572479,3.2535557746887207,0.050000011920928955,1492000
9,5969,250,-0.05947422981262207,-0.000237896922044456,3.400824546813965,0.050000011920928955,1492250
9,5970,250,1.101088523864746,0.0044043539091944695,3.274813652038574,0.050000011920928955,1492500
9,5971,250,-1.0731117725372314,-0.004292447119951248,3.2691397666931152,0.050000011920928955,1492750
9,5972,250,-63.73249435424805,-0.2549299895763397,3.293602466583252,0.050000011920928955,1493000
9,5973,250,-37.24718475341797,-0.148988738656044,3.275108814239502,0.050000011920928955,1493250
9,5974,250,-92.89257049560547,-0.37157028913497925,3.17349910736084,0.050000011920928955,1493500
9,5975,250,-17.210830688476562,-0.06884332001209259,3.205315351486206,0.050000011920928955,1493750
9,5976,250,-52.041934967041016,-0.20816774666309357,3.1980249881744385,0.050000011920928955,1494000
9,5977,250,-8.593648910522461,-0.03437459468841553,3.0960912704467773,0.050000011920928955,1494250
9,5978,250,-50.5140380859375,-0.2020561546087265,2.991658926010132,0.050000011920928955,1494500
9,5979,250,-99.21095275878906,-0.396843820810318,3.07334041595459,0.050000011920928955,1494750
9,5980,250,6.0446014404296875,0.024178406223654747,2.934143543243408,0.050000011920928955,1495000
9,5981,250,-37.05851364135742,-0.1482340544462204,3.028038501739502,0.050000011920928955,1495250
9,5982,250,1.992691993713379,0.00797076802700758,2.9840950965881348,0.050000011920928955,1495500
9,5983,250,-42.59327697753906,-0.1703731119632721,3.0609805583953857,0.050000011920928955,1495750
9,5984,250,-44.260719299316406,-0.1770428717136383,3.0242669582366943,0.050000011920928955,1496000
9,5985,250,4.458564281463623,0.01783425733447075,3.043121576309204,0.050000011920928955,1496250
9,5986,250,-21.336700439453125,-0.08534680306911469,2.9590561389923096,0.050000011920928955,1496500
9,5987,250,-0.8857449293136597,-0.0035429797135293484,2.8751111030578613,0.050000011920928955,1496750
9,5988,250,-47.061397552490234,-0.18824559450149536,2.954634189605713,0.050000011920928955,1497000
9,5989,250,-25.879343032836914,-0.10351736843585968,3.0178606510162354,0.050000011920928955,1497250
9,5990,250,-62.6378059387207,-0.2505512237548828,3.073427677154541,0.050000011920928955,1497500
9,5991,250,-68.23707580566406,-0.272948294878006,2.904512405395508,0.050000011920928955,1497750
9,5992,250,28.598773956298828,0.11439509689807892,2.9680895805358887,0.050000011920928955,1498000
9,5993,250,-78.99250030517578,-0.3159700036048889,3.0559210777282715,0.050000011920928955,1498250
9,5994,250,128.309814453125,0.5132392644882202,3.0338850021362305,0.050000011920928955,1498500
9,5995,250,-23.914913177490234,-0.09565965086221695,3.004079580307007,0.050000011920928955,1498750
9,5996,250,-50.656002044677734,-0.20262400805950165,2.8564906120300293,0.050000011920928955,1499000
9,5997,250,-14.245522499084473,-0.05698208883404732,3.066169500350952,0.050000011920928955,1499250
9,5998,250,-13.859018325805664,-0.05543607473373413,2.940023422241211,0.050000011920928955,1499500
9,5999,250,-23.0577335357666,-0.09223093092441559,2.9114673137664795,0.050000011920928955,1499750
9,6000,250,-12.815069198608398,-0.05126027762889862,3.0377445220947266,0.050000011920928955,1500000
9,6001,250,-37.60472869873047,-0.15041890740394592,2.968975782394409,0.050000011920928955,1500250
9,6002,250,-49.84170913696289,-0.19936683773994446,2.9570398330688477,0.050000011920928955,1500500
9,6003,250,-88.55003356933594,-0.3542001247406006,3.0113818645477295,0.050000011920928955,1500750
9,6004,250,-6.025677680969238,-0.02410271018743515,3.1198837757110596,0.050000011920928955,1501000
9,6005,250,-15.838854789733887,-0.06335541605949402,3.0451536178588867,0.050000011920928955,1501250
9,6006,250,-76.21745300292969,-0.30486980080604553,3.006094217300415,0.050000011920928955,1501500
9,6007,250,-40.8009147644043,-0.1632036566734314,3.061643600463867,0.050000011920928955,1501750
9,6008,250,-0.2951129078865051,-0.0011804515961557627,2.965977668762207,0.050000011920928955,1502000
9,6009,250,1.9052979946136475,0.007621191907674074,3.01713490486145,0.050000011920928955,1502250
9,6010,250,14.539968490600586,0.05815987288951874,2.9492838382720947,0.050000011920928955,1502500
9,6011,250,-69.46492004394531,-0.2778596878051758,3.131220579147339,0.050000011920928955,1502750
9,6012,250,-45.41796875,-0.1816718727350235,2.949849843978882,0.050000011920928955,1503000
9,6013,250,58.47534942626953,0.23390139639377594,2.97568416595459,0.050000011920928955,1503250
9,6014,250,65.68888092041016,0.26275551319122314,3.1254191398620605,0.050000011920928955,1503500
9,6015,250,-16.498886108398438,-0.06599554419517517,3.105903148651123,0.050000011920928955,1503750
9,6016,250,-17.335420608520508,-0.06934168189764023,3.183439254760742,0.050000011920928955,1504000
9,6017,250,-7.735763072967529,-0.03094305284321308,3.0028626918792725,0.050000011920928955,1504250
9,6018,250,-79.51332092285156,-0.318053275346756,2.9793214797973633,0.050000011920928955,1504500
9,6019,250,-32.30071258544922,-0.12920285761356354,2.9410715103149414,0.050000011920928955,1504750
9,6020,250,-9.639790534973145,-0.03855916112661362,2.9420928955078125,0.050000011920928955,1505000
9,6021,250,-73.09954071044922,-0.2923981547355652,3.065701723098755,0.050000011920928955,1505250
9,6022,250,-18.28120231628418,-0.07312481105327606,3.1196348667144775,0.050000011920928955,1505500
9,6023,250,-103.91972351074219,-0.41567888855934143,3.0514044761657715,0.050000011920928955,1505750
9,6024,250,-95.37449645996094,-0.38149797916412354,2.9457693099975586,0.050000011920928955,1506000
9,6025,250,-25.891496658325195,-0.10356598347425461,2.9743428230285645,0.050000011920928955,1506250
9,6026,250,2.2870125770568848,0.009148050099611282,3.0773279666900635,0.050000011920928955,1506500
9,6027,250,-28.836149215698242,-0.11534459888935089,3.061209201812744,0.050000011920928955,1506750
9,6028,250,-20.172754287719727,-0.08069101721048355,2.961599588394165,0.050000011920928955,1507000
9,6029,250,-38.149749755859375,-0.15259899199008942,3.104419469833374,0.050000011920928955,1507250
9,6030,250,-21.938669204711914,-0.08775467425584793,3.030588388442993,0.050000011920928955,1507500
9,6031,250,-18.34366226196289,-0.07337465137243271,2.9472994804382324,0.050000011920928955,1507750
9,6032,250,-47.538963317871094,-0.19015584886074066,2.901829957962036,0.050000011920928955,1508000
9,6033,250,-55.42523956298828,-0.22170095145702362,3.0911619663238525,0.050000011920928955,1508250
9,6034,250,-118.0162582397461,-0.4720650315284729,3.145002603530884,0.050000011920928955,1508500
9,6035,250,-38.147212982177734,-0.1525888592004776,3.0158886909484863,0.050000011920928955,1508750
9,6036,250,-28.95709991455078,-0.11582840234041214,3.0408999919891357,0.050000011920928955,1509000
9,6037,250,-98.4439468383789,-0.3937757909297943,3.041233539581299,0.050000011920928955,1509250
9,6038,250,-8.01716423034668,-0.032068658620119095,3.13718581199646,0.050000011920928955,1509500
9,6039,250,-26.563640594482422,-0.10625456273555756,2.9937796592712402,0.050000011920928955,1509750
9,6040,250,36.97722244262695,0.14790889620780945,3.0306499004364014,0.050000011920928955,1510000
9,6041,250,-8.316886901855469,-0.0332675464451313,2.9866840839385986,0.050000011920928955,1510250
9,6042,250,-80.41899108886719,-0.32167595624923706,2.9946372509002686,0.050000011920928955,1510500
9,6043,250,-80.71977233886719,-0.3228790760040283,2.934325933456421,0.050000011920928955,1510750
9,6044,250,29.203598022460938,0.11681438982486725,2.9846034049987793,0.050000011920928955,1511000
9,6045,250,33.230812072753906,0.13292324542999268,2.962308168411255,0.050000011920928955,1511250
9,6046,250,-11.581596374511719,-0.04632638394832611,3.047985315322876,0.050000011920928955,1511500
9,6047,250,33.65793991088867,0.13463175296783447,2.9501094818115234,0.050000011920928955,1511750
9,6048,250,15.276227951049805,0.0611049123108387,3.007509469985962,0.050000011920928955,1512000
9,6049,250,35.232322692871094,0.14092929661273956,3.0356204509735107,0.050000011920928955,1512250
9,6050,250,-43.80977249145508,-0.17523908615112305,2.977005958557129,0.050000011920928955,1512500
9,6051,250,33.10409164428711,0.13241636753082275,3.0582547187805176,0.050000011920928955,1512750
9,6052,250,33.468109130859375,0.13387243449687958,2.9850621223449707,0.050000011920928955,1513000
9,6053,250,-6.123472213745117,-0.024493888020515442,3.0859720706939697,0.050000011920928955,1513250
9,6054,250,-42.83070373535156,-0.1713228076696396,2.9722838401794434,0.050000011920928955,1513500
9,6055,250,-41.86284637451172,-0.1674513816833496,3.0200657844543457,0.050000011920928955,1513750
9,6056,250,-27.961002349853516,-0.1118440106511116,3.096846103668213,0.050000011920928955,1514000
9,6057,250,126.054931640625,0.5042197108268738,3.172610282897949,0.050000011920928955,1514250
9,6058,250,-53.55097961425781,-0.21420392394065857,3.0951409339904785,0.050000011920928955,1514500
9,6059,250,-58.79661178588867,-0.23518644273281097,3.108433485031128,0.050000011920928955,1514750
9,6060,250,41.926151275634766,0.16770461201667786,3.1654181480407715,0.050000011920928955,1515000
9,6061,250,235.57818603515625,0.9423127174377441,3.0472264289855957,0.050000011920928955,1515250
9,6062,250,-50.78395462036133,-0.20313581824302673,3.074997901916504,0.050000011920928955,1515500
9,6063,250,8.808349609375,0.03523339703679085,2.9209630489349365,0.050000011920928955,1515750
9,6064,250,70.80661010742188,0.2832264304161072,3.096614360809326,0.050000011920928955,1516000
9,6065,250,-50.116615295410156,-0.20046645402908325,3.011913537979126,0.050000011920928955,1516250
9,6066,250,-12.101011276245117,-0.04840404540300369,3.0482003688812256,0.050000011920928955,1516500
9,6067,250,-42.67853927612305,-0.17071415483951569,3.0748369693756104,0.050000011920928955,1516750
9,6068,250,-14.867053985595703,-0.05946821719408035,2.973891019821167,0.050000011920928955,1517000
9,6069,250,-21.385929107666016,-0.08554371446371078,3.2130565643310547,0.050000011920928955,1517250
9,6070,250,-29.866039276123047,-0.11946415901184082,3.0942118167877197,0.050000011920928955,1517500
9,6071,250,-25.286762237548828,-0.10114704817533493,3.0319743156433105,0.050000011920928955,1517750
9,6072,250,-1.7343722581863403,-0.006937488913536072,3.139146089553833,0.050000011920928955,1518000
9,6073,250,48.18667984008789,0.19274671375751495,3.120734453201294,0.050000011920928955,1518250
9,6074,250,-61.506282806396484,-0.24602513015270233,3.123187303543091,0.050000011920928955,1518500
9,6075,250,6.559511184692383,0.02623804472386837,3.076219081878662,0.050000011920928955,1518750
9,6076,250,136.17752075195312,0.544710099697113,3.053616762161255,0.050000011920928955,1519000
9,6077,250,17.447776794433594,0.06979110836982727,3.12107253074646,0.050000011920928955,1519250
9,6078,250,-34.20906448364258,-0.13683626055717468,2.97643780708313,0.050000011920928955,1519500
9,6079,250,-26.426015853881836,-0.10570406168699265,3.0570950508117676,0.050000011920928955,1519750
9,6080,250,-54.08525848388672,-0.216341033577919,3.082071304321289,0.050000011920928955,1520000
9,6081,250,18.879837036132812,0.07551934570074081,3.0710747241973877,0.050000011920928955,1520250
9,6082,250,41.20597457885742,0.16482390463352203,3.0447261333465576,0.050000011920928955,1520500
9,6083,250,16.643592834472656,0.06657437235116959,3.085601806640625,0.050000011920928955,1520750
9,6084,250,-52.56511688232422,-0.21026046574115753,3.054172992706299,0.050000011920928955,1521000
9,6085,250,7.348416328430176,0.029393665492534637,3.22074031829834,0.050000011920928955,1521250
9,6086,250,73.87650299072266,0.29550600051879883,3.159273862838745,0.050000011920928955,1521500
9,6087,250,6.839876174926758,0.027359504252672195,3.1718475818634033,0.050000011920928955,1521750
9,6088,250,-74.97921752929688,-0.2999168634414673,3.0832724571228027,0.050000011920928955,1522000
9,6089,250,-68.95934295654297,-0.27583736181259155,2.973088264465332,0.050000011920928955,1522250
9,6090,250,-105.25289154052734,-0.4210115671157837,3.0547728538513184,0.050000011920928955,1522500
9,6091,250,39.342960357666016,0.15737184882164001,2.9177372455596924,0.050000011920928955,1522750
9,6092,250,154.45460510253906,0.6178184151649475,3.005497694015503,0.050000011920928955,1523000
9,6093,250,-31.016014099121094,-0.12406405806541443,3.1053192615509033,0.050000011920928955,1523250
9,6094,250,5.944357872009277,0.0237774308770895,3.115429639816284,0.050000011920928955,1523500
9,6095,250,-34.13618469238281,-0.13654473423957825,3.0284523963928223,0.050000011920928955,1523750
9,6096,250,-4.0992431640625,-0.01639697328209877,2.9771487712860107,0.050000011920928955,1524000
9,6097,250,-36.22306442260742,-0.14489226043224335,2.8989861011505127,0.050000011920928955,1524250
9,6098,250,0.14335966110229492,0.0005734386504627764,3.062070608139038,0.050000011920928955,1524500
9,6099,250,-62.02017593383789,-0.24808070063591003,2.989633321762085,0.050000011920928955,1524750
9,6100,250,-39.965423583984375,-0.1598616987466812,3.0631682872772217,0.050000011920928955,1525000
9,6101,250,-1.3618028163909912,-0.00544721120968461,3.02606201171875,0.050000011920928955,1525250
9,6102,250,-99.49896240234375,-0.39799585938453674,3.058638334274292,0.050000011920928955,1525500
9,6103,250,13.815645217895508,0.05526258051395416,3.041095018386841,0.050000011920928955,1525750
9,6104,250,24.777931213378906,0.09911172837018967,3.0703775882720947,0.050000011920928955,1526000
9,6105,250,36.718353271484375,0.14687341451644897,3.1597890853881836,0.050000011920928955,1526250
9,6106,250,-61.37440490722656,-0.24549761414527893,3.244954824447632,0.050000011920928955,1526500
9,6107,250,-33.23080825805664,-0.13292323052883148,3.1569406986236572,0.050000011920928955,1526750
9,6108,250,-11.47836685180664,-0.045913469046354294,3.1371231079101562,0.050000011920928955,1527000
9,6109,250,19.11510467529297,0.07646042108535767,3.171062469482422,0.050000011920928955,1527250
9,6110,250,69.804931640625,0.27921971678733826,3.344416618347168,0.050000011920928955,1527500
9,6111,250,46.81910705566406,0.1872764229774475,3.17144775390625,0.050000011920928955,1527750
9,6112,250,68.56732177734375,0.2742692828178406,3.200305700302124,0.050000011920928955,1528000
9,6113,250,26.84560775756836,0.10738243162631989,3.2578232288360596,0.050000011920928955,1528250
9,6114,250,-0.885040283203125,-0.0035401610657572746,3.200223207473755,0.050000011920928955,1528500
9,6115,250,-25.394073486328125,-0.1015762910246849,3.1614084243774414,0.050000011920928955,1528750
9,6116,250,28.171018600463867,0.11268407106399536,3.2963008880615234,0.050000011920928955,1529000
9,6117,250,-54.77718734741211,-0.21910874545574188,3.3220174312591553,0.050000011920928955,1529250
9,6118,250,-61.9523811340332,-0.2478095293045044,3.1985340118408203,0.050000011920928955,1529500
9,6119,250,-48.09920883178711,-0.1923968344926834,3.302931785583496,0.050000011920928955,1529750
9,6120,250,63.71861267089844,0.25487443804740906,3.035017251968384,0.050000011920928955,1530000
9,6121,250,-85.34929656982422,-0.3413971960544586,3.17508864402771,0.050000011920928955,1530250
9,6122,250,-32.40042495727539,-0.12960170209407806,3.1762044429779053,0.050000011920928955,1530500
9,6123,250,-39.92929458618164,-0.15971717238426208,3.149402618408203,0.050000011920928955,1530750
9,6124,250,-35.3845100402832,-0.14153803884983063,3.246015787124634,0.050000011920928955,1531000
9,6125,250,-35.300933837890625,-0.14120373129844666,3.067753314971924,0.050000011920928955,1531250
9,6126,250,-70.43488311767578,-0.2817395329475403,3.2460856437683105,0.050000011920928955,1531500
9,6127,250,-68.71614837646484,-0.2748645842075348,3.1212122440338135,0.050000011920928955,1531750
9,6128,250,85.23590850830078,0.3409436345100403,3.023381471633911,0.050000011920928955,1532000
9,6129,250,19.512313842773438,0.07804925739765167,3.0877091884613037,0.050000011920928955,1532250
9,6130,250,-69.30313873291016,-0.27721256017684937,3.037719249725342,0.050000011920928955,1532500
9,6131,250,-62.5422248840332,-0.25016888976097107,3.0177600383758545,0.050000011920928955,1532750
9,6132,250,-59.15053176879883,-0.23660212755203247,3.144706964492798,0.050000011920928955,1533000
9,6133,250,-39.85745620727539,-0.15942981839179993,3.0982306003570557,0.050000011920928955,1533250
9,6134,250,-22.974056243896484,-0.09189622849225998,3.097928047180176,0.050000011920928955,1533500
9,6135,250,-22.46555519104004,-0.08986221998929977,3.0460002422332764,0.050000011920928955,1533750
9,6136,250,-24.62625503540039,-0.09850502014160156,2.988715648651123,0.050000011920928955,1534000
9,6137,250,284.9268798828125,1.1397075653076172,3.0648131370544434,0.050000011920928955,1534250
9,6138,250,-43.438392639160156,-0.17375357449054718,3.0662693977355957,0.050000011920928955,1534500
9,6139,250,-52.791568756103516,-0.21116627752780914,2.855806827545166,0.050000011920928955,1534750
9,6140,250,12.323690414428711,0.049294762313365936,2.8690409660339355,0.050000011920928955,1535000
9,6141,250,-5.473289489746094,-0.021893158555030823,2.894176721572876,0.050000011920928955,1535250
9,6142,250,-15.759605407714844,-0.0630384236574173,2.8056304454803467,0.050000011920928955,1535500
9,6143,250,-61.71147537231445,-0.24684590101242065,2.89799427986145,0.050000011920928955,1535750
9,6144,250,77.44007873535156,0.30976030230522156,2.8653528690338135,0.050000011920928955,1536000
9,6145,250,-79.75621032714844,-0.31902483105659485,2.9124529361724854,0.050000011920928955,1536250
9,6146,250,-27.55320167541504,-0.11021281033754349,2.8731770515441895,0.050000011920928955,1536500
9,6147,250,70.52606201171875,0.2821042537689209,2.8961479663848877,0.050000011920928955,1536750
9,6148,250,-59.51791763305664,-0.23807166516780853,2.759546995162964,0.050000011920928955,1537000
9,6149,250,-50.70087814331055,-0.20280350744724274,2.8328847885131836,0.050000011920928955,1537250
9,6150,250,-61.148311614990234,-0.24459324777126312,2.7589218616485596,0.050000011920928955,1537500
9,6151,250,-67.47128295898438,-0.2698851227760315,2.8103678226470947,0.050000011920928955,1537750
9,6152,250,-33.933895111083984,-0.13573558628559113,2.697526693344116,0.050000011920928955,1538000
9,6153,250,18.640541076660156,0.07456216216087341,2.736201286315918,0.050000011920928955,1538250
9,6154,250,46.976776123046875,0.18790709972381592,2.7791850566864014,0.050000011920928955,1538500
9,6155,250,-29.416973114013672,-0.11766789108514786,2.689790725708008,0.050000011920928955,1538750
9,6156,250,23.692493438720703,0.09476997703313828,2.702995538711548,0.050000011920928955,1539000
9,6157,250,78.28804779052734,0.3131521940231323,2.706061363220215,0.050000011920928955,1539250
9,6158,250,-13.667701721191406,-0.05467080697417259,2.8601763248443604,0.050000011920928955,1539500
9,6159,250,7.216525554656982,0.028866102918982506,2.7123589515686035,0.050000011920928955,1539750
9,6160,250,-41.0493049621582,-0.16419722139835358,2.7152271270751953,0.050000011920928955,1540000
9,6161,250,-10.691680908203125,-0.04276672378182411,2.8563053607940674,0.050000011920928955,1540250
9,6162,250,25.088098526000977,0.10035239160060883,2.870513677597046,0.050000011920928955,1540500
9,6163,250,-76.02800750732422,-0.3041120171546936,2.8962526321411133,0.050000011920928955,1540750
9,6164,250,-46.16343688964844,-0.18465374410152435,2.92108416557312,0.050000011920928955,1541000
9,6165,250,-40.006439208984375,-0.16002576053142548,3.025949239730835,0.050000011920928955,1541250
9,6166,250,-41.122039794921875,-0.16448816657066345,2.891791582107544,0.050000011920928955,1541500
9,6167,250,-22.028337478637695,-0.08811335265636444,2.9777958393096924,0.050000011920928955,1541750
9,6168,250,15.043603897094727,0.06017441675066948,3.013244867324829,0.050000011920928955,1542000
9,6169,250,-58.955657958984375,-0.2358226329088211,3.0092201232910156,0.050000011920928955,1542250
9,6170,250,-14.466325759887695,-0.05786530300974846,3.130934715270996,0.050000011920928955,1542500
9,6171,250,-9.85726547241211,-0.039429061114788055,3.0081706047058105,0.050000011920928955,1542750
9,6172,250,-95.85462951660156,-0.3834185302257538,3.07489013671875,0.050000011920928955,1543000
9,6173,250,-70.52818298339844,-0.282112717628479,3.068570613861084,0.050000011920928955,1543250
9,6174,250,-84.23779296875,-0.3369511663913727,2.947706699371338,0.050000011920928955,1543500
9,6175,250,6.234411716461182,0.024937646463513374,3.0166120529174805,0.050000011920928955,1543750
9,6176,250,-61.651153564453125,-0.24660462141036987,3.018491268157959,0.050000011920928955,1544000
9,6177,250,-105.94161224365234,-0.42376643419265747,3.1961116790771484,0.050000011920928955,1544250
9,6178,250,-110.9415283203125,-0.44376611709594727,3.2531042098999023,0.050000011920928955,1544500
9,6179,250,-104.487548828125,-0.41795018315315247,3.2008492946624756,0.050000011920928955,1544750
9,6180,250,-98.63936614990234,-0.39455747604370117,3.3513050079345703,0.050000011920928955,1545000
9,6181,250,-86.96057891845703,-0.3478423058986664,3.385044813156128,0.050000011920928955,1545250
9,6182,250,-86.27318572998047,-0.3450927436351776,3.3401975631713867,0.050000011920928955,1545500
9,6183,250,-41.86876678466797,-0.16747507452964783,3.5383121967315674,0.050000011920928955,1545750
9,6184,250,-8.45906925201416,-0.03383627533912659,3.5563507080078125,0.050000011920928955,1546000
9,6185,250,-104.18748474121094,-0.4167499244213104,3.6482839584350586,0.050000011920928955,1546250
9,6186,250,-85.83799743652344,-0.34335198998451233,3.5631113052368164,0.050000011920928955,1546500
9,6187,250,-82.7804183959961,-0.33112168312072754,3.532093048095703,0.050000011920928955,1546750
9,6188,250,-93.66151428222656,-0.37464606761932373,3.5141220092773438,0.050000011920928955,1547000
9,6189,250,-88.16533660888672,-0.3526613414287567,3.7993433475494385,0.050000011920928955,1547250
9,6190,250,-106.71627044677734,-0.4268650710582733,3.6838018894195557,0.050000011920928955,1547500
9,6191,250,-93.69680786132812,-0.37478724122047424,3.7610883712768555,0.050000011920928955,1547750
9,6192,250,-107.19133758544922,-0.42876535654067993,3.6571757793426514,0.050000011920928955,1548000
9,6193,250,-83.6837158203125,-0.33473485708236694,3.9670162200927734,0.050000011920928955,1548250
9,6194,250,-87.70658874511719,-0.35082635283470154,3.9457390308380127,0.050000011920928955,1548500
9,6195,250,-95.32128143310547,-0.3812851309776306,4.096951961517334,0.050000011920928955,1548750
9,6196,250,-101.06858825683594,-0.4042743444442749,3.977780342102051,0.050000011920928955,1549000
9,6197,250,-75.07437896728516,-0.3002975285053253,4.457024097442627,0.050000011920928955,1549250
9,6198,250,-92.12781524658203,-0.36851125955581665,4.44450044631958,0.050000011920928955,1549500
9,6199,250,-95.77278137207031,-0.38309112191200256,4.319339752197266,0.050000011920928955,1549750
9,6200,250,-92.86239624023438,-0.3714495897293091,4.300561428070068,0.050000011920928955,1550000
9,6201,250,-85.02450561523438,-0.3400980234146118,4.546784400939941,0.050000011920928955,1550250
9,6202,250,-90.22025299072266,-0.3608810007572174,4.333126544952393,0.050000011920928955,1550500
9,6203,250,-90.4015121459961,-0.36160606145858765,4.386429786682129,0.050000011920928955,1550750
9,6204,250,-73.90211486816406,-0.2956084609031677,4.502424240112305,0.050000011920928955,1551000
9,6205,250,-77.94782257080078,-0.3117913007736206,4.474956035614014,0.050000011920928955,1551250
9,6206,250,-73.27029418945312,-0.2930811643600464,4.6765594482421875,0.050000011920928955,1551500
9,6207,250,-110.04723358154297,-0.4401889443397522,4.448859214782715,0.050000011920928955,1551750
9,6208,250,-90.23729705810547,-0.36094918847084045,4.290201187133789,0.050000011920928955,1552000
9,6209,250,-75.6058120727539,-0.30242323875427246,4.249119281768799,0.050000011920928955,1552250
9,6210,250,-120.49169158935547,-0.4819667637348175,4.2778401374816895,0.050000011920928955,1552500
9,6211,250,-79.1534423828125,-0.3166137635707855,4.316295623779297,0.050000011920928955,1552750
9,6212,250,-124.21696472167969,-0.4968678653240204,4.035380840301514,0.050000011920928955,1553000
9,6213,250,-92.33444213867188,-0.3693377673625946,4.17544412612915,0.050000011920928955,1553250
9,6214,250,-138.84303283691406,-0.5553721189498901,4.116991996765137,0.050000011920928955,1553500
9,6215,250,-104.24530029296875,-0.41698119044303894,3.992798328399658,0.050000011920928955,1553750
9,6216,250,-92.31306457519531,-0.3692522644996643,3.959256887435913,0.050000011920928955,1554000
9,6217,250,-105.06427001953125,-0.4202570915222168,4.232846260070801,0.050000011920928955,1554250
9,6218,250,-57.78689193725586,-0.23114757239818573,4.065429210662842,0.050000011920928955,1554500
9,6219,250,81.99251556396484,0.32797005772590637,3.989670515060425,0.050000011920928955,1554750
9,6220,250,-88.8704605102539,-0.3554818332195282,3.8047659397125244,0.050000011920928955,1555000
9,6221,250,-110.63033294677734,-0.442521333694458,3.982508420944214,0.050000011920928955,1555250
9,6222,250,-17.983678817749023,-0.07193471491336823,3.758336067199707,0.050000011920928955,1555500
9,6223,250,-31.030899047851562,-0.12412359565496445,3.6759190559387207,0.050000011920928955,1555750
9,6224,250,-35.169830322265625,-0.14067931473255157,3.69948410987854,0.050000011920928955,1556000
9,6225,250,-109.5101089477539,-0.43804043531417847,3.955214738845825,0.050000011920928955,1556250
9,6226,250,-117.98210144042969,-0.4719284176826477,3.679579257965088,0.050000011920928955,1556500
9,6227,250,-118.14644622802734,-0.4725857973098755,3.666102409362793,0.050000011920928955,1556750
9,6228,250,-93.81932830810547,-0.3752773106098175,3.482713222503662,0.050000011920928955,1557000
9,6229,250,-99.74373626708984,-0.3989749550819397,3.9435150623321533,0.050000011920928955,1557250
9,6230,250,-81.57135772705078,-0.3262854218482971,3.711235761642456,0.050000011920928955,1557500
9,6231,250,-77.36294555664062,-0.30945178866386414,3.7657761573791504,0.050000011920928955,1557750
9,6232,250,-144.76071166992188,-0.5790428519248962,3.6285595893859863,0.050000011920928955,1558000
9,6233,250,-53.44715118408203,-0.21378859877586365,4.171731948852539,0.050000011920928955,1558250
9,6234,250,-97.06073760986328,-0.3882429599761963,3.9901556968688965,0.050000011920928955,1558500
9,6235,250,-95.42558288574219,-0.38170233368873596,3.840116500854492,0.050000011920928955,1558750
9,6236,250,-120.16558837890625,-0.48066234588623047,3.809173345565796,0.050000011920928955,1559000
9,6237,250,-136.2578125,-0.5450312495231628,4.304519176483154,0.050000011920928955,1559250
9,6238,250,-148.7247314453125,-0.5948989391326904,3.944270133972168,0.050000011920928955,1559500
9,6239,250,-153.9127960205078,-0.6156511902809143,3.995238780975342,0.050000011920928955,1559750
9,6240,250,-123.51608276367188,-0.4940643310546875,4.145872116088867,0.050000011920928955,1560000
9,6241,250,-125.89691162109375,-0.5035876631736755,4.535326957702637,0.050000011920928955,1560250
9,6242,250,-68.24075317382812,-0.2729630172252655,4.097671985626221,0.050000011920928955,1560500
9,6243,250,-151.53622436523438,-0.606144905090332,4.177947998046875,0.050000011920928955,1560750
9,6244,250,-107.3244857788086,-0.42929795384407043,4.111100673675537,0.050000011920928955,1561000
9,6245,250,-107.21397399902344,-0.42885589599609375,4.231319904327393,0.050000011920928955,1561250
9,6246,250,-120.48793029785156,-0.4819517135620117,3.911529779434204,0.050000011920928955,1561500
9,6247,250,-101.66212463378906,-0.4066484868526459,4.050976753234863,0.050000011920928955,1561750
9,6248,250,-154.56842041015625,-0.6182736754417419,3.9398531913757324,0.050000011920928955,1562000
9,6249,250,-113.69293975830078,-0.4547717571258545,4.350733280181885,0.050000011920928955,1562250
9,6250,250,-50.83767318725586,-0.20335069298744202,3.9594175815582275,0.050000011920928955,1562500
9,6251,250,-110.56134033203125,-0.44224536418914795,4.036187171936035,0.050000011920928955,1562750
9,6252,250,-119.18145751953125,-0.47672581672668457,3.9162611961364746,0.050000011920928955,1563000
9,6253,250,-116.50129699707031,-0.4660051763057709,4.135560035705566,0.050000011920928955,1563250
9,6254,250,-58.62795639038086,-0.2345118224620819,3.8010947704315186,0.050000011920928955,1563500
9,6255,250,-111.8373794555664,-0.44734951853752136,3.883270263671875,0.050000011920928955,1563750
9,6256,250,-107.7839126586914,-0.4311356544494629,3.760587453842163,0.050000011920928955,1564000
9,6257,250,-116.51929473876953,-0.46607717871665955,3.7238099575042725,0.050000011920928955,1564250
9,6258,250,-65.91499328613281,-0.2636599838733673,3.7466845512390137,0.050000011920928955,1564500
9,6259,250,-71.90670776367188,-0.28762683272361755,3.6953392028808594,0.050000011920928955,1564750
9,6260,250,-139.50804138183594,-0.5580321550369263,3.6788575649261475,0.050000011920928955,1565000
9,6261,250,-70.79879760742188,-0.2831951975822449,4.0472869873046875,0.050000011920928955,1565250
9,6262,250,-86.63771057128906,-0.346550852060318,3.7095916271209717,0.050000011920928955,1565500
9,6263,250,-65.38410186767578,-0.2615364193916321,3.701800584793091,0.050000011920928955,1565750
9,6264,250,-101.0800552368164,-0.40432021021842957,3.6170663833618164,0.050000011920928955,1566000
9,6265,250,-80.2970199584961,-0.3211880922317505,3.7762911319732666,0.050000011920928955,1566250
9,6266,250,-91.12578582763672,-0.3645031452178955,3.5781502723693848,0.050000011920928955,1566500
9,6267,250,-27.160737991333008,-0.10864295065402985,3.4990286827087402,0.050000011920928955,1566750
9,6268,250,-46.29823303222656,-0.18519292771816254,3.4267492294311523,0.050000011920928955,1567000
9,6269,250,-93.05886840820312,-0.3722354769706726,3.8754289150238037,0.050000011920928955,1567250
9,6270,250,-70.4554214477539,-0.28182169795036316,3.603610038757324,0.050000011920928955,1567500
9,6271,250,-64.1196060180664,-0.2564784288406372,3.4752488136291504,0.050000011920928955,1567750
9,6272,250,-71.93158721923828,-0.28772634267807007,3.4770612716674805,0.050000011920928955,1568000
9,6273,250,-83.27207946777344,-0.33308830857276917,3.951845645904541,0.050000011920928955,1568250
9,6274,250,-48.685367584228516,-0.19474147260189056,3.763425588607788,0.050000011920928955,1568500
9,6275,250,-60.83171463012695,-0.24332685768604279,3.695051908493042,0.050000011920928955,1568750
9,6276,250,40.71175765991211,0.16284702718257904,3.537824869155884,0.050000011920928955,1569000
9,6277,250,-67.7056884765625,-0.27082276344299316,3.990349054336548,0.050000011920928955,1569250
9,6278,250,-38.00701904296875,-0.15202806890010834,3.8484864234924316,0.050000011920928955,1569500
9,6279,250,-63.426212310791016,-0.25370484590530396,3.835057020187378,0.050000011920928955,1569750
9,6280,250,-2.2707865238189697,-0.00908314622938633,3.739990234375,0.050000011920928955,1570000
9,6281,250,-37.1572265625,-0.14862890541553497,4.214181900024414,0.050000011920928955,1570250
9,6282,250,-70.06138610839844,-0.2802455425262451,4.027784824371338,0.050000011920928955,1570500
9,6283,250,-62.456809997558594,-0.24982723593711853,3.9824273586273193,0.050000011920928955,1570750
9,6284,250,-69.64685821533203,-0.2785874307155609,3.846386671066284,0.050000011920928955,1571000
9,6285,250,-72.95919036865234,-0.29183676838874817,4.1805524826049805,0.050000011920928955,1571250
9,6286,250,-72.400634765625,-0.2896025478839874,4.1661834716796875,0.050000011920928955,1571500
9,6287,250,-63.16476058959961,-0.25265905261039734,4.049046039581299,0.050000011920928955,1571750
9,6288,250,-92.10492706298828,-0.36841970682144165,3.919715166091919,0.050000011920928955,1572000
9,6289,250,-90.64762115478516,-0.362590491771698,4.1357951164245605,0.050000011920928955,1572250
9,6290,250,-56.67097854614258,-0.22668391466140747,4.1356425285339355,0.050000011920928955,1572500
9,6291,250,-57.181007385253906,-0.22872403264045715,4.054719924926758,0.050000011920928955,1572750
9,6292,250,-57.7505989074707,-0.23100239038467407,3.9591257572174072,0.050000011920928955,1573000
9,6293,250,-119.62146759033203,-0.4784858822822571,4.271319389343262,0.050000011920928955,1573250
9,6294,250,-61.15948486328125,-0.24463793635368347,3.949282169342041,0.050000011920928955,1573500
9,6295,250,-64.53439331054688,-0.258137583732605,3.9890332221984863,0.050000011920928955,1573750
9,6296,250,-56.99037551879883,-0.2279614955186844,3.9558658599853516,0.050000011920928955,1574000
9,6297,250,-69.18025970458984,-0.2767210304737091,4.13608455657959,0.050000011920928955,1574250
9,6298,250,-62.6464958190918,-0.25058597326278687,3.8002054691314697,0.050000011920928955,1574500
9,6299,250,-54.41980743408203,-0.2176792323589325,3.972052812576294,0.050000011920928955,1574750
9,6300,250,-46.745269775390625,-0.18698108196258545,3.9899837970733643,0.050000011920928955,1575000
9,6301,250,-55.81200408935547,-0.22324801981449127,4.096347332000732,0.050000011920928955,1575250
9,6302,250,-50.73935317993164,-0.2029574066400528,3.7992610931396484,0.050000011920928955,1575500
9,6303,250,-109.80082702636719,-0.43920332193374634,3.7510080337524414,0.050000011920928955,1575750
9,6304,250,-114.76683807373047,-0.45906734466552734,3.699066400527954,0.050000011920928955,1576000
9,6305,250,-69.04657745361328,-0.2761863172054291,3.7262439727783203,0.050000011920928955,1576250
9,6306,250,-99.10933685302734,-0.3964373469352722,3.640981435775757,0.050000011920928955,1576500
9,6307,250,-100.87136840820312,-0.4034854769706726,3.480872392654419,0.050000011920928955,1576750
9,6308,250,-150.51458740234375,-0.6020583510398865,3.6921615600585938,0.050000011920928955,1577000
9,6309,250,-167.26254272460938,-0.6690501570701599,3.5023045539855957,0.050000011920928955,1577250
9,6310,250,-83.44612884521484,-0.3337845206260681,3.2728943824768066,0.050000011920928955,1577500
9,6311,250,-179.22193908691406,-0.7168877720832825,3.2354543209075928,0.050000011920928955,1577750
9,6312,250,-44.678592681884766,-0.17871436476707458,3.307920217514038,0.050000011920928955,1578000
9,6313,250,-80.99848175048828,-0.3239939212799072,3.2415664196014404,0.050000011920928955,1578250
9,6314,250,-133.0177764892578,-0.5320711135864258,3.20267391204834,0.050000011920928955,1578500
9,6315,250,-71.29650115966797,-0.2851859927177429,3.1099846363067627,0.050000011920928955,1578750
9,6316,250,-156.02520751953125,-0.6241008043289185,3.11124849319458,0.050000011920928955,1579000
9,6317,250,-110.67524719238281,-0.44270098209381104,3.248382329940796,0.050000011920928955,1579250
9,6318,250,-143.0664825439453,-0.5722659230232239,3.285796642303467,0.050000011920928955,1579500
9,6319,250,-91.46025085449219,-0.36584100127220154,3.1093552112579346,0.050000011920928955,1579750
9,6320,250,-116.18341827392578,-0.46473366022109985,3.0245487689971924,0.050000011920928955,1580000
9,6321,250,-153.85040283203125,-0.6154016256332397,3.250438928604126,0.050000011920928955,1580250
9,6322,250,-171.16294860839844,-0.684651792049408,3.059335947036743,0.050000011920928955,1580500
9,6323,250,-75.72978973388672,-0.3029191493988037,3.1039528846740723,0.050000011920928955,1580750
9,6324,250,-136.28538513183594,-0.5451415181159973,3.131222724914551,0.050000011920928955,1581000
9,6325,250,-72.11194610595703,-0.2884477972984314,3.2955644130706787,0.050000011920928955,1581250
9,6326,250,-85.8430404663086,-0.3433721661567688,3.276982545852661,0.050000011920928955,1581500
9,6327,250,-76.64408111572266,-0.30657631158828735,3.3309202194213867,0.050000011920928955,1581750
9,6328,250,-122.58659362792969,-0.49034637212753296,3.355217218399048,0.050000011920928955,1582000
9,6329,250,-14.840815544128418,-0.05936326086521149,3.3786375522613525,0.050000011920928955,1582250
9,6330,250,-150.5792236328125,-0.6023169159889221,3.347515344619751,0.050000011920928955,1582500
9,6331,250,-25.531158447265625,-0.10212463140487671,3.40262770652771,0.050000011920928955,1582750
9,6332,250,-178.98587036132812,-0.715943455696106,3.3712265491485596,0.050000011920928955,1583000
9,6333,250,55.13898849487305,0.22055596113204956,3.4680051803588867,0.050000011920928955,1583250
9,6334,250,-150.37518310546875,-0.6015007495880127,3.333887815475464,0.050000011920928955,1583500
9,6335,250,-141.7383575439453,-0.5669534206390381,3.405897617340088,0.050000011920928955,1583750
9,6336,250,-78.11717987060547,-0.3124687075614929,3.3033828735351562,0.050000011920928955,1584000
9,6337,250,-102.87326049804688,-0.4114930331707001,3.282797336578369,0.050000011920928955,1584250
9,6338,250,-138.1905059814453,-0.5527620315551758,3.2459139823913574,0.050000011920928955,1584500
9,6339,250,-130.3124237060547,-0.5212497115135193,3.240840435028076,0.050000011920928955,1584750
9,6340,250,18.492351531982422,0.07396940886974335,3.2108216285705566,0.050000011920928955,1585000
9,6341,250,-165.9564208984375,-0.6638256907463074,3.320594549179077,0.050000011920928955,1585250
9,6342,250,-87.28128814697266,-0.3491251468658447,3.335488796234131,0.050000011920928955,1585500
9,6343,250,-194.2081756591797,-0.7768326997756958,3.358196496963501,0.050000011920928955,1585750
9,6344,250,-136.7184295654297,-0.5468736886978149,3.2507314682006836,0.050000011920928955,1586000
9,6345,250,-123.04669189453125,-0.4921867549419403,3.417910575866699,0.050000011920928955,1586250
9,6346,250,-125.2696762084961,-0.501078724861145,3.322967529296875,0.050000011920928955,1586500
9,6347,250,-129.51129150390625,-0.51804518699646,3.307858943939209,0.050000011920928955,1586750
9,6348,250,-91.23538970947266,-0.3649415671825409,3.2599551677703857,0.050000011920928955,1587000
9,6349,250,-65.71643829345703,-0.26286575198173523,3.3084964752197266,0.050000011920928955,1587250
9,6350,250,-61.83941650390625,-0.24735766649246216,3.3378045558929443,0.050000011920928955,1587500
9,6351,250,-80.14897918701172,-0.320595920085907,3.15421462059021,0.050000011920928955,1587750
9,6352,250,-71.6998062133789,-0.28679922223091125,3.3517870903015137,0.050000011920928955,1588000
9,6353,250,-85.09052276611328,-0.3403621017932892,3.471362590789795,0.050000011920928955,1588250
9,6354,250,-92.69847869873047,-0.3707939088344574,3.2535147666931152,0.050000011920928955,1588500
9,6355,250,-73.21744537353516,-0.29286977648735046,3.3659801483154297,0.050000011920928955,1588750
9,6356,250,-81.08680725097656,-0.32434722781181335,3.1867315769195557,0.050000011920928955,1589000
9,6357,250,-54.4314079284668,-0.21772563457489014,3.408491373062134,0.050000011920928955,1589250
9,6358,250,-14.893670082092285,-0.0595746785402298,3.3142945766448975,0.050000011920928955,1589500
9,6359,250,-78.47038269042969,-0.313881516456604,3.2960352897644043,0.050000011920928955,1589750
9,6360,250,-87.37065887451172,-0.34948262572288513,3.091887950897217,0.050000011920928955,1590000
9,6361,250,-55.069061279296875,-0.22027625143527985,3.527311325073242,0.050000011920928955,1590250
9,6362,250,-73.49053192138672,-0.29396212100982666,3.344120740890503,0.050000011920928955,1590500
9,6363,250,-52.11640548706055,-0.20846562087535858,3.261378049850464,0.050000011920928955,1590750
9,6364,250,-32.808143615722656,-0.13123257458209991,3.1317591667175293,0.050000011920928955,1591000
9,6365,250,-76.00437927246094,-0.3040175139904022,3.3079113960266113,0.050000011920928955,1591250
9,6366,250,-61.162628173828125,-0.24465051293373108,3.3405632972717285,0.050000011920928955,1591500
9,6367,250,-64.68146514892578,-0.2587258517742157,3.1758034229278564,0.050000011920928955,1591750
9,6368,250,-71.2580337524414,-0.28503212332725525,3.1247806549072266,0.050000011920928955,1592000
9,6369,250,-87.8453598022461,-0.35138145089149475,3.3325932025909424,0.050000011920928955,1592250
9,6370,250,-62.073219299316406,-0.24829287827014923,3.2104873657226562,0.050000011920928955,1592500
9,6371,250,-51.42024612426758,-0.2056809812784195,3.0964324474334717,0.050000011920928955,1592750
9,6372,250,-67.06962585449219,-0.2682785093784332,3.1330132484436035,0.050000011920928955,1593000
9,6373,250,-71.72327423095703,-0.2868930995464325,3.156141519546509,0.050000011920928955,1593250
9,6374,250,-73.58435821533203,-0.2943374216556549,3.051849842071533,0.050000011920928955,1593500
9,6375,250,-73.33634185791016,-0.2933453619480133,3.052164077758789,0.050000011920928955,1593750
9,6376,250,-60.65155029296875,-0.24260620772838593,2.926557779312134,0.050000011920928955,1594000
9,6377,250,-35.50798416137695,-0.1420319378376007,2.9983696937561035,0.050000011920928955,1594250
9,6378,250,-48.5942497253418,-0.19437700510025024,3.037523031234741,0.050000011920928955,1594500
9,6379,250,-81.85208129882812,-0.3274083137512207,2.947767496109009,0.050000011920928955,1594750
9,6380,250,-55.66383361816406,-0.22265534102916718,3.0401298999786377,0.050000011920928955,1595000
9,6381,250,-45.923439025878906,-0.1836937516927719,2.993967056274414,0.050000011920928955,1595250
9,6382,250,-61.05562973022461,-0.2442225217819214,2.864431858062744,0.050000011920928955,1595500
9,6383,250,-42.07399368286133,-0.1682959794998169,2.6768229007720947,0.050000011920928955,1595750
9,6384,250,-64.88175964355469,-0.2595270276069641,2.665135145187378,0.050000011920928955,1596000
9,6385,250,-59.1540412902832,-0.23661616444587708,2.7023301124572754,0.050000011920928955,1596250
9,6386,250,-47.92212677001953,-0.19168850779533386,2.6027677059173584,0.050000011920928955,1596500
9,6387,250,-52.664852142333984,-0.21065941452980042,2.719852924346924,0.050000011920928955,1596750
9,6388,250,-60.01887893676758,-0.2400755137205124,2.598843812942505,0.050000011920928955,1597000
9,6389,250,-67.41995239257812,-0.26967981457710266,2.492788314819336,0.050000011920928955,1597250
9,6390,250,-45.40812301635742,-0.18163248896598816,2.378169059753418,0.050000011920928955,1597500
9,6391,250,-51.967769622802734,-0.20787107944488525,2.3369719982147217,0.050000011920928955,1597750
9,6392,250,-39.026405334472656,-0.1561056226491928,2.3886399269104004,0.050000011920928955,1598000
9,6393,250,-59.5916633605957,-0.23836664855480194,2.3707902431488037,0.050000011920928955,1598250
9,6394,250,-44.887115478515625,-0.1795484572649002,2.2146942615509033,0.050000011920928955,1598500
9,6395,250,-56.46416473388672,-0.22585666179656982,2.1939022541046143,0.050000011920928955,1598750
9,6396,250,-69.1711196899414,-0.2766844928264618,2.1406779289245605,0.050000011920928955,1599000
9,6397,250,-54.335906982421875,-0.21734362840652466,2.2381527423858643,0.050000011920928955,1599250
9,6398,250,106.21305847167969,0.4248522222042084,2.208112955093384,0.050000011920928955,1599500
9,6399,250,-57.30698776245117,-0.2292279452085495,2.1342177391052246,0.050000011920928955,1599750
9,6400,250,-63.70271301269531,-0.2548108398914337,2.1565773487091064,0.050000011920928955,1600000
9,6401,250,6.971369743347168,0.027885479852557182,2.396845817565918,0.050000011920928955,1600250
9,6402,250,-53.29408264160156,-0.21317632496356964,2.305424451828003,0.050000011920928955,1600500
9,6403,250,-25.25399398803711,-0.10101597756147385,2.3112447261810303,0.050000011920928955,1600750
9,6404,250,-64.99710845947266,-0.2599884271621704,2.2691235542297363,0.050000011920928955,1601000
9,6405,250,-38.45209884643555,-0.15380840003490448,2.2254910469055176,0.050000011920928955,1601250
9,6406,250,-49.98958969116211,-0.19995835423469543,2.215715169906616,0.050000011920928955,1601500
9,6407,250,-48.49787902832031,-0.1939915120601654,2.3239710330963135,0.050000011920928955,1601750
9,6408,250,114.8056640625,0.4592226445674896,2.237320899963379,0.050000011920928955,1602000
9,6409,250,-76.55245208740234,-0.3062098026275635,2.3808414936065674,0.050000011920928955,1602250
9,6410,250,164.15805053710938,0.6566321849822998,2.342033624649048,0.050000011920928955,1602500
9,6411,250,11.666521072387695,0.046666085720062256,2.243649959564209,0.050000011920928955,1602750
9,6412,250,-67.61988830566406,-0.27047955989837646,2.2833147048950195,0.050000011920928955,1603000
9,6413,250,-57.711368560791016,-0.23084548115730286,2.365185260772705,0.050000011920928955,1603250
9,6414,250,50.163665771484375,0.20065465569496155,2.38622784614563,0.050000011920928955,1603500
9,6415,250,-15.112859725952148,-0.060451440513134,2.267172336578369,0.050000011920928955,1603750
9,6416,250,-80.533203125,-0.32213282585144043,2.3252816200256348,0.050000011920928955,1604000
9,6417,250,-42.66615295410156,-0.17066460847854614,2.4284801483154297,0.050000011920928955,1604250
9,6418,250,-63.822845458984375,-0.2552913725376129,2.3726189136505127,0.050000011920928955,1604500
9,6419,250,-49.52404022216797,-0.1980961561203003,2.408745050430298,0.050000011920928955,1604750
9,6420,250,-57.94636154174805,-0.23178544640541077,2.2786595821380615,0.050000011920928955,1605000
9,6421,250,-35.00099563598633,-0.1400039792060852,2.4755403995513916,0.050000011920928955,1605250
9,6422,250,-65.20232391357422,-0.2608093023300171,2.3677611351013184,0.050000011920928955,1605500
9,6423,250,-43.90386199951172,-0.17561544477939606,2.3229358196258545,0.050000011920928955,1605750
9,6424,250,-62.916542053222656,-0.2516661584377289,2.369058609008789,0.050000011920928955,1606000
9,6425,250,-93.22007751464844,-0.37288030982017517,2.556885004043579,0.050000011920928955,1606250
9,6426,250,-53.34480285644531,-0.21337920427322388,2.472681760787964,0.050000011920928955,1606500
9,6427,250,-59.66093444824219,-0.23864373564720154,2.501148223876953,0.050000011920928955,1606750
9,6428,250,-66.2137451171875,-0.26485496759414673,2.460130453109741,0.050000011920928955,1607000
9,6429,250,-57.55278015136719,-0.23021112382411957,2.670443058013916,0.050000011920928955,1607250
9,6430,250,-42.20957565307617,-0.16883830726146698,2.5314748287200928,0.050000011920928955,1607500
9,6431,250,48.856163024902344,0.1954246461391449,2.5328776836395264,0.050000011920928955,1607750
9,6432,250,-70.86832427978516,-0.28347328305244446,2.506078004837036,0.050000011920928955,1608000
9,6433,250,-79.41588592529297,-0.3176635503768921,2.7119202613830566,0.050000011920928955,1608250
9,6434,250,-67.96031951904297,-0.27184128761291504,2.6180293560028076,0.050000011920928955,1608500
9,6435,250,-1.2774804830551147,-0.005109922029078007,2.507707357406616,0.050000011920928955,1608750
9,6436,250,-56.21757888793945,-0.22487030923366547,2.511040449142456,0.050000011920928955,1609000
9,6437,250,-73.82466888427734,-0.29529866576194763,2.899954319000244,0.050000011920928955,1609250
9,6438,250,-13.374343872070312,-0.053497374057769775,2.640068769454956,0.050000011920928955,1609500
9,6439,250,-77.04978942871094,-0.3081991672515869,2.5892651081085205,0.050000011920928955,1609750
9,6440,250,-86.30097961425781,-0.3452039062976837,2.678408622741699,0.050000011920928955,1610000
9,6441,250,-55.89719009399414,-0.223588764667511,2.8239681720733643,0.050000011920928955,1610250
9,6442,250,-44.06357955932617,-0.17625431716442108,2.797233819961548,0.050000011920928955,1610500
9,6443,250,-34.295345306396484,-0.1371813863515854,2.7517342567443848,0.050000011920928955,1610750
9,6444,250,-70.70500946044922,-0.28282004594802856,2.7169508934020996,0.050000011920928955,1611000
9,6445,250,-72.98514556884766,-0.2919405698776245,2.904757022857666,0.050000011920928955,1611250
9,6446,250,-52.73943328857422,-0.21095773577690125,2.768399477005005,0.050000011920928955,1611500
9,6447,250,-14.803537368774414,-0.05921414867043495,2.741231918334961,0.050000011920928955,1611750
9,6448,250,-55.75479507446289,-0.22301918268203735,2.6319291591644287,0.050000011920928955,1612000
9,6449,250,-13.47199821472168,-0.0538879930973053,2.9343955516815186,0.050000011920928955,1612250
9,6450,250,-33.33836364746094,-0.13335345685482025,2.756476402282715,0.050000011920928955,1612500
9,6451,250,-49.33389663696289,-0.19733558595180511,2.791457176208496,0.050000011920928955,1612750
9,6452,250,169.2164764404297,0.6768659353256226,2.670905590057373,0.050000011920928955,1613000
9,6453,250,-57.421241760253906,-0.2296849638223648,2.700442314147949,0.050000011920928955,1613250
9,6454,250,-71.2793197631836,-0.2851172685623169,2.7452874183654785,0.050000011920928955,1613500
9,6455,250,-57.727027893066406,-0.2309081107378006,2.513611316680908,0.050000011920928955,1613750
9,6456,250,-43.60371780395508,-0.17441487312316895,2.4630064964294434,0.050000011920928955,1614000
9,6457,250,1.7968031167984009,0.007187212351709604,2.5243260860443115,0.050000011920928955,1614250
9,6458,250,-18.10010528564453,-0.07240042090415955,2.484689235687256,0.050000011920928955,1614500
9,6459,250,-29.19860076904297,-0.1167943999171257,2.556057929992676,0.050000011920928955,1614750
9,6460,250,193.64207458496094,0.7745683193206787,2.4354498386383057,0.050000011920928955,1615000
9,6461,250,-130.08956909179688,-0.5203582644462585,2.4684410095214844,0.050000011920928955,1615250
9,6462,250,-61.14620590209961,-0.2445848286151886,2.4115641117095947,0.050000011920928955,1615500
9,6463,250,-107.2674560546875,-0.4290698170661926,2.481624126434326,0.050000011920928955,1615750
9,6464,250,-109.95419311523438,-0.43981677293777466,2.3400158882141113,0.050000011920928955,1616000
9,6465,250,-109.67393493652344,-0.4386957287788391,2.4995715618133545,0.050000011920928955,1616250
9,6466,250,-70.97024536132812,-0.28388097882270813,2.427619218826294,0.050000011920928955,1616500
9,6467,250,-80.04867553710938,-0.32019469141960144,2.324287176132202,0.050000011920928955,1616750
9,6468,250,-95.83193969726562,-0.38332775235176086,2.360366106033325,0.050000011920928955,1617000
9,6469,250,-130.9709930419922,-0.5238839983940125,2.399956703186035,0.050000011920928955,1617250
9,6470,250,-48.38703918457031,-0.19354815781116486,2.335599660873413,0.050000011920928955,1617500
9,6471,250,-67.10344696044922,-0.268413782119751,2.261125087738037,0.050000011920928955,1617750
9,6472,250,-59.321197509765625,-0.2372847944498062,2.3768718242645264,0.050000011920928955,1618000
9,6473,250,-138.5636749267578,-0.5542547106742859,2.3554794788360596,0.050000011920928955,1618250
9,6474,250,-76.95672607421875,-0.3078269064426422,2.3519492149353027,0.050000011920928955,1618500
9,6475,250,-89.09239196777344,-0.3563695549964905,2.3280622959136963,0.050000011920928955,1618750
9,6476,250,-137.0548095703125,-0.5482192635536194,2.3482754230499268,0.050000011920928955,1619000
9,6477,250,-88.48418426513672,-0.35393673181533813,2.3597333431243896,0.050000011920928955,1619250
9,6478,250,-62.92667007446289,-0.25170668959617615,2.324594497680664,0.050000011920928955,1619500
9,6479,250,-127.352783203125,-0.5094111561775208,2.2780370712280273,0.050000011920928955,1619750
9,6480,250,-87.44196319580078,-0.34976786375045776,2.2485387325286865,0.050000011920928955,1620000
9,6481,250,-177.75741577148438,-0.7110296487808228,2.405228614807129,0.050000011920928955,1620250
9,6482,250,-131.7830047607422,-0.5271320343017578,2.3905105590820312,0.050000011920928955,1620500
9,6483,250,-109.96681213378906,-0.4398672580718994,2.3993046283721924,0.050000011920928955,1620750
9,6484,250,-89.59121704101562,-0.35836488008499146,2.3658666610717773,0.050000011920928955,1621000
9,6485,250,-101.82624053955078,-0.407304972410202,2.4109811782836914,0.050000011920928955,1621250
9,6486,250,-151.53099060058594,-0.6061239838600159,2.4367926120758057,0.050000011920928955,1621500
9,6487,250,-115.37791442871094,-0.46151167154312134,2.3652544021606445,0.050000011920928955,1621750
9,6488,250,-105.19921112060547,-0.42079684138298035,2.454796314239502,0.050000011920928955,1622000
9,6489,250,-20.768882751464844,-0.08307553082704544,2.3908352851867676,0.050000011920928955,1622250
9,6490,250,-94.54901885986328,-0.3781960606575012,2.460082769393921,0.050000011920928955,1622500
9,6491,250,5.106937408447266,0.020427750423550606,2.4379513263702393,0.050000011920928955,1622750
9,6492,250,-114.15509033203125,-0.45662036538124084,2.2979605197906494,0.050000011920928955,1623000
9,6493,250,-63.69667053222656,-0.2547866702079773,2.4082295894622803,0.050000011920928955,1623250
9,6494,250,-70.80721282958984,-0.2832288444042206,2.2994296550750732,0.050000011920928955,1623500
9,6495,250,-75.28790283203125,-0.3011516034603119,2.472806453704834,0.050000011920928955,1623750
9,6496,250,-105.26506042480469,-0.4210602343082428,2.3674232959747314,0.050000011920928955,1624000
9,6497,250,-110.0479507446289,-0.4401918053627014,2.4888877868652344,0.050000011920928955,1624250
9,6498,250,-50.60843276977539,-0.2024337351322174,2.429534912109375,0.050000011920928955,1624500
9,6499,250,-137.67987060546875,-0.5507194995880127,2.4739291667938232,0.050000011920928955,1624750
9,6500,250,-131.0114288330078,-0.5240457057952881,2.387179136276245,0.050000011920928955,1625000
9,6501,250,-128.16893005371094,-0.5126757025718689,2.4704885482788086,0.050000011920928955,1625250
9,6502,250,-76.31926727294922,-0.3052770793437958,2.391099691390991,0.050000011920928955,1625500
9,6503,250,-62.67445755004883,-0.2506978213787079,2.433990478515625,0.050000011920928955,1625750
9,6504,250,-172.11990356445312,-0.6884796023368835,2.49117374420166,0.050000011920928955,1626000
9,6505,250,-66.75091552734375,-0.2670036554336548,2.523268222808838,0.050000011920928955,1626250
9,6506,250,-83.89323425292969,-0.3355729281902313,2.4794530868530273,0.050000011920928955,1626500
9,6507,250,-73.58704376220703,-0.29434818029403687,2.5121731758117676,0.050000011920928955,1626750
9,6508,250,-106.69671630859375,-0.426786869764328,2.3997409343719482,0.050000011920928955,1627000
9,6509,250,-59.46892166137695,-0.23787568509578705,2.571571111679077,0.050000011920928955,1627250
9,6510,250,-65.00932312011719,-0.26003730297088623,2.6286871433258057,0.050000011920928955,1627500
9,6511,250,-72.54682922363281,-0.2901873290538788,2.4834227561950684,0.050000011920928955,1627750
9,6512,250,-63.5169792175293,-0.25406792759895325,2.6195263862609863,0.050000011920928955,1628000
9,6513,250,-86.55006408691406,-0.34620025753974915,2.640594482421875,0.050000011920928955,1628250
9,6514,250,-36.70446014404297,-0.14681783318519592,2.6744511127471924,0.050000011920928955,1628500
9,6515,250,-23.938234329223633,-0.09575293958187103,2.6284143924713135,0.050000011920928955,1628750
9,6516,250,-62.95201110839844,-0.2518080472946167,2.5506255626678467,0.050000011920928955,1629000
9,6517,250,-96.01038360595703,-0.38404154777526855,2.644026756286621,0.050000011920928955,1629250
9,6518,250,-72.49539184570312,-0.28998157382011414,2.607743501663208,0.050000011920928955,1629500
9,6519,250,-39.74111557006836,-0.15896445512771606,2.634197950363159,0.050000011920928955,1629750
9,6520,250,-101.09373474121094,-0.4043749272823334,2.5778725147247314,0.050000011920928955,1630000
9,6521,250,-99.5379867553711,-0.3981519341468811,2.7660508155822754,0.050000011920928955,1630250
9,6522,250,-32.48126983642578,-0.12992507219314575,2.6246230602264404,0.050000011920928955,1630500
9,6523,250,-30.4045467376709,-0.12161818891763687,2.6182799339294434,0.050000011920928955,1630750
9,6524,250,-34.70234298706055,-0.13880936801433563,2.5808463096618652,0.050000011920928955,1631000
9,6525,250,-70.5097885131836,-0.28203916549682617,2.6339304447174072,0.050000011920928955,1631250
9,6526,250,-31.841432571411133,-0.12736572325229645,2.5913407802581787,0.050000011920928955,1631500
9,6527,250,-14.473542213439941,-0.05789417028427124,2.621800422668457,0.050000011920928955,1631750
9,6528,250,-13.012313842773438,-0.05204925686120987,2.5697531700134277,0.050000011920928955,1632000
9,6529,250,-64.0696029663086,-0.2562784254550934,2.5475053787231445,0.050000011920928955,1632250
9,6530,250,-45.86384201049805,-0.18345536291599274,2.481931209564209,0.050000011920928955,1632500
9,6531,250,-58.68767166137695,-0.2347506880760193,2.582479476928711,0.050000011920928955,1632750
9,6532,250,-75.05323028564453,-0.30021291971206665,2.5524959564208984,0.050000011920928955,1633000
9,6533,250,-96.3561019897461,-0.38542440533638,2.547075033187866,0.050000011920928955,1633250
9,6534,250,-16.6613826751709,-0.0666455328464508,2.547125816345215,0.050000011920928955,1633500
9,6535,250,-40.61689376831055,-0.1624675691127777,2.5103583335876465,0.050000011920928955,1633750
9,6536,250,-56.951908111572266,-0.22780762612819672,2.4131619930267334,0.050000011920928955,1634000
9,6537,250,-77.16806030273438,-0.3086722493171692,2.4312474727630615,0.050000011920928955,1634250
9,6538,250,-90.83922576904297,-0.36335688829421997,2.513883590698242,0.050000011920928955,1634500
9,6539,250,-17.231523513793945,-0.06892609596252441,2.4057047367095947,0.050000011920928955,1634750
9,6540,250,-76.01569366455078,-0.30406278371810913,2.436760902404785,0.050000011920928955,1635000
9,6541,250,55.07451629638672,0.22029806673526764,2.470475435256958,0.050000011920928955,1635250
9,6542,250,-16.63814926147461,-0.06655259430408478,2.370401382446289,0.050000011920928955,1635500
9,6543,250,-31.86617088317871,-0.1274646818637848,2.488511800765991,0.050000011920928955,1635750
9,6544,250,-96.72132873535156,-0.38688531517982483,2.4118154048919678,0.050000011920928955,1636000
9,6545,250,-74.94315338134766,-0.29977262020111084,2.350339889526367,0.050000011920928955,1636250
9,6546,250,-34.906898498535156,-0.1396275907754898,2.343251943588257,0.050000011920928955,1636500
9,6547,250,-88.60802459716797,-0.3544321060180664,2.258420944213867,0.050000011920928955,1636750
9,6548,250,-42.77338409423828,-0.17109353840351105,2.3451104164123535,0.050000011920928955,1637000
9,6549,250,-30.51557731628418,-0.1220623105764389,2.493685483932495,0.050000011920928955,1637250
9,6550,250,-39.55986785888672,-0.1582394689321518,2.309260845184326,0.050000011920928955,1637500
9,6551,250,-35.232383728027344,-0.14092953503131866,2.4395546913146973,0.050000011920928955,1637750
9,6552,250,-6.438340187072754,-0.025753360241651535,2.240232467651367,0.050000011920928955,1638000
9,6553,250,-37.234920501708984,-0.14893968403339386,2.3458187580108643,0.050000011920928955,1638250
9,6554,250,47.412540435791016,0.18965016305446625,2.32832670211792,0.050000011920928955,1638500
9,6555,250,4.413850784301758,0.017655402421951294,2.400244951248169,0.050000011920928955,1638750
9,6556,250,-18.244840621948242,-0.07297936081886292,2.279906988143921,0.050000011920928955,1639000
9,6557,250,-37.85066604614258,-0.15140266716480255,2.240546703338623,0.050000011920928955,1639250
9,6558,250,-40.916683197021484,-0.1636667400598526,2.1954574584960938,0.050000011920928955,1639500
9,6559,250,-49.22018814086914,-0.1968807578086853,2.259192943572998,0.050000011920928955,1639750
9,6560,250,-62.57063293457031,-0.25028252601623535,2.199047565460205,0.050000011920928955,1640000
9,6561,250,31.691837310791016,0.1267673522233963,2.335876226425171,0.050000011920928955,1640250
9,6562,250,10.846759796142578,0.0433870404958725,2.318239688873291,0.050000011920928955,1640500
9,6563,250,-71.97240447998047,-0.28788962960243225,2.255840301513672,0.050000011920928955,1640750
9,6564,250,-8.102538108825684,-0.0324101522564888,2.2597086429595947,0.050000011920928955,1641000
9,6565,250,44.14710235595703,0.17658841609954834,2.405122995376587,0.050000011920928955,1641250
9,6566,250,-43.3150749206543,-0.17326030135154724,2.3136887550354004,0.050000011920928955,1641500
9,6567,250,94.39375305175781,0.37757501006126404,2.3185510635375977,0.050000011920928955,1641750
9,6568,250,22.7899112701416,0.0911596417427063,2.257985830307007,0.050000011920928955,1642000
9,6569,250,-26.079336166381836,-0.10431734472513199,2.470493793487549,0.050000011920928955,1642250
9,6570,250,36.61833190917969,0.14647333323955536,2.3329522609710693,0.050000011920928955,1642500
9,6571,250,7.121260166168213,0.028485041111707687,2.3044536113739014,0.050000011920928955,1642750
9,6572,250,30.30974578857422,0.12123898416757584,2.3293023109436035,0.050000011920928955,1643000
9,6573,250,-81.16651916503906,-0.3246660828590393,2.437082290649414,0.050000011920928955,1643250
9,6574,250,-24.604677200317383,-0.0984187051653862,2.429288148880005,0.050000011920928955,1643500
9,6575,250,-23.916349411010742,-0.09566539525985718,2.3072309494018555,0.050000011920928955,1643750
9,6576,250,-20.732290267944336,-0.08292916417121887,2.288623332977295,0.050000011920928955,1644000
9,6577,250,-44.67664337158203,-0.1787065714597702,2.4518585205078125,0.050000011920928955,1644250
9,6578,250,9.902681350708008,0.03961072489619255,2.314998149871826,0.050000011920928955,1644500
9,6579,250,-20.224103927612305,-0.08089641481637955,2.4277265071868896,0.050000011920928955,1644750
9,6580,250,-6.889239311218262,-0.02755695767700672,2.3948612213134766,0.050000011920928955,1645000
9,6581,250,-49.919044494628906,-0.19967617094516754,2.6324448585510254,0.050000011920928955,1645250
9,6582,250,11.778833389282227,0.04711533337831497,2.471557140350342,0.050000011920928955,1645500
9,6583,250,-43.372554779052734,-0.1734902262687683,2.437026023864746,0.050000011920928955,1645750
9,6584,250,-54.48167037963867,-0.21792668104171753,2.5069918632507324,0.050000011920928955,1646000
9,6585,250,126.42084503173828,0.5056833624839783,2.4785914421081543,0.050000011920928955,1646250
9,6586,250,-51.00505447387695,-0.20402021706104279,2.528602361679077,0.050000011920928955,1646500
9,6587,250,-46.56167984008789,-0.18624672293663025,2.49577260017395,0.050000011920928955,1646750
9,6588,250,-18.121904373168945,-0.07248761504888535,2.5044591426849365,0.050000011920928955,1647000
9,6589,250,-70.16813659667969,-0.280672550201416,2.251210927963257,0.050000011920928955,1647250
9,6590,250,-28.926231384277344,-0.11570492386817932,2.3546741008758545,0.050000011920928955,1647500
9,6591,250,-31.753372192382812,-0.12701348960399628,2.4189696311950684,0.050000011920928955,1647750
9,6592,250,-32.663150787353516,-0.13065260648727417,2.389348030090332,0.050000011920928955,1648000
9,6593,250,-31.92462158203125,-0.12769848108291626,2.4853310585021973,0.050000011920928955,1648250
9,6594,250,-60.0144157409668,-0.24005766212940216,2.351485252380371,0.050000011920928955,1648500
9,6595,250,1.9318897724151611,0.007727559190243483,2.339404582977295,0.050000011920928955,1648750
9,6596,250,-2.9289839267730713,-0.011715935543179512,2.3503658771514893,0.050000011920928955,1649000
9,6597,250,-59.10969543457031,-0.2364387810230255,2.4558281898498535,0.050000011920928955,1649250
9,6598,250,8.176427841186523,0.03270571306347847,2.382962942123413,0.050000011920928955,1649500
9,6599,250,0.9413288831710815,0.00376531551592052,2.3265435695648193,0.050000011920928955,1649750
9,6600,250,14.019378662109375,0.056077513843774796,2.221336841583252,0.050000011920928955,1650000
9,6601,250,-49.10480880737305,-0.19641923904418945,2.3434951305389404,0.050000011920928955,1650250
9,6602,250,1.5614852905273438,0.006245941389352083,2.373600959777832,0.050000011920928955,1650500
9,6603,250,23.190292358398438,0.09276116639375687,2.250764846801758,0.050000011920928955,1650750
9,6604,250,10.869891166687012,0.043479565531015396,2.2902379035949707,0.050000011920928955,1651000
9,6605,250,22.299421310424805,0.08919768780469894,2.289170265197754,0.050000011920928955,1651250
9,6606,250,36.22533416748047,0.1449013352394104,2.335223436355591,0.050000011920928955,1651500
9,6607,250,65.1788558959961,0.26071542501449585,2.2333569526672363,0.050000011920928955,1651750
9,6608,250,59.9915771484375,0.23996630311012268,2.202336072921753,0.050000011920928955,1652000
9,6609,250,-51.412994384765625,-0.20565198361873627,2.286189556121826,0.050000011920928955,1652250
9,6610,250,45.62996292114258,0.1825198531150818,2.217294216156006,0.050000011920928955,1652500
9,6611,250,-212.03936767578125,-0.8481574654579163,2.1945881843566895,0.050000011920928955,1652750
9,6612,250,-38.528995513916016,-0.1541159749031067,2.279334783554077,0.050000011920928955,1653000
9,6613,250,22.72222328186035,0.09088889509439468,2.3945274353027344,0.050000011920928955,1653250
9,6614,250,-11.813043594360352,-0.04725217446684837,2.2819900512695312,0.050000011920928955,1653500
9,6615,250,16.31650733947754,0.06526602804660797,2.2930450439453125,0.050000011920928955,1653750
9,6616,250,53.108673095703125,0.21243469417095184,2.3564250469207764,0.050000011920928955,1654000
9,6617,250,42.14649200439453,0.16858597099781036,2.349752187728882,0.050000011920928955,1654250
9,6618,250,-42.32004928588867,-0.16928020119667053,2.4138827323913574,0.050000011920928955,1654500
9,6619,250,-43.44709014892578,-0.17378835380077362,2.295888662338257,0.050000011920928955,1654750
9,6620,250,4.6766204833984375,0.018706481903791428,2.387722969055176,0.050000011920928955,1655000
9,6621,250,-7.948514461517334,-0.03179405629634857,2.382599115371704,0.050000011920928955,1655250
9,6622,250,-31.12494659423828,-0.12449978291988373,2.3180196285247803,0.050000011920928955,1655500
9,6623,250,-4.329672336578369,-0.017318690195679665,2.5061545372009277,0.050000011920928955,1655750
9,6624,250,52.79282760620117,0.21117131412029266,2.3561923503875732,0.050000011920928955,1656000
9,6625,250,39.21686553955078,0.15686745941638947,2.331465005874634,0.050000011920928955,1656250
9,6626,250,-3.173149824142456,-0.012692599557340145,2.2117691040039062,0.050000011920928955,1656500
9,6627,250,6.422018051147461,0.02568807266652584,2.379636287689209,0.050000011920928955,1656750
9,6628,250,-6.020779609680176,-0.02408311888575554,2.1717143058776855,0.050000011920928955,1657000
9,6629,250,34.52667236328125,0.13810668885707855,2.4728124141693115,0.050000011920928955,1657250
9,6630,250,-19.927230834960938,-0.07970892637968063,2.3702216148376465,0.050000011920928955,1657500
9,6631,250,3.0639610290527344,0.012255843728780746,2.360583782196045,0.050000011920928955,1657750
9,6632,250,-25.52557945251465,-0.10210231691598892,2.3550074100494385,0.050000011920928955,1658000
9,6633,250,43.40619659423828,0.17362478375434875,2.414661407470703,0.050000011920928955,1658250
9,6634,250,46.42987060546875,0.18571947515010834,2.358485221862793,0.050000011920928955,1658500
9,6635,250,28.092655181884766,0.11237061768770218,2.3394885063171387,0.050000011920928955,1658750
9,6636,250,83.74895477294922,0.3349958062171936,2.325960159301758,0.050000011920928955,1659000
9,6637,250,15.907190322875977,0.06362876296043396,2.294868230819702,0.050000011920928955,1659250
9,6638,250,80.2607192993164,0.32104286551475525,2.3236136436462402,0.050000011920928955,1659500
9,6639,250,16.337858200073242,0.06535143405199051,2.302856922149658,0.050000011920928955,1659750
9,6640,250,11.85086727142334,0.04740346968173981,2.318495035171509,0.050000011920928955,1660000
9,6641,250,34.86713409423828,0.13946853578090668,2.271195411682129,0.050000011920928955,1660250
9,6642,250,19.781837463378906,0.07912734895944595,2.2354090213775635,0.050000011920928955,1660500
9,6643,250,45.33531188964844,0.1813412457704544,2.2249433994293213,0.050000011920928955,1660750
9,6644,250,68.79468536376953,0.2751787304878235,2.2745208740234375,0.050000011920928955,1661000
9,6645,250,4.042204856872559,0.01616881974041462,2.4917051792144775,0.050000011920928955,1661250
9,6646,250,179.8354949951172,0.7193419933319092,2.2574121952056885,0.050000011920928955,1661500
9,6647,250,-4.213344573974609,-0.01685337908565998,2.2712361812591553,0.050000011920928955,1661750
9,6648,250,56.99147415161133,0.22796589136123657,2.172842502593994,0.050000011920928955,1662000
9,6649,250,-41.45957565307617,-0.1658383011817932,2.2726025581359863,0.050000011920928955,1662250
9,6650,250,-38.212005615234375,-0.152848020195961,2.2932465076446533,0.050000011920928955,1662500
9,6651,250,-16.787302017211914,-0.06714920699596405,2.2488341331481934,0.050000011920928955,1662750
9,6652,250,-1.3730747699737549,-0.005492298863828182,2.2403910160064697,0.050000011920928955,1663000
9,6653,250,-29.760149002075195,-0.1190405935049057,2.3155291080474854,0.050000011920928955,1663250
9,6654,250,25.765226364135742,0.10306090861558914,2.22622013092041,0.050000011920928955,1663500
9,6655,250,26.51227569580078,0.10604910552501678,2.1531338691711426,0.050000011920928955,1663750
9,6656,250,-18.812564849853516,-0.07525026053190231,2.290452718734741,0.050000011920928955,1664000
9,6657,250,-68.41056060791016,-0.27364224195480347,2.427393913269043,0.050000011920928955,1664250
9,6658,250,23.659563064575195,0.09463825076818466,2.3888888359069824,0.050000011920928955,1664500
9,6659,250,-36.876869201660156,-0.1475074738264084,2.2264602184295654,0.050000011920928955,1664750
9,6660,250,-23.966463088989258,-0.09586585313081741,2.3033902645111084,0.050000011920928955,1665000
9,6661,250,27.162769317626953,0.10865107923746109,2.3757386207580566,0.050000011920928955,1665250
9,6662,250,-38.08063507080078,-0.15232254564762115,2.3341336250305176,0.050000011920928955,1665500
9,6663,250,-56.09138870239258,-0.22436556220054626,2.2878215312957764,0.050000011920928955,1665750
9,6664,250,-4.006044864654541,-0.016024179756641388,2.3089065551757812,0.050000011920928955,1666000
9,6665,250,-63.78699493408203,-0.2551479935646057,2.4423739910125732,0.050000011920928955,1666250
9,6666,250,-6.12995719909668,-0.02451982907950878,2.4865052700042725,0.050000011920928955,1666500
9,6667,250,-44.402854919433594,-0.17761142551898956,2.3926589488983154,0.050000011920928955,1666750
9,6668,250,2.34195613861084,0.009367824532091618,2.447385549545288,0.050000011920928955,1667000
9,6669,250,-48.02298355102539,-0.1920919269323349,2.395789384841919,0.050000011920928955,1667250
9,6670,250,-62.31769943237305,-0.24927079677581787,2.423095464706421,0.050000011920928955,1667500
9,6671,250,-51.02801513671875,-0.20411206781864166,2.394812822341919,0.050000011920928955,1667750
9,6672,250,85.89139556884766,0.34356558322906494,2.3654286861419678,0.050000011920928955,1668000
9,6673,250,-80.05760192871094,-0.3202303946018219,2.505810022354126,0.050000011920928955,1668250
9,6674,250,-89.78314971923828,-0.3591325879096985,2.4399571418762207,0.050000011920928955,1668500
9,6675,250,-43.02908706665039,-0.17211635410785675,2.3595170974731445,0.050000011920928955,1668750
9,6676,250,-49.54536819458008,-0.19818148016929626,2.431586980819702,0.050000011920928955,1669000
9,6677,250,-58.59957504272461,-0.23439830541610718,2.454602003097534,0.050000011920928955,1669250
9,6678,250,-128.72605895996094,-0.514904260635376,2.388726234436035,0.050000011920928955,1669500
9,6679,250,-87.32284545898438,-0.3492913842201233,2.4094786643981934,0.050000011920928955,1669750
9,6680,250,-113.36708068847656,-0.45346832275390625,2.4186418056488037,0.050000011920928955,1670000
9,6681,250,-46.4296989440918,-0.18571878969669342,2.6236820220947266,0.050000011920928955,1670250
9,6682,250,-91.546875,-0.36618751287460327,2.6092565059661865,0.050000011920928955,1670500
9,6683,250,-122.67796325683594,-0.49071186780929565,2.5625293254852295,0.050000011920928955,1670750
9,6684,250,-108.70640563964844,-0.4348256289958954,2.483280897140503,0.050000011920928955,1671000
9,6685,250,-123.95887756347656,-0.4958355128765106,2.8426673412323,0.050000011920928955,1671250
9,6686,250,-24.645793914794922,-0.0985831767320633,2.7300660610198975,0.050000011920928955,1671500
9,6687,250,-65.9609146118164,-0.2638436555862427,2.707322597503662,0.050000011920928955,1671750
9,6688,250,-7.827692031860352,-0.03131076693534851,2.654362916946411,0.050000011920928955,1672000
9,6689,250,-94.86958312988281,-0.3794783353805542,2.7909858226776123,0.050000011920928955,1672250
9,6690,250,-112.1263656616211,-0.4485054612159729,2.701782703399658,0.050000011920928955,1672500
9,6691,250,-52.68787384033203,-0.2107514888048172,2.6400949954986572,0.050000011920928955,1672750
9,6692,250,-90.34378051757812,-0.3613751232624054,2.712829351425171,0.050000011920928955,1673000
9,6693,250,-54.221763610839844,-0.21688705682754517,2.8306918144226074,0.050000011920928955,1673250
9,6694,250,10.331223487854004,0.04132489487528801,2.7204599380493164,0.050000011920928955,1673500
9,6695,250,-42.566192626953125,-0.17026476562023163,2.680809497833252,0.050000011920928955,1673750
9,6696,250,-117.11906433105469,-0.468476265668869,2.660386323928833,0.050000011920928955,1674000
9,6697,250,-81.97608947753906,-0.3279043436050415,2.9168529510498047,0.050000011920928955,1674250
9,6698,250,18.63661003112793,0.0745464414358139,2.8199143409729004,0.050000011920928955,1674500
9,6699,250,-77.11338806152344,-0.3084535598754883,2.8295297622680664,0.050000011920928955,1674750
9,6700,250,-60.730140686035156,-0.24292056262493134,2.8015706539154053,0.050000011920928955,1675000
9,6701,250,7.210127830505371,0.02884051203727722,3.0173792839050293,0.050000011920928955,1675250
9,6702,250,-66.7995834350586,-0.2671983242034912,2.985661506652832,0.050000011920928955,1675500
9,6703,250,-76.14270782470703,-0.3045708239078522,3.0280919075012207,0.050000011920928955,1675750
9,6704,250,-73.8106918334961,-0.2952427566051483,3.0405044555664062,0.050000011920928955,1676000
9,6705,250,-66.15279388427734,-0.2646111845970154,2.908051013946533,0.050000011920928955,1676250
9,6706,250,-89.65155792236328,-0.358606219291687,2.7877655029296875,0.050000011920928955,1676500
9,6707,250,-51.56187438964844,-0.2062474936246872,2.796628713607788,0.050000011920928955,1676750
9,6708,250,-68.31379699707031,-0.27325519919395447,2.7794196605682373,0.050000011920928955,1677000
9,6709,250,-86.53778076171875,-0.34615111351013184,2.811004161834717,0.050000011920928955,1677250
9,6710,250,-70.16398620605469,-0.28065595030784607,2.8504531383514404,0.050000011920928955,1677500
9,6711,250,-86.005126953125,-0.3440205156803131,2.711996078491211,0.050000011920928955,1677750
9,6712,250,14.77861213684082,0.059114448726177216,2.7283716201782227,0.050000011920928955,1678000
9,6713,250,-14.589194297790527,-0.05835677683353424,2.631985664367676,0.050000011920928955,1678250
9,6714,250,-75.35446166992188,-0.30141785740852356,2.678842306137085,0.050000011920928955,1678500
9,6715,250,-79.93842315673828,-0.3197537064552307,2.6359078884124756,0.050000011920928955,1678750
9,6716,250,-78.67938995361328,-0.314717561006546,2.518219470977783,0.050000011920928955,1679000
9,6717,250,38.71986389160156,0.15487945079803467,2.6834092140197754,0.050000011920928955,1679250
9,6718,250,37.97636413574219,0.15190546214580536,2.542531728744507,0.050000011920928955,1679500
9,6719,250,-63.581573486328125,-0.2543262839317322,2.64628529548645,0.050000011920928955,1679750
9,6720,250,110.94192504882812,0.4437676966190338,2.671146869659424,0.050000011920928955,1680000
9,6721,250,8.470158576965332,0.03388063609600067,2.629538059234619,0.050000011920928955,1680250
9,6722,250,-31.725269317626953,-0.1269010752439499,2.513484239578247,0.050000011920928955,1680500
9,6723,250,-52.97014236450195,-0.21188056468963623,2.4449050426483154,0.050000011920928955,1680750
9,6724,250,-37.32130432128906,-0.1492852121591568,2.3921847343444824,0.050000011920928955,1681000
9,6725,250,-49.00468444824219,-0.1960187405347824,2.618589401245117,0.050000011920928955,1681250
9,6726,250,-38.66339874267578,-0.15465359389781952,2.3755009174346924,0.050000011920928955,1681500
9,6727,250,-35.060935974121094,-0.1402437388896942,2.3387186527252197,0.050000011920928955,1681750
9,6728,250,-45.27400207519531,-0.18109600245952606,2.3537185192108154,0.050000011920928955,1682000
9,6729,250,-77.41288757324219,-0.30965155363082886,2.434644937515259,0.050000011920928955,1682250
9,6730,250,-46.573265075683594,-0.18629306554794312,2.2944579124450684,0.050000011920928955,1682500
9,6731,250,-63.21510314941406,-0.252860426902771,2.246095657348633,0.050000011920928955,1682750
9,6732,250,-42.70215606689453,-0.17080862820148468,2.1854960918426514,0.050000011920928955,1683000
9,6733,250,-56.246219635009766,-0.22498488426208496,2.425964832305908,0.050000011920928955,1683250
9,6734,250,-113.95259857177734,-0.45581039786338806,2.259064197540283,0.050000011920928955,1683500
9,6735,250,-59.189117431640625,-0.23675647377967834,2.1982810497283936,0.050000011920928955,1683750
9,6736,250,-48.71066665649414,-0.19484266638755798,2.2471652030944824,0.050000011920928955,1684000
9,6737,250,-72.31366729736328,-0.28925466537475586,2.423652410507202,0.050000011920928955,1684250
9,6738,250,-81.38958740234375,-0.3255583643913269,2.345811367034912,0.050000011920928955,1684500
9,6739,250,-70.97267150878906,-0.2838906943798065,2.343693494796753,0.050000011920928955,1684750
9,6740,250,-71.44285583496094,-0.2857714295387268,2.2841975688934326,0.050000011920928955,1685000
9,6741,250,-88.9329833984375,-0.35573193430900574,2.407707691192627,0.050000011920928955,1685250
9,6742,250,-64.86299133300781,-0.2594519555568695,2.4312078952789307,0.050000011920928955,1685500
9,6743,250,-57.44394302368164,-0.22977577149868011,2.327960729598999,0.050000011920928955,1685750
9,6744,250,-131.4293212890625,-0.5257172584533691,2.339621067047119,0.050000011920928955,1686000
9,6745,250,-68.26312255859375,-0.27305248379707336,2.39439058303833,0.050000011920928955,1686250
9,6746,250,-95.78498840332031,-0.383139967918396,2.2815983295440674,0.050000011920928955,1686500
9,6747,250,-59.82309341430664,-0.23929236829280853,2.292311191558838,0.050000011920928955,1686750
9,6748,250,6.484683036804199,0.02593873254954815,2.3505663871765137,0.050000011920928955,1687000
9,6749,250,-70.85887908935547,-0.28343552350997925,2.276803731918335,0.050000011920928955,1687250
9,6750,250,-42.15675354003906,-0.16862700879573822,2.2714293003082275,0.050000011920928955,1687500
9,6751,250,-59.792808532714844,-0.23917123675346375,2.2052574157714844,0.050000011920928955,1687750
9,6752,250,-92.34899139404297,-0.3693959712982178,2.2371280193328857,0.050000011920928955,1688000
9,6753,250,-88.86598205566406,-0.3554639220237732,2.2638978958129883,0.050000011920928955,1688250
9,6754,250,-104.1604232788086,-0.4166416823863983,2.2967233657836914,0.050000011920928955,1688500
9,6755,250,-182.6915283203125,-0.7307661175727844,2.2735302448272705,0.050000011920928955,1688750
9,6756,250,-121.20132446289062,-0.48480528593063354,2.2736330032348633,0.050000011920928955,1689000
9,6757,250,-106.61043548583984,-0.4264417290687561,2.327954053878784,0.050000011920928955,1689250
9,6758,250,-0.5489327907562256,-0.002195731271058321,2.2899603843688965,0.050000011920928955,1689500
9,6759,250,-126.26742553710938,-0.5050696730613708,2.2825372219085693,0.050000011920928955,1689750
9,6760,250,-93.56639862060547,-0.3742655813694,2.438537359237671,0.050000011920928955,1690000
9,6761,250,-123.85246276855469,-0.49540984630584717,2.562833070755005,0.050000011920928955,1690250
9,6762,250,-123.75109100341797,-0.4950043559074402,2.3077824115753174,0.050000011920928955,1690500
9,6763,250,-103.90640258789062,-0.41562560200691223,2.3345868587493896,0.050000011920928955,1690750
9,6764,250,-161.15394592285156,-0.6446157693862915,2.338724136352539,0.050000011920928955,1691000
9,6765,250,-100.32744598388672,-0.4013097882270813,2.443239450454712,0.050000011920928955,1691250
9,6766,250,-65.59217071533203,-0.26236867904663086,2.4012398719787598,0.050000011920928955,1691500
9,6767,250,-129.80975341796875,-0.5192390084266663,2.3580777645111084,0.050000011920928955,1691750
9,6768,250,-85.56689453125,-0.34226757287979126,2.435842752456665,0.050000011920928955,1692000
9,6769,250,-58.866981506347656,-0.23546792566776276,2.6225922107696533,0.050000011920928955,1692250
9,6770,250,-56.81953430175781,-0.22727814316749573,2.5193867683410645,0.050000011920928955,1692500
9,6771,250,-126.91236114501953,-0.5076494216918945,2.536684989929199,0.050000011920928955,1692750
9,6772,250,-184.61732482910156,-0.7384693026542664,2.474072217941284,0.050000011920928955,1693000
9,6773,250,-67.00357818603516,-0.2680143117904663,2.703554153442383,0.050000011920928955,1693250
9,6774,250,-86.00752258300781,-0.34403008222579956,2.74599289894104,0.050000011920928955,1693500
9,6775,250,-47.53066635131836,-0.19012266397476196,2.6559665203094482,0.050000011920928955,1693750
9,6776,250,-74.2635269165039,-0.29705411195755005,2.6104230880737305,0.050000011920928955,1694000
9,6777,250,-53.14364242553711,-0.2125745713710785,2.9554765224456787,0.050000011920928955,1694250
9,6778,250,-31.07181739807129,-0.12428727000951767,2.7074849605560303,0.050000011920928955,1694500
9,6779,250,-18.08425521850586,-0.07233702391386032,2.803863763809204,0.050000011920928955,1694750
9,6780,250,-86.9686508178711,-0.34787461161613464,2.7155864238739014,0.050000011920928955,1695000
9,6781,250,-40.51612091064453,-0.16206447780132294,2.804266929626465,0.050000011920928955,1695250
9,6782,250,-84.89151000976562,-0.33956605195999146,2.6621177196502686,0.050000011920928955,1695500
9,6783,250,-86.87625885009766,-0.34750503301620483,2.70078706741333,0.050000011920928955,1695750
9,6784,250,-66.03917694091797,-0.264156699180603,2.662173271179199,0.050000011920928955,1696000
9,6785,250,-222.58863830566406,-0.890354573726654,2.8596479892730713,0.050000011920928955,1696250
9,6786,250,-75.51127624511719,-0.3020451068878174,2.648109197616577,0.050000011920928955,1696500
9,6787,250,-60.261653900146484,-0.24104662239551544,2.7574241161346436,0.050000011920928955,1696750
9,6788,250,-17.110994338989258,-0.06844397634267807,2.6024210453033447,0.050000011920928955,1697000
9,6789,250,-14.338544845581055,-0.05735417827963829,2.778179883956909,0.050000011920928955,1697250
9,6790,250,-43.06417465209961,-0.1722566932439804,2.6828062534332275,0.050000011920928955,1697500
9,6791,250,-56.43819046020508,-0.22575275599956512,2.8018956184387207,0.050000011920928955,1697750
9,6792,250,-50.66217041015625,-0.20264868438243866,2.6736061573028564,0.050000011920928955,1698000
9,6793,250,-11.01302719116211,-0.044052109122276306,2.799769401550293,0.050000011920928955,1698250
9,6794,250,-73.49381256103516,-0.29397526383399963,2.832381248474121,0.050000011920928955,1698500
9,6795,250,-60.942623138427734,-0.24377049505710602,2.56607723236084,0.050000011920928955,1698750
9,6796,250,-56.38423538208008,-0.22553694248199463,2.5013668537139893,0.050000011920928955,1699000
9,6797,250,85.87934112548828,0.34351736307144165,2.7074217796325684,0.050000011920928955,1699250
9,6798,250,-83.2938003540039,-0.3331752121448517,2.49432373046875,0.050000011920928955,1699500
9,6799,250,-58.82392120361328,-0.23529568314552307,2.426215171813965,0.050000011920928955,1699750
9,6800,250,-70.92493438720703,-0.28369975090026855,2.371872901916504,0.050000011920928955,1700000
9,6801,250,-45.078880310058594,-0.1803155243396759,2.567934989929199,0.050000011920928955,1700250
9,6802,250,32.86055374145508,0.13144221901893616,2.437455892562866,0.050000011920928955,1700500
9,6803,250,-58.52166748046875,-0.23408666253089905,2.3664045333862305,0.050000011920928955,1700750
9,6804,250,18.51580810546875,0.07406323403120041,2.3458163738250732,0.050000011920928955,1701000
9,6805,250,-41.65549850463867,-0.16662199795246124,2.3754684925079346,0.050000011920928955,1701250
9,6806,250,-59.21664810180664,-0.23686659336090088,2.4322667121887207,0.050000011920928955,1701500
9,6807,250,-68.5497817993164,-0.27419912815093994,2.277466058731079,0.050000011920928955,1701750
9,6808,250,-44.45331954956055,-0.17781327664852142,2.342222213745117,0.050000011920928955,1702000
9,6809,250,-60.31726837158203,-0.2412690669298172,2.412976026535034,0.050000011920928955,1702250
9,6810,250,-58.21136474609375,-0.2328454554080963,2.2830967903137207,0.050000011920928955,1702500
9,6811,250,-81.74301147460938,-0.32697203755378723,2.3931353092193604,0.050000011920928955,1702750
9,6812,250,-36.39607620239258,-0.14558430016040802,2.3206841945648193,0.050000011920928955,1703000
9,6813,250,-26.528682708740234,-0.10611473023891449,2.250992774963379,0.050000011920928955,1703250
9,6814,250,-53.561004638671875,-0.2142440229654312,2.310148239135742,0.050000011920928955,1703500
9,6815,250,-55.00391387939453,-0.22001565992832184,2.1991465091705322,0.050000011920928955,1703750
9,6816,250,6.262189865112305,0.02504875883460045,2.19943904876709,0.050000011920928955,1704000
9,6817,250,86.0871810913086,0.3443487286567688,2.4148175716400146,0.050000011920928955,1704250
9,6818,250,52.93819808959961,0.211752787232399,2.37815260887146,0.050000011920928955,1704500
9,6819,250,97.47876739501953,0.3899150788784027,2.2854976654052734,0.050000011920928955,1704750
9,6820,250,50.33430862426758,0.20133723318576813,2.417795181274414,0.050000011920928955,1705000
9,6821,250,-46.37725067138672,-0.18550899624824524,2.3983919620513916,0.050000011920928955,1705250
9,6822,250,93.10948181152344,0.3724379241466522,2.3494961261749268,0.050000011920928955,1705500
9,6823,250,31.543766021728516,0.12617506086826324,2.3324990272521973,0.050000011920928955,1705750
9,6824,250,65.51571655273438,0.2620628774166107,2.4060168266296387,0.050000011920928955,1706000
9,6825,250,-55.380348205566406,-0.22152139246463776,2.5529439449310303,0.050000011920928955,1706250
9,6826,250,-53.258453369140625,-0.21303381025791168,2.4588191509246826,0.050000011920928955,1706500
9,6827,250,-50.95974349975586,-0.20383897423744202,2.488309860229492,0.050000011920928955,1706750
9,6828,250,58.38853073120117,0.23355412483215332,2.5808823108673096,0.050000011920928955,1707000
9,6829,250,126.4524154663086,0.5058096647262573,2.526827573776245,0.050000011920928955,1707250
9,6830,250,-31.55845069885254,-0.1262338012456894,2.43416428565979,0.050000011920928955,1707500
9,6831,250,-16.03858757019043,-0.06415434926748276,2.377000093460083,0.050000011920928955,1707750
9,6832,250,18.402006149291992,0.07360802590847015,2.522688150405884,0.050000011920928955,1708000
9,6833,250,20.861431121826172,0.0834457278251648,2.616635799407959,0.050000011920928955,1708250
9,6834,250,13.59457015991211,0.05437828227877617,2.5834221839904785,0.050000011920928955,1708500
9,6835,250,-56.45942306518555,-0.22583769261837006,2.500648260116577,0.050000011920928955,1708750
9,6836,250,76.80732727050781,0.30722931027412415,2.3765127658843994,0.050000011920928955,1709000
9,6837,250,-59.209022521972656,-0.23683609068393707,2.5732760429382324,0.050000011920928955,1709250
9,6838,250,-35.74561309814453,-0.14298245310783386,2.582683801651001,0.050000011920928955,1709500
9,6839,250,21.468765258789062,0.08587506413459778,2.449054718017578,0.050000011920928955,1709750
9,6840,250,-54.06613540649414,-0.216264545917511,2.5121607780456543,0.050000011920928955,1710000
9,6841,250,-47.54289627075195,-0.19017158448696136,2.687140941619873,0.050000011920928955,1710250
9,6842,250,-2.8927464485168457,-0.011570985428988934,2.7272531986236572,0.050000011920928955,1710500
9,6843,250,-44.09417724609375,-0.17637671530246735,2.6434576511383057,0.050000011920928955,1710750
9,6844,250,-70.99793243408203,-0.2839917242527008,2.5742204189300537,0.050000011920928955,1711000
9,6845,250,22.962257385253906,0.09184902906417847,2.8547518253326416,0.050000011920928955,1711250
9,6846,250,30.005878448486328,0.12002351135015488,2.795301675796509,0.050000011920928955,1711500
9,6847,250,40.75883865356445,0.1630353480577469,2.7668395042419434,0.050000011920928955,1711750
9,6848,250,-64.10615539550781,-0.2564246356487274,2.7943766117095947,0.050000011920928955,1712000
9,6849,250,112.52093505859375,0.45008373260498047,2.850154161453247,0.050000011920928955,1712250
9,6850,250,-78.61780548095703,-0.31447121500968933,2.8511219024658203,0.050000011920928955,1712500
9,6851,250,-56.08808898925781,-0.22435235977172852,2.5962815284729004,0.050000011920928955,1712750
9,6852,250,29.572235107421875,0.11828894168138504,2.80869722366333,0.050000011920928955,1713000
9,6853,250,-4.684390068054199,-0.018737560138106346,2.928091049194336,0.050000011920928955,1713250
9,6854,250,-27.706729888916016,-0.11082691699266434,2.9238622188568115,0.050000011920928955,1713500
9,6855,250,-24.177330017089844,-0.09670931845903397,2.8069515228271484,0.050000011920928955,1713750
9,6856,250,-26.514318466186523,-0.10605727136135101,2.7521233558654785,0.050000011920928955,1714000
9,6857,250,86.7236328125,0.3468945324420929,2.972424268722534,0.050000011920928955,1714250
9,6858,250,-29.58824920654297,-0.1183529943227768,2.991213321685791,0.050000011920928955,1714500
9,6859,250,-12.969747543334961,-0.05187898874282837,2.811168670654297,0.050000011920928955,1714750
9,6860,250,-13.03387451171875,-0.05213549733161926,2.902642011642456,0.050000011920928955,1715000
9,6861,250,-11.915362358093262,-0.04766144976019859,2.9982504844665527,0.050000011920928955,1715250
9,6862,250,59.144432067871094,0.23657773435115814,2.9835736751556396,0.050000011920928955,1715500
9,6863,250,-45.447845458984375,-0.18179138004779816,2.877174139022827,0.050000011920928955,1715750
9,6864,250,-4.000983238220215,-0.016003932803869247,2.8782896995544434,0.050000011920928955,1716000
9,6865,250,46.538631439208984,0.1861545294523239,2.9337966442108154,0.050000011920928955,1716250
9,6866,250,2.4856746196746826,0.009942698292434216,2.899672269821167,0.050000011920928955,1716500
9,6867,250,-29.9271297454834,-0.11970851570367813,2.984001874923706,0.050000011920928955,1716750
9,6868,250,-44.17246627807617,-0.17668986320495605,2.931015968322754,0.050000011920928955,1717000
9,6869,250,35.741058349609375,0.1429642289876938,2.9645071029663086,0.050000011920928955,1717250
9,6870,250,-2.5649757385253906,-0.010259903036057949,2.9117770195007324,0.050000011920928955,1717500
9,6871,250,-5.208256721496582,-0.020833026617765427,2.735421895980835,0.050000011920928955,1717750
9,6872,250,6.9810285568237305,0.02792411483824253,2.78164005279541,0.050000011920928955,1718000
9,6873,250,-112.37970733642578,-0.4495188295841217,2.764331102371216,0.050000011920928955,1718250
9,6874,250,33.7066650390625,0.13482666015625,2.758223533630371,0.050000011920928955,1718500
9,6875,250,-52.85249328613281,-0.21140997111797333,2.7284114360809326,0.050000011920928955,1718750
9,6876,250,-38.3959846496582,-0.15358394384384155,2.7073276042938232,0.050000011920928955,1719000
9,6877,250,-93.8730239868164,-0.3754920959472656,2.676135301589966,0.050000011920928955,1719250
9,6878,250,-80.82999420166016,-0.3233199715614319,2.6417205333709717,0.050000011920928955,1719500
9,6879,250,11.161096572875977,0.04464438557624817,2.615870237350464,0.050000011920928955,1719750
9,6880,250,2.4751574993133545,0.009900630451738834,2.67177414894104,0.050000011920928955,1720000
9,6881,250,-32.236061096191406,-0.1289442479610443,2.695244312286377,0.050000011920928955,1720250
9,6882,250,-206.17604064941406,-0.8247041702270508,2.542931079864502,0.050000011920928955,1720500
9,6883,250,-274.5430603027344,-1.0981721878051758,2.5915791988372803,0.050000011920928955,1720750
9,6884,250,-48.6510124206543,-0.1946040540933609,2.544524669647217,0.050000011920928955,1721000
9,6885,250,74.52074432373047,0.29808297753334045,2.548736810684204,0.050000011920928955,1721250
9,6886,250,-17.630462646484375,-0.07052185386419296,2.4959921836853027,0.050000011920928955,1721500
9,6887,250,26.23322868347168,0.10493291169404984,2.6291849613189697,0.050000011920928955,1721750
9,6888,250,-21.23427963256836,-0.08493711799383163,2.5039772987365723,0.050000011920928955,1722000
9,6889,250,-24.59654998779297,-0.09838619828224182,2.5035178661346436,0.050000011920928955,1722250
9,6890,250,-30.873790740966797,-0.12349516153335571,2.568032741546631,0.050000011920928955,1722500
9,6891,250,-24.19631004333496,-0.09678523987531662,2.460097074508667,0.050000011920928955,1722750
9,6892,250,14.059553146362305,0.05623821169137955,2.4105589389801025,0.050000011920928955,1723000
9,6893,250,-40.18415451049805,-0.16073662042617798,2.451995372772217,0.050000011920928955,1723250
9,6894,250,-46.76979064941406,-0.18707916140556335,2.420896291732788,0.050000011920928955,1723500
9,6895,250,16.447038650512695,0.0657881572842598,2.411229372024536,0.050000011920928955,1723750
9,6896,250,-56.59535598754883,-0.22638142108917236,2.3764963150024414,0.050000011920928955,1724000
9,6897,250,-103.53740692138672,-0.4141496419906616,2.444340705871582,0.050000011920928955,1724250
9,6898,250,-42.06182098388672,-0.1682472825050354,2.4702811241149902,0.050000011920928955,1724500
9,6899,250,-29.807235717773438,-0.11922894418239594,2.4647483825683594,0.050000011920928955,1724750
9,6900,250,9.820375442504883,0.03928150236606598,2.450395345687866,0.050000011920928955,1725000
9,6901,250,0.7731178998947144,0.0030924715101718903,2.4006810188293457,0.050000011920928955,1725250
9,6902,250,15.803400039672852,0.06321360170841217,2.450984239578247,0.050000011920928955,1725500
9,6903,250,-54.246742248535156,-0.21698696911334991,2.350956916809082,0.050000011920928955,1725750
9,6904,250,-61.48710250854492,-0.2459484040737152,2.408809185028076,0.050000011920928955,1726000
9,6905,250,-60.75458908081055,-0.24301835894584656,2.4393792152404785,0.050000011920928955,1726250
9,6906,250,35.915733337402344,0.1436629295349121,2.3117496967315674,0.050000011920928955,1726500
9,6907,250,18.296396255493164,0.07318558543920517,2.28940486907959,0.050000011920928955,1726750
9,6908,250,-18.594831466674805,-0.0743793249130249,2.3711085319519043,0.050000011920928955,1727000
9,6909,250,-83.1756820678711,-0.33270272612571716,2.3619091510772705,0.050000011920928955,1727250
9,6910,250,-71.10020446777344,-0.2844008207321167,2.305647850036621,0.050000011920928955,1727500
9,6911,250,-50.8029670715332,-0.20321187376976013,2.330505132675171,0.050000011920928955,1727750
9,6912,250,-60.31932830810547,-0.2412773072719574,2.371915102005005,0.050000011920928955,1728000
9,6913,250,-45.649715423583984,-0.18259885907173157,2.387406826019287,0.050000011920928955,1728250
9,6914,250,-21.025304794311523,-0.08410122245550156,2.3797707557678223,0.050000011920928955,1728500
9,6915,250,-52.159210205078125,-0.2086368352174759,2.2886970043182373,0.050000011920928955,1728750
9,6916,250,-27.124479293823242,-0.10849791765213013,2.23964524269104,0.050000011920928955,1729000
9,6917,250,-69.98751068115234,-0.2799500524997711,2.446047306060791,0.050000011920928955,1729250
9,6918,250,0.5212123990058899,0.0020848496351391077,2.315330743789673,0.050000011920928955,1729500
9,6919,250,-49.98164367675781,-0.19992657005786896,2.277527332305908,0.050000011920928955,1729750
9,6920,250,9.214428901672363,0.036857716739177704,2.2844908237457275,0.050000011920928955,1730000
9,6921,250,5.324955940246582,0.021299824118614197,2.270684003829956,0.050000011920928955,1730250
9,6922,250,-41.370269775390625,-0.1654810756444931,2.291840076446533,0.050000011920928955,1730500
9,6923,250,-41.06169891357422,-0.1642467975616455,2.2666141986846924,0.050000011920928955,1730750
9,6924,250,-71.01036071777344,-0.2840414345264435,2.3275747299194336,0.050000011920928955,1731000
9,6925,250,-61.88114929199219,-0.24752460420131683,2.2966885566711426,0.050000011920928955,1731250
9,6926,250,-45.5487060546875,-0.18219482898712158,2.3772525787353516,0.050000011920928955,1731500
9,6927,250,56.66313552856445,0.22665254771709442,2.3912363052368164,0.050000011920928955,1731750
9,6928,250,-2.0880064964294434,-0.008352026343345642,2.3824291229248047,0.050000011920928955,1732000
9,6929,250,-2.469831705093384,-0.009879326447844505,2.4138998985290527,0.050000011920928955,1732250
9,6930,250,-18.221345901489258,-0.07288538664579391,2.4033589363098145,0.050000011920928955,1732500
9,6931,250,-6.018002510070801,-0.024072010070085526,2.4289276599884033,0.050000011920928955,1732750
9,6932,250,-34.52284622192383,-0.13809138536453247,2.361405611038208,0.050000011920928955,1733000
9,6933,250,-38.25239944458008,-0.1530095934867859,2.3299100399017334,0.050000011920928955,1733250
9,6934,250,-43.44944381713867,-0.17379777133464813,2.3932242393493652,0.050000011920928955,1733500
9,6935,250,-50.85145568847656,-0.20340582728385925,2.393911361694336,0.050000011920928955,1733750
9,6936,250,-9.93134880065918,-0.039725396782159805,2.5208628177642822,0.050000011920928955,1734000
9,6937,250,-34.46587371826172,-0.13786350190639496,2.3503408432006836,0.050000011920928955,1734250
9,6938,250,-37.32914733886719,-0.14931659400463104,2.3776233196258545,0.050000011920928955,1734500
9,6939,250,-117.11387634277344,-0.4684554934501648,2.337376356124878,0.050000011920928955,1734750
9,6940,250,-28.352153778076172,-0.11340861767530441,2.4603347778320312,0.050000011920928955,1735000
9,6941,250,-28.960927963256836,-0.11584371328353882,2.347724199295044,0.050000011920928955,1735250
9,6942,250,-32.55583953857422,-0.1302233636379242,2.4641032218933105,0.050000011920928955,1735500
9,6943,250,-49.408695220947266,-0.19763478636741638,2.441513776779175,0.050000011920928955,1735750
9,6944,250,-50.08635711669922,-0.20034542679786682,2.3676326274871826,0.050000011920928955,1736000
9,6945,250,-46.545799255371094,-0.18618319928646088,2.4293811321258545,0.050000011920928955,1736250
9,6946,250,-38.588008880615234,-0.15435203909873962,2.289829730987549,0.050000011920928955,1736500
9,6947,250,-44.7043571472168,-0.17881742119789124,2.43703556060791,0.050000011920928955,1736750
9,6948,250,-63.549224853515625,-0.2541969120502472,2.3569605350494385,0.050000011920928955,1737000
9,6949,250,-42.39105987548828,-0.16956423223018646,2.3964126110076904,0.050000011920928955,1737250
9,6950,250,-41.43043518066406,-0.16572174429893494,2.3504483699798584,0.050000011920928955,1737500
9,6951,250,-28.25655746459961,-0.11302623152732849,2.311567783355713,0.050000011920928955,1737750
9,6952,250,-43.59992599487305,-0.1743997037410736,2.294475793838501,0.050000011920928955,1738000
9,6953,250,-38.49566650390625,-0.15398266911506653,2.3095805644989014,0.050000011920928955,1738250
9,6954,250,-36.287418365478516,-0.14514967799186707,2.318371295928955,0.050000011920928955,1738500
9,6955,250,-44.696842193603516,-0.17878736555576324,2.2764179706573486,0.050000011920928955,1738750
9,6956,250,-38.30521774291992,-0.15322087705135345,2.2668633460998535,0.050000011920928955,1739000
9,6957,250,-77.47834014892578,-0.30991336703300476,2.2548165321350098,0.050000011920928955,1739250
9,6958,250,-28.433866500854492,-0.11373546719551086,2.301872968673706,0.050000011920928955,1739500
9,6959,250,-46.25084686279297,-0.1850033849477768,2.4114458560943604,0.050000011920928955,1739750
9,6960,250,-48.88811492919922,-0.19555245339870453,2.2652387619018555,0.050000011920928955,1740000
9,6961,250,-42.06069564819336,-0.16824278235435486,2.3128180503845215,0.050000011920928955,1740250
9,6962,250,-38.06854248046875,-0.15227417647838593,2.453706741333008,0.050000011920928955,1740500
9,6963,250,-51.62712097167969,-0.20650848746299744,2.3363568782806396,0.050000011920928955,1740750
9,6964,250,-36.058502197265625,-0.14423400163650513,2.3533108234405518,0.050000011920928955,1741000
9,6965,250,-82.14922332763672,-0.32859688997268677,2.315330743789673,0.050000011920928955,1741250
9,6966,250,-26.80504608154297,-0.10722018778324127,2.326338529586792,0.050000011920928955,1741500
9,6967,250,-53.374908447265625,-0.21349963545799255,2.2841880321502686,0.050000011920928955,1741750
9,6968,250,-56.21793746948242,-0.22487175464630127,2.324385643005371,0.050000011920928955,1742000
9,6969,250,-25.84902572631836,-0.10339610278606415,2.354581594467163,0.050000011920928955,1742250
9,6970,250,-82.1169204711914,-0.3284676671028137,2.3723344802856445,0.050000011920928955,1742500
9,6971,250,-60.790000915527344,-0.24316000938415527,2.3083131313323975,0.050000011920928955,1742750
9,6972,250,-59.96882247924805,-0.23987528681755066,2.252976417541504,0.050000011920928955,1743000
9,6973,250,-47.69356918334961,-0.19077427685260773,2.343096971511841,0.050000011920928955,1743250
9,6974,250,-35.34403610229492,-0.14137613773345947,2.4195148944854736,0.050000011920928955,1743500
9,6975,250,-67.8354721069336,-0.27134189009666443,2.2891929149627686,0.050000011920928955,1743750
9,6976,250,-31.257246017456055,-0.12502898275852203,2.318589210510254,0.050000011920928955,1744000
9,6977,250,-65.5147476196289,-0.2620590031147003,2.25718355178833,0.050000011920928955,1744250
9,6978,250,-57.7465934753418,-0.23098637163639069,2.1792972087860107,0.050000011920928955,1744500
9,6979,250,-48.06950378417969,-0.19227801263332367,2.157442092895508,0.050000011920928955,1744750
9,6980,250,-80.45438385009766,-0.321817547082901,2.2329747676849365,0.050000011920928955,1745000
9,6981,250,-59.06564712524414,-0.23626258969306946,2.3371808528900146,0.050000011920928955,1745250
9,6982,250,-43.3237419128418,-0.17329496145248413,2.2103488445281982,0.050000011920928955,1745500
9,6983,250,-27.428512573242188,-0.10971405357122421,2.1967995166778564,0.050000011920928955,1745750
9,6984,250,-60.114356994628906,-0.2404574304819107,2.141972303390503,0.050000011920928955,1746000
9,6985,250,-58.33638000488281,-0.23334552347660065,2.237475633621216,0.050000011920928955,1746250
9,6986,250,-81.99494934082031,-0.32797980308532715,2.253856897354126,0.050000011920928955,1746500
9,6987,250,-247.8657684326172,-0.9914630651473999,2.208923101425171,0.050000011920928955,1746750
9,6988,250,-16.623214721679688,-0.06649285554885864,2.1532886028289795,0.050000011920928955,1747000
9,6989,250,-80.43413543701172,-0.32173654437065125,2.2644453048706055,0.050000011920928955,1747250
9,6990,250,-53.85659408569336,-0.21542637050151825,2.2702713012695312,0.050000011920928955,1747500
9,6991,250,-54.114540100097656,-0.21645815670490265,2.2327182292938232,0.050000011920928955,1747750
9,6992,250,-2.4050612449645996,-0.00962024461477995,2.229355573654175,0.050000011920928955,1748000
9,6993,250,-68.99462127685547,-0.2759784758090973,2.1993298530578613,0.050000011920928955,1748250
9,6994,250,-2.3054404258728027,-0.009221761487424374,2.182288885116577,0.050000011920928955,1748500
9,6995,250,-76.25569152832031,-0.3050227761268616,2.205451011657715,0.050000011920928955,1748750
9,6996,250,17.147560119628906,0.06859023869037628,2.263521909713745,0.050000011920928955,1749000
9,6997,250,25.445899963378906,0.10178360342979431,2.304842472076416,0.050000011920928955,1749250
9,6998,250,-27.07927703857422,-0.10831710696220398,2.205751895904541,0.050000011920928955,1749500
9,6999,250,-48.42131042480469,-0.19368524849414825,2.222527503967285,0.050000011920928955,1749750
9,7000,250,37.009246826171875,0.14803698658943176,2.2283670902252197,0.050000011920928955,1750000
9,7001,250,8.002458572387695,0.03200983256101608,2.3390560150146484,0.050000011920928955,1750250
9,7002,250,11.947480201721191,0.04778992012143135,2.3410398960113525,0.050000011920928955,1750500
9,7003,250,-51.99359893798828,-0.2079743891954422,2.3112382888793945,0.050000011920928955,1750750
9,7004,250,7.131900787353516,0.028527602553367615,2.3587207794189453,0.050000011920928955,1751000
9,7005,250,-1.3463718891143799,-0.005385487340390682,2.399419069290161,0.050000011920928955,1751250
9,7006,250,-55.266357421875,-0.2210654318332672,2.353153944015503,0.050000011920928955,1751500
9,7007,250,-10.89578628540039,-0.04358314350247383,2.4481751918792725,0.050000011920928955,1751750
9,7008,250,6.59795618057251,0.026391824707388878,2.3660478591918945,0.050000011920928955,1752000
9,7009,250,-56.077579498291016,-0.22431032359600067,2.414325714111328,0.050000011920928955,1752250
9,7010,250,4.111584663391113,0.016446338966488838,2.4667270183563232,0.050000011920928955,1752500
9,7011,250,19.244876861572266,0.07697951048612595,2.537668228149414,0.050000011920928955,1752750
9,7012,250,-41.4665641784668,-0.16586625576019287,2.4806928634643555,0.050000011920928955,1753000
9,7013,250,-16.000207901000977,-0.06400083005428314,2.6234302520751953,0.050000011920928955,1753250
9,7014,250,-66.48316192626953,-0.2659326493740082,2.4850409030914307,0.050000011920928955,1753500
9,7015,250,-20.14971923828125,-0.0805988758802414,2.5764575004577637,0.050000011920928955,1753750
9,7016,250,-28.007070541381836,-0.11202828586101532,2.59184193611145,0.050000011920928955,1754000
9,7017,250,-27.33464813232422,-0.10933858901262283,2.488081455230713,0.050000011920928955,1754250
9,7018,250,-73.1393051147461,-0.2925572097301483,2.578688383102417,0.050000011920928955,1754500
9,7019,250,60.42063903808594,0.24168255925178528,2.5400948524475098,0.050000011920928955,1754750
9,7020,250,-20.978849411010742,-0.08391539752483368,2.5979232788085938,0.050000011920928955,1755000
9,7021,250,-69.37149047851562,-0.2774859666824341,2.5170726776123047,0.050000011920928955,1755250
9,7022,250,-60.59287643432617,-0.24237149953842163,2.552673816680908,0.050000011920928955,1755500
9,7023,250,-24.10312271118164,-0.09641248732805252,2.636531114578247,0.050000011920928955,1755750
9,7024,250,-65.58899688720703,-0.2623559832572937,2.674713134765625,0.050000011920928955,1756000
9,7025,250,-92.1632080078125,-0.3686528205871582,2.59126353263855,0.050000011920928955,1756250
9,7026,250,-27.889915466308594,-0.11155965924263,2.612795352935791,0.050000011920928955,1756500
9,7027,250,-42.13711929321289,-0.16854847967624664,2.5577542781829834,0.050000011920928955,1756750
9,7028,250,52.82656478881836,0.21130625903606415,2.5821516513824463,0.050000011920928955,1757000
9,7029,250,-11.588462829589844,-0.04635385051369667,2.5901196002960205,0.050000011920928955,1757250
9,7030,250,28.571075439453125,0.11428429931402206,2.652700424194336,0.050000011920928955,1757500
9,7031,250,-11.751588821411133,-0.04700635373592377,2.6340420246124268,0.050000011920928955,1757750
9,7032,250,-14.803557395935059,-0.05921423062682152,2.612394094467163,0.050000011920928955,1758000
9,7033,250,-30.95874786376953,-0.123834989964962,2.4778034687042236,0.050000011920928955,1758250
9,7034,250,-78.04130554199219,-0.312165230512619,2.517425775527954,0.050000011920928955,1758500
9,7035,250,-34.80216598510742,-0.13920865952968597,2.341326951980591,0.050000011920928955,1758750
9,7036,250,6.0167365074157715,0.024066945537924767,2.5475497245788574,0.050000011920928955,1759000
9,7037,250,-51.223941802978516,-0.2048957645893097,2.524517774581909,0.050000011920928955,1759250
9,7038,250,-80.3355941772461,-0.3213423788547516,2.473818063735962,0.050000011920928955,1759500
9,7039,250,-21.272485733032227,-0.08508994430303574,2.4236011505126953,0.050000011920928955,1759750
9,7040,250,-56.39738464355469,-0.2255895435810089,2.4766275882720947,0.050000011920928955,1760000
9,7041,250,-79.02007293701172,-0.3160803020000458,2.4737820625305176,0.050000011920928955,1760250
9,7042,250,-79.7890625,-0.3191562592983246,2.5214579105377197,0.050000011920928955,1760500
9,7043,250,18.82849884033203,0.0753139927983284,2.4608445167541504,0.050000011920928955,1760750
9,7044,250,-54.92560577392578,-0.21970242261886597,2.5135388374328613,0.050000011920928955,1761000
9,7045,250,-69.3552017211914,-0.2774208188056946,2.480525255203247,0.050000011920928955,1761250
9,7046,250,-2.423154354095459,-0.009692617692053318,2.5026841163635254,0.050000011920928955,1761500
9,7047,250,-57.96883773803711,-0.23187534511089325,2.3956727981567383,0.050000011920928955,1761750
9,7048,250,-49.625694274902344,-0.198502779006958,2.361722469329834,0.050000011920928955,1762000
9,7049,250,-41.8672981262207,-0.16746918857097626,2.601026773452759,0.050000011920928955,1762250
9,7050,250,-3.0428757667541504,-0.012171503156423569,2.45654559135437,0.050000011920928955,1762500
9,7051,250,-50.02314758300781,-0.20009258389472961,2.5054564476013184,0.050000011920928955,1762750
9,7052,250,-55.37832260131836,-0.2215132862329483,2.4335203170776367,0.050000011920928955,1763000
9,7053,250,-78.82809448242188,-0.31531238555908203,2.520907163619995,0.050000011920928955,1763250
9,7054,250,-19.753124237060547,-0.07901249825954437,2.4661917686462402,0.050000011920928955,1763500
9,7055,250,-25.907575607299805,-0.10363030433654785,2.545024871826172,0.050000011920928955,1763750
9,7056,250,-37.522544860839844,-0.15009017288684845,2.4418251514434814,0.050000011920928955,1764000
9,7057,250,7.799219608306885,0.031196879222989082,2.594695568084717,0.050000011920928955,1764250
9,7058,250,-48.076107025146484,-0.19230443239212036,2.4072139263153076,0.050000011920928955,1764500
9,7059,250,-16.22266960144043,-0.06489067524671555,2.474696159362793,0.050000011920928955,1764750
9,7060,250,12.736588478088379,0.05094635486602783,2.3590996265411377,0.050000011920928955,1765000
9,7061,250,-51.29378128051758,-0.20517513155937195,2.4376068115234375,0.050000011920928955,1765250
9,7062,250,-51.58031463623047,-0.20632125437259674,2.464094638824463,0.050000011920928955,1765500
9,7063,250,36.91093826293945,0.14764375984668732,2.3164942264556885,0.050000011920928955,1765750
9,7064,250,-63.99913024902344,-0.2559965252876282,2.4026880264282227,0.050000011920928955,1766000
9,7065,250,-37.094058990478516,-0.1483762413263321,2.4488096237182617,0.050000011920928955,1766250
9,7066,250,81.34925842285156,0.3253970444202423,2.4069876670837402,0.050000011920928955,1766500
9,7067,250,5.262606620788574,0.021050427109003067,2.222625970840454,0.050000011920928955,1766750
9,7068,250,29.99588394165039,0.11998353898525238,2.3911497592926025,0.050000011920928955,1767000
9,7069,250,-37.00654983520508,-0.14802619814872742,2.4471187591552734,0.050000011920928955,1767250
9,7070,250,-67.76617431640625,-0.2710646986961365,2.35331392288208,0.050000011920928955,1767500
9,7071,250,-2.793962001800537,-0.011175847612321377,2.45664644241333,0.050000011920928955,1767750
9,7072,250,-33.02083969116211,-0.13208335638046265,2.2459335327148438,0.050000011920928955,1768000
9,7073,250,-54.474029541015625,-0.21789611876010895,2.4353294372558594,0.050000011920928955,1768250
9,7074,250,-55.31049346923828,-0.22124198079109192,2.3992679119110107,0.050000011920928955,1768500
9,7075,250,29.355438232421875,0.11742175370454788,2.4137892723083496,0.050000011920928955,1768750
9,7076,250,-42.64678192138672,-0.17058712244033813,2.323561191558838,0.050000011920928955,1769000
9,7077,250,21.31682586669922,0.08526730537414551,2.5379607677459717,0.050000011920928955,1769250
9,7078,250,-53.668460845947266,-0.21467384696006775,2.5633859634399414,0.050000011920928955,1769500
9,7079,250,-38.372737884521484,-0.15349094569683075,2.4747931957244873,0.050000011920928955,1769750
9,7080,250,-36.96330642700195,-0.14785322546958923,2.5116469860076904,0.050000011920928955,1770000
9,7081,250,-52.74861145019531,-0.21099445223808289,2.6848459243774414,0.050000011920928955,1770250
9,7082,250,-79.22087860107422,-0.31688350439071655,2.488311767578125,0.050000011920928955,1770500
9,7083,250,-1.0340090990066528,-0.004136036615818739,2.5281546115875244,0.050000011920928955,1770750
9,7084,250,-29.420089721679688,-0.11768035590648651,2.630070924758911,0.050000011920928955,1771000
9,7085,250,-82.45284271240234,-0.32981136441230774,2.6428263187408447,0.050000011920928955,1771250
9,7086,250,-99.78058624267578,-0.39912235736846924,2.562919855117798,0.050000011920928955,1771500
9,7087,250,2.374419689178467,0.009497678838670254,2.416090250015259,0.050000011920928955,1771750
9,7088,250,-45.390045166015625,-0.18156017363071442,2.5029757022857666,0.050000011920928955,1772000
9,7089,250,-52.20024871826172,-0.2088010013103485,2.544217586517334,0.050000011920928955,1772250
9,7090,250,-44.77747344970703,-0.17910990118980408,2.5868823528289795,0.050000011920928955,1772500
9,7091,250,56.40040588378906,0.22560162842273712,2.5441670417785645,0.050000011920928955,1772750
9,7092,250,-252.1505584716797,-1.008602261543274,2.464153528213501,0.050000011920928955,1773000
9,7093,250,-83.0993881225586,-0.33239755034446716,2.4619269371032715,0.050000011920928955,1773250
9,7094,250,-34.748695373535156,-0.13899478316307068,2.54474139213562,0.050000011920928955,1773500
9,7095,250,-72.8855209350586,-0.29154208302497864,2.538835287094116,0.050000011920928955,1773750
9,7096,250,21.56492805480957,0.08625971525907516,2.5520153045654297,0.050000011920928955,1774000
9,7097,250,-72.77576446533203,-0.2911030650138855,2.597742795944214,0.050000011920928955,1774250
9,7098,250,13.994916915893555,0.05597966909408569,2.5676283836364746,0.050000011920928955,1774500
9,7099,250,-88.19886016845703,-0.35279545187950134,2.613898277282715,0.050000011920928955,1774750
9,7100,250,18.02644920349121,0.07210579514503479,2.561131238937378,0.050000011920928955,1775000
9,7101,250,-68.97483825683594,-0.27589935064315796,2.6001296043395996,0.050000011920928955,1775250
9,7102,250,25.482004165649414,0.10192801803350449,2.5949950218200684,0.050000011920928955,1775500
9,7103,250,-24.641103744506836,-0.09856441617012024,2.498889923095703,0.050000011920928955,1775750
9,7104,250,-30.588180541992188,-0.1223527193069458,2.422701358795166,0.050000011920928955,1776000
9,7105,250,-49.93476486206055,-0.19973905384540558,2.6185314655303955,0.050000011920928955,1776250
9,7106,250,8.792031288146973,0.0351681262254715,2.539794921875,0.050000011920928955,1776500
9,7107,250,-68.97291564941406,-0.27589166164398193,2.4777848720550537,0.050000011920928955,1776750
9,7108,250,-88.57960510253906,-0.35431841015815735,2.598365068435669,0.050000011920928955,1777000
9,7109,250,-71.88334655761719,-0.28753337264060974,2.5686004161834717,0.050000011920928955,1777250
9,7110,250,-62.45579528808594,-0.2498231828212738,2.665928840637207,0.050000011920928955,1777500
9,7111,250,4.6478657722473145,0.018591463565826416,2.591257333755493,0.050000011920928955,1777750
9,7112,250,-75.48808288574219,-0.3019523322582245,2.499624490737915,0.050000011920928955,1778000
9,7113,250,-0.7480230331420898,-0.002992092166095972,2.7018463611602783,0.050000011920928955,1778250
9,7114,250,41.28505325317383,0.16514021158218384,2.560878038406372,0.050000011920928955,1778500
9,7115,250,-17.159717559814453,-0.0686388686299324,2.6344709396362305,0.050000011920928955,1778750
9,7116,250,34.15713119506836,0.13662852346897125,2.5659947395324707,0.050000011920928955,1779000
9,7117,250,-57.677947998046875,-0.23071178793907166,2.8117668628692627,0.050000011920928955,1779250
9,7118,250,-84.30438232421875,-0.3372175395488739,2.621478796005249,0.050000011920928955,1779500
9,7119,250,-34.453514099121094,-0.13781405985355377,2.578737258911133,0.050000011920928955,1779750
9,7120,250,-60.5439567565918,-0.24217583239078522,2.6513679027557373,0.050000011920928955,1780000
9,7121,250,-15.792327880859375,-0.06316930800676346,2.825399398803711,0.050000011920928955,1780250
9,7122,250,-53.17735290527344,-0.21270941197872162,2.6891801357269287,0.050000011920928955,1780500
9,7123,250,-62.537017822265625,-0.25014805793762207,2.8244495391845703,0.050000011920928955,1780750
9,7124,250,-66.01121520996094,-0.264044851064682,2.7314693927764893,0.050000011920928955,1781000
9,7125,250,-48.99543762207031,-0.19598175585269928,2.697951078414917,0.050000011920928955,1781250
9,7126,250,-0.6927108764648438,-0.0027708434499800205,2.69934344291687,0.050000011920928955,1781500
9,7127,250,-41.37962341308594,-0.16551849246025085,2.698904275894165,0.050000011920928955,1781750
9,7128,250,-16.985523223876953,-0.06794209033250809,2.686347723007202,0.050000011920928955,1782000
9,7129,250,-23.808982849121094,-0.0952359288930893,2.8114733695983887,0.050000011920928955,1782250
9,7130,250,-54.57816696166992,-0.21831266582012177,2.796093225479126,0.050000011920928955,1782500
9,7131,250,-44.68500518798828,-0.1787400245666504,2.8808300495147705,0.050000011920928955,1782750
9,7132,250,-64.48353576660156,-0.2579341530799866,2.7943544387817383,0.050000011920928955,1783000
9,7133,250,-75.72148132324219,-0.30288591980934143,3.1559841632843018,0.050000011920928955,1783250
9,7134,250,-77.89974212646484,-0.3115989565849304,2.962852716445923,0.050000011920928955,1783500
9,7135,250,-38.27207565307617,-0.1530883014202118,2.9442267417907715,0.050000011920928955,1783750
9,7136,250,-57.300086975097656,-0.2292003482580185,2.9690637588500977,0.050000011920928955,1784000
9,7137,250,-71.33819580078125,-0.28535279631614685,2.9406824111938477,0.050000011920928955,1784250
9,7138,250,-90.87805938720703,-0.363512247800827,2.9401333332061768,0.050000011920928955,1784500
9,7139,250,-54.01651382446289,-0.21606606245040894,2.9482853412628174,0.050000011920928955,1784750
9,7140,250,-78.21415710449219,-0.31285661458969116,2.852921485900879,0.050000011920928955,1785000
9,7141,250,-25.94017791748047,-0.10376071184873581,2.9004361629486084,0.050000011920928955,1785250
9,7142,250,-21.117658615112305,-0.08447063714265823,2.811387777328491,0.050000011920928955,1785500
9,7143,250,3.3623545169830322,0.013449418358504772,2.8823320865631104,0.050000011920928955,1785750
9,7144,250,-38.71894836425781,-0.15487580001354218,2.8528270721435547,0.050000011920928955,1786000
9,7145,250,-67.99729919433594,-0.27198919653892517,2.865968942642212,0.050000011920928955,1786250
9,7146,250,-16.459835052490234,-0.06583934277296066,2.6833386421203613,0.050000011920928955,1786500
9,7147,250,-28.247583389282227,-0.11299033463001251,2.804248809814453,0.050000011920928955,1786750
9,7148,250,-26.022930145263672,-0.10409171879291534,2.8237552642822266,0.050000011920928955,1787000
9,7149,250,-71.37178039550781,-0.2854871153831482,2.7910916805267334,0.050000011920928955,1787250
9,7150,250,-10.507486343383789,-0.04202994704246521,2.8358044624328613,0.050000011920928955,1787500
9,7151,250,-105.32170867919922,-0.42128682136535645,2.7571017742156982,0.050000011920928955,1787750
9,7152,250,-2.7550694942474365,-0.011020277626812458,2.799663782119751,0.050000011920928955,1788000
9,7153,250,-20.223669052124023,-0.08089467883110046,2.704852819442749,0.050000011920928955,1788250
9,7154,250,-59.27139663696289,-0.23708558082580566,2.690065860748291,0.050000011920928955,1788500
9,7155,250,-59.323753356933594,-0.2372950166463852,2.6635961532592773,0.050000011920928955,1788750
9,7156,250,-68.55001831054688,-0.27420008182525635,2.6874682903289795,0.050000011920928955,1789000
9,7157,250,-71.89370727539062,-0.287574827671051,2.659924030303955,0.050000011920928955,1789250
9,7158,250,-23.440526962280273,-0.09376210719347,2.659402370452881,0.050000011920928955,1789500
9,7159,250,-66.88489532470703,-0.2675395905971527,2.6451494693756104,0.050000011920928955,1789750
9,7160,250,-49.83440399169922,-0.19933761656284332,2.646329879760742,0.050000011920928955,1790000
9,7161,250,-19.45674705505371,-0.07782699167728424,2.7123665809631348,0.050000011920928955,1790250
9,7162,250,-31.317096710205078,-0.1252683848142624,2.7025890350341797,0.050000011920928955,1790500
9,7163,250,-76.87258911132812,-0.30749034881591797,2.6075215339660645,0.050000011920928955,1790750
9,7164,250,-26.123247146606445,-0.10449299216270447,2.6165497303009033,0.050000011920928955,1791000
9,7165,250,-47.62144470214844,-0.19048577547073364,2.6580252647399902,0.050000011920928955,1791250
9,7166,250,-31.893476486206055,-0.1275739073753357,2.486318826675415,0.050000011920928955,1791500
9,7167,250,-38.92397689819336,-0.15569590032100677,2.577803611755371,0.050000011920928955,1791750
9,7168,250,-64.45586395263672,-0.25782346725463867,2.5022027492523193,0.050000011920928955,1792000
9,7169,250,-32.50081253051758,-0.13000324368476868,2.614877700805664,0.050000011920928955,1792250
9,7170,250,-23.05222511291504,-0.09220889955759048,2.6623148918151855,0.050000011920928955,1792500
9,7171,250,-72.63977813720703,-0.2905591130256653,2.4887804985046387,0.050000011920928955,1792750
9,7172,250,-79.30305480957031,-0.31721222400665283,2.5112040042877197,0.050000011920928955,1793000
9,7173,250,59.480438232421875,0.23792175948619843,2.512050151824951,0.050000011920928955,1793250
9,7174,250,-79.056884765625,-0.316227525472641,2.524852991104126,0.050000011920928955,1793500
9,7175,250,-30.298757553100586,-0.12119503319263458,2.507288932800293,0.050000011920928955,1793750
9,7176,250,-52.422950744628906,-0.20969180762767792,2.49216365814209,0.050000011920928955,1794000
9,7177,250,-50.8140754699707,-0.20325630903244019,2.473320484161377,0.050000011920928955,1794250
9,7178,250,-89.06620025634766,-0.35626479983329773,2.4183754920959473,0.050000011920928955,1794500
9,7179,250,-44.296016693115234,-0.17718406021595,2.4458768367767334,0.050000011920928955,1794750
9,7180,250,-55.041011810302734,-0.22016404569149017,2.418412923812866,0.050000011920928955,1795000
9,7181,250,13.939291000366211,0.05575716495513916,2.469374179840088,0.050000011920928955,1795250
9,7182,250,-5.016002655029297,-0.020064011216163635,2.440629720687866,0.050000011920928955,1795500
9,7183,250,-47.81245040893555,-0.1912498027086258,2.4703171253204346,0.050000011920928955,1795750
9,7184,250,-6.5724687576293945,-0.02628987468779087,2.368586778640747,0.050000011920928955,1796000
9,7185,250,20.802343368530273,0.08320937305688858,2.3930068016052246,0.050000011920928955,1796250
9,7186,250,59.524879455566406,0.23809951543807983,2.3950047492980957,0.050000011920928955,1796500
9,7187,250,14.498346328735352,0.057993385940790176,2.4796650409698486,0.050000011920928955,1796750
9,7188,250,-12.874862670898438,-0.05149945244193077,2.4046080112457275,0.050000011920928955,1797000
9,7189,250,61.99456787109375,0.24797827005386353,2.3499224185943604,0.050000011920928955,1797250
9,7190,250,-37.950138092041016,-0.15180055797100067,2.4257400035858154,0.050000011920928955,1797500
9,7191,250,10.908225059509277,0.04363289847970009,2.406221389770508,0.050000011920928955,1797750
9,7192,250,22.002044677734375,0.08800818026065826,2.3596739768981934,0.050000011920928955,1798000
9,7193,250,-16.883155822753906,-0.06753262132406235,2.5196263790130615,0.050000011920928955,1798250
9,7194,250,-46.37763977050781,-0.1855105608701706,2.4694509506225586,0.050000011920928955,1798500
9,7195,250,-33.26743698120117,-0.13306975364685059,2.388171672821045,0.050000011920928955,1798750
9,7196,250,-49.67543029785156,-0.19870172441005707,2.3273329734802246,0.050000011920928955,1799000
9,7197,250,-62.0909309387207,-0.24836371839046478,2.3178861141204834,0.050000011920928955,1799250
9,7198,250,-18.018693923950195,-0.0720747783780098,2.393742322921753,0.050000011920928955,1799500
9,7199,250,6.152770519256592,0.024611081928014755,2.262240409851074,0.050000011920928955,1799750
9,7200,250,-8.94753646850586,-0.03579014539718628,2.280459403991699,0.050000011920928955,1800000
9,7201,250,-57.07783508300781,-0.22831134498119354,2.5068552494049072,0.050000011920928955,1800250
9,7202,250,-60.50333023071289,-0.24201332032680511,2.4691977500915527,0.050000011920928955,1800500
9,7203,250,-36.81201171875,-0.1472480446100235,2.349003791809082,0.050000011920928955,1800750
9,7204,250,25.519908905029297,0.10207963734865189,2.369112014770508,0.050000011920928955,1801000
9,7205,250,2.113400459289551,0.008453601971268654,2.375682830810547,0.050000011920928955,1801250
9,7206,250,4.75430965423584,0.019017238169908524,2.442115306854248,0.050000011920928955,1801500
9,7207,250,6.737574577331543,0.026950297877192497,2.3851444721221924,0.050000011920928955,1801750
9,7208,250,-5.05910587310791,-0.0202364232391119,2.431535005569458,0.050000011920928955,1802000
9,7209,250,-22.07427978515625,-0.08829712122678757,2.490253448486328,0.050000011920928955,1802250
9,7210,250,-20.0064640045166,-0.08002585917711258,2.3560235500335693,0.050000011920928955,1802500
9,7211,250,-5.607599258422852,-0.02243039757013321,2.421429395675659,0.050000011920928955,1802750
9,7212,250,-14.810762405395508,-0.05924304947257042,2.4017856121063232,0.050000011920928955,1803000
9,7213,250,22.557085037231445,0.09022834151983261,2.5208802223205566,0.050000011920928955,1803250
9,7214,250,14.210681915283203,0.056842729449272156,2.556959629058838,0.050000011920928955,1803500
9,7215,250,53.68400573730469,0.21473602950572968,2.4621481895446777,0.050000011920928955,1803750
9,7216,250,4.321922302246094,0.017287688329815865,2.4476237297058105,0.050000011920928955,1804000
9,7217,250,36.92751693725586,0.14771007001399994,2.3857600688934326,0.050000011920928955,1804250
9,7218,250,-3.735475540161133,-0.01494190189987421,2.4798145294189453,0.050000011920928955,1804500
9,7219,250,29.140047073364258,0.1165601909160614,2.585125207901001,0.050000011920928955,1804750
9,7220,250,-22.105655670166016,-0.08842262625694275,2.4799747467041016,0.050000011920928955,1805000
9,7221,250,60.01694869995117,0.24006779491901398,2.4871397018432617,0.050000011920928955,1805250
9,7222,250,31.937589645385742,0.12775035202503204,2.4732582569122314,0.050000011920928955,1805500
9,7223,250,4.492643356323242,0.017970573157072067,2.5411877632141113,0.050000011920928955,1805750
9,7224,250,-7.641078472137451,-0.030564313754439354,2.520995616912842,0.050000011920928955,1806000
9,7225,250,22.394393920898438,0.0895775780081749,2.5385119915008545,0.050000011920928955,1806250
9,7226,250,18.4571590423584,0.07382863759994507,2.522221803665161,0.050000011920928955,1806500
9,7227,250,-50.07786178588867,-0.20031145215034485,2.4473752975463867,0.050000011920928955,1806750
9,7228,250,56.538753509521484,0.22615501284599304,2.40661883354187,0.050000011920928955,1807000
9,7229,250,-35.6012077331543,-0.14240482449531555,2.338186502456665,0.050000011920928955,1807250
9,7230,250,8.0961275100708,0.03238451108336449,2.416030168533325,0.050000011920928955,1807500
9,7231,250,-5.988889217376709,-0.023955557495355606,2.3531692028045654,0.050000011920928955,1807750
9,7232,250,-7.632495880126953,-0.030529983341693878,2.503540515899658,0.050000011920928955,1808000
9,7233,250,9.130924224853516,0.03652369603514671,2.4843389987945557,0.050000011920928955,1808250
9,7234,250,69.52339935302734,0.2780936062335968,2.36767578125,0.050000011920928955,1808500
9,7235,250,-49.02952575683594,-0.19611810147762299,2.2445507049560547,0.050000011920928955,1808750
9,7236,250,39.287315368652344,0.15714925527572632,2.302670955657959,0.050000011920928955,1809000
9,7237,250,-6.098127365112305,-0.02439250983297825,2.3365731239318848,0.050000011920928955,1809250
9,7238,250,2.4728498458862305,0.009891399182379246,2.3640315532684326,0.050000011920928955,1809500
9,7239,250,24.76235008239746,0.0990493968129158,2.460838794708252,0.050000011920928955,1809750
9,7240,250,-16.25529670715332,-0.06502118706703186,2.3505687713623047,0.050000011920928955,1810000
9,7241,250,2.5496928691864014,0.010198771022260189,2.321408271789551,0.050000011920928955,1810250
9,7242,250,-34.665489196777344,-0.1386619508266449,2.3299400806427,0.050000011920928955,1810500
9,7243,250,-22.535093307495117,-0.09014037251472473,2.2793445587158203,0.050000011920928955,1810750
9,7244,250,33.1579704284668,0.13263188302516937,2.336085796356201,0.050000011920928955,1811000
9,7245,250,-71.51671600341797,-0.28606685996055603,2.248673915863037,0.050000011920928955,1811250
9,7246,250,6.243727684020996,0.02497491054236889,2.3057262897491455,0.050000011920928955,1811500
9,7247,250,-83.7375717163086,-0.3349502980709076,2.2680537700653076,0.050000011920928955,1811750
9,7248,250,-3.232442855834961,-0.012929771095514297,2.2674245834350586,0.050000011920928955,1812000
9,7249,250,-60.17525100708008,-0.24070100486278534,2.337374448776245,0.050000011920928955,1812250
9,7250,250,-61.113101959228516,-0.24445240199565887,2.3495712280273438,0.050000011920928955,1812500
9,7251,250,45.132328033447266,0.18052931129932404,2.3653247356414795,0.050000011920928955,1812750
9,7252,250,26.48456382751465,0.10593825578689575,2.2207000255584717,0.050000011920928955,1813000
9,7253,250,43.784976959228516,0.1751399040222168,2.317633867263794,0.050000011920928955,1813250
9,7254,250,-48.897735595703125,-0.19559094309806824,2.347752809524536,0.050000011920928955,1813500
9,7255,250,-30.5412540435791,-0.1221650168299675,2.327446222305298,0.050000011920928955,1813750
9,7256,250,49.108001708984375,0.19643200933933258,2.205796718597412,0.050000011920928955,1814000
9,7257,250,35.759742736816406,0.14303897321224213,2.3636889457702637,0.050000011920928955,1814250
9,7258,250,-16.14150619506836,-0.06456602364778519,2.2528295516967773,0.050000011920928955,1814500
9,7259,250,23.444015502929688,0.09377606213092804,2.461294651031494,0.050000011920928955,1814750
9,7260,250,-34.942317962646484,-0.1397692710161209,2.3438656330108643,0.050000011920928955,1815000
9,7261,250,-18.908987045288086,-0.07563594728708267,2.4043209552764893,0.050000011920928955,1815250
9,7262,250,-17.32310676574707,-0.06929242610931396,2.3380978107452393,0.050000011920928955,1815500
9,7263,250,-17.226991653442383,-0.0689079686999321,2.2852370738983154,0.050000011920928955,1815750
9,7264,250,25.966520309448242,0.1038660779595375,2.2705259323120117,0.050000011920928955,1816000
9,7265,250,-2.3565731048583984,-0.009426292032003403,2.305828332901001,0.050000011920928955,1816250
9,7266,250,-34.42134094238281,-0.1376853585243225,2.3262150287628174,0.050000011920928955,1816500
9,7267,250,-48.39530944824219,-0.1935812383890152,2.3737990856170654,0.050000011920928955,1816750
9,7268,250,-17.18140411376953,-0.06872561573982239,2.298616886138916,0.050000011920928955,1817000
9,7269,250,90.39053344726562,0.3615621328353882,2.4050164222717285,0.050000011920928955,1817250
9,7270,250,-2.387422561645508,-0.009549690410494804,2.301464796066284,0.050000011920928955,1817500
9,7271,250,-26.956655502319336,-0.10782662034034729,2.3043384552001953,0.050000011920928955,1817750
9,7272,250,18.041759490966797,0.0721670389175415,2.344831705093384,0.050000011920928955,1818000
9,7273,250,-14.625205039978027,-0.05850081890821457,2.3192362785339355,0.050000011920928955,1818250
9,7274,250,-11.142345428466797,-0.04456938058137894,2.2787320613861084,0.050000011920928955,1818500
9,7275,250,-47.747154235839844,-0.19098861515522003,2.304111957550049,0.050000011920928955,1818750
9,7276,250,1.8856134414672852,0.007542453706264496,2.2382092475891113,0.050000011920928955,1819000
9,7277,250,-116.12828826904297,-0.4645131528377533,2.4197957515716553,0.050000011920928955,1819250
9,7278,250,-65.9214859008789,-0.263685941696167,2.2380120754241943,0.050000011920928955,1819500
9,7279,250,-32.840126037597656,-0.1313605010509491,2.3084876537323,0.050000011920928955,1819750
9,7280,250,-31.32194709777832,-0.12528778612613678,2.2926652431488037,0.050000011920928955,1820000
9,7281,250,-28.12519645690918,-0.11250078678131104,2.2795183658599854,0.050000011920928955,1820250
9,7282,250,7.637153625488281,0.030548615381121635,2.3534953594207764,0.050000011920928955,1820500
9,7283,250,-17.635160446166992,-0.0705406442284584,2.2807586193084717,0.050000011920928955,1820750
9,7284,250,-36.63276290893555,-0.14653104543685913,2.3066232204437256,0.050000011920928955,1821000
9,7285,250,30.13719940185547,0.1205487996339798,2.262418031692505,0.050000011920928955,1821250
9,7286,250,-15.706672668457031,-0.06282669305801392,2.2542967796325684,0.050000011920928955,1821500
9,7287,250,28.58230209350586,0.11432921141386032,2.308687686920166,0.050000011920928955,1821750
9,7288,250,21.4976806640625,0.08599071949720383,2.217041492462158,0.050000011920928955,1822000
9,7289,250,-2.1757919788360596,-0.008703167550265789,2.3897712230682373,0.050000011920928955,1822250
9,7290,250,-12.5272216796875,-0.0501088872551918,2.348534345626831,0.050000011920928955,1822500
9,7291,250,2.159323215484619,0.008637293241918087,2.2136709690093994,0.050000011920928955,1822750
9,7292,250,-59.427223205566406,-0.2377088963985443,2.306087017059326,0.050000011920928955,1823000
9,7293,250,-38.617897033691406,-0.15447159111499786,2.2538130283355713,0.050000011920928955,1823250
9,7294,250,-17.092575073242188,-0.06837029755115509,2.289543628692627,0.050000011920928955,1823500
9,7295,250,-3.7889204025268555,-0.015155681408941746,2.309086561203003,0.050000011920928955,1823750
9,7296,250,96.87403106689453,0.38749611377716064,2.2020556926727295,0.050000011920928955,1824000
9,7297,250,-28.511255264282227,-0.11404502391815186,2.26476788520813,0.050000011920928955,1824250
9,7298,250,-18.55464744567871,-0.07421858608722687,2.3109817504882812,0.050000011920928955,1824500
9,7299,250,-16.26139259338379,-0.06504557281732559,2.233454465866089,0.050000011920928955,1824750
9,7300,250,7.434110641479492,0.029736442491412163,2.289860963821411,0.050000011920928955,1825000
9,7301,250,-53.11775207519531,-0.21247100830078125,2.3073391914367676,0.050000011920928955,1825250
9,7302,250,27.838953018188477,0.11135581135749817,2.246220827102661,0.050000011920928955,1825500
9,7303,250,-71.31159210205078,-0.2852463722229004,2.222959280014038,0.050000011920928955,1825750
9,7304,250,-4.325345993041992,-0.01730138435959816,2.173743724822998,0.050000011920928955,1826000
9,7305,250,-42.87748336791992,-0.17150993645191193,2.1376264095306396,0.050000011920928955,1826250
9,7306,250,3.037405252456665,0.012149620801210403,2.153726816177368,0.050000011920928955,1826500
9,7307,250,-57.17726516723633,-0.22870905697345734,2.089200496673584,0.050000011920928955,1826750
9,7308,250,74.97205352783203,0.2998882234096527,2.110217809677124,0.050000011920928955,1827000
9,7309,250,-80.90541076660156,-0.32362163066864014,2.1758029460906982,0.050000011920928955,1827250
9,7310,250,-56.55049514770508,-0.22620198130607605,2.159452199935913,0.050000011920928955,1827500
9,7311,250,-66.91697692871094,-0.2676679193973541,2.123467445373535,0.050000011920928955,1827750
9,7312,250,70.27401733398438,0.28109607100486755,2.2265493869781494,0.050000011920928955,1828000
9,7313,250,-103.6221923828125,-0.4144887626171112,2.2082393169403076,0.050000011920928955,1828250
9,7314,250,-94.51314544677734,-0.37805259227752686,2.2094905376434326,0.050000011920928955,1828500
9,7315,250,-95.85033416748047,-0.3834013342857361,2.1513559818267822,0.050000011920928955,1828750
9,7316,250,-105.24703979492188,-0.42098817229270935,2.230987071990967,0.050000011920928955,1829000
9,7317,250,-69.00407409667969,-0.2760162949562073,2.077773094177246,0.050000011920928955,1829250
9,7318,250,54.91543960571289,0.21966175734996796,2.08750057220459,0.050000011920928955,1829500
9,7319,250,-42.10357666015625,-0.16841430962085724,2.1740899085998535,0.050000011920928955,1829750
9,7320,250,-72.31779479980469,-0.28927117586135864,2.1383919715881348,0.050000011920928955,1830000
9,7321,250,-16.222137451171875,-0.06488855183124542,2.162766933441162,0.050000011920928955,1830250
9,7322,250,126.24072265625,0.5049628615379333,2.1741411685943604,0.050000011920928955,1830500
9,7323,250,42.02235412597656,0.16808941960334778,2.099461555480957,0.050000011920928955,1830750
9,7324,250,-50.202362060546875,-0.20080944895744324,2.1124327182769775,0.050000011920928955,1831000
9,7325,250,-48.67280197143555,-0.19469121098518372,2.1624817848205566,0.050000011920928955,1831250
9,7326,250,-21.943965911865234,-0.08777586370706558,2.1360623836517334,0.050000011920928955,1831500
9,7327,250,53.103851318359375,0.212415412068367,2.0979182720184326,0.050000011920928955,1831750
9,7328,250,-57.88800048828125,-0.23155200481414795,2.1844706535339355,0.050000011920928955,1832000
9,7329,250,-49.61139678955078,-0.19844558835029602,2.2724709510803223,0.050000011920928955,1832250
9,7330,250,59.53179168701172,0.23812717199325562,2.2991549968719482,0.050000011920928955,1832500
9,7331,250,31.870031356811523,0.12748011946678162,2.1202869415283203,0.050000011920928955,1832750
9,7332,250,-45.590572357177734,-0.18236228823661804,2.1639182567596436,0.050000011920928955,1833000
9,7333,250,-37.23204040527344,-0.14892816543579102,2.244671583175659,0.050000011920928955,1833250
9,7334,250,-9.97732925415039,-0.03990931808948517,2.1471853256225586,0.050000011920928955,1833500
9,7335,250,84.3079605102539,0.33723184466362,2.1164286136627197,0.050000011920928955,1833750
9,7336,250,44.09605407714844,0.17638421058654785,2.0503711700439453,0.050000011920928955,1834000
9,7337,250,-49.402191162109375,-0.19760876893997192,2.05863881111145,0.050000011920928955,1834250
9,7338,250,64.842529296875,0.2593701183795929,2.017259359359741,0.050000011920928955,1834500
9,7339,250,13.003503799438477,0.05201401561498642,2.0997297763824463,0.050000011920928955,1834750
9,7340,250,-16.97247886657715,-0.06788991391658783,2.0313658714294434,0.050000011920928955,1835000
9,7341,250,3.5542683601379395,0.01421707309782505,2.0417957305908203,0.050000011920928955,1835250
9,7342,250,-14.3396577835083,-0.05735863000154495,2.0220794677734375,0.050000011920928955,1835500
9,7343,250,-6.974119663238525,-0.02789647877216339,2.075669527053833,0.050000011920928955,1835750
9,7344,250,4.195978164672852,0.016783911734819412,2.1223833560943604,0.050000011920928955,1836000
9,7345,250,28.99305534362793,0.11597222089767456,2.0832691192626953,0.050000011920928955,1836250
9,7346,250,-62.585445404052734,-0.2503417730331421,2.013265609741211,0.050000011920928955,1836500
9,7347,250,18.96393394470215,0.07585573941469193,2.0421032905578613,0.050000011920928955,1836750
9,7348,250,13.658682823181152,0.05463473126292229,1.9062268733978271,0.050000011920928955,1837000
9,7349,250,-32.74542999267578,-0.1309817135334015,1.9867781400680542,0.050000011920928955,1837250
9,7350,250,-56.27848434448242,-0.22511394321918488,2.007244825363159,0.050000011920928955,1837500
9,7351,250,-67.30906677246094,-0.2692362666130066,1.9691166877746582,0.050000011920928955,1837750
9,7352,250,-48.624481201171875,-0.19449792802333832,1.8355317115783691,0.050000011920928955,1838000
9,7353,250,-46.0036735534668,-0.184014692902565,1.9421583414077759,0.050000011920928955,1838250
9,7354,250,20.423707962036133,0.0816948339343071,1.9416191577911377,0.050000011920928955,1838500
9,7355,250,36.396854400634766,0.14558741450309753,2.0321829319000244,0.050000011920928955,1838750
9,7356,250,-66.98606872558594,-0.2679442763328552,1.9059244394302368,0.050000011920928955,1839000
9,7357,250,-61.991661071777344,-0.24796664714813232,1.885765790939331,0.050000011920928955,1839250
9,7358,250,-3.6464743614196777,-0.014585897326469421,1.9724481105804443,0.050000011920928955,1839500
9,7359,250,3.6513330936431885,0.014605332165956497,2.0305016040802,0.050000011920928955,1839750
9,7360,250,-79.16397094726562,-0.31665587425231934,1.9421970844268799,0.050000011920928955,1840000
9,7361,250,56.15116500854492,0.22460466623306274,2.0545527935028076,0.050000011920928955,1840250
9,7362,250,-10.430854797363281,-0.04172341898083687,2.0129995346069336,0.050000011920928955,1840500
9,7363,250,2.3754029273986816,0.009501611813902855,1.876768946647644,0.050000011920928955,1840750
9,7364,250,-5.678492069244385,-0.02271396853029728,1.936745047569275,0.050000011920928955,1841000
9,7365,250,0.5044395923614502,0.002017758321017027,2.0350637435913086,0.050000011920928955,1841250
9,7366,250,-99.60539245605469,-0.3984215557575226,2.1324636936187744,0.050000011920928955,1841500
9,7367,250,-25.020694732666016,-0.10008277744054794,2.1068382263183594,0.050000011920928955,1841750
9,7368,250,-61.863529205322266,-0.24745412170886993,2.0977509021759033,0.050000011920928955,1842000
9,7369,250,37.44523239135742,0.14978092908859253,2.099937915802002,0.050000011920928955,1842250
9,7370,250,-32.20584487915039,-0.128823384642601,2.0963406562805176,0.050000011920928955,1842500
9,7371,250,-70.18510437011719,-0.2807404100894928,2.1158063411712646,0.050000011920928955,1842750
9,7372,250,-50.920501708984375,-0.20368200540542603,2.074364185333252,0.050000011920928955,1843000
9,7373,250,-46.44181823730469,-0.1857672780752182,2.066704511642456,0.050000011920928955,1843250
9,7374,250,-20.380273818969727,-0.08152109384536743,2.009674549102783,0.050000011920928955,1843500
9,7375,250,-29.16905975341797,-0.11667624115943909,2.0271220207214355,0.050000011920928955,1843750
9,7376,250,-42.78614807128906,-0.17114458978176117,2.0068416595458984,0.050000011920928955,1844000
9,7377,250,-72.51299285888672,-0.29005196690559387,2.056011199951172,0.050000011920928955,1844250
9,7378,250,-39.59087371826172,-0.1583634912967682,2.095559597015381,0.050000011920928955,1844500
9,7379,250,8.984187126159668,0.03593674674630165,2.0035600662231445,0.050000011920928955,1844750
9,7380,250,-12.245170593261719,-0.04898068308830261,1.979856252670288,0.050000011920928955,1845000
9,7381,250,4.924071788787842,0.01969628781080246,2.0740067958831787,0.050000011920928955,1845250
9,7382,250,-25.88638687133789,-0.10354554653167725,2.0180513858795166,0.050000011920928955,1845500
9,7383,250,-29.858617782592773,-0.11943446844816208,2.0743014812469482,0.050000011920928955,1845750
9,7384,250,-15.365280151367188,-0.06146112084388733,2.044975757598877,0.050000011920928955,1846000
9,7385,250,-45.010986328125,-0.18004395067691803,2.1291680335998535,0.050000011920928955,1846250
9,7386,250,14.485301971435547,0.05794120952486992,2.083672046661377,0.050000011920928955,1846500
9,7387,250,49.68098449707031,0.1987239420413971,2.156735420227051,0.050000011920928955,1846750
9,7388,250,-0.9053981304168701,-0.0036215924192219973,2.1209042072296143,0.050000011920928955,1847000
9,7389,250,-19.545690536499023,-0.07818276435136795,2.0785861015319824,0.050000011920928955,1847250
9,7390,250,-58.342838287353516,-0.23337134718894958,2.075491189956665,0.050000011920928955,1847500
9,7391,250,99.86837768554688,0.39947351813316345,2.1454780101776123,0.050000011920928955,1847750
9,7392,250,49.0408821105957,0.19616353511810303,2.1284170150756836,0.050000011920928955,1848000
9,7393,250,38.73139953613281,0.15492559969425201,2.1241822242736816,0.050000011920928955,1848250
9,7394,250,-53.42768478393555,-0.2137107402086258,2.1867544651031494,0.050000011920928955,1848500
9,7395,250,26.653329849243164,0.10661332309246063,2.120283603668213,0.050000011920928955,1848750
9,7396,250,18.422182083129883,0.07368873059749603,2.1433489322662354,0.050000011920928955,1849000
9,7397,250,14.67220401763916,0.05868881568312645,2.1502881050109863,0.050000011920928955,1849250
9,7398,250,-7.043214797973633,-0.02817285992205143,2.1038081645965576,0.050000011920928955,1849500
9,7399,250,33.72697448730469,0.13490790128707886,2.152385711669922,0.050000011920928955,1849750
9,7400,250,20.908607482910156,0.08363442867994308,2.0715856552124023,0.050000011920928955,1850000
9,7401,250,-0.1764228641986847,-0.0007056914619170129,2.1829371452331543,0.050000011920928955,1850250
9,7402,250,14.322305679321289,0.05728922411799431,2.2119266986846924,0.050000011920928955,1850500
9,7403,250,24.45785903930664,0.09783143550157547,2.2124197483062744,0.050000011920928955,1850750
9,7404,250,-19.97834014892578,-0.07991336286067963,2.2433512210845947,0.050000011920928955,1851000
9,7405,250,72.12859344482422,0.2885143756866455,2.1838366985321045,0.050000011920928955,1851250
9,7406,250,-5.494750022888184,-0.02197900041937828,2.2047905921936035,0.050000011920928955,1851500
9,7407,250,-28.779983520507812,-0.11511993408203125,2.1948201656341553,0.050000011920928955,1851750
9,7408,250,-26.36638832092285,-0.10546555370092392,2.1811347007751465,0.050000011920928955,1852000
9,7409,250,15.4848051071167,0.06193922087550163,2.2328174114227295,0.050000011920928955,1852250
9,7410,250,8.109345436096191,0.03243738040328026,2.255309820175171,0.050000011920928955,1852500
9,7411,250,12.50603199005127,0.0500241294503212,2.1716344356536865,0.050000011920928955,1852750
9,7412,250,-46.64671325683594,-0.18658685684204102,2.2177066802978516,0.050000011920928955,1853000
9,7413,250,-38.43135452270508,-0.15372541546821594,2.1870996952056885,0.050000011920928955,1853250
9,7414,250,2.3904404640197754,0.00956176221370697,2.1625008583068848,0.050000011920928955,1853500
9,7415,250,12.627023696899414,0.05050809308886528,2.0746042728424072,0.050000011920928955,1853750
9,7416,250,7.722175121307373,0.030888700857758522,2.1139655113220215,0.050000011920928955,1854000
9,7417,250,4.46004581451416,0.017840182408690453,2.1736528873443604,0.050000011920928955,1854250
9,7418,250,0.9034440517425537,0.003613776294514537,2.1215057373046875,0.050000011920928955,1854500
9,7419,250,7.352108001708984,0.02940843254327774,2.08066463470459,0.050000011920928955,1854750
9,7420,250,16.79021453857422,0.06716085970401764,2.085139513015747,0.050000011920928955,1855000
9,7421,250,-46.008140563964844,-0.18403255939483643,2.1345739364624023,0.050000011920928955,1855250
9,7422,250,-37.257625579833984,-0.14903050661087036,2.2671258449554443,0.050000011920928955,1855500
9,7423,250,7.325467109680176,0.029301868751645088,2.2419445514678955,0.050000011920928955,1855750
9,7424,250,-40.072147369384766,-0.16028858721256256,2.0640010833740234,0.050000011920928955,1856000
9,7425,250,-39.4644775390625,-0.15785790979862213,2.1334943771362305,0.050000011920928955,1856250
9,7426,250,-49.424991607666016,-0.19769996404647827,2.053232431411743,0.050000011920928955,1856500
9,7427,250,-22.024187088012695,-0.0880967453122139,2.0711863040924072,0.050000011920928955,1856750
9,7428,250,-66.72228240966797,-0.26688912510871887,2.15840220451355,0.050000011920928955,1857000
9,7429,250,-18.952068328857422,-0.07580827176570892,2.003197193145752,0.050000011920928955,1857250
9,7430,250,6.743890285491943,0.026975560933351517,1.9958298206329346,0.050000011920928955,1857500
9,7431,250,-17.606630325317383,-0.07042652368545532,1.9453932046890259,0.050000011920928955,1857750
9,7432,250,-43.6605110168457,-0.17464204132556915,1.9964032173156738,0.050000011920928955,1858000
9,7433,250,-17.266847610473633,-0.06906738877296448,1.9262503385543823,0.050000011920928955,1858250
9,7434,250,-12.195239067077637,-0.048780955374240875,1.9281753301620483,0.050000011920928955,1858500
9,7435,250,5.462289810180664,0.02184915915131569,1.8995457887649536,0.050000011920928955,1858750
9,7436,250,-32.802764892578125,-0.131211057305336,1.8874362707138062,0.050000011920928955,1859000
9,7437,250,-8.116477966308594,-0.03246591240167618,2.015761613845825,0.050000011920928955,1859250
9,7438,250,-21.17631721496582,-0.08470527082681656,1.966941237449646,0.050000011920928955,1859500
9,7439,250,-37.891788482666016,-0.15156716108322144,1.9353508949279785,0.050000011920928955,1859750
9,7440,250,16.790176391601562,0.0671607032418251,1.9087427854537964,0.050000011920928955,1860000
9,7441,250,-12.186101913452148,-0.048744406551122665,2.01000714302063,0.050000011920928955,1860250
9,7442,250,-21.63936996459961,-0.08655747771263123,1.9341317415237427,0.050000011920928955,1860500
9,7443,250,-42.55325698852539,-0.1702130287885666,2.0095720291137695,0.050000011920928955,1860750
9,7444,250,-39.07928466796875,-0.15631714463233948,1.9014033079147339,0.050000011920928955,1861000
9,7445,250,-61.16279983520508,-0.244651198387146,1.9663835763931274,0.050000011920928955,1861250
9,7446,250,20.353212356567383,0.08141285181045532,1.988374948501587,0.050000011920928955,1861500
9,7447,250,-41.97402572631836,-0.16789610683918,1.9498450756072998,0.050000011920928955,1861750
9,7448,250,-40.429054260253906,-0.16171622276306152,1.9792357683181763,0.050000011920928955,1862000
9,7449,250,-28.453350067138672,-0.11381340026855469,1.905540108680725,0.050000011920928955,1862250
9,7450,250,-42.26728820800781,-0.16906915605068207,1.8947365283966064,0.050000011920928955,1862500
9,7451,250,-50.75428771972656,-0.20301714539527893,1.970210075378418,0.050000011920928955,1862750
9,7452,250,-49.078399658203125,-0.19631360471248627,1.9696433544158936,0.050000011920928955,1863000
9,7453,250,-35.76300811767578,-0.14305202662944794,1.9692014455795288,0.050000011920928955,1863250
9,7454,250,-46.96216583251953,-0.18784865736961365,1.930053949356079,0.050000011920928955,1863500
9,7455,250,-42.119384765625,-0.16847753524780273,1.9799801111221313,0.050000011920928955,1863750
9,7456,250,-54.62401580810547,-0.21849606931209564,1.971901774406433,0.050000011920928955,1864000
9,7457,250,-50.63982009887695,-0.20255927741527557,1.8820526599884033,0.050000011920928955,1864250
9,7458,250,-42.6659049987793,-0.17066362500190735,1.9658000469207764,0.050000011920928955,1864500
9,7459,250,-40.51218032836914,-0.16204872727394104,1.9429523944854736,0.050000011920928955,1864750
9,7460,250,-48.0506477355957,-0.1922025978565216,1.8789186477661133,0.050000011920928955,1865000
9,7461,250,-43.49774169921875,-0.17399096488952637,1.9292123317718506,0.050000011920928955,1865250
9,7462,250,-65.96753692626953,-0.26387014985084534,1.9745440483093262,0.050000011920928955,1865500
9,7463,250,-39.81454086303711,-0.1592581570148468,1.899377465248108,0.050000011920928955,1865750
9,7464,250,32.938453674316406,0.1317538172006607,1.8821731805801392,0.050000011920928955,1866000
9,7465,250,-18.220796585083008,-0.07288318872451782,2.0074985027313232,0.050000011920928955,1866250
9,7466,250,-47.000858306884766,-0.18800343573093414,1.9505590200424194,0.050000011920928955,1866500
9,7467,250,-37.185482025146484,-0.1487419307231903,1.8714524507522583,0.050000011920928955,1866750
9,7468,250,-32.249481201171875,-0.12899792194366455,1.9405759572982788,0.050000011920928955,1867000
9,7469,250,-25.93140983581543,-0.10372564196586609,2.053325891494751,0.050000011920928955,1867250
9,7470,250,-26.935142517089844,-0.10774057358503342,2.0323727130889893,0.050000011920928955,1867500
9,7471,250,-19.583271026611328,-0.07833308726549149,1.8957438468933105,0.050000011920928955,1867750
9,7472,250,-35.802921295166016,-0.14321169257164001,1.9477647542953491,0.050000011920928955,1868000
9,7473,250,-39.024757385253906,-0.15609903633594513,1.9100836515426636,0.050000011920928955,1868250
9,7474,250,-47.59039306640625,-0.19036157429218292,1.9674509763717651,0.050000011920928955,1868500
9,7475,250,-75.13660430908203,-0.30054640769958496,1.8892048597335815,0.050000011920928955,1868750
9,7476,250,-23.167221069335938,-0.09266888350248337,1.933074951171875,0.050000011920928955,1869000
9,7477,250,-24.65682601928711,-0.09862730652093887,1.9037467241287231,0.050000011920928955,1869250
9,7478,250,-14.873891830444336,-0.05949556827545166,1.8385783433914185,0.050000011920928955,1869500
9,7479,250,-58.034000396728516,-0.23213599622249603,1.7619894742965698,0.050000011920928955,1869750
9,7480,250,2.6162023544311523,0.010464809834957123,1.864209532737732,0.050000011920928955,1870000
9,7481,250,-25.22227668762207,-0.10088910907506943,1.9330888986587524,0.050000011920928955,1870250
9,7482,250,1.761063814163208,0.007044255267828703,1.869023084640503,0.050000011920928955,1870500
9,7483,250,-55.085914611816406,-0.2203436642885208,1.8439545631408691,0.050000011920928955,1870750
9,7484,250,-54.601165771484375,-0.21840466558933258,1.9166066646575928,0.050000011920928955,1871000
9,7485,250,-58.231597900390625,-0.2329263985157013,1.8815112113952637,0.050000011920928955,1871250
9,7486,250,-80.3568344116211,-0.3214273452758789,1.8700125217437744,0.050000011920928955,1871500
9,7487,250,24.991228103637695,0.09996490925550461,1.8943642377853394,0.050000011920928955,1871750
9,7488,250,-33.68303298950195,-0.13473212718963623,1.9532749652862549,0.050000011920928955,1872000
9,7489,250,-54.228797912597656,-0.21691519021987915,1.9382163286209106,0.050000011920928955,1872250
9,7490,250,-61.90419006347656,-0.2476167529821396,1.8527265787124634,0.050000011920928955,1872500
9,7491,250,-45.16023635864258,-0.18064095079898834,1.8514689207077026,0.050000011920928955,1872750
9,7492,250,-67.04804229736328,-0.2681921720504761,1.8668431043624878,0.050000011920928955,1873000
9,7493,250,-41.12990951538086,-0.16451963782310486,1.7527748346328735,0.050000011920928955,1873250
9,7494,250,-45.71742248535156,-0.18286968767642975,1.912373423576355,0.050000011920928955,1873500
9,7495,250,-61.77086639404297,-0.24708347022533417,1.8398789167404175,0.050000011920928955,1873750
9,7496,250,-42.35380172729492,-0.1694152057170868,1.8330078125,0.050000011920928955,1874000
9,7497,250,-60.828895568847656,-0.24331557750701904,1.9650880098342896,0.050000011920928955,1874250
9,7498,250,-47.2155876159668,-0.18886235356330872,1.8994797468185425,0.050000011920928955,1874500
9,7499,250,-28.48539161682129,-0.11394156515598297,1.885870337486267,0.050000011920928955,1874750
9,7500,250,-73.31816864013672,-0.2932726740837097,1.7708810567855835,0.050000011920928955,1875000
9,7501,250,-42.31756591796875,-0.16927026212215424,1.9655734300613403,0.050000011920928955,1875250
9,7502,250,-47.60039520263672,-0.1904015839099884,1.8096423149108887,0.050000011920928955,1875500
9,7503,250,-72.04631042480469,-0.2881852388381958,1.8829585313796997,0.050000011920928955,1875750
9,7504,250,-83.39350128173828,-0.33357399702072144,1.8704415559768677,0.050000011920928955,1876000
9,7505,250,-21.52836036682129,-0.08611343801021576,1.807707667350769,0.050000011920928955,1876250
9,7506,250,-42.60221481323242,-0.17040885984897614,1.826321005821228,0.050000011920928955,1876500
9,7507,250,-46.16259765625,-0.18465039134025574,1.8023470640182495,0.050000011920928955,1876750
9,7508,250,-52.114009857177734,-0.20845603942871094,1.7470210790634155,0.050000011920928955,1877000
9,7509,250,-32.92850112915039,-0.13171400129795074,1.7100989818572998,0.050000011920928955,1877250
9,7510,250,-45.18238067626953,-0.18072952330112457,1.7254477739334106,0.050000011920928955,1877500
9,7511,250,-47.85422134399414,-0.1914168894290924,1.734182596206665,0.050000011920928955,1877750
9,7512,250,-47.20134735107422,-0.18880538642406464,1.714311957359314,0.050000011920928955,1878000
9,7513,250,-84.48981475830078,-0.33795925974845886,1.7428348064422607,0.050000011920928955,1878250
9,7514,250,-70.4200668334961,-0.28168025612831116,1.7169609069824219,0.050000011920928955,1878500
9,7515,250,-79.79678344726562,-0.31918713450431824,1.8296667337417603,0.050000011920928955,1878750
9,7516,250,-31.471328735351562,-0.12588530778884888,1.8048943281173706,0.050000011920928955,1879000
9,7517,250,-42.48226547241211,-0.16992905735969543,1.7739129066467285,0.050000011920928955,1879250
9,7518,250,-49.252750396728516,-0.19701100885868073,1.7712122201919556,0.050000011920928955,1879500
9,7519,250,-34.48289108276367,-0.13793157041072845,1.749864935874939,0.050000011920928955,1879750
9,7520,250,-81.19212341308594,-0.3247684836387634,1.6744105815887451,0.050000011920928955,1880000
9,7521,250,-74.10590362548828,-0.29642361402511597,1.7581121921539307,0.050000011920928955,1880250
9,7522,250,-39.70607376098633,-0.15882429480552673,1.7080614566802979,0.050000011920928955,1880500
9,7523,250,-55.29218292236328,-0.22116872668266296,1.6945452690124512,0.050000011920928955,1880750
9,7524,250,-50.82126235961914,-0.20328505337238312,1.797350525856018,0.050000011920928955,1881000
9,7525,250,-40.733673095703125,-0.16293469071388245,1.7470093965530396,0.050000011920928955,1881250
9,7526,250,-38.8497428894043,-0.15539896488189697,1.7574403285980225,0.050000011920928955,1881500
9,7527,250,-93.74351501464844,-0.3749740719795227,1.7257403135299683,0.050000011920928955,1881750
9,7528,250,-40.74342727661133,-0.16297370195388794,1.7752236127853394,0.050000011920928955,1882000
9,7529,250,-68.93505859375,-0.27574023604393005,1.7321853637695312,0.050000011920928955,1882250
9,7530,250,-47.162288665771484,-0.18864914774894714,1.777421236038208,0.050000011920928955,1882500
9,7531,250,-65.39958190917969,-0.2615983188152313,1.7820191383361816,0.050000011920928955,1882750
9,7532,250,-81.47811126708984,-0.3259124457836151,1.754333734512329,0.050000011920928955,1883000
9,7533,250,-39.71905517578125,-0.1588762253522873,1.9025366306304932,0.050000011920928955,1883250
9,7534,250,-31.442750930786133,-0.12577100098133087,1.7727078199386597,0.050000011920928955,1883500
9,7535,250,-46.72690963745117,-0.18690763413906097,1.810594916343689,0.050000011920928955,1883750
9,7536,250,-66.69438934326172,-0.26677754521369934,1.821879267692566,0.050000011920928955,1884000
9,7537,250,-55.341556549072266,-0.22136622667312622,1.8772411346435547,0.050000011920928955,1884250
9,7538,250,-73.64315032958984,-0.2945725917816162,1.853508472442627,0.050000011920928955,1884500
9,7539,250,-83.93827819824219,-0.33575311303138733,1.7842382192611694,0.050000011920928955,1884750
9,7540,250,-40.3373908996582,-0.1613495647907257,1.8709698915481567,0.050000011920928955,1885000
9,7541,250,-52.287132263183594,-0.20914852619171143,1.8417556285858154,0.050000011920928955,1885250
9,7542,250,-81.49626922607422,-0.3259850740432739,1.8880960941314697,0.050000011920928955,1885500
9,7543,250,-65.44232940673828,-0.2617693245410919,1.7958019971847534,0.050000011920928955,1885750
9,7544,250,-46.22239303588867,-0.18488956987857819,1.842467188835144,0.050000011920928955,1886000
9,7545,250,-49.1125373840332,-0.1964501440525055,1.8792858123779297,0.050000011920928955,1886250
9,7546,250,-43.543914794921875,-0.1741756647825241,1.8264895677566528,0.050000011920928955,1886500
9,7547,250,-38.10868453979492,-0.15243473649024963,1.823962688446045,0.050000011920928955,1886750
9,7548,250,-51.48325729370117,-0.20593303442001343,1.861200213432312,0.050000011920928955,1887000
9,7549,250,-69.75452423095703,-0.2790181040763855,1.973005771636963,0.050000011920928955,1887250
9,7550,250,-40.79612731933594,-0.1631845086812973,1.8366608619689941,0.050000011920928955,1887500
9,7551,250,-59.13286590576172,-0.23653146624565125,1.7823063135147095,0.050000011920928955,1887750
9,7552,250,-41.84611511230469,-0.16738446056842804,1.8209956884384155,0.050000011920928955,1888000
9,7553,250,-52.756996154785156,-0.21102797985076904,1.8553305864334106,0.050000011920928955,1888250
9,7554,250,-41.75837707519531,-0.16703350841999054,1.8295280933380127,0.050000011920928955,1888500
9,7555,250,-42.95677185058594,-0.17182709276676178,1.7456796169281006,0.050000011920928955,1888750
9,7556,250,-39.43572998046875,-0.1577429175376892,1.815752387046814,0.050000011920928955,1889000
9,7557,250,-47.30781555175781,-0.1892312616109848,1.7973272800445557,0.050000011920928955,1889250
9,7558,250,-23.43027114868164,-0.09372108429670334,1.7316070795059204,0.050000011920928955,1889500
9,7559,250,1.931623935699463,0.007726495619863272,1.7490147352218628,0.050000011920928955,1889750
9,7560,250,-23.9939022064209,-0.0959756076335907,1.8220545053482056,0.050000011920928955,1890000
9,7561,250,-80.05828857421875,-0.32023316621780396,1.732584834098816,0.050000011920928955,1890250
9,7562,250,-41.903629302978516,-0.16761451959609985,1.7243764400482178,0.050000011920928955,1890500
9,7563,250,-50.879310607910156,-0.20351724326610565,1.6166192293167114,0.050000011920928955,1890750
9,7564,250,-37.81940841674805,-0.15127763152122498,1.7757891416549683,0.050000011920928955,1891000
9,7565,250,-69.82935333251953,-0.2793174088001251,1.8921382427215576,0.050000011920928955,1891250
9,7566,250,-47.57041931152344,-0.1902816742658615,1.7923566102981567,0.050000011920928955,1891500
9,7567,250,-29.955631256103516,-0.11982252448797226,1.7244744300842285,0.050000011920928955,1891750
9,7568,250,-62.4111328125,-0.24964453279972076,1.788753867149353,0.050000011920928955,1892000
9,7569,250,-32.880462646484375,-0.13152185082435608,1.8206065893173218,0.050000011920928955,1892250
9,7570,250,-28.364532470703125,-0.11345812678337097,1.7974833250045776,0.050000011920928955,1892500
9,7571,250,-47.507102966308594,-0.19002841413021088,1.7725017070770264,0.050000011920928955,1892750
9,7572,250,-37.460853576660156,-0.14984340965747833,1.6581655740737915,0.050000011920928955,1893000
9,7573,250,-37.9308967590332,-0.15172359347343445,1.7339527606964111,0.050000011920928955,1893250
9,7574,250,-33.9361457824707,-0.1357445865869522,1.6283882856369019,0.050000011920928955,1893500
9,7575,250,-28.51665687561035,-0.11406663060188293,1.6381481885910034,0.050000011920928955,1893750
9,7576,250,-26.301481246948242,-0.10520592331886292,1.5913424491882324,0.050000011920928955,1894000
9,7577,250,-36.80992889404297,-0.14723971486091614,1.653229832649231,0.050000011920928955,1894250
9,7578,250,-75.7711181640625,-0.30308446288108826,1.6105222702026367,0.050000011920928955,1894500
9,7579,250,-31.1076717376709,-0.12443068623542786,1.6020170450210571,0.050000011920928955,1894750
9,7580,250,-72.79112243652344,-0.29116448760032654,1.6876438856124878,0.050000011920928955,1895000
9,7581,250,-49.42631530761719,-0.1977052539587021,1.7536524534225464,0.050000011920928955,1895250
9,7582,250,-43.93834686279297,-0.1757533848285675,1.6344739198684692,0.050000011920928955,1895500
9,7583,250,-48.46500778198242,-0.1938600242137909,1.6256873607635498,0.050000011920928955,1895750
9,7584,250,-59.29209518432617,-0.23716838657855988,1.734300136566162,0.050000011920928955,1896000
9,7585,250,-43.29099655151367,-0.1731639802455902,1.7835285663604736,0.050000011920928955,1896250
9,7586,250,-35.53235626220703,-0.14212942123413086,1.7385271787643433,0.050000011920928955,1896500
9,7587,250,-46.06606674194336,-0.18426427245140076,1.8206677436828613,0.050000011920928955,1896750
9,7588,250,-64.42040252685547,-0.25768160820007324,1.7405637502670288,0.050000011920928955,1897000
9,7589,250,-46.06938934326172,-0.18427756428718567,1.7772067785263062,0.050000011920928955,1897250
9,7590,250,-44.31535720825195,-0.17726142704486847,1.8083606958389282,0.050000011920928955,1897500
9,7591,250,-60.74755096435547,-0.24299021065235138,1.7941004037857056,0.050000011920928955,1897750
9,7592,250,-5.203255653381348,-0.020813021808862686,1.753599762916565,0.050000011920928955,1898000
9,7593,250,-38.072975158691406,-0.1522918939590454,1.8120906352996826,0.050000011920928955,1898250
9,7594,250,-47.92057418823242,-0.19168229401111603,1.8127192258834839,0.050000011920928955,1898500
9,7595,250,-51.55744934082031,-0.2062297910451889,1.7221330404281616,0.050000011920928955,1898750
9,7596,250,-55.680633544921875,-0.22272253036499023,1.7825648784637451,0.050000011920928955,1899000
9,7597,250,-58.72461700439453,-0.23489846289157867,1.7874748706817627,0.050000011920928955,1899250
9,7598,250,-49.3336181640625,-0.19733446836471558,1.7529346942901611,0.050000011920928955,1899500
9,7599,250,-56.964447021484375,-0.2278577834367752,1.7036980390548706,0.050000011920928955,1899750
9,7600,250,-47.99882888793945,-0.19199532270431519,1.7807434797286987,0.050000011920928955,1900000
9,7601,250,-73.556396484375,-0.2942255735397339,1.7686635255813599,0.050000011920928955,1900250
9,7602,250,-41.23716354370117,-0.16494865715503693,1.6887608766555786,0.050000011920928955,1900500
9,7603,250,-23.846792221069336,-0.09538716822862625,1.6929079294204712,0.050000011920928955,1900750
9,7604,250,-18.51110076904297,-0.07404440641403198,1.625096082687378,0.050000011920928955,1901000
9,7605,250,-21.241220474243164,-0.08496487885713577,1.810333490371704,0.050000011920928955,1901250
9,7606,250,-56.858619689941406,-0.22743448615074158,1.7169193029403687,0.050000011920928955,1901500
9,7607,250,-33.11138916015625,-0.1324455589056015,1.8349406719207764,0.050000011920928955,1901750
9,7608,250,-41.44357681274414,-0.16577430069446564,1.7717421054840088,0.050000011920928955,1902000
9,7609,250,-50.021759033203125,-0.2000870406627655,1.8471357822418213,0.050000011920928955,1902250
9,7610,250,-12.709921836853027,-0.05083968862891197,1.7736328840255737,0.050000011920928955,1902500
9,7611,250,-49.75768280029297,-0.19903072714805603,1.8078997135162354,0.050000011920928955,1902750
9,7612,250,-13.433014869689941,-0.05373205989599228,1.8158138990402222,0.050000011920928955,1903000
9,7613,250,-96.22590637207031,-0.3849036395549774,1.8428236246109009,0.050000011920928955,1903250
9,7614,250,-10.437512397766113,-0.04175005108118057,1.8147104978561401,0.050000011920928955,1903500
9,7615,250,-89.32535552978516,-0.35730141401290894,1.7351343631744385,0.050000011920928955,1903750
9,7616,250,-64.21786499023438,-0.25687146186828613,1.8242963552474976,0.050000011920928955,1904000
9,7617,250,-7.691986560821533,-0.03076794557273388,1.8580728769302368,0.050000011920928955,1904250
9,7618,250,-26.568082809448242,-0.10627233237028122,1.9182075262069702,0.050000011920928955,1904500
9,7619,250,-40.36714553833008,-0.16146858036518097,1.9031676054000854,0.050000011920928955,1904750
9,7620,250,-55.98344039916992,-0.22393375635147095,1.8768162727355957,0.050000011920928955,1905000
9,7621,250,-47.70677185058594,-0.19082708656787872,1.8941452503204346,0.050000011920928955,1905250
9,7622,250,-42.665802001953125,-0.17066320776939392,1.7617968320846558,0.050000011920928955,1905500
9,7623,250,-30.0628604888916,-0.12025143951177597,1.7980413436889648,0.050000011920928955,1905750
9,7624,250,-28.7132568359375,-0.11485302448272705,1.7630352973937988,0.050000011920928955,1906000
9,7625,250,-73.54290771484375,-0.29417163133621216,1.9263168573379517,0.050000011920928955,1906250
9,7626,250,-40.109127044677734,-0.1604365110397339,1.8398545980453491,0.050000011920928955,1906500
9,7627,250,-14.799901962280273,-0.059199608862400055,1.8515042066574097,0.050000011920928955,1906750
9,7628,250,-69.51492309570312,-0.2780596911907196,1.7655456066131592,0.050000011920928955,1907000
9,7629,250,-22.794626235961914,-0.09117850661277771,1.8480740785598755,0.050000011920928955,1907250
9,7630,250,-24.720264434814453,-0.0988810583949089,1.7346173524856567,0.050000011920928955,1907500
9,7631,250,-29.62846565246582,-0.11851385980844498,1.7022267580032349,0.050000011920928955,1907750
9,7632,250,-59.89313507080078,-0.23957253992557526,1.7291882038116455,0.050000011920928955,1908000
9,7633,250,-17.54982566833496,-0.07019930332899094,1.7266533374786377,0.050000011920928955,1908250
9,7634,250,-76.50938415527344,-0.3060375452041626,1.698386311531067,0.050000011920928955,1908500
9,7635,250,-44.402278900146484,-0.17760911583900452,1.6619136333465576,0.050000011920928955,1908750
9,7636,250,-81.20594787597656,-0.324823796749115,1.649471402168274,0.050000011920928955,1909000
9,7637,250,-60.74930191040039,-0.2429972141981125,1.796312928199768,0.050000011920928955,1909250
9,7638,250,-82.8105239868164,-0.33124208450317383,1.7161993980407715,0.050000011920928955,1909500
9,7639,250,-16.045400619506836,-0.0641816034913063,1.7063043117523193,0.050000011920928955,1909750
9,7640,250,-46.01345443725586,-0.18405382335186005,1.7244341373443604,0.050000011920928955,1910000
9,7641,250,-82.10575866699219,-0.32842302322387695,1.7409712076187134,0.050000011920928955,1910250
9,7642,250,-30.092811584472656,-0.1203712448477745,1.6849309206008911,0.050000011920928955,1910500
9,7643,250,2.0438919067382812,0.008175567723810673,1.6783870458602905,0.050000011920928955,1910750
9,7644,250,-55.164546966552734,-0.22065818309783936,1.7089745998382568,0.050000011920928955,1911000
9,7645,250,-82.30037689208984,-0.32920151948928833,1.630103588104248,0.050000011920928955,1911250
9,7646,250,-23.090394973754883,-0.09236157685518265,1.706887125968933,0.050000011920928955,1911500
9,7647,250,-75.59514617919922,-0.30238059163093567,1.604451298713684,0.050000011920928955,1911750
9,7648,250,-41.97600555419922,-0.16790401935577393,1.5820146799087524,0.050000011920928955,1912000
9,7649,250,-76.05524444580078,-0.304220974445343,1.8239892721176147,0.050000011920928955,1912250
9,7650,250,-67.8647689819336,-0.27145907282829285,1.8213905096054077,0.050000011920928955,1912500
9,7651,250,-9.894407272338867,-0.039577629417181015,1.6981242895126343,0.050000011920928955,1912750
9,7652,250,-26.67092514038086,-0.10668370127677917,1.8626580238342285,0.050000011920928955,1913000
9,7653,250,-56.79663848876953,-0.22718656063079834,1.8184967041015625,0.050000011920928955,1913250
9,7654,250,-38.54043197631836,-0.1541617214679718,1.75391685962677,0.050000011920928955,1913500
9,7655,250,-44.69256591796875,-0.1787702590227127,1.678615689277649,0.050000011920928955,1913750
9,7656,250,-41.86114501953125,-0.16744458675384521,1.7333829402923584,0.050000011920928955,1914000
9,7657,250,-30.704153060913086,-0.12281661480665207,1.6952314376831055,0.050000011920928955,1914250
9,7658,250,-12.189634323120117,-0.04875853657722473,1.7121232748031616,0.050000011920928955,1914500
9,7659,250,-39.42890548706055,-0.15771561861038208,1.7030109167099,0.050000011920928955,1914750
9,7660,250,-48.48418426513672,-0.19393673539161682,1.6310677528381348,0.050000011920928955,1915000
9,7661,250,-36.27969741821289,-0.14511878788471222,1.6864842176437378,0.050000011920928955,1915250
9,7662,250,-52.0092658996582,-0.20803706347942352,1.7334922552108765,0.050000011920928955,1915500
9,7663,250,-60.49468231201172,-0.2419787347316742,1.6928658485412598,0.050000011920928955,1915750
9,7664,250,-25.394208908081055,-0.10157683491706848,1.7158781290054321,0.050000011920928955,1916000
9,7665,250,0.30764758586883545,0.0012305903946980834,1.7781884670257568,0.050000011920928955,1916250
9,7666,250,-47.92298126220703,-0.19169192016124725,1.7668880224227905,0.050000011920928955,1916500
9,7667,250,-29.252412796020508,-0.11700965464115143,1.7836272716522217,0.050000011920928955,1916750
9,7668,250,-46.96010208129883,-0.18784040212631226,1.7774211168289185,0.050000011920928955,1917000
9,7669,250,-32.1920166015625,-0.12876807153224945,1.8600350618362427,0.050000011920928955,1917250
9,7670,250,-40.19094467163086,-0.16076378524303436,1.7500985860824585,0.050000011920928955,1917500
9,7671,250,-33.63301467895508,-0.13453206419944763,1.7501903772354126,0.050000011920928955,1917750
9,7672,250,-46.24198532104492,-0.18496793508529663,1.7463542222976685,0.050000011920928955,1918000
9,7673,250,-51.38038635253906,-0.20552153885364532,1.7206064462661743,0.050000011920928955,1918250
9,7674,250,40.44044494628906,0.16176177561283112,1.7410162687301636,0.050000011920928955,1918500
9,7675,250,-37.455379486083984,-0.14982151985168457,1.7523748874664307,0.050000011920928955,1918750
9,7676,250,-22.76570701599121,-0.09106282889842987,1.7240203619003296,0.050000011920928955,1919000
9,7677,250,-56.9205207824707,-0.22768208384513855,1.7273602485656738,0.050000011920928955,1919250
9,7678,250,-63.741722106933594,-0.2549668848514557,1.7517023086547852,0.050000011920928955,1919500
9,7679,250,-33.501243591308594,-0.13400498032569885,1.7021818161010742,0.050000011920928955,1919750
9,7680,250,-43.59578323364258,-0.17438313364982605,1.7079532146453857,0.050000011920928955,1920000
9,7681,250,75.0197525024414,0.30007901787757874,1.6841390132904053,0.050000011920928955,1920250
9,7682,250,-30.949295043945312,-0.12379717826843262,1.5666488409042358,0.050000011920928955,1920500
9,7683,250,-40.98157501220703,-0.16392630338668823,1.6714245080947876,0.050000011920928955,1920750
9,7684,250,12.115545272827148,0.04846218228340149,1.6723459959030151,0.050000011920928955,1921000
9,7685,250,-31.077707290649414,-0.12431082874536514,1.7485469579696655,0.050000011920928955,1921250
9,7686,250,-48.362911224365234,-0.1934516429901123,1.7771867513656616,0.050000011920928955,1921500
9,7687,250,-54.022132873535156,-0.21608853340148926,1.6411139965057373,0.050000011920928955,1921750
9,7688,250,27.97930908203125,0.11191723495721817,1.5755774974822998,0.050000011920928955,1922000
9,7689,250,-37.98991394042969,-0.15195965766906738,1.679317831993103,0.050000011920928955,1922250
9,7690,250,-29.984060287475586,-0.11993624269962311,1.5286071300506592,0.050000011920928955,1922500
9,7691,250,-38.794036865234375,-0.15517614781856537,1.5967345237731934,0.050000011920928955,1922750
9,7692,250,-29.202478408813477,-0.1168099120259285,1.5533868074417114,0.050000011920928955,1923000
9,7693,250,-36.61996841430664,-0.14647987484931946,1.6400485038757324,0.050000011920928955,1923250
9,7694,250,-34.03801727294922,-0.13615207374095917,1.6159627437591553,0.050000011920928955,1923500
9,7695,250,-0.7113282680511475,-0.0028453131671994925,1.670348048210144,0.050000011920928955,1923750
9,7696,250,-6.869444847106934,-0.027477778494358063,1.67292058467865,0.050000011920928955,1924000
9,7697,250,30.653135299682617,0.12261254340410233,1.7013094425201416,0.050000011920928955,1924250
9,7698,250,47.502281188964844,0.19000913202762604,1.7041802406311035,0.050000011920928955,1924500
9,7699,250,-30.999134063720703,-0.12399653345346451,1.7233004570007324,0.050000011920928955,1924750
9,7700,250,-8.560979843139648,-0.03424391895532608,1.6997649669647217,0.050000011920928955,1925000
9,7701,250,-49.45383834838867,-0.19781535863876343,1.8228015899658203,0.050000011920928955,1925250
9,7702,250,-5.277534484863281,-0.021110137924551964,1.829962968826294,0.050000011920928955,1925500
9,7703,250,-42.74485397338867,-0.17097941040992737,1.7547545433044434,0.050000011920928955,1925750
9,7704,250,17.625268936157227,0.07050107419490814,1.6757686138153076,0.050000011920928955,1926000
9,7705,250,-34.698612213134766,-0.1387944519519806,1.802260398864746,0.050000011920928955,1926250
9,7706,250,-1.0484483242034912,-0.0041937935166060925,1.7824358940124512,0.050000011920928955,1926500
9,7707,250,-4.095166206359863,-0.016380663961172104,1.7380880117416382,0.050000011920928955,1926750
9,7708,250,-26.144758224487305,-0.10457903146743774,1.6866493225097656,0.050000011920928955,1927000
9,7709,250,-40.31183624267578,-0.1612473428249359,1.760659098625183,0.050000011920928955,1927250
9,7710,250,-2.6288633346557617,-0.010515453293919563,1.7181200981140137,0.050000011920928955,1927500
9,7711,250,-91.39130401611328,-0.3655652105808258,1.8067747354507446,0.050000011920928955,1927750
9,7712,250,-39.18659591674805,-0.15674638748168945,1.7447011470794678,0.050000011920928955,1928000
9,7713,250,-35.72077560424805,-0.14288310706615448,1.7030936479568481,0.050000011920928955,1928250
9,7714,250,-6.953902721405029,-0.02781561017036438,1.7935112714767456,0.050000011920928955,1928500
9,7715,250,-33.505313873291016,-0.13402125239372253,1.7732384204864502,0.050000011920928955,1928750
9,7716,250,-52.95867156982422,-0.21183468401432037,1.8064323663711548,0.050000011920928955,1929000
9,7717,250,-42.03902816772461,-0.16815611720085144,1.8278758525848389,0.050000011920928955,1929250
9,7718,250,-83.78242492675781,-0.3351297080516815,1.8131179809570312,0.050000011920928955,1929500
9,7719,250,-61.06660842895508,-0.24426643550395966,1.834629774093628,0.050000011920928955,1929750
9,7720,250,-46.525482177734375,-0.18610192835330963,1.7853457927703857,0.050000011920928955,1930000
9,7721,250,-58.416744232177734,-0.23366697132587433,1.948378562927246,0.050000011920928955,1930250
9,7722,250,-36.79365539550781,-0.1471746265888214,1.7372963428497314,0.050000011920928955,1930500
9,7723,250,-76.30326080322266,-0.3052130341529846,1.7435085773468018,0.050000011920928955,1930750
9,7724,250,-33.4637451171875,-0.13385498523712158,1.6977053880691528,0.050000011920928955,1931000
9,7725,250,-34.628631591796875,-0.13851453363895416,1.743165373802185,0.050000011920928955,1931250
9,7726,250,-48.492897033691406,-0.19397158920764923,1.805901050567627,0.050000011920928955,1931500
9,7727,250,-82.34600830078125,-0.3293840289115906,1.8394951820373535,0.050000011920928955,1931750
9,7728,250,-22.383005142211914,-0.08953201770782471,1.835504174232483,0.050000011920928955,1932000
9,7729,250,-54.006988525390625,-0.21602796018123627,1.8922032117843628,0.050000011920928955,1932250
9,7730,250,-65.54203796386719,-0.26216813921928406,1.853835940361023,0.050000011920928955,1932500
9,7731,250,-45.8253059387207,-0.18330122530460358,1.8429232835769653,0.050000011920928955,1932750
9,7732,250,-0.8975553512573242,-0.003590221516788006,1.8368504047393799,0.050000011920928955,1933000
9,7733,250,-48.37342834472656,-0.19349370896816254,1.9343656301498413,0.050000011920928955,1933250
9,7734,250,-41.18623352050781,-0.16474492847919464,1.8853645324707031,0.050000011920928955,1933500
9,7735,250,-45.313438415527344,-0.18125376105308533,1.9471937417984009,0.050000011920928955,1933750
9,7736,250,-73.34838104248047,-0.2933935225009918,1.9124062061309814,0.050000011920928955,1934000
9,7737,250,-51.14291763305664,-0.2045716643333435,1.9695689678192139,0.050000011920928955,1934250
9,7738,250,-46.346885681152344,-0.1853875368833542,1.9429904222488403,0.050000011920928955,1934500
9,7739,250,-44.340999603271484,-0.17736399173736572,1.977899432182312,0.050000011920928955,1934750
9,7740,250,-34.65304946899414,-0.13861219584941864,1.8421560525894165,0.050000011920928955,1935000
9,7741,250,23.987722396850586,0.0959508866071701,1.9280494451522827,0.050000011920928955,1935250
9,7742,250,-50.8966064453125,-0.2035864293575287,1.921416163444519,0.050000011920928955,1935500
9,7743,250,-43.48486328125,-0.17393945157527924,1.9735643863677979,0.050000011920928955,1935750
9,7744,250,-62.81623840332031,-0.2512649595737457,1.9759955406188965,0.050000011920928955,1936000
9,7745,250,-30.158267974853516,-0.1206330731511116,2.099280595779419,0.050000011920928955,1936250
9,7746,250,-52.20732879638672,-0.20882931351661682,1.993475317955017,0.050000011920928955,1936500
9,7747,250,-38.933998107910156,-0.15573599934577942,2.0115208625793457,0.050000011920928955,1936750
9,7748,250,-31.661746978759766,-0.1266469806432724,1.9252476692199707,0.050000011920928955,1937000
9,7749,250,-40.851722717285156,-0.16340689361095428,2.0279781818389893,0.050000011920928955,1937250
9,7750,250,18.183713912963867,0.07273485511541367,2.0044875144958496,0.050000011920928955,1937500
9,7751,250,-42.429866790771484,-0.16971947252750397,1.9261085987091064,0.050000011920928955,1937750
9,7752,250,-21.97354507446289,-0.08789417892694473,1.916283130645752,0.050000011920928955,1938000
9,7753,250,-38.63405227661133,-0.1545362025499344,1.9307276010513306,0.050000011920928955,1938250
9,7754,250,-28.033687591552734,-0.11213474720716476,2.011726140975952,0.050000011920928955,1938500
9,7755,250,-46.97679901123047,-0.18790718913078308,1.9937292337417603,0.050000011920928955,1938750
9,7756,250,-23.809879302978516,-0.09523952007293701,1.9943197965621948,0.050000011920928955,1939000
9,7757,250,-45.37472915649414,-0.1814989149570465,1.893185019493103,0.050000011920928955,1939250
9,7758,250,-34.53257751464844,-0.1381303071975708,1.8381879329681396,0.050000011920928955,1939500
9,7759,250,-38.4359130859375,-0.1537436544895172,1.9465240240097046,0.050000011920928955,1939750
9,7760,250,-51.510948181152344,-0.2060437947511673,1.8757247924804688,0.050000011920928955,1940000
9,7761,250,-55.54005813598633,-0.2221602350473404,1.7868081331253052,0.050000011920928955,1940250
9,7762,250,-40.76428985595703,-0.16305716335773468,1.7676149606704712,0.050000011920928955,1940500
9,7763,250,-25.68036651611328,-0.10272146761417389,1.8671088218688965,0.050000011920928955,1940750
9,7764,250,-12.407909393310547,-0.04963163658976555,1.8707925081253052,0.050000011920928955,1941000
9,7765,250,-54.8257942199707,-0.2193031758069992,1.8507027626037598,0.050000011920928955,1941250
9,7766,250,-51.308509826660156,-0.20523403584957123,1.8144950866699219,0.050000011920928955,1941500
9,7767,250,-43.39887237548828,-0.17359548807144165,1.7787755727767944,0.050000011920928955,1941750
9,7768,250,-68.323486328125,-0.27329394221305847,1.6984212398529053,0.050000011920928955,1942000
9,7769,250,-40.453311920166016,-0.16181324422359467,1.7965755462646484,0.050000011920928955,1942250
9,7770,250,-60.53328323364258,-0.24213312566280365,1.6927298307418823,0.050000011920928955,1942500
9,7771,250,-29.194561004638672,-0.11677824705839157,1.7478593587875366,0.050000011920928955,1942750
9,7772,250,-55.391151428222656,-0.22156460583209991,1.6792892217636108,0.050000011920928955,1943000
9,7773,250,-55.94728088378906,-0.22378912568092346,1.7941744327545166,0.050000011920928955,1943250
9,7774,250,-63.07512283325195,-0.252300500869751,1.7860887050628662,0.050000011920928955,1943500
9,7775,250,-47.392147064208984,-0.18956859409809113,1.6945372819900513,0.050000011920928955,1943750
9,7776,250,-33.28055191040039,-0.13312220573425293,1.713141918182373,0.050000011920928955,1944000
9,7777,250,-75.68373107910156,-0.302734911441803,1.7764806747436523,0.050000011920928955,1944250
9,7778,250,-88.92223358154297,-0.3556889295578003,1.762437343597412,0.050000011920928955,1944500
9,7779,250,-60.804298400878906,-0.24321720004081726,1.6875780820846558,0.050000011920928955,1944750
9,7780,250,-72.60668182373047,-0.29042673110961914,1.7007478475570679,0.050000011920928955,1945000
9,7781,250,-63.74237060546875,-0.2549694776535034,1.7192813158035278,0.050000011920928955,1945250
9,7782,250,-40.810523986816406,-0.16324210166931152,1.742546796798706,0.050000011920928955,1945500
9,7783,250,-66.03504943847656,-0.26414018869400024,1.7170952558517456,0.050000011920928955,1945750
9,7784,250,-47.51241683959961,-0.1900496631860733,1.6202164888381958,0.050000011920928955,1946000
9,7785,250,-49.09099578857422,-0.19636398553848267,1.7653456926345825,0.050000011920928955,1946250
9,7786,250,-45.106224060058594,-0.18042489886283875,1.718544840812683,0.050000011920928955,1946500
9,7787,250,-20.30052375793457,-0.08120209723711014,1.6779346466064453,0.050000011920928955,1946750
9,7788,250,-46.097103118896484,-0.1843884140253067,1.7459852695465088,0.050000011920928955,1947000
9,7789,250,-25.187044143676758,-0.10074817389249802,1.7507978677749634,0.050000011920928955,1947250
9,7790,250,-29.507125854492188,-0.11802850663661957,1.7228577136993408,0.050000011920928955,1947500
9,7791,250,-44.977210998535156,-0.1799088418483734,1.6593842506408691,0.050000011920928955,1947750
9,7792,250,-68.57701110839844,-0.27430805563926697,1.6887074708938599,0.050000011920928955,1948000
9,7793,250,-10.90122127532959,-0.043604884296655655,1.6690903902053833,0.050000011920928955,1948250
9,7794,250,-42.95606231689453,-0.17182424664497375,1.7014394998550415,0.050000011920928955,1948500
9,7795,250,-43.93099594116211,-0.17572398483753204,1.6461131572723389,0.050000011920928955,1948750
9,7796,250,-34.086002349853516,-0.13634401559829712,1.6358965635299683,0.050000011920928955,1949000
9,7797,250,-44.43865203857422,-0.17775461077690125,1.7020267248153687,0.050000011920928955,1949250
9,7798,250,-76.83324432373047,-0.30733296275138855,1.6377570629119873,0.050000011920928955,1949500
9,7799,250,-39.51350402832031,-0.15805400907993317,1.7075003385543823,0.050000011920928955,1949750
9,7800,250,-43.391021728515625,-0.1735640913248062,1.664263129234314,0.050000011920928955,1950000
9,7801,250,-46.33109664916992,-0.18532438576221466,1.655455231666565,0.050000011920928955,1950250
9,7802,250,-53.08840560913086,-0.21235361695289612,1.6443047523498535,0.050000011920928955,1950500
9,7803,250,-37.25355911254883,-0.14901423454284668,1.6064256429672241,0.050000011920928955,1950750
9,7804,250,-34.02482604980469,-0.13609930872917175,1.6588295698165894,0.050000011920928955,1951000
9,7805,250,-42.2742919921875,-0.1690971702337265,1.6021134853363037,0.050000011920928955,1951250
9,7806,250,-32.18995666503906,-0.12875983119010925,1.5513116121292114,0.050000011920928955,1951500
9,7807,250,-0.14558938145637512,-0.0005823575193062425,1.5343209505081177,0.050000011920928955,1951750
9,7808,250,-53.093753814697266,-0.21237501502037048,1.5544672012329102,0.050000011920928955,1952000
9,7809,250,-42.422645568847656,-0.1696905791759491,1.5779070854187012,0.050000011920928955,1952250
9,7810,250,-5.833611488342285,-0.0233344454318285,1.6363002061843872,0.050000011920928955,1952500
9,7811,250,-62.42116928100586,-0.249684676527977,1.645681619644165,0.050000011920928955,1952750
9,7812,250,-10.28886604309082,-0.04115546494722366,1.6120858192443848,0.050000011920928955,1953000
9,7813,250,-30.016279220581055,-0.1200651153922081,1.6842930316925049,0.050000011920928955,1953250
9,7814,250,-75.54155731201172,-0.302166223526001,1.7052797079086304,0.050000011920928955,1953500
9,7815,250,-32.82402420043945,-0.1312960982322693,1.7363914251327515,0.050000011920928955,1953750
9,7816,250,-83.16675567626953,-0.3326670229434967,1.7019531726837158,0.050000011920928955,1954000
9,7817,250,-32.99188232421875,-0.13196752965450287,1.7867839336395264,0.050000011920928955,1954250
9,7818,250,-43.217647552490234,-0.17287059128284454,1.7982851266860962,0.050000011920928955,1954500
9,7819,250,-33.703826904296875,-0.1348153054714203,1.7564481496810913,0.050000011920928955,1954750
9,7820,250,-16.306886672973633,-0.06522754579782486,1.6018760204315186,0.050000011920928955,1955000
9,7821,250,-43.56932067871094,-0.17427727580070496,1.6794214248657227,0.050000011920928955,1955250
9,7822,250,-46.339630126953125,-0.18535852432250977,1.7116249799728394,0.050000011920928955,1955500
9,7823,250,-17.457901000976562,-0.06983160227537155,1.7934755086898804,0.050000011920928955,1955750
9,7824,250,-37.586185455322266,-0.15034474432468414,1.7020273208618164,0.050000011920928955,1956000
9,7825,250,-79.60010528564453,-0.31840041279792786,1.796849250793457,0.050000011920928955,1956250
9,7826,250,-11.414642333984375,-0.045658569782972336,1.7304291725158691,0.050000011920928955,1956500
9,7827,250,-31.16737937927246,-0.12466951459646225,1.75108003616333,0.050000011920928955,1956750
9,7828,250,-53.94243621826172,-0.21576973795890808,1.7523419857025146,0.050000011920928955,1957000
9,7829,250,-35.97175216674805,-0.1438870131969452,1.8206464052200317,0.050000011920928955,1957250
9,7830,250,-55.15335464477539,-0.22061342000961304,1.8018115758895874,0.050000011920928955,1957500
9,7831,250,-60.87575149536133,-0.24350300431251526,1.8189560174942017,0.050000011920928955,1957750
9,7832,250,-47.29441452026367,-0.18917766213417053,1.9650542736053467,0.050000011920928955,1958000
9,7833,250,-33.3912353515625,-0.13356493413448334,1.9877485036849976,0.050000011920928955,1958250
9,7834,250,-34.56109619140625,-0.1382443904876709,1.9289578199386597,0.050000011920928955,1958500
9,7835,250,-54.21369171142578,-0.2168547660112381,2.024190902709961,0.050000011920928955,1958750
9,7836,250,-51.09549331665039,-0.20438197255134583,1.8515849113464355,0.050000011920928955,1959000
9,7837,250,-31.06148910522461,-0.12424595654010773,1.9504427909851074,0.050000011920928955,1959250
9,7838,250,-41.79795837402344,-0.16719183325767517,1.8647847175598145,0.050000011920928955,1959500
9,7839,250,-40.76449203491211,-0.16305796802043915,1.9140408039093018,0.050000011920928955,1959750
9,7840,250,-76.83953857421875,-0.30735814571380615,2.0348684787750244,0.050000011920928955,1960000
9,7841,250,-28.061941146850586,-0.1122477650642395,2.05110239982605,0.050000011920928955,1960250
9,7842,250,-62.51283264160156,-0.2500513195991516,1.9408944845199585,0.050000011920928955,1960500
9,7843,250,-9.641247749328613,-0.03856499120593071,1.9626621007919312,0.050000011920928955,1960750
9,7844,250,-43.703887939453125,-0.17481555044651031,1.8309048414230347,0.050000011920928955,1961000
9,7845,250,-46.37434005737305,-0.18549735844135284,1.8946712017059326,0.050000011920928955,1961250
9,7846,250,-51.699241638183594,-0.20679697394371033,2.02063250541687,0.050000011920928955,1961500
9,7847,250,-34.37217330932617,-0.1374886929988861,1.9248031377792358,0.050000011920928955,1961750
9,7848,250,-40.27284622192383,-0.1610913872718811,1.8185638189315796,0.050000011920928955,1962000
9,7849,250,-36.24905014038086,-0.14499619603157043,1.9411282539367676,0.050000011920928955,1962250
9,7850,250,-58.20595169067383,-0.23282380402088165,1.8972383737564087,0.050000011920928955,1962500
9,7851,250,-50.05982971191406,-0.20023931562900543,1.8632632493972778,0.050000011920928955,1962750
9,7852,250,9.60806655883789,0.03843226656317711,1.8715932369232178,0.050000011920928955,1963000
9,7853,250,-46.71950149536133,-0.1868780106306076,2.1185243129730225,0.050000011920928955,1963250
9,7854,250,-46.003623962402344,-0.18401449918746948,1.8677887916564941,0.050000011920928955,1963500
9,7855,250,-44.404788970947266,-0.17761915922164917,1.8120256662368774,0.050000011920928955,1963750
9,7856,250,-35.85999298095703,-0.14343997836112976,1.834453821182251,0.050000011920928955,1964000
9,7857,250,-33.590545654296875,-0.13436217606067657,1.9518439769744873,0.050000011920928955,1964250
9,7858,250,-42.597557067871094,-0.17039023339748383,1.7722524404525757,0.050000011920928955,1964500
9,7859,250,-68.46549224853516,-0.27386197447776794,1.8665157556533813,0.050000011920928955,1964750
9,7860,250,-42.8068733215332,-0.17122749984264374,1.8622426986694336,0.050000011920928955,1965000
9,7861,250,-69.65540313720703,-0.2786216139793396,1.8571171760559082,0.050000011920928955,1965250
9,7862,250,-79.05917358398438,-0.3162367045879364,1.8105489015579224,0.050000011920928955,1965500
9,7863,250,-33.1092643737793,-0.13243705034255981,1.7083358764648438,0.050000011920928955,1965750
9,7864,250,-49.319698333740234,-0.19727879762649536,1.8907008171081543,0.050000011920928955,1966000
9,7865,250,20.910120010375977,0.08364047855138779,1.889007568359375,0.050000011920928955,1966250
9,7866,250,-75.5689926147461,-0.30227595567703247,1.8063334226608276,0.050000011920928955,1966500
9,7867,250,-73.41307830810547,-0.29365232586860657,1.790066123008728,0.050000011920928955,1966750
9,7868,250,-34.10601043701172,-0.13642403483390808,1.7951300144195557,0.050000011920928955,1967000
9,7869,250,-11.89278507232666,-0.04757114127278328,1.9517731666564941,0.050000011920928955,1967250
9,7870,250,-11.423879623413086,-0.04569551721215248,1.79073166847229,0.050000011920928955,1967500
9,7871,250,-27.261510848999023,-0.10904604196548462,1.7230596542358398,0.050000011920928955,1967750
9,7872,250,-39.30445098876953,-0.15721780061721802,1.7777317762374878,0.050000011920928955,1968000
9,7873,250,-182.50823974609375,-0.7300329804420471,1.8927959203720093,0.050000011920928955,1968250
9,7874,250,-63.64458084106445,-0.2545783221721649,1.8083490133285522,0.050000011920928955,1968500
9,7875,250,-27.29499626159668,-0.10917998850345612,1.8469822406768799,0.050000011920928955,1968750
9,7876,250,-60.413177490234375,-0.241652712225914,1.6785781383514404,0.050000011920928955,1969000
9,7877,250,-44.88605880737305,-0.17954424023628235,1.8389686346054077,0.050000011920928955,1969250
9,7878,250,-51.18059539794922,-0.20472237467765808,1.808030605316162,0.050000011920928955,1969500
9,7879,250,-54.316200256347656,-0.2172648012638092,1.7919251918792725,0.050000011920928955,1969750
9,7880,250,-40.06847381591797,-0.16027389466762543,1.750525712966919,0.050000011920928955,1970000
9,7881,250,-38.29499816894531,-0.15317998826503754,1.796042561531067,0.050000011920928955,1970250
9,7882,250,-32.42512130737305,-0.12970048189163208,1.8852225542068481,0.050000011920928955,1970500
9,7883,250,-38.527767181396484,-0.1541110724210739,1.7402658462524414,0.050000011920928955,1970750
9,7884,250,-38.69325637817383,-0.1547730267047882,1.7631762027740479,0.050000011920928955,1971000
9,7885,250,0.4285871982574463,0.0017143487930297852,1.7531520128250122,0.050000011920928955,1971250
9,7886,250,-55.715389251708984,-0.22286155819892883,1.7898774147033691,0.050000011920928955,1971500
9,7887,250,-62.615989685058594,-0.25046396255493164,1.6779676675796509,0.050000011920928955,1971750
9,7888,250,-53.60588455200195,-0.2144235372543335,1.7063422203063965,0.050000011920928955,1972000
9,7889,250,-61.87261962890625,-0.24749048054218292,1.7350188493728638,0.050000011920928955,1972250
9,7890,250,-55.6140251159668,-0.22245609760284424,1.6232211589813232,0.050000011920928955,1972500
9,7891,250,-57.37848663330078,-0.22951394319534302,1.6922414302825928,0.050000011920928955,1972750
9,7892,250,-74.5755386352539,-0.29830214381217957,1.6115624904632568,0.050000011920928955,1973000
9,7893,250,-52.66635513305664,-0.21066541969776154,1.8102699518203735,0.050000011920928955,1973250
9,7894,250,-43.82753372192383,-0.1753101348876953,1.7153804302215576,0.050000011920928955,1973500
9,7895,250,-34.50990295410156,-0.13803961873054504,1.6460062265396118,0.050000011920928955,1973750
9,7896,250,-50.10374450683594,-0.2004149854183197,1.7075960636138916,0.050000011920928955,1974000
9,7897,250,-58.140071868896484,-0.23256029188632965,1.7453712224960327,0.050000011920928955,1974250
9,7898,250,-51.85686492919922,-0.20742745697498322,1.7326778173446655,0.050000011920928955,1974500
9,7899,250,-24.537174224853516,-0.09814869612455368,1.7023236751556396,0.050000011920928955,1974750
9,7900,250,-53.035499572753906,-0.2121420055627823,1.6178443431854248,0.050000011920928955,1975000
9,7901,250,-27.987060546875,-0.11194824427366257,1.8063138723373413,0.050000011920928955,1975250
9,7902,250,-46.90645217895508,-0.18762581050395966,1.6787478923797607,0.050000011920928955,1975500
9,7903,250,1.1826517581939697,0.00473060691729188,1.6989877223968506,0.050000011920928955,1975750
9,7904,250,-49.876956939697266,-0.19950783252716064,1.6894365549087524,0.050000011920928955,1976000
9,7905,250,2.0019617080688477,0.008007846772670746,1.6717815399169922,0.050000011920928955,1976250
9,7906,250,-14.215068817138672,-0.05686027556657791,1.7068734169006348,0.050000011920928955,1976500
9,7907,250,-30.9116268157959,-0.12364650517702103,1.7109228372573853,0.050000011920928955,1976750
9,7908,250,-22.903308868408203,-0.09161323308944702,1.7159955501556396,0.050000011920928955,1977000
9,7909,250,-33.23475646972656,-0.13293902575969696,1.6997004747390747,0.050000011920928955,1977250
9,7910,250,9.809395790100098,0.03923758491873741,1.6604493856430054,0.050000011920928955,1977500
9,7911,250,-78.92935943603516,-0.3157174289226532,1.6227377653121948,0.050000011920928955,1977750
9,7912,250,-24.735870361328125,-0.09894347935914993,1.584973931312561,0.050000011920928955,1978000
9,7913,250,-30.717164993286133,-0.12286865711212158,1.644987940788269,0.050000011920928955,1978250
9,7914,250,-48.39168167114258,-0.1935667246580124,1.53396737575531,0.050000011920928955,1978500
9,7915,250,-61.339839935302734,-0.2453593611717224,1.5880330801010132,0.050000011920928955,1978750
9,7916,250,-35.28317642211914,-0.14113271236419678,1.5665202140808105,0.050000011920928955,1979000
9,7917,250,-85.33395385742188,-0.34133580327033997,1.739207148551941,0.050000011920928955,1979250
9,7918,250,-19.186382293701172,-0.07674553245306015,1.7570891380310059,0.050000011920928955,1979500
9,7919,250,-82.01736450195312,-0.32806944847106934,1.7374104261398315,0.050000011920928955,1979750
9,7920,250,-39.684940338134766,-0.15873976051807404,1.7615132331848145,0.050000011920928955,1980000
9,7921,250,-29.563060760498047,-0.1182522401213646,1.857680320739746,0.050000011920928955,1980250
9,7922,250,-59.43119812011719,-0.23772479593753815,1.9746508598327637,0.050000011920928955,1980500
9,7923,250,-61.94639587402344,-0.24778558313846588,1.953731894493103,0.050000011920928955,1980750
9,7924,250,-17.620927810668945,-0.07048371434211731,1.9845480918884277,0.050000011920928955,1981000
9,7925,250,-48.734825134277344,-0.19493930041790009,2.147012710571289,0.050000011920928955,1981250
9,7926,250,-30.847116470336914,-0.12338846921920776,2.064976453781128,0.050000011920928955,1981500
9,7927,250,-51.797611236572266,-0.20719043910503387,2.046623468399048,0.050000011920928955,1981750
9,7928,250,-29.066720962524414,-0.1162668839097023,2.1971521377563477,0.050000011920928955,1982000
9,7929,250,-57.49877166748047,-0.22999508678913116,2.0789339542388916,0.050000011920928955,1982250
9,7930,250,-60.798431396484375,-0.24319373071193695,2.149260997772217,0.050000011920928955,1982500
9,7931,250,-26.440717697143555,-0.10576286911964417,2.2980411052703857,0.050000011920928955,1982750
9,7932,250,-33.3264274597168,-0.13330571353435516,2.3366751670837402,0.050000011920928955,1983000
9,7933,250,-30.88544273376465,-0.12354177236557007,2.4313676357269287,0.050000011920928955,1983250
9,7934,250,-23.158138275146484,-0.09263255447149277,2.3461554050445557,0.050000011920928955,1983500
9,7935,250,-20.758447647094727,-0.08303379267454147,2.436659574508667,0.050000011920928955,1983750
9,7936,250,-22.57290267944336,-0.09029161185026169,2.320089817047119,0.050000011920928955,1984000
9,7937,250,-25.474340438842773,-0.10189735889434814,2.1861281394958496,0.050000011920928955,1984250
9,7938,250,6.133278846740723,0.024533115327358246,2.26430082321167,0.050000011920928955,1984500
9,7939,250,-40.83700942993164,-0.1633480340242386,2.050992727279663,0.050000011920928955,1984750
9,7940,250,-76.26652526855469,-0.3050661087036133,2.0863356590270996,0.050000011920928955,1985000
9,7941,250,-11.271332740783691,-0.04508532956242561,2.272501230239868,0.050000011920928955,1985250
9,7942,250,63.11824035644531,0.25247296690940857,2.150111675262451,0.050000011920928955,1985500
9,7943,250,-31.515552520751953,-0.12606221437454224,2.217313766479492,0.050000011920928955,1985750
9,7944,250,-20.610607147216797,-0.08244242519140244,2.1539149284362793,0.050000011920928955,1986000
9,7945,250,-28.259788513183594,-0.11303915083408356,2.1231801509857178,0.050000011920928955,1986250
9,7946,250,-8.225141525268555,-0.03290056437253952,2.0841734409332275,0.050000011920928955,1986500
9,7947,250,-74.84032440185547,-0.29936128854751587,2.0781891345977783,0.050000011920928955,1986750
9,7948,250,-17.497671127319336,-0.06999068707227707,2.021392345428467,0.050000011920928955,1987000
9,7949,250,-9.850760459899902,-0.0394030436873436,2.1225039958953857,0.050000011920928955,1987250
9,7950,250,-29.7536563873291,-0.11901462823152542,2.058943748474121,0.050000011920928955,1987500
9,7951,250,-7.470189094543457,-0.02988075651228428,2.0365922451019287,0.050000011920928955,1987750
9,7952,250,-10.246597290039062,-0.04098638892173767,1.9720057249069214,0.050000011920928955,1988000
9,7953,250,-42.95517349243164,-0.17182070016860962,2.096308708190918,0.050000011920928955,1988250
9,7954,250,-15.630413055419922,-0.06252165138721466,2.0021071434020996,0.050000011920928955,1988500
9,7955,250,-37.254188537597656,-0.14901675283908844,1.8607789278030396,0.050000011920928955,1988750
9,7956,250,-64.50823974609375,-0.2580329477787018,1.858497977256775,0.050000011920928955,1989000
9,7957,250,-70.50067901611328,-0.282002717256546,1.917319893836975,0.050000011920928955,1989250
9,7958,250,-17.138427734375,-0.06855370849370956,1.9589544534683228,0.050000011920928955,1989500
9,7959,250,-42.467994689941406,-0.169871985912323,1.9650483131408691,0.050000011920928955,1989750
9,7960,250,-47.42045974731445,-0.18968184292316437,1.94916570186615,0.050000011920928955,1990000
9,7961,250,-28.022634506225586,-0.11209053546190262,1.9629637002944946,0.050000011920928955,1990250
9,7962,250,-94.20539855957031,-0.3768216073513031,1.8459845781326294,0.050000011920928955,1990500
9,7963,250,-66.33904266357422,-0.265356183052063,1.9410552978515625,0.050000011920928955,1990750
9,7964,250,-44.02238082885742,-0.17608952522277832,1.9396175146102905,0.050000011920928955,1991000
9,7965,250,-82.27560424804688,-0.32910242676734924,1.9624425172805786,0.050000011920928955,1991250
9,7966,250,-44.50762939453125,-0.17803052067756653,1.8550599813461304,0.050000011920928955,1991500
9,7967,250,-37.93519592285156,-0.15174078941345215,1.8415043354034424,0.050000011920928955,1991750
9,7968,250,-42.77974319458008,-0.17111897468566895,1.7838449478149414,0.050000011920928955,1992000
9,7969,250,39.61506271362305,0.15846024453639984,1.9659253358840942,0.050000011920928955,1992250
9,7970,250,-38.43865966796875,-0.15375463664531708,1.8845107555389404,0.050000011920928955,1992500
9,7971,250,1.1121726036071777,0.004448690451681614,1.8546537160873413,0.050000011920928955,1992750
9,7972,250,-41.21125030517578,-0.16484500467777252,1.8814183473587036,0.050000011920928955,1993000
9,7973,250,-22.9826717376709,-0.09193068742752075,1.962544560432434,0.050000011920928955,1993250
9,7974,250,-66.9780502319336,-0.26791220903396606,1.775575876235962,0.050000011920928955,1993500
9,7975,250,-46.0369987487793,-0.18414799869060516,1.784903883934021,0.050000011920928955,1993750
9,7976,250,-17.151573181152344,-0.06860629469156265,1.8498940467834473,0.050000011920928955,1994000
9,7977,250,-44.97202682495117,-0.17988811433315277,1.7926958799362183,0.050000011920928955,1994250
9,7978,250,-30.576766967773438,-0.12230706959962845,1.8909817934036255,0.050000011920928955,1994500
9,7979,250,-39.947086334228516,-0.1597883403301239,1.7821377515792847,0.050000011920928955,1994750
9,7980,250,-35.54706954956055,-0.14218828082084656,1.7693378925323486,0.050000011920928955,1995000
9,7981,250,-76.26226806640625,-0.3050490617752075,1.8091552257537842,0.050000011920928955,1995250
9,7982,250,-47.64744186401367,-0.1905897706747055,1.7299548387527466,0.050000011920928955,1995500
9,7983,250,39.06420135498047,0.1562568098306656,1.8162298202514648,0.050000011920928955,1995750
9,7984,250,-40.49470520019531,-0.1619788259267807,1.8356629610061646,0.050000011920928955,1996000
9,7985,250,-70.2837905883789,-0.2811351716518402,1.7542600631713867,0.050000011920928955,1996250
9,7986,250,35.39041519165039,0.14156165719032288,1.685483455657959,0.050000011920928955,1996500
9,7987,250,-98.13581848144531,-0.3925432860851288,1.6965690851211548,0.050000011920928955,1996750
9,7988,250,-39.01384735107422,-0.15605539083480835,1.6604499816894531,0.050000011920928955,1997000
9,7989,250,-111.16567993164062,-0.4446627199649811,1.7230628728866577,0.050000011920928955,1997250
9,7990,250,-36.98116683959961,-0.14792466163635254,1.6930558681488037,0.050000011920928955,1997500
9,7991,250,-42.63309860229492,-0.17053239047527313,1.6259958744049072,0.050000011920928955,1997750
9,7992,250,-115.48056030273438,-0.46192222833633423,1.6583861112594604,0.050000011920928955,1998000
9,7993,250,-102.0341796875,-0.4081367254257202,1.7731415033340454,0.050000011920928955,1998250
9,7994,250,-46.92830276489258,-0.18771320581436157,1.81944739818573,0.050000011920928955,1998500
9,7995,250,-74.18072509765625,-0.2967228889465332,1.772965431213379,0.050000011920928955,1998750
9,7996,250,-46.28467559814453,-0.18513870239257812,1.725378155708313,0.050000011920928955,1999000
9,7997,250,-12.190162658691406,-0.04876064881682396,1.8307287693023682,0.050000011920928955,1999250
9,7998,250,-113.07096862792969,-0.4522838890552521,1.811841607093811,0.050000011920928955,1999500
9,7999,250,-110.1565933227539,-0.4406263828277588,1.798649787902832,0.050000011920928955,1999750
9,8000,250,-92.16902923583984,-0.3686761260032654,1.81869375705719,0.050000011920928955,2000000
