seed,episode,episode_length,total_reward,average_reward_per_step,average_absolute_td_error,epsilon,timesteps
2,1,250,-454.3670654296875,-1.817468285560608,0.0,1.0,250
2,2,250,-474.7904968261719,-1.8991619348526,0.0,0.9996041655540466,500
2,3,250,-489.62225341796875,-1.9584890604019165,0.0,0.9992083311080933,750
2,4,250,-481.5444030761719,-1.9261776208877563,0.0,0.9988124966621399,1000
2,5,250,-458.525390625,-1.8341015577316284,0.3155604898929596,0.9984166622161865,1250
2,6,250,-455.3520812988281,-1.8214082717895508,0.07782009243965149,0.9980208277702332,1500
2,7,250,-492.2667236328125,-1.969066858291626,0.0745607540011406,0.9976249933242798,1750
2,8,250,-472.68865966796875,-1.8907545804977417,0.041315820068120956,0.9972291588783264,2000
2,9,250,-486.90362548828125,-1.9476145505905151,0.07581525295972824,0.996833324432373,2250
2,10,250,-469.8371887207031,-1.8793487548828125,0.02549099363386631,0.9964374899864197,2500
2,11,250,-474.2122802734375,-1.8968491554260254,0.02187485061585903,0.9960416555404663,2750
2,12,250,-468.06561279296875,-1.8722624778747559,0.01926928386092186,0.9956458210945129,3000
2,13,250,-485.8789978027344,-1.9435160160064697,0.05635485053062439,0.9952499866485596,3250
2,14,250,-429.80096435546875,-1.7192038297653198,0.02536802738904953,0.9948541522026062,3500
2,15,250,-485.8302307128906,-1.943320870399475,0.024164840579032898,0.9944583177566528,3750
2,16,250,-461.7145690917969,-1.846858263015747,0.02108064480125904,0.9940624833106995,4000
2,17,250,-483.9915771484375,-1.9359662532806396,0.060325149446725845,0.9936666488647461,4250
2,18,250,-438.63494873046875,-1.7545398473739624,0.030310045927762985,0.9932708144187927,4500
2,19,250,-486.7545166015625,-1.947018027305603,0.027661157771945,0.9928749799728394,4750
2,20,250,-429.2396545410156,-1.7169586420059204,0.025039780884981155,0.992479145526886,5000
2,21,250,-455.1968688964844,-1.8207874298095703,0.06426011770963669,0.9920833110809326,5250
2,22,250,-488.2926940917969,-1.9531707763671875,0.03712456300854683,0.9916874766349792,5500
2,23,250,-441.5698547363281,-1.7662794589996338,0.03188496083021164,0.9912916421890259,5750
2,24,250,-486.2742919921875,-1.9450972080230713,0.02777712605893612,0.9908958077430725,6000
2,25,250,-455.039306640625,-1.8201571702957153,0.07277394831180573,0.9904999732971191,6250
2,26,250,-462.0357360839844,-1.8481429815292358,0.04068448394536972,0.9901041388511658,6500
2,27,250,-467.57177734375,-1.8702870607376099,0.03498770296573639,0.9897083044052124,6750
2,28,250,-486.2261657714844,-1.9449046850204468,0.032848622649908066,0.9893125295639038,7000
2,29,250,-478.3343200683594,-1.913337230682373,0.07527945190668106,0.9889166951179504,7250
2,30,250,-473.9223937988281,-1.895689606666565,0.042855825275182724,0.9885208606719971,7500
2,31,250,-474.6488952636719,-1.8985955715179443,0.04002046957612038,0.9881250262260437,7750
2,32,250,-429.6015319824219,-1.718406081199646,0.03766613081097603,0.9877291917800903,8000
2,33,250,-481.8443908691406,-1.9273775815963745,0.0808008462190628,0.987333357334137,8250
2,34,250,-485.3780517578125,-1.9415122270584106,0.050431620329618454,0.9869375228881836,8500
2,35,250,-482.0582580566406,-1.928233027458191,0.048810359090566635,0.9865416884422302,8750
2,36,250,-471.93621826171875,-1.8877449035644531,0.046348076313734055,0.9861458539962769,9000
2,37,250,-390.4521179199219,-1.561808466911316,0.09183609485626221,0.9857500195503235,9250
2,38,250,-467.2610778808594,-1.869044303894043,0.06335773319005966,0.9853541851043701,9500
2,39,250,-489.38385009765625,-1.9575353860855103,0.05899050086736679,0.9849583506584167,9750
2,40,250,-429.9722595214844,-1.7198890447616577,0.05707629770040512,0.9845625162124634,10000
2,41,250,-475.6438293457031,-1.9025753736495972,0.11279328167438507,0.98416668176651,10250
2,42,250,-470.1288757324219,-1.880515456199646,0.0733698233962059,0.9837708473205566,10500
2,43,250,-481.82769775390625,-1.927310824394226,0.0739642009139061,0.9833750128746033,10750
2,44,250,-470.8371276855469,-1.8833484649658203,0.06892010569572449,0.9829791784286499,11000
2,45,250,-459.13751220703125,-1.836549997329712,0.13237927854061127,0.9825833439826965,11250
2,46,250,-476.7992248535156,-1.9071968793869019,0.09175147116184235,0.9821875095367432,11500
2,47,250,-492.0666809082031,-1.9682667255401611,0.08264822512865067,0.9817916750907898,11750
2,48,250,-411.69989013671875,-1.6467995643615723,0.07982248812913895,0.9813958406448364,12000
2,49,250,-344.7598876953125,-1.3790395259857178,0.17024783790111542,0.9810000061988831,12250
2,50,250,-442.6952819824219,-1.77078115940094,0.11955958604812622,0.9806041717529297,12500
2,51,250,-466.03302001953125,-1.864132046699524,0.1078626811504364,0.9802083373069763,12750
2,52,250,-472.4873352050781,-1.8899493217468262,0.1048523485660553,0.979812502861023,13000
2,53,250,-458.24798583984375,-1.8329919576644897,0.19261279702186584,0.9794166684150696,13250
2,54,250,-399.7294921875,-1.5989179611206055,0.13023360073566437,0.9790208339691162,13500
2,55,250,-492.5489501953125,-1.9701957702636719,0.1156349703669548,0.9786249995231628,13750
2,56,250,-473.2899169921875,-1.8931596279144287,0.11442198604345322,0.9782291650772095,14000
2,57,250,-488.07647705078125,-1.9523059129714966,0.2017071694135666,0.9778333306312561,14250
2,58,250,-423.315673828125,-1.6932626962661743,0.1431836187839508,0.9774374961853027,14500
2,59,250,-474.68145751953125,-1.8987258672714233,0.1357973963022232,0.9770416617393494,14750
2,60,250,-488.773681640625,-1.9550946950912476,0.12744608521461487,0.976645827293396,15000
2,61,250,-443.3758239746094,-1.773503303527832,0.21958200633525848,0.9762499928474426,15250
2,62,250,-466.4754333496094,-1.8659017086029053,0.16327713429927826,0.9758541584014893,15500
2,63,250,-412.2782287597656,-1.6491129398345947,0.14160750806331635,0.9754583239555359,15750
2,64,250,-403.2139892578125,-1.6128559112548828,0.14029070734977722,0.9750624895095825,16000
2,65,250,-438.036376953125,-1.752145528793335,0.2250649333000183,0.9746666550636292,16250
2,66,250,-426.39776611328125,-1.705591082572937,0.17261654138565063,0.9742708206176758,16500
2,67,250,-467.4656066894531,-1.86986243724823,0.1478157341480255,0.9738749861717224,16750
2,68,250,-492.3568115234375,-1.969427227973938,0.1542886346578598,0.973479151725769,17000
2,69,250,-471.4541931152344,-1.8858168125152588,0.22367258369922638,0.9730833172798157,17250
2,70,250,-440.2622985839844,-1.7610491514205933,0.1762976199388504,0.9726874828338623,17500
2,71,250,-449.8162536621094,-1.7992650270462036,0.1635192334651947,0.9722916483879089,17750
2,72,250,-411.64288330078125,-1.6465715169906616,0.16481633484363556,0.9718958139419556,18000
2,73,250,-453.2501220703125,-1.8130004405975342,0.2519441545009613,0.9714999794960022,18250
2,74,250,-473.455810546875,-1.893823266029358,0.19969238340854645,0.9711041450500488,18500
2,75,250,-477.459716796875,-1.9098389148712158,0.18168127536773682,0.9707083106040955,18750
2,76,250,-447.1381530761719,-1.7885526418685913,0.17020264267921448,0.9703124761581421,19000
2,77,250,-472.02923583984375,-1.8881169557571411,0.26031482219696045,0.9699166417121887,19250
2,78,250,-475.3537902832031,-1.9014151096343994,0.21065910160541534,0.9695208072662354,19500
2,79,250,-452.26593017578125,-1.8090636730194092,0.20267608761787415,0.969124972820282,19750
2,80,250,-490.21331787109375,-1.9608532190322876,0.19518862664699554,0.9687291383743286,20000
2,81,250,-444.8921203613281,-1.7795684337615967,0.27190548181533813,0.96833336353302,20250
2,82,250,-471.2811279296875,-1.8851245641708374,0.22265999019145966,0.9679374694824219,20500
2,83,250,-466.300537109375,-1.8652021884918213,0.21219979226589203,0.9675416946411133,20750
2,84,250,-405.3177795410156,-1.6212711334228516,0.21060660481452942,0.9671458601951599,21000
2,85,250,-447.5725402832031,-1.790290117263794,0.27304187417030334,0.9667500257492065,21250
2,86,250,-447.0348205566406,-1.7881392240524292,0.2207048386335373,0.9663541913032532,21500
2,87,250,-478.55670166015625,-1.914226770401001,0.21828733384609222,0.9659583568572998,21750
2,88,250,-444.9081726074219,-1.7796326875686646,0.21057923138141632,0.9655625224113464,22000
2,89,250,-454.9676208496094,-1.8198704719543457,0.26664382219314575,0.9651666879653931,22250
2,90,250,-343.08154296875,-1.372326135635376,0.21461887657642365,0.9647708535194397,22500
2,91,250,-461.4963073730469,-1.8459851741790771,0.19797971844673157,0.9643750190734863,22750
2,92,250,-449.5052185058594,-1.798020839691162,0.20751312375068665,0.963979184627533,23000
2,93,250,-487.3446044921875,-1.9493783712387085,0.2756102681159973,0.9635833501815796,23250
2,94,250,-402.09033203125,-1.6083613634109497,0.20928390324115753,0.9631875157356262,23500
2,95,250,-446.95855712890625,-1.7878342866897583,0.20764628052711487,0.9627916812896729,23750
2,96,250,-454.4588317871094,-1.8178353309631348,0.20261606574058533,0.9623958468437195,24000
2,97,250,-485.4403381347656,-1.9417613744735718,0.2829359769821167,0.9620000123977661,24250
2,98,250,-466.8057861328125,-1.8672231435775757,0.20321659743785858,0.9616041779518127,24500
2,99,250,-496.14019775390625,-1.9845608472824097,0.19919002056121826,0.9612083435058594,24750
2,100,250,-403.1353454589844,-1.6125414371490479,0.19473642110824585,0.960812509059906,25000
2,101,250,-469.10955810546875,-1.8764382600784302,0.31278660893440247,0.9604166746139526,25250
2,102,250,-482.5997009277344,-1.9303988218307495,0.2269652634859085,0.9600208401679993,25500
2,103,250,-469.5589294433594,-1.8782356977462769,0.2131907045841217,0.9596250057220459,25750
2,104,250,-483.5171813964844,-1.9340686798095703,0.20612238347530365,0.9592291712760925,26000
2,105,250,-466.251220703125,-1.8650048971176147,0.32254546880722046,0.9588333368301392,26250
2,106,250,-412.2207946777344,-1.6488832235336304,0.2406574934720993,0.9584375023841858,26500
2,107,250,-482.1660461425781,-1.928664207458496,0.21333618462085724,0.9580416679382324,26750
2,108,250,-488.4309387207031,-1.9537237882614136,0.19974997639656067,0.957645833492279,27000
2,109,250,-480.7987976074219,-1.923195242881775,0.36866575479507446,0.9572499990463257,27250
2,110,250,-449.0131530761719,-1.7960525751113892,0.26116180419921875,0.9568541646003723,27500
2,111,250,-471.5152893066406,-1.886061191558838,0.22735220193862915,0.956458330154419,27750
2,112,250,-469.3905944824219,-1.877562403678894,0.2180071473121643,0.9560624957084656,28000
2,113,250,-387.37237548828125,-1.5494894981384277,0.396330326795578,0.9556666612625122,28250
2,114,250,-350.9637451171875,-1.4038549661636353,0.2930430769920349,0.9552708268165588,28500
2,115,250,-434.9123840332031,-1.7396495342254639,0.2735520601272583,0.9548749923706055,28750
2,116,250,-425.39410400390625,-1.7015764713287354,0.25760912895202637,0.9544791579246521,29000
2,117,250,-459.0561218261719,-1.8362244367599487,0.42284396290779114,0.9540833234786987,29250
2,118,250,-466.188232421875,-1.8647528886795044,0.34037017822265625,0.9536874890327454,29500
2,119,250,-480.1343078613281,-1.9205372333526611,0.3063933253288269,0.953291654586792,29750
2,120,250,-462.0582275390625,-1.8482328653335571,0.2846871316432953,0.9528958201408386,30000
2,121,250,-434.6003112792969,-1.7384012937545776,0.46796104311943054,0.9524999856948853,30250
2,122,250,-362.6893005371094,-1.4507571458816528,0.36701667308807373,0.9521041512489319,30500
2,123,250,-472.56671142578125,-1.8902668952941895,0.34679359197616577,0.9517083168029785,30750
2,124,250,-328.66558837890625,-1.3146623373031616,0.3173868656158447,0.9513124823570251,31000
2,125,250,-467.6629333496094,-1.8706517219543457,0.5115227103233337,0.9509166479110718,31250
2,126,250,-353.50018310546875,-1.4140007495880127,0.4108368754386902,0.9505208134651184,31500
2,127,250,-483.178466796875,-1.9327138662338257,0.3802306354045868,0.950124979019165,31750
2,128,250,-399.319580078125,-1.597278356552124,0.3552004396915436,0.9497291445732117,32000
2,129,250,-461.47113037109375,-1.8458845615386963,0.5535256266593933,0.9493333101272583,32250
2,130,250,-416.4729919433594,-1.6658920049667358,0.42289337515830994,0.9489374756813049,32500
2,131,250,-410.31982421875,-1.6412793397903442,0.3905355632305145,0.9485416412353516,32750
2,132,250,-464.4573059082031,-1.857829213142395,0.35283878445625305,0.9481458067893982,33000
2,133,250,-451.875,-1.8075000047683716,0.543302595615387,0.9477499723434448,33250
2,134,250,-457.8298034667969,-1.8313192129135132,0.4139138460159302,0.9473541975021362,33500
2,135,250,-318.6672058105469,-1.27466881275177,0.3783699572086334,0.9469583034515381,33750
2,136,250,-465.9449462890625,-1.8637797832489014,0.35434508323669434,0.9465625286102295,34000
2,137,250,-446.89068603515625,-1.7875627279281616,0.574765145778656,0.9461666345596313,34250
2,138,250,-447.2894592285156,-1.7891578674316406,0.44859540462493896,0.9457708597183228,34500
2,139,250,-390.42388916015625,-1.5616955757141113,0.4052489995956421,0.9453750252723694,34750
2,140,250,-487.481201171875,-1.9499248266220093,0.38197198510169983,0.944979190826416,35000
2,141,250,-438.6146545410156,-1.7544586658477783,0.6069071292877197,0.9445833563804626,35250
2,142,250,-411.5614318847656,-1.6462457180023193,0.4838200807571411,0.9441875219345093,35500
2,143,250,-460.5495300292969,-1.842198133468628,0.44133204221725464,0.9437916874885559,35750
2,144,250,-398.45849609375,-1.5938340425491333,0.4048517942428589,0.9433958530426025,36000
2,145,250,-420.2089538574219,-1.6808358430862427,0.5968570113182068,0.9430000185966492,36250
2,146,250,-440.8120422363281,-1.7632482051849365,0.4804106056690216,0.9426041841506958,36500
2,147,250,-90.12236785888672,-0.36048945784568787,0.45355620980262756,0.9422083497047424,36750
2,148,250,-360.33941650390625,-1.4413576126098633,0.454179584980011,0.9418125152587891,37000
2,149,250,-448.73968505859375,-1.7949587106704712,0.6543406248092651,0.9414166808128357,37250
2,150,250,-470.9275207519531,-1.8837100267410278,0.5093845129013062,0.9410208463668823,37500
2,151,250,-488.2144470214844,-1.9528577327728271,0.4780156910419464,0.940625011920929,37750
2,152,250,-465.6324462890625,-1.8625297546386719,0.4621690809726715,0.9402291774749756,38000
2,153,250,-438.4051818847656,-1.7536207437515259,0.6386133432388306,0.9398333430290222,38250
2,154,250,-361.402099609375,-1.445608377456665,0.501103937625885,0.9394375085830688,38500
2,155,250,-430.76995849609375,-1.723079800605774,0.4640706181526184,0.9390416741371155,38750
2,156,250,-429.3853759765625,-1.7175414562225342,0.4411070942878723,0.9386458396911621,39000
2,157,250,-335.0382995605469,-1.3401532173156738,0.6398933529853821,0.9382500052452087,39250
2,158,250,-419.953125,-1.6798125505447388,0.5251336097717285,0.9378541707992554,39500
2,159,250,-447.9185791015625,-1.7916743755340576,0.4819042384624481,0.937458336353302,39750
2,160,250,-361.1920471191406,-1.4447681903839111,0.43557822704315186,0.9370625019073486,40000
2,161,250,-412.01513671875,-1.6480605602264404,0.6430925726890564,0.9366666674613953,40250
2,162,250,-338.834228515625,-1.3553369045257568,0.5061526894569397,0.9362708330154419,40500
2,163,250,-444.78765869140625,-1.7791506052017212,0.47034016251564026,0.9358749985694885,40750
2,164,250,-469.3558654785156,-1.8774234056472778,0.4486166834831238,0.9354791641235352,41000
2,165,250,-366.9456481933594,-1.4677826166152954,0.641652524471283,0.9350833296775818,41250
2,166,250,-428.8311767578125,-1.7153247594833374,0.4822874069213867,0.9346874952316284,41500
2,167,250,-330.9036560058594,-1.3236145973205566,0.47414135932922363,0.934291660785675,41750
2,168,250,-468.74176025390625,-1.874967098236084,0.4583732783794403,0.9338958263397217,42000
2,169,250,-427.5164489746094,-1.7100658416748047,0.6631109118461609,0.9334999918937683,42250
2,170,250,-492.5097961425781,-1.9700391292572021,0.5357872843742371,0.9331041574478149,42500
2,171,250,-451.471923828125,-1.8058876991271973,0.5137686133384705,0.9327083230018616,42750
2,172,250,-457.5638427734375,-1.830255389213562,0.5066933631896973,0.9323124885559082,43000
2,173,250,-398.4783630371094,-1.5939134359359741,0.7178202867507935,0.9319166541099548,43250
2,174,250,-415.0158996582031,-1.660063624382019,0.5932692289352417,0.9315208196640015,43500
2,175,250,-453.2278137207031,-1.8129112720489502,0.5415060520172119,0.9311249852180481,43750
2,176,250,-319.6321716308594,-1.2785286903381348,0.5244237780570984,0.9307291507720947,44000
2,177,250,-303.20458984375,-1.2128183841705322,0.7916181087493896,0.9303333163261414,44250
2,178,250,-389.4039611816406,-1.557615876197815,0.6729193329811096,0.929937481880188,44500
2,179,250,-446.9481506347656,-1.7877925634384155,0.6208788752555847,0.9295416474342346,44750
2,180,250,-451.3575744628906,-1.805430293083191,0.6128818392753601,0.9291458129882812,45000
2,181,250,-478.9612121582031,-1.9158447980880737,0.862324059009552,0.9287499785423279,45250
2,182,250,-378.3985900878906,-1.513594388961792,0.726340651512146,0.9283541440963745,45500
2,183,250,-280.6216735839844,-1.1224867105484009,0.6719785332679749,0.9279583096504211,45750
2,184,250,-407.5429992675781,-1.6301720142364502,0.6635285019874573,0.9275624752044678,46000
2,185,250,-414.52801513671875,-1.6581120491027832,0.86543208360672,0.9271666407585144,46250
2,186,250,-345.88043212890625,-1.3835216760635376,0.7680653929710388,0.926770806312561,46500
2,187,250,-455.4808654785156,-1.8219234943389893,0.6728062629699707,0.9263750314712524,46750
2,188,250,-422.8945007324219,-1.6915780305862427,0.6276893019676208,0.9259791374206543,47000
2,189,250,-330.4843444824219,-1.3219373226165771,0.8709344267845154,0.9255833625793457,47250
2,190,250,-371.03936767578125,-1.4841574430465698,0.7289488911628723,0.9251874685287476,47500
2,191,250,-462.8608093261719,-1.8514432907104492,0.7112220525741577,0.924791693687439,47750
2,192,250,-432.7389831542969,-1.730955958366394,0.668185293674469,0.9243958592414856,48000
2,193,250,-404.6624450683594,-1.6186497211456299,0.9044079184532166,0.9240000247955322,48250
2,194,250,-418.5229187011719,-1.6740916967391968,0.7888725399971008,0.9236041903495789,48500
2,195,250,-435.021240234375,-1.7400850057601929,0.7281491160392761,0.9232083559036255,48750
2,196,250,-390.8793640136719,-1.563517451286316,0.6966055631637573,0.9228125214576721,49000
2,197,250,-332.31463623046875,-1.3292585611343384,0.9754893183708191,0.9224166870117188,49250
2,198,250,-357.4729309082031,-1.4298917055130005,0.7891908884048462,0.9220208525657654,49500
2,199,250,-365.02777099609375,-1.460111141204834,0.7306009531021118,0.921625018119812,49750
2,200,250,-234.34927368164062,-0.9373971223831177,0.6987799406051636,0.9212291836738586,50000
2,201,250,-391.9944763183594,-1.5679779052734375,0.968358039855957,0.9208333492279053,50250
2,202,250,-400.5321960449219,-1.6021287441253662,0.8345794677734375,0.9204375147819519,50500
2,203,250,-467.60235595703125,-1.870409369468689,0.7840662598609924,0.9200416803359985,50750
2,204,250,-479.5674743652344,-1.9182698726654053,0.7429937124252319,0.9196458458900452,51000
2,205,250,-414.450439453125,-1.6578017473220825,0.979407787322998,0.9192500114440918,51250
2,206,250,-420.45501708984375,-1.681820034980774,0.8169916868209839,0.9188541769981384,51500
2,207,250,-410.66876220703125,-1.6426750421524048,0.7611678838729858,0.9184583425521851,51750
2,208,250,-366.0928955078125,-1.4643715620040894,0.711778461933136,0.9180625081062317,52000
2,209,250,-344.37994384765625,-1.3775197267532349,0.9036589860916138,0.9176666736602783,52250
2,210,250,-441.0709228515625,-1.7642836570739746,0.7926331162452698,0.917270839214325,52500
2,211,250,-429.8006286621094,-1.7192025184631348,0.7458282113075256,0.9168750047683716,52750
2,212,250,-451.8565979003906,-1.8074263334274292,0.7226556539535522,0.9164791703224182,53000
2,213,250,-356.9040832519531,-1.4276163578033447,0.9387840032577515,0.9160833358764648,53250
2,214,250,-309.5616149902344,-1.2382464408874512,0.8260443806648254,0.9156875014305115,53500
2,215,250,-480.2201843261719,-1.9208807945251465,0.8064507246017456,0.9152916669845581,53750
2,216,250,-475.11346435546875,-1.900453805923462,0.7676478028297424,0.9148958325386047,54000
2,217,250,-454.7613525390625,-1.8190454244613647,0.9997068643569946,0.9144999980926514,54250
2,218,250,-475.094970703125,-1.9003798961639404,0.8885861039161682,0.914104163646698,54500
2,219,250,-470.1693115234375,-1.8806772232055664,0.8216782808303833,0.9137083292007446,54750
2,220,250,-454.7236633300781,-1.818894624710083,0.7843608856201172,0.9133124947547913,55000
2,221,250,-293.82147216796875,-1.1752859354019165,1.0068315267562866,0.9129166603088379,55250
2,222,250,-418.5938720703125,-1.6743755340576172,0.8998909592628479,0.9125208258628845,55500
2,223,250,-287.47796630859375,-1.149911880493164,0.8485446572303772,0.9121249914169312,55750
2,224,250,-362.919677734375,-1.45167875289917,0.7999599575996399,0.9117291569709778,56000
2,225,250,-311.19989013671875,-1.2447996139526367,1.0199065208435059,0.9113333225250244,56250
2,226,250,-440.01123046875,-1.7600449323654175,0.9186513423919678,0.910937488079071,56500
2,227,250,-404.1054382324219,-1.6164216995239258,0.8551382422447205,0.9105416536331177,56750
2,228,250,-418.41961669921875,-1.6736785173416138,0.803152859210968,0.9101458191871643,57000
2,229,250,-387.2031555175781,-1.5488126277923584,0.9971213340759277,0.9097499847412109,57250
2,230,250,-421.0860595703125,-1.6843442916870117,0.8951231241226196,0.9093541502952576,57500
2,231,250,-399.4136962890625,-1.5976548194885254,0.8484177589416504,0.9089583158493042,57750
2,232,250,-355.4168395996094,-1.4216673374176025,0.7893015742301941,0.9085624814033508,58000
2,233,250,-479.3998718261719,-1.9175994396209717,1.0127456188201904,0.9081666469573975,58250
2,234,250,-305.0986328125,-1.220394492149353,0.8638091683387756,0.9077708125114441,58500
2,235,250,-349.6156005859375,-1.3984624147415161,0.7826770544052124,0.9073749780654907,58750
2,236,250,-407.7004699707031,-1.6308019161224365,0.792522132396698,0.9069791436195374,59000
2,237,250,-354.1703796386719,-1.4166815280914307,1.0088582038879395,0.906583309173584,59250
2,238,250,-319.06103515625,-1.2762441635131836,0.8254891633987427,0.9061874747276306,59500
2,239,250,-341.4492492675781,-1.3657970428466797,0.8044645190238953,0.9057916402816772,59750
2,240,250,-383.1163330078125,-1.5324653387069702,0.7593393921852112,0.9053958654403687,60000
2,241,250,-464.742431640625,-1.8589696884155273,0.9508286714553833,0.9049999713897705,60250
2,242,250,-402.9789123535156,-1.6119157075881958,0.8140650391578674,0.9046041965484619,60500
2,243,250,-369.322265625,-1.477289080619812,0.7727752327919006,0.9042083024978638,60750
2,244,250,-443.2239074707031,-1.7728955745697021,0.7441308498382568,0.9038125276565552,61000
2,245,250,-346.3802185058594,-1.3855208158493042,0.9685940146446228,0.9034166932106018,61250
2,246,250,-378.881103515625,-1.5155243873596191,0.8211479187011719,0.9030208587646484,61500
2,247,250,-407.398193359375,-1.629592776298523,0.7620552778244019,0.9026250243186951,61750
2,248,250,-360.6191101074219,-1.4424763917922974,0.7423758506774902,0.9022291898727417,62000
2,249,250,-438.6021728515625,-1.7544087171554565,0.985916793346405,0.9018333554267883,62250
2,250,250,-379.2378845214844,-1.516951560974121,0.8233687281608582,0.901437520980835,62500
2,251,250,-210.1043243408203,-0.8404173254966736,0.7806618809700012,0.9010416865348816,62750
2,252,250,-396.2318115234375,-1.5849272012710571,0.7643176317214966,0.9006458520889282,63000
2,253,250,-431.8285827636719,-1.7273143529891968,1.1051892042160034,0.9002500176429749,63250
2,254,250,-414.431396484375,-1.6577255725860596,0.8674255013465881,0.8998541831970215,63500
2,255,250,-394.7976379394531,-1.5791904926300049,0.7939913272857666,0.8994583487510681,63750
2,256,250,-361.8246765136719,-1.4472987651824951,0.7729954123497009,0.8990625143051147,64000
2,257,250,-279.07659912109375,-1.1163064241409302,1.1447737216949463,0.8986666798591614,64250
2,258,250,-442.81585693359375,-1.7712634801864624,0.9415673613548279,0.898270845413208,64500
2,259,250,-448.93572998046875,-1.7957428693771362,0.8898851275444031,0.8978750109672546,64750
2,260,250,-328.483642578125,-1.313934564590454,0.8486496806144714,0.8974791765213013,65000
2,261,250,-434.97271728515625,-1.7398908138275146,1.2702555656433105,0.8970833420753479,65250
2,262,250,-286.0882263183594,-1.144352912902832,1.0551517009735107,0.8966875076293945,65500
2,263,250,-458.3985290527344,-1.8335940837860107,0.9589559435844421,0.8962916731834412,65750
2,264,250,-398.8210754394531,-1.595284342765808,0.9208957552909851,0.8958958387374878,66000
2,265,250,-321.1754150390625,-1.2847017049789429,1.3256661891937256,0.8955000042915344,66250
2,266,250,-170.60784912109375,-0.6824313998222351,1.0706502199172974,0.895104169845581,66500
2,267,250,-420.45587158203125,-1.681823492050171,1.034124493598938,0.8947083353996277,66750
2,268,250,-386.032958984375,-1.544131875038147,0.9649595022201538,0.8943125009536743,67000
2,269,250,-371.02685546875,-1.4841073751449585,1.3607234954833984,0.893916666507721,67250
2,270,250,-296.5467529296875,-1.1861870288848877,1.15076744556427,0.8935208320617676,67500
2,271,250,-162.28028869628906,-0.6491211652755737,1.023815631866455,0.8931249976158142,67750
2,272,250,-414.0954284667969,-1.6563817262649536,1.0328048467636108,0.8927291631698608,68000
2,273,250,-425.5146789550781,-1.7020586729049683,1.399612307548523,0.8923333287239075,68250
2,274,250,-379.29473876953125,-1.517179012298584,1.184239149093628,0.8919374942779541,68500
2,275,250,-359.3876647949219,-1.437550663948059,1.077558159828186,0.8915416598320007,68750
2,276,250,-418.50933837890625,-1.6740373373031616,1.0104680061340332,0.8911458253860474,69000
2,277,250,-302.77197265625,-1.211087942123413,1.5329104661941528,0.890749990940094,69250
2,278,250,-404.8485412597656,-1.6193941831588745,1.2577183246612549,0.8903541564941406,69500
2,279,250,-472.248291015625,-1.8889931440353394,1.1078143119812012,0.8899583220481873,69750
2,280,250,-329.1993713378906,-1.3167974948883057,1.035081386566162,0.8895624876022339,70000
2,281,250,-265.00775146484375,-1.0600310564041138,1.5358860492706299,0.8891666531562805,70250
2,282,250,-240.7152557373047,-0.9628610014915466,1.3259292840957642,0.8887708187103271,70500
2,283,250,-151.87196350097656,-0.6074878573417664,1.2038127183914185,0.8883749842643738,70750
2,284,250,-404.7620544433594,-1.6190482378005981,1.107208490371704,0.8879791498184204,71000
2,285,250,-401.34429931640625,-1.605377197265625,1.631378173828125,0.887583315372467,71250
2,286,250,-311.5182800292969,-1.2460731267929077,1.3380608558654785,0.8871874809265137,71500
2,287,250,-431.9007263183594,-1.7276029586791992,1.2271915674209595,0.8867916464805603,71750
2,288,250,-329.5907897949219,-1.3183631896972656,1.1399188041687012,0.8863958120346069,72000
2,289,250,-416.51495361328125,-1.6660598516464233,1.5613359212875366,0.8860000371932983,72250
2,290,250,-427.7560729980469,-1.711024284362793,1.254783272743225,0.8856041431427002,72500
2,291,250,-380.8658752441406,-1.523463487625122,1.1968088150024414,0.8852083683013916,72750
2,292,250,-357.2280578613281,-1.4289122819900513,1.096200704574585,0.8848124742507935,73000
2,293,250,-125.09457397460938,-0.5003783106803894,1.504245638847351,0.8844166398048401,73250
2,294,250,-183.20726013183594,-0.7328290343284607,1.30341374874115,0.8840208053588867,73500
2,295,250,-347.0340270996094,-1.3881361484527588,1.2248092889785767,0.8836250305175781,73750
2,296,250,-428.4900817871094,-1.7139602899551392,1.2139655351638794,0.88322913646698,74000
2,297,250,-185.4491424560547,-0.7417965531349182,1.6011842489242554,0.8828333616256714,74250
2,298,250,-209.2222900390625,-0.8368891477584839,1.4251350164413452,0.8824374675750732,74500
2,299,250,-367.1185607910156,-1.468474268913269,1.3131355047225952,0.8820416927337646,74750
2,300,250,-457.9381408691406,-1.8317525386810303,1.2655208110809326,0.8816458582878113,75000
2,301,250,-454.77642822265625,-1.8191057443618774,1.6874102354049683,0.8812500238418579,75250
2,302,250,-207.1615447998047,-0.828646183013916,1.5278329849243164,0.8808541893959045,75500
2,303,250,-232.7650146484375,-0.9310600757598877,1.3879526853561401,0.8804583549499512,75750
2,304,250,-351.263427734375,-1.405053734779358,1.3876765966415405,0.8800625205039978,76000
2,305,250,-316.04669189453125,-1.2641867399215698,1.7778046131134033,0.8796666860580444,76250
2,306,250,-357.9546813964844,-1.4318187236785889,1.5499476194381714,0.8792708516120911,76500
2,307,250,-298.9783935546875,-1.195913553237915,1.478537917137146,0.8788750171661377,76750
2,308,250,-192.2523193359375,-0.7690092921257019,1.4013184309005737,0.8784791827201843,77000
2,309,250,-198.3169708251953,-0.7932679057121277,1.7815380096435547,0.878083348274231,77250
2,310,250,-415.3345642089844,-1.661338210105896,1.6020251512527466,0.8776875138282776,77500
2,311,250,-295.1021728515625,-1.1804087162017822,1.474382758140564,0.8772916793823242,77750
2,312,250,-364.19293212890625,-1.456771731376648,1.4484045505523682,0.8768958449363708,78000
2,313,250,-443.88037109375,-1.7755215167999268,1.869444489479065,0.8765000104904175,78250
2,314,250,-342.0251159667969,-1.3681004047393799,1.5902717113494873,0.8761041760444641,78500
2,315,250,-301.1175231933594,-1.2044700384140015,1.5094406604766846,0.8757083415985107,78750
2,316,250,-411.3516540527344,-1.6454066038131714,1.4506202936172485,0.8753125071525574,79000
2,317,250,-429.01116943359375,-1.7160446643829346,1.8141695261001587,0.874916672706604,79250
2,318,250,-187.64712524414062,-0.7505884766578674,1.6014478206634521,0.8745208382606506,79500
2,319,250,-148.00393676757812,-0.5920157432556152,1.5187058448791504,0.8741250038146973,79750
2,320,250,-279.1971130371094,-1.1167885065078735,1.4790488481521606,0.8737291693687439,80000
2,321,250,-398.6907653808594,-1.5947630405426025,1.8639861345291138,0.8733333349227905,80250
2,322,250,-306.49395751953125,-1.2259758710861206,1.6853958368301392,0.8729375004768372,80500
2,323,250,-193.83721923828125,-0.7753489017486572,1.563401460647583,0.8725416660308838,80750
2,324,250,-322.24908447265625,-1.2889963388442993,1.5293713808059692,0.8721458315849304,81000
2,325,250,-250.1225128173828,-1.0004900693893433,1.8247451782226562,0.871749997138977,81250
2,326,250,-191.5807342529297,-0.766322910785675,1.6567282676696777,0.8713541626930237,81500
2,327,250,-344.4762268066406,-1.3779048919677734,1.607452392578125,0.8709583282470703,81750
2,328,250,-403.67803955078125,-1.614712119102478,1.5587767362594604,0.8705624938011169,82000
2,329,250,-257.3624572753906,-1.0294498205184937,1.8924912214279175,0.8701666593551636,82250
2,330,250,-423.28936767578125,-1.693157434463501,1.6760139465332031,0.8697708249092102,82500
2,331,250,-273.2772521972656,-1.0931090116500854,1.5995041131973267,0.8693749904632568,82750
2,332,250,-300.2760009765625,-1.2011040449142456,1.581007480621338,0.8689791560173035,83000
2,333,250,-392.49652099609375,-1.56998610496521,1.9256693124771118,0.8685833215713501,83250
2,334,250,-198.8190155029297,-0.7952760457992554,1.7321304082870483,0.8681874871253967,83500
2,335,250,-391.03582763671875,-1.5641433000564575,1.6372629404067993,0.8677916526794434,83750
2,336,250,-132.1744384765625,-0.5286977291107178,1.5913968086242676,0.86739581823349,84000
2,337,250,-341.1930236816406,-1.364772081375122,2.014037609100342,0.8669999837875366,84250
2,338,250,-341.723876953125,-1.3668955564498901,1.7495179176330566,0.8666041493415833,84500
2,339,250,-380.40777587890625,-1.521631121635437,1.631406307220459,0.8662083148956299,84750
2,340,250,-399.5171203613281,-1.5980684757232666,1.5796895027160645,0.8658124804496765,85000
2,341,250,-391.04583740234375,-1.5641833543777466,1.9383991956710815,0.8654166460037231,85250
2,342,250,-300.89129638671875,-1.203565239906311,1.7069011926651,0.8650208711624146,85500
2,343,250,-400.2823181152344,-1.6011292934417725,1.6329854726791382,0.8646249771118164,85750
2,344,250,-275.4095458984375,-1.1016381978988647,1.5681711435317993,0.8642292022705078,86000
2,345,250,-279.9974365234375,-1.1199897527694702,1.8634597063064575,0.8638333082199097,86250
2,346,250,-397.1845397949219,-1.588738203048706,1.7220314741134644,0.8634375333786011,86500
2,347,250,-321.1283874511719,-1.2845135927200317,1.6439162492752075,0.8630416393280029,86750
2,348,250,-276.0572814941406,-1.1042290925979614,1.5673531293869019,0.8626458644866943,87000
2,349,250,-257.3351745605469,-1.0293407440185547,1.886278748512268,0.8622499704360962,87250
2,350,250,-417.96063232421875,-1.6718425750732422,1.6534416675567627,0.8618541955947876,87500
2,351,250,-302.1085510253906,-1.2084342241287231,1.6058037281036377,0.8614583611488342,87750
2,352,250,-231.324462890625,-0.9252978563308716,1.5747387409210205,0.8610625267028809,88000
2,353,250,-364.9527282714844,-1.4598109722137451,1.8507800102233887,0.8606666922569275,88250
2,354,250,-55.12919998168945,-0.22051680088043213,1.735601782798767,0.8602708578109741,88500
2,355,250,-335.3878173828125,-1.3415513038635254,1.6088615655899048,0.8598750233650208,88750
2,356,250,-378.06341552734375,-1.5122536420822144,1.5678389072418213,0.8594791889190674,89000
2,357,250,-257.0815124511719,-1.0283260345458984,1.9309228658676147,0.859083354473114,89250
2,358,250,-435.63092041015625,-1.7425236701965332,1.6633468866348267,0.8586875200271606,89500
2,359,250,-342.7540283203125,-1.3710161447525024,1.5650357007980347,0.8582916259765625,89750
2,360,250,-331.2198486328125,-1.3248794078826904,1.5651947259902954,0.8578958511352539,90000
2,361,250,-78.02763366699219,-0.3121105432510376,1.8039865493774414,0.8575000166893005,90250
2,362,250,-470.41387939453125,-1.8816555738449097,1.6413705348968506,0.8571041822433472,90500
2,363,250,-141.007568359375,-0.5640302896499634,1.532863736152649,0.8567083477973938,90750
2,364,250,-225.88156127929688,-0.903526246547699,1.4802664518356323,0.8563125133514404,91000
2,365,250,-156.5312957763672,-0.626125156879425,1.8583167791366577,0.8559166789054871,91250
2,366,250,-221.2308807373047,-0.88492351770401,1.6144280433654785,0.8555208444595337,91500
2,367,250,-179.21600341796875,-0.7168639898300171,1.6040905714035034,0.8551250100135803,91750
2,368,250,-349.1998291015625,-1.3967993259429932,1.4858953952789307,0.854729175567627,92000
2,369,250,-299.1622009277344,-1.1966488361358643,1.8866060972213745,0.8543333411216736,92250
2,370,250,-393.41033935546875,-1.573641300201416,1.6456031799316406,0.8539375066757202,92500
2,371,250,-346.93817138671875,-1.387752652168274,1.5180869102478027,0.8535416722297668,92750
2,372,250,-295.0063171386719,-1.1800252199172974,1.5047810077667236,0.8531458377838135,93000
2,373,250,-187.680419921875,-0.7507216930389404,1.879602313041687,0.8527500033378601,93250
2,374,250,-309.0542297363281,-1.2362169027328491,1.6323868036270142,0.8523541688919067,93500
2,375,250,-336.7171325683594,-1.3468685150146484,1.592751145362854,0.8519583344459534,93750
2,376,250,-413.2693176269531,-1.653077244758606,1.4701430797576904,0.8515625,94000
2,377,250,-324.0216979980469,-1.2960867881774902,1.828952670097351,0.8511666655540466,94250
2,378,250,-409.0059814453125,-1.6360238790512085,1.5973740816116333,0.8507708311080933,94500
2,379,250,-282.7471923828125,-1.1309887170791626,1.5287461280822754,0.8503749966621399,94750
2,380,250,-385.9088134765625,-1.5436352491378784,1.483535885810852,0.8499791622161865,95000
2,381,250,-359.53271484375,-1.4381308555603027,1.8830832242965698,0.8495833277702332,95250
2,382,250,-290.913330078125,-1.1636533737182617,1.6494908332824707,0.8491874933242798,95500
2,383,250,-182.3993682861328,-0.7295974493026733,1.5706000328063965,0.8487916588783264,95750
2,384,250,-355.63128662109375,-1.42252516746521,1.575299620628357,0.848395824432373,96000
2,385,250,-330.7420349121094,-1.3229681253433228,1.9562129974365234,0.8479999899864197,96250
2,386,250,-155.73167419433594,-0.6229267120361328,1.6455806493759155,0.8476041555404663,96500
2,387,250,-374.7875671386719,-1.499150276184082,1.573516607284546,0.8472083210945129,96750
2,388,250,-313.9307556152344,-1.255722999572754,1.4906234741210938,0.8468124866485596,97000
2,389,250,-401.5185852050781,-1.606074333190918,1.9620954990386963,0.8464166522026062,97250
2,390,250,-190.6873016357422,-0.762749195098877,1.719559669494629,0.8460208177566528,97500
2,391,250,-186.2886199951172,-0.7451545000076294,1.6676579713821411,0.8456250429153442,97750
2,392,250,-194.8907012939453,-0.7795628309249878,1.5632268190383911,0.8452291488647461,98000
2,393,250,-458.7599182128906,-1.8350396156311035,2.0522871017456055,0.8448333740234375,98250
2,394,250,-137.1318359375,-0.5485273599624634,1.8040640354156494,0.8444374799728394,98500
2,395,250,-350.553955078125,-1.402215838432312,1.6976892948150635,0.844041645526886,98750
2,396,250,-206.82406616210938,-0.827296257019043,1.570372462272644,0.8436458110809326,99000
2,397,250,-67.69827270507812,-0.270793080329895,2.191037893295288,0.8432499766349792,99250
2,398,250,-295.4508361816406,-1.1818033456802368,1.9026960134506226,0.8428541421890259,99500
2,399,250,-328.85430908203125,-1.3154172897338867,1.7537583112716675,0.8424583077430725,99750
2,400,250,-159.8121795654297,-0.6392487287521362,1.672326683998108,0.8420624732971191,100000
2,401,250,-380.1102600097656,-1.5204410552978516,2.217569351196289,0.8416666984558105,100250
2,402,250,-224.89865112304688,-0.8995946049690247,1.9437222480773926,0.8412708044052124,100500
2,403,250,-202.5015106201172,-0.8100060224533081,1.7732479572296143,0.8408750295639038,100750
2,404,250,-280.1054382324219,-1.1204217672348022,1.7337301969528198,0.8404791355133057,101000
2,405,250,-260.1767272949219,-1.0407068729400635,2.2177414894104004,0.8400833606719971,101250
2,406,250,-306.6026916503906,-1.2264107465744019,1.957669973373413,0.8396874666213989,101500
2,407,250,-403.8771667480469,-1.6155086755752563,1.8553776741027832,0.8392916917800903,101750
2,408,250,-56.61552429199219,-0.22646209597587585,1.753688097000122,0.8388957977294922,102000
2,409,250,-280.1758117675781,-1.1207032203674316,2.205656051635742,0.8385000228881836,102250
2,410,250,-335.9629211425781,-1.3438516855239868,1.9833533763885498,0.8381041884422302,102500
2,411,250,-352.6982116699219,-1.4107928276062012,1.8649747371673584,0.8377083539962769,102750
2,412,250,-195.11288452148438,-0.7804515361785889,1.7778642177581787,0.8373125195503235,103000
2,413,250,-184.64541625976562,-0.738581657409668,2.2047536373138428,0.8369166851043701,103250
2,414,250,-322.7399597167969,-1.2909598350524902,1.9552973508834839,0.8365208506584167,103500
2,415,250,-342.1106872558594,-1.3684427738189697,1.7789521217346191,0.8361250162124634,103750
2,416,250,-276.2791748046875,-1.1051167249679565,1.7847567796707153,0.83572918176651,104000
2,417,250,-135.4300994873047,-0.5417203903198242,2.2203638553619385,0.8353333473205566,104250
2,418,250,-45.145057678222656,-0.1805802285671234,1.9644725322723389,0.8349375128746033,104500
2,419,250,-326.2833251953125,-1.30513334274292,1.8209699392318726,0.8345416784286499,104750
2,420,250,-279.5080871582031,-1.1180323362350464,1.712439775466919,0.8341458439826965,105000
2,421,250,-152.05335998535156,-0.6082134246826172,2.1606054306030273,0.8337500095367432,105250
2,422,250,-178.9180450439453,-0.7156721949577332,1.8961501121520996,0.8333541750907898,105500
2,423,250,-287.5960693359375,-1.1503843069076538,1.9008756875991821,0.8329583406448364,105750
2,424,250,-233.9723663330078,-0.935889482498169,1.7441070079803467,0.8325625061988831,106000
2,425,250,-400.4366760253906,-1.601746678352356,2.203176975250244,0.8321666717529297,106250
2,426,250,-179.0761260986328,-0.7163044810295105,1.9146524667739868,0.8317708373069763,106500
2,427,250,-341.1947326660156,-1.3647788763046265,1.830938696861267,0.831375002861023,106750
2,428,250,-236.75222778320312,-0.9470089077949524,1.768436312675476,0.8309791684150696,107000
2,429,250,-243.3723602294922,-0.9734894633293152,2.149334192276001,0.8305833339691162,107250
2,430,250,-219.33932495117188,-0.8773573040962219,1.9688676595687866,0.8301874995231628,107500
2,431,250,-218.29269409179688,-0.873170793056488,1.8321506977081299,0.8297916650772095,107750
2,432,250,-361.8254699707031,-1.4473018646240234,1.8165299892425537,0.8293958306312561,108000
2,433,250,-155.6068115234375,-0.622427225112915,2.16768741607666,0.8289999961853027,108250
2,434,250,-376.5047607421875,-1.5060189962387085,1.9559736251831055,0.8286041617393494,108500
2,435,250,-214.7205810546875,-0.8588823080062866,1.8438915014266968,0.828208327293396,108750
2,436,250,-276.3795166015625,-1.105518102645874,1.7935060262680054,0.8278124928474426,109000
2,437,250,-308.00970458984375,-1.2320388555526733,2.224759340286255,0.8274166584014893,109250
2,438,250,-164.03250122070312,-0.6561300158500671,1.9642523527145386,0.8270208239555359,109500
2,439,250,-185.71499633789062,-0.742859959602356,1.805724024772644,0.8266249895095825,109750
2,440,250,-260.0107421875,-1.0400429964065552,1.7833846807479858,0.8262291550636292,110000
2,441,250,-164.34588623046875,-0.6573835611343384,2.1664068698883057,0.8258333206176758,110250
2,442,250,-79.3446044921875,-0.317378431558609,1.9383840560913086,0.8254374861717224,110500
2,443,250,-215.01864624023438,-0.8600745797157288,1.7995251417160034,0.825041651725769,110750
2,444,250,-148.71957397460938,-0.5948783159255981,1.6340868473052979,0.8246458172798157,111000
2,445,250,-85.50194549560547,-0.3420077860355377,2.163087844848633,0.8242499828338623,111250
2,446,250,-298.5336608886719,-1.1941345930099487,1.8791530132293701,0.8238541483879089,111500
2,447,250,15.139811515808105,0.06055924668908119,1.7983334064483643,0.8234583139419556,111750
2,448,250,-179.26454162597656,-0.7170581817626953,1.7196049690246582,0.8230624794960022,112000
2,449,250,-338.6267395019531,-1.3545069694519043,2.1380245685577393,0.8226666450500488,112250
2,450,250,-262.6170959472656,-1.0504683256149292,1.8349050283432007,0.8222708702087402,112500
2,451,250,-202.40267944335938,-0.8096107244491577,1.810421109199524,0.8218749761581421,112750
2,452,250,-77.8521957397461,-0.31140878796577454,1.7020066976547241,0.8214792013168335,113000
2,453,250,-236.376220703125,-0.945504903793335,2.146538257598877,0.8210833072662354,113250
2,454,250,-255.25144958496094,-1.0210057497024536,1.8785449266433716,0.8206875324249268,113500
2,455,250,-325.231201171875,-1.3009247779846191,1.8010971546173096,0.8202916383743286,113750
2,456,250,-118.84619140625,-0.47538477182388306,1.7649924755096436,0.81989586353302,114000
2,457,250,-95.27973175048828,-0.38111892342567444,2.199970245361328,0.8194999694824219,114250
2,458,250,-335.4132080078125,-1.3416528701782227,2.0180435180664062,0.8191041946411133,114500
2,459,250,-213.50820922851562,-0.8540328145027161,1.883496880531311,0.8187083601951599,114750
2,460,250,-287.1541442871094,-1.1486165523529053,1.7749301195144653,0.8183125257492065,115000
2,461,250,-246.9644775390625,-0.9878579378128052,2.231938600540161,0.8179166913032532,115250
2,462,250,-232.86346435546875,-0.9314538836479187,1.962372064590454,0.8175208568572998,115500
2,463,250,-275.61944580078125,-1.102477788925171,1.9717375040054321,0.8171250224113464,115750
2,464,250,-262.0616760253906,-1.0482467412948608,1.841853380203247,0.8167291879653931,116000
2,465,250,-245.81588745117188,-0.9832635521888733,2.2708253860473633,0.8163333535194397,116250
2,466,250,-147.27418518066406,-0.58909672498703,2.010497570037842,0.8159375190734863,116500
2,467,250,-121.75545501708984,-0.4870218336582184,1.9600322246551514,0.815541684627533,116750
2,468,250,-136.62208557128906,-0.546488344669342,1.8523956537246704,0.8151458501815796,117000
2,469,250,-281.81719970703125,-1.1272687911987305,2.327463150024414,0.8147500157356262,117250
2,470,250,-174.3530731201172,-0.6974123120307922,2.1164679527282715,0.8143541812896729,117500
2,471,250,-202.56886291503906,-0.8102754354476929,2.0268824100494385,0.8139583468437195,117750
2,472,250,-108.51527404785156,-0.43406111001968384,2.000067949295044,0.8135625123977661,118000
2,473,250,-183.95614624023438,-0.7358245849609375,2.4550323486328125,0.8131666779518127,118250
2,474,250,-171.7141876220703,-0.686856746673584,2.2043209075927734,0.8127708435058594,118500
2,475,250,-151.43002319335938,-0.6057201027870178,2.09968638420105,0.812375009059906,118750
2,476,250,-13.141683578491211,-0.052566733211278915,2.0452864170074463,0.8119791746139526,119000
2,477,250,-161.6630096435547,-0.6466520428657532,2.4404895305633545,0.8115833401679993,119250
2,478,250,-271.0321960449219,-1.084128737449646,2.29386568069458,0.8111875057220459,119500
2,479,250,-206.52589416503906,-0.8261035680770874,2.2067339420318604,0.8107916712760925,119750
2,480,250,-66.95720672607422,-0.2678288221359253,2.0903475284576416,0.8103958368301392,120000
2,481,250,-292.8929443359375,-1.1715717315673828,2.551168203353882,0.8100000023841858,120250
2,482,250,-142.85574340820312,-0.5714229941368103,2.3578217029571533,0.8096041679382324,120500
2,483,250,-289.0091857910156,-1.1560367345809937,2.2511792182922363,0.809208333492279,120750
2,484,250,-247.35284423828125,-0.9894113540649414,2.1220009326934814,0.8088124990463257,121000
2,485,250,-117.04942321777344,-0.46819770336151123,2.5414202213287354,0.8084166646003723,121250
2,486,250,-222.67831420898438,-0.8907132744789124,2.2709553241729736,0.808020830154419,121500
2,487,250,-234.2254638671875,-0.936901867389679,2.257169008255005,0.8076249957084656,121750
2,488,250,-32.0181770324707,-0.12807270884513855,2.224766969680786,0.8072291612625122,122000
2,489,250,-238.24717712402344,-0.9529886841773987,2.5839853286743164,0.8068333268165588,122250
2,490,250,-230.2796173095703,-0.9211184978485107,2.439164876937866,0.8064374923706055,122500
2,491,250,-152.7002410888672,-0.6108009815216064,2.336561918258667,0.8060416579246521,122750
2,492,250,-123.18331146240234,-0.4927332401275635,2.1892597675323486,0.8056458234786987,123000
2,493,250,-175.01449584960938,-0.7000579833984375,2.52610445022583,0.8052499890327454,123250
2,494,250,-202.13377380371094,-0.808535099029541,2.3742313385009766,0.804854154586792,123500
2,495,250,-300.99365234375,-1.2039746046066284,2.250622272491455,0.8044583201408386,123750
2,496,250,-55.97460174560547,-0.22389841079711914,2.1605312824249268,0.8040624856948853,124000
2,497,250,-201.46267700195312,-0.8058506846427917,2.4703800678253174,0.8036666512489319,124250
2,498,250,-51.11236572265625,-0.20444945991039276,2.254854917526245,0.8032708168029785,124500
2,499,250,-237.23838806152344,-0.9489535689353943,2.232403516769409,0.8028750419616699,124750
2,500,250,-197.5591583251953,-0.7902366518974304,2.1813852787017822,0.8024791479110718,125000
2,501,250,-112.93450927734375,-0.45173802971839905,2.4433228969573975,0.8020833730697632,125250
2,502,250,-157.20338439941406,-0.6288135647773743,2.29409122467041,0.801687479019165,125500
2,503,250,-182.32688903808594,-0.7293075323104858,2.175062417984009,0.8012917041778564,125750
2,504,250,-148.8884735107422,-0.5955538749694824,2.1692349910736084,0.8008958101272583,126000
2,505,250,-135.58299255371094,-0.5423319935798645,2.3683013916015625,0.8005000352859497,126250
2,506,250,-195.7246551513672,-0.7828986048698425,2.292245388031006,0.8001041412353516,126500
2,507,250,-388.5370178222656,-1.5541480779647827,2.208970069885254,0.799708366394043,126750
2,508,250,-278.7836608886719,-1.115134596824646,2.1354808807373047,0.7993124723434448,127000
2,509,250,-300.4540100097656,-1.2018160820007324,2.411083221435547,0.7989166975021362,127250
2,510,250,-73.44805145263672,-0.2937922179698944,2.22698974609375,0.7985208034515381,127500
2,511,250,-90.66000366210938,-0.36264002323150635,2.1817362308502197,0.7981250286102295,127750
2,512,250,-218.385986328125,-0.873543918132782,2.1278371810913086,0.7977291345596313,128000
2,513,250,-193.2760467529297,-0.773104190826416,2.4101250171661377,0.7973333597183228,128250
2,514,250,-263.42578125,-1.0537030696868896,2.270808458328247,0.7969374656677246,128500
2,515,250,-314.43487548828125,-1.257739543914795,2.2102620601654053,0.796541690826416,128750
2,516,250,-249.4197235107422,-0.9976788759231567,2.1172292232513428,0.7961457967758179,129000
2,517,250,-110.28819274902344,-0.44115278124809265,2.4129836559295654,0.7957500219345093,129250
2,518,250,-288.9910583496094,-1.1559642553329468,2.29761004447937,0.7953541874885559,129500
2,519,250,-56.62206268310547,-0.22648824751377106,2.219381332397461,0.7949583530426025,129750
2,520,250,-163.36660766601562,-0.6534664034843445,2.1226203441619873,0.7945625185966492,130000
2,521,250,-147.6051483154297,-0.5904206037521362,2.4291012287139893,0.7941666841506958,130250
2,522,250,-89.23089599609375,-0.35692358016967773,2.312410831451416,0.7937708497047424,130500
2,523,250,-131.63536071777344,-0.5265414714813232,2.2429583072662354,0.7933750152587891,130750
2,524,250,-144.97242736816406,-0.579889714717865,2.218060255050659,0.7929791808128357,131000
2,525,250,-253.86253356933594,-1.015450119972229,2.5335874557495117,0.7925833463668823,131250
2,526,250,-153.5940704345703,-0.6143763065338135,2.4103124141693115,0.792187511920929,131500
2,527,250,-174.19891357421875,-0.696795642375946,2.3114380836486816,0.7917916774749756,131750
2,528,250,-163.71310424804688,-0.6548523902893066,2.220848321914673,0.7913958430290222,132000
2,529,250,-434.8896179199219,-1.739558458328247,2.5602848529815674,0.7910000085830688,132250
2,530,250,-158.26600646972656,-0.6330640316009521,2.430840492248535,0.7906041741371155,132500
2,531,250,-177.81887817382812,-0.7112755179405212,2.3992409706115723,0.7902083396911621,132750
2,532,250,-42.34270095825195,-0.16937080025672913,2.230207681655884,0.7898125052452087,133000
2,533,250,-71.21711730957031,-0.2848684787750244,2.623276948928833,0.7894166707992554,133250
2,534,250,-212.73907470703125,-0.8509563207626343,2.4537193775177,0.789020836353302,133500
2,535,250,-194.00189208984375,-0.7760075926780701,2.3941469192504883,0.7886250019073486,133750
2,536,250,-133.875,-0.5354999899864197,2.3781845569610596,0.7882291674613953,134000
2,537,250,-211.49618530273438,-0.8459847569465637,2.720602512359619,0.7878333330154419,134250
2,538,250,-97.78353118896484,-0.391134113073349,2.5560827255249023,0.7874374985694885,134500
2,539,250,-119.17288970947266,-0.4766915440559387,2.428510904312134,0.7870416641235352,134750
2,540,250,-175.69143676757812,-0.7027657628059387,2.331590175628662,0.7866458296775818,135000
2,541,250,-107.69023895263672,-0.4307609498500824,2.707505941390991,0.7862499952316284,135250
2,542,250,-186.74098205566406,-0.7469639182090759,2.595623254776001,0.785854160785675,135500
2,543,250,-99.15337371826172,-0.3966135084629059,2.489326238632202,0.7854583263397217,135750
2,544,250,-183.9439697265625,-0.735775887966156,2.4471418857574463,0.7850624918937683,136000
2,545,250,-90.53187561035156,-0.36212751269340515,2.7870569229125977,0.7846666574478149,136250
2,546,250,-139.91708374023438,-0.5596683621406555,2.636561393737793,0.7842708230018616,136500
2,547,250,-53.86582565307617,-0.2154632955789566,2.530102252960205,0.7838749885559082,136750
2,548,250,-118.51487731933594,-0.474059522151947,2.523137092590332,0.7834791541099548,137000
2,549,250,-54.97542953491211,-0.21990171074867249,2.8366873264312744,0.7830833196640015,137250
2,550,250,-162.4678955078125,-0.6498715877532959,2.697201728820801,0.7826874852180481,137500
2,551,250,-177.5348663330078,-0.7101394534111023,2.566570997238159,0.7822916507720947,137750
2,552,250,-100.6512680053711,-0.4026050865650177,2.5021519660949707,0.7818958163261414,138000
2,553,250,-164.25999450683594,-0.657039999961853,2.843285083770752,0.781499981880188,138250
2,554,250,-69.71725463867188,-0.27886903285980225,2.526782512664795,0.7811041474342346,138500
2,555,250,-18.581802368164062,-0.07432720810174942,2.507354497909546,0.7807083129882812,138750
2,556,250,-194.5945587158203,-0.7783782482147217,2.48580002784729,0.7803124785423279,139000
2,557,250,-302.0709533691406,-1.20828378200531,2.7770838737487793,0.7799166440963745,139250
2,558,250,-188.45480346679688,-0.7538192272186279,2.6084723472595215,0.7795208692550659,139500
2,559,250,-266.6554870605469,-1.0666218996047974,2.512566089630127,0.7791249752044678,139750
2,560,250,-105.64832305908203,-0.42259329557418823,2.4244847297668457,0.7787292003631592,140000
2,561,250,-76.8201675415039,-0.30728065967559814,2.8199644088745117,0.778333306312561,140250
2,562,250,-128.5131378173828,-0.5140525698661804,2.560614824295044,0.7779375314712524,140500
2,563,250,-131.0446014404297,-0.5241783857345581,2.4851531982421875,0.7775416374206543,140750
2,564,250,-99.4581527709961,-0.39783260226249695,2.3509633541107178,0.7771458625793457,141000
2,565,250,-178.09373474121094,-0.7123749256134033,2.8857414722442627,0.7767499685287476,141250
2,566,250,-142.5455322265625,-0.5701821446418762,2.6802921295166016,0.776354193687439,141500
2,567,250,-65.7025146484375,-0.2628100514411926,2.651376485824585,0.7759583592414856,141750
2,568,250,-253.99261474609375,-1.0159704685211182,2.4989163875579834,0.7755625247955322,142000
2,569,250,-85.80068969726562,-0.34320276975631714,2.9139456748962402,0.7751666903495789,142250
2,570,250,-189.41224670410156,-0.7576490044593811,2.7544825077056885,0.7747708559036255,142500
2,571,250,-211.77955627441406,-0.8471181988716125,2.5586977005004883,0.7743750214576721,142750
2,572,250,-39.01370620727539,-0.15605482459068298,2.471853017807007,0.7739791870117188,143000
2,573,250,-197.02630615234375,-0.7881052494049072,2.951655626296997,0.7735833525657654,143250
2,574,250,-118.59717559814453,-0.4743886888027191,2.7268919944763184,0.773187518119812,143500
2,575,250,-55.619014739990234,-0.222476065158844,2.5740444660186768,0.7727916836738586,143750
2,576,250,28.225624084472656,0.11290249973535538,2.5529651641845703,0.7723958492279053,144000
2,577,250,-140.0154266357422,-0.5600616931915283,2.940354108810425,0.7720000147819519,144250
2,578,250,-169.08184814453125,-0.6763274073600769,2.7452690601348877,0.7716041803359985,144500
2,579,250,50.80841064453125,0.20323364436626434,2.6709351539611816,0.7712083458900452,144750
2,580,250,-96.46206665039062,-0.3858482539653778,2.6587278842926025,0.7708125114440918,145000
2,581,250,-131.22959899902344,-0.5249183773994446,3.161958932876587,0.7704166769981384,145250
2,582,250,-88.88934326171875,-0.355557382106781,2.843139171600342,0.7700208425521851,145500
2,583,250,-94.21551513671875,-0.3768620491027832,2.708097219467163,0.7696250081062317,145750
2,584,250,-178.0640869140625,-0.7122563719749451,2.5620408058166504,0.7692291736602783,146000
2,585,250,-101.38318634033203,-0.40553274750709534,3.085475206375122,0.768833339214325,146250
2,586,250,-126.26849365234375,-0.5050739645957947,2.7202959060668945,0.7684375047683716,146500
2,587,250,-226.33546447753906,-0.9053418636322021,2.579226016998291,0.7680416703224182,146750
2,588,250,-213.9644012451172,-0.8558576107025146,2.504020929336548,0.7676458358764648,147000
2,589,250,-311.025146484375,-1.244100570678711,3.0847136974334717,0.7672500014305115,147250
2,590,250,-126.96211242675781,-0.5078484416007996,2.697948694229126,0.7668541669845581,147500
2,591,250,-262.5879211425781,-1.0503517389297485,2.531802177429199,0.7664583325386047,147750
2,592,250,-117.98835754394531,-0.471953421831131,2.5002787113189697,0.7660624980926514,148000
2,593,250,-81.95555877685547,-0.3278222382068634,3.1391642093658447,0.765666663646698,148250
2,594,250,-190.61659240722656,-0.7624663710594177,2.7411322593688965,0.7652708292007446,148500
2,595,250,-177.64544677734375,-0.7105817794799805,2.665090560913086,0.7648749947547913,148750
2,596,250,-202.42127990722656,-0.8096851110458374,2.58674693107605,0.7644791603088379,149000
2,597,250,-92.70269012451172,-0.37081074714660645,3.3215978145599365,0.7640833258628845,149250
2,598,250,-121.07450103759766,-0.4842979907989502,2.9159088134765625,0.7636874914169312,149500
2,599,250,-57.26225662231445,-0.22904902696609497,2.7626914978027344,0.7632916569709778,149750
2,600,250,-113.16114807128906,-0.45264458656311035,2.762984275817871,0.7628958225250244,150000
2,601,250,-35.97152328491211,-0.14388608932495117,3.503164768218994,0.762499988079071,150250
2,602,250,-79.51899719238281,-0.3180759847164154,3.083113431930542,0.7621041536331177,150500
2,603,250,-251.32650756835938,-1.0053060054779053,2.867060899734497,0.7617083191871643,150750
2,604,250,-190.5306854248047,-0.7621227502822876,2.7938480377197266,0.7613124847412109,151000
2,605,250,-77.75462341308594,-0.3110184967517853,3.796576738357544,0.7609166502952576,151250
2,606,250,-70.27327728271484,-0.28109312057495117,3.2207562923431396,0.7605208158493042,151500
2,607,250,-194.45089721679688,-0.7778035998344421,3.1406376361846924,0.7601250410079956,151750
2,608,250,-121.72653198242188,-0.48690614104270935,3.1086063385009766,0.7597291469573975,152000
2,609,250,-123.20794677734375,-0.4928317964076996,3.8588507175445557,0.7593333721160889,152250
2,610,250,-182.18997192382812,-0.7287598848342896,3.5142018795013428,0.7589374780654907,152500
2,611,250,-43.32512664794922,-0.17330050468444824,3.3777682781219482,0.7585417032241821,152750
2,612,250,-82.61028289794922,-0.33044111728668213,3.2541394233703613,0.758145809173584,153000
2,613,250,-215.11488342285156,-0.8604595065116882,4.029377460479736,0.7577500343322754,153250
2,614,250,-173.5350799560547,-0.6941403150558472,3.4986119270324707,0.7573541402816772,153500
2,615,250,-93.97892761230469,-0.3759157061576843,3.492014169692993,0.7569583654403687,153750
2,616,250,-191.99795532226562,-0.767991840839386,3.3146822452545166,0.7565625309944153,154000
2,617,250,-229.81414794921875,-0.9192565679550171,4.277558326721191,0.7561666965484619,154250
2,618,250,-118.31615447998047,-0.4732646048069,3.899643898010254,0.7557708621025085,154500
2,619,250,-234.07586669921875,-0.9363034963607788,3.7861788272857666,0.7553750276565552,154750
2,620,250,-105.3910903930664,-0.42156437039375305,3.5898122787475586,0.7549791932106018,155000
2,621,250,-243.24574279785156,-0.9729829430580139,4.386965751647949,0.7545833587646484,155250
2,622,250,-239.79966735839844,-0.9591986536979675,4.002918720245361,0.7541875243186951,155500
2,623,250,-251.1411590576172,-1.004564642906189,3.727621078491211,0.7537916898727417,155750
2,624,250,-21.034799575805664,-0.08413919806480408,3.6140682697296143,0.7533958554267883,156000
2,625,250,-140.9507293701172,-0.5638028979301453,4.30132532119751,0.753000020980835,156250
2,626,250,-43.34584426879883,-0.17338337004184723,4.165864944458008,0.7526041865348816,156500
2,627,250,-194.12449645996094,-0.7764979600906372,3.883335828781128,0.7522083520889282,156750
2,628,250,-20.894187927246094,-0.0835767537355423,3.6821062564849854,0.7518125176429749,157000
2,629,250,-47.25064468383789,-0.18900257349014282,4.486277103424072,0.7514166831970215,157250
2,630,250,-89.67286682128906,-0.3586914539337158,4.331192970275879,0.7510208487510681,157500
2,631,250,-67.7267837524414,-0.27090713381767273,3.9990761280059814,0.7506250143051147,157750
2,632,250,-245.61351013183594,-0.9824540615081787,3.8507556915283203,0.7502291798591614,158000
2,633,250,-224.13992309570312,-0.8965597152709961,4.613706111907959,0.749833345413208,158250
2,634,250,-362.2980651855469,-1.4491922855377197,4.162840843200684,0.7494375109672546,158500
2,635,250,-144.75445556640625,-0.5790178179740906,3.999861717224121,0.7490416765213013,158750
2,636,250,18.502214431762695,0.07400885969400406,3.941657304763794,0.7486458420753479,159000
2,637,250,-64.57242584228516,-0.2582896947860718,4.630336761474609,0.7482500076293945,159250
2,638,250,-200.03140258789062,-0.8001255989074707,4.136546611785889,0.7478541731834412,159500
2,639,250,-225.7575225830078,-0.9030300974845886,4.160464286804199,0.7474583387374878,159750
2,640,250,43.469322204589844,0.1738772839307785,3.9382576942443848,0.7470625042915344,160000
2,641,250,-143.2664031982422,-0.5730656385421753,4.488237380981445,0.746666669845581,160250
2,642,250,-210.6467742919922,-0.8425871133804321,4.196185111999512,0.7462708353996277,160500
2,643,250,-182.93313598632812,-0.7317325472831726,4.086194038391113,0.7458750009536743,160750
2,644,250,-124.06112670898438,-0.49624451994895935,3.9524850845336914,0.745479166507721,161000
2,645,250,-48.911441802978516,-0.1956457644701004,4.461982727050781,0.7450833320617676,161250
2,646,250,-251.55677795410156,-1.0062271356582642,4.234812259674072,0.7446874976158142,161500
2,647,250,-199.50039672851562,-0.7980015873908997,4.065148830413818,0.7442916631698608,161750
2,648,250,-181.6133270263672,-0.7264533042907715,3.849067211151123,0.7438958287239075,162000
2,649,250,-265.20880126953125,-1.0608352422714233,4.463525772094727,0.7434999942779541,162250
2,650,250,-188.11900329589844,-0.7524760365486145,4.142436504364014,0.7431041598320007,162500
2,651,250,-133.50592041015625,-0.5340237021446228,3.972407102584839,0.7427083253860474,162750
2,652,250,-272.95526123046875,-1.0918210744857788,3.8759472370147705,0.742312490940094,163000
2,653,250,-174.01223754882812,-0.6960489749908447,4.610003471374512,0.7419166564941406,163250
2,654,250,-189.75637817382812,-0.759025514125824,4.145285606384277,0.7415208220481873,163500
2,655,250,-31.112638473510742,-0.12445055693387985,4.030832290649414,0.7411249876022339,163750
2,656,250,-135.8224334716797,-0.5432897210121155,3.9971306324005127,0.7407291531562805,164000
2,657,250,-114.51773071289062,-0.45807093381881714,4.518333435058594,0.7403333187103271,164250
2,658,250,-198.90817260742188,-0.7956327199935913,4.085247039794922,0.7399374842643738,164500
2,659,250,-150.09869384765625,-0.6003947854042053,4.04990816116333,0.7395416498184204,164750
2,660,250,-85.42586517333984,-0.34170347452163696,4.101080417633057,0.7391458749771118,165000
2,661,250,-35.35041046142578,-0.14140164852142334,4.701619625091553,0.7387499809265137,165250
2,662,250,-32.00522994995117,-0.12802091240882874,4.403407096862793,0.7383542060852051,165500
2,663,250,-105.6522445678711,-0.42260897159576416,4.060122966766357,0.7379583120346069,165750
2,664,250,-79.60029602050781,-0.31840118765830994,4.023244380950928,0.7375625371932983,166000
2,665,250,-120.30317687988281,-0.48121270537376404,4.770071506500244,0.7371666431427002,166250
2,666,250,-88.9162826538086,-0.3556651175022125,4.374513626098633,0.7367708683013916,166500
2,667,250,-28.04522705078125,-0.1121809110045433,4.28768253326416,0.7363749742507935,166750
2,668,250,-125.23639678955078,-0.5009455680847168,4.112478256225586,0.7359791994094849,167000
2,669,250,55.923824310302734,0.2236952930688858,4.850537300109863,0.7355833053588867,167250
2,670,250,-122.31654357910156,-0.48926618695259094,4.472092151641846,0.7351875305175781,167500
2,671,250,-83.4950180053711,-0.33398008346557617,4.2754316329956055,0.73479163646698,167750
2,672,250,31.255020141601562,0.1250200867652893,4.258795261383057,0.7343958616256714,168000
2,673,250,-1.807157039642334,-0.007228628266602755,4.990384578704834,0.7339999675750732,168250
2,674,250,-118.03471374511719,-0.4721388518810272,4.659101963043213,0.7336041927337646,168500
2,675,250,-157.0720672607422,-0.6282882690429688,4.348975658416748,0.7332082986831665,168750
2,676,250,-16.919952392578125,-0.06767980754375458,4.3685503005981445,0.7328125238418579,169000
2,677,250,-45.95867919921875,-0.1838347166776657,4.914349555969238,0.7324166297912598,169250
2,678,250,-95.59796905517578,-0.38239187002182007,4.510331630706787,0.7320208549499512,169500
2,679,250,-48.068729400634766,-0.19227491319179535,4.423062324523926,0.731624960899353,169750
2,680,250,-100.0120620727539,-0.40004825592041016,4.1577863693237305,0.7312291860580444,170000
2,681,250,-0.16370880603790283,-0.0006548351957462728,4.983926296234131,0.7308333516120911,170250
2,682,250,-143.70021057128906,-0.5748008489608765,4.604830265045166,0.7304375171661377,170500
2,683,250,-99.06257629394531,-0.39625030755996704,4.485950469970703,0.7300416827201843,170750
2,684,250,-114.70643615722656,-0.4588257372379303,4.259716987609863,0.729645848274231,171000
2,685,250,-108.46135711669922,-0.4338454306125641,4.987224578857422,0.7292500138282776,171250
2,686,250,-65.15625,-0.2606250047683716,4.734966278076172,0.7288541793823242,171500
2,687,250,-50.06824493408203,-0.20027297735214233,4.469752311706543,0.7284583449363708,171750
2,688,250,-29.42991828918457,-0.11771967262029648,4.332520484924316,0.7280625104904175,172000
2,689,250,-85.1880874633789,-0.34075236320495605,5.005043029785156,0.7276666760444641,172250
2,690,250,-118.7213134765625,-0.4748852550983429,4.798831939697266,0.7272708415985107,172500
2,691,250,-192.0391845703125,-0.7681567668914795,4.415319442749023,0.7268750071525574,172750
2,692,250,-203.71615600585938,-0.8148646354675293,4.360341548919678,0.726479172706604,173000
2,693,250,-143.29713439941406,-0.5731885433197021,4.935657024383545,0.7260833382606506,173250
2,694,250,-13.933135032653809,-0.05573254078626633,4.602767467498779,0.7256875038146973,173500
2,695,250,-76.56477355957031,-0.3062590956687927,4.400180339813232,0.7252916693687439,173750
2,696,250,-142.67681884765625,-0.5707072615623474,4.26395320892334,0.7248958349227905,174000
2,697,250,-100.76918029785156,-0.403076708316803,4.794853210449219,0.7245000004768372,174250
2,698,250,-180.4827880859375,-0.7219311594963074,4.391656875610352,0.7241041660308838,174500
2,699,250,-49.154815673828125,-0.19661925733089447,4.270262718200684,0.7237083315849304,174750
2,700,250,-57.38600158691406,-0.2295440137386322,4.058469772338867,0.723312497138977,175000
2,701,250,-132.4256134033203,-0.5297024250030518,4.619448661804199,0.7229167222976685,175250
2,702,250,-88.39168548583984,-0.3535667359828949,4.255478382110596,0.7225208282470703,175500
2,703,250,-110.83533477783203,-0.44334134459495544,4.3067545890808105,0.7221250534057617,175750
2,704,250,-164.15386962890625,-0.6566154956817627,4.1314778327941895,0.7217291593551636,176000
2,705,250,-93.17532348632812,-0.3727012872695923,4.557003498077393,0.721333384513855,176250
2,706,250,87.947998046875,0.35179197788238525,4.232083320617676,0.7209374904632568,176500
2,707,250,-130.30734252929688,-0.5212293863296509,4.136974334716797,0.7205417156219482,176750
2,708,250,-117.47886657714844,-0.4699154794216156,3.966020107269287,0.7201458215713501,177000
2,709,250,-103.11900329589844,-0.4124760031700134,4.4502153396606445,0.7197500467300415,177250
2,710,250,-192.18740844726562,-0.7687496542930603,4.388001441955566,0.7193541526794434,177500
2,711,250,-192.00511169433594,-0.7680204510688782,4.0756940841674805,0.7189583778381348,177750
2,712,250,-84.48819732666016,-0.33795279264450073,3.9880576133728027,0.7185624837875366,178000
2,713,250,-107.85391998291016,-0.4314156770706177,4.5257248878479,0.718166708946228,178250
2,714,250,-168.14845275878906,-0.6725938320159912,4.09343957901001,0.7177708148956299,178500
2,715,250,-37.69153594970703,-0.15076614916324615,3.995905637741089,0.7173749804496765,178750
2,716,250,-252.30003356933594,-1.009200096130371,3.873900890350342,0.7169791460037231,179000
2,717,250,-138.3053436279297,-0.5532213449478149,4.478146553039551,0.7165833115577698,179250
2,718,250,-132.44349670410156,-0.529774010181427,4.134295463562012,0.7161874771118164,179500
2,719,250,-123.76836395263672,-0.49507346749305725,3.9760560989379883,0.7157917022705078,179750
2,720,250,-83.32958221435547,-0.3333183228969574,3.7434020042419434,0.7153958082199097,180000
2,721,250,-69.7937240600586,-0.27917489409446716,4.372544288635254,0.7150000333786011,180250
2,722,250,-125.12604522705078,-0.500504195690155,4.020938873291016,0.7146041393280029,180500
2,723,250,-11.064435958862305,-0.044257745146751404,3.8001601696014404,0.7142083644866943,180750
2,724,250,-86.9473648071289,-0.347789466381073,3.7062509059906006,0.7138124704360962,181000
2,725,250,-102.03851318359375,-0.40815404057502747,4.301141262054443,0.7134166955947876,181250
2,726,250,-160.9537811279297,-0.6438151001930237,3.925748348236084,0.7130208015441895,181500
2,727,250,-129.47021484375,-0.5178808569908142,3.6971049308776855,0.7126250267028809,181750
2,728,250,-156.45896911621094,-0.6258358955383301,3.577141523361206,0.7122291326522827,182000
2,729,250,-159.45606994628906,-0.637824296951294,4.21622371673584,0.7118333578109741,182250
2,730,250,-102.45555877685547,-0.4098222255706787,3.805074691772461,0.711437463760376,182500
2,731,250,-159.28492736816406,-0.6371397376060486,3.6293952465057373,0.7110416889190674,182750
2,732,250,-184.1389923095703,-0.7365559935569763,3.653698205947876,0.7106457948684692,183000
2,733,250,-226.39199829101562,-0.90556800365448,4.24943208694458,0.7102500200271606,183250
2,734,250,-152.8548126220703,-0.6114192605018616,3.7457497119903564,0.7098541259765625,183500
2,735,250,-179.27853393554688,-0.7171141505241394,3.6932156085968018,0.7094583511352539,183750
2,736,250,-119.8793716430664,-0.47951748967170715,3.6662838459014893,0.7090624570846558,184000
2,737,250,-113.65544891357422,-0.4546217918395996,4.218076705932617,0.7086666822433472,184250
2,738,250,-160.85377502441406,-0.643415093421936,3.7623801231384277,0.708270788192749,184500
2,739,250,-153.76832580566406,-0.6150733232498169,3.713120460510254,0.7078750133514404,184750
2,740,250,-72.37845611572266,-0.28951382637023926,3.5578150749206543,0.7074791789054871,185000
2,741,250,-246.20138549804688,-0.9848055243492126,4.3198723793029785,0.7070833444595337,185250
2,742,250,-36.811187744140625,-0.14724475145339966,3.709902048110962,0.7066875100135803,185500
2,743,250,-154.98699951171875,-0.6199479699134827,3.65041446685791,0.706291675567627,185750
2,744,250,-70.7702407836914,-0.28308096528053284,3.560319423675537,0.7058958411216736,186000
2,745,250,-0.27143001556396484,-0.0010857200250029564,4.664695739746094,0.7055000066757202,186250
2,746,250,-101.88031768798828,-0.4075212776660919,3.779170036315918,0.7051041722297668,186500
2,747,250,-240.50230407714844,-0.9620091915130615,3.728330135345459,0.7047083377838135,186750
2,748,250,-94.7229232788086,-0.3788917064666748,3.5569090843200684,0.7043125033378601,187000
2,749,250,-174.16696166992188,-0.6966678500175476,4.613245010375977,0.7039166688919067,187250
2,750,250,-168.6854705810547,-0.6747418642044067,3.9188151359558105,0.7035208344459534,187500
2,751,250,-69.50059509277344,-0.27800238132476807,3.6444315910339355,0.703125,187750
2,752,250,-168.0162811279297,-0.6720651388168335,3.5868849754333496,0.7027291655540466,188000
2,753,250,-152.41737365722656,-0.6096695065498352,4.793700218200684,0.7023333311080933,188250
2,754,250,-50.60889434814453,-0.20243558287620544,3.9572978019714355,0.7019374966621399,188500
2,755,250,-169.00454711914062,-0.6760181784629822,3.7299063205718994,0.7015416622161865,188750
2,756,250,-59.326873779296875,-0.23730748891830444,3.664532423019409,0.7011458277702332,189000
2,757,250,-128.31224060058594,-0.5132489800453186,4.974089622497559,0.7007499933242798,189250
2,758,250,-82.55978393554688,-0.3302391469478607,4.113400936126709,0.7003541588783264,189500
2,759,250,-94.91250610351562,-0.3796500265598297,3.9253368377685547,0.699958324432373,189750
2,760,250,-84.51905822753906,-0.33807623386383057,3.895066261291504,0.6995625495910645,190000
2,761,250,-24.452312469482422,-0.09780924767255783,4.9844183921813965,0.6991666555404663,190250
2,762,250,10.455568313598633,0.041822273284196854,4.309413433074951,0.6987708806991577,190500
2,763,250,-81.2812271118164,-0.32512491941452026,4.253928184509277,0.6983749866485596,190750
2,764,250,-12.431095123291016,-0.049724381417036057,4.070278644561768,0.697979211807251,191000
2,765,250,-51.384246826171875,-0.20553699135780334,5.13424825668335,0.6975833177566528,191250
2,766,250,-96.09581756591797,-0.38438326120376587,4.625497341156006,0.6971875429153442,191500
2,767,250,-266.73846435546875,-1.0669538974761963,4.372385501861572,0.6967916488647461,191750
2,768,250,-122.15431213378906,-0.4886172413825989,4.280179977416992,0.6963958740234375,192000
2,769,250,-68.83258056640625,-0.2753303349018097,5.355732440948486,0.6959999799728394,192250
2,770,250,-111.27764892578125,-0.44511058926582336,4.657382488250732,0.6956042051315308,192500
2,771,250,-75.1673812866211,-0.30066952109336853,4.642215251922607,0.6952083110809326,192750
2,772,250,-148.1731719970703,-0.5926926732063293,4.489717483520508,0.694812536239624,193000
2,773,250,28.925609588623047,0.11570243537425995,5.522562026977539,0.6944166421890259,193250
2,774,250,-119.30791473388672,-0.4772316515445709,4.78562593460083,0.6940208673477173,193500
2,775,250,-127.06843566894531,-0.508273720741272,4.73166561126709,0.6936249732971191,193750
2,776,250,-70.87484741210938,-0.2834993898868561,4.752490520477295,0.6932291984558105,194000
2,777,250,-227.39434814453125,-0.9095773696899414,5.654567241668701,0.6928333044052124,194250
2,778,250,-44.43765640258789,-0.1777506321668625,5.0260467529296875,0.6924375295639038,194500
2,779,250,-117.97920989990234,-0.4719168543815613,4.824591636657715,0.6920416951179504,194750
2,780,250,-102.04060363769531,-0.4081624150276184,4.727316379547119,0.6916458606719971,195000
2,781,250,-129.5379180908203,-0.5181517004966736,5.833423614501953,0.6912500262260437,195250
2,782,250,-65.47002410888672,-0.261880099773407,5.30373477935791,0.6908541917800903,195500
2,783,250,-82.34529876708984,-0.32938119769096375,5.286154747009277,0.690458357334137,195750
2,784,250,-85.60994720458984,-0.34243980050086975,4.947521686553955,0.6900625228881836,196000
2,785,250,-136.4083709716797,-0.5456334948539734,5.831977844238281,0.6896666884422302,196250
2,786,250,-136.4821319580078,-0.5459285378456116,5.397414207458496,0.6892708539962769,196500
2,787,250,-156.5292205810547,-0.6261168718338013,5.289210796356201,0.6888750195503235,196750
2,788,250,-152.01953125,-0.608078122138977,4.891965389251709,0.6884791851043701,197000
2,789,250,-139.25486755371094,-0.5570194721221924,6.061828136444092,0.688083291053772,197250
2,790,250,-2.114013671875,-0.008456055074930191,5.4960551261901855,0.6876875162124634,197500
2,791,250,-85.19148254394531,-0.34076592326164246,5.296478271484375,0.6872916221618652,197750
2,792,250,-93.32068634033203,-0.3732827305793762,5.22052001953125,0.6868958473205566,198000
2,793,250,-145.23960876464844,-0.5809584259986877,5.874032974243164,0.6864999532699585,198250
2,794,250,-12.552127838134766,-0.05020851269364357,5.41760778427124,0.6861041784286499,198500
2,795,250,10.890863418579102,0.04356345534324646,5.344098091125488,0.6857082843780518,198750
2,796,250,-118.64772033691406,-0.47459086775779724,5.2924041748046875,0.6853125095367432,199000
2,797,250,-226.47161865234375,-0.9058864712715149,5.903894901275635,0.684916615486145,199250
2,798,250,-41.11561584472656,-0.16446246206760406,5.450270652770996,0.6845208406448364,199500
2,799,250,-93.37391662597656,-0.3734956681728363,5.286530494689941,0.6841250061988831,199750
2,800,250,-153.3849334716797,-0.6135397553443909,5.119222164154053,0.6837291717529297,200000
2,801,250,-89.85560607910156,-0.3594224154949188,5.86733341217041,0.6833333373069763,200250
2,802,250,-108.54635620117188,-0.4341854155063629,5.480048179626465,0.682937502861023,200500
2,803,250,-197.72259521484375,-0.7908903956413269,5.357027053833008,0.6825416684150696,200750
2,804,250,-21.07787322998047,-0.08431149274110794,5.210099697113037,0.6821458339691162,201000
2,805,250,-27.7726993560791,-0.11109079420566559,5.66346549987793,0.6817499995231628,201250
2,806,250,-132.74131774902344,-0.530965268611908,5.396740913391113,0.6813541650772095,201500
2,807,250,-20.433008193969727,-0.08173203468322754,5.323024272918701,0.6809583306312561,201750
2,808,250,-124.86386108398438,-0.49945545196533203,5.153711318969727,0.6805624961853027,202000
2,809,250,-191.2071533203125,-0.764828622341156,6.093153953552246,0.6801666617393494,202250
2,810,250,-141.87954711914062,-0.5675181746482849,5.413163185119629,0.679770827293396,202500
2,811,250,-22.756235122680664,-0.09102494269609451,5.4275407791137695,0.6793749928474426,202750
2,812,250,-106.32618713378906,-0.42530474066734314,5.280559062957764,0.6789791584014893,203000
2,813,250,-196.58544921875,-0.7863417863845825,6.240729808807373,0.6785833239555359,203250
2,814,250,-21.943628311157227,-0.08777451515197754,5.606998920440674,0.6781874895095825,203500
2,815,250,-71.98468780517578,-0.2879387438297272,5.640162944793701,0.6777916550636292,203750
2,816,250,-227.99717712402344,-0.9119887351989746,5.613765239715576,0.6773958206176758,204000
2,817,250,-137.525390625,-0.5501015782356262,6.358136177062988,0.6769999861717224,204250
2,818,250,5.564687728881836,0.022258751094341278,5.679566383361816,0.676604151725769,204500
2,819,250,-110.55314636230469,-0.4422125816345215,5.668846130371094,0.6762083768844604,204750
2,820,250,-80.77272033691406,-0.32309088110923767,5.505881309509277,0.6758124828338623,205000
2,821,250,-213.07659912109375,-0.8523064255714417,6.479874134063721,0.6754167079925537,205250
2,822,250,-17.5666446685791,-0.07026658207178116,5.930522918701172,0.6750208139419556,205500
2,823,250,-138.5355682373047,-0.5541422963142395,5.700311660766602,0.674625039100647,205750
2,824,250,-16.69554901123047,-0.06678219884634018,5.621496677398682,0.6742291450500488,206000
2,825,250,-146.3603515625,-0.5854414105415344,6.492074966430664,0.6738333702087402,206250
2,826,250,-36.773712158203125,-0.14709484577178955,5.908212661743164,0.6734374761581421,206500
2,827,250,-185.4786834716797,-0.7419147491455078,5.695167541503906,0.6730417013168335,206750
2,828,250,-253.66119384765625,-1.014644742012024,5.751802444458008,0.6726458072662354,207000
2,829,250,-93.73360443115234,-0.3749344050884247,6.400333404541016,0.6722500324249268,207250
2,830,250,-108.49342346191406,-0.4339736998081207,5.689793586730957,0.6718541383743286,207500
2,831,250,-62.48531723022461,-0.24994127452373505,5.77455997467041,0.67145836353302,207750
2,832,250,-130.9480743408203,-0.5237923264503479,5.557286739349365,0.6710624694824219,208000
2,833,250,-124.39351654052734,-0.4975740611553192,6.420698165893555,0.6706666946411133,208250
2,834,250,-156.25335693359375,-0.6250134110450745,5.807644367218018,0.6702708005905151,208500
2,835,250,-50.99003601074219,-0.20396015048027039,5.671494007110596,0.6698750257492065,208750
2,836,250,-120.22762298583984,-0.4809104800224304,5.380385875701904,0.6694791316986084,209000
2,837,250,-172.02305603027344,-0.6880922317504883,5.99297571182251,0.6690833568572998,209250
2,838,250,-43.12974548339844,-0.17251898348331451,5.556352615356445,0.6686875224113464,209500
2,839,250,-114.21920013427734,-0.45687681436538696,5.406857490539551,0.6682916879653931,209750
2,840,250,-38.156490325927734,-0.15262596309185028,5.51021146774292,0.6678958535194397,210000
2,841,250,-71.40773010253906,-0.2856309115886688,6.0189948081970215,0.6675000190734863,210250
2,842,250,-152.7634735107422,-0.6110538840293884,5.501351356506348,0.667104184627533,210500
2,843,250,-95.8048095703125,-0.38321924209594727,5.168208122253418,0.6667083501815796,210750
2,844,250,-57.984344482421875,-0.23193737864494324,5.0447611808776855,0.6663125157356262,211000
2,845,250,-76.74639892578125,-0.3069855868816376,5.514641761779785,0.6659166812896729,211250
2,846,250,-134.0257568359375,-0.5361030101776123,4.840360164642334,0.6655208468437195,211500
2,847,250,-128.09002685546875,-0.5123600959777832,4.815722465515137,0.6651250123977661,211750
2,848,250,-78.75690460205078,-0.3150276243686676,4.5983781814575195,0.6647291779518127,212000
2,849,250,-46.47245407104492,-0.1858898103237152,5.2432732582092285,0.6643333435058594,212250
2,850,250,-50.89457321166992,-0.20357829332351685,4.673583030700684,0.663937509059906,212500
2,851,250,44.40868377685547,0.17763473093509674,4.605118274688721,0.6635416746139526,212750
2,852,250,-46.45269775390625,-0.18581078946590424,4.467377185821533,0.6631458401679993,213000
2,853,250,-76.21726989746094,-0.3048690855503082,5.42723274230957,0.6627500057220459,213250
2,854,250,77.74031066894531,0.3109612464904785,4.760217666625977,0.6623541712760925,213500
2,855,250,-156.08460998535156,-0.6243384480476379,4.566085338592529,0.6619583368301392,213750
2,856,250,-100.88766479492188,-0.4035506546497345,4.58942174911499,0.6615625023841858,214000
2,857,250,-20.919252395629883,-0.0836770087480545,5.497189521789551,0.6611666679382324,214250
2,858,250,-61.7243766784668,-0.24689750373363495,4.815285682678223,0.6607708930969238,214500
2,859,250,-122.90880584716797,-0.4916352331638336,4.664993762969971,0.6603749990463257,214750
2,860,250,37.147518157958984,0.1485900729894638,4.546755790710449,0.6599792242050171,215000
2,861,250,-149.99688720703125,-0.5999875664710999,5.471796035766602,0.659583330154419,215250
2,862,250,-68.87600708007812,-0.2755040228366852,4.93825101852417,0.6591875553131104,215500
2,863,250,-127.06857299804688,-0.5082743167877197,4.618194580078125,0.6587916612625122,215750
2,864,250,-108.45721435546875,-0.43382886052131653,4.5268402099609375,0.6583958268165588,216000
2,865,250,-87.7154541015625,-0.3508618175983429,5.738269329071045,0.6579999923706055,216250
2,866,250,-101.84494018554688,-0.40737974643707275,5.226323127746582,0.6576041579246521,216500
2,867,250,24.510995864868164,0.09804398566484451,5.017794132232666,0.6572083234786987,216750
2,868,250,33.80009841918945,0.1352003961801529,4.675100803375244,0.6568124890327454,217000
2,869,250,-58.547481536865234,-0.2341899275779724,6.189798831939697,0.656416654586792,217250
2,870,250,-89.77957153320312,-0.3591182827949524,5.683917045593262,0.6560208201408386,217500
2,871,250,-162.6121368408203,-0.6504485607147217,5.280202865600586,0.6556249856948853,217750
2,872,250,40.149837493896484,0.16059935092926025,5.12375545501709,0.6552291512489319,218000
2,873,250,-102.34683227539062,-0.4093873202800751,6.277525901794434,0.6548333168029785,218250
2,874,250,-100.32250213623047,-0.40128999948501587,5.598620414733887,0.6544374823570251,218500
2,875,250,-54.54194259643555,-0.2181677669286728,5.578510761260986,0.6540416479110718,218750
2,876,250,-84.20389556884766,-0.33681559562683105,5.236705303192139,0.6536458134651184,219000
2,877,250,-2.749009132385254,-0.010996036231517792,6.46449089050293,0.653249979019165,219250
2,878,250,-65.29341888427734,-0.26117366552352905,5.832480430603027,0.6528542041778564,219500
2,879,250,-95.74687957763672,-0.38298752903938293,5.511058807373047,0.6524583101272583,219750
2,880,250,-131.37210083007812,-0.5254883766174316,5.169449806213379,0.6520625352859497,220000
2,881,250,-73.29753875732422,-0.2931901514530182,6.307023525238037,0.6516666412353516,220250
2,882,250,-23.208921432495117,-0.0928356871008873,5.6404619216918945,0.651270866394043,220500
2,883,250,10.267023086547852,0.04106809198856354,5.373775005340576,0.6508749723434448,220750
2,884,250,-48.89863967895508,-0.19559456408023834,5.2901177406311035,0.6504791975021362,221000
2,885,250,-81.3544692993164,-0.3254178762435913,6.175320148468018,0.6500833034515381,221250
2,886,250,-45.58127975463867,-0.18232512474060059,5.6580729484558105,0.6496875286102295,221500
2,887,250,-33.04740905761719,-0.13218963146209717,5.054686546325684,0.6492916345596313,221750
2,888,250,61.78828430175781,0.2471531331539154,4.961912155151367,0.6488958597183228,222000
2,889,250,-103.99916076660156,-0.41599664092063904,6.105828285217285,0.6484999656677246,222250
2,890,250,-109.68467712402344,-0.43873870372772217,5.409622669219971,0.648104190826416,222500
2,891,250,-67.86685943603516,-0.2714674472808838,5.04074764251709,0.6477082967758179,222750
2,892,250,-127.3349838256836,-0.5093399286270142,4.66512393951416,0.6473125219345093,223000
2,893,250,-68.12811279296875,-0.2725124657154083,5.843000411987305,0.6469166278839111,223250
2,894,250,7.017244815826416,0.02806897833943367,5.131998538970947,0.6465208530426025,223500
2,895,250,-83.75951385498047,-0.33503806591033936,4.7008957862854,0.6461249589920044,223750
2,896,250,-135.5275115966797,-0.542110025882721,4.627073287963867,0.6457291841506958,224000
2,897,250,-80.33573913574219,-0.32134294509887695,5.935119152069092,0.6453333497047424,224250
2,898,250,-149.65208435058594,-0.5986083149909973,5.047534465789795,0.6449375152587891,224500
2,899,250,-165.42514038085938,-0.6617005467414856,4.6825666427612305,0.6445416808128357,224750
2,900,250,-68.41597747802734,-0.2736639082431793,4.464783191680908,0.6441458463668823,225000
2,901,250,-65.07049560546875,-0.2602819800376892,5.872903347015381,0.643750011920929,225250
2,902,250,-123.26551818847656,-0.4930620789527893,5.218863010406494,0.6433541774749756,225500
2,903,250,-91.41968536376953,-0.36567872762680054,4.746543884277344,0.6429583430290222,225750
2,904,250,-151.78782653808594,-0.6071513295173645,4.441172122955322,0.6425625085830688,226000
2,905,250,-130.5974884033203,-0.5223899483680725,5.886523723602295,0.6421666741371155,226250
2,906,250,-98.39771270751953,-0.3935908377170563,5.177573204040527,0.6417708396911621,226500
2,907,250,-47.588356018066406,-0.1903534233570099,4.7293267250061035,0.6413750052452087,226750
2,908,250,-199.30908203125,-0.7972363233566284,4.60634183883667,0.6409791707992554,227000
2,909,250,-94.09556579589844,-0.3763822615146637,5.883878707885742,0.640583336353302,227250
2,910,250,-156.49728393554688,-0.6259891390800476,5.1033759117126465,0.6401875019073486,227500
2,911,250,-191.92282104492188,-0.7676912546157837,4.731138706207275,0.6397916674613953,227750
2,912,250,-118.62178039550781,-0.4744871258735657,4.483785629272461,0.6393958330154419,228000
2,913,250,-186.8513946533203,-0.7474055886268616,5.769673824310303,0.6389999985694885,228250
2,914,250,-131.55308532714844,-0.5262123346328735,5.034337520599365,0.6386041641235352,228500
2,915,250,-131.1566925048828,-0.5246267914772034,4.669837474822998,0.6382083296775818,228750
2,916,250,-42.057464599609375,-0.1682298630475998,4.409511566162109,0.6378124952316284,229000
2,917,250,-43.13721466064453,-0.17254886031150818,5.857739448547363,0.6374167203903198,229250
2,918,250,-75.43695068359375,-0.30174779891967773,4.841675758361816,0.6370208263397217,229500
2,919,250,-49.1920051574707,-0.19676801562309265,4.566672325134277,0.6366250514984131,229750
2,920,250,62.32022476196289,0.2492808997631073,4.329094409942627,0.6362291574478149,230000
2,921,250,-24.11069679260254,-0.09644278883934021,5.605823993682861,0.6358333826065063,230250
2,922,250,-105.040283203125,-0.4201611280441284,4.687327861785889,0.6354374885559082,230500
2,923,250,-90.95687866210938,-0.36382752656936646,4.21841287612915,0.6350417137145996,230750
2,924,250,-33.40616989135742,-0.13362467288970947,4.023669719696045,0.6346458196640015,231000
2,925,250,-54.70113754272461,-0.21880455315113068,5.636571884155273,0.6342500448226929,231250
2,926,250,-92.5223617553711,-0.37008944153785706,4.687687397003174,0.6338541507720947,231500
2,927,250,-40.52586364746094,-0.16210345923900604,4.253192901611328,0.6334583759307861,231750
2,928,250,-135.21554565429688,-0.5408622026443481,4.136291027069092,0.633062481880188,232000
2,929,250,-64.58719635009766,-0.2583487927913666,5.376815319061279,0.6326667070388794,232250
2,930,250,-76.53218841552734,-0.30612874031066895,4.418309688568115,0.6322708129882812,232500
2,931,250,-143.0406951904297,-0.5721628069877625,4.195224285125732,0.6318750381469727,232750
2,932,250,-80.2292709350586,-0.3209170699119568,4.1117048263549805,0.6314791440963745,233000
2,933,250,-52.00089645385742,-0.20800358057022095,5.112644672393799,0.6310833692550659,233250
2,934,250,-58.62448501586914,-0.23449793457984924,4.4462199211120605,0.6306874752044678,233500
2,935,250,-42.52641296386719,-0.17010565102100372,4.177822113037109,0.6302917003631592,233750
2,936,250,-138.00482177734375,-0.5520192980766296,4.116436004638672,0.6298958659172058,234000
2,937,250,-40.01407241821289,-0.16005629301071167,5.128652572631836,0.6295000314712524,234250
2,938,250,-24.452470779418945,-0.09780988097190857,4.350015163421631,0.6291041970252991,234500
2,939,250,-19.138376235961914,-0.07655350863933563,4.099130630493164,0.6287083625793457,234750
2,940,250,-38.25530242919922,-0.1530212163925171,3.959649085998535,0.6283124685287476,235000
2,941,250,-91.90686798095703,-0.36762747168540955,4.880586624145508,0.627916693687439,235250
2,942,250,-62.65849304199219,-0.25063398480415344,4.456707954406738,0.6275207996368408,235500
2,943,250,-68.80733489990234,-0.2752293348312378,4.132806777954102,0.6271250247955322,235750
2,944,250,-88.15281677246094,-0.3526112735271454,3.997795820236206,0.6267291307449341,236000
2,945,250,-49.713134765625,-0.1988525390625,5.105408668518066,0.6263333559036255,236250
2,946,250,-17.739233016967773,-0.07095693051815033,4.485247611999512,0.6259374618530273,236500
2,947,250,68.5625228881836,0.2742500901222229,4.221875190734863,0.6255416870117188,236750
2,948,250,-81.15801239013672,-0.32463204860687256,4.031251907348633,0.6251457929611206,237000
2,949,250,-131.95668029785156,-0.527826726436615,5.151113986968994,0.624750018119812,237250
2,950,250,9.83267593383789,0.039330702275037766,4.539988040924072,0.6243541240692139,237500
2,951,250,-155.3956756591797,-0.6215826869010925,4.345618724822998,0.6239583492279053,237750
2,952,250,-71.73967742919922,-0.2869587242603302,4.004200458526611,0.6235624551773071,238000
2,953,250,-126.92304992675781,-0.5076922178268433,5.377978801727295,0.6231666803359985,238250
2,954,250,-139.96507263183594,-0.5598602890968323,4.628115653991699,0.6227707862854004,238500
2,955,250,-73.27437591552734,-0.29309749603271484,4.44542932510376,0.6223750114440918,238750
2,956,250,-24.834308624267578,-0.09933723509311676,4.194586277008057,0.6219791769981384,239000
2,957,250,-91.83367919921875,-0.3673347234725952,5.058424472808838,0.6215833425521851,239250
2,958,250,9.379438400268555,0.03751775249838829,4.400585174560547,0.6211875081062317,239500
2,959,250,-172.23703002929688,-0.6889480948448181,4.170904636383057,0.6207916736602783,239750
2,960,250,28.9639892578125,0.11585595458745956,4.056638717651367,0.620395839214325,240000
2,961,250,-42.85111618041992,-0.17140446603298187,5.190938472747803,0.6200000047683716,240250
2,962,250,14.562118530273438,0.058248475193977356,4.524101734161377,0.6196041703224182,240500
2,963,250,-52.16765213012695,-0.20867060124874115,4.22410774230957,0.6192083358764648,240750
2,964,250,-46.915836334228516,-0.18766334652900696,3.9901092052459717,0.6188125014305115,241000
2,965,250,-52.66120147705078,-0.21064481139183044,5.023402690887451,0.6184166669845581,241250
2,966,250,28.93476104736328,0.11573904752731323,4.345149517059326,0.6180208325386047,241500
2,967,250,-45.03928756713867,-0.1801571547985077,4.133187770843506,0.6176249980926514,241750
2,968,250,-45.595008850097656,-0.18238003551959991,4.011265754699707,0.617229163646698,242000
2,969,250,32.07147216796875,0.12828588485717773,5.000848293304443,0.6168333292007446,242250
2,970,250,-77.06781005859375,-0.30827122926712036,4.313801288604736,0.6164374947547913,242500
2,971,250,-73.70426940917969,-0.29481709003448486,3.9005327224731445,0.6160416603088379,242750
2,972,250,-88.7833023071289,-0.35513320565223694,3.8167526721954346,0.6156458258628845,243000
2,973,250,-32.218875885009766,-0.1288755089044571,4.762725353240967,0.6152499914169312,243250
2,974,250,-13.790907859802246,-0.055163633078336716,4.046989440917969,0.6148541569709778,243500
2,975,250,-64.72895812988281,-0.25891584157943726,3.9148032665252686,0.6144583225250244,243750
2,976,250,-103.22205352783203,-0.41288822889328003,3.553250551223755,0.6140625476837158,244000
2,977,250,-78.41626739501953,-0.3136650621891022,4.86835241317749,0.6136666536331177,244250
2,978,250,-59.92510986328125,-0.23970043659210205,4.161620140075684,0.6132708787918091,244500
2,979,250,-99.11671447753906,-0.39646685123443604,3.9881441593170166,0.6128749847412109,244750
2,980,250,-83.53910827636719,-0.33415642380714417,3.7200186252593994,0.6124792098999023,245000
2,981,250,-125.82222747802734,-0.5032889246940613,4.8699541091918945,0.6120833158493042,245250
2,982,250,-38.5380859375,-0.15415234863758087,4.260667324066162,0.6116875410079956,245500
2,983,250,-60.56086730957031,-0.2422434687614441,3.9367597103118896,0.6112916469573975,245750
2,984,250,-25.822166442871094,-0.1032886654138565,3.71187424659729,0.6108958721160889,246000
2,985,250,-54.09208679199219,-0.21636834740638733,4.925123691558838,0.6104999780654907,246250
2,986,250,-86.29005432128906,-0.34516021609306335,4.264479637145996,0.6101042032241821,246500
2,987,250,-117.17669677734375,-0.46870678663253784,3.9835588932037354,0.609708309173584,246750
2,988,250,-133.6707305908203,-0.5346829295158386,3.8957083225250244,0.6093125343322754,247000
2,989,250,-73.26512908935547,-0.2930605113506317,5.070484638214111,0.6089166402816772,247250
2,990,250,-58.44998550415039,-0.23379994928836823,4.446765422821045,0.6085208654403687,247500
2,991,250,30.619630813598633,0.12247852236032486,4.319303512573242,0.6081249713897705,247750
2,992,250,-67.64093017578125,-0.2705637216567993,3.9540622234344482,0.6077291965484619,248000
2,993,250,-41.484825134277344,-0.1659393012523651,5.103098392486572,0.6073333024978638,248250
2,994,250,12.256611824035645,0.04902644827961922,4.536874294281006,0.6069375276565552,248500
2,995,250,-79.18484497070312,-0.31673938035964966,4.126407623291016,0.6065416932106018,248750
2,996,250,57.97146987915039,0.2318858802318573,3.912715435028076,0.6061458587646484,249000
2,997,250,178.67286682128906,0.7146914601325989,4.969449043273926,0.6057500243186951,249250
2,998,250,-146.05972290039062,-0.5842388868331909,4.324934005737305,0.6053541898727417,249500
2,999,250,-139.1538848876953,-0.5566155314445496,4.130526065826416,0.6049583554267883,249750
2,1000,250,-26.86432647705078,-0.10745730251073837,4.03146505355835,0.604562520980835,250000
2,1001,250,-169.90548706054688,-0.6796219348907471,4.96685266494751,0.6041666865348816,250250
2,1002,250,-5.330868721008301,-0.021323474124073982,4.254151344299316,0.6037708520889282,250500
2,1003,250,-163.85662841796875,-0.6554265022277832,3.907538890838623,0.6033750176429749,250750
2,1004,250,-202.74940490722656,-0.8109976053237915,3.7528955936431885,0.6029791831970215,251000
2,1005,250,-3.685602903366089,-0.014742411673069,4.813673973083496,0.6025833487510681,251250
2,1006,250,-138.14707946777344,-0.5525883436203003,4.1254987716674805,0.6021875143051147,251500
2,1007,250,-39.98666000366211,-0.15994663536548615,3.797128438949585,0.6017916798591614,251750
2,1008,250,-149.52023315429688,-0.5980809330940247,3.7042722702026367,0.601395845413208,252000
2,1009,250,-49.95291519165039,-0.1998116672039032,4.576412677764893,0.6010000109672546,252250
2,1010,250,-171.50047302246094,-0.6860018968582153,4.075439929962158,0.6006041765213013,252500
2,1011,250,-93.29320526123047,-0.3731728196144104,3.777454376220703,0.6002083420753479,252750
2,1012,250,-11.596558570861816,-0.0463862344622612,3.6163060665130615,0.5998125076293945,253000
2,1013,250,24.66970443725586,0.098678819835186,4.620811462402344,0.5994166731834412,253250
2,1014,250,-32.40361785888672,-0.1296144723892212,3.8075408935546875,0.5990208387374878,253500
2,1015,250,-82.37000274658203,-0.32948002219200134,3.608412981033325,0.5986250042915344,253750
2,1016,250,-52.39796829223633,-0.20959188044071198,3.393502712249756,0.598229169845581,254000
2,1017,250,-68.18800354003906,-0.2727520167827606,4.433811664581299,0.5978333353996277,254250
2,1018,250,-106.78211975097656,-0.42712849378585815,3.6746058464050293,0.5974375009536743,254500
2,1019,250,-58.650115966796875,-0.2346004694700241,3.49564266204834,0.597041666507721,254750
2,1020,250,-137.92918395996094,-0.5517167448997498,3.4250612258911133,0.5966458320617676,255000
2,1021,250,-100.93059539794922,-0.4037223756313324,4.431839466094971,0.5962499976158142,255250
2,1022,250,-109.6135482788086,-0.43845418095588684,3.7062017917633057,0.5958541631698608,255500
2,1023,250,-72.59185791015625,-0.2903674244880676,3.627495050430298,0.5954583287239075,255750
2,1024,250,-92.85823059082031,-0.37143293023109436,3.486344814300537,0.5950624942779541,256000
2,1025,250,-83.580078125,-0.3343203067779541,4.434793949127197,0.5946666598320007,256250
2,1026,250,-82.40328979492188,-0.3296131491661072,3.9222018718719482,0.5942708253860474,256500
2,1027,250,-58.07065963745117,-0.2322826385498047,3.6276957988739014,0.593874990940094,256750
2,1028,250,29.764888763427734,0.11905955523252487,3.4361677169799805,0.5934791564941406,257000
2,1029,250,-96.3118896484375,-0.3852475583553314,4.856539726257324,0.5930833220481873,257250
2,1030,250,-14.295844078063965,-0.05718337744474411,4.022010803222656,0.5926874876022339,257500
2,1031,250,32.35744094848633,0.12942975759506226,3.7742741107940674,0.5922916531562805,257750
2,1032,250,10.053739547729492,0.040214959532022476,3.598107099533081,0.5918958187103271,258000
2,1033,250,-28.483917236328125,-0.1139356717467308,5.056421756744385,0.5914999842643738,258250
2,1034,250,-57.168418884277344,-0.22867368161678314,4.355367183685303,0.5911041498184204,258500
2,1035,250,-68.52201843261719,-0.2740880846977234,4.0331501960754395,0.5907083749771118,258750
2,1036,250,-67.19141387939453,-0.2687656581401825,3.8447604179382324,0.5903124809265137,259000
2,1037,250,-51.04190444946289,-0.20416761934757233,5.086361408233643,0.5899167060852051,259250
2,1038,250,-77.63338470458984,-0.3105335533618927,4.599211692810059,0.5895208120346069,259500
2,1039,250,-15.552786827087402,-0.06221114844083786,4.216088771820068,0.5891250371932983,259750
2,1040,250,-34.9212760925293,-0.13968510925769806,4.197981357574463,0.5887291431427002,260000
2,1041,250,178.17852783203125,0.7127141356468201,5.138948440551758,0.5883333683013916,260250
2,1042,250,-58.37541961669922,-0.23350167274475098,4.575478553771973,0.5879374742507935,260500
2,1043,250,-59.12028503417969,-0.23648114502429962,4.385392665863037,0.5875416994094849,260750
2,1044,250,-17.439197540283203,-0.06975679099559784,4.07393741607666,0.5871458053588867,261000
2,1045,250,49.018375396728516,0.1960735023021698,5.046774387359619,0.5867500305175781,261250
2,1046,250,67.52217102050781,0.27008867263793945,4.54185152053833,0.58635413646698,261500
2,1047,250,29.81798553466797,0.11927194148302078,4.151939868927002,0.5859583616256714,261750
2,1048,250,51.595516204833984,0.20638206601142883,3.895148754119873,0.5855624675750732,262000
2,1049,250,-49.30888748168945,-0.19723555445671082,4.925943374633789,0.5851666927337646,262250
2,1050,250,2.871678113937378,0.011486712843179703,4.473019599914551,0.5847707986831665,262500
2,1051,250,-26.574514389038086,-0.1062980592250824,4.187384605407715,0.5843750238418579,262750
2,1052,250,-86.1489486694336,-0.3445957899093628,3.948469877243042,0.5839791297912598,263000
2,1053,250,-36.73870849609375,-0.14695483446121216,4.680306434631348,0.5835833549499512,263250
2,1054,250,-42.7215461730957,-0.17088618874549866,4.216648578643799,0.5831875205039978,263500
2,1055,250,-5.195131301879883,-0.020780526101589203,4.007913112640381,0.5827916860580444,263750
2,1056,250,31.59048080444336,0.1263619214296341,3.7970058917999268,0.5823958516120911,264000
2,1057,250,23.043624877929688,0.09217450022697449,4.457035541534424,0.5820000171661377,264250
2,1058,250,55.321590423583984,0.2212863564491272,4.142092704772949,0.5816041827201843,264500
2,1059,250,-182.8809814453125,-0.7315239310264587,3.838125467300415,0.581208348274231,264750
2,1060,250,105.49620819091797,0.42198482155799866,3.7284977436065674,0.5808125138282776,265000
2,1061,250,-25.151308059692383,-0.10060523450374603,4.422934532165527,0.5804166793823242,265250
2,1062,250,-5.735880374908447,-0.022943520918488503,4.005680561065674,0.5800208449363708,265500
2,1063,250,40.34819793701172,0.16139279305934906,3.807664632797241,0.5796250104904175,265750
2,1064,250,7.162331581115723,0.028649326413869858,3.6716063022613525,0.5792291760444641,266000
2,1065,250,128.25181579589844,0.5130072832107544,4.379011631011963,0.5788333415985107,266250
2,1066,250,-44.372169494628906,-0.17748868465423584,3.9098405838012695,0.5784375071525574,266500
2,1067,250,-32.172584533691406,-0.12869033217430115,3.719308376312256,0.578041672706604,266750
2,1068,250,247.5832061767578,0.990332841873169,3.5381503105163574,0.5776458382606506,267000
2,1069,250,32.972145080566406,0.13188858330249786,4.3171067237854,0.5772500038146973,267250
2,1070,250,24.19268035888672,0.09677071869373322,3.9016051292419434,0.5768541693687439,267500
2,1071,250,-14.847001075744629,-0.05938800424337387,3.7703044414520264,0.5764583349227905,267750
2,1072,250,-36.73154067993164,-0.1469261646270752,3.5541515350341797,0.5760625004768372,268000
2,1073,250,80.99919128417969,0.32399675250053406,4.295037269592285,0.5756666660308838,268250
2,1074,250,-61.7966423034668,-0.2471865713596344,3.945662260055542,0.5752708911895752,268500
2,1075,250,-66.69532012939453,-0.2667812705039978,3.8385744094848633,0.574874997138977,268750
2,1076,250,73.0904312133789,0.2923617362976074,3.7166450023651123,0.5744792222976685,269000
2,1077,250,-26.731136322021484,-0.10692454874515533,4.378824234008789,0.5740833282470703,269250
2,1078,250,2.432112216949463,0.0097284484654665,4.087357044219971,0.5736875534057617,269500
2,1079,250,-96.3982162475586,-0.38559287786483765,3.9363179206848145,0.5732916593551636,269750
2,1080,250,-20.689783096313477,-0.08275913447141647,3.9977874755859375,0.572895884513855,270000
2,1081,250,87.26490783691406,0.3490596413612366,4.643749237060547,0.5724999904632568,270250
2,1082,250,-23.88055419921875,-0.09552221745252609,4.162879467010498,0.5721042156219482,270500
2,1083,250,58.407596588134766,0.23363038897514343,4.016578197479248,0.5717083215713501,270750
2,1084,250,73.58161163330078,0.29432645440101624,3.9673454761505127,0.5713125467300415,271000
2,1085,250,275.40460205078125,1.1016184091567993,4.781335830688477,0.5709166526794434,271250
2,1086,250,-118.93199920654297,-0.47572800517082214,4.394304275512695,0.5705208778381348,271500
2,1087,250,121.51718139648438,0.4860687255859375,4.106504917144775,0.5701249837875366,271750
2,1088,250,-144.47642517089844,-0.5779057145118713,3.8821518421173096,0.569729208946228,272000
2,1089,250,-113.42469787597656,-0.4536987841129303,4.888373851776123,0.5693333148956299,272250
2,1090,250,-104.8811264038086,-0.41952449083328247,4.351047992706299,0.5689374804496765,272500
2,1091,250,-52.58451843261719,-0.2103380709886551,4.18651819229126,0.5685416460037231,272750
2,1092,250,-75.56126403808594,-0.30224505066871643,4.0943522453308105,0.5681458115577698,273000
2,1093,250,-187.0409393310547,-0.7481637597084045,4.921438217163086,0.5677499771118164,273250
2,1094,250,-3.870620012283325,-0.015482479706406593,4.435725212097168,0.5673542022705078,273500
2,1095,250,1.0412286520004272,0.004164914600551128,4.1558942794799805,0.5669583082199097,273750
2,1096,250,-77.57352447509766,-0.31029409170150757,3.973385810852051,0.5665625333786011,274000
2,1097,250,-16.932756423950195,-0.06773102283477783,4.940637588500977,0.5661666393280029,274250
2,1098,250,-1.3632211685180664,-0.005452884826809168,4.434198379516602,0.5657708644866943,274500
2,1099,250,-178.7772216796875,-0.7151088714599609,4.10825252532959,0.5653749704360962,274750
2,1100,250,-89.12359619140625,-0.35649439692497253,4.0174736976623535,0.5649791955947876,275000
2,1101,250,-5.277180194854736,-0.0211087204515934,4.730556964874268,0.5645833015441895,275250
2,1102,250,102.01172637939453,0.4080469012260437,4.125507354736328,0.5641875267028809,275500
2,1103,250,-57.15963363647461,-0.22863852977752686,3.8743233680725098,0.5637916326522827,275750
2,1104,250,-118.33956909179688,-0.47335827350616455,3.8198766708374023,0.5633958578109741,276000
2,1105,250,-3.2331323623657227,-0.012932529672980309,4.687259197235107,0.562999963760376,276250
2,1106,250,-158.32571411132812,-0.6333028674125671,4.125321388244629,0.5626041889190674,276500
2,1107,250,28.828655242919922,0.11531461775302887,3.8192663192749023,0.5622082948684692,276750
2,1108,250,-132.7135009765625,-0.5308539867401123,3.696316719055176,0.5618125200271606,277000
2,1109,250,32.35224151611328,0.12940897047519684,4.482149600982666,0.5614166259765625,277250
2,1110,250,10.9358491897583,0.043743398040533066,4.15976619720459,0.5610208511352539,277500
2,1111,250,27.831077575683594,0.11132431030273438,3.8271191120147705,0.5606249570846558,277750
2,1112,250,-134.5930633544922,-0.538372278213501,3.664595365524292,0.5602291822433472,278000
2,1113,250,-48.48196792602539,-0.19392786920070648,4.585256576538086,0.5598333477973938,278250
2,1114,250,-28.88766860961914,-0.11555067449808121,4.076595783233643,0.5594375133514404,278500
2,1115,250,-85.96696472167969,-0.34386786818504333,3.892893075942993,0.5590416789054871,278750
2,1116,250,-24.753299713134766,-0.09901320189237595,3.700953960418701,0.5586458444595337,279000
2,1117,250,8.890104293823242,0.03556041792035103,4.692574977874756,0.5582500100135803,279250
2,1118,250,89.16067504882812,0.3566426932811737,4.172678470611572,0.557854175567627,279500
2,1119,250,32.760257720947266,0.1310410350561142,4.0056633949279785,0.5574583411216736,279750
2,1120,250,-34.349727630615234,-0.13739891350269318,3.8439159393310547,0.5570625066757202,280000
2,1121,250,-77.13375091552734,-0.30853500962257385,4.69101095199585,0.5566666722297668,280250
2,1122,250,-9.405411720275879,-0.037621647119522095,4.245903491973877,0.5562708377838135,280500
2,1123,250,-53.99147033691406,-0.2159658819437027,3.9706058502197266,0.5558750033378601,280750
2,1124,250,141.53384399414062,0.5661353468894958,3.8507845401763916,0.5554791688919067,281000
2,1125,250,-108.9137954711914,-0.4356551766395569,4.766761302947998,0.5550833344459534,281250
2,1126,250,-96.54165649414062,-0.38616663217544556,4.342178821563721,0.5546875,281500
2,1127,250,28.2655029296875,0.11306200921535492,3.975648880004883,0.5542916655540466,281750
2,1128,250,6.2742133140563965,0.025096852332353592,3.7838690280914307,0.5538958311080933,282000
2,1129,250,28.575288772583008,0.1143011525273323,4.713841915130615,0.5534999966621399,282250
2,1130,250,85.02237701416016,0.34008949995040894,4.255213737487793,0.5531041622161865,282500
2,1131,250,-69.17528533935547,-0.2767011523246765,3.9456915855407715,0.5527083277702332,282750
2,1132,250,229.09889221191406,0.9163955450057983,3.812108278274536,0.5523124933242798,283000
2,1133,250,-75.2784652709961,-0.30111387372016907,4.456140518188477,0.5519167184829712,283250
2,1134,250,-21.51927947998047,-0.08607711642980576,4.148621559143066,0.551520824432373,283500
2,1135,250,2.9304418563842773,0.011721767485141754,3.8813962936401367,0.5511250495910645,283750
2,1136,250,-11.5953369140625,-0.04638134688138962,3.6117472648620605,0.5507291555404663,284000
2,1137,250,-141.972412109375,-0.5678896307945251,4.3945536613464355,0.5503333806991577,284250
2,1138,250,-174.47686767578125,-0.6979074478149414,3.9114527702331543,0.5499374866485596,284500
2,1139,250,-10.491972923278809,-0.04196789115667343,3.686065196990967,0.549541711807251,284750
2,1140,250,-54.728485107421875,-0.2189139425754547,3.568554401397705,0.5491458177566528,285000
2,1141,250,-149.04913330078125,-0.5961965322494507,4.485570430755615,0.5487500429153442,285250
2,1142,250,-96.0693588256836,-0.38427743315696716,3.9861679077148438,0.5483541488647461,285500
2,1143,250,-148.90631103515625,-0.5956252217292786,3.732513427734375,0.5479583740234375,285750
2,1144,250,24.370271682739258,0.09748108685016632,3.665231704711914,0.5475624799728394,286000
2,1145,250,207.07183837890625,0.8282873630523682,4.328444004058838,0.5471667051315308,286250
2,1146,250,-92.63651275634766,-0.37054604291915894,4.064580917358398,0.5467708110809326,286500
2,1147,250,-63.94611358642578,-0.25578445196151733,3.7539658546447754,0.546375036239624,286750
2,1148,250,16.423513412475586,0.06569405645132065,3.601543664932251,0.5459791421890259,287000
2,1149,250,122.69147491455078,0.49076589941978455,4.0903825759887695,0.5455833673477173,287250
2,1150,250,183.72805786132812,0.7349122166633606,3.8563392162323,0.5451874732971191,287500
2,1151,250,216.1906280517578,0.8647624850273132,3.564556360244751,0.5447916984558105,287750
2,1152,250,-10.948036193847656,-0.04379214346408844,3.5297253131866455,0.5443958044052124,288000
2,1153,250,128.0928192138672,0.512371301651001,4.12972354888916,0.5440000295639038,288250
2,1154,250,61.91584777832031,0.24766339361667633,3.8432974815368652,0.5436041951179504,288500
2,1155,250,-30.331737518310547,-0.12132695317268372,3.6256370544433594,0.5432083606719971,288750
2,1156,250,-5.836082458496094,-0.023344330489635468,3.402561902999878,0.5428125262260437,289000
2,1157,250,88.10023498535156,0.35240092873573303,4.086734294891357,0.5424166917800903,289250
2,1158,250,22.369609832763672,0.08947844058275223,3.870826005935669,0.542020857334137,289500
2,1159,250,92.29312133789062,0.36917248368263245,3.6984522342681885,0.5416250228881836,289750
2,1160,250,-38.25126266479492,-0.15300504863262177,3.5377259254455566,0.5412291884422302,290000
2,1161,250,91.18053436279297,0.3647221326828003,4.2024335861206055,0.5408333539962769,290250
2,1162,250,-6.3815226554870605,-0.02552609145641327,3.8640353679656982,0.5404375195503235,290500
2,1163,250,55.10567092895508,0.2204226851463318,3.717496633529663,0.5400416851043701,290750
2,1164,250,-24.89317512512207,-0.09957270324230194,3.6962389945983887,0.539645791053772,291000
2,1165,250,190.60391235351562,0.7624156475067139,4.021860599517822,0.5392500162124634,291250
2,1166,250,31.263816833496094,0.12505526840686798,3.88959002494812,0.5388541221618652,291500
2,1167,250,-50.41234588623047,-0.20164938271045685,3.702329158782959,0.5384583473205566,291750
2,1168,250,114.76618194580078,0.4590647220611572,3.6919143199920654,0.5380624532699585,292000
2,1169,250,51.88478088378906,0.2075391262769699,4.020464897155762,0.5376666784286499,292250
2,1170,250,134.4061737060547,0.537624716758728,3.7902157306671143,0.5372707843780518,292500
2,1171,250,-61.21234130859375,-0.24484936892986298,3.6784932613372803,0.5368750095367432,292750
2,1172,250,168.2798614501953,0.6731194257736206,3.5268609523773193,0.5364791750907898,293000
2,1173,250,-103.61331176757812,-0.4144532382488251,4.052367210388184,0.5360833406448364,293250
2,1174,250,-77.03363037109375,-0.308134526014328,3.8002231121063232,0.5356875061988831,293500
2,1175,250,-28.081085205078125,-0.11232434213161469,3.68662428855896,0.5352916717529297,293750
2,1176,250,-58.40174102783203,-0.2336069643497467,3.557236909866333,0.5348958373069763,294000
2,1177,250,-70.41255187988281,-0.28165021538734436,4.025336742401123,0.534500002861023,294250
2,1178,250,231.96095275878906,0.9278438091278076,3.7100484371185303,0.5341041684150696,294500
2,1179,250,60.54203414916992,0.2421681433916092,3.5333216190338135,0.5337083339691162,294750
2,1180,250,-32.48500442504883,-0.12994001805782318,3.4690773487091064,0.5333124995231628,295000
2,1181,250,-133.51580810546875,-0.5340632200241089,3.851426124572754,0.5329166650772095,295250
2,1182,250,94.73225402832031,0.3789290189743042,3.6824557781219482,0.5325208306312561,295500
2,1183,250,55.21900939941406,0.2208760380744934,3.505472421646118,0.5321249961853027,295750
2,1184,250,76.88549041748047,0.30754196643829346,3.3852221965789795,0.5317291617393494,296000
2,1185,250,94.82102966308594,0.3792841136455536,3.8134043216705322,0.531333327293396,296250
2,1186,250,63.91813278198242,0.25567254424095154,3.4811325073242188,0.5309374928474426,296500
2,1187,250,-165.86029052734375,-0.6634411811828613,3.299788475036621,0.5305416584014893,296750
2,1188,250,-87.20044708251953,-0.34880179166793823,3.3659608364105225,0.5301458239555359,297000
2,1189,250,-68.57093048095703,-0.2742837071418762,3.8197638988494873,0.5297499895095825,297250
2,1190,250,-85.74781036376953,-0.3429912328720093,3.5446040630340576,0.5293541550636292,297500
2,1191,250,35.65810012817383,0.142632395029068,3.382232904434204,0.5289583206176758,297750
2,1192,250,-13.82911205291748,-0.05531644821166992,3.3752379417419434,0.5285625457763672,298000
2,1193,250,208.88107299804688,0.835524320602417,3.645765542984009,0.528166651725769,298250
2,1194,250,-10.08435344696045,-0.04033741354942322,3.465874433517456,0.5277708768844604,298500
2,1195,250,153.77786254882812,0.6151114702224731,3.296208620071411,0.5273749828338623,298750
2,1196,250,40.3125114440918,0.161250039935112,3.1726536750793457,0.5269792079925537,299000
2,1197,250,-100.51393127441406,-0.4020557105541229,3.556185245513916,0.5265833139419556,299250
2,1198,250,-24.949203491210938,-0.09979681670665741,3.3868374824523926,0.526187539100647,299500
2,1199,250,-96.90223693847656,-0.38760894536972046,3.3576087951660156,0.5257916450500488,299750
2,1200,250,-38.6336784362793,-0.154534712433815,3.2763915061950684,0.5253958702087402,300000
2,1201,250,-73.10734558105469,-0.2924293875694275,3.604982376098633,0.5249999761581421,300250
2,1202,250,-14.79609203338623,-0.05918436869978905,3.5292675495147705,0.5246041417121887,300500
2,1203,250,-92.67869567871094,-0.37071478366851807,3.3451759815216064,0.5242083072662354,300750
2,1204,250,-16.586009979248047,-0.06634403765201569,3.3130314350128174,0.523812472820282,301000
2,1205,250,4.894070625305176,0.019576283171772957,3.568915843963623,0.5234166383743286,301250
2,1206,250,-66.50422668457031,-0.2660169005393982,3.402054786682129,0.5230208039283752,301500
2,1207,250,117.90829467773438,0.4716331660747528,3.2591733932495117,0.5226249694824219,301750
2,1208,250,39.582122802734375,0.15832848846912384,3.2015161514282227,0.5222291350364685,302000
2,1209,250,207.63558959960938,0.8305423855781555,3.374108076095581,0.5218333005905151,302250
2,1210,250,-16.406986236572266,-0.06562794744968414,3.2310361862182617,0.5214375257492065,302500
2,1211,250,0.6037036180496216,0.002414814429357648,3.1882834434509277,0.5210416913032532,302750
2,1212,250,74.57979583740234,0.2983191907405853,3.166860342025757,0.5206458568572998,303000
2,1213,250,-21.008373260498047,-0.08403349667787552,3.3487050533294678,0.5202500224113464,303250
2,1214,250,11.267902374267578,0.04507160931825638,3.1919572353363037,0.5198541879653931,303500
2,1215,250,57.00727081298828,0.22802908718585968,3.174933671951294,0.5194583535194397,303750
2,1216,250,37.85075378417969,0.15140300989151,3.0316240787506104,0.5190625190734863,304000
2,1217,250,-22.430456161499023,-0.08972182124853134,3.3947529792785645,0.518666684627533,304250
2,1218,250,9.427655220031738,0.03771062195301056,3.191607713699341,0.5182708501815796,304500
2,1219,250,140.70619201660156,0.5628247857093811,3.0432910919189453,0.5178750157356262,304750
2,1220,250,41.22469711303711,0.16489878296852112,2.9254283905029297,0.5174791812896729,305000
2,1221,250,-73.63813018798828,-0.2945525348186493,3.2819931507110596,0.5170833468437195,305250
2,1222,250,40.089725494384766,0.16035890579223633,3.131469249725342,0.5166875123977661,305500
2,1223,250,165.0211181640625,0.6600844860076904,3.0072195529937744,0.5162916779518127,305750
2,1224,250,-18.444433212280273,-0.07377773523330688,2.992403745651245,0.5158958435058594,306000
2,1225,250,-4.17763614654541,-0.016710544005036354,3.31877064704895,0.515500009059906,306250
2,1226,250,357.273681640625,1.429094672203064,3.1974477767944336,0.5151041746139526,306500
2,1227,250,-13.972589492797852,-0.05589035898447037,3.032170295715332,0.5147083401679993,306750
2,1228,250,96.66683197021484,0.3866673409938812,2.9491336345672607,0.5143125057220459,307000
2,1229,250,-67.90534973144531,-0.2716214060783386,3.4599037170410156,0.5139166712760925,307250
2,1230,250,-0.8887433409690857,-0.0035549732856452465,3.1262285709381104,0.5135208368301392,307500
2,1231,250,50.16836166381836,0.200673446059227,3.0500199794769287,0.5131250619888306,307750
2,1232,250,197.4765625,0.7899062633514404,2.9760684967041016,0.5127291679382324,308000
2,1233,250,78.497802734375,0.3139912188053131,3.371263027191162,0.5123333930969238,308250
2,1234,250,11.934687614440918,0.04773874953389168,3.132878065109253,0.5119374990463257,308500
2,1235,250,16.46100616455078,0.06584402173757553,3.0654046535491943,0.5115417242050171,308750
2,1236,250,42.557151794433594,0.17022860050201416,2.993987560272217,0.511145830154419,309000
2,1237,250,78.13887786865234,0.3125555217266083,3.3268158435821533,0.5107500553131104,309250
2,1238,250,49.25211715698242,0.19700847566127777,3.0084331035614014,0.5103541612625122,309500
2,1239,250,-0.8509182929992676,-0.003403673181310296,3.0233020782470703,0.5099583864212036,309750
2,1240,250,48.88700485229492,0.19554801285266876,2.988009452819824,0.5095624923706055,310000
2,1241,250,59.49102783203125,0.23796410858631134,3.417527437210083,0.5091667175292969,310250
2,1242,250,65.50770568847656,0.26203081011772156,3.184767007827759,0.5087708234786987,310500
2,1243,250,127.46257019042969,0.509850263595581,3.127662181854248,0.5083750486373901,310750
2,1244,250,12.897027969360352,0.051588110625743866,3.0074472427368164,0.507979154586792,311000
2,1245,250,49.6362419128418,0.1985449641942978,3.4565136432647705,0.5075833797454834,311250
2,1246,250,162.997314453125,0.6519892811775208,3.3105881214141846,0.5071874856948853,311500
2,1247,250,98.8522720336914,0.39540907740592957,3.1732492446899414,0.5067917108535767,311750
2,1248,250,84.23918151855469,0.3369567394256592,3.0390660762786865,0.5063958168029785,312000
2,1249,250,-19.508447647094727,-0.07803378999233246,3.6112301349639893,0.5060000419616699,312250
2,1250,250,59.83320999145508,0.23933283984661102,3.36974835395813,0.5056041479110718,312500
2,1251,250,47.23011016845703,0.18892043828964233,3.3751778602600098,0.5052083730697632,312750
2,1252,250,18.54129409790039,0.07416517287492752,3.2500157356262207,0.504812479019165,313000
2,1253,250,114.0337142944336,0.4561348557472229,3.532600164413452,0.5044167041778564,313250
2,1254,250,337.40264892578125,1.3496105670928955,3.435176134109497,0.5040208101272583,313500
2,1255,250,82.2325439453125,0.32893016934394836,3.382107734680176,0.5036250352859497,313750
2,1256,250,-16.483102798461914,-0.06593240797519684,3.335325002670288,0.5032291412353516,314000
2,1257,250,11.285052299499512,0.045140210539102554,3.6412222385406494,0.502833366394043,314250
2,1258,250,154.94290161132812,0.6197715997695923,3.6009230613708496,0.5024374723434448,314500
2,1259,250,2.1833558082580566,0.008733423426747322,3.4261634349823,0.5020416975021362,314750
2,1260,250,221.79269409179688,0.8871707916259766,3.4648702144622803,0.5016458034515381,315000
2,1261,250,98.85752868652344,0.3954301178455353,3.8513545989990234,0.5012500286102295,315250
2,1262,250,108.00041961669922,0.43200168013572693,3.4790053367614746,0.5008541345596313,315500
2,1263,250,-11.890214920043945,-0.047560859471559525,3.5697875022888184,0.5004583597183228,315750
2,1264,250,25.8278865814209,0.10331154614686966,3.340690851211548,0.5000624656677246,316000
2,1265,250,178.6384735107422,0.7145538926124573,3.6860010623931885,0.499666690826416,316250
2,1266,250,-25.949556350708008,-0.10379822552204132,3.536386489868164,0.49927085638046265,316500
2,1267,250,-5.692272663116455,-0.02276908978819847,3.347198009490967,0.4988750219345093,316750
2,1268,250,29.431583404541016,0.11772633343935013,3.351457118988037,0.4984791874885559,317000
2,1269,250,54.02396774291992,0.21609586477279663,3.4583098888397217,0.49808335304260254,317250
2,1270,250,84.96134948730469,0.3398453891277313,3.267366409301758,0.49768751859664917,317500
2,1271,250,220.07310485839844,0.8802924156188965,3.099926471710205,0.4972916841506958,317750
2,1272,250,43.86322784423828,0.17545291781425476,3.1043529510498047,0.49689584970474243,318000
2,1273,250,61.42144012451172,0.24568575620651245,3.5174272060394287,0.49650001525878906,318250
2,1274,250,-55.246646881103516,-0.22098658978939056,3.339911699295044,0.4961041808128357,318500
2,1275,250,149.87860107421875,0.5995144248008728,3.1649813652038574,0.4957083463668823,318750
2,1276,250,144.3147735595703,0.5772591233253479,3.2078495025634766,0.49531251192092896,319000
2,1277,250,83.92362213134766,0.33569449186325073,3.7311766147613525,0.4949166178703308,319250
2,1278,250,57.6988639831543,0.2307954579591751,3.5812981128692627,0.4945208430290222,319500
2,1279,250,6.061437606811523,0.024245750159025192,3.3967554569244385,0.49412500858306885,319750
2,1280,250,28.947587966918945,0.11579035222530365,3.396559476852417,0.4937291741371155,320000
2,1281,250,6.511200904846191,0.026044802740216255,4.050135135650635,0.4933333396911621,320250
2,1282,250,-7.905796527862549,-0.03162318468093872,3.823193073272705,0.49293750524520874,320500
2,1283,250,-115.10218048095703,-0.4604087173938751,3.759535074234009,0.49254167079925537,320750
2,1284,250,176.91488647460938,0.7076595425605774,3.67531418800354,0.492145836353302,321000
2,1285,250,-44.75877380371094,-0.17903509736061096,4.190749168395996,0.49175000190734863,321250
2,1286,250,62.68109893798828,0.2507244050502777,4.090344429016113,0.49135416746139526,321500
2,1287,250,-56.89067077636719,-0.22756268084049225,3.9899110794067383,0.4909583330154419,321750
2,1288,250,-13.276995658874512,-0.053107984364032745,3.889282703399658,0.4905624985694885,322000
2,1289,250,-21.00209617614746,-0.08400838822126389,4.42335319519043,0.49016666412353516,322250
2,1290,250,-30.743289947509766,-0.12297315895557404,4.212466239929199,0.4897708296775818,322500
2,1291,250,22.539052963256836,0.09015621244907379,4.118529796600342,0.4893749952316284,322750
2,1292,250,1.9983084201812744,0.007993233390152454,4.020014762878418,0.48897916078567505,323000
2,1293,250,120.34733581542969,0.4813893437385559,4.505369186401367,0.4885833263397217,323250
2,1294,250,67.30442810058594,0.26921769976615906,4.394208908081055,0.4881874918937683,323500
2,1295,250,-73.77267456054688,-0.2950907051563263,4.081409931182861,0.48779165744781494,323750
2,1296,250,-110.35484313964844,-0.4414193630218506,4.032430171966553,0.4873958230018616,324000
2,1297,250,266.4333190917969,1.0657333135604858,4.3969597816467285,0.4869999885559082,324250
2,1298,250,210.1542205810547,0.8406168818473816,4.251312255859375,0.48660415410995483,324500
2,1299,250,38.58637619018555,0.15434549748897552,4.007601261138916,0.48620831966400146,324750
2,1300,250,0.49945297837257385,0.0019978119526058435,3.7506699562072754,0.48581254482269287,325000
2,1301,250,163.66302490234375,0.6546521186828613,4.505999565124512,0.4854166507720947,325250
2,1302,250,-66.60118865966797,-0.26640474796295166,4.154615879058838,0.48502087593078613,325500
2,1303,250,214.5620880126953,0.8582483530044556,3.9528114795684814,0.484624981880188,325750
2,1304,250,-6.98840856552124,-0.027953634038567543,3.6793341636657715,0.4842292070388794,326000
2,1305,250,28.530136108398438,0.11412054300308228,4.245887756347656,0.48383331298828125,326250
2,1306,250,135.54244995117188,0.5421698093414307,3.8481388092041016,0.48343753814697266,326500
2,1307,250,69.17378234863281,0.2766951322555542,3.794231653213501,0.4830416440963745,326750
2,1308,250,-27.1121768951416,-0.10844870656728745,3.5800154209136963,0.4826458692550659,327000
2,1309,250,84.40994262695312,0.33763977885246277,4.235209941864014,0.4822499752044678,327250
2,1310,250,14.186617851257324,0.0567464716732502,3.7496254444122314,0.4818542003631592,327500
2,1311,250,-98.22010040283203,-0.3928804099559784,3.5426242351531982,0.48145830631256104,327750
2,1312,250,-63.8867073059082,-0.25554683804512024,3.424395799636841,0.48106253147125244,328000
2,1313,250,37.83000183105469,0.15132001042366028,3.992090940475464,0.4806666374206543,328250
2,1314,250,150.8139190673828,0.6032556891441345,3.6193621158599854,0.4802708625793457,328500
2,1315,250,53.52989959716797,0.21411959826946259,3.4870553016662598,0.47987496852874756,328750
2,1316,250,-92.39776611328125,-0.3695910573005676,3.334836006164551,0.47947919368743896,329000
2,1317,250,-29.428699493408203,-0.11771479994058609,3.8959081172943115,0.4790832996368408,329250
2,1318,250,1.3171687126159668,0.005268674809485674,3.4564828872680664,0.4786875247955322,329500
2,1319,250,360.31121826171875,1.4412448406219482,3.2169253826141357,0.47829169034957886,329750
2,1320,250,-3.5252912044525146,-0.014101164415478706,3.192376136779785,0.4778958559036255,330000
2,1321,250,-14.394851684570312,-0.057579405605793,3.7571418285369873,0.4775000214576721,330250
2,1322,250,76.06026458740234,0.3042410612106323,3.2235238552093506,0.47710418701171875,330500
2,1323,250,203.1988525390625,0.8127954006195068,3.158418893814087,0.4767083525657654,330750
2,1324,250,142.13023376464844,0.5685209631919861,3.066467523574829,0.476312518119812,331000
2,1325,250,6.604644298553467,0.026418577879667282,3.368614435195923,0.47591668367385864,331250
2,1326,250,-9.782649993896484,-0.039130598306655884,3.1033167839050293,0.4755208492279053,331500
2,1327,250,10.66952133178711,0.04267808422446251,2.9999899864196777,0.4751250147819519,331750
2,1328,250,-4.38652229309082,-0.017546089366078377,2.888967275619507,0.47472918033599854,332000
2,1329,250,202.987060546875,0.8119482398033142,3.453418254852295,0.47433334589004517,332250
2,1330,250,58.535614013671875,0.2341424524784088,3.150515556335449,0.4739375114440918,332500
2,1331,250,128.56866455078125,0.5142746567726135,2.9810352325439453,0.4735416769981384,332750
2,1332,250,201.4950408935547,0.8059801459312439,2.8711729049682617,0.47314584255218506,333000
2,1333,250,100.3917236328125,0.40156689286231995,3.6872828006744385,0.4727500081062317,333250
2,1334,250,-14.302948951721191,-0.05721179395914078,3.406271457672119,0.4723541736602783,333500
2,1335,250,24.84813117980957,0.09939252585172653,3.2319419384002686,0.47195833921432495,333750
2,1336,250,6.313694477081299,0.025254778563976288,3.2233550548553467,0.4715625047683716,334000
2,1337,250,345.8092346191406,1.3832368850708008,3.8468825817108154,0.4711666703224182,334250
2,1338,250,25.633625030517578,0.10253450274467468,3.5477957725524902,0.47077083587646484,334500
2,1339,250,110.2983627319336,0.44119346141815186,3.343125581741333,0.4703750014305115,334750
2,1340,250,146.9398956298828,0.5877595543861389,3.287536144256592,0.4699792265892029,335000
2,1341,250,41.47340393066406,0.16589361429214478,3.92738676071167,0.46958333253860474,335250
2,1342,250,180.47398376464844,0.7218959331512451,3.680307626724243,0.46918755769729614,335500
2,1343,250,-12.95484733581543,-0.05181938782334328,3.4966955184936523,0.468791663646698,335750
2,1344,250,-12.933839797973633,-0.05173536017537117,3.3827505111694336,0.4683958888053894,336000
2,1345,250,43.304443359375,0.1732177734375,3.682541608810425,0.46799999475479126,336250
2,1346,250,-89.47977447509766,-0.3579190969467163,3.437063217163086,0.46760421991348267,336500
2,1347,250,53.749515533447266,0.2149980664253235,3.211566209793091,0.4672083258628845,336750
2,1348,250,-12.174513816833496,-0.0486980564892292,3.2348339557647705,0.4668125510215759,337000
2,1349,250,59.52632141113281,0.23810528218746185,3.5727663040161133,0.4664166569709778,337250
2,1350,250,4.550315856933594,0.01820126362144947,3.4653923511505127,0.4660208821296692,337500
2,1351,250,63.313663482666016,0.25325465202331543,3.1867942810058594,0.46562498807907104,337750
2,1352,250,75.60482788085938,0.3024193048477173,3.2387146949768066,0.4652291536331177,338000
2,1353,250,213.39898681640625,0.8535959720611572,3.7433626651763916,0.4648333191871643,338250
2,1354,250,-27.919172286987305,-0.11167668551206589,3.5059099197387695,0.46443748474121094,338500
2,1355,250,168.1320037841797,0.6725280284881592,3.4126834869384766,0.46404165029525757,338750
2,1356,250,176.211669921875,0.7048466801643372,3.3561699390411377,0.4636458158493042,339000
2,1357,250,223.9155731201172,0.8956623077392578,3.6366665363311768,0.46324998140335083,339250
2,1358,250,104.83271026611328,0.4193308353424072,3.507967948913574,0.46285414695739746,339500
2,1359,250,128.5631103515625,0.5142524242401123,3.456692695617676,0.46245837211608887,339750
2,1360,250,75.00070190429688,0.3000028133392334,3.2676544189453125,0.4620624780654907,340000
2,1361,250,120.47997283935547,0.48191988468170166,3.662797212600708,0.46166670322418213,340250
2,1362,250,123.48300170898438,0.49393200874328613,3.571539878845215,0.461270809173584,340500
2,1363,250,-20.116575241088867,-0.08046630024909973,3.407353401184082,0.4608750343322754,340750
2,1364,250,132.33905029296875,0.5293561816215515,3.429360866546631,0.46047914028167725,341000
2,1365,250,182.02268981933594,0.728090763092041,3.813422203063965,0.46008336544036865,341250
2,1366,250,31.710058212280273,0.1268402338027954,3.648752212524414,0.4596874713897705,341500
2,1367,250,62.44679260253906,0.24978716671466827,3.530146837234497,0.4592916965484619,341750
2,1368,250,139.3092041015625,0.5572367906570435,3.4443657398223877,0.45889580249786377,342000
2,1369,250,72.5437240600586,0.2901749014854431,3.831604242324829,0.4585000276565552,342250
2,1370,250,97.5965805053711,0.39038631319999695,3.5357301235198975,0.45810413360595703,342500
2,1371,250,192.23646545410156,0.7689458727836609,3.4658100605010986,0.45770835876464844,342750
2,1372,250,136.3852081298828,0.5455408096313477,3.3734028339385986,0.4573124647140503,343000
2,1373,250,72.33685302734375,0.28934741020202637,3.772413492202759,0.4569166898727417,343250
2,1374,250,236.46896362304688,0.945875883102417,3.671729803085327,0.45652079582214355,343500
2,1375,250,5.020513534545898,0.020082054659724236,3.412135124206543,0.45612502098083496,343750
2,1376,250,81.1462631225586,0.32458505034446716,3.263538122177124,0.4557291269302368,344000
2,1377,250,163.70375061035156,0.6548150181770325,3.7392728328704834,0.4553333520889282,344250
2,1378,250,102.7193603515625,0.41087743639945984,3.5056164264678955,0.45493751764297485,344500
2,1379,250,-7.103026390075684,-0.02841210551559925,3.5179615020751953,0.4545416831970215,344750
2,1380,250,75.59358215332031,0.30237433314323425,3.1469337940216064,0.4541458487510681,345000
2,1381,250,4.449969291687012,0.017799876630306244,3.579362154006958,0.45375001430511475,345250
2,1382,250,124.73078918457031,0.4989231526851654,3.3228650093078613,0.4533541798591614,345500
2,1383,250,-0.46035027503967285,-0.0018414010992273688,3.2854056358337402,0.452958345413208,345750
2,1384,250,109.25373840332031,0.43701496720314026,3.023165702819824,0.45256251096725464,346000
2,1385,250,76.07205963134766,0.30428823828697205,3.5460753440856934,0.45216667652130127,346250
2,1386,250,-38.43428039550781,-0.1537371277809143,3.3622138500213623,0.4517708420753479,346500
2,1387,250,85.9917984008789,0.3439671993255615,3.3127293586730957,0.45137500762939453,346750
2,1388,250,119.54969024658203,0.478198766708374,3.0858168601989746,0.45097917318344116,347000
2,1389,250,203.9361114501953,0.8157444596290588,3.476348400115967,0.4505833387374878,347250
2,1390,250,170.49844360351562,0.6819937825202942,3.4304471015930176,0.4501875042915344,347500
2,1391,250,27.53990936279297,0.11015963554382324,3.3644254207611084,0.44979166984558105,347750
2,1392,250,202.38031005859375,0.8095212578773499,3.2662930488586426,0.4493958353996277,348000
2,1393,250,297.1679382324219,1.1886717081069946,3.5281615257263184,0.4490000009536743,348250
2,1394,250,-24.755346298217773,-0.09902138262987137,3.4285311698913574,0.44860416650772095,348500
2,1395,250,161.69943237304688,0.6467977166175842,3.228105306625366,0.4482083320617676,348750
2,1396,250,123.91541290283203,0.4956616461277008,3.259964942932129,0.4478124976158142,349000
2,1397,250,138.08212280273438,0.5523284673690796,3.467402458190918,0.44741666316986084,349250
2,1398,250,407.0358581542969,1.6281434297561646,3.348485231399536,0.44702082872390747,349500
2,1399,250,20.14191436767578,0.08056765794754028,3.3276357650756836,0.4466250538825989,349750
2,1400,250,0.31278759241104126,0.0012511503882706165,3.2264564037323,0.44622915983200073,350000
2,1401,250,71.80490112304688,0.2872196137905121,3.3344173431396484,0.44583338499069214,350250
2,1402,250,55.645912170410156,0.22258365154266357,3.350386381149292,0.445437490940094,350500
2,1403,250,-37.409690856933594,-0.14963875710964203,3.176926851272583,0.4450417160987854,350750
2,1404,250,-45.900665283203125,-0.18360266089439392,3.1987144947052,0.44464582204818726,351000
2,1405,250,27.560266494750977,0.11024106293916702,3.323606252670288,0.44425004720687866,351250
2,1406,250,-0.0695648193359375,-0.0002782592782750726,3.1812784671783447,0.4438541531562805,351500
2,1407,250,70.93182373046875,0.2837272882461548,3.1349010467529297,0.4434583783149719,351750
2,1408,250,-18.616199493408203,-0.07446479797363281,3.192209243774414,0.4430624842643738,352000
2,1409,250,17.6756591796875,0.07070263475179672,3.302546262741089,0.4426667094230652,352250
2,1410,250,-25.015756607055664,-0.1000630259513855,3.185580015182495,0.44227081537246704,352500
2,1411,250,128.8300018310547,0.5153200030326843,3.063727855682373,0.44187504053115845,352750
2,1412,250,-13.988595008850098,-0.055954381823539734,3.106523036956787,0.4414791464805603,353000
2,1413,250,-60.48330307006836,-0.241933211684227,3.3627967834472656,0.4410833716392517,353250
2,1414,250,77.91742706298828,0.3116697072982788,3.404383420944214,0.44068747758865356,353500
2,1415,250,125.14021301269531,0.5005608797073364,3.2630319595336914,0.44029170274734497,353750
2,1416,250,13.394950866699219,0.05357980355620384,3.1932339668273926,0.4398958086967468,354000
2,1417,250,31.291475296020508,0.1251658946275711,3.4231176376342773,0.43950003385543823,354250
2,1418,250,-11.41600227355957,-0.04566400870680809,3.29140043258667,0.43910419940948486,354500
2,1419,250,9.151802062988281,0.03660720959305763,3.256481409072876,0.4387083649635315,354750
2,1420,250,-11.024900436401367,-0.0440996028482914,3.231393337249756,0.4383125305175781,355000
2,1421,250,-21.425519943237305,-0.0857020765542984,3.413994789123535,0.43791669607162476,355250
2,1422,250,24.65266990661621,0.09861067682504654,3.2705130577087402,0.4375208616256714,355500
2,1423,250,-29.082223892211914,-0.1163288950920105,3.274168014526367,0.437125027179718,355750
2,1424,250,70.86478424072266,0.2834591269493103,3.1253082752227783,0.43672919273376465,356000
2,1425,250,-41.89152526855469,-0.16756610572338104,3.291114091873169,0.4363333582878113,356250
2,1426,250,-40.73666763305664,-0.1629466712474823,3.1952271461486816,0.4359375238418579,356500
2,1427,250,163.10191345214844,0.6524076461791992,3.193183183670044,0.43554162979125977,356750
2,1428,250,171.3134307861328,0.6852537393569946,3.016742467880249,0.43514585494995117,357000
2,1429,250,37.94685363769531,0.1517874151468277,3.1172263622283936,0.434749960899353,357250
2,1430,250,20.74066162109375,0.08296264708042145,3.0895471572875977,0.43435418605804443,357500
2,1431,250,21.53712272644043,0.08614849299192429,3.162278652191162,0.4339582920074463,357750
2,1432,250,164.3641357421875,0.6574565172195435,3.032888650894165,0.4335625171661377,358000
2,1433,250,199.2647705078125,0.7970590591430664,3.1659176349639893,0.43316662311553955,358250
2,1434,250,134.67173767089844,0.5386869311332703,3.036749839782715,0.43277084827423096,358500
2,1435,250,153.05877685546875,0.6122351288795471,3.002688407897949,0.4323749542236328,358750
2,1436,250,217.96456909179688,0.8718582987785339,3.0300002098083496,0.4319791793823242,359000
2,1437,250,97.53797912597656,0.3901519179344177,3.2189266681671143,0.43158334493637085,359250
2,1438,250,129.42315673828125,0.5176926255226135,3.1238210201263428,0.4311875104904175,359500
2,1439,250,3.054697036743164,0.012218788266181946,2.9721922874450684,0.4307916760444641,359750
2,1440,250,44.06700134277344,0.17626801133155823,2.9116647243499756,0.43039584159851074,360000
2,1441,250,33.19841003417969,0.1327936351299286,3.1604132652282715,0.4300000071525574,360250
2,1442,250,-29.665863037109375,-0.11866345256567001,3.066991090774536,0.429604172706604,360500
2,1443,250,42.01987075805664,0.16807948052883148,3.064761161804199,0.42920833826065063,360750
2,1444,250,40.63052749633789,0.1625221073627472,2.9344608783721924,0.42881250381469727,361000
2,1445,250,61.959903717041016,0.24783961474895477,3.175774574279785,0.4284166693687439,361250
2,1446,250,38.286128997802734,0.15314450860023499,3.1165895462036133,0.4280208349227905,361500
2,1447,250,60.25843811035156,0.24103374779224396,3.066838502883911,0.42762500047683716,361750
2,1448,250,43.194149017333984,0.17277659475803375,3.1144638061523438,0.4272291660308838,362000
2,1449,250,122.87291717529297,0.4914916753768921,3.1861884593963623,0.4268333315849304,362250
2,1450,250,147.3123321533203,0.589249312877655,3.2446954250335693,0.42643749713897705,362500
2,1451,250,51.772918701171875,0.20709167420864105,3.140366792678833,0.4260416626930237,362750
2,1452,250,80.0877685546875,0.3203510642051697,3.1753249168395996,0.4256458282470703,363000
2,1453,250,103.60452270507812,0.41441810131073,3.160841226577759,0.42524999380111694,363250
2,1454,250,-5.971623420715332,-0.02388649433851242,3.170729398727417,0.4248541593551636,363500
2,1455,250,129.2097930908203,0.5168391466140747,3.076206684112549,0.4244583249092102,363750
2,1456,250,157.6137237548828,0.6304548978805542,3.1127452850341797,0.42406249046325684,364000
2,1457,250,69.6073226928711,0.2784292995929718,3.2015695571899414,0.42366665601730347,364250
2,1458,250,112.62263488769531,0.4504905343055725,3.199354410171509,0.4232708811759949,364500
2,1459,250,119.97332763671875,0.479893296957016,3.172337770462036,0.42287498712539673,364750
2,1460,250,125.89618682861328,0.5035847425460815,3.0930330753326416,0.42247921228408813,365000
2,1461,250,135.5088348388672,0.5420353412628174,3.3125689029693604,0.42208331823349,365250
2,1462,250,74.81369018554688,0.29925477504730225,3.180886745452881,0.4216875433921814,365500
2,1463,250,7.445019721984863,0.029780078679323196,3.2091310024261475,0.42129164934158325,365750
2,1464,250,166.73008728027344,0.6669203639030457,3.133047342300415,0.42089587450027466,366000
2,1465,250,278.14239501953125,1.1125695705413818,3.1731293201446533,0.4204999804496765,366250
2,1466,250,40.11538314819336,0.16046153008937836,3.1706862449645996,0.4201042056083679,366500
2,1467,250,94.92247009277344,0.37968987226486206,3.1620020866394043,0.4197083115577698,366750
2,1468,250,95.8389663696289,0.38335585594177246,3.0269062519073486,0.4193125367164612,367000
2,1469,250,111.83502960205078,0.44734013080596924,3.2515852451324463,0.41891664266586304,367250
2,1470,250,112.2740249633789,0.44909611344337463,3.1118881702423096,0.41852086782455444,367500
2,1471,250,207.88743591308594,0.8315497636795044,3.1410462856292725,0.4181249737739563,367750
2,1472,250,117.0911636352539,0.4683646559715271,3.0548243522644043,0.4177291989326477,368000
2,1473,250,56.096595764160156,0.22438637912273407,3.1939051151275635,0.41733330488204956,368250
2,1474,250,186.8287353515625,0.7473149299621582,3.1765637397766113,0.41693753004074097,368500
2,1475,250,152.25473022460938,0.6090189218521118,3.117433547973633,0.4165416359901428,368750
2,1476,250,171.57904052734375,0.6863161325454712,3.04882550239563,0.41614586114883423,369000
2,1477,250,96.06126403808594,0.3842450678348541,3.2908477783203125,0.41575002670288086,369250
2,1478,250,92.18376159667969,0.36873504519462585,3.1106042861938477,0.4153541922569275,369500
2,1479,250,130.3684844970703,0.5214739441871643,3.0760793685913086,0.4149583578109741,369750
2,1480,250,66.08529663085938,0.26434117555618286,3.0437228679656982,0.41456252336502075,370000
2,1481,250,251.03814697265625,1.004152536392212,3.2469727993011475,0.4141666889190674,370250
2,1482,250,187.1496124267578,0.7485984563827515,3.0755996704101562,0.413770854473114,370500
2,1483,250,31.92922019958496,0.12771688401699066,3.1235594749450684,0.41337502002716064,370750
2,1484,250,118.96551513671875,0.475862056016922,3.0367772579193115,0.4129791855812073,371000
2,1485,250,80.05573272705078,0.320222944021225,3.2132232189178467,0.4125833511352539,371250
2,1486,250,221.21780395507812,0.884871244430542,3.1605892181396484,0.41218751668930054,371500
2,1487,250,156.73902893066406,0.6269561052322388,3.14206862449646,0.41179168224334717,371750
2,1488,250,211.4761199951172,0.8459044694900513,3.0440728664398193,0.4113958477973938,372000
2,1489,250,186.4786376953125,0.7459145784378052,3.239053249359131,0.41100001335144043,372250
2,1490,250,46.940879821777344,0.187763512134552,3.164026975631714,0.41060417890548706,372500
2,1491,250,-2.4300973415374756,-0.009720389731228352,3.083759307861328,0.4102083444595337,372750
2,1492,250,197.95706176757812,0.7918282747268677,3.008122682571411,0.4098125100135803,373000
2,1493,250,256.8291320800781,1.0273165702819824,3.1100382804870605,0.40941667556762695,373250
2,1494,250,271.9661865234375,1.0878647565841675,3.037055730819702,0.4090208411216736,373500
2,1495,250,-9.578566551208496,-0.03831426799297333,2.991807699203491,0.4086250066757202,373750
2,1496,250,13.253239631652832,0.05301295965909958,3.07177472114563,0.40822917222976685,374000
2,1497,250,124.34925079345703,0.4973970055580139,3.1853580474853516,0.4078333377838135,374250
2,1498,250,321.81787109375,1.287271499633789,3.1270945072174072,0.4074375629425049,374500
2,1499,250,208.3284149169922,0.8333136439323425,3.0306406021118164,0.40704166889190674,374750
2,1500,250,129.24559020996094,0.51698237657547,3.0263755321502686,0.40664589405059814,375000
2,1501,250,148.01417541503906,0.5920566916465759,3.147991180419922,0.40625,375250
2,1502,250,211.86622619628906,0.847464919090271,3.1283278465270996,0.40585416555404663,375500
2,1503,250,283.6374816894531,1.1345499753952026,3.1538732051849365,0.40545833110809326,375750
2,1504,250,236.6240997314453,0.9464964270591736,3.09401798248291,0.4050624966621399,376000
2,1505,250,50.86492919921875,0.2034597098827362,3.205521821975708,0.4046666622161865,376250
2,1506,250,205.6903839111328,0.8227615356445312,3.166490316390991,0.40427082777023315,376500
2,1507,250,87.13749694824219,0.3485499918460846,3.1866018772125244,0.4038749933242798,376750
2,1508,250,157.087158203125,0.6283486485481262,3.1534857749938965,0.4034791588783264,377000
2,1509,250,228.7142791748047,0.9148570895195007,3.2705960273742676,0.40308332443237305,377250
2,1510,250,156.39710998535156,0.6255884170532227,3.2040066719055176,0.4026874899864197,377500
2,1511,250,83.33629608154297,0.3333451747894287,3.1377387046813965,0.4022916555404663,377750
2,1512,250,208.44020080566406,0.8337607979774475,3.188910961151123,0.40189582109451294,378000
2,1513,250,173.3875274658203,0.6935501098632812,3.300135850906372,0.40149998664855957,378250
2,1514,250,158.48086547851562,0.6339234709739685,3.112009048461914,0.4011041522026062,378500
2,1515,250,153.4292449951172,0.6137169599533081,3.143209934234619,0.40070831775665283,378750
2,1516,250,84.98543548583984,0.33994174003601074,3.12642765045166,0.40031248331069946,379000
2,1517,250,171.09877014160156,0.6843950748443604,3.238482713699341,0.39991670846939087,379250
2,1518,250,306.34033203125,1.2253613471984863,3.2237164974212646,0.3995208144187927,379500
2,1519,250,234.29403686523438,0.9371761679649353,3.111687421798706,0.39912503957748413,379750
2,1520,250,247.7378387451172,0.9909513592720032,3.0709409713745117,0.398729145526886,380000
2,1521,250,205.74940490722656,0.8229976296424866,3.2016570568084717,0.3983333706855774,380250
2,1522,250,97.97422790527344,0.39189690351486206,3.087496280670166,0.39793747663497925,380500
2,1523,250,245.27696228027344,0.9811078310012817,3.0687592029571533,0.39754170179367065,380750
2,1524,250,272.38470458984375,1.089538812637329,3.0768396854400635,0.3971458077430725,381000
2,1525,250,134.3062286376953,0.5372248888015747,3.109809398651123,0.3967500329017639,381250
2,1526,250,322.49700927734375,1.2899880409240723,3.059282064437866,0.39635413885116577,381500
2,1527,250,-21.917203903198242,-0.08766881376504898,3.035485029220581,0.3959583640098572,381750
2,1528,250,344.4009704589844,1.3776038885116577,3.024946928024292,0.39556246995925903,382000
2,1529,250,-24.535228729248047,-0.09814091771841049,3.125373125076294,0.39516669511795044,382250
2,1530,250,19.606060028076172,0.07842423766851425,3.081786632537842,0.3947708010673523,382500
2,1531,250,882.7401123046875,3.5309605598449707,2.9914638996124268,0.3943750262260437,382750
2,1532,250,175.5111083984375,0.7020444273948669,3.073695182800293,0.39397913217544556,383000
2,1533,250,849.6771240234375,3.3987085819244385,3.1581032276153564,0.39358335733413696,383250
2,1534,250,535.6868896484375,2.142747640609741,3.190417528152466,0.3931874632835388,383500
2,1535,250,421.852294921875,1.6874091625213623,3.1237878799438477,0.3927916884422302,383750
2,1536,250,807.807861328125,3.231231451034546,3.129239559173584,0.39239585399627686,384000
2,1537,250,80.6964111328125,0.3227856457233429,3.308931827545166,0.3920000195503235,384250
2,1538,250,261.3626708984375,1.0454506874084473,3.182870626449585,0.3916041851043701,384500
2,1539,250,484.11260986328125,1.936450481414795,3.170752763748169,0.39120835065841675,384750
2,1540,250,203.5229949951172,0.8140919804573059,3.090752601623535,0.3908125162124634,385000
2,1541,250,213.73263549804688,0.8549305200576782,3.343123197555542,0.39041668176651,385250
2,1542,250,43.66456604003906,0.17465826869010925,3.228341579437256,0.39002084732055664,385500
2,1543,250,325.48480224609375,1.3019392490386963,3.1782991886138916,0.38962501287460327,385750
2,1544,250,57.362640380859375,0.22945056855678558,3.078251361846924,0.3892291784286499,386000
2,1545,250,49.38026809692383,0.19752107560634613,3.2942352294921875,0.38883334398269653,386250
2,1546,250,173.09022521972656,0.6923608779907227,3.17376446723938,0.38843750953674316,386500
2,1547,250,68.4840087890625,0.27393603324890137,3.1763978004455566,0.3880416750907898,386750
2,1548,250,85.78257751464844,0.34313032031059265,3.1013097763061523,0.3876458406448364,387000
2,1549,250,240.98068237304688,0.9639227390289307,3.2211966514587402,0.38725000619888306,387250
2,1550,250,76.41280364990234,0.3056512176990509,3.2289016246795654,0.3868541717529297,387500
2,1551,250,200.69142150878906,0.8027656674385071,3.1709542274475098,0.3864583373069763,387750
2,1552,250,271.36883544921875,1.0854753255844116,3.0686392784118652,0.38606250286102295,388000
2,1553,250,142.6788330078125,0.5707153081893921,3.266355514526367,0.3856666684150696,388250
2,1554,250,208.6984405517578,0.834793746471405,3.262845754623413,0.3852708339691162,388500
2,1555,250,129.1242218017578,0.5164968967437744,3.255894422531128,0.38487499952316284,388750
2,1556,250,62.58244323730469,0.25032976269721985,3.1312336921691895,0.3844791650772095,389000
2,1557,250,223.02285766601562,0.8920914530754089,3.2729759216308594,0.3840833902359009,389250
2,1558,250,183.8308563232422,0.735323429107666,3.2917351722717285,0.38368749618530273,389500
2,1559,250,127.90377807617188,0.5116150975227356,3.2655599117279053,0.38329172134399414,389750
2,1560,250,295.54998779296875,1.1821999549865723,3.2544896602630615,0.382895827293396,390000
2,1561,250,160.68777465820312,0.6427510976791382,3.4830029010772705,0.3825000524520874,390250
2,1562,250,113.1536865234375,0.45261475443840027,3.3353264331817627,0.38210415840148926,390500
2,1563,250,380.5586853027344,1.5222347974777222,3.297067403793335,0.38170838356018066,390750
2,1564,250,33.5721321105957,0.13428853452205658,3.337937355041504,0.3813124895095825,391000
2,1565,250,-85.17793273925781,-0.3407117426395416,3.389045476913452,0.3809167146682739,391250
2,1566,250,103.518310546875,0.41407322883605957,3.3026845455169678,0.3805208206176758,391500
2,1567,250,172.78419494628906,0.6911367774009705,3.3062524795532227,0.3801250457763672,391750
2,1568,250,204.20272827148438,0.8168109059333801,3.3380119800567627,0.37972915172576904,392000
2,1569,250,354.3875427246094,1.4175502061843872,3.446660280227661,0.37933337688446045,392250
2,1570,250,248.0868682861328,0.9923474788665771,3.3970346450805664,0.3789374828338623,392500
2,1571,250,293.2307434082031,1.172922968864441,3.407834529876709,0.3785417079925537,392750
2,1572,250,415.8967590332031,1.6635870933532715,3.329538106918335,0.37814581394195557,393000
2,1573,250,176.4296417236328,0.7057185769081116,3.5460546016693115,0.377750039100647,393250
2,1574,250,26.356285095214844,0.1054251417517662,3.346003770828247,0.37735414505004883,393500
2,1575,250,56.59156799316406,0.22636626660823822,3.402494430541992,0.37695837020874023,393750
2,1576,250,302.6485290527344,1.2105940580368042,3.399972915649414,0.37656253576278687,394000
2,1577,250,317.8648376464844,1.2714593410491943,3.50477933883667,0.3761666417121887,394250
2,1578,250,98.54785919189453,0.3941914439201355,3.4458603858947754,0.3757708668708801,394500
2,1579,250,51.815773010253906,0.20726309716701508,3.430281400680542,0.375374972820282,394750
2,1580,250,198.433837890625,0.7937353253364563,3.3479933738708496,0.3749791979789734,395000
2,1581,250,158.64161682128906,0.6345664858818054,3.3682384490966797,0.37458330392837524,395250
2,1582,250,83.07687377929688,0.33230748772621155,3.3846938610076904,0.37418752908706665,395500
2,1583,250,129.68898010253906,0.5187559127807617,3.3033297061920166,0.3737916350364685,395750
2,1584,250,713.2286376953125,2.852914571762085,3.2882962226867676,0.3733958601951599,396000
2,1585,250,31.932771682739258,0.1277310848236084,3.4888198375701904,0.37299996614456177,396250
2,1586,250,658.7847900390625,2.635139226913452,3.4824955463409424,0.3726041913032532,396500
2,1587,250,141.2959442138672,0.5651837587356567,3.42934250831604,0.37220829725265503,396750
2,1588,250,25.81928825378418,0.10327715426683426,3.515408515930176,0.37181252241134644,397000
2,1589,250,127.64041900634766,0.5105617046356201,3.52295184135437,0.3714166283607483,397250
2,1590,250,894.350830078125,3.5774033069610596,3.5889601707458496,0.3710208535194397,397500
2,1591,250,572.1046752929688,2.288418769836426,3.540051221847534,0.37062495946884155,397750
2,1592,250,548.5267944335938,2.1941072940826416,3.6474709510803223,0.37022918462753296,398000
2,1593,250,92.81636810302734,0.3712654709815979,3.785562515258789,0.3698332905769348,398250
2,1594,250,276.83648681640625,1.1073459386825562,3.7239370346069336,0.3694375157356262,398500
2,1595,250,94.11387634277344,0.37645551562309265,3.7487857341766357,0.36904168128967285,398750
2,1596,250,451.3921203613281,1.8055684566497803,3.5396838188171387,0.3686458468437195,399000
2,1597,250,200.04595947265625,0.8001838326454163,3.8357484340667725,0.3682500123977661,399250
2,1598,250,12.577997207641602,0.05031199008226395,3.7661426067352295,0.36785417795181274,399500
2,1599,250,495.8788757324219,1.9835155010223389,3.733872890472412,0.3674583435058594,399750
2,1600,250,130.6171112060547,0.5224684476852417,3.71811842918396,0.367062509059906,400000
2,1601,250,333.78009033203125,1.3351203203201294,3.9672677516937256,0.36666667461395264,400250
2,1602,250,535.1922607421875,2.1407690048217773,4.003739356994629,0.36627084016799927,400500
2,1603,250,321.3317565917969,1.2853270769119263,3.9470109939575195,0.3658750057220459,400750
2,1604,250,211.85336303710938,0.8474134802818298,3.890719175338745,0.36547917127609253,401000
2,1605,250,132.75579833984375,0.5310232043266296,4.160687446594238,0.36508333683013916,401250
2,1606,250,525.0587768554688,2.1002352237701416,4.0630035400390625,0.3646875023841858,401500
2,1607,250,119.51156616210938,0.4780462682247162,4.038427829742432,0.3642916679382324,401750
2,1608,250,298.1809997558594,1.1927239894866943,4.0044050216674805,0.36389583349227905,402000
2,1609,250,123.67185974121094,0.49468743801116943,4.222656726837158,0.3634999990463257,402250
2,1610,250,86.05918884277344,0.3442367613315582,4.133416652679443,0.3631041646003723,402500
2,1611,250,291.4138488769531,1.1656553745269775,4.184534072875977,0.36270833015441895,402750
2,1612,250,107.92776489257812,0.4317110478878021,4.017811298370361,0.3623124957084656,403000
2,1613,250,318.9610900878906,1.2758443355560303,4.226141929626465,0.3619166612625122,403250
2,1614,250,106.76813507080078,0.42707255482673645,4.302474021911621,0.36152082681655884,403500
2,1615,250,246.39822387695312,0.9855929017066956,4.209573745727539,0.36112499237060547,403750
2,1616,250,228.22201538085938,0.9128880500793457,4.117109775543213,0.3607292175292969,404000
2,1617,250,-5.435818672180176,-0.021743275225162506,4.2052531242370605,0.36033332347869873,404250
2,1618,250,189.1989288330078,0.7567957043647766,4.061984539031982,0.35993754863739014,404500
2,1619,250,220.3580780029297,0.881432294845581,4.085642337799072,0.359541654586792,404750
2,1620,250,248.85134887695312,0.995405375957489,4.0909318923950195,0.3591458797454834,405000
2,1621,250,152.24900817871094,0.6089960336685181,4.15997314453125,0.35874998569488525,405250
2,1622,250,176.1396942138672,0.704558789730072,4.146881580352783,0.35835421085357666,405500
2,1623,250,178.79029846191406,0.7151612043380737,4.03977632522583,0.3579583168029785,405750
2,1624,250,325.46173095703125,1.301846981048584,4.036017417907715,0.3575625419616699,406000
2,1625,250,274.0818786621094,1.096327543258667,4.077730178833008,0.3571666479110718,406250
2,1626,250,133.76431274414062,0.5350572466850281,3.9748384952545166,0.3567708730697632,406500
2,1627,250,224.28892517089844,0.8971557021141052,4.0295023918151855,0.35637497901916504,406750
2,1628,250,172.98291015625,0.6919316649436951,3.944085121154785,0.35597920417785645,407000
2,1629,250,347.06549072265625,1.3882619142532349,4.107606887817383,0.3555833101272583,407250
2,1630,250,185.39111328125,0.7415644526481628,4.039792060852051,0.3551875352859497,407500
2,1631,250,171.52354431152344,0.6860941648483276,4.032774925231934,0.35479164123535156,407750
2,1632,250,375.33074951171875,1.5013229846954346,3.942586660385132,0.35439586639404297,408000
2,1633,250,315.0613098144531,1.2602452039718628,4.016146183013916,0.3539999723434448,408250
2,1634,250,563.1810913085938,2.2527244091033936,3.9778969287872314,0.35360419750213623,408500
2,1635,250,116.52864074707031,0.4661145508289337,3.9153950214385986,0.35320836305618286,408750
2,1636,250,249.56398010253906,0.9982559084892273,3.8127059936523438,0.3528125286102295,409000
2,1637,250,452.9485168457031,1.8117940425872803,3.9208590984344482,0.3524166941642761,409250
2,1638,250,70.31465911865234,0.28125864267349243,3.8844621181488037,0.35202085971832275,409500
2,1639,250,354.8813781738281,1.4195255041122437,3.9094138145446777,0.3516250252723694,409750
2,1640,250,241.6433868408203,0.9665735363960266,3.802788257598877,0.351229190826416,410000
2,1641,250,119.99686431884766,0.4799874424934387,3.889916181564331,0.35083335638046265,410250
2,1642,250,445.9007873535156,1.7836031913757324,3.96250319480896,0.3504375219345093,410500
2,1643,250,359.18572998046875,1.436742901802063,3.8354876041412354,0.3500416874885559,410750
2,1644,250,622.691650390625,2.4907665252685547,3.86869478225708,0.34964585304260254,411000
2,1645,250,472.5826416015625,1.8903305530548096,3.8466525077819824,0.34925001859664917,411250
2,1646,250,270.0018310546875,1.0800073146820068,3.900728940963745,0.3488541841506958,411500
2,1647,250,126.19404602050781,0.5047761797904968,3.822098731994629,0.34845834970474243,411750
2,1648,250,286.7008056640625,1.1468032598495483,3.9984683990478516,0.34806251525878906,412000
2,1649,250,155.930908203125,0.6237236261367798,3.869370937347412,0.3476666808128357,412250
2,1650,250,709.9841918945312,2.8399367332458496,3.8486363887786865,0.3472708463668823,412500
2,1651,250,183.95394897460938,0.7358158230781555,3.7662487030029297,0.34687501192092896,412750
2,1652,250,477.6350402832031,1.9105401039123535,3.8669681549072266,0.3464791178703308,413000
2,1653,250,259.4459228515625,1.0377837419509888,3.779041290283203,0.3460833430290222,413250
2,1654,250,349.6127014160156,1.3984508514404297,3.9092938899993896,0.34568750858306885,413500
2,1655,250,132.599853515625,0.5303994417190552,3.8161838054656982,0.3452916741371155,413750
2,1656,250,755.0402221679688,3.0201609134674072,3.948089361190796,0.3448958396911621,414000
2,1657,250,55.51021194458008,0.22204084694385529,4.00029993057251,0.34450000524520874,414250
2,1658,250,563.412841796875,2.2536513805389404,3.794567346572876,0.34410417079925537,414500
2,1659,250,193.8738555908203,0.7754954099655151,3.8655507564544678,0.343708336353302,414750
2,1660,250,455.1149597167969,1.8204598426818848,3.972397804260254,0.34331250190734863,415000
2,1661,250,714.856689453125,2.859426736831665,3.941671133041382,0.34291666746139526,415250
2,1662,250,227.63818359375,0.9105527400970459,3.8721837997436523,0.3425208330154419,415500
2,1663,250,227.965576171875,0.911862313747406,3.9507782459259033,0.3421249985694885,415750
2,1664,250,708.553466796875,2.834213972091675,3.9849534034729004,0.34172916412353516,416000
2,1665,250,201.2571258544922,0.80502849817276,3.8939130306243896,0.3413333296775818,416250
2,1666,250,210.09243774414062,0.8403697609901428,3.960219621658325,0.3409374952316284,416500
2,1667,250,174.26805114746094,0.6970722079277039,4.092520236968994,0.34054166078567505,416750
2,1668,250,177.51951599121094,0.7100780606269836,3.9622857570648193,0.3401458263397217,417000
2,1669,250,227.9667510986328,0.9118670225143433,4.1741743087768555,0.3397499918937683,417250
2,1670,250,419.86376953125,1.679455041885376,3.923740863800049,0.33935415744781494,417500
2,1671,250,241.5626220703125,0.966250479221344,3.976092576980591,0.3389583230018616,417750
2,1672,250,100.13509368896484,0.40054038166999817,3.9113590717315674,0.3385624885559082,418000
2,1673,250,157.7661590576172,0.6310646533966064,4.140121936798096,0.33816665410995483,418250
2,1674,250,305.2066650390625,1.2208266258239746,4.1363677978515625,0.33777081966400146,418500
2,1675,250,182.17916870117188,0.7287166714668274,4.002298355102539,0.33737504482269287,418750
2,1676,250,232.7711181640625,0.9310844540596008,3.9806289672851562,0.3369791507720947,419000
2,1677,250,324.5810241699219,1.2983241081237793,4.292422771453857,0.33658337593078613,419250
2,1678,250,445.937744140625,1.7837510108947754,4.308928966522217,0.336187481880188,419500
2,1679,250,738.6707153320312,2.9546828269958496,3.936927318572998,0.3357917070388794,419750
2,1680,250,596.8783569335938,2.3875133991241455,4.1476006507873535,0.33539581298828125,420000
2,1681,250,179.8064727783203,0.7192258834838867,4.184915065765381,0.33500003814697266,420250
2,1682,250,287.60247802734375,1.1504099369049072,4.1384992599487305,0.3346041440963745,420500
2,1683,250,253.75018310546875,1.0150007009506226,4.06048059463501,0.3342083692550659,420750
2,1684,250,482.5301818847656,1.9301207065582275,4.1553120613098145,0.3338124752044678,421000
2,1685,250,288.125244140625,1.1525009870529175,4.369741916656494,0.3334167003631592,421250
2,1686,250,496.5050964355469,1.9860203266143799,4.339470863342285,0.33302080631256104,421500
2,1687,250,425.086669921875,1.7003467082977295,4.288199424743652,0.33262503147125244,421750
2,1688,250,480.2143249511719,1.920857310295105,4.264404296875,0.3322291374206543,422000
2,1689,250,261.3409729003906,1.0453639030456543,4.450676441192627,0.3318333625793457,422250
2,1690,250,216.8895263671875,0.8675581216812134,4.533182621002197,0.33143746852874756,422500
2,1691,250,151.72476196289062,0.6068990230560303,4.406496524810791,0.33104169368743896,422750
2,1692,250,387.2010803222656,1.5488042831420898,4.244734764099121,0.3306457996368408,423000
2,1693,250,263.4313049316406,1.053725242614746,4.274116516113281,0.3302500247955322,423250
2,1694,250,117.67723083496094,0.4707089364528656,4.321177959442139,0.32985419034957886,423500
2,1695,250,500.7890930175781,2.0031564235687256,4.274571418762207,0.3294583559036255,423750
2,1696,250,432.21295166015625,1.7288517951965332,4.318617820739746,0.3290625214576721,424000
2,1697,250,194.81678771972656,0.7792671322822571,4.5003743171691895,0.32866668701171875,424250
2,1698,250,310.65509033203125,1.2426203489303589,4.41221809387207,0.3282708525657654,424500
2,1699,250,160.3715362548828,0.6414861679077148,4.200857639312744,0.327875018119812,424750
2,1700,250,317.6019287109375,1.2704076766967773,4.44319486618042,0.32747918367385864,425000
2,1701,250,238.4423370361328,0.953769326210022,4.271831512451172,0.3270833492279053,425250
2,1702,250,443.88751220703125,1.7755500078201294,4.391247749328613,0.3266875147819519,425500
2,1703,250,373.80084228515625,1.4952033758163452,4.326640605926514,0.32629168033599854,425750
2,1704,250,798.60693359375,3.194427728652954,4.349633693695068,0.32589584589004517,426000
2,1705,250,331.7767028808594,1.3271068334579468,4.56692361831665,0.3255000114440918,426250
2,1706,250,182.77175903320312,0.7310870289802551,4.449509143829346,0.3251041769981384,426500
2,1707,250,383.54400634765625,1.534175992012024,4.254456520080566,0.32470834255218506,426750
2,1708,250,247.62576293945312,0.9905030727386475,4.275846481323242,0.3243125081062317,427000
2,1709,250,252.84532165527344,1.0113812685012817,4.438721656799316,0.3239166736602783,427250
2,1710,250,336.0018310546875,1.3440073728561401,4.488982677459717,0.32352083921432495,427500
2,1711,250,156.00511169433594,0.6240204572677612,4.3112592697143555,0.3231250047683716,427750
2,1712,250,426.3355407714844,1.705342173576355,4.488191604614258,0.3227291703224182,428000
2,1713,250,510.52593994140625,2.0421037673950195,4.532207489013672,0.32233333587646484,428250
2,1714,250,359.463623046875,1.437854528427124,4.5474324226379395,0.3219375014305115,428500
2,1715,250,341.6943359375,1.3667773008346558,4.635154724121094,0.3215417265892029,428750
2,1716,250,336.88031005859375,1.347521185874939,4.478567600250244,0.32114583253860474,429000
2,1717,250,236.14247131347656,0.9445698857307434,4.528219699859619,0.32075005769729614,429250
2,1718,250,391.5344543457031,1.5661377906799316,4.559785842895508,0.320354163646698,429500
2,1719,250,422.9414978027344,1.6917660236358643,4.526686668395996,0.3199583888053894,429750
2,1720,250,369.93341064453125,1.4797335863113403,4.407167434692383,0.31956249475479126,430000
2,1721,250,249.1339111328125,0.9965356588363647,4.4793701171875,0.31916671991348267,430250
2,1722,250,28.08030128479004,0.11232120543718338,4.520001411437988,0.3187708258628845,430500
2,1723,250,337.2968444824219,1.3491873741149902,4.587862491607666,0.3183750510215759,430750
2,1724,250,425.16912841796875,1.7006765604019165,4.526110649108887,0.3179791569709778,431000
2,1725,250,295.6957702636719,1.1827831268310547,4.4925713539123535,0.3175833821296692,431250
2,1726,250,365.2441101074219,1.460976481437683,4.569467067718506,0.31718748807907104,431500
2,1727,250,273.9061584472656,1.0956246852874756,4.377097129821777,0.3167916536331177,431750
2,1728,250,412.1315002441406,1.6485259532928467,4.350765228271484,0.3163958191871643,432000
2,1729,250,348.0896301269531,1.3923585414886475,4.411701679229736,0.31599998474121094,432250
2,1730,250,316.8024597167969,1.2672098875045776,4.273129463195801,0.31560415029525757,432500
2,1731,250,-35.83420181274414,-0.14333680272102356,4.353932857513428,0.3152083158493042,432750
2,1732,250,405.89190673828125,1.6235675811767578,4.484877109527588,0.31481248140335083,433000
2,1733,250,252.9856719970703,1.011942744255066,4.287918567657471,0.31441664695739746,433250
2,1734,250,247.89569091796875,0.9915827512741089,4.300095558166504,0.31402087211608887,433500
2,1735,250,834.1165161132812,3.336466073989868,4.318760871887207,0.3136249780654907,433750
2,1736,250,25.830524444580078,0.1033220961689949,4.202203750610352,0.31322920322418213,434000
2,1737,250,115.32675170898438,0.46130701899528503,4.366569995880127,0.312833309173584,434250
2,1738,250,223.22279357910156,0.8928911685943604,4.3140339851379395,0.3124375343322754,434500
2,1739,250,126.5877914428711,0.5063511729240417,4.4337944984436035,0.31204164028167725,434750
2,1740,250,194.84982299804688,0.7793992757797241,4.467270851135254,0.31164586544036865,435000
2,1741,250,-25.541645050048828,-0.10216657817363739,4.523900032043457,0.3112499713897705,435250
2,1742,250,456.6994934082031,1.8267979621887207,4.476657390594482,0.3108541965484619,435500
2,1743,250,448.56695556640625,1.7942677736282349,4.40673303604126,0.31045830249786377,435750
2,1744,250,308.766357421875,1.2350654602050781,4.491072177886963,0.3100625276565552,436000
2,1745,250,562.4830322265625,2.249932050704956,4.360383033752441,0.30966663360595703,436250
2,1746,250,443.69110107421875,1.7747644186019897,4.312978744506836,0.30927085876464844,436500
2,1747,250,82.83455657958984,0.33133822679519653,4.274587631225586,0.3088749647140503,436750
2,1748,250,210.12547302246094,0.8405019044876099,4.411799430847168,0.3084791898727417,437000
2,1749,250,340.6246032714844,1.36249840259552,4.478193283081055,0.30808329582214355,437250
2,1750,250,356.89306640625,1.427572250366211,4.4088239669799805,0.30768752098083496,437500
2,1751,250,333.4071960449219,1.33362877368927,4.225564956665039,0.3072916269302368,437750
2,1752,250,279.2245788574219,1.1168982982635498,4.503248691558838,0.3068958520889282,438000
2,1753,250,274.51397705078125,1.0980559587478638,4.292567253112793,0.30650001764297485,438250
2,1754,250,222.63412475585938,0.8905364871025085,4.452681541442871,0.3061041831970215,438500
2,1755,250,398.68487548828125,1.594739556312561,4.466728687286377,0.3057083487510681,438750
2,1756,250,275.25860595703125,1.10103440284729,4.447084903717041,0.30531251430511475,439000
2,1757,250,218.31527709960938,0.8732610940933228,4.5102972984313965,0.3049166798591614,439250
2,1758,250,236.0645751953125,0.9442582726478577,4.353665828704834,0.304520845413208,439500
2,1759,250,315.40240478515625,1.261609673500061,4.410272121429443,0.30412501096725464,439750
2,1760,250,252.17471313476562,1.00869882106781,4.3342108726501465,0.30372917652130127,440000
2,1761,250,372.019287109375,1.488077163696289,4.470654010772705,0.3033333420753479,440250
2,1762,250,175.56329345703125,0.7022531628608704,4.261425495147705,0.30293750762939453,440500
2,1763,250,267.6634216308594,1.0706536769866943,4.333613395690918,0.30254167318344116,440750
2,1764,250,246.48785400390625,0.9859514236450195,4.366434574127197,0.3021458387374878,441000
2,1765,250,347.7933044433594,1.391173243522644,4.525513648986816,0.3017500042915344,441250
2,1766,250,342.11761474609375,1.3684704303741455,4.508132457733154,0.30135416984558105,441500
2,1767,250,319.5083312988281,1.2780333757400513,4.507380962371826,0.3009583353996277,441750
2,1768,250,679.3910522460938,2.717564105987549,4.583726406097412,0.3005625009536743,442000
2,1769,250,260.90972900390625,1.0436389446258545,4.455610275268555,0.30016666650772095,442250
2,1770,250,355.51092529296875,1.4220436811447144,4.503992557525635,0.2997708320617676,442500
2,1771,250,395.3204040527344,1.5812816619873047,4.499531269073486,0.2993749976158142,442750
2,1772,250,515.16748046875,2.0606698989868164,4.576151371002197,0.29897916316986084,443000
2,1773,250,414.11102294921875,1.6564440727233887,4.353846073150635,0.29858332872390747,443250
2,1774,250,314.175537109375,1.256702184677124,4.523057460784912,0.2981875538825989,443500
2,1775,250,440.4939270019531,1.7619757652282715,4.580371379852295,0.29779165983200073,443750
2,1776,250,598.7132568359375,2.394853115081787,4.449893474578857,0.29739588499069214,444000
2,1777,250,16.53866958618164,0.06615468114614487,4.514074802398682,0.296999990940094,444250
2,1778,250,551.26318359375,2.2050528526306152,4.475876331329346,0.2966042160987854,444500
2,1779,250,84.10131072998047,0.3364052474498749,4.5807976722717285,0.29620832204818726,444750
2,1780,250,588.9020385742188,2.3556082248687744,4.561545372009277,0.29581254720687866,445000
2,1781,250,219.69931030273438,0.8787972331047058,4.466529846191406,0.2954166531562805,445250
2,1782,250,-30.799551010131836,-0.12319820374250412,4.501152515411377,0.2950208783149719,445500
2,1783,250,387.1355285644531,1.5485421419143677,4.358644962310791,0.2946249842643738,445750
2,1784,250,-23.634008407592773,-0.09453603625297546,4.420930862426758,0.2942292094230652,446000
2,1785,250,320.5899658203125,1.2823598384857178,4.464544296264648,0.29383331537246704,446250
2,1786,250,426.3475341796875,1.7053900957107544,4.365769386291504,0.29343754053115845,446500
2,1787,250,151.37527465820312,0.605501115322113,4.410502910614014,0.2930416464805603,446750
2,1788,250,473.5858459472656,1.894343376159668,4.435242176055908,0.2926458716392517,447000
2,1789,250,654.0458374023438,2.616183280944824,4.390177249908447,0.29224997758865356,447250
2,1790,250,332.4957275390625,1.329982876777649,4.326409816741943,0.29185420274734497,447500
2,1791,250,139.6809539794922,0.5587238073348999,4.40311861038208,0.2914583086967468,447750
2,1792,250,30.52374267578125,0.12209497392177582,4.379998207092285,0.29106253385543823,448000
2,1793,250,-8.439209938049316,-0.033756840974092484,4.575499057769775,0.29066669940948486,448250
2,1794,250,466.0478210449219,1.8641912937164307,4.568997859954834,0.2902708649635315,448500
2,1795,250,207.66458129882812,0.8306583166122437,4.584136009216309,0.2898750305175781,448750
2,1796,250,100.70053100585938,0.40280210971832275,4.533797740936279,0.28947919607162476,449000
2,1797,250,266.400634765625,1.0656025409698486,4.900243282318115,0.2890833616256714,449250
2,1798,250,341.4115295410156,1.3656461238861084,4.696975231170654,0.288687527179718,449500
2,1799,250,597.3658447265625,2.389463424682617,4.719923973083496,0.28829169273376465,449750
2,1800,250,1058.663818359375,4.234655380249023,4.601592540740967,0.2878958582878113,450000
2,1801,250,1133.6802978515625,4.534721374511719,4.78221321105957,0.2875000238418579,450250
2,1802,250,1311.533447265625,5.246133804321289,4.884903430938721,0.28710412979125977,450500
2,1803,250,825.0999145507812,3.3003995418548584,4.788100242614746,0.28670835494995117,450750
2,1804,250,811.0762939453125,3.24430513381958,4.614765167236328,0.286312460899353,451000
2,1805,250,1269.8360595703125,5.079344272613525,4.931293964385986,0.28591668605804443,451250
2,1806,250,1354.4923095703125,5.417969226837158,4.925336837768555,0.2855207920074463,451500
2,1807,250,761.8458862304688,3.0473835468292236,4.834983825683594,0.2851250171661377,451750
2,1808,250,738.1734008789062,2.9526937007904053,5.05961275100708,0.28472912311553955,452000
2,1809,250,609.3994750976562,2.4375979900360107,5.107315540313721,0.28433334827423096,452250
2,1810,250,1258.830322265625,5.035321235656738,5.043349266052246,0.2839375138282776,452500
2,1811,250,349.4527893066406,1.3978111743927002,5.101222991943359,0.2835416793823242,452750
2,1812,250,1299.2232666015625,5.196893215179443,5.059876918792725,0.28314584493637085,453000
2,1813,250,1673.8914794921875,6.695565700531006,5.023508548736572,0.2827500104904175,453250
2,1814,250,586.3884887695312,2.3455538749694824,5.011369705200195,0.2823541760444641,453500
2,1815,250,1473.1893310546875,5.892757415771484,4.751682758331299,0.28195834159851074,453750
2,1816,250,1317.835205078125,5.271340847015381,4.70010232925415,0.2815625071525574,454000
2,1817,250,1713.1763916015625,6.852705478668213,4.777932167053223,0.281166672706604,454250
2,1818,250,1278.0975341796875,5.112390041351318,4.497916221618652,0.28077083826065063,454500
2,1819,250,1712.46435546875,6.849857330322266,4.504377365112305,0.28037500381469727,454750
2,1820,250,1438.8502197265625,5.755400657653809,4.4691643714904785,0.2799791693687439,455000
2,1821,250,1377.5008544921875,5.510003566741943,4.52705192565918,0.2795833349227905,455250
2,1822,250,1473.4476318359375,5.8937907218933105,4.36648416519165,0.27918750047683716,455500
2,1823,250,1659.9139404296875,6.639655590057373,4.321312427520752,0.2787916660308838,455750
2,1824,250,1203.862060546875,4.81544828414917,4.332935333251953,0.2783958315849304,456000
2,1825,250,1680.8037109375,6.723214626312256,4.226739406585693,0.27799999713897705,456250
2,1826,250,1420.93994140625,5.683759689331055,4.1407318115234375,0.2776041626930237,456500
2,1827,250,1300.7476806640625,5.202990531921387,4.1417670249938965,0.2772083282470703,456750
2,1828,250,1590.5877685546875,6.362350940704346,4.037481784820557,0.27681249380111694,457000
2,1829,250,1431.6397705078125,5.726559162139893,3.9378762245178223,0.2764166593551636,457250
2,1830,250,1746.502197265625,6.986008644104004,3.717829465866089,0.2760208249092102,457500
2,1831,250,1809.2515869140625,7.237006187438965,3.6685404777526855,0.2756250500679016,457750
2,1832,250,1447.005126953125,5.788020610809326,3.5636720657348633,0.27522915601730347,458000
2,1833,250,1492.786865234375,5.971147537231445,3.524958848953247,0.2748333811759949,458250
2,1834,250,1542.007080078125,6.168028354644775,3.453810453414917,0.27443748712539673,458500
2,1835,250,1611.674072265625,6.4466962814331055,3.333233118057251,0.27404171228408813,458750
2,1836,250,1229.6319580078125,4.918527603149414,3.3283114433288574,0.27364581823349,459000
2,1837,250,1623.335205078125,6.493340969085693,3.365994930267334,0.2732500433921814,459250
2,1838,250,1717.76806640625,6.871072292327881,3.1677637100219727,0.27285414934158325,459500
2,1839,250,1680.4932861328125,6.721972942352295,3.0342764854431152,0.27245837450027466,459750
2,1840,250,1590.9534912109375,6.363813877105713,2.9925785064697266,0.2720624804496765,460000
2,1841,250,1682.301513671875,6.729206085205078,2.9447124004364014,0.2716667056083679,460250
2,1842,250,1263.130615234375,5.052522659301758,2.8119008541107178,0.2712708115577698,460500
2,1843,250,1662.6375732421875,6.650550365447998,2.6939916610717773,0.2708750367164612,460750
2,1844,250,1699.6756591796875,6.798702716827393,2.668814182281494,0.27047914266586304,461000
2,1845,250,1902.80908203125,7.611236095428467,2.6649692058563232,0.27008336782455444,461250
2,1846,250,1675.3876953125,6.7015509605407715,2.5170814990997314,0.2696874737739563,461500
2,1847,250,1374.3692626953125,5.497477054595947,2.4597086906433105,0.2692916989326477,461750
2,1848,250,1774.255126953125,7.097020626068115,2.387218713760376,0.26889580488204956,462000
2,1849,250,1704.860595703125,6.819442272186279,2.304969549179077,0.26850003004074097,462250
2,1850,250,1666.0848388671875,6.664339542388916,2.2057044506073,0.2681041955947876,462500
2,1851,250,1588.7938232421875,6.355175495147705,2.257624387741089,0.26770836114883423,462750
2,1852,250,1763.234619140625,7.052938461303711,2.098177909851074,0.26731252670288086,463000
2,1853,250,1923.0625,7.692249774932861,2.187732458114624,0.2669166922569275,463250
2,1854,250,1575.8519287109375,6.303407669067383,2.038585901260376,0.2665208578109741,463500
2,1855,250,1767.3382568359375,7.069353103637695,1.929511547088623,0.26612502336502075,463750
2,1856,250,1659.0189208984375,6.636075496673584,1.861116886138916,0.2657291889190674,464000
2,1857,250,1884.1614990234375,7.536645889282227,1.9606174230575562,0.265333354473114,464250
2,1858,250,1532.624267578125,6.130496978759766,1.9918229579925537,0.26493752002716064,464500
2,1859,250,1392.728271484375,5.570913314819336,1.8914190530776978,0.2645416855812073,464750
2,1860,250,1598.6231689453125,6.3944926261901855,1.9453177452087402,0.2641458511352539,465000
2,1861,250,1520.1015625,6.080406188964844,1.942330002784729,0.26375001668930054,465250
2,1862,250,1730.76611328125,6.923064231872559,1.8311678171157837,0.26335418224334717,465500
2,1863,250,1555.3973388671875,6.2215895652771,1.7040945291519165,0.2629583477973938,465750
2,1864,250,1882.5172119140625,7.530068874359131,1.8383828401565552,0.26256251335144043,466000
2,1865,250,1583.331298828125,6.333325386047363,1.8825933933258057,0.26216667890548706,466250
2,1866,250,1445.6627197265625,5.782650947570801,1.852817416191101,0.2617708444595337,466500
2,1867,250,1662.0909423828125,6.6483635902404785,1.8055769205093384,0.2613750100135803,466750
2,1868,250,1781.43017578125,7.125720500946045,1.817225456237793,0.26097917556762695,467000
2,1869,250,1642.4490966796875,6.569796562194824,1.886539101600647,0.2605833411216736,467250
2,1870,250,1482.7425537109375,5.930970191955566,1.8443248271942139,0.2601875066757202,467500
2,1871,250,1158.119140625,4.632476329803467,1.7749347686767578,0.2597917318344116,467750
2,1872,250,1855.916259765625,7.4236650466918945,1.8682008981704712,0.2593958377838135,468000
2,1873,250,1918.793701171875,7.675174713134766,1.9581083059310913,0.2590000629425049,468250
2,1874,250,1810.8082275390625,7.243232727050781,1.8888660669326782,0.25860416889190674,468500
2,1875,250,1678.46044921875,6.713841915130615,1.8430728912353516,0.25820839405059814,468750
2,1876,250,1756.464599609375,7.025858402252197,1.8305113315582275,0.2578125,469000
2,1877,250,1726.81005859375,6.907240390777588,1.9601317644119263,0.25741666555404663,469250
2,1878,250,1872.67724609375,7.490708827972412,1.9561028480529785,0.25702083110809326,469500
2,1879,250,1633.3865966796875,6.533546447753906,1.8402777910232544,0.2566249966621399,469750
2,1880,250,1665.7508544921875,6.663003444671631,1.7653788328170776,0.2562291622161865,470000
2,1881,250,1698.687255859375,6.7947492599487305,1.9935643672943115,0.25583332777023315,470250
2,1882,250,1746.4034423828125,6.985613822937012,1.8836745023727417,0.2554374933242798,470500
2,1883,250,63.24059295654297,0.2529623806476593,2.0138297080993652,0.2550416588783264,470750
2,1884,250,1669.9141845703125,6.679656505584717,1.9881023168563843,0.25464582443237305,471000
2,1885,250,1893.9515380859375,7.575806140899658,2.217886447906494,0.2542499899864197,471250
2,1886,250,89.10785675048828,0.35643142461776733,2.0955309867858887,0.2538541555404663,471500
2,1887,250,985.2884521484375,3.9411537647247314,2.2765862941741943,0.25345832109451294,471750
2,1888,250,1668.137939453125,6.67255163192749,2.280578374862671,0.25306248664855957,472000
2,1889,250,1843.085205078125,7.372340679168701,2.3363423347473145,0.2526666522026062,472250
2,1890,250,90.028564453125,0.3601142466068268,2.338768482208252,0.2522708773612976,472500
2,1891,250,-18.38134002685547,-0.07352536171674728,2.6228280067443848,0.25187498331069946,472750
2,1892,250,1762.8929443359375,7.051571846008301,2.5331127643585205,0.25147920846939087,473000
2,1893,250,1620.1820068359375,6.4807281494140625,2.714735507965088,0.2510833144187927,473250
2,1894,250,1864.7381591796875,7.4589524269104,2.6278820037841797,0.25068753957748413,473500
2,1895,250,1761.1025390625,7.044410228729248,2.6416194438934326,0.250291645526886,473750
2,1896,250,-22.422504425048828,-0.08969001471996307,2.7042934894561768,0.2498958706855774,474000
2,1897,250,2.142979621887207,0.008571918122470379,3.0581490993499756,0.24949997663497925,474250
2,1898,250,705.0679321289062,2.8202717304229736,3.0808913707733154,0.24910420179367065,474500
2,1899,250,28.819534301757812,0.11527813971042633,3.2287447452545166,0.2487083077430725,474750
2,1900,250,224.15377807617188,0.8966150879859924,3.2306957244873047,0.24831253290176392,475000
2,1901,250,1714.8870849609375,6.859548568725586,3.9210493564605713,0.24791663885116577,475250
2,1902,250,1882.1436767578125,7.5285749435424805,3.4546191692352295,0.24752086400985718,475500
2,1903,250,1625.6982421875,6.502792835235596,3.4081294536590576,0.24712496995925903,475750
2,1904,250,1509.94921875,6.039796829223633,3.3235394954681396,0.24672919511795044,476000
2,1905,250,1287.3536376953125,5.149414539337158,3.7282371520996094,0.2463333010673523,476250
2,1906,250,676.6004028320312,2.7064015865325928,3.623344898223877,0.2459375262260437,476500
2,1907,250,-57.19580078125,-0.22878320515155792,3.5671918392181396,0.24554163217544556,476750
2,1908,250,1829.3189697265625,7.3172760009765625,3.50370192527771,0.24514585733413696,477000
2,1909,250,-32.573341369628906,-0.1302933692932129,3.9757492542266846,0.2447500228881836,477250
2,1910,250,1611.859130859375,6.447436332702637,3.894350051879883,0.24435418844223022,477500
2,1911,250,1908.990966796875,7.6359639167785645,3.645034074783325,0.24395835399627686,477750
2,1912,250,1083.66015625,4.3346405029296875,3.5172626972198486,0.2435625195503235,478000
2,1913,250,1606.744873046875,6.4269795417785645,3.8332815170288086,0.24316668510437012,478250
2,1914,250,1445.517578125,5.782070159912109,3.769454002380371,0.24277085065841675,478500
2,1915,250,14.52206802368164,0.0580882728099823,3.583242177963257,0.24237501621246338,478750
2,1916,250,1625.58447265625,6.50233793258667,3.6350691318511963,0.24197918176651,479000
2,1917,250,1307.430419921875,5.229721546173096,3.9930508136749268,0.24158334732055664,479250
2,1918,250,-4.493821620941162,-0.01797528564929962,3.8509879112243652,0.24118751287460327,479500
2,1919,250,1718.72509765625,6.8749003410339355,3.8468098640441895,0.2407916784286499,479750
2,1920,250,1709.37646484375,6.83750581741333,3.813845634460449,0.24039584398269653,480000
2,1921,250,1260.018310546875,5.040073394775391,3.908266305923462,0.24000000953674316,480250
2,1922,250,1150.80126953125,4.60320520401001,3.8448069095611572,0.2396041750907898,480500
2,1923,250,1529.1712646484375,6.116684913635254,3.6754252910614014,0.23920834064483643,480750
2,1924,250,1673.992431640625,6.695969581604004,3.8149473667144775,0.23881250619888306,481000
2,1925,250,-48.63933181762695,-0.194557324051857,4.044191360473633,0.2384166717529297,481250
2,1926,250,1914.117919921875,7.6564717292785645,3.8226449489593506,0.23802083730697632,481500
2,1927,250,1737.338623046875,6.949354648590088,3.762244939804077,0.23762500286102295,481750
2,1928,250,1484.08447265625,5.936337947845459,3.7232415676116943,0.23722916841506958,482000
2,1929,250,1706.848388671875,6.827393531799316,3.972559690475464,0.2368333339691162,482250
2,1930,250,1828.0770263671875,7.312308311462402,3.7190685272216797,0.23643755912780762,482500
2,1931,250,1246.2330322265625,4.984931945800781,3.3691065311431885,0.23604166507720947,482750
2,1932,250,1436.1346435546875,5.7445387840271,3.6176929473876953,0.23564589023590088,483000
2,1933,250,1865.2203369140625,7.460881233215332,3.659762144088745,0.23524999618530273,483250
2,1934,250,1223.00927734375,4.8920369148254395,3.5248305797576904,0.23485422134399414,483500
2,1935,250,1581.970703125,6.327882766723633,3.4760944843292236,0.234458327293396,483750
2,1936,250,1049.347412109375,4.197389602661133,3.577179193496704,0.2340625524520874,484000
2,1937,250,1864.9593505859375,7.459837436676025,3.4299986362457275,0.23366665840148926,484250
2,1938,250,1424.455322265625,5.697821140289307,3.1521172523498535,0.23327088356018066,484500
2,1939,250,668.8887939453125,2.6755552291870117,3.0647003650665283,0.23287498950958252,484750
2,1940,250,1565.381591796875,6.261526584625244,2.956831216812134,0.23247921466827393,485000
2,1941,250,1515.940185546875,6.063760757446289,3.03732967376709,0.23208332061767578,485250
2,1942,250,1744.246337890625,6.976985454559326,3.036935329437256,0.2316875457763672,485500
2,1943,250,1731.66015625,6.926640510559082,3.172802448272705,0.23129165172576904,485750
2,1944,250,1721.960693359375,6.887842655181885,2.913440227508545,0.23089587688446045,486000
2,1945,250,1796.7821044921875,7.18712854385376,2.9580698013305664,0.2304999828338623,486250
2,1946,250,1864.36962890625,7.4574785232543945,2.843038320541382,0.2301042079925537,486500
2,1947,250,1804.8857421875,7.219542980194092,2.7741551399230957,0.22970831394195557,486750
2,1948,250,1323.4451904296875,5.29378080368042,2.6685116291046143,0.22931253910064697,487000
2,1949,250,1837.1982421875,7.348793029785156,2.805035352706909,0.2289167046546936,487250
2,1950,250,1849.348876953125,7.397395610809326,2.6399874687194824,0.22852087020874023,487500
2,1951,250,1608.0433349609375,6.432173252105713,2.6266613006591797,0.22812503576278687,487750
2,1952,250,1644.8123779296875,6.579249382019043,2.6407675743103027,0.22772914171218872,488000
2,1953,250,1768.9512939453125,7.075805187225342,2.618629217147827,0.22733336687088013,488250
2,1954,250,1827.086181640625,7.308344841003418,2.4869308471679688,0.22693747282028198,488500
2,1955,250,1317.0137939453125,5.268054962158203,2.483039379119873,0.2265416979789734,488750
2,1956,250,1649.491455078125,6.597965717315674,2.425722599029541,0.22614580392837524,489000
2,1957,250,1154.3162841796875,4.617265224456787,2.6381523609161377,0.22575002908706665,489250
2,1958,250,1839.088623046875,7.356354713439941,2.6171376705169678,0.2253541350364685,489500
2,1959,250,1617.267578125,6.4690704345703125,2.391303539276123,0.2249583601951599,489750
2,1960,250,1033.670654296875,4.134682655334473,2.4565956592559814,0.22456246614456177,490000
2,1961,250,1643.902099609375,6.575608253479004,2.6773886680603027,0.22416669130325317,490250
2,1962,250,1465.5531005859375,5.862212181091309,2.4468905925750732,0.22377079725265503,490500
2,1963,250,1851.532470703125,7.406129837036133,2.4006359577178955,0.22337502241134644,490750
2,1964,250,1560.735595703125,6.2429423332214355,2.383112907409668,0.2229791283607483,491000
2,1965,250,1586.98046875,6.347921848297119,2.486105442047119,0.2225833535194397,491250
2,1966,250,1549.3243408203125,6.1972975730896,2.2539355754852295,0.22218745946884155,491500
2,1967,250,1718.1376953125,6.872550964355469,2.2938926219940186,0.22179168462753296,491750
2,1968,250,1558.1439208984375,6.2325758934021,2.2298641204833984,0.2213958501815796,492000
2,1969,250,1726.2071533203125,6.9048285484313965,2.5503456592559814,0.22100001573562622,492250
2,1970,250,1336.5831298828125,5.346332550048828,2.452516555786133,0.22060418128967285,492500
2,1971,250,1902.062744140625,7.608251094818115,2.4404964447021484,0.22020834684371948,492750
2,1972,250,1654.629638671875,6.618518352508545,2.269033193588257,0.2198125123977661,493000
2,1973,250,1608.149658203125,6.43259859085083,2.6378486156463623,0.21941667795181274,493250
2,1974,250,1756.9346923828125,7.027738571166992,2.3983919620513916,0.21902084350585938,493500
2,1975,250,1846.851806640625,7.387407302856445,2.434004545211792,0.218625009059906,493750
2,1976,250,1274.7178955078125,5.09887170791626,2.314873218536377,0.21822917461395264,494000
2,1977,250,1701.3837890625,6.805535316467285,2.60886812210083,0.21783334016799927,494250
2,1978,250,1549.1016845703125,6.196406841278076,2.4741997718811035,0.2174375057220459,494500
2,1979,250,1606.0504150390625,6.424201488494873,2.472418785095215,0.21704167127609253,494750
2,1980,250,1620.810791015625,6.483242988586426,2.409782886505127,0.21664583683013916,495000
2,1981,250,1910.618896484375,7.642475605010986,2.553410053253174,0.2162500023841858,495250
2,1982,250,1887.36328125,7.549453258514404,2.491489887237549,0.21585416793823242,495500
2,1983,250,1305.0244140625,5.220097541809082,2.355376958847046,0.21545833349227905,495750
2,1984,250,36.119102478027344,0.14447641372680664,2.5607686042785645,0.21506249904632568,496000
2,1985,250,1688.7694091796875,6.755077838897705,2.783668041229248,0.21466666460037231,496250
2,1986,250,2.11079740524292,0.008443189784884453,2.650703191757202,0.21427083015441895,496500
2,1987,250,1920.35595703125,7.681423664093018,2.7924036979675293,0.21387499570846558,496750
2,1988,250,1624.3701171875,6.497480392456055,2.664196729660034,0.2134791612625122,497000
2,1989,250,1927.866455078125,7.711465835571289,3.0907037258148193,0.2130833864212036,497250
2,1990,250,1661.301513671875,6.645205974578857,3.047548294067383,0.21268749237060547,497500
2,1991,250,46.12324905395508,0.18449299037456512,2.8382017612457275,0.21229171752929688,497750
2,1992,250,1452.072021484375,5.808288097381592,2.9876303672790527,0.21189582347869873,498000
2,1993,250,1621.5545654296875,6.486218452453613,3.179649591445923,0.21150004863739014,498250
2,1994,250,-18.677967071533203,-0.0747118666768074,3.2390694618225098,0.211104154586792,498500
2,1995,250,1970.4825439453125,7.881930351257324,3.1225457191467285,0.2107083797454834,498750
2,1996,250,46.811161041259766,0.18724463880062103,3.305182695388794,0.21031248569488525,499000
2,1997,250,1765.572021484375,7.062288284301758,3.6207776069641113,0.20991671085357666,499250
2,1998,250,1854.922119140625,7.419688701629639,3.451585292816162,0.20952081680297852,499500
2,1999,250,964.7916259765625,3.8591666221618652,3.3006293773651123,0.20912504196166992,499750
2,2000,250,1387.890380859375,5.55156135559082,3.3561081886291504,0.20872914791107178,500000
2,2001,250,1703.28515625,6.813140392303467,3.6339566707611084,0.20833337306976318,500250
2,2002,250,1588.94287109375,6.355771541595459,3.4107277393341064,0.20793747901916504,500500
2,2003,250,1658.7789306640625,6.635115623474121,3.3181090354919434,0.20754170417785645,500750
2,2004,250,1701.842529296875,6.807370185852051,3.1700708866119385,0.2071458101272583,501000
2,2005,250,1146.1505126953125,4.584601879119873,3.5875277519226074,0.2067500352859497,501250
2,2006,250,1698.328369140625,6.793313503265381,3.6189661026000977,0.20635414123535156,501500
2,2007,250,1700.691650390625,6.802766799926758,3.317856550216675,0.20595836639404297,501750
2,2008,250,1644.029296875,6.576117038726807,3.3735291957855225,0.2055625319480896,502000
2,2009,250,1703.663818359375,6.814655303955078,3.9251134395599365,0.20516669750213623,502250
2,2010,250,1842.70263671875,7.370810508728027,3.6162166595458984,0.20477086305618286,502500
2,2011,250,1163.384765625,4.653539180755615,3.3840293884277344,0.2043750286102295,502750
2,2012,250,1531.226318359375,6.124905109405518,3.513583183288574,0.20397919416427612,503000
2,2013,250,1567.439208984375,6.26975679397583,3.8047053813934326,0.20358335971832275,503250
2,2014,250,1418.70849609375,5.67483377456665,3.4422688484191895,0.20318752527236938,503500
2,2015,250,1102.0869140625,4.4083476066589355,3.4680655002593994,0.20279169082641602,503750
2,2016,250,1203.638916015625,4.814555644989014,3.5828816890716553,0.20239585638046265,504000
2,2017,250,1490.1453857421875,5.9605817794799805,3.7386322021484375,0.20200002193450928,504250
2,2018,250,1211.3812255859375,4.845524787902832,3.6511833667755127,0.2016041874885559,504500
2,2019,250,1079.4593505859375,4.317837238311768,3.5829904079437256,0.20120835304260254,504750
2,2020,250,1801.347412109375,7.205389499664307,3.529587507247925,0.20081251859664917,505000
2,2021,250,1852.114990234375,7.4084601402282715,3.7789533138275146,0.2004166841506958,505250
2,2022,250,1646.07568359375,6.58430290222168,3.5641705989837646,0.20002084970474243,505500
2,2023,250,1494.751708984375,5.979006767272949,3.504103422164917,0.19962501525878906,505750
2,2024,250,1168.84033203125,4.675361156463623,3.3674237728118896,0.1992291808128357,506000
2,2025,250,1355.27587890625,5.421103477478027,3.6664459705352783,0.19883334636688232,506250
2,2026,250,1284.72119140625,5.138884544372559,3.513720750808716,0.19843751192092896,506500
2,2027,250,1854.7900390625,7.41916036605835,3.239671230316162,0.19804167747497559,506750
2,2028,250,39.204315185546875,0.1568172574043274,3.352700710296631,0.19764584302902222,507000
2,2029,250,1702.0185546875,6.808073997497559,3.805197238922119,0.19725000858306885,507250
2,2030,250,1508.20068359375,6.032802581787109,3.578831672668457,0.19685417413711548,507500
2,2031,250,71.61346435546875,0.28645384311676025,3.5550739765167236,0.1964583396911621,507750
2,2032,250,1828.7310791015625,7.314924240112305,3.5554399490356445,0.19606250524520874,508000
2,2033,250,1519.5029296875,6.078011512756348,3.813612461090088,0.19566667079925537,508250
2,2034,250,1414.206298828125,5.656825065612793,3.65348744392395,0.195270836353302,508500
2,2035,250,1872.66796875,7.4906721115112305,3.4911537170410156,0.19487500190734863,508750
2,2036,250,-31.2491512298584,-0.1249966025352478,3.625070333480835,0.19447916746139526,509000
2,2037,250,-24.65686798095703,-0.098627470433712,4.000365734100342,0.1940833330154419,509250
2,2038,250,1788.5762939453125,7.1543049812316895,4.02395486831665,0.19368749856948853,509500
2,2039,250,1628.2618408203125,6.513047218322754,3.992917060852051,0.19329166412353516,509750
2,2040,250,1765.935791015625,7.0637431144714355,3.8398518562316895,0.1928958296775818,510000
2,2041,250,1738.7801513671875,6.95512056350708,4.350444793701172,0.19249999523162842,510250
2,2042,250,4.101983070373535,0.016407933086156845,3.8899447917938232,0.19210416078567505,510500
2,2043,250,1330.6171875,5.3224687576293945,4.185540199279785,0.19170832633972168,510750
2,2044,250,90.44383239746094,0.36177533864974976,3.8915884494781494,0.1913124918937683,511000
2,2045,250,1834.7030029296875,7.338811874389648,4.665068626403809,0.19091665744781494,511250
2,2046,250,1606.6923828125,6.426769733428955,4.2741804122924805,0.19052082300186157,511500
2,2047,250,1840.8411865234375,7.3633646965026855,4.048214912414551,0.1901249885559082,511750
2,2048,250,1346.503662109375,5.386014461517334,4.082742691040039,0.1897292137145996,512000
2,2049,250,99.32058715820312,0.39728236198425293,4.984173774719238,0.18933331966400146,512250
2,2050,250,1558.7476806640625,6.23499059677124,4.908299446105957,0.18893754482269287,512500
2,2051,250,1845.4581298828125,7.381832599639893,4.546627998352051,0.18854165077209473,512750
2,2052,250,1871.261474609375,7.485045909881592,4.346257209777832,0.18814587593078613,513000
2,2053,250,3.3041493892669678,0.013216597959399223,5.020506381988525,0.187749981880188,513250
2,2054,250,45.52064895629883,0.18208259344100952,4.8644537925720215,0.1873542070388794,513500
2,2055,250,1910.69140625,7.642765522003174,4.594392776489258,0.18695831298828125,513750
2,2056,250,1611.460205078125,6.445840835571289,4.774468421936035,0.18656253814697266,514000
2,2057,250,1569.946044921875,6.279784202575684,5.575193881988525,0.1861666440963745,514250
2,2058,250,1890.632080078125,7.562528133392334,4.943524360656738,0.18577086925506592,514500
2,2059,250,-29.477989196777344,-0.11791195720434189,4.84027099609375,0.18537497520446777,514750
2,2060,250,13.11961555480957,0.05247846245765686,4.7481818199157715,0.18497920036315918,515000
2,2061,250,1301.888916015625,5.207555770874023,5.322389602661133,0.18458330631256104,515250
2,2062,250,1882.67626953125,7.530704975128174,5.489694118499756,0.18418753147125244,515500
2,2063,250,9.024032592773438,0.036096129566431046,5.070745944976807,0.1837916374206543,515750
2,2064,250,1860.7166748046875,7.442866802215576,5.016693115234375,0.1833958625793457,516000
2,2065,250,1898.7314453125,7.594925880432129,5.448277950286865,0.18299996852874756,516250
2,2066,250,1581.2197265625,6.324878692626953,5.1298699378967285,0.18260419368743896,516500
2,2067,250,1597.20556640625,6.388822078704834,5.195124626159668,0.1822083592414856,516750
2,2068,250,-11.787031173706055,-0.047148123383522034,4.756886959075928,0.18181252479553223,517000
2,2069,250,1848.196044921875,7.392784118652344,5.009878158569336,0.18141669034957886,517250
2,2070,250,1901.5054931640625,7.606021881103516,4.745873928070068,0.1810208559036255,517500
2,2071,250,1893.1158447265625,7.572463512420654,4.987421989440918,0.18062502145767212,517750
2,2072,250,-26.365339279174805,-0.10546135902404785,4.518261432647705,0.18022918701171875,518000
2,2073,250,1795.6474609375,7.182590007781982,4.868743419647217,0.17983335256576538,518250
2,2074,250,1525.43115234375,6.101724624633789,4.866227149963379,0.179437518119812,518500
2,2075,250,1526.267578125,6.105070114135742,4.907937049865723,0.17904168367385864,518750
2,2076,250,-23.44058609008789,-0.0937623456120491,4.553440570831299,0.17864584922790527,519000
2,2077,250,921.8757934570312,3.6875030994415283,4.777501583099365,0.1782500147819519,519250
2,2078,250,1868.7760009765625,7.475103855133057,4.2039594650268555,0.17785418033599854,519500
2,2079,250,1456.127197265625,5.8245086669921875,4.213217258453369,0.17745834589004517,519750
2,2080,250,1576.020263671875,6.304080963134766,4.263737201690674,0.1770625114440918,520000
2,2081,250,-93.6039810180664,-0.37441593408584595,4.391170024871826,0.17666667699813843,520250
2,2082,250,1506.585693359375,6.026342868804932,4.1537275314331055,0.17627084255218506,520500
2,2083,250,1502.8822021484375,6.011528968811035,4.13884973526001,0.1758750081062317,520750
2,2084,250,1801.449462890625,7.2057976722717285,3.786196708679199,0.17547917366027832,521000
2,2085,250,1505.3572998046875,6.021429061889648,3.9429802894592285,0.17508333921432495,521250
2,2086,250,1549.0927734375,6.196371078491211,3.8680691719055176,0.17468750476837158,521500
2,2087,250,1662.1361083984375,6.6485443115234375,3.8517420291900635,0.1742916703224182,521750
2,2088,250,1577.558837890625,6.310235500335693,3.7435781955718994,0.17389589548110962,522000
2,2089,250,1421.5465087890625,5.686185836791992,3.968979835510254,0.17350000143051147,522250
2,2090,250,1625.29052734375,6.501162052154541,3.678065299987793,0.17310422658920288,522500
2,2091,250,1471.534423828125,5.88613748550415,3.5863025188446045,0.17270833253860474,522750
2,2092,250,869.0615234375,3.4762461185455322,3.632481336593628,0.17231255769729614,523000
2,2093,250,1843.444580078125,7.373778343200684,3.9725260734558105,0.171916663646698,523250
2,2094,250,1621.70263671875,6.486810684204102,3.5253584384918213,0.1715208888053894,523500
2,2095,250,1593.29345703125,6.373173713684082,3.349480390548706,0.17112499475479126,523750
2,2096,250,1464.67919921875,5.85871696472168,3.4651551246643066,0.17072921991348267,524000
2,2097,250,1425.95849609375,5.703834056854248,3.961566686630249,0.17033332586288452,524250
2,2098,250,1797.3314208984375,7.18932580947876,3.7112326622009277,0.16993755102157593,524500
2,2099,250,1565.74365234375,6.262974739074707,3.643338918685913,0.16954165697097778,524750
2,2100,250,1495.406982421875,5.981627941131592,3.475456476211548,0.1691458821296692,525000
2,2101,250,1555.7032470703125,6.222813129425049,3.432992458343506,0.16874998807907104,525250
2,2102,250,631.4517822265625,2.5258071422576904,3.4176111221313477,0.16835415363311768,525500
2,2103,250,1504.9765625,6.019906044006348,3.2140727043151855,0.1679583191871643,525750
2,2104,250,1556.4237060546875,6.22569465637207,3.2657015323638916,0.16756248474121094,526000
2,2105,250,1559.05322265625,6.236212730407715,3.773702383041382,0.16716665029525757,526250
2,2106,250,1446.3763427734375,5.785505294799805,3.3368570804595947,0.1667708158493042,526500
2,2107,250,1901.1441650390625,7.604576587677002,3.481043815612793,0.1663750410079956,526750
2,2108,250,1681.880126953125,6.72752046585083,3.295348882675171,0.16597914695739746,527000
2,2109,250,1810.271728515625,7.241086959838867,3.4725310802459717,0.16558337211608887,527250
2,2110,250,-24.877582550048828,-0.0995103269815445,3.4393131732940674,0.16518747806549072,527500
2,2111,250,-28.587440490722656,-0.11434976011514664,3.6134519577026367,0.16479170322418213,527750
2,2112,250,1677.862548828125,6.711450099945068,3.766096591949463,0.16439580917358398,528000
2,2113,250,-9.69245433807373,-0.03876981884241104,3.9734673500061035,0.1640000343322754,528250
2,2114,250,1471.49609375,5.885984420776367,3.7838072776794434,0.16360414028167725,528500
2,2115,250,671.18408203125,2.6847362518310547,3.6166858673095703,0.16320836544036865,528750
2,2116,250,-0.6013603210449219,-0.002405441366136074,3.8646316528320312,0.1628124713897705,529000
2,2117,250,1875.9471435546875,7.503788471221924,4.449716091156006,0.16241669654846191,529250
2,2118,250,50.37495422363281,0.2014998197555542,4.168546676635742,0.16202080249786377,529500
2,2119,250,1386.1640625,5.544656276702881,4.077368259429932,0.16162502765655518,529750
2,2120,250,1504.427001953125,6.017707824707031,3.774207830429077,0.16122913360595703,530000
2,2121,250,1813.7880859375,7.255152225494385,4.507394790649414,0.16083335876464844,530250
2,2122,250,1567.427490234375,6.269710063934326,4.144578456878662,0.1604374647140503,530500
2,2123,250,1114.1990966796875,4.456796169281006,3.7652554512023926,0.1600416898727417,530750
2,2124,250,1490.17919921875,5.960716724395752,3.8434500694274902,0.15964579582214355,531000
2,2125,250,1665.877197265625,6.663508892059326,4.303730487823486,0.15925002098083496,531250
2,2126,250,1482.29736328125,5.929189682006836,3.9615395069122314,0.1588541865348816,531500
2,2127,250,47.60077667236328,0.19040310382843018,4.0551228523254395,0.15845835208892822,531750
2,2128,250,1905.740478515625,7.62296199798584,3.9083054065704346,0.15806251764297485,532000
2,2129,250,1838.6077880859375,7.35443115234375,4.476836681365967,0.15766668319702148,532250
2,2130,250,1862.0540771484375,7.448216438293457,4.275186061859131,0.15727084875106812,532500
2,2131,250,1659.1973876953125,6.636789321899414,4.263768196105957,0.15687501430511475,532750
2,2132,250,1622.2562255859375,6.489025115966797,3.822725296020508,0.15647917985916138,533000
2,2133,250,1895.78857421875,7.583154201507568,4.52125883102417,0.156083345413208,533250
2,2134,250,1889.9388427734375,7.559755325317383,4.022262096405029,0.15568751096725464,533500
2,2135,250,1911.666015625,7.646664142608643,4.0485615730285645,0.15529167652130127,533750
2,2136,250,25.418193817138672,0.10167277604341507,3.9989569187164307,0.1548958420753479,534000
2,2137,250,2041.265869140625,8.165063858032227,4.756348609924316,0.15450000762939453,534250
2,2138,250,-36.55820846557617,-0.14623282849788666,4.395709037780762,0.15410417318344116,534500
2,2139,250,1685.845703125,6.743382930755615,4.272884845733643,0.1537083387374878,534750
2,2140,250,1738.9290771484375,6.955716133117676,4.35369348526001,0.15331250429153442,535000
2,2141,250,1600.31494140625,6.401259899139404,4.949073314666748,0.15291666984558105,535250
2,2142,250,-34.36326599121094,-0.13745306432247162,4.665815830230713,0.15252083539962769,535500
2,2143,250,1865.6434326171875,7.462573528289795,4.68569803237915,0.15212500095367432,535750
2,2144,250,-43.15087127685547,-0.17260348796844482,4.401452541351318,0.15172916650772095,536000
2,2145,250,1901.9041748046875,7.607616901397705,5.24804162979126,0.15133333206176758,536250
2,2146,250,-31.69257926940918,-0.12677031755447388,4.97161340713501,0.1509374976158142,536500
2,2147,250,1692.5819091796875,6.770327568054199,5.099068641662598,0.15054172277450562,536750
2,2148,250,1700.3758544921875,6.8015031814575195,4.542211055755615,0.15014582872390747,537000
2,2149,250,1517.929443359375,6.071717739105225,5.244982719421387,0.14975005388259888,537250
2,2150,250,-82.56472778320312,-0.33025890588760376,5.017185211181641,0.14935415983200073,537500
2,2151,250,1221.044677734375,4.884178638458252,4.564194202423096,0.14895838499069214,537750
2,2152,250,1735.84716796875,6.94338846206665,4.390402793884277,0.148562490940094,538000
2,2153,250,-45.274349212646484,-0.18109740316867828,4.912448883056641,0.1481667160987854,538250
2,2154,250,-26.717309951782227,-0.10686924308538437,4.748669624328613,0.14777082204818726,538500
2,2155,250,1711.2137451171875,6.844854831695557,4.619099140167236,0.14737504720687866,538750
2,2156,250,1693.033935546875,6.7721357345581055,4.077308654785156,0.14697915315628052,539000
2,2157,250,-29.050613403320312,-0.1162024512887001,5.059347629547119,0.14658337831497192,539250
2,2158,250,8.917731285095215,0.0356709249317646,4.25232458114624,0.14618748426437378,539500
2,2159,250,-24.514911651611328,-0.09805964678525925,4.217190265655518,0.14579170942306519,539750
2,2160,250,1852.3863525390625,7.409545421600342,4.2157673835754395,0.14539581537246704,540000
2,2161,250,1645.1280517578125,6.580512046813965,5.151697635650635,0.14500004053115845,540250
2,2162,250,-11.280206680297852,-0.04512082785367966,4.440080642700195,0.1446041464805603,540500
2,2163,250,1766.298095703125,7.065192222595215,4.5300092697143555,0.1442083716392517,540750
2,2164,250,-67.30270385742188,-0.2692108154296875,4.340693950653076,0.14381247758865356,541000
2,2165,250,1742.0704345703125,6.9682817459106445,5.29433536529541,0.14341670274734497,541250
2,2166,250,-33.85042190551758,-0.1354016810655594,4.817930221557617,0.1430208683013916,541500
2,2167,250,24.36520004272461,0.0974607989192009,4.727109432220459,0.14262503385543823,541750
2,2168,250,-37.14942932128906,-0.14859771728515625,4.683724880218506,0.14222919940948486,542000
2,2169,250,4.452969074249268,0.01781187579035759,5.608304023742676,0.1418333649635315,542250
2,2170,250,1910.4276123046875,7.64171028137207,5.3920674324035645,0.14143753051757812,542500
2,2171,250,1916.9853515625,7.667941570281982,4.968236923217773,0.14104169607162476,542750
2,2172,250,1793.51708984375,7.174068450927734,4.829976558685303,0.1406458616256714,543000
2,2173,250,1312.225830078125,5.248903274536133,5.70517635345459,0.14025002717971802,543250
2,2174,250,1952.9033203125,7.811613082885742,5.236311912536621,0.13985419273376465,543500
2,2175,250,1882.9287109375,7.531714916229248,4.763396263122559,0.13945835828781128,543750
2,2176,250,-18.92148208618164,-0.07568592578172684,4.654543876647949,0.1390625238418579,544000
2,2177,250,1571.5255126953125,6.286101818084717,6.0286641120910645,0.13866662979125977,544250
2,2178,250,1850.98974609375,7.403958797454834,4.982641220092773,0.13827085494995117,544500
2,2179,250,20.164012908935547,0.08065605163574219,4.939965724945068,0.13787496089935303,544750
2,2180,250,1934.103515625,7.736413955688477,4.854136943817139,0.13747918605804443,545000
2,2181,250,1828.9901123046875,7.31596040725708,5.884618282318115,0.1370832920074463,545250
2,2182,250,23.366104125976562,0.09346441924571991,5.257906913757324,0.1366875171661377,545500
2,2183,250,23.699600219726562,0.09479840099811554,5.122737407684326,0.13629162311553955,545750
2,2184,250,-18.566730499267578,-0.07426692545413971,4.936038494110107,0.13589584827423096,546000
2,2185,250,73.97277069091797,0.29589107632637024,6.539653778076172,0.1355000138282776,546250
2,2186,250,37.4691276550293,0.14987650513648987,5.612464427947998,0.13510417938232422,546500
2,2187,250,1723.31494140625,6.8932600021362305,5.530430793762207,0.13470834493637085,546750
2,2188,250,1960.8389892578125,7.843356132507324,5.407977104187012,0.13431251049041748,547000
2,2189,250,-17.282184600830078,-0.06912873685359955,5.913975715637207,0.1339166760444641,547250
2,2190,250,1901.094482421875,7.604377746582031,5.8016357421875,0.13352084159851074,547500
2,2191,250,-11.897175788879395,-0.04758870229125023,5.310457229614258,0.13312500715255737,547750
2,2192,250,-34.1519660949707,-0.13660787045955658,5.402515411376953,0.132729172706604,548000
2,2193,250,-11.480378150939941,-0.04592151194810867,6.406376838684082,0.13233333826065063,548250
2,2194,250,-69.47571563720703,-0.27790287137031555,5.9038190841674805,0.13193750381469727,548500
2,2195,250,-30.76207733154297,-0.1230483129620552,5.674450397491455,0.1315416693687439,548750
2,2196,250,-8.296649932861328,-0.03318659961223602,6.005558967590332,0.13114583492279053,549000
2,2197,250,-61.33116912841797,-0.24532467126846313,7.130939483642578,0.13075000047683716,549250
2,2198,250,-42.968780517578125,-0.17187511920928955,6.749635219573975,0.1303541660308838,549500
2,2199,250,-45.14066696166992,-0.18056267499923706,6.324029445648193,0.12995833158493042,549750
2,2200,250,1626.7542724609375,6.507017135620117,6.735800743103027,0.12956249713897705,550000
2,2201,250,21.470657348632812,0.08588262647390366,7.670152187347412,0.12916666269302368,550250
2,2202,250,7.349269390106201,0.02939707785844803,7.327741622924805,0.1287708282470703,550500
2,2203,250,-29.631805419921875,-0.11852721869945526,7.295292854309082,0.12837499380111694,550750
2,2204,250,-19.719404220581055,-0.07887762039899826,7.332338333129883,0.12797915935516357,551000
2,2205,250,734.6895141601562,2.938758134841919,8.5490083694458,0.1275833249092102,551250
2,2206,250,-26.303714752197266,-0.10521485656499863,8.058366775512695,0.1271875500679016,551500
2,2207,250,9.807599067687988,0.03923039510846138,7.57003116607666,0.12679165601730347,551750
2,2208,250,1637.3748779296875,6.54949951171875,7.444162845611572,0.12639588117599487,552000
2,2209,250,3.1529574394226074,0.012611829675734043,7.517375469207764,0.12599998712539673,552250
2,2210,250,1535.317626953125,6.141270637512207,7.076380729675293,0.12560421228408813,552500
2,2211,250,-4.514293670654297,-0.01805717498064041,7.148116588592529,0.12520831823349,552750
2,2212,250,-55.311832427978516,-0.2212473303079605,7.124100208282471,0.1248125433921814,553000
2,2213,250,1426.509033203125,5.70603609085083,7.769845008850098,0.12441664934158325,553250
2,2214,250,-25.29676055908203,-0.10118704289197922,7.582452297210693,0.12402087450027466,553500
2,2215,250,-62.291526794433594,-0.2491661012172699,7.632647514343262,0.12362498044967651,553750
2,2216,250,1559.834716796875,6.2393388748168945,7.401149272918701,0.12322920560836792,554000
2,2217,250,1342.7042236328125,5.370816707611084,7.932372093200684,0.12283331155776978,554250
2,2218,250,-30.566347122192383,-0.12226539105176926,7.71209716796875,0.12243753671646118,554500
2,2219,250,-9.16100788116455,-0.03664403036236763,7.473077297210693,0.12204164266586304,554750
2,2220,250,1528.263671875,6.1130547523498535,6.883322715759277,0.12164586782455444,555000
2,2221,250,983.6841430664062,3.934736490249634,8.24203872680664,0.1212499737739563,555250
2,2222,250,971.9512939453125,3.887805223464966,7.60910701751709,0.1208541989326477,555500
2,2223,250,-41.117801666259766,-0.16447120904922485,7.453237533569336,0.12045830488204956,555750
2,2224,250,854.9070434570312,3.419628143310547,7.115313529968262,0.12006253004074097,556000
2,2225,250,1158.5771484375,4.634308815002441,8.051048278808594,0.1196666955947876,556250
2,2226,250,860.6345825195312,3.442538261413574,7.059319972991943,0.11927086114883423,556500
2,2227,250,1493.7392578125,5.97495698928833,7.260775566101074,0.11887502670288086,556750
2,2228,250,-48.13203430175781,-0.1925281435251236,6.565107345581055,0.11847919225692749,557000
2,2229,250,1603.967041015625,6.415868282318115,7.983356952667236,0.11808335781097412,557250
2,2230,250,-68.1122817993164,-0.2724491357803345,7.319962978363037,0.11768752336502075,557500
2,2231,250,1574.4600830078125,6.297840118408203,6.863554000854492,0.11729168891906738,557750
2,2232,250,185.4976043701172,0.7419904470443726,6.8058624267578125,0.11689585447311401,558000
2,2233,250,1847.8818359375,7.39152717590332,7.340318202972412,0.11650002002716064,558250
2,2234,250,-83.94427490234375,-0.3357771039009094,6.843824863433838,0.11610418558120728,558500
2,2235,250,127.74834442138672,0.5109933614730835,6.59634256362915,0.1157083511352539,558750
2,2236,250,-109.68214416503906,-0.43872857093811035,6.5140767097473145,0.11531251668930054,559000
2,2237,250,-43.10915756225586,-0.17243662476539612,7.457213878631592,0.11491668224334717,559250
2,2238,250,-56.7451057434082,-0.22698041796684265,6.8920207023620605,0.1145208477973938,559500
2,2239,250,284.06866455078125,1.1362746953964233,6.682740211486816,0.11412501335144043,559750
2,2240,250,-64.49121856689453,-0.2579648792743683,6.588891506195068,0.11372917890548706,560000
2,2241,250,-44.72995376586914,-0.17891982197761536,7.62815523147583,0.11333334445953369,560250
2,2242,250,502.2697448730469,2.0090789794921875,7.0460052490234375,0.11293751001358032,560500
2,2243,250,-68.67593383789062,-0.2747037410736084,6.977508068084717,0.11254167556762695,560750
2,2244,250,1474.885009765625,5.899539947509766,6.700589179992676,0.11214584112167358,561000
2,2245,250,94.4407730102539,0.3777630925178528,7.033370018005371,0.11175000667572021,561250
2,2246,250,103.91064453125,0.4156425893306732,7.164748668670654,0.11135423183441162,561500
2,2247,250,32.763153076171875,0.13105261325836182,7.045230865478516,0.11095833778381348,561750
2,2248,250,10.995161056518555,0.04398064315319061,7.0102858543396,0.11056256294250488,562000
2,2249,250,-51.27274703979492,-0.2050909847021103,7.856444358825684,0.11016666889190674,562250
2,2250,250,1364.73828125,5.458952903747559,7.125091552734375,0.10977089405059814,562500
2,2251,250,23.944135665893555,0.09577654302120209,7.29888391494751,0.109375,562750
2,2252,250,41.28518295288086,0.16514073312282562,7.487458229064941,0.10897916555404663,563000
2,2253,250,169.4502410888672,0.6778009533882141,8.188989639282227,0.10858333110809326,563250
2,2254,250,200.93060302734375,0.8037224411964417,7.827682018280029,0.10818749666213989,563500
2,2255,250,18.77735710144043,0.07510942965745926,7.685131072998047,0.10779166221618652,563750
2,2256,250,199.02781677246094,0.7961112856864929,7.744029521942139,0.10739582777023315,564000
2,2257,250,92.6495132446289,0.37059804797172546,8.387770652770996,0.10699999332427979,564250
2,2258,250,332.2459716796875,1.3289839029312134,8.4326810836792,0.10660415887832642,564500
2,2259,250,238.45179748535156,0.9538071751594543,8.217569351196289,0.10620832443237305,564750
2,2260,250,56.291114807128906,0.22516445815563202,8.176948547363281,0.10581248998641968,565000
2,2261,250,51.33414077758789,0.2053365558385849,9.05286693572998,0.10541665554046631,565250
2,2262,250,703.993896484375,2.8159756660461426,8.576680183410645,0.10502082109451294,565500
2,2263,250,28.421733856201172,0.1136869341135025,8.481060981750488,0.10462498664855957,565750
2,2264,250,902.0126342773438,3.608050584793091,8.547445297241211,0.1042291522026062,566000
2,2265,250,99.54552459716797,0.39818209409713745,9.106450080871582,0.10383337736129761,566250
2,2266,250,1025.18408203125,4.100736141204834,9.018403053283691,0.10343748331069946,566500
2,2267,250,-41.25127029418945,-0.16500508785247803,8.751561164855957,0.10304170846939087,566750
2,2268,250,1473.61865234375,5.894474506378174,8.890671730041504,0.10264581441879272,567000
2,2269,250,194.755615234375,0.7790224552154541,9.06575870513916,0.10225003957748413,567250
2,2270,250,83.99100494384766,0.33596402406692505,8.675396919250488,0.10185414552688599,567500
2,2271,250,216.87863159179688,0.8675145506858826,8.457365989685059,0.10145837068557739,567750
2,2272,250,161.00364685058594,0.6440145969390869,8.544129371643066,0.10106247663497925,568000
2,2273,250,285.3933410644531,1.1415733098983765,8.842072486877441,0.10066670179367065,568250
2,2274,250,38.515037536621094,0.15406015515327454,8.606147766113281,0.10027080774307251,568500
2,2275,250,1614.488037109375,6.45795202255249,8.491942405700684,0.09987503290176392,568750
2,2276,250,1388.9937744140625,5.555974960327148,8.315752029418945,0.09947913885116577,569000
2,2277,250,862.032470703125,3.448129892349243,8.916899681091309,0.09908336400985718,569250
2,2278,250,650.4296875,2.6017186641693115,8.666813850402832,0.09868746995925903,569500
2,2279,250,406.1671142578125,1.6246684789657593,8.425743103027344,0.09829169511795044,569750
2,2280,250,177.40467834472656,0.7096186876296997,8.398279190063477,0.0978958010673523,570000
2,2281,250,401.513427734375,1.6060537099838257,8.933197975158691,0.0975000262260437,570250
2,2282,250,98.87589263916016,0.39550358057022095,8.866477966308594,0.09710413217544556,570500
2,2283,250,1224.93603515625,4.899744033813477,8.279587745666504,0.09670835733413696,570750
2,2284,250,1025.711181640625,4.102844715118408,8.369022369384766,0.0963125228881836,571000
2,2285,250,170.92922973632812,0.683716893196106,8.78686809539795,0.09591668844223022,571250
2,2286,250,1167.849853515625,4.6713995933532715,8.350035667419434,0.09552085399627686,571500
2,2287,250,718.3558959960938,2.8734235763549805,8.154678344726562,0.09512501955032349,571750
2,2288,250,1026.773681640625,4.107094764709473,8.053556442260742,0.09472918510437012,572000
2,2289,250,525.052734375,2.1002109050750732,9.277731895446777,0.09433335065841675,572250
2,2290,250,1611.267333984375,6.445069313049316,8.778114318847656,0.09393751621246338,572500
2,2291,250,1212.359619140625,4.849438667297363,8.322761535644531,0.09354168176651001,572750
2,2292,250,111.1814956665039,0.44472599029541016,8.459248542785645,0.09314584732055664,573000
2,2293,250,1437.9342041015625,5.751736640930176,9.08971118927002,0.09275001287460327,573250
2,2294,250,63.891395568847656,0.2555655837059021,9.043925285339355,0.0923541784286499,573500
2,2295,250,1100.59912109375,4.4023966789245605,8.632176399230957,0.09195834398269653,573750
2,2296,250,885.5899658203125,3.5423598289489746,8.30219841003418,0.09156250953674316,574000
2,2297,250,1633.1593017578125,6.532637119293213,9.064654350280762,0.0911666750907898,574250
2,2298,250,734.2570190429688,2.937028169631958,8.934479713439941,0.09077084064483643,574500
2,2299,250,1300.55615234375,5.2022247314453125,8.532903671264648,0.09037500619888306,574750
2,2300,250,1313.2454833984375,5.252982139587402,8.270520210266113,0.08997917175292969,575000
2,2301,250,1333.3243408203125,5.333297252655029,8.531423568725586,0.08958333730697632,575250
2,2302,250,10.386982917785645,0.04154793173074722,8.432961463928223,0.08918750286102295,575500
2,2303,250,239.41073608398438,0.9576429724693298,8.151557922363281,0.08879166841506958,575750
2,2304,250,-90.63512420654297,-0.36254048347473145,8.077483177185059,0.08839583396911621,576000
2,2305,250,-36.37498092651367,-0.14549992978572845,8.943143844604492,0.08800005912780762,576250
2,2306,250,57.586402893066406,0.23034560680389404,8.42548942565918,0.08760416507720947,576500
2,2307,250,1323.358642578125,5.2934346199035645,8.499685287475586,0.08720839023590088,576750
2,2308,250,1084.267333984375,4.337069511413574,8.555519104003906,0.08681249618530273,577000
2,2309,250,1549.469482421875,6.197877883911133,8.77126407623291,0.08641672134399414,577250
2,2310,250,540.91552734375,2.1636621952056885,8.453597068786621,0.086020827293396,577500
2,2311,250,946.7022094726562,3.786808729171753,8.22394847869873,0.0856250524520874,577750
2,2312,250,50.659996032714844,0.20263998210430145,8.19365119934082,0.08522915840148926,578000
2,2313,250,1295.50341796875,5.182013511657715,8.285037994384766,0.08483338356018066,578250
2,2314,250,1157.79443359375,4.63117790222168,8.149243354797363,0.08443748950958252,578500
2,2315,250,1324.15673828125,5.296627044677734,7.735098361968994,0.08404171466827393,578750
2,2316,250,1010.3324584960938,4.041329860687256,8.009332656860352,0.08364582061767578,579000
2,2317,250,1332.25830078125,5.329033374786377,8.012191772460938,0.08325004577636719,579250
2,2318,250,1424.824951171875,5.6992998123168945,7.65801477432251,0.08285415172576904,579500
2,2319,250,1004.16748046875,4.016669750213623,7.852447509765625,0.08245837688446045,579750
2,2320,250,1245.3466796875,4.981386661529541,7.445540904998779,0.0820624828338623,580000
2,2321,250,1347.415283203125,5.3896613121032715,7.676156520843506,0.08166670799255371,580250
2,2322,250,1793.110595703125,7.172442436218262,7.389547348022461,0.08127081394195557,580500
2,2323,250,761.71337890625,3.046853542327881,7.091125011444092,0.08087503910064697,580750
2,2324,250,1704.96435546875,6.819857597351074,7.029788494110107,0.0804792046546936,581000
2,2325,250,1808.1275634765625,7.232510089874268,7.1684794425964355,0.08008337020874023,581250
2,2326,250,1368.212890625,5.472851753234863,6.694000720977783,0.07968753576278687,581500
2,2327,250,1502.14013671875,6.008560657501221,6.7887492179870605,0.07929164171218872,581750
2,2328,250,1560.9063720703125,6.243625640869141,6.640598297119141,0.07889586687088013,582000
2,2329,250,45.22795867919922,0.1809118390083313,6.648947715759277,0.07849997282028198,582250
2,2330,250,1525.94091796875,6.103763580322266,6.7795281410217285,0.07810419797897339,582500
2,2331,250,-204.3168487548828,-0.8172674179077148,6.578958988189697,0.07770830392837524,582750
2,2332,250,1770.1663818359375,7.080665588378906,6.61163330078125,0.07731252908706665,583000
2,2333,250,1754.0904541015625,7.016361713409424,6.490431308746338,0.0769166350364685,583250
2,2334,250,-0.26094138622283936,-0.0010437655728310347,6.524751663208008,0.07652086019515991,583500
2,2335,250,56.15471267700195,0.2246188521385193,6.382557392120361,0.07612496614456177,583750
2,2336,250,1757.306396484375,7.0292253494262695,6.419139862060547,0.07572919130325317,584000
2,2337,250,1767.3416748046875,7.069366931915283,6.843530178070068,0.07533329725265503,584250
2,2338,250,1791.9658203125,7.167863368988037,6.4446916580200195,0.07493752241134644,584500
2,2339,250,1798.73095703125,7.1949238777160645,6.573962211608887,0.07454162836074829,584750
2,2340,250,1706.5333251953125,6.8261332511901855,6.219266414642334,0.0741458535194397,585000
2,2341,250,1760.1468505859375,7.040587425231934,6.711172580718994,0.07374995946884155,585250
2,2342,250,1814.339599609375,7.257358551025391,6.506285190582275,0.07335418462753296,585500
2,2343,250,1704.87890625,6.819515705108643,6.2377800941467285,0.07295835018157959,585750
2,2344,250,1426.7999267578125,5.707199573516846,5.990564346313477,0.07256251573562622,586000
2,2345,250,1765.6451416015625,7.062580585479736,5.819206714630127,0.07216668128967285,586250
2,2346,250,1745.2147216796875,6.98085880279541,5.566378116607666,0.07177084684371948,586500
2,2347,250,1765.5301513671875,7.06212043762207,5.2654924392700195,0.07137501239776611,586750
2,2348,250,1772.14501953125,7.088580131530762,5.0696940422058105,0.07097917795181274,587000
2,2349,250,1762.934814453125,7.05173921585083,5.540945529937744,0.07058334350585938,587250
2,2350,250,1767.4176025390625,7.0696702003479,5.100527763366699,0.070187509059906,587500
2,2351,250,56.507938385009766,0.22603175044059753,4.660354137420654,0.06979167461395264,587750
2,2352,250,458.0216064453125,1.832086443901062,4.666619777679443,0.06939584016799927,588000
2,2353,250,1792.74560546875,7.170982360839844,5.142632007598877,0.0690000057220459,588250
2,2354,250,1744.411865234375,6.977647304534912,4.655148029327393,0.06860417127609253,588500
2,2355,250,703.938720703125,2.8157548904418945,4.805922508239746,0.06820833683013916,588750
2,2356,250,1751.075927734375,7.004303932189941,4.8808159828186035,0.06781250238418579,589000
2,2357,250,1759.87744140625,7.0395097732543945,4.730810165405273,0.06741666793823242,589250
2,2358,250,1772.08984375,7.088359355926514,4.510270118713379,0.06702083349227905,589500
2,2359,250,1485.1500244140625,5.9405999183654785,4.531877040863037,0.06662499904632568,589750
2,2360,250,1492.8541259765625,5.971416473388672,4.187668800354004,0.06622916460037231,590000
2,2361,250,1344.6748046875,5.37869930267334,4.817416667938232,0.06583333015441895,590250
2,2362,250,1778.9373779296875,7.115749359130859,4.726840019226074,0.06543749570846558,590500
2,2363,250,1745.02880859375,6.9801154136657715,4.335357666015625,0.06504166126251221,590750
2,2364,250,1762.5068359375,7.050027370452881,4.057447910308838,0.06464588642120361,591000
2,2365,250,1805.550048828125,7.222200393676758,4.539495468139648,0.06424999237060547,591250
2,2366,250,1783.713134765625,7.134852409362793,4.24369478225708,0.06385421752929688,591500
2,2367,250,1739.4716796875,6.957886695861816,4.101988315582275,0.06345832347869873,591750
2,2368,250,1132.091552734375,4.5283660888671875,4.190000057220459,0.06306254863739014,592000
2,2369,250,1272.146240234375,5.088584899902344,4.466588020324707,0.06266665458679199,592250
2,2370,250,1747.6680908203125,6.990672588348389,4.062691688537598,0.0622708797454834,592500
2,2371,250,1268.28466796875,5.07313871383667,4.15515661239624,0.061874985694885254,592750
2,2372,250,1772.5875244140625,7.090350151062012,3.89910888671875,0.06147921085357666,593000
2,2373,250,854.24853515625,3.416994094848633,4.25888729095459,0.061083316802978516,593250
2,2374,250,1432.2874755859375,5.72914981842041,4.138195991516113,0.06068754196166992,593500
2,2375,250,1779.468017578125,7.11787223815918,3.8384194374084473,0.06029164791107178,593750
2,2376,250,1721.5526123046875,6.8862104415893555,3.813749074935913,0.059895873069763184,594000
2,2377,250,1820.37353515625,7.281494140625,4.126328468322754,0.05949997901916504,594250
2,2378,250,1380.6717529296875,5.522686958312988,4.0509819984436035,0.059104204177856445,594500
2,2379,250,1546.4066162109375,6.18562650680542,3.7287304401397705,0.0587083101272583,594750
2,2380,250,1527.4073486328125,6.1096296310424805,3.789483070373535,0.05831253528594971,595000
2,2381,250,1746.2781982421875,6.98511266708374,4.142678737640381,0.05791664123535156,595250
2,2382,250,1424.61279296875,5.698451042175293,3.684407949447632,0.05752086639404297,595500
2,2383,250,1624.576171875,6.498304843902588,3.8054628372192383,0.0571250319480896,595750
2,2384,250,986.1368408203125,3.944547414779663,3.6718688011169434,0.05672919750213623,596000
2,2385,250,1402.654541015625,5.6106181144714355,4.062495708465576,0.05633336305618286,596250
2,2386,250,1502.63427734375,6.010537147521973,4.109838008880615,0.05593752861022949,596500
2,2387,250,1712.750732421875,6.8510026931762695,4.191372871398926,0.05554169416427612,596750
2,2388,250,1790.4471435546875,7.161788463592529,3.8441708087921143,0.055145859718322754,597000
2,2389,250,1403.365966796875,5.613463878631592,4.173404693603516,0.054750025272369385,597250
2,2390,250,1801.541015625,7.2061638832092285,4.265848636627197,0.054354190826416016,597500
2,2391,250,1246.4556884765625,4.985822677612305,4.086857318878174,0.053958356380462646,597750
2,2392,250,1570.13134765625,6.280525207519531,3.70829701423645,0.05356252193450928,598000
2,2393,250,1757.7467041015625,7.030986785888672,3.9475297927856445,0.05316668748855591,598250
2,2394,250,1790.8231201171875,7.163292407989502,3.5046916007995605,0.05277085304260254,598500
2,2395,250,1783.583740234375,7.134335041046143,3.4672951698303223,0.05237501859664917,598750
2,2396,250,1799.02685546875,7.196107387542725,3.3717081546783447,0.0519791841506958,599000
2,2397,250,1744.4097900390625,6.977639198303223,3.4511990547180176,0.05158334970474243,599250
2,2398,250,1825.6483154296875,7.302593231201172,3.3638970851898193,0.05118751525878906,599500
2,2399,250,1273.462890625,5.093851566314697,3.509678840637207,0.05079168081283569,599750
2,2400,250,1804.71923828125,7.218876838684082,3.265193223953247,0.050395846366882324,600000
2,2401,250,1846.954833984375,7.387819290161133,3.5056939125061035,0.050000011920928955,600250
2,2402,250,1784.05615234375,7.136224746704102,3.575151205062866,0.050000011920928955,600500
2,2403,250,1758.43505859375,7.033740043640137,3.2614400386810303,0.050000011920928955,600750
2,2404,250,1665.1539306640625,6.660615921020508,3.106797218322754,0.050000011920928955,601000
2,2405,250,1284.428955078125,5.137715816497803,3.6446635723114014,0.050000011920928955,601250
2,2406,250,1796.0941162109375,7.184376239776611,3.5651867389678955,0.050000011920928955,601500
2,2407,250,1769.806884765625,7.079227447509766,3.4703972339630127,0.050000011920928955,601750
2,2408,250,1796.298095703125,7.185192584991455,3.261488676071167,0.050000011920928955,602000
2,2409,250,1704.6004638671875,6.81840181350708,3.678846597671509,0.050000011920928955,602250
2,2410,250,1532.25830078125,6.129033088684082,3.422095537185669,0.050000011920928955,602500
2,2411,250,1411.6107177734375,5.646442890167236,3.5824639797210693,0.050000011920928955,602750
2,2412,250,1808.2515869140625,7.233006477355957,3.2196314334869385,0.050000011920928955,603000
2,2413,250,1777.46484375,7.109859466552734,3.3426852226257324,0.050000011920928955,603250
2,2414,250,1823.8839111328125,7.295535564422607,3.1969549655914307,0.050000011920928955,603500
2,2415,250,1301.865478515625,5.207461833953857,3.2843337059020996,0.050000011920928955,603750
2,2416,250,1766.2003173828125,7.064801216125488,3.134507179260254,0.050000011920928955,604000
2,2417,250,1765.581298828125,7.0623250007629395,3.343404531478882,0.050000011920928955,604250
2,2418,250,1700.9813232421875,6.803925514221191,3.181894063949585,0.050000011920928955,604500
2,2419,250,1704.97216796875,6.819888591766357,3.117105484008789,0.050000011920928955,604750
2,2420,250,1565.16796875,6.260672092437744,3.0935583114624023,0.050000011920928955,605000
2,2421,250,-13.317750930786133,-0.05327100306749344,3.315375804901123,0.050000011920928955,605250
2,2422,250,1.944573163986206,0.0077782925218343735,3.5185177326202393,0.050000011920928955,605500
2,2423,250,1779.4659423828125,7.117863655090332,3.8112876415252686,0.050000011920928955,605750
2,2424,250,1772.9547119140625,7.091818809509277,3.4390368461608887,0.050000011920928955,606000
2,2425,250,1156.467041015625,4.625868320465088,3.608346462249756,0.050000011920928955,606250
2,2426,250,1680.313232421875,6.721252918243408,3.559824228286743,0.050000011920928955,606500
2,2427,250,1804.0899658203125,7.216360092163086,3.611966848373413,0.050000011920928955,606750
2,2428,250,1507.1798095703125,6.028719425201416,3.752192974090576,0.050000011920928955,607000
2,2429,250,1779.591064453125,7.118364334106445,3.6668834686279297,0.050000011920928955,607250
2,2430,250,1575.602783203125,6.302411079406738,3.5747029781341553,0.050000011920928955,607500
2,2431,250,1244.869384765625,4.979477405548096,3.5425143241882324,0.050000011920928955,607750
2,2432,250,1694.6448974609375,6.7785797119140625,3.618880271911621,0.050000011920928955,608000
2,2433,250,-19.316476821899414,-0.0772659108042717,4.002521514892578,0.050000011920928955,608250
2,2434,250,1803.6798095703125,7.214719295501709,4.0897955894470215,0.050000011920928955,608500
2,2435,250,1729.424072265625,6.917696475982666,4.0726799964904785,0.050000011920928955,608750
2,2436,250,-50.2269401550293,-0.20090776681900024,3.8980400562286377,0.050000011920928955,609000
2,2437,250,1451.705810546875,5.806823253631592,4.869922637939453,0.050000011920928955,609250
2,2438,250,1579.07080078125,6.316283226013184,4.621165752410889,0.050000011920928955,609500
2,2439,250,1752.0875244140625,7.008349895477295,4.493449687957764,0.050000011920928955,609750
2,2440,250,72.7581787109375,0.29103270173072815,4.60119104385376,0.050000011920928955,610000
2,2441,250,1787.0562744140625,7.1482253074646,5.0302934646606445,0.050000011920928955,610250
2,2442,250,37.30546569824219,0.14922186732292175,4.792227268218994,0.050000011920928955,610500
2,2443,250,1587.790771484375,6.351162910461426,4.909658432006836,0.050000011920928955,610750
2,2444,250,1181.9696044921875,4.727878570556641,4.874943733215332,0.050000011920928955,611000
2,2445,250,1251.942138671875,5.007768630981445,5.43791389465332,0.050000011920928955,611250
2,2446,250,1199.4423828125,4.797769546508789,5.1353325843811035,0.050000011920928955,611500
2,2447,250,1692.5499267578125,6.770199775695801,4.9128313064575195,0.050000011920928955,611750
2,2448,250,630.0560302734375,2.520224094390869,4.89957332611084,0.050000011920928955,612000
2,2449,250,65.69802856445312,0.26279211044311523,4.920205116271973,0.050000011920928955,612250
2,2450,250,91.6011962890625,0.36640477180480957,5.187026023864746,0.050000011920928955,612500
2,2451,250,-86.83677673339844,-0.34734711050987244,5.452788829803467,0.050000011920928955,612750
2,2452,250,-96.40621185302734,-0.38562485575675964,5.528782367706299,0.050000011920928955,613000
2,2453,250,805.6885375976562,3.2227542400360107,5.9698381423950195,0.050000011920928955,613250
2,2454,250,3.0217883586883545,0.012087153270840645,6.090497970581055,0.050000011920928955,613500
2,2455,250,1804.098876953125,7.216395378112793,6.094958782196045,0.050000011920928955,613750
2,2456,250,1611.11962890625,6.444478511810303,6.14336633682251,0.050000011920928955,614000
2,2457,250,1727.4461669921875,6.90978479385376,6.224715709686279,0.050000011920928955,614250
2,2458,250,22.806640625,0.09122656285762787,6.022740840911865,0.050000011920928955,614500
2,2459,250,1703.545654296875,6.814182758331299,6.472886562347412,0.050000011920928955,614750
2,2460,250,-30.55368423461914,-0.12221473455429077,6.289868354797363,0.050000011920928955,615000
2,2461,250,1474.4351806640625,5.897740840911865,6.236544132232666,0.050000011920928955,615250
2,2462,250,1499.92236328125,5.99968957901001,5.943997859954834,0.050000011920928955,615500
2,2463,250,53.25295639038086,0.21301183104515076,5.876125335693359,0.050000011920928955,615750
2,2464,250,82.99915313720703,0.3319966197013855,6.176477909088135,0.050000011920928955,616000
2,2465,250,1409.9423828125,5.639769554138184,6.684664249420166,0.050000011920928955,616250
2,2466,250,1407.8359375,5.631343841552734,6.565935134887695,0.050000011920928955,616500
2,2467,250,80.73673248291016,0.3229469358921051,6.348306179046631,0.050000011920928955,616750
2,2468,250,1759.983642578125,7.0399346351623535,6.63252592086792,0.050000011920928955,617000
2,2469,250,1721.696533203125,6.886785984039307,6.489676475524902,0.050000011920928955,617250
2,2470,250,1812.1865234375,7.248745918273926,6.318098068237305,0.050000011920928955,617500
2,2471,250,62.95263671875,0.25181055068969727,6.504446029663086,0.050000011920928955,617750
2,2472,250,1718.7098388671875,6.8748393058776855,6.566485404968262,0.050000011920928955,618000
2,2473,250,2.7280306816101074,0.010912123136222363,7.048254489898682,0.050000011920928955,618250
2,2474,250,23.72024154663086,0.09488096833229065,6.993553638458252,0.050000011920928955,618500
2,2475,250,79.25701141357422,0.3170280456542969,7.585671424865723,0.050000011920928955,618750
2,2476,250,-62.394771575927734,-0.24957908689975739,7.11405611038208,0.050000011920928955,619000
2,2477,250,-14.536442756652832,-0.05814577266573906,7.641447067260742,0.050000011920928955,619250
2,2478,250,86.31985473632812,0.34527942538261414,7.381519794464111,0.050000011920928955,619500
2,2479,250,65.17564392089844,0.26070258021354675,7.165098190307617,0.050000011920928955,619750
2,2480,250,62.19501495361328,0.2487800568342209,7.494095325469971,0.050000011920928955,620000
2,2481,250,68.55248260498047,0.2742099165916443,8.435047149658203,0.050000011920928955,620250
2,2482,250,-26.850683212280273,-0.1074027344584465,8.137210845947266,0.050000011920928955,620500
2,2483,250,-69.16592407226562,-0.2766636908054352,7.8293352127075195,0.050000011920928955,620750
2,2484,250,49.68198013305664,0.19872792065143585,7.72189474105835,0.050000011920928955,621000
2,2485,250,1689.30029296875,6.757201194763184,8.188274383544922,0.050000011920928955,621250
2,2486,250,-54.146060943603516,-0.216584250330925,8.152259826660156,0.050000011920928955,621500
2,2487,250,-61.03593826293945,-0.2441437542438507,8.092986106872559,0.050000011920928955,621750
2,2488,250,-33.03084945678711,-0.13212339580059052,7.786865234375,0.050000011920928955,622000
2,2489,250,60.93610763549805,0.24374443292617798,9.0236177444458,0.050000011920928955,622250
2,2490,250,98.96265411376953,0.39585062861442566,8.55798053741455,0.050000011920928955,622500
2,2491,250,-29.138565063476562,-0.11655426025390625,8.045379638671875,0.050000011920928955,622750
2,2492,250,-43.55503845214844,-0.17422015964984894,7.982405662536621,0.050000011920928955,623000
2,2493,250,32.84811782836914,0.1313924640417099,8.793874740600586,0.050000011920928955,623250
2,2494,250,268.3199157714844,1.073279619216919,8.474356651306152,0.050000011920928955,623500
2,2495,250,10.590068817138672,0.042360275983810425,8.163300514221191,0.050000011920928955,623750
2,2496,250,-48.411895751953125,-0.1936475783586502,8.570417404174805,0.050000011920928955,624000
2,2497,250,66.49028778076172,0.2659611403942108,9.290861129760742,0.050000011920928955,624250
2,2498,250,4.7425537109375,0.018970215693116188,9.574930191040039,0.050000011920928955,624500
2,2499,250,-3.33211088180542,-0.01332844328135252,8.996143341064453,0.050000011920928955,624750
2,2500,250,1418.361328125,5.673445224761963,8.639955520629883,0.050000011920928955,625000
2,2501,250,-9.162701606750488,-0.03665080666542053,9.42903995513916,0.050000011920928955,625250
2,2502,250,970.77392578125,3.8830957412719727,8.84934139251709,0.050000011920928955,625500
2,2503,250,104.23855590820312,0.4169542193412781,9.039640426635742,0.050000011920928955,625750
2,2504,250,250.9309844970703,1.0037239789962769,8.828518867492676,0.050000011920928955,626000
2,2505,250,841.666748046875,3.3666670322418213,9.39648151397705,0.050000011920928955,626250
2,2506,250,1301.849609375,5.207398414611816,8.847892761230469,0.050000011920928955,626500
2,2507,250,1332.19140625,5.328765392303467,9.341809272766113,0.050000011920928955,626750
2,2508,250,1281.63232421875,5.126529216766357,8.971816062927246,0.050000011920928955,627000
2,2509,250,1344.62353515625,5.3784942626953125,9.845015525817871,0.050000011920928955,627250
2,2510,250,1139.4168701171875,4.557667255401611,9.940884590148926,0.050000011920928955,627500
2,2511,250,1394.85498046875,5.57942008972168,9.77877426147461,0.050000011920928955,627750
2,2512,250,1462.60498046875,5.850419998168945,9.256250381469727,0.050000011920928955,628000
2,2513,250,1435.7659912109375,5.743063926696777,10.339848518371582,0.050000011920928955,628250
2,2514,250,1457.3758544921875,5.829503536224365,9.712522506713867,0.050000011920928955,628500
2,2515,250,1412.664794921875,5.650659084320068,9.302946090698242,0.050000011920928955,628750
2,2516,250,509.1748352050781,2.0366992950439453,9.241764068603516,0.050000011920928955,629000
2,2517,250,1146.8668212890625,4.587467193603516,10.177669525146484,0.050000011920928955,629250
2,2518,250,960.6982421875,3.8427929878234863,9.68109130859375,0.050000011920928955,629500
2,2519,250,1386.484619140625,5.545938491821289,8.853407859802246,0.050000011920928955,629750
2,2520,250,1477.451904296875,5.9098076820373535,8.736525535583496,0.050000011920928955,630000
2,2521,250,1409.455078125,5.637820243835449,8.78278636932373,0.050000011920928955,630250
2,2522,250,1383.018310546875,5.532073020935059,8.19878101348877,0.050000011920928955,630500
2,2523,250,786.8221435546875,3.1472885608673096,8.08688735961914,0.050000011920928955,630750
2,2524,250,1070.904052734375,4.283616065979004,8.246222496032715,0.050000011920928955,631000
2,2525,250,807.3833618164062,3.2295334339141846,8.271768569946289,0.050000011920928955,631250
2,2526,250,739.853271484375,2.9594130516052246,8.504731178283691,0.050000011920928955,631500
2,2527,250,1046.36962890625,4.185478687286377,8.020954132080078,0.050000011920928955,631750
2,2528,250,1021.2869262695312,4.085147857666016,7.939363479614258,0.050000011920928955,632000
2,2529,250,1384.9761962890625,5.539904594421387,8.25304126739502,0.050000011920928955,632250
2,2530,250,1365.600830078125,5.462403297424316,7.611071586608887,0.050000011920928955,632500
2,2531,250,1287.898193359375,5.15159273147583,7.181426048278809,0.050000011920928955,632750
2,2532,250,988.5880126953125,3.9543521404266357,7.246308326721191,0.050000011920928955,633000
2,2533,250,1003.361328125,4.0134453773498535,7.248408317565918,0.050000011920928955,633250
2,2534,250,1393.2945556640625,5.573178291320801,7.015230655670166,0.050000011920928955,633500
2,2535,250,1310.981201171875,5.243924617767334,6.76769495010376,0.050000011920928955,633750
2,2536,250,1333.0604248046875,5.332241535186768,6.363061904907227,0.050000011920928955,634000
2,2537,250,1725.7427978515625,6.902971267700195,6.5943827629089355,0.050000011920928955,634250
2,2538,250,1669.91015625,6.679640769958496,6.325560092926025,0.050000011920928955,634500
2,2539,250,1362.5841064453125,5.450336456298828,5.927611351013184,0.050000011920928955,634750
2,2540,250,1313.630126953125,5.254520416259766,5.837007522583008,0.050000011920928955,635000
2,2541,250,1311.305908203125,5.245223522186279,5.986954212188721,0.050000011920928955,635250
2,2542,250,1436.791015625,5.747164249420166,5.74405574798584,0.050000011920928955,635500
2,2543,250,1388.0302734375,5.552121162414551,5.565887451171875,0.050000011920928955,635750
2,2544,250,1729.3287353515625,6.9173150062561035,5.0858025550842285,0.050000011920928955,636000
2,2545,250,1267.531982421875,5.070127964019775,5.28460168838501,0.050000011920928955,636250
2,2546,250,1736.54736328125,6.9461894035339355,5.413618087768555,0.050000011920928955,636500
2,2547,250,1711.830810546875,6.847323417663574,5.028482437133789,0.050000011920928955,636750
2,2548,250,1138.552490234375,4.554210186004639,4.949476718902588,0.050000011920928955,637000
2,2549,250,1392.16064453125,5.568642616271973,5.5658860206604,0.050000011920928955,637250
2,2550,250,1725.681884765625,6.9027276039123535,4.996419906616211,0.050000011920928955,637500
2,2551,250,1702.56591796875,6.810263633728027,5.165293216705322,0.050000011920928955,637750
2,2552,250,1221.927001953125,4.8877081871032715,4.833903789520264,0.050000011920928955,638000
2,2553,250,286.840087890625,1.1473603248596191,5.308638572692871,0.050000011920928955,638250
2,2554,250,479.69921875,1.9187968969345093,5.293899059295654,0.050000011920928955,638500
2,2555,250,797.1727294921875,3.1886909008026123,5.371625900268555,0.050000011920928955,638750
2,2556,250,1143.026123046875,4.572104454040527,5.151537895202637,0.050000011920928955,639000
2,2557,250,1700.9840087890625,6.803936004638672,5.660324573516846,0.050000011920928955,639250
2,2558,250,1698.1326904296875,6.792530536651611,5.3283796310424805,0.050000011920928955,639500
2,2559,250,1716.74267578125,6.866970539093018,5.404613971710205,0.050000011920928955,639750
2,2560,250,144.0137481689453,0.5760549902915955,5.1711201667785645,0.050000011920928955,640000
2,2561,250,1727.7783203125,6.911113262176514,5.822609901428223,0.050000011920928955,640250
2,2562,250,1436.6256103515625,5.74650239944458,5.713200092315674,0.050000011920928955,640500
2,2563,250,1186.8140869140625,4.747256278991699,5.214259624481201,0.050000011920928955,640750
2,2564,250,835.582275390625,3.3423290252685547,5.3187408447265625,0.050000011920928955,641000
2,2565,250,857.900634765625,3.4316024780273438,5.811880111694336,0.050000011920928955,641250
2,2566,250,566.794677734375,2.267178773880005,5.570588111877441,0.050000011920928955,641500
2,2567,250,1722.363525390625,6.889453887939453,5.6346869468688965,0.050000011920928955,641750
2,2568,250,1049.8831787109375,4.199532508850098,5.594411373138428,0.050000011920928955,642000
2,2569,250,25.93146514892578,0.1037258580327034,5.936847686767578,0.050000011920928955,642250
2,2570,250,1675.094482421875,6.700377941131592,6.035221099853516,0.050000011920928955,642500
2,2571,250,1700.5528564453125,6.802211284637451,5.711925506591797,0.050000011920928955,642750
2,2572,250,1655.8826904296875,6.623530864715576,5.614725112915039,0.050000011920928955,643000
2,2573,250,1704.1646728515625,6.8166584968566895,6.106936454772949,0.050000011920928955,643250
2,2574,250,1719.7457275390625,6.878983020782471,5.760006904602051,0.050000011920928955,643500
2,2575,250,1556.0987548828125,6.224394798278809,5.427847385406494,0.050000011920928955,643750
2,2576,250,1368.11962890625,5.47247838973999,5.309188365936279,0.050000011920928955,644000
2,2577,250,1686.752685546875,6.747010707855225,5.601653099060059,0.050000011920928955,644250
2,2578,250,94.481689453125,0.377926766872406,5.693178653717041,0.050000011920928955,644500
2,2579,250,704.4547729492188,2.817819118499756,5.742590427398682,0.050000011920928955,644750
2,2580,250,484.9603271484375,1.9398412704467773,5.867985725402832,0.050000011920928955,645000
2,2581,250,960.119140625,3.8404765129089355,6.294327259063721,0.050000011920928955,645250
2,2582,250,49.14028549194336,0.19656114280223846,6.014816761016846,0.050000011920928955,645500
2,2583,250,75.44068908691406,0.30176275968551636,6.114380836486816,0.050000011920928955,645750
2,2584,250,46.79398727416992,0.1871759444475174,6.560458183288574,0.050000011920928955,646000
2,2585,250,47.61423873901367,0.19045695662498474,7.183647632598877,0.050000011920928955,646250
2,2586,250,41.70903778076172,0.16683615744113922,7.186812877655029,0.050000011920928955,646500
2,2587,250,1227.975830078125,4.911903381347656,6.821080684661865,0.050000011920928955,646750
2,2588,250,111.2905044555664,0.4451620280742645,7.18766450881958,0.050000011920928955,647000
2,2589,250,35.12636947631836,0.14050547778606415,7.700644016265869,0.050000011920928955,647250
2,2590,250,58.29975509643555,0.23319901525974274,7.981266975402832,0.050000011920928955,647500
2,2591,250,34.82107162475586,0.13928428292274475,7.673092842102051,0.050000011920928955,647750
2,2592,250,48.37065124511719,0.19348260760307312,8.029790878295898,0.050000011920928955,648000
2,2593,250,70.89473724365234,0.2835789620876312,8.865314483642578,0.050000011920928955,648250
2,2594,250,54.13569641113281,0.2165427803993225,8.388264656066895,0.050000011920928955,648500
2,2595,250,138.03004455566406,0.5521201491355896,8.263994216918945,0.050000011920928955,648750
2,2596,250,35.82867431640625,0.14331470429897308,8.283526420593262,0.050000011920928955,649000
2,2597,250,11.718327522277832,0.0468733087182045,9.044438362121582,0.050000011920928955,649250
2,2598,250,45.8333854675293,0.18333354592323303,9.21072769165039,0.050000011920928955,649500
2,2599,250,30.379549026489258,0.12151819467544556,9.299736022949219,0.050000011920928955,649750
2,2600,250,639.3648071289062,2.5574591159820557,8.833062171936035,0.050000011920928955,650000
2,2601,250,378.10369873046875,1.512414813041687,9.77426815032959,0.050000011920928955,650250
2,2602,250,64.92308807373047,0.25969234108924866,9.003427505493164,0.050000011920928955,650500
2,2603,250,21.218717575073242,0.08487486839294434,9.000173568725586,0.050000011920928955,650750
2,2604,250,487.54302978515625,1.9501720666885376,8.961633682250977,0.050000011920928955,651000
2,2605,250,60.78751754760742,0.24315007030963898,10.083984375,0.050000011920928955,651250
2,2606,250,62.290184020996094,0.2491607367992401,9.300385475158691,0.050000011920928955,651500
2,2607,250,922.7559204101562,3.691023588180542,9.09047794342041,0.050000011920928955,651750
2,2608,250,56.659141540527344,0.22663655877113342,8.814261436462402,0.050000011920928955,652000
2,2609,250,911.8430786132812,3.647372245788574,10.32086181640625,0.050000011920928955,652250
2,2610,250,1114.3369140625,4.457347869873047,9.529571533203125,0.050000011920928955,652500
2,2611,250,66.93004608154297,0.26772019267082214,9.337618827819824,0.050000011920928955,652750
2,2612,250,68.69352722167969,0.27477410435676575,9.681197166442871,0.050000011920928955,653000
2,2613,250,471.5914611816406,1.8863658905029297,10.542840957641602,0.050000011920928955,653250
2,2614,250,443.546875,1.774187445640564,9.594964027404785,0.050000011920928955,653500
2,2615,250,466.5040283203125,1.866016149520874,9.835429191589355,0.050000011920928955,653750
2,2616,250,1680.47705078125,6.721908092498779,9.80573844909668,0.050000011920928955,654000
2,2617,250,775.6812133789062,3.10272479057312,10.96177864074707,0.050000011920928955,654250
2,2618,250,916.6766967773438,3.6667068004608154,10.026615142822266,0.050000011920928955,654500
2,2619,250,-57.5496826171875,-0.2301987260580063,9.81192398071289,0.050000011920928955,654750
2,2620,250,22.105470657348633,0.08842188119888306,9.599007606506348,0.050000011920928955,655000
2,2621,250,39.49687576293945,0.15798750519752502,10.454046249389648,0.050000011920928955,655250
2,2622,250,503.25762939453125,2.013030529022217,9.708842277526855,0.050000011920928955,655500
2,2623,250,39.615989685058594,0.1584639549255371,9.857230186462402,0.050000011920928955,655750
2,2624,250,36.85261917114258,0.14741048216819763,9.588709831237793,0.050000011920928955,656000
2,2625,250,283.4210205078125,1.1336840391159058,10.565670013427734,0.050000011920928955,656250
2,2626,250,348.29156494140625,1.3931663036346436,9.589105606079102,0.050000011920928955,656500
2,2627,250,21.57486343383789,0.08629945665597916,9.68349552154541,0.050000011920928955,656750
2,2628,250,20.311504364013672,0.081246018409729,9.569164276123047,0.050000011920928955,657000
2,2629,250,44.92325973510742,0.1796930432319641,10.296926498413086,0.050000011920928955,657250
2,2630,250,84.39458465576172,0.33757832646369934,9.72288990020752,0.050000011920928955,657500
2,2631,250,446.1261901855469,1.784504771232605,9.37779426574707,0.050000011920928955,657750
2,2632,250,211.80784606933594,0.847231388092041,9.422011375427246,0.050000011920928955,658000
2,2633,250,485.2801513671875,1.9411206245422363,10.268683433532715,0.050000011920928955,658250
2,2634,250,946.0065307617188,3.7840261459350586,9.410721778869629,0.050000011920928955,658500
2,2635,250,334.1038513183594,1.336415410041809,9.614960670471191,0.050000011920928955,658750
2,2636,250,340.751220703125,1.3630049228668213,8.943814277648926,0.050000011920928955,659000
2,2637,250,142.25721740722656,0.5690288543701172,9.810198783874512,0.050000011920928955,659250
2,2638,250,339.4224853515625,1.3576899766921997,9.023690223693848,0.050000011920928955,659500
2,2639,250,819.89697265625,3.279587984085083,8.921445846557617,0.050000011920928955,659750
2,2640,250,78.140380859375,0.3125615119934082,8.53104019165039,0.050000011920928955,660000
2,2641,250,1012.3201293945312,4.049280643463135,9.286360740661621,0.050000011920928955,660250
2,2642,250,13.192859649658203,0.0527714379131794,8.612849235534668,0.050000011920928955,660500
2,2643,250,623.9830322265625,2.495932102203369,8.598333358764648,0.050000011920928955,660750
2,2644,250,1025.03076171875,4.100122928619385,8.46120834350586,0.050000011920928955,661000
2,2645,250,67.5841293334961,0.2703365087509155,8.849058151245117,0.050000011920928955,661250
2,2646,250,42.769256591796875,0.17107702791690826,8.398467063903809,0.050000011920928955,661500
2,2647,250,1705.073974609375,6.820295810699463,7.914778232574463,0.050000011920928955,661750
2,2648,250,668.8843383789062,2.675537347793579,7.965434551239014,0.050000011920928955,662000
2,2649,250,1714.767333984375,6.859069347381592,8.524504661560059,0.050000011920928955,662250
2,2650,250,51.77438735961914,0.20709754526615143,8.06031608581543,0.050000011920928955,662500
2,2651,250,41.384300231933594,0.16553720831871033,7.958089351654053,0.050000011920928955,662750
2,2652,250,49.52314376831055,0.19809257984161377,7.511859893798828,0.050000011920928955,663000
2,2653,250,51.57056427001953,0.20628225803375244,8.386414527893066,0.050000011920928955,663250
2,2654,250,1337.76318359375,5.351052761077881,7.931546211242676,0.050000011920928955,663500
2,2655,250,739.51416015625,2.958056688308716,7.603271007537842,0.050000011920928955,663750
2,2656,250,44.88833236694336,0.1795533299446106,7.690667152404785,0.050000011920928955,664000
2,2657,250,1704.94873046875,6.81979513168335,8.410433769226074,0.050000011920928955,664250
2,2658,250,1721.3443603515625,6.885377407073975,7.4582109451293945,0.050000011920928955,664500
2,2659,250,1200.952392578125,4.803809642791748,7.368671894073486,0.050000011920928955,664750
2,2660,250,506.5904235839844,2.0263617038726807,7.500402927398682,0.050000011920928955,665000
2,2661,250,26.3865966796875,0.10554638504981995,8.065362930297852,0.050000011920928955,665250
2,2662,250,1669.666748046875,6.678667068481445,7.638615131378174,0.050000011920928955,665500
2,2663,250,50.94496536254883,0.20377986133098602,7.56771993637085,0.050000011920928955,665750
2,2664,250,26.064544677734375,0.10425817966461182,7.250279426574707,0.050000011920928955,666000
2,2665,250,1346.4727783203125,5.385890960693359,8.030714988708496,0.050000011920928955,666250
2,2666,250,25.86548614501953,0.10346194356679916,7.7573933601379395,0.050000011920928955,666500
2,2667,250,1679.88525390625,6.719541072845459,7.482729911804199,0.050000011920928955,666750
2,2668,250,27.87009620666504,0.11148038506507874,7.084977626800537,0.050000011920928955,667000
2,2669,250,23.750642776489258,0.09500256925821304,8.340678215026855,0.050000011920928955,667250
2,2670,250,63.4055061340332,0.25362202525138855,7.433950901031494,0.050000011920928955,667500
2,2671,250,-9.476388931274414,-0.037905555218458176,7.661545276641846,0.050000011920928955,667750
2,2672,250,25.547637939453125,0.10219055414199829,7.368784427642822,0.050000011920928955,668000
2,2673,250,31.02585792541504,0.12410343438386917,7.79577112197876,0.050000011920928955,668250
2,2674,250,124.05441284179688,0.49621763825416565,7.463682174682617,0.050000011920928955,668500
2,2675,250,601.5693359375,2.4062774181365967,7.57637882232666,0.050000011920928955,668750
2,2676,250,129.34178161621094,0.5173671245574951,7.203697681427002,0.050000011920928955,669000
2,2677,250,-95.33938598632812,-0.3813575506210327,7.953112602233887,0.050000011920928955,669250
2,2678,250,408.3922119140625,1.6335688829421997,7.710245609283447,0.050000011920928955,669500
2,2679,250,1548.1142578125,6.19245719909668,7.564837455749512,0.050000011920928955,669750
2,2680,250,1664.1380615234375,6.656552314758301,7.0457916259765625,0.050000011920928955,670000
2,2681,250,1594.349853515625,6.377399444580078,7.909578800201416,0.050000011920928955,670250
2,2682,250,19.389781951904297,0.07755912840366364,7.45862340927124,0.050000011920928955,670500
2,2683,250,13.621535301208496,0.05448614060878754,7.499661922454834,0.050000011920928955,670750
2,2684,250,57.92306137084961,0.23169223964214325,7.142855644226074,0.050000011920928955,671000
2,2685,250,981.66943359375,3.926677703857422,7.827476501464844,0.050000011920928955,671250
2,2686,250,13.950071334838867,0.05580028519034386,7.239502906799316,0.050000011920928955,671500
2,2687,250,861.9097290039062,3.447638988494873,7.417782306671143,0.050000011920928955,671750
2,2688,250,1067.641357421875,4.270565509796143,7.469454288482666,0.050000011920928955,672000
2,2689,250,116.5306396484375,0.466122567653656,8.380350112915039,0.050000011920928955,672250
2,2690,250,8.775261878967285,0.03510104864835739,7.8678507804870605,0.050000011920928955,672500
2,2691,250,31.094091415405273,0.12437636405229568,7.5402703285217285,0.050000011920928955,672750
2,2692,250,1730.7972412109375,6.923189163208008,7.705137252807617,0.050000011920928955,673000
2,2693,250,368.322021484375,1.4732880592346191,8.497350692749023,0.050000011920928955,673250
2,2694,250,134.18246459960938,0.5367298722267151,8.178520202636719,0.050000011920928955,673500
2,2695,250,27.13727378845215,0.1085490956902504,8.057415008544922,0.050000011920928955,673750
2,2696,250,13.50389289855957,0.05401557311415672,8.019309997558594,0.050000011920928955,674000
2,2697,250,31.002199172973633,0.12400879710912704,8.606938362121582,0.050000011920928955,674250
2,2698,250,-13.438189506530762,-0.05375275760889053,8.774389266967773,0.050000011920928955,674500
2,2699,250,-32.24396896362305,-0.12897588312625885,8.946690559387207,0.050000011920928955,674750
2,2700,250,-12.491209030151367,-0.04996483772993088,8.952713966369629,0.050000011920928955,675000
2,2701,250,114.86699676513672,0.45946797728538513,9.281851768493652,0.050000011920928955,675250
2,2702,250,1548.2005615234375,6.192802429199219,9.350828170776367,0.050000011920928955,675500
2,2703,250,15.8912353515625,0.06356494128704071,9.02755355834961,0.050000011920928955,675750
2,2704,250,1244.3323974609375,4.977329730987549,9.110006332397461,0.050000011920928955,676000
2,2705,250,49.00910186767578,0.1960364133119583,9.419378280639648,0.050000011920928955,676250
2,2706,250,-66.85426330566406,-0.2674170434474945,8.96826171875,0.050000011920928955,676500
2,2707,250,-0.8856736421585083,-0.0035426944959908724,9.280390739440918,0.050000011920928955,676750
2,2708,250,412.7720031738281,1.651087999343872,8.981368064880371,0.050000011920928955,677000
2,2709,250,942.666748046875,3.77066707611084,9.336681365966797,0.050000011920928955,677250
2,2710,250,576.5514526367188,2.3062057495117188,9.425999641418457,0.050000011920928955,677500
2,2711,250,322.5132751464844,1.290053129196167,9.478877067565918,0.050000011920928955,677750
2,2712,250,-121.5350341796875,-0.4861401319503784,9.68819808959961,0.050000011920928955,678000
2,2713,250,198.81166076660156,0.7952466607093811,9.936582565307617,0.050000011920928955,678250
2,2714,250,276.2680969238281,1.1050723791122437,9.554344177246094,0.050000011920928955,678500
2,2715,250,211.927978515625,0.8477119207382202,9.30620288848877,0.050000011920928955,678750
2,2716,250,1114.2188720703125,4.456875324249268,9.532934188842773,0.050000011920928955,679000
2,2717,250,-444.9262390136719,-1.7797049283981323,9.497729301452637,0.050000011920928955,679250
2,2718,250,-446.3695373535156,-1.785478115081787,9.627113342285156,0.050000011920928955,679500
2,2719,250,-423.26776123046875,-1.6930710077285767,8.841014862060547,0.050000011920928955,679750
2,2720,250,862.783447265625,3.4511337280273438,9.180265426635742,0.050000011920928955,680000
2,2721,250,-181.3040008544922,-0.7252160310745239,9.954984664916992,0.050000011920928955,680250
2,2722,250,-453.06719970703125,-1.812268853187561,9.743024826049805,0.050000011920928955,680500
2,2723,250,92.0859375,0.3683437407016754,9.432727813720703,0.050000011920928955,680750
2,2724,250,98.9495620727539,0.3957982361316681,9.731670379638672,0.050000011920928955,681000
2,2725,250,116.63213348388672,0.4665285348892212,9.96355152130127,0.050000011920928955,681250
2,2726,250,933.4871826171875,3.7339487075805664,10.22028923034668,0.050000011920928955,681500
2,2727,250,417.19281005859375,1.6687712669372559,9.62038516998291,0.050000011920928955,681750
2,2728,250,625.6090087890625,2.5024359226226807,9.848761558532715,0.050000011920928955,682000
2,2729,250,990.73828125,3.9629530906677246,10.329442977905273,0.050000011920928955,682250
2,2730,250,364.7574157714844,1.4590296745300293,9.835881233215332,0.050000011920928955,682500
2,2731,250,55.15234375,0.2206093817949295,9.727030754089355,0.050000011920928955,682750
2,2732,250,994.7365112304688,3.9789459705352783,9.75478458404541,0.050000011920928955,683000
2,2733,250,168.9775390625,0.6759101748466492,10.638981819152832,0.050000011920928955,683250
2,2734,250,15.917895317077637,0.06367158144712448,10.167570114135742,0.050000011920928955,683500
2,2735,250,279.0234069824219,1.116093635559082,10.129301071166992,0.050000011920928955,683750
2,2736,250,-435.9419860839844,-1.7437679767608643,10.021777153015137,0.050000011920928955,684000
2,2737,250,-457.89849853515625,-1.8315939903259277,9.993968963623047,0.050000011920928955,684250
2,2738,250,-459.14019775390625,-1.836560845375061,9.982673645019531,0.050000011920928955,684500
2,2739,250,-460.9344177246094,-1.8437377214431763,9.801143646240234,0.050000011920928955,684750
2,2740,250,-463.1345520019531,-1.8525382280349731,9.411921501159668,0.050000011920928955,685000
2,2741,250,-467.8392639160156,-1.8713570833206177,10.164939880371094,0.050000011920928955,685250
2,2742,250,-464.46954345703125,-1.8578782081604004,9.74678897857666,0.050000011920928955,685500
2,2743,250,-464.51519775390625,-1.8580608367919922,9.550616264343262,0.050000011920928955,685750
2,2744,250,-462.10479736328125,-1.848419189453125,8.87271785736084,0.050000011920928955,686000
2,2745,250,-464.93682861328125,-1.859747290611267,10.227097511291504,0.050000011920928955,686250
2,2746,250,-463.3742980957031,-1.8534971475601196,9.747342109680176,0.050000011920928955,686500
2,2747,250,-467.1664733886719,-1.8686659336090088,9.20091438293457,0.050000011920928955,686750
2,2748,250,-287.5377197265625,-1.1501508951187134,8.70804500579834,0.050000011920928955,687000
2,2749,250,88.66646575927734,0.3546658754348755,9.900124549865723,0.050000011920928955,687250
2,2750,250,123.44142150878906,0.4937656819820404,9.485873222351074,0.050000011920928955,687500
2,2751,250,33.92363357543945,0.13569453358650208,9.176576614379883,0.050000011920928955,687750
2,2752,250,54.36729049682617,0.21746915578842163,8.866753578186035,0.050000011920928955,688000
2,2753,250,-467.92266845703125,-1.8716906309127808,9.970070838928223,0.050000011920928955,688250
2,2754,250,-466.7377624511719,-1.8669511079788208,9.462552070617676,0.050000011920928955,688500
2,2755,250,-462.0481262207031,-1.8481924533843994,8.687867164611816,0.050000011920928955,688750
2,2756,250,-462.0448913574219,-1.848179578781128,8.301636695861816,0.050000011920928955,689000
2,2757,250,-465.3385314941406,-1.861354112625122,9.503219604492188,0.050000011920928955,689250
2,2758,250,-456.7497253417969,-1.8269989490509033,8.606341361999512,0.050000011920928955,689500
2,2759,250,-13.021378517150879,-0.0520855151116848,8.56001091003418,0.050000011920928955,689750
2,2760,250,-52.455997467041016,-0.20982399582862854,8.153388977050781,0.050000011920928955,690000
2,2761,250,-461.8337707519531,-1.8473351001739502,9.473660469055176,0.050000011920928955,690250
2,2762,250,-455.7680969238281,-1.8230724334716797,8.776792526245117,0.050000011920928955,690500
2,2763,250,-41.11845016479492,-0.16447380185127258,8.332174301147461,0.050000011920928955,690750
2,2764,250,-118.747314453125,-0.47498926520347595,7.96139669418335,0.050000011920928955,691000
2,2765,250,-463.95220947265625,-1.8558088541030884,9.184868812561035,0.050000011920928955,691250
2,2766,250,-93.85343933105469,-0.3754137456417084,8.97511100769043,0.050000011920928955,691500
2,2767,250,-59.8568229675293,-0.23942729830741882,8.36626148223877,0.050000011920928955,691750
2,2768,250,-453.17254638671875,-1.8126901388168335,7.979330062866211,0.050000011920928955,692000
2,2769,250,47.2977294921875,0.18919092416763306,9.254528999328613,0.050000011920928955,692250
2,2770,250,-90.6047592163086,-0.3624190390110016,8.512957572937012,0.050000011920928955,692500
2,2771,250,6.667842864990234,0.02667137235403061,8.34691333770752,0.050000011920928955,692750
2,2772,250,-2.802839994430542,-0.01121135987341404,7.732574462890625,0.050000011920928955,693000
2,2773,250,-103.5412826538086,-0.4141651391983032,9.861949920654297,0.050000011920928955,693250
2,2774,250,-270.50665283203125,-1.0820266008377075,8.717945098876953,0.050000011920928955,693500
2,2775,250,109.46251678466797,0.43785005807876587,8.220645904541016,0.050000011920928955,693750
2,2776,250,-130.86669921875,-0.5234668254852295,7.882026195526123,0.050000011920928955,694000
2,2777,250,-157.67764282226562,-0.6307105422019958,9.805802345275879,0.050000011920928955,694250
2,2778,250,-14.539872169494629,-0.058159489184617996,9.170326232910156,0.050000011920928955,694500
2,2779,250,-57.164424896240234,-0.22865769267082214,8.830791473388672,0.050000011920928955,694750
2,2780,250,-110.98714447021484,-0.44394856691360474,8.686165809631348,0.050000011920928955,695000
2,2781,250,26.18073844909668,0.10472295433282852,10.407590866088867,0.050000011920928955,695250
2,2782,250,-110.00172424316406,-0.44000691175460815,8.883724212646484,0.050000011920928955,695500
2,2783,250,123.79795837402344,0.4951918423175812,8.23678970336914,0.050000011920928955,695750
2,2784,250,125.2238540649414,0.5008954405784607,8.124458312988281,0.050000011920928955,696000
2,2785,250,22.890018463134766,0.09156007319688797,10.970416069030762,0.050000011920928955,696250
2,2786,250,-326.842041015625,-1.3073681592941284,9.984586715698242,0.050000011920928955,696500
2,2787,250,238.32872009277344,0.9533149003982544,9.357383728027344,0.050000011920928955,696750
2,2788,250,-77.5807113647461,-0.3103228509426117,9.049620628356934,0.050000011920928955,697000
2,2789,250,-471.904052734375,-1.8876161575317383,12.066896438598633,0.050000011920928955,697250
2,2790,250,-109.10077667236328,-0.4364030957221985,10.791833877563477,0.050000011920928955,697500
2,2791,250,-394.56988525390625,-1.5782794952392578,10.028327941894531,0.050000011920928955,697750
2,2792,250,-101.01881408691406,-0.4040752649307251,9.861092567443848,0.050000011920928955,698000
2,2793,250,28.53912925720215,0.11415651440620422,12.609112739562988,0.050000011920928955,698250
2,2794,250,-20.497447967529297,-0.08198979496955872,11.180525779724121,0.050000011920928955,698500
2,2795,250,199.7285919189453,0.79891437292099,11.057628631591797,0.050000011920928955,698750
2,2796,250,20.532794952392578,0.08213117718696594,10.992243766784668,0.050000011920928955,699000
2,2797,250,79.15956115722656,0.3166382312774658,13.075906753540039,0.050000011920928955,699250
2,2798,250,51.022335052490234,0.20408934354782104,12.03280258178711,0.050000011920928955,699500
2,2799,250,-3.248272657394409,-0.01299309078603983,11.395698547363281,0.050000011920928955,699750
2,2800,250,-26.19013786315918,-0.1047605499625206,10.837017059326172,0.050000011920928955,700000
2,2801,250,45.34780502319336,0.18139122426509857,13.432226181030273,0.050000011920928955,700250
2,2802,250,62.364723205566406,0.2494588941335678,12.253652572631836,0.050000011920928955,700500
2,2803,250,177.78494262695312,0.7111397981643677,11.892850875854492,0.050000011920928955,700750
2,2804,250,133.704833984375,0.5348193645477295,11.715088844299316,0.050000011920928955,701000
2,2805,250,70.48880767822266,0.2819552421569824,13.67520523071289,0.050000011920928955,701250
2,2806,250,153.32870483398438,0.6133148074150085,12.58736801147461,0.050000011920928955,701500
2,2807,250,63.392086029052734,0.2535683512687683,12.068174362182617,0.050000011920928955,701750
2,2808,250,-112.80518341064453,-0.45122072100639343,11.817625045776367,0.050000011920928955,702000
2,2809,250,-260.0568542480469,-1.0402274131774902,13.227657318115234,0.050000011920928955,702250
2,2810,250,54.53068923950195,0.21812275052070618,12.331218719482422,0.050000011920928955,702500
2,2811,250,-197.70440673828125,-0.7908176183700562,11.25464916229248,0.050000011920928955,702750
2,2812,250,-4.036485195159912,-0.016145940870046616,11.176737785339355,0.050000011920928955,703000
2,2813,250,-156.75535583496094,-0.6270214319229126,13.155455589294434,0.050000011920928955,703250
2,2814,250,-154.9210662841797,-0.6196842789649963,11.980671882629395,0.050000011920928955,703500
2,2815,250,-95.86845397949219,-0.38347381353378296,11.533886909484863,0.050000011920928955,703750
2,2816,250,-59.92359924316406,-0.23969440162181854,11.083423614501953,0.050000011920928955,704000
2,2817,250,-58.84390640258789,-0.23537562787532806,12.82739543914795,0.050000011920928955,704250
2,2818,250,-79.5456314086914,-0.3181825280189514,11.715815544128418,0.050000011920928955,704500
2,2819,250,-87.70099639892578,-0.3508039712905884,11.134347915649414,0.050000011920928955,704750
2,2820,250,-158.24049377441406,-0.6329619884490967,11.03957462310791,0.050000011920928955,705000
2,2821,250,-75.02680969238281,-0.3001072406768799,11.542045593261719,0.050000011920928955,705250
2,2822,250,-98.91436004638672,-0.3956574499607086,10.20307445526123,0.050000011920928955,705500
2,2823,250,-72.57530212402344,-0.29030120372772217,9.895889282226562,0.050000011920928955,705750
2,2824,250,-91.5811996459961,-0.3663248121738434,9.480565071105957,0.050000011920928955,706000
2,2825,250,-51.982078552246094,-0.20792831480503082,10.84847640991211,0.050000011920928955,706250
2,2826,250,-54.001625061035156,-0.21600650250911713,9.602288246154785,0.050000011920928955,706500
2,2827,250,-42.01680374145508,-0.16806721687316895,9.398324966430664,0.050000011920928955,706750
2,2828,250,-48.772682189941406,-0.19509072601795197,8.854938507080078,0.050000011920928955,707000
2,2829,250,-38.00025939941406,-0.1520010381937027,11.104316711425781,0.050000011920928955,707250
2,2830,250,-71.7626953125,-0.2870507836341858,10.2392578125,0.050000011920928955,707500
2,2831,250,-18.0184268951416,-0.07207370549440384,9.467191696166992,0.050000011920928955,707750
2,2832,250,-52.14845275878906,-0.20859381556510925,9.583354949951172,0.050000011920928955,708000
2,2833,250,-133.84840393066406,-0.5353935956954956,12.126041412353516,0.050000011920928955,708250
2,2834,250,-459.1867980957031,-1.836747169494629,10.952757835388184,0.050000011920928955,708500
2,2835,250,-30.855302810668945,-0.12342121452093124,10.26086139678955,0.050000011920928955,708750
2,2836,250,-124.3724594116211,-0.4974898397922516,9.764829635620117,0.050000011920928955,709000
2,2837,250,-280.93328857421875,-1.1237331628799438,11.708013534545898,0.050000011920928955,709250
2,2838,250,-124.50580596923828,-0.49802321195602417,10.731546401977539,0.050000011920928955,709500
2,2839,250,-10.174002647399902,-0.04069600999355316,9.814637184143066,0.050000011920928955,709750
2,2840,250,-46.03773880004883,-0.18415094912052155,9.464540481567383,0.050000011920928955,710000
2,2841,250,-134.8705596923828,-0.5394822359085083,11.642084121704102,0.050000011920928955,710250
2,2842,250,-24.980146408081055,-0.09992058575153351,10.973788261413574,0.050000011920928955,710500
2,2843,250,-67.6307373046875,-0.27052295207977295,10.425576210021973,0.050000011920928955,710750
2,2844,250,-77.74140930175781,-0.3109656274318695,9.781844139099121,0.050000011920928955,711000
2,2845,250,4.942389011383057,0.01976955682039261,11.339351654052734,0.050000011920928955,711250
2,2846,250,-52.899742126464844,-0.2115989625453949,10.385883331298828,0.050000011920928955,711500
2,2847,250,-46.7692756652832,-0.1870771050453186,10.151286125183105,0.050000011920928955,711750
2,2848,250,-64.9818344116211,-0.25992733240127563,9.525066375732422,0.050000011920928955,712000
2,2849,250,-27.721860885620117,-0.11088744550943375,10.949605941772461,0.050000011920928955,712250
2,2850,250,-60.532554626464844,-0.24213021993637085,9.488150596618652,0.050000011920928955,712500
2,2851,250,-47.20859146118164,-0.18883436918258667,9.050354957580566,0.050000011920928955,712750
2,2852,250,60.36966323852539,0.24147865176200867,8.461465835571289,0.050000011920928955,713000
2,2853,250,110.07572937011719,0.44030290842056274,10.445725440979004,0.050000011920928955,713250
2,2854,250,-20.921586990356445,-0.08368634432554245,9.690838813781738,0.050000011920928955,713500
2,2855,250,-3.854187488555908,-0.015416749753057957,9.072979927062988,0.050000011920928955,713750
2,2856,250,-33.05036926269531,-0.13220147788524628,8.941974639892578,0.050000011920928955,714000
2,2857,250,113.7038345336914,0.4548153281211853,11.05034065246582,0.050000011920928955,714250
2,2858,250,-31.78434181213379,-0.12713736295700073,10.205801010131836,0.050000011920928955,714500
2,2859,250,-44.231910705566406,-0.17692764103412628,9.872024536132812,0.050000011920928955,714750
2,2860,250,-29.93583106994629,-0.11974332481622696,9.557677268981934,0.050000011920928955,715000
2,2861,250,-42.6105842590332,-0.1704423427581787,11.89035701751709,0.050000011920928955,715250
2,2862,250,9.840794563293457,0.039363179355859756,10.246316909790039,0.050000011920928955,715500
2,2863,250,10.040351867675781,0.040161408483982086,10.075155258178711,0.050000011920928955,715750
2,2864,250,-53.761234283447266,-0.21504493057727814,9.645891189575195,0.050000011920928955,716000
2,2865,250,-12.345303535461426,-0.04938121512532234,11.056034088134766,0.050000011920928955,716250
2,2866,250,19.88518524169922,0.07954074442386627,10.223612785339355,0.050000011920928955,716500
2,2867,250,107.578857421875,0.43031543493270874,10.185725212097168,0.050000011920928955,716750
2,2868,250,-27.481098175048828,-0.10992439091205597,10.115090370178223,0.050000011920928955,717000
2,2869,250,-1.74106764793396,-0.006964270491153002,11.484249114990234,0.050000011920928955,717250
2,2870,250,-67.46511840820312,-0.26986047625541687,10.528456687927246,0.050000011920928955,717500
2,2871,250,16.45176124572754,0.065807044506073,10.032002449035645,0.050000011920928955,717750
2,2872,250,44.52531433105469,0.17810125648975372,10.24114990234375,0.050000011920928955,718000
2,2873,250,6.705545425415039,0.026822181418538094,10.422689437866211,0.050000011920928955,718250
2,2874,250,10.380867004394531,0.041523467749357224,10.072620391845703,0.050000011920928955,718500
2,2875,250,11.00186538696289,0.04400746151804924,9.857857704162598,0.050000011920928955,718750
2,2876,250,-6.453886985778809,-0.02581554837524891,9.606072425842285,0.050000011920928955,719000
2,2877,250,-15.076408386230469,-0.0603056326508522,10.33268928527832,0.050000011920928955,719250
2,2878,250,41.45426559448242,0.16581706702709198,9.548182487487793,0.050000011920928955,719500
2,2879,250,-68.94622039794922,-0.2757848799228668,9.361980438232422,0.050000011920928955,719750
2,2880,250,22.07084846496582,0.08828339725732803,8.772442817687988,0.050000011920928955,720000
2,2881,250,20.112491607666016,0.08044996857643127,11.001489639282227,0.050000011920928955,720250
2,2882,250,38.04960632324219,0.1521984189748764,10.097553253173828,0.050000011920928955,720500
2,2883,250,-56.71857452392578,-0.22687429189682007,9.585947036743164,0.050000011920928955,720750
2,2884,250,16.522743225097656,0.06609097123146057,9.390181541442871,0.050000011920928955,721000
2,2885,250,18.519023895263672,0.0740760937333107,11.004552841186523,0.050000011920928955,721250
2,2886,250,28.947599411010742,0.11579039692878723,10.327515602111816,0.050000011920928955,721500
2,2887,250,15.835229873657227,0.0633409172296524,9.752823829650879,0.050000011920928955,721750
2,2888,250,14.78863525390625,0.05915454030036926,9.395843505859375,0.050000011920928955,722000
2,2889,250,50.21359634399414,0.20085439085960388,11.31816291809082,0.050000011920928955,722250
2,2890,250,-45.89641571044922,-0.18358565866947174,10.28530502319336,0.050000011920928955,722500
2,2891,250,1.2816922664642334,0.0051267691887915134,9.442221641540527,0.050000011920928955,722750
2,2892,250,205.79751586914062,0.8231900930404663,9.451042175292969,0.050000011920928955,723000
2,2893,250,70.29698944091797,0.2811879515647888,11.624258041381836,0.050000011920928955,723250
2,2894,250,118.77538299560547,0.4751015305519104,10.04924488067627,0.050000011920928955,723500
2,2895,250,92.2157974243164,0.36886319518089294,9.972375869750977,0.050000011920928955,723750
2,2896,250,26.657564163208008,0.10663025826215744,9.438874244689941,0.050000011920928955,724000
2,2897,250,119.18086242675781,0.47672346234321594,11.01055908203125,0.050000011920928955,724250
2,2898,250,12.004005432128906,0.0480160228908062,10.328619003295898,0.050000011920928955,724500
2,2899,250,130.67587280273438,0.5227034687995911,10.13845443725586,0.050000011920928955,724750
2,2900,250,49.6173210144043,0.19846928119659424,9.572096824645996,0.050000011920928955,725000
2,2901,250,48.015933990478516,0.19206373393535614,12.198726654052734,0.050000011920928955,725250
2,2902,250,232.68194580078125,0.9307277798652649,11.178206443786621,0.050000011920928955,725500
2,2903,250,-17.2600154876709,-0.06904006004333496,10.437064170837402,0.050000011920928955,725750
2,2904,250,37.923587799072266,0.15169435739517212,10.365883827209473,0.050000011920928955,726000
2,2905,250,39.990203857421875,0.1599608212709427,13.537785530090332,0.050000011920928955,726250
2,2906,250,-22.751073837280273,-0.09100429713726044,11.784552574157715,0.050000011920928955,726500
2,2907,250,35.93439865112305,0.14373759925365448,11.23501968383789,0.050000011920928955,726750
2,2908,250,257.390869140625,1.0295634269714355,10.869257926940918,0.050000011920928955,727000
2,2909,250,159.92257690429688,0.6396902799606323,13.008413314819336,0.050000011920928955,727250
2,2910,250,116.76533508300781,0.4670613408088684,11.99071216583252,0.050000011920928955,727500
2,2911,250,2.466768741607666,0.009867074899375439,11.718550682067871,0.050000011920928955,727750
2,2912,250,-23.985889434814453,-0.09594355523586273,10.985441207885742,0.050000011920928955,728000
2,2913,250,15.28579330444336,0.0611431747674942,13.207599639892578,0.050000011920928955,728250
2,2914,250,-30.317129135131836,-0.12126851826906204,11.97750186920166,0.050000011920928955,728500
2,2915,250,-71.32878875732422,-0.2853151559829712,11.878131866455078,0.050000011920928955,728750
2,2916,250,-34.57262420654297,-0.13829049468040466,11.35814094543457,0.050000011920928955,729000
2,2917,250,-80.28174591064453,-0.3211269974708557,12.978328704833984,0.050000011920928955,729250
2,2918,250,-95.47456359863281,-0.38189825415611267,11.894819259643555,0.050000011920928955,729500
2,2919,250,-45.541683197021484,-0.18216672539710999,11.592289924621582,0.050000011920928955,729750
2,2920,250,-73.79290771484375,-0.2951716184616089,11.148065567016602,0.050000011920928955,730000
2,2921,250,77.47132873535156,0.30988532304763794,12.494388580322266,0.050000011920928955,730250
2,2922,250,-48.13551712036133,-0.19254206120967865,11.599730491638184,0.050000011920928955,730500
2,2923,250,-94.4736328125,-0.3778945207595825,10.859009742736816,0.050000011920928955,730750
2,2924,250,-65.62214660644531,-0.26248857378959656,10.334972381591797,0.050000011920928955,731000
2,2925,250,-133.20570373535156,-0.5328227877616882,11.841460227966309,0.050000011920928955,731250
2,2926,250,-108.71302032470703,-0.43485209345817566,10.603614807128906,0.050000011920928955,731500
2,2927,250,20.071413040161133,0.08028565347194672,10.01664924621582,0.050000011920928955,731750
2,2928,250,18.277523040771484,0.07311008870601654,9.868367195129395,0.050000011920928955,732000
2,2929,250,-68.90113067626953,-0.2756045162677765,12.040824890136719,0.050000011920928955,732250
2,2930,250,-86.98546600341797,-0.34794187545776367,10.751517295837402,0.050000011920928955,732500
2,2931,250,-66.20162200927734,-0.26480647921562195,10.469276428222656,0.050000011920928955,732750
2,2932,250,-65.3785629272461,-0.26151424646377563,10.260986328125,0.050000011920928955,733000
2,2933,250,-96.06263732910156,-0.38425055146217346,12.46541690826416,0.050000011920928955,733250
2,2934,250,-80.83587646484375,-0.32334351539611816,11.038104057312012,0.050000011920928955,733500
2,2935,250,-66.04879760742188,-0.26419520378112793,10.52090072631836,0.050000011920928955,733750
2,2936,250,6.977258682250977,0.027909034863114357,10.27059555053711,0.050000011920928955,734000
2,2937,250,-101.56037902832031,-0.4062415063381195,12.763473510742188,0.050000011920928955,734250
2,2938,250,-76.58753204345703,-0.30635014176368713,11.640708923339844,0.050000011920928955,734500
2,2939,250,-78.2349624633789,-0.31293985247612,10.660991668701172,0.050000011920928955,734750
2,2940,250,-57.678489685058594,-0.23071396350860596,10.621417999267578,0.050000011920928955,735000
2,2941,250,-83.7717514038086,-0.33508700132369995,12.744614601135254,0.050000011920928955,735250
2,2942,250,121.18514251708984,0.48474055528640747,11.34339714050293,0.050000011920928955,735500
2,2943,250,-73.13382720947266,-0.29253530502319336,10.830606460571289,0.050000011920928955,735750
2,2944,250,-11.630218505859375,-0.04652087390422821,10.420528411865234,0.050000011920928955,736000
2,2945,250,-14.952434539794922,-0.05980973690748215,12.173344612121582,0.050000011920928955,736250
2,2946,250,61.75856399536133,0.2470342516899109,10.842647552490234,0.050000011920928955,736500
2,2947,250,-4.127552032470703,-0.01651020720601082,10.53739070892334,0.050000011920928955,736750
2,2948,250,-48.96665954589844,-0.1958666443824768,10.06922721862793,0.050000011920928955,737000
2,2949,250,-16.424362182617188,-0.06569744646549225,11.662900924682617,0.050000011920928955,737250
2,2950,250,-43.4343147277832,-0.17373725771903992,10.29796028137207,0.050000011920928955,737500
2,2951,250,-5.057345867156982,-0.020229384303092957,10.394139289855957,0.050000011920928955,737750
2,2952,250,-24.97818374633789,-0.09991273283958435,9.903833389282227,0.050000011920928955,738000
2,2953,250,-39.22669982910156,-0.15690679848194122,11.81209945678711,0.050000011920928955,738250
2,2954,250,-72.96317291259766,-0.2918526828289032,10.635656356811523,0.050000011920928955,738500
2,2955,250,5.567001819610596,0.022268006578087807,10.582662582397461,0.050000011920928955,738750
2,2956,250,-19.242082595825195,-0.07696832716464996,10.085590362548828,0.050000011920928955,739000
2,2957,250,131.25437927246094,0.525017499923706,11.656706809997559,0.050000011920928955,739250
2,2958,250,-23.965347290039062,-0.09586139023303986,10.83910846710205,0.050000011920928955,739500
2,2959,250,26.39281463623047,0.10557125508785248,10.078573226928711,0.050000011920928955,739750
2,2960,250,20.66431999206543,0.08265727758407593,9.957602500915527,0.050000011920928955,740000
2,2961,250,-13.658520698547363,-0.054634083062410355,11.332847595214844,0.050000011920928955,740250
2,2962,250,-12.676572799682617,-0.05070628970861435,9.616250991821289,0.050000011920928955,740500
2,2963,250,11.827705383300781,0.04731082171201706,8.985588073730469,0.050000011920928955,740750
2,2964,250,-6.780368804931641,-0.027121474966406822,8.901235580444336,0.050000011920928955,741000
2,2965,250,4.311276912689209,0.017245108261704445,10.546279907226562,0.050000011920928955,741250
2,2966,250,-2.6588830947875977,-0.010635532438755035,9.033608436584473,0.050000011920928955,741500
2,2967,250,-31.739215850830078,-0.12695686519145966,8.410871505737305,0.050000011920928955,741750
2,2968,250,-28.46088218688965,-0.11384353041648865,8.3975830078125,0.050000011920928955,742000
2,2969,250,-81.6124267578125,-0.3264496922492981,10.22075366973877,0.050000011920928955,742250
2,2970,250,-51.085533142089844,-0.20434212684631348,8.64551830291748,0.050000011920928955,742500
2,2971,250,-33.25173568725586,-0.13300694525241852,8.16738510131836,0.050000011920928955,742750
2,2972,250,18.765243530273438,0.07506097108125687,8.05173110961914,0.050000011920928955,743000
2,2973,250,22.170604705810547,0.08868242055177689,9.84090805053711,0.050000011920928955,743250
2,2974,250,-60.842445373535156,-0.24336978793144226,8.491694450378418,0.050000011920928955,743500
2,2975,250,-23.558101654052734,-0.09423241019248962,8.004283905029297,0.050000011920928955,743750
2,2976,250,40.5346794128418,0.16213871538639069,7.687998294830322,0.050000011920928955,744000
2,2977,250,-23.552324295043945,-0.09420929849147797,9.114192962646484,0.050000011920928955,744250
2,2978,250,-6.3754777908325195,-0.025501910597085953,7.865479469299316,0.050000011920928955,744500
2,2979,250,-4.3850836753845215,-0.017540333792567253,7.357016086578369,0.050000011920928955,744750
2,2980,250,-6.64180850982666,-0.026567233726382256,7.026486873626709,0.050000011920928955,745000
2,2981,250,19.06482696533203,0.0762593075633049,8.341750144958496,0.050000011920928955,745250
2,2982,250,2.0534138679504395,0.008213655091822147,7.622313499450684,0.050000011920928955,745500
2,2983,250,-13.822015762329102,-0.05528806149959564,7.20299768447876,0.050000011920928955,745750
2,2984,250,43.00490951538086,0.17201963067054749,6.870084762573242,0.050000011920928955,746000
2,2985,250,-75.70590209960938,-0.30282360315322876,7.85676908493042,0.050000011920928955,746250
2,2986,250,-42.015193939208984,-0.1680607795715332,6.991546630859375,0.050000011920928955,746500
2,2987,250,-7.468581676483154,-0.029874326661229134,6.611517429351807,0.050000011920928955,746750
2,2988,250,33.116519927978516,0.13246607780456543,6.424316883087158,0.050000011920928955,747000
2,2989,250,-15.551506042480469,-0.062206022441387177,7.128692626953125,0.050000011920928955,747250
2,2990,250,-52.70246124267578,-0.2108098417520523,6.17259407043457,0.050000011920928955,747500
2,2991,250,-53.25837707519531,-0.2130335122346878,6.055023670196533,0.050000011920928955,747750
2,2992,250,3.9609222412109375,0.015843689441680908,5.7940850257873535,0.050000011920928955,748000
2,2993,250,-58.7315559387207,-0.2349262237548828,6.571902751922607,0.050000011920928955,748250
2,2994,250,-38.440372467041016,-0.15376149117946625,5.743378639221191,0.050000011920928955,748500
2,2995,250,-120.54464721679688,-0.48217859864234924,5.431472301483154,0.050000011920928955,748750
2,2996,250,-32.12397384643555,-0.12849590182304382,5.330519199371338,0.050000011920928955,749000
2,2997,250,-61.37062454223633,-0.24548250436782837,6.209604263305664,0.050000011920928955,749250
2,2998,250,-59.84160614013672,-0.23936642706394196,5.362097263336182,0.050000011920928955,749500
2,2999,250,-24.103832244873047,-0.09641532599925995,5.221005916595459,0.050000011920928955,749750
2,3000,250,-108.7679672241211,-0.4350718557834625,4.945783615112305,0.050000011920928955,750000
2,3001,250,70.8106460571289,0.2832425832748413,5.770559787750244,0.050000011920928955,750250
2,3002,250,695.7489624023438,2.7829959392547607,5.195685863494873,0.050000011920928955,750500
2,3003,250,-60.32693099975586,-0.24130772054195404,4.953464031219482,0.050000011920928955,750750
2,3004,250,106.77072143554688,0.427082896232605,4.568458080291748,0.050000011920928955,751000
2,3005,250,237.1593780517578,0.9486374855041504,5.444440841674805,0.050000011920928955,751250
2,3006,250,272.2774353027344,1.0891097784042358,5.047520637512207,0.050000011920928955,751500
2,3007,250,638.1444091796875,2.5525777339935303,4.963345050811768,0.050000011920928955,751750
2,3008,250,1579.464599609375,6.3178582191467285,4.772207260131836,0.050000011920928955,752000
2,3009,250,1466.751953125,5.867007732391357,5.076184272766113,0.050000011920928955,752250
2,3010,250,1644.638671875,6.578554630279541,4.8457818031311035,0.050000011920928955,752500
2,3011,250,1727.787109375,6.911148548126221,4.376242160797119,0.050000011920928955,752750
2,3012,250,1154.0694580078125,4.616277694702148,4.584524154663086,0.050000011920928955,753000
2,3013,250,1456.7852783203125,5.827141284942627,4.739759922027588,0.050000011920928955,753250
2,3014,250,1280.272705078125,5.121090888977051,4.564515590667725,0.050000011920928955,753500
2,3015,250,1604.3258056640625,6.417303085327148,4.567179203033447,0.050000011920928955,753750
2,3016,250,1218.8087158203125,4.875235080718994,4.090731620788574,0.050000011920928955,754000
2,3017,250,1730.2867431640625,6.921146869659424,4.8503289222717285,0.050000011920928955,754250
2,3018,250,1797.303955078125,7.189215660095215,4.261744976043701,0.050000011920928955,754500
2,3019,250,1415.6990966796875,5.662796497344971,4.272852897644043,0.050000011920928955,754750
2,3020,250,1729.385498046875,6.917541980743408,4.315088748931885,0.050000011920928955,755000
2,3021,250,1526.9161376953125,6.107664585113525,4.800217628479004,0.050000011920928955,755250
2,3022,250,1435.5970458984375,5.7423882484436035,4.438073635101318,0.050000011920928955,755500
2,3023,250,1016.0420532226562,4.0641679763793945,4.460537433624268,0.050000011920928955,755750
2,3024,250,1680.073974609375,6.7202959060668945,4.4141154289245605,0.050000011920928955,756000
2,3025,250,1178.357421875,4.7134294509887695,4.593868732452393,0.050000011920928955,756250
2,3026,250,-81.86356353759766,-0.32745426893234253,4.535431385040283,0.050000011920928955,756500
2,3027,250,381.69189453125,1.526767611503601,4.583968162536621,0.050000011920928955,756750
2,3028,250,944.1235961914062,3.7764945030212402,4.446746826171875,0.050000011920928955,757000
2,3029,250,28.863357543945312,0.11545342952013016,5.194962501525879,0.050000011920928955,757250
2,3030,250,1407.14013671875,5.628560543060303,4.966689109802246,0.050000011920928955,757500
2,3031,250,1326.222900390625,5.304891586303711,4.6970720291137695,0.050000011920928955,757750
2,3032,250,107.7351303100586,0.43094050884246826,4.921420097351074,0.050000011920928955,758000
2,3033,250,1435.255859375,5.741023540496826,5.303894519805908,0.050000011920928955,758250
2,3034,250,1708.248779296875,6.8329949378967285,4.987923622131348,0.050000011920928955,758500
2,3035,250,75.06318664550781,0.3002527356147766,4.9784345626831055,0.050000011920928955,758750
2,3036,250,118.42681884765625,0.47370728850364685,5.053481578826904,0.050000011920928955,759000
2,3037,250,1469.86572265625,5.879462718963623,5.666368007659912,0.050000011920928955,759250
2,3038,250,1440.9931640625,5.763972759246826,5.743906497955322,0.050000011920928955,759500
2,3039,250,1457.8203125,5.8312811851501465,5.1456098556518555,0.050000011920928955,759750
2,3040,250,980.9335327148438,3.923734188079834,5.022014141082764,0.050000011920928955,760000
2,3041,250,-13.92845630645752,-0.055713824927806854,5.5842509269714355,0.050000011920928955,760250
2,3042,250,1663.30908203125,6.653236389160156,5.594541549682617,0.050000011920928955,760500
2,3043,250,1749.677490234375,6.9987101554870605,5.454193592071533,0.050000011920928955,760750
2,3044,250,-57.9354133605957,-0.23174165189266205,5.376956939697266,0.050000011920928955,761000
2,3045,250,-100.09061431884766,-0.40036246180534363,5.658639430999756,0.050000011920928955,761250
2,3046,250,-64.14059448242188,-0.25656238198280334,5.501209259033203,0.050000011920928955,761500
2,3047,250,1373.898681640625,5.495594501495361,5.202768802642822,0.050000011920928955,761750
2,3048,250,-32.961971282958984,-0.13184788823127747,5.135542869567871,0.050000011920928955,762000
2,3049,250,8.50946044921875,0.034037843346595764,5.888327121734619,0.050000011920928955,762250
2,3050,250,-165.22386169433594,-0.6608954668045044,5.790043830871582,0.050000011920928955,762500
2,3051,250,-471.6518249511719,-1.88660728931427,5.573764801025391,0.050000011920928955,762750
2,3052,250,-51.46843719482422,-0.2058737426996231,5.691315650939941,0.050000011920928955,763000
2,3053,250,-67.19447326660156,-0.26877790689468384,6.497036457061768,0.050000011920928955,763250
2,3054,250,-23.042621612548828,-0.09217048436403275,6.57742977142334,0.050000011920928955,763500
2,3055,250,-73.79011535644531,-0.2951604723930359,6.184620380401611,0.050000011920928955,763750
2,3056,250,1597.8525390625,6.3914103507995605,6.332378387451172,0.050000011920928955,764000
2,3057,250,-25.49725914001465,-0.10198903828859329,7.042433738708496,0.050000011920928955,764250
2,3058,250,-67.66448211669922,-0.2706579267978668,6.971846103668213,0.050000011920928955,764500
2,3059,250,-59.773048400878906,-0.23909220099449158,7.195152759552002,0.050000011920928955,764750
2,3060,250,-74.82954406738281,-0.2993181645870209,7.339071273803711,0.050000011920928955,765000
2,3061,250,-126.29483032226562,-0.5051793456077576,7.7989373207092285,0.050000011920928955,765250
2,3062,250,1.730738878250122,0.006922955624759197,7.962558269500732,0.050000011920928955,765500
2,3063,250,1504.325439453125,6.017301559448242,7.605178356170654,0.050000011920928955,765750
2,3064,250,16.759037017822266,0.06703614443540573,7.569945812225342,0.050000011920928955,766000
2,3065,250,865.0452880859375,3.46018123626709,8.018523216247559,0.050000011920928955,766250
2,3066,250,1355.599853515625,5.422399520874023,8.094117164611816,0.050000011920928955,766500
2,3067,250,-38.638458251953125,-0.1545538306236267,7.446278095245361,0.050000011920928955,766750
2,3068,250,1513.7750244140625,6.055099964141846,7.277142524719238,0.050000011920928955,767000
2,3069,250,1437.974365234375,5.75189733505249,8.247783660888672,0.050000011920928955,767250
2,3070,250,-471.3037414550781,-1.885214924812317,7.829169750213623,0.050000011920928955,767500
2,3071,250,21.338586807250977,0.08535435050725937,7.674862384796143,0.050000011920928955,767750
2,3072,250,1580.1334228515625,6.320533752441406,7.337267875671387,0.050000011920928955,768000
2,3073,250,-45.43146896362305,-0.18172587454319,7.94743537902832,0.050000011920928955,768250
2,3074,250,1782.5872802734375,7.130349159240723,8.027581214904785,0.050000011920928955,768500
2,3075,250,1720.3155517578125,6.881262302398682,7.607133865356445,0.050000011920928955,768750
2,3076,250,1513.502197265625,6.054008960723877,7.462854385375977,0.050000011920928955,769000
2,3077,250,1749.6993408203125,6.998797416687012,7.681535243988037,0.050000011920928955,769250
2,3078,250,1668.8699951171875,6.675479888916016,7.406565189361572,0.050000011920928955,769500
2,3079,250,1668.1566162109375,6.672626495361328,7.217634677886963,0.050000011920928955,769750
2,3080,250,51.6561279296875,0.20662450790405273,7.065934658050537,0.050000011920928955,770000
2,3081,250,1665.8487548828125,6.663394927978516,8.047990798950195,0.050000011920928955,770250
2,3082,250,1654.4439697265625,6.617775917053223,7.624271392822266,0.050000011920928955,770500
2,3083,250,1739.441650390625,6.957766532897949,7.213106632232666,0.050000011920928955,770750
2,3084,250,1758.225830078125,7.03290319442749,7.159858226776123,0.050000011920928955,771000
2,3085,250,1616.7327880859375,6.466931343078613,7.08314847946167,0.050000011920928955,771250
2,3086,250,1540.3216552734375,6.1612868309021,6.8667755126953125,0.050000011920928955,771500
2,3087,250,1469.9962158203125,5.8799848556518555,6.363124370574951,0.050000011920928955,771750
2,3088,250,1461.5888671875,5.846355438232422,6.377439022064209,0.050000011920928955,772000
2,3089,250,1604.4503173828125,6.417801380157471,6.687742710113525,0.050000011920928955,772250
2,3090,250,1263.4149169921875,5.053659439086914,5.7994184494018555,0.050000011920928955,772500
2,3091,250,1709.5452880859375,6.838181018829346,5.899890899658203,0.050000011920928955,772750
2,3092,250,1726.6407470703125,6.906562805175781,5.499862194061279,0.050000011920928955,773000
2,3093,250,1767.6429443359375,7.0705718994140625,5.8594651222229,0.050000011920928955,773250
2,3094,250,-232.15042114257812,-0.9286016821861267,5.483518600463867,0.050000011920928955,773500
2,3095,250,1587.342041015625,6.349368095397949,5.202698707580566,0.050000011920928955,773750
2,3096,250,1437.362548828125,5.749450206756592,5.134044170379639,0.050000011920928955,774000
2,3097,250,1420.43994140625,5.681759834289551,5.610715389251709,0.050000011920928955,774250
2,3098,250,1430.0001220703125,5.720000267028809,5.148693084716797,0.050000011920928955,774500
2,3099,250,1151.9652099609375,4.607861042022705,5.1881184577941895,0.050000011920928955,774750
2,3100,250,1692.9696044921875,6.771878242492676,4.784902572631836,0.050000011920928955,775000
2,3101,250,1127.9957275390625,4.5119829177856445,5.384459495544434,0.050000011920928955,775250
2,3102,250,1392.2396240234375,5.568958282470703,5.002411365509033,0.050000011920928955,775500
2,3103,250,1280.99951171875,5.123998165130615,4.532763481140137,0.050000011920928955,775750
2,3104,250,1384.5377197265625,5.538150787353516,4.570024490356445,0.050000011920928955,776000
2,3105,250,1501.4910888671875,6.005964279174805,5.253766059875488,0.050000011920928955,776250
2,3106,250,165.1154327392578,0.6604617238044739,5.003685474395752,0.050000011920928955,776500
2,3107,250,1092.658203125,4.370632648468018,4.902949333190918,0.050000011920928955,776750
2,3108,250,1230.8736572265625,4.923494815826416,4.959826469421387,0.050000011920928955,777000
2,3109,250,1369.03369140625,5.476134777069092,5.237650394439697,0.050000011920928955,777250
2,3110,250,866.0330810546875,3.464132308959961,5.177870273590088,0.050000011920928955,777500
2,3111,250,1097.23193359375,4.388927936553955,4.710790157318115,0.050000011920928955,777750
2,3112,250,878.3861694335938,3.5135445594787598,4.5729169845581055,0.050000011920928955,778000
2,3113,250,1485.40283203125,5.941611289978027,5.211001873016357,0.050000011920928955,778250
2,3114,250,1132.498291015625,4.529993057250977,4.712131023406982,0.050000011920928955,778500
2,3115,250,-142.83343505859375,-0.5713337659835815,5.0937933921813965,0.050000011920928955,778750
2,3116,250,1219.697509765625,4.878789901733398,5.287962436676025,0.050000011920928955,779000
2,3117,250,1205.698486328125,4.822793960571289,5.370868682861328,0.050000011920928955,779250
2,3118,250,1594.455078125,6.3778204917907715,5.447558879852295,0.050000011920928955,779500
2,3119,250,-259.0090637207031,-1.0360362529754639,5.125599384307861,0.050000011920928955,779750
2,3120,250,-257.0742492675781,-1.028296947479248,5.314232349395752,0.050000011920928955,780000
2,3121,250,-239.75033569335938,-0.959001362323761,5.817270755767822,0.050000011920928955,780250
2,3122,250,-215.6005401611328,-0.8624021410942078,5.8761444091796875,0.050000011920928955,780500
2,3123,250,-195.14175415039062,-0.7805669903755188,6.086702823638916,0.050000011920928955,780750
2,3124,250,1346.0264892578125,5.384106159210205,6.167275428771973,0.050000011920928955,781000
2,3125,250,1325.4520263671875,5.301807880401611,6.199365139007568,0.050000011920928955,781250
2,3126,250,1234.8616943359375,4.939446926116943,6.353824138641357,0.050000011920928955,781500
2,3127,250,1246.318359375,4.985273361206055,6.056482315063477,0.050000011920928955,781750
2,3128,250,1581.5439453125,6.326175689697266,6.0085129737854,0.050000011920928955,782000
2,3129,250,1271.675537109375,5.086702346801758,6.098654747009277,0.050000011920928955,782250
2,3130,250,1738.198486328125,6.952794075012207,6.1346211433410645,0.050000011920928955,782500
2,3131,250,919.5408935546875,3.678163528442383,5.959381580352783,0.050000011920928955,782750
2,3132,250,1133.589111328125,4.534356594085693,5.743742942810059,0.050000011920928955,783000
2,3133,250,1438.996337890625,5.755985260009766,5.9462385177612305,0.050000011920928955,783250
2,3134,250,1541.0501708984375,6.164200782775879,5.574366569519043,0.050000011920928955,783500
2,3135,250,1461.4788818359375,5.8459153175354,5.534180641174316,0.050000011920928955,783750
2,3136,250,1510.100830078125,6.040403366088867,5.545070171356201,0.050000011920928955,784000
2,3137,250,361.82171630859375,1.44728684425354,5.3657660484313965,0.050000011920928955,784250
2,3138,250,373.5484619140625,1.4941937923431396,5.618854522705078,0.050000011920928955,784500
2,3139,250,410.3479309082031,1.6413917541503906,5.269832611083984,0.050000011920928955,784750
2,3140,250,1266.8062744140625,5.067224979400635,5.248081684112549,0.050000011920928955,785000
2,3141,250,1384.854736328125,5.539419174194336,5.218597412109375,0.050000011920928955,785250
2,3142,250,1445.354736328125,5.781418800354004,4.959647178649902,0.050000011920928955,785500
2,3143,250,1497.3115234375,5.989245891571045,5.062808990478516,0.050000011920928955,785750
2,3144,250,822.786376953125,3.2911455631256104,5.005695819854736,0.050000011920928955,786000
2,3145,250,1141.674072265625,4.5666961669921875,5.26227331161499,0.050000011920928955,786250
2,3146,250,1509.757080078125,6.039028167724609,4.8981170654296875,0.050000011920928955,786500
2,3147,250,1334.1195068359375,5.336478233337402,4.777492046356201,0.050000011920928955,786750
2,3148,250,1397.7978515625,5.591191291809082,4.942903995513916,0.050000011920928955,787000
2,3149,250,621.8108520507812,2.487243413925171,5.298565864562988,0.050000011920928955,787250
2,3150,250,1526.91455078125,6.107658386230469,5.008753299713135,0.050000011920928955,787500
2,3151,250,1761.027099609375,7.0441083908081055,4.790342807769775,0.050000011920928955,787750
2,3152,250,697.465576171875,2.7898623943328857,4.733565807342529,0.050000011920928955,788000
2,3153,250,465.7428894042969,1.862971544265747,4.764621257781982,0.050000011920928955,788250
2,3154,250,1712.1693115234375,6.848677158355713,4.625857353210449,0.050000011920928955,788500
2,3155,250,1752.583251953125,7.010333061218262,4.5684814453125,0.050000011920928955,788750
2,3156,250,1304.031982421875,5.216127872467041,4.409521579742432,0.050000011920928955,789000
2,3157,250,63.625511169433594,0.2545020580291748,4.667423725128174,0.050000011920928955,789250
2,3158,250,1750.0787353515625,7.000314712524414,4.483575820922852,0.050000011920928955,789500
2,3159,250,1745.6368408203125,6.982547283172607,4.336173057556152,0.050000011920928955,789750
2,3160,250,1617.81982421875,6.471279144287109,4.124699592590332,0.050000011920928955,790000
2,3161,250,50.74602508544922,0.20298409461975098,4.150853633880615,0.050000011920928955,790250
2,3162,250,1719.923583984375,6.87969446182251,4.134779453277588,0.050000011920928955,790500
2,3163,250,1762.1378173828125,7.048551082611084,3.8676767349243164,0.050000011920928955,790750
2,3164,250,1921.90869140625,7.6876349449157715,3.8413925170898438,0.050000011920928955,791000
2,3165,250,1817.3343505859375,7.269337177276611,3.9212591648101807,0.050000011920928955,791250
2,3166,250,72.27442169189453,0.28909769654273987,3.972539186477661,0.050000011920928955,791500
2,3167,250,96.83074188232422,0.38732296228408813,4.027957916259766,0.050000011920928955,791750
2,3168,250,1752.0125732421875,7.008050441741943,3.9380733966827393,0.050000011920928955,792000
2,3169,250,1763.5252685546875,7.05410099029541,4.091170787811279,0.050000011920928955,792250
2,3170,250,117.98532104492188,0.4719412922859192,4.069847583770752,0.050000011920928955,792500
2,3171,250,1809.115966796875,7.236464023590088,4.067173004150391,0.050000011920928955,792750
2,3172,250,1758.7176513671875,7.034870624542236,4.067886829376221,0.050000011920928955,793000
2,3173,250,68.37171173095703,0.273486852645874,4.396927833557129,0.050000011920928955,793250
2,3174,250,37.456085205078125,0.1498243361711502,4.534008979797363,0.050000011920928955,793500
2,3175,250,1609.0169677734375,6.436068058013916,4.614810943603516,0.050000011920928955,793750
2,3176,250,46.81468200683594,0.1872587352991104,4.630573749542236,0.050000011920928955,794000
2,3177,250,1761.9337158203125,7.04773473739624,5.096733093261719,0.050000011920928955,794250
2,3178,250,182.1444854736328,0.7285779714584351,4.9766035079956055,0.050000011920928955,794500
2,3179,250,782.5670166015625,3.130268096923828,4.781086444854736,0.050000011920928955,794750
2,3180,250,1784.6202392578125,7.138481140136719,4.669299125671387,0.050000011920928955,795000
2,3181,250,37.76454544067383,0.15105818212032318,5.397830486297607,0.050000011920928955,795250
2,3182,250,1675.9752197265625,6.7039008140563965,5.271778583526611,0.050000011920928955,795500
2,3183,250,38.4392204284668,0.15375688672065735,5.092832565307617,0.050000011920928955,795750
2,3184,250,1577.3255615234375,6.30930233001709,5.090280055999756,0.050000011920928955,796000
2,3185,250,1341.0045166015625,5.364017963409424,5.6907429695129395,0.050000011920928955,796250
2,3186,250,23.99661636352539,0.09598646312952042,5.652808666229248,0.050000011920928955,796500
2,3187,250,1510.0889892578125,6.040356159210205,5.408813953399658,0.050000011920928955,796750
2,3188,250,-0.4729011058807373,-0.0018916043918579817,5.327536106109619,0.050000011920928955,797000
2,3189,250,70.37567901611328,0.28150272369384766,6.100829124450684,0.050000011920928955,797250
2,3190,250,408.26129150390625,1.6330451965332031,5.753266334533691,0.050000011920928955,797500
2,3191,250,130.86700439453125,0.523468017578125,5.927451133728027,0.050000011920928955,797750
2,3192,250,-72.4200439453125,-0.2896801829338074,5.838878631591797,0.050000011920928955,798000
2,3193,250,1201.9595947265625,4.807838439941406,6.878454685211182,0.050000011920928955,798250
2,3194,250,1616.924072265625,6.467696189880371,6.531194686889648,0.050000011920928955,798500
2,3195,250,-4.76035737991333,-0.019041430205106735,6.502670764923096,0.050000011920928955,798750
2,3196,250,-34.41627883911133,-0.13766512274742126,6.5750651359558105,0.050000011920928955,799000
2,3197,250,1635.543701171875,6.542174816131592,7.05103874206543,0.050000011920928955,799250
2,3198,250,124.57670593261719,0.4983068108558655,6.8626322746276855,0.050000011920928955,799500
2,3199,250,-27.96749496459961,-0.11186998337507248,6.8107991218566895,0.050000011920928955,799750
2,3200,250,1683.468994140625,6.733875751495361,7.003643035888672,0.050000011920928955,800000
2,3201,250,1689.1346435546875,6.756538391113281,7.963122367858887,0.050000011920928955,800250
2,3202,250,-12.463485717773438,-0.04985394328832626,7.602088451385498,0.050000011920928955,800500
2,3203,250,-17.32729721069336,-0.06930918991565704,7.354172229766846,0.050000011920928955,800750
2,3204,250,1644.070556640625,6.576282024383545,7.503659725189209,0.050000011920928955,801000
2,3205,250,1266.93505859375,5.067740440368652,8.410523414611816,0.050000011920928955,801250
2,3206,250,1663.3211669921875,6.653284549713135,7.966869831085205,0.050000011920928955,801500
2,3207,250,-3.0849452018737793,-0.012339781038463116,7.521688938140869,0.050000011920928955,801750
2,3208,250,20.30401039123535,0.08121604472398758,7.532970428466797,0.050000011920928955,802000
2,3209,250,1733.291748046875,6.933166980743408,8.14175033569336,0.050000011920928955,802250
2,3210,250,53.48207473754883,0.21392829716205597,7.623929977416992,0.050000011920928955,802500
2,3211,250,1686.8427734375,6.747371196746826,7.6959943771362305,0.050000011920928955,802750
2,3212,250,1744.163330078125,6.976653099060059,7.387789726257324,0.050000011920928955,803000
2,3213,250,1251.97265625,5.007890701293945,7.619795322418213,0.050000011920928955,803250
2,3214,250,1453.544921875,5.81417989730835,7.285098075866699,0.050000011920928955,803500
2,3215,250,1559.4803466796875,6.237921237945557,6.808578968048096,0.050000011920928955,803750
2,3216,250,1232.2901611328125,4.9291605949401855,6.995670795440674,0.050000011920928955,804000
2,3217,250,1726.466064453125,6.905864238739014,6.655058860778809,0.050000011920928955,804250
2,3218,250,1710.1802978515625,6.840721130371094,6.705633640289307,0.050000011920928955,804500
2,3219,250,1652.9190673828125,6.611676216125488,6.567641258239746,0.050000011920928955,804750
2,3220,250,1862.42822265625,7.449712753295898,6.355035781860352,0.050000011920928955,805000
2,3221,250,1725.792724609375,6.903171062469482,6.448276519775391,0.050000011920928955,805250
2,3222,250,1735.4866943359375,6.941946983337402,6.26156759262085,0.050000011920928955,805500
2,3223,250,1611.938232421875,6.447752952575684,6.047598838806152,0.050000011920928955,805750
2,3224,250,1752.3841552734375,7.0095367431640625,6.0016584396362305,0.050000011920928955,806000
2,3225,250,1647.327392578125,6.5893096923828125,6.0342512130737305,0.050000011920928955,806250
2,3226,250,1745.8297119140625,6.98331880569458,5.715579032897949,0.050000011920928955,806500
2,3227,250,1674.5174560546875,6.698070049285889,5.726622104644775,0.050000011920928955,806750
2,3228,250,1713.9608154296875,6.8558430671691895,5.333256721496582,0.050000011920928955,807000
2,3229,250,1668.13232421875,6.672529220581055,5.807728290557861,0.050000011920928955,807250
2,3230,250,1685.11767578125,6.740470886230469,5.150124549865723,0.050000011920928955,807500
2,3231,250,1679.291015625,6.717164039611816,4.643071174621582,0.050000011920928955,807750
2,3232,250,1638.7547607421875,6.555018901824951,4.791614532470703,0.050000011920928955,808000
2,3233,250,1697.892333984375,6.791569232940674,4.755171775817871,0.050000011920928955,808250
2,3234,250,1745.8997802734375,6.9835991859436035,4.464415073394775,0.050000011920928955,808500
2,3235,250,1194.259765625,4.777039051055908,4.368876934051514,0.050000011920928955,808750
2,3236,250,1585.8623046875,6.343449115753174,4.195777416229248,0.050000011920928955,809000
2,3237,250,921.2813720703125,3.6851255893707275,4.526721477508545,0.050000011920928955,809250
2,3238,250,1736.5743408203125,6.9462971687316895,4.037557601928711,0.050000011920928955,809500
2,3239,250,1692.9488525390625,6.771795272827148,4.055998802185059,0.050000011920928955,809750
2,3240,250,35.09296417236328,0.14037185907363892,3.8513009548187256,0.050000011920928955,810000
2,3241,250,1646.8018798828125,6.587207317352295,4.2540059089660645,0.050000011920928955,810250
2,3242,250,9.097969055175781,0.03639187663793564,4.090838432312012,0.050000011920928955,810500
2,3243,250,35.4405632019043,0.14176225662231445,4.296970367431641,0.050000011920928955,810750
2,3244,250,41.66044998168945,0.16664180159568787,4.483397960662842,0.050000011920928955,811000
2,3245,250,32.08851623535156,0.1283540576696396,5.229950904846191,0.050000011920928955,811250
2,3246,250,14.487853050231934,0.057951413094997406,5.080110549926758,0.050000011920928955,811500
2,3247,250,36.34562301635742,0.14538249373435974,5.149855613708496,0.050000011920928955,811750
2,3248,250,56.495906829833984,0.2259836345911026,4.977221965789795,0.050000011920928955,812000
2,3249,250,1744.28955078125,6.977158069610596,6.088520050048828,0.050000011920928955,812250
2,3250,250,43.657779693603516,0.17463111877441406,5.434843063354492,0.050000011920928955,812500
2,3251,250,1677.0135498046875,6.708054065704346,4.94838285446167,0.050000011920928955,812750
2,3252,250,1711.3009033203125,6.845203399658203,4.570699691772461,0.050000011920928955,813000
2,3253,250,1871.167236328125,7.484668731689453,6.466087818145752,0.050000011920928955,813250
2,3254,250,76.7674789428711,0.30706992745399475,5.848638534545898,0.050000011920928955,813500
2,3255,250,1661.71044921875,6.646842002868652,5.676600933074951,0.050000011920928955,813750
2,3256,250,2.6265084743499756,0.010506033897399902,5.275605201721191,0.050000011920928955,814000
2,3257,250,1138.235107421875,4.552940368652344,6.971877098083496,0.050000011920928955,814250
2,3258,250,-63.172706604003906,-0.2526908218860626,6.093623161315918,0.050000011920928955,814500
2,3259,250,-11.95136833190918,-0.04780547320842743,6.278750419616699,0.050000011920928955,814750
2,3260,250,112.58465576171875,0.4503386318683624,6.334475040435791,0.050000011920928955,815000
2,3261,250,328.17303466796875,1.3126921653747559,7.082403182983398,0.050000011920928955,815250
2,3262,250,-51.52091598510742,-0.20608367025852203,6.985173225402832,0.050000011920928955,815500
2,3263,250,-50.239444732666016,-0.2009577751159668,6.583858489990234,0.050000011920928955,815750
2,3264,250,233.94143676757812,0.9357657432556152,6.800933837890625,0.050000011920928955,816000
2,3265,250,-54.58026885986328,-0.2183210700750351,7.679415702819824,0.050000011920928955,816250
2,3266,250,-78.10457611083984,-0.3124183118343353,7.522834300994873,0.050000011920928955,816500
2,3267,250,-31.22201156616211,-0.12488804757595062,7.41312837600708,0.050000011920928955,816750
2,3268,250,233.15353393554688,0.9326141476631165,7.293131351470947,0.050000011920928955,817000
2,3269,250,258.0032958984375,1.032013177871704,7.949794292449951,0.050000011920928955,817250
2,3270,250,-99.29192352294922,-0.3971676826477051,7.871084213256836,0.050000011920928955,817500
2,3271,250,18.280107498168945,0.07312043011188507,7.831689357757568,0.050000011920928955,817750
2,3272,250,215.18051147460938,0.8607220649719238,7.560099124908447,0.050000011920928955,818000
2,3273,250,-70.37376403808594,-0.281495064496994,8.058979034423828,0.050000011920928955,818250
2,3274,250,-134.23507690429688,-0.536940336227417,7.631503105163574,0.050000011920928955,818500
2,3275,250,-151.16566467285156,-0.6046626567840576,7.376798629760742,0.050000011920928955,818750
2,3276,250,-278.254150390625,-1.1130166053771973,7.545499801635742,0.050000011920928955,819000
2,3277,250,1053.9439697265625,4.215775966644287,7.675793170928955,0.050000011920928955,819250
2,3278,250,-175.80604553222656,-0.7032241821289062,7.519279956817627,0.050000011920928955,819500
2,3279,250,-86.48502349853516,-0.34594008326530457,7.4937214851379395,0.050000011920928955,819750
2,3280,250,-96.95075225830078,-0.38780301809310913,7.037001609802246,0.050000011920928955,820000
2,3281,250,-124.35157775878906,-0.4974063038825989,7.659806728363037,0.050000011920928955,820250
2,3282,250,101.81438446044922,0.4072575271129608,7.381993293762207,0.050000011920928955,820500
2,3283,250,-79.95821380615234,-0.31983286142349243,7.025373458862305,0.050000011920928955,820750
2,3284,250,-72.2657241821289,-0.28906288743019104,6.795110702514648,0.050000011920928955,821000
2,3285,250,-101.6495590209961,-0.4065982401371002,7.060608386993408,0.050000011920928955,821250
2,3286,250,79.92460632324219,0.31969842314720154,6.682693004608154,0.050000011920928955,821500
2,3287,250,-121.27005767822266,-0.4850802421569824,6.479495048522949,0.050000011920928955,821750
2,3288,250,-38.896854400634766,-0.15558741986751556,6.360376358032227,0.050000011920928955,822000
2,3289,250,-115.49209594726562,-0.46196839213371277,6.530959129333496,0.050000011920928955,822250
2,3290,250,-140.17665100097656,-0.560706615447998,6.3990960121154785,0.050000011920928955,822500
2,3291,250,-130.31446838378906,-0.5212578773498535,6.185733795166016,0.050000011920928955,822750
2,3292,250,-51.43023681640625,-0.2057209461927414,5.548958778381348,0.050000011920928955,823000
2,3293,250,-106.604248046875,-0.4264169931411743,6.228154182434082,0.050000011920928955,823250
2,3294,250,-72.642333984375,-0.29056933522224426,6.009816646575928,0.050000011920928955,823500
2,3295,250,-38.78432083129883,-0.15513728559017181,5.62831449508667,0.050000011920928955,823750
2,3296,250,-111.07421875,-0.44429686665534973,5.72912073135376,0.050000011920928955,824000
2,3297,250,-124.85910034179688,-0.4994364082813263,5.971954822540283,0.050000011920928955,824250
2,3298,250,-100.86895751953125,-0.403475821018219,5.686677932739258,0.050000011920928955,824500
2,3299,250,-119.50163269042969,-0.4780065417289734,5.548007011413574,0.050000011920928955,824750
2,3300,250,-92.12751007080078,-0.36851003766059875,5.843106269836426,0.050000011920928955,825000
2,3301,250,-167.07772827148438,-0.6683109402656555,5.740454196929932,0.050000011920928955,825250
2,3302,250,-108.69292449951172,-0.43477168679237366,5.5619306564331055,0.050000011920928955,825500
2,3303,250,230.8071746826172,0.9232286810874939,5.2314019203186035,0.050000011920928955,825750
2,3304,250,286.9837341308594,1.147934913635254,5.323594570159912,0.050000011920928955,826000
2,3305,250,-37.48838806152344,-0.14995355904102325,5.5872697830200195,0.050000011920928955,826250
2,3306,250,-2.821629524230957,-0.011286518536508083,5.608428001403809,0.050000011920928955,826500
2,3307,250,66.6529541015625,0.26661181449890137,5.423946380615234,0.050000011920928955,826750
2,3308,250,-15.54917049407959,-0.06219668313860893,5.134488105773926,0.050000011920928955,827000
2,3309,250,-92.3316650390625,-0.369326651096344,5.768163204193115,0.050000011920928955,827250
2,3310,250,-9.051704406738281,-0.036206819117069244,5.239654064178467,0.050000011920928955,827500
2,3311,250,366.79400634765625,1.467176079750061,5.078267574310303,0.050000011920928955,827750
2,3312,250,5.033270359039307,0.020133081823587418,5.138405799865723,0.050000011920928955,828000
2,3313,250,222.909423828125,0.8916376829147339,5.614836692810059,0.050000011920928955,828250
2,3314,250,-38.53770446777344,-0.1541508138179779,5.446290969848633,0.050000011920928955,828500
2,3315,250,-19.89840316772461,-0.07959361374378204,5.275905132293701,0.050000011920928955,828750
2,3316,250,-90.90577697753906,-0.36362311244010925,5.225983142852783,0.050000011920928955,829000
2,3317,250,160.8142852783203,0.6432571411132812,5.633506774902344,0.050000011920928955,829250
2,3318,250,-90.14192962646484,-0.36056771874427795,5.142826080322266,0.050000011920928955,829500
2,3319,250,-47.632164001464844,-0.19052866101264954,5.064002513885498,0.050000011920928955,829750
2,3320,250,-55.30526351928711,-0.22122105956077576,5.180744647979736,0.050000011920928955,830000
2,3321,250,-48.32571029663086,-0.19330283999443054,5.393453598022461,0.050000011920928955,830250
2,3322,250,-22.964160919189453,-0.09185664355754852,5.281343936920166,0.050000011920928955,830500
2,3323,250,-45.234134674072266,-0.1809365451335907,4.939460277557373,0.050000011920928955,830750
2,3324,250,-58.904273986816406,-0.23561710119247437,4.995666980743408,0.050000011920928955,831000
2,3325,250,-28.29786491394043,-0.11319146305322647,5.422285079956055,0.050000011920928955,831250
2,3326,250,-12.773548126220703,-0.05109419301152229,5.2184247970581055,0.050000011920928955,831500
2,3327,250,24.642038345336914,0.0985681563615799,5.027099609375,0.050000011920928955,831750
2,3328,250,-14.973455429077148,-0.05989382043480873,5.235272407531738,0.050000011920928955,832000
2,3329,250,-64.46910095214844,-0.2578763961791992,5.396477699279785,0.050000011920928955,832250
2,3330,250,-76.37525939941406,-0.3055010437965393,5.214585781097412,0.050000011920928955,832500
2,3331,250,-23.25566864013672,-0.0930226743221283,4.926279544830322,0.050000011920928955,832750
2,3332,250,-51.652854919433594,-0.20661142468452454,4.859914302825928,0.050000011920928955,833000
2,3333,250,-10.476945877075195,-0.04190778359770775,5.093759536743164,0.050000011920928955,833250
2,3334,250,1582.81396484375,6.331255912780762,4.885526657104492,0.050000011920928955,833500
2,3335,250,-38.41704177856445,-0.15366816520690918,4.947152614593506,0.050000011920928955,833750
2,3336,250,-27.801250457763672,-0.11120500415563583,5.137327671051025,0.050000011920928955,834000
2,3337,250,-48.60404968261719,-0.19441619515419006,4.981664657592773,0.050000011920928955,834250
2,3338,250,6.085965156555176,0.024343861266970634,4.885385513305664,0.050000011920928955,834500
2,3339,250,-37.3978385925293,-0.1495913565158844,4.721177101135254,0.050000011920928955,834750
2,3340,250,-19.587909698486328,-0.07835163921117783,4.713624477386475,0.050000011920928955,835000
2,3341,250,-19.967872619628906,-0.07987149059772491,4.673417568206787,0.050000011920928955,835250
2,3342,250,338.6705627441406,1.354682207107544,4.741022109985352,0.050000011920928955,835500
2,3343,250,4.499931812286377,0.01799972727894783,4.758435249328613,0.050000011920928955,835750
2,3344,250,146.9829864501953,0.5879319310188293,4.787717342376709,0.050000011920928955,836000
2,3345,250,45.86531066894531,0.1834612488746643,4.924019813537598,0.050000011920928955,836250
2,3346,250,-25.665761947631836,-0.10266304761171341,5.112584590911865,0.050000011920928955,836500
2,3347,250,7.62863826751709,0.03051455318927765,4.7576680183410645,0.050000011920928955,836750
2,3348,250,878.237060546875,3.5129482746124268,5.1255693435668945,0.050000011920928955,837000
2,3349,250,18.689743041992188,0.07475896924734116,4.91296911239624,0.050000011920928955,837250
2,3350,250,88.1716079711914,0.35268643498420715,4.631674289703369,0.050000011920928955,837500
2,3351,250,9.11538314819336,0.03646153211593628,4.710721969604492,0.050000011920928955,837750
2,3352,250,-23.00214195251465,-0.0920085683465004,4.676877498626709,0.050000011920928955,838000
2,3353,250,5.530477523803711,0.022121910005807877,4.871058464050293,0.050000011920928955,838250
2,3354,250,24.13719940185547,0.09654879570007324,4.636923789978027,0.050000011920928955,838500
2,3355,250,17.201961517333984,0.06880784779787064,4.554497718811035,0.050000011920928955,838750
2,3356,250,21.449195861816406,0.0857967808842659,4.5072407722473145,0.050000011920928955,839000
2,3357,250,37.60516357421875,0.1504206508398056,4.667295455932617,0.050000011920928955,839250
2,3358,250,-12.971488952636719,-0.05188595503568649,4.419734954833984,0.050000011920928955,839500
2,3359,250,-18.168689727783203,-0.07267475873231888,4.74508810043335,0.050000011920928955,839750
2,3360,250,41.804969787597656,0.167219877243042,4.342520236968994,0.050000011920928955,840000
2,3361,250,43.53301239013672,0.17413204908370972,4.5175862312316895,0.050000011920928955,840250
2,3362,250,427.0017395019531,1.7080069780349731,4.408143520355225,0.050000011920928955,840500
2,3363,250,279.1967468261719,1.1167869567871094,4.77435302734375,0.050000011920928955,840750
2,3364,250,194.3533477783203,0.7774133682250977,4.812102317810059,0.050000011920928955,841000
2,3365,250,25.20543098449707,0.10082172602415085,5.161976337432861,0.050000011920928955,841250
2,3366,250,216.32589721679688,0.8653035759925842,5.0907487869262695,0.050000011920928955,841500
2,3367,250,7.4505462646484375,0.02980218455195427,5.114834308624268,0.050000011920928955,841750
2,3368,250,12.943435668945312,0.05177374184131622,5.035887718200684,0.050000011920928955,842000
2,3369,250,75.76024627685547,0.3030409812927246,5.5346598625183105,0.050000011920928955,842250
2,3370,250,3.4054222106933594,0.013621688820421696,5.2491960525512695,0.050000011920928955,842500
2,3371,250,23.207984924316406,0.09283193945884705,5.386133670806885,0.050000011920928955,842750
2,3372,250,156.6719970703125,0.6266880035400391,5.326807975769043,0.050000011920928955,843000
2,3373,250,8.660445213317871,0.03464177995920181,5.716643333435059,0.050000011920928955,843250
2,3374,250,1.9561190605163574,0.00782447587698698,5.455409049987793,0.050000011920928955,843500
2,3375,250,-66.90782928466797,-0.26763132214546204,5.411960124969482,0.050000011920928955,843750
2,3376,250,1.7444275617599487,0.006977710407227278,5.203427791595459,0.050000011920928955,844000
2,3377,250,2.9671123027801514,0.011868448927998543,6.064638614654541,0.050000011920928955,844250
2,3378,250,29.977325439453125,0.11990930140018463,6.220144748687744,0.050000011920928955,844500
2,3379,250,253.6809844970703,1.0147238969802856,5.818607807159424,0.050000011920928955,844750
2,3380,250,24.565200805664062,0.0982608050107956,6.103891849517822,0.050000011920928955,845000
2,3381,250,23.552669525146484,0.0942106768488884,6.057265758514404,0.050000011920928955,845250
2,3382,250,-26.819316864013672,-0.1072772666811943,6.113979816436768,0.050000011920928955,845500
2,3383,250,47.09389877319336,0.1883755922317505,5.899704933166504,0.050000011920928955,845750
2,3384,250,210.7673797607422,0.8430694937705994,5.741783618927002,0.050000011920928955,846000
2,3385,250,36.663108825683594,0.1466524302959442,6.53170108795166,0.050000011920928955,846250
2,3386,250,246.3555908203125,0.9854223728179932,6.21095085144043,0.050000011920928955,846500
2,3387,250,40.859474182128906,0.16343790292739868,6.155508995056152,0.050000011920928955,846750
2,3388,250,370.14501953125,1.4805800914764404,6.326483249664307,0.050000011920928955,847000
2,3389,250,60.50271224975586,0.24201084673404694,6.371322154998779,0.050000011920928955,847250
2,3390,250,508.6219787597656,2.0344879627227783,6.193109512329102,0.050000011920928955,847500
2,3391,250,212.18582153320312,0.8487432599067688,6.195896148681641,0.050000011920928955,847750
2,3392,250,453.82354736328125,1.8152941465377808,6.417562961578369,0.050000011920928955,848000
2,3393,250,28.957735061645508,0.11583094298839569,6.614325046539307,0.050000011920928955,848250
2,3394,250,340.9140930175781,1.3636564016342163,6.62614631652832,0.050000011920928955,848500
2,3395,250,926.4365844726562,3.7057464122772217,6.592697620391846,0.050000011920928955,848750
2,3396,250,55.66941833496094,0.22267767786979675,6.346420764923096,0.050000011920928955,849000
2,3397,250,131.3240203857422,0.5252960920333862,7.022282600402832,0.050000011920928955,849250
2,3398,250,730.1275024414062,2.9205100536346436,6.599465370178223,0.050000011920928955,849500
2,3399,250,418.3938903808594,1.673575520515442,6.559047222137451,0.050000011920928955,849750
2,3400,250,67.67366790771484,0.27069467306137085,6.676121234893799,0.050000011920928955,850000
2,3401,250,432.1224060058594,1.728489637374878,6.843008995056152,0.050000011920928955,850250
2,3402,250,90.37858581542969,0.3615143299102783,7.100980758666992,0.050000011920928955,850500
2,3403,250,88.0029067993164,0.35201162099838257,6.738795757293701,0.050000011920928955,850750
2,3404,250,346.1798095703125,1.3847192525863647,6.526132583618164,0.050000011920928955,851000
2,3405,250,435.3970031738281,1.7415879964828491,6.710537910461426,0.050000011920928955,851250
2,3406,250,261.2078857421875,1.0448315143585205,6.678129196166992,0.050000011920928955,851500
2,3407,250,97.24072265625,0.38896289467811584,6.689573287963867,0.050000011920928955,851750
2,3408,250,56.92367935180664,0.22769472002983093,6.846324920654297,0.050000011920928955,852000
2,3409,250,75.7125473022461,0.3028501868247986,7.576526641845703,0.050000011920928955,852250
2,3410,250,256.3824768066406,1.0255298614501953,6.8760223388671875,0.050000011920928955,852500
2,3411,250,382.7181396484375,1.5308725833892822,7.01649808883667,0.050000011920928955,852750
2,3412,250,348.60882568359375,1.3944352865219116,7.070385456085205,0.050000011920928955,853000
2,3413,250,364.23291015625,1.4569315910339355,7.1939215660095215,0.050000011920928955,853250
2,3414,250,448.4785461425781,1.7939141988754272,7.244400501251221,0.050000011920928955,853500
2,3415,250,422.3260192871094,1.6893041133880615,6.911391735076904,0.050000011920928955,853750
2,3416,250,254.10255432128906,1.016410231590271,7.053529262542725,0.050000011920928955,854000
2,3417,250,552.3228759765625,2.209291458129883,7.112890243530273,0.050000011920928955,854250
2,3418,250,533.4778442382812,2.133911371231079,7.169368267059326,0.050000011920928955,854500
2,3419,250,413.10205078125,1.652408242225647,6.954436302185059,0.050000011920928955,854750
2,3420,250,-436.48443603515625,-1.745937705039978,6.731578350067139,0.050000011920928955,855000
2,3421,250,434.5683898925781,1.7382735013961792,6.8504838943481445,0.050000011920928955,855250
2,3422,250,324.4658203125,1.297863245010376,6.7126665115356445,0.050000011920928955,855500
2,3423,250,484.827392578125,1.9393095970153809,6.668336868286133,0.050000011920928955,855750
2,3424,250,472.1521911621094,1.8886088132858276,6.5418620109558105,0.050000011920928955,856000
2,3425,250,415.7276306152344,1.6629105806350708,6.745707988739014,0.050000011920928955,856250
2,3426,250,387.66180419921875,1.550647258758545,6.919114112854004,0.050000011920928955,856500
2,3427,250,170.56143188476562,0.6822457313537598,6.510725975036621,0.050000011920928955,856750
2,3428,250,243.81861877441406,0.9752745032310486,6.426888465881348,0.050000011920928955,857000
2,3429,250,326.1905822753906,1.304762363433838,6.486451148986816,0.050000011920928955,857250
2,3430,250,346.7052917480469,1.3868211507797241,6.402756214141846,0.050000011920928955,857500
2,3431,250,512.338134765625,2.0493526458740234,6.290281295776367,0.050000011920928955,857750
2,3432,250,238.056640625,0.9522265791893005,6.1055402755737305,0.050000011920928955,858000
2,3433,250,421.5278625488281,1.6861114501953125,6.221714019775391,0.050000011920928955,858250
2,3434,250,484.7146301269531,1.9388585090637207,6.290135383605957,0.050000011920928955,858500
2,3435,250,392.7959899902344,1.5711839199066162,6.171183109283447,0.050000011920928955,858750
2,3436,250,143.37843322753906,0.5735137462615967,5.9641876220703125,0.050000011920928955,859000
2,3437,250,358.5146179199219,1.434058427810669,6.36696195602417,0.050000011920928955,859250
2,3438,250,499.640625,1.9985624551773071,6.31784725189209,0.050000011920928955,859500
2,3439,250,293.9738464355469,1.1758953332901,6.039525985717773,0.050000011920928955,859750
2,3440,250,354.4078369140625,1.4176313877105713,6.18780517578125,0.050000011920928955,860000
2,3441,250,489.0542297363281,1.9562169313430786,6.377529621124268,0.050000011920928955,860250
2,3442,250,231.91053771972656,0.9276421666145325,6.031527996063232,0.050000011920928955,860500
2,3443,250,266.9579772949219,1.0678318738937378,5.908885955810547,0.050000011920928955,860750
2,3444,250,336.7969055175781,1.3471876382827759,6.156991958618164,0.050000011920928955,861000
2,3445,250,396.2555236816406,1.5850220918655396,6.320551872253418,0.050000011920928955,861250
2,3446,250,252.92654418945312,1.0117062330245972,6.339584827423096,0.050000011920928955,861500
2,3447,250,434.0539855957031,1.7362159490585327,5.863167762756348,0.050000011920928955,861750
2,3448,250,406.6885986328125,1.6267544031143188,5.836984157562256,0.050000011920928955,862000
2,3449,250,479.7706604003906,1.9190826416015625,6.31850528717041,0.050000011920928955,862250
2,3450,250,273.2036437988281,1.092814564704895,5.7822346687316895,0.050000011920928955,862500
2,3451,250,371.8434753417969,1.487373948097229,5.512053966522217,0.050000011920928955,862750
2,3452,250,308.1422119140625,1.2325688600540161,5.544519424438477,0.050000011920928955,863000
2,3453,250,373.8591613769531,1.495436668395996,6.433237075805664,0.050000011920928955,863250
2,3454,250,465.0621643066406,1.8602486848831177,5.817099094390869,0.050000011920928955,863500
2,3455,250,273.3548889160156,1.0934195518493652,5.983572959899902,0.050000011920928955,863750
2,3456,250,414.79296875,1.6591718196868896,5.620453357696533,0.050000011920928955,864000
2,3457,250,235.40443420410156,0.9416177272796631,6.11989688873291,0.050000011920928955,864250
2,3458,250,424.05999755859375,1.696239948272705,6.015193462371826,0.050000011920928955,864500
2,3459,250,138.77658081054688,0.5551063418388367,6.273807048797607,0.050000011920928955,864750
2,3460,250,377.4908447265625,1.5099633932113647,5.810988903045654,0.050000011920928955,865000
2,3461,250,405.5196838378906,1.622078776359558,6.463804244995117,0.050000011920928955,865250
2,3462,250,222.3741912841797,0.8894967436790466,6.426986217498779,0.050000011920928955,865500
2,3463,250,322.0151062011719,1.2880604267120361,6.295917510986328,0.050000011920928955,865750
2,3464,250,281.2388000488281,1.124955177307129,5.924106121063232,0.050000011920928955,866000
2,3465,250,231.29620361328125,0.9251847863197327,6.77421760559082,0.050000011920928955,866250
2,3466,250,158.30868530273438,0.6332347393035889,6.766072750091553,0.050000011920928955,866500
2,3467,250,-204.24317932128906,-0.8169727325439453,6.464297294616699,0.050000011920928955,866750
2,3468,250,149.07684326171875,0.5963073968887329,6.133736610412598,0.050000011920928955,867000
2,3469,250,9.722414016723633,0.03888965770602226,6.675515174865723,0.050000011920928955,867250
2,3470,250,-255.55397033691406,-1.0222158432006836,6.396022319793701,0.050000011920928955,867500
2,3471,250,-327.529541015625,-1.3101181983947754,6.329743385314941,0.050000011920928955,867750
2,3472,250,47.04298782348633,0.18817195296287537,6.621156215667725,0.050000011920928955,868000
2,3473,250,-70.07405090332031,-0.2802962064743042,6.4643635749816895,0.050000011920928955,868250
2,3474,250,6.956844806671143,0.02782737836241722,6.329000473022461,0.050000011920928955,868500
2,3475,250,16.234867095947266,0.0649394690990448,6.571985244750977,0.050000011920928955,868750
2,3476,250,194.89735412597656,0.7795894145965576,6.43806266784668,0.050000011920928955,869000
2,3477,250,57.864986419677734,0.23145994544029236,6.586137294769287,0.050000011920928955,869250
2,3478,250,-60.93437576293945,-0.24373750388622284,6.749975204467773,0.050000011920928955,869500
2,3479,250,233.4864959716797,0.9339460134506226,6.530694007873535,0.050000011920928955,869750
2,3480,250,170.76531982421875,0.6830613017082214,6.249467372894287,0.050000011920928955,870000
2,3481,250,30.0694580078125,0.12027782946825027,6.848235130310059,0.050000011920928955,870250
2,3482,250,-11.969862937927246,-0.047879450023174286,6.9817681312561035,0.050000011920928955,870500
2,3483,250,362.8465576171875,1.4513862133026123,6.794363975524902,0.050000011920928955,870750
2,3484,250,-156.49696350097656,-0.6259878277778625,6.344765663146973,0.050000011920928955,871000
2,3485,250,64.2340087890625,0.25693604350090027,7.072241306304932,0.050000011920928955,871250
2,3486,250,-358.6265869140625,-1.4345062971115112,6.881941795349121,0.050000011920928955,871500
2,3487,250,455.0011291503906,1.8200044631958008,6.67425537109375,0.050000011920928955,871750
2,3488,250,28.91463851928711,0.11565855145454407,6.7867207527160645,0.050000011920928955,872000
2,3489,250,-233.76376342773438,-0.9350550770759583,7.148835182189941,0.050000011920928955,872250
2,3490,250,-242.57814025878906,-0.9703125357627869,6.907325267791748,0.050000011920928955,872500
2,3491,250,34.14558410644531,0.13658232986927032,7.143936634063721,0.050000011920928955,872750
2,3492,250,108.6163330078125,0.43446531891822815,6.68556547164917,0.050000011920928955,873000
2,3493,250,370.5860290527344,1.482344150543213,7.355579376220703,0.050000011920928955,873250
2,3494,250,13.150575637817383,0.05260230228304863,7.148540496826172,0.050000011920928955,873500
2,3495,250,423.36907958984375,1.6934763193130493,7.184486389160156,0.050000011920928955,873750
2,3496,250,109.33633422851562,0.43734532594680786,6.886852741241455,0.050000011920928955,874000
2,3497,250,13.514689445495605,0.054058756679296494,7.5398640632629395,0.050000011920928955,874250
2,3498,250,50.17054748535156,0.20068219304084778,7.548946380615234,0.050000011920928955,874500
2,3499,250,117.93856811523438,0.4717542827129364,7.177365303039551,0.050000011920928955,874750
2,3500,250,47.32461166381836,0.18929845094680786,7.164188861846924,0.050000011920928955,875000
2,3501,250,51.64323425292969,0.20657293498516083,7.2610764503479,0.050000011920928955,875250
2,3502,250,215.51412963867188,0.8620564937591553,7.136542797088623,0.050000011920928955,875500
2,3503,250,671.6670532226562,2.6866681575775146,7.146050453186035,0.050000011920928955,875750
2,3504,250,-463.3966064453125,-1.8535864353179932,7.014101982116699,0.050000011920928955,876000
2,3505,250,456.12542724609375,1.8245017528533936,7.07263708114624,0.050000011920928955,876250
2,3506,250,461.1485900878906,1.8445943593978882,6.757594585418701,0.050000011920928955,876500
2,3507,250,618.2609252929688,2.47304368019104,6.57041072845459,0.050000011920928955,876750
2,3508,250,329.59552001953125,1.3183820247650146,6.249012470245361,0.050000011920928955,877000
2,3509,250,417.8482360839844,1.6713929176330566,7.124174118041992,0.050000011920928955,877250
2,3510,250,379.86297607421875,1.5194518566131592,6.639655113220215,0.050000011920928955,877500
2,3511,250,434.12005615234375,1.7364802360534668,6.203339099884033,0.050000011920928955,877750
2,3512,250,474.1102294921875,1.896440863609314,6.144321918487549,0.050000011920928955,878000
2,3513,250,319.23297119140625,1.276931881904602,6.998783588409424,0.050000011920928955,878250
2,3514,250,580.6314086914062,2.3225257396698,6.48878288269043,0.050000011920928955,878500
2,3515,250,512.8539428710938,2.0514156818389893,6.195472717285156,0.050000011920928955,878750
2,3516,250,46.62644958496094,0.18650579452514648,6.358996391296387,0.050000011920928955,879000
2,3517,250,371.2441101074219,1.4849764108657837,7.2574591636657715,0.050000011920928955,879250
2,3518,250,492.5291748046875,1.9701167345046997,6.987730503082275,0.050000011920928955,879500
2,3519,250,493.1263122558594,1.9725052118301392,6.846617221832275,0.050000011920928955,879750
2,3520,250,572.57373046875,2.290294885635376,6.544198036193848,0.050000011920928955,880000
2,3521,250,480.420654296875,1.921682596206665,7.742720127105713,0.050000011920928955,880250
2,3522,250,17.541183471679688,0.07016473263502121,7.4444260597229,0.050000011920928955,880500
2,3523,250,660.2947998046875,2.641179084777832,7.505598068237305,0.050000011920928955,880750
2,3524,250,27.841552734375,0.11136621236801147,7.2510786056518555,0.050000011920928955,881000
2,3525,250,30.699718475341797,0.1227988749742508,8.257946014404297,0.050000011920928955,881250
2,3526,250,64.01124572753906,0.25604498386383057,8.074113845825195,0.050000011920928955,881500
2,3527,250,107.86924743652344,0.43147698044776917,8.130228996276855,0.050000011920928955,881750
2,3528,250,613.2085571289062,2.452834129333496,8.285906791687012,0.050000011920928955,882000
2,3529,250,-2.3884098529815674,-0.009553639218211174,9.739713668823242,0.050000011920928955,882250
2,3530,250,7.301128387451172,0.029204513877630234,9.427913665771484,0.050000011920928955,882500
2,3531,250,4.351469993591309,0.017405880615115166,9.15174388885498,0.050000011920928955,882750
2,3532,250,33.43878936767578,0.133755162358284,8.713617324829102,0.050000011920928955,883000
2,3533,250,46.477970123291016,0.1859118789434433,10.428506851196289,0.050000011920928955,883250
2,3534,250,32.49906539916992,0.12999625504016876,9.766796112060547,0.050000011920928955,883500
2,3535,250,53.46239471435547,0.21384957432746887,9.761009216308594,0.050000011920928955,883750
2,3536,250,153.63311767578125,0.614532470703125,9.446476936340332,0.050000011920928955,884000
2,3537,250,101.75077056884766,0.4070030748844147,9.962939262390137,0.050000011920928955,884250
2,3538,250,518.2078857421875,2.072831630706787,9.372518539428711,0.050000011920928955,884500
2,3539,250,470.0107727050781,1.8800431489944458,9.053692817687988,0.050000011920928955,884750
2,3540,250,378.97418212890625,1.5158966779708862,9.095818519592285,0.050000011920928955,885000
2,3541,250,250.91439819335938,1.003657579421997,9.825109481811523,0.050000011920928955,885250
2,3542,250,328.7069091796875,1.3148276805877686,8.895191192626953,0.050000011920928955,885500
2,3543,250,754.4998779296875,3.0179994106292725,9.149349212646484,0.050000011920928955,885750
2,3544,250,615.3526000976562,2.4614102840423584,9.047357559204102,0.050000011920928955,886000
2,3545,250,201.3773651123047,0.8055094480514526,9.683131217956543,0.050000011920928955,886250
2,3546,250,280.52764892578125,1.1221106052398682,8.982561111450195,0.050000011920928955,886500
2,3547,250,463.1818542480469,1.8527274131774902,9.242913246154785,0.050000011920928955,886750
2,3548,250,324.4226989746094,1.297690749168396,9.458276748657227,0.050000011920928955,887000
2,3549,250,780.447021484375,3.1217880249023438,9.105598449707031,0.050000011920928955,887250
2,3550,250,659.4861450195312,2.6379446983337402,8.351738929748535,0.050000011920928955,887500
2,3551,250,81.62240600585938,0.3264896273612976,8.17500114440918,0.050000011920928955,887750
2,3552,250,380.66973876953125,1.5226789712905884,8.095487594604492,0.050000011920928955,888000
2,3553,250,188.0862274169922,0.7523449063301086,8.782770156860352,0.050000011920928955,888250
2,3554,250,594.8486328125,2.37939453125,8.819132804870605,0.050000011920928955,888500
2,3555,250,37.393585205078125,0.14957433938980103,8.31500244140625,0.050000011920928955,888750
2,3556,250,-146.52215576171875,-0.5860885977745056,8.264140129089355,0.050000011920928955,889000
2,3557,250,919.0709228515625,3.676283597946167,9.369132995605469,0.050000011920928955,889250
2,3558,250,387.6826171875,1.5507304668426514,9.332849502563477,0.050000011920928955,889500
2,3559,250,365.1639709472656,1.460655927658081,8.816459655761719,0.050000011920928955,889750
2,3560,250,417.9292297363281,1.6717169284820557,8.809507369995117,0.050000011920928955,890000
2,3561,250,550.677001953125,2.2027080059051514,9.796390533447266,0.050000011920928955,890250
2,3562,250,906.1028442382812,3.6244113445281982,9.092299461364746,0.050000011920928955,890500
2,3563,250,898.22900390625,3.5929160118103027,8.72683334350586,0.050000011920928955,890750
2,3564,250,1155.593505859375,4.622374057769775,8.55435562133789,0.050000011920928955,891000
2,3565,250,-428.94989013671875,-1.7157995700836182,8.756752967834473,0.050000011920928955,891250
2,3566,250,919.4679565429688,3.6778719425201416,8.964156150817871,0.050000011920928955,891500
2,3567,250,943.9601440429688,3.7758405208587646,9.05397891998291,0.050000011920928955,891750
2,3568,250,1110.746826171875,4.442987442016602,8.359094619750977,0.050000011920928955,892000
2,3569,250,173.51873779296875,0.6940749287605286,8.201086044311523,0.050000011920928955,892250
2,3570,250,693.6669921875,2.774667978286743,7.914597034454346,0.050000011920928955,892500
2,3571,250,689.369873046875,2.757479429244995,7.882295608520508,0.050000011920928955,892750
2,3572,250,689.3426513671875,2.757370710372925,7.982818603515625,0.050000011920928955,893000
2,3573,250,623.8002319335938,2.4952008724212646,7.756747245788574,0.050000011920928955,893250
2,3574,250,302.7464904785156,1.2109860181808472,7.552201747894287,0.050000011920928955,893500
2,3575,250,311.0314636230469,1.2441258430480957,7.568666458129883,0.050000011920928955,893750
2,3576,250,366.8842468261719,1.4675370454788208,7.063677787780762,0.050000011920928955,894000
2,3577,250,266.1532287597656,1.064612865447998,7.583188056945801,0.050000011920928955,894250
2,3578,250,569.4527587890625,2.277811050415039,7.194016933441162,0.050000011920928955,894500
2,3579,250,319.426025390625,1.277704119682312,7.088534355163574,0.050000011920928955,894750
2,3580,250,303.7958984375,1.2151836156845093,7.076667308807373,0.050000011920928955,895000
2,3581,250,366.7643737792969,1.467057466506958,7.679441928863525,0.050000011920928955,895250
2,3582,250,295.3669128417969,1.1814676523208618,7.269596576690674,0.050000011920928955,895500
2,3583,250,288.48193359375,1.1539276838302612,7.082606315612793,0.050000011920928955,895750
2,3584,250,24.442739486694336,0.09777095913887024,7.173032283782959,0.050000011920928955,896000
2,3585,250,337.6198425292969,1.3504793643951416,7.6903862953186035,0.050000011920928955,896250
2,3586,250,114.45616149902344,0.4578246474266052,7.072875499725342,0.050000011920928955,896500
2,3587,250,192.3192138671875,0.7692768573760986,7.214834213256836,0.050000011920928955,896750
2,3588,250,272.9885559082031,1.091954231262207,6.789735794067383,0.050000011920928955,897000
2,3589,250,129.2246551513672,0.5168986320495605,7.357463359832764,0.050000011920928955,897250
2,3590,250,150.7404327392578,0.6029617190361023,7.217785358428955,0.050000011920928955,897500
2,3591,250,157.78106689453125,0.6311242580413818,7.094151020050049,0.050000011920928955,897750
2,3592,250,283.92730712890625,1.135709285736084,6.779010772705078,0.050000011920928955,898000
2,3593,250,159.69842529296875,0.6387937068939209,7.581037521362305,0.050000011920928955,898250
2,3594,250,542.064208984375,2.1682567596435547,7.373204708099365,0.050000011920928955,898500
2,3595,250,163.16488647460938,0.65265953540802,7.118603706359863,0.050000011920928955,898750
2,3596,250,405.01666259765625,1.6200666427612305,6.949972629547119,0.050000011920928955,899000
2,3597,250,235.68858337402344,0.942754328250885,7.702277660369873,0.050000011920928955,899250
2,3598,250,404.65985107421875,1.618639349937439,7.195657253265381,0.050000011920928955,899500
2,3599,250,542.82763671875,2.1713106632232666,6.936495780944824,0.050000011920928955,899750
2,3600,250,245.46078491210938,0.981843113899231,7.166889190673828,0.050000011920928955,900000
2,3601,250,537.8008422851562,2.1512033939361572,7.569022178649902,0.050000011920928955,900250
2,3602,250,109.6094970703125,0.4384379982948303,7.579869270324707,0.050000011920928955,900500
2,3603,250,732.556884765625,2.930227518081665,7.289723873138428,0.050000011920928955,900750
2,3604,250,1402.131591796875,5.608526229858398,7.339065074920654,0.050000011920928955,901000
2,3605,250,512.8742065429688,2.051496744155884,7.742555141448975,0.050000011920928955,901250
2,3606,250,1497.802001953125,5.991208076477051,7.439222812652588,0.050000011920928955,901500
2,3607,250,1395.025634765625,5.580102443695068,7.496617794036865,0.050000011920928955,901750
2,3608,250,145.98446655273438,0.5839378833770752,7.128866672515869,0.050000011920928955,902000
2,3609,250,748.901123046875,2.9956045150756836,7.63645076751709,0.050000011920928955,902250
2,3610,250,80.86479187011719,0.3234591782093048,7.496800899505615,0.050000011920928955,902500
2,3611,250,1097.75439453125,4.391017436981201,7.439916133880615,0.050000011920928955,902750
2,3612,250,259.83087158203125,1.0393234491348267,7.382805824279785,0.050000011920928955,903000
2,3613,250,507.22039794921875,2.028881549835205,7.347090721130371,0.050000011920928955,903250
2,3614,250,907.9684448242188,3.631873846054077,7.280340671539307,0.050000011920928955,903500
2,3615,250,158.95005798339844,0.6358002424240112,7.015283107757568,0.050000011920928955,903750
2,3616,250,1064.1805419921875,4.2567219734191895,6.51540470123291,0.050000011920928955,904000
2,3617,250,174.78353881835938,0.6991341710090637,7.41731595993042,0.050000011920928955,904250
2,3618,250,95.76544952392578,0.38306179642677307,7.131631374359131,0.050000011920928955,904500
2,3619,250,1070.9742431640625,4.2838969230651855,6.963282585144043,0.050000011920928955,904750
2,3620,250,1089.4921875,4.357968807220459,6.831700325012207,0.050000011920928955,905000
2,3621,250,805.714599609375,3.222858428955078,7.395095348358154,0.050000011920928955,905250
2,3622,250,1397.8974609375,5.59158992767334,7.0944647789001465,0.050000011920928955,905500
2,3623,250,645.3179931640625,2.5812718868255615,6.961244583129883,0.050000011920928955,905750
2,3624,250,917.090087890625,3.6683602333068848,6.836101531982422,0.050000011920928955,906000
2,3625,250,1315.5445556640625,5.262178421020508,7.447824478149414,0.050000011920928955,906250
2,3626,250,123.07637023925781,0.4923054873943329,7.09550142288208,0.050000011920928955,906500
2,3627,250,1433.459228515625,5.733837127685547,6.836574554443359,0.050000011920928955,906750
2,3628,250,378.6243896484375,1.5144975185394287,6.711686134338379,0.050000011920928955,907000
2,3629,250,210.80740356445312,0.8432295918464661,7.193849086761475,0.050000011920928955,907250
2,3630,250,671.7901000976562,2.6871604919433594,7.189140796661377,0.050000011920928955,907500
2,3631,250,1085.827880859375,4.343311309814453,6.919034004211426,0.050000011920928955,907750
2,3632,250,319.4451599121094,1.2777806520462036,6.662611961364746,0.050000011920928955,908000
2,3633,250,1292.929443359375,5.171717643737793,7.013762474060059,0.050000011920928955,908250
2,3634,250,148.1338653564453,0.5925354361534119,6.363857746124268,0.050000011920928955,908500
2,3635,250,914.9387817382812,3.659755229949951,6.284643650054932,0.050000011920928955,908750
2,3636,250,329.3577880859375,1.3174312114715576,5.93072509765625,0.050000011920928955,909000
2,3637,250,1626.3204345703125,6.505281925201416,6.357956409454346,0.050000011920928955,909250
2,3638,250,92.96004486083984,0.3718401789665222,6.117111682891846,0.050000011920928955,909500
2,3639,250,1241.4752197265625,4.965900897979736,5.761341571807861,0.050000011920928955,909750
2,3640,250,1424.622314453125,5.698489189147949,5.5412092208862305,0.050000011920928955,910000
2,3641,250,844.0149536132812,3.3760597705841064,6.207769393920898,0.050000011920928955,910250
2,3642,250,208.90480041503906,0.8356192111968994,6.118143081665039,0.050000011920928955,910500
2,3643,250,1193.25,4.7729997634887695,6.00241231918335,0.050000011920928955,910750
2,3644,250,976.940185546875,3.9077608585357666,5.696906089782715,0.050000011920928955,911000
2,3645,250,1685.5810546875,6.742324352264404,6.14213228225708,0.050000011920928955,911250
2,3646,250,417.6255187988281,1.6705020666122437,5.724090576171875,0.050000011920928955,911500
2,3647,250,857.4790649414062,3.4299161434173584,5.873918533325195,0.050000011920928955,911750
2,3648,250,1479.9637451171875,5.919855117797852,5.812537670135498,0.050000011920928955,912000
2,3649,250,1424.7996826171875,5.6991987228393555,5.890640735626221,0.050000011920928955,912250
2,3650,250,1029.6031494140625,4.118412494659424,5.93802547454834,0.050000011920928955,912500
2,3651,250,1027.0618896484375,4.108247756958008,5.837487697601318,0.050000011920928955,912750
2,3652,250,884.04833984375,3.536193370819092,5.650650978088379,0.050000011920928955,913000
2,3653,250,654.1922607421875,2.6167690753936768,5.7372331619262695,0.050000011920928955,913250
2,3654,250,862.03369140625,3.448134660720825,5.802462577819824,0.050000011920928955,913500
2,3655,250,1166.0496826171875,4.664198875427246,5.718243598937988,0.050000011920928955,913750
2,3656,250,1251.138671875,5.004554748535156,5.650463581085205,0.050000011920928955,914000
2,3657,250,950.3563232421875,3.8014252185821533,5.565347194671631,0.050000011920928955,914250
2,3658,250,1411.7042236328125,5.646816730499268,5.4672746658325195,0.050000011920928955,914500
2,3659,250,147.36102294921875,0.589444100856781,5.563889980316162,0.050000011920928955,914750
2,3660,250,1043.4500732421875,4.173800468444824,5.529365062713623,0.050000011920928955,915000
2,3661,250,969.1738891601562,3.8766956329345703,5.498952865600586,0.050000011920928955,915250
2,3662,250,1100.93359375,4.40373420715332,5.521533966064453,0.050000011920928955,915500
2,3663,250,1008.4746704101562,4.033898830413818,5.329108715057373,0.050000011920928955,915750
2,3664,250,1023.598876953125,4.094395637512207,5.033254146575928,0.050000011920928955,916000
2,3665,250,1264.549560546875,5.05819845199585,5.192431926727295,0.050000011920928955,916250
2,3666,250,814.8304443359375,3.259321689605713,5.198955535888672,0.050000011920928955,916500
2,3667,250,1249.6051025390625,4.998420238494873,5.199771881103516,0.050000011920928955,916750
2,3668,250,1400.018310546875,5.600073337554932,5.082296848297119,0.050000011920928955,917000
2,3669,250,1058.560546875,4.234241962432861,5.015959739685059,0.050000011920928955,917250
2,3670,250,1311.789306640625,5.247157096862793,4.906494140625,0.050000011920928955,917500
2,3671,250,869.858642578125,3.4794344902038574,4.928173542022705,0.050000011920928955,917750
2,3672,250,989.624267578125,3.9584970474243164,4.718401908874512,0.050000011920928955,918000
2,3673,250,1207.136474609375,4.828546047210693,4.837798595428467,0.050000011920928955,918250
2,3674,250,1062.1348876953125,4.248539447784424,4.510047435760498,0.050000011920928955,918500
2,3675,250,1013.4393310546875,4.053757190704346,4.5785627365112305,0.050000011920928955,918750
2,3676,250,1122.93603515625,4.491744041442871,4.588300704956055,0.050000011920928955,919000
2,3677,250,1283.148681640625,5.132594585418701,4.669534683227539,0.050000011920928955,919250
2,3678,250,109.5810317993164,0.43832412362098694,4.801177501678467,0.050000011920928955,919500
2,3679,250,118.22615051269531,0.47290459275245667,4.605084419250488,0.050000011920928955,919750
2,3680,250,123.01875305175781,0.49207502603530884,4.901778221130371,0.050000011920928955,920000
2,3681,250,612.317626953125,2.449270486831665,4.976591110229492,0.050000011920928955,920250
2,3682,250,1313.2496337890625,5.252998352050781,4.901920795440674,0.050000011920928955,920500
2,3683,250,1058.853759765625,4.235414981842041,4.829766750335693,0.050000011920928955,920750
2,3684,250,1257.6334228515625,5.030533790588379,4.891536712646484,0.050000011920928955,921000
2,3685,250,856.94384765625,3.4277753829956055,4.915727615356445,0.050000011920928955,921250
2,3686,250,331.4356689453125,1.3257427215576172,4.7204909324646,0.050000011920928955,921500
2,3687,250,1313.51904296875,5.25407600402832,4.960378170013428,0.050000011920928955,921750
2,3688,250,720.802978515625,2.883211851119995,4.97688627243042,0.050000011920928955,922000
2,3689,250,91.67858123779297,0.36671432852745056,5.096835613250732,0.050000011920928955,922250
2,3690,250,407.5043029785156,1.6300171613693237,5.149572849273682,0.050000011920928955,922500
2,3691,250,341.0519104003906,1.3642076253890991,5.231620788574219,0.050000011920928955,922750
2,3692,250,1240.829833984375,4.963319301605225,4.799431324005127,0.050000011920928955,923000
2,3693,250,741.2019653320312,2.9648077487945557,5.399406909942627,0.050000011920928955,923250
2,3694,250,1183.8397216796875,4.735358715057373,5.354687213897705,0.050000011920928955,923500
2,3695,250,1427.2569580078125,5.7090277671813965,5.720376968383789,0.050000011920928955,923750
2,3696,250,103.19031524658203,0.41276127099990845,5.646040916442871,0.050000011920928955,924000
2,3697,250,1579.930419921875,6.319721698760986,6.098575115203857,0.050000011920928955,924250
2,3698,250,1376.22998046875,5.50492000579834,5.791900157928467,0.050000011920928955,924500
2,3699,250,1170.35595703125,4.681423664093018,5.7840704917907715,0.050000011920928955,924750
2,3700,250,360.1058654785156,1.4404234886169434,5.315850257873535,0.050000011920928955,925000
2,3701,250,97.40876770019531,0.3896350562572479,5.660844802856445,0.050000011920928955,925250
2,3702,250,483.02001953125,1.9320800304412842,5.862692832946777,0.050000011920928955,925500
2,3703,250,217.5567626953125,0.870227038860321,5.808764934539795,0.050000011920928955,925750
2,3704,250,173.6099090576172,0.6944396495819092,6.1295294761657715,0.050000011920928955,926000
2,3705,250,588.0889892578125,2.35235595703125,6.69374418258667,0.050000011920928955,926250
2,3706,250,426.037109375,1.7041484117507935,6.061459064483643,0.050000011920928955,926500
2,3707,250,1012.9418334960938,4.051767349243164,6.215250015258789,0.050000011920928955,926750
2,3708,250,578.4668579101562,2.3138673305511475,6.198579788208008,0.050000011920928955,927000
2,3709,250,727.8612060546875,2.911444902420044,7.44235372543335,0.050000011920928955,927250
2,3710,250,906.7864990234375,3.627146005630493,7.056626796722412,0.050000011920928955,927500
2,3711,250,832.3206176757812,3.329282522201538,6.60749626159668,0.050000011920928955,927750
2,3712,250,1355.3060302734375,5.421224117279053,6.516158580780029,0.050000011920928955,928000
2,3713,250,1305.5509033203125,5.222203731536865,7.5833420753479,0.050000011920928955,928250
2,3714,250,1535.4931640625,6.141972541809082,7.185311794281006,0.050000011920928955,928500
2,3715,250,1347.5533447265625,5.390213489532471,6.755670070648193,0.050000011920928955,928750
2,3716,250,633.9020385742188,2.5356080532073975,6.851597309112549,0.050000011920928955,929000
2,3717,250,1419.253662109375,5.6770148277282715,7.269433498382568,0.050000011920928955,929250
2,3718,250,1691.7222900390625,6.7668890953063965,6.8911638259887695,0.050000011920928955,929500
2,3719,250,1910.556396484375,7.642225742340088,6.6604390144348145,0.050000011920928955,929750
2,3720,250,1666.50732421875,6.666029453277588,6.4137983322143555,0.050000011920928955,930000
2,3721,250,1663.1591796875,6.652636528015137,6.768458366394043,0.050000011920928955,930250
2,3722,250,1584.7120361328125,6.338848114013672,6.841541767120361,0.050000011920928955,930500
2,3723,250,1670.621826171875,6.682487487792969,6.21172571182251,0.050000011920928955,930750
2,3724,250,1932.774169921875,7.7310967445373535,6.134214401245117,0.050000011920928955,931000
2,3725,250,1681.43603515625,6.725744247436523,7.0221991539001465,0.050000011920928955,931250
2,3726,250,1668.6591796875,6.6746368408203125,6.420984268188477,0.050000011920928955,931500
2,3727,250,1728.48681640625,6.913947105407715,6.23726749420166,0.050000011920928955,931750
2,3728,250,1682.717529296875,6.730870246887207,6.166943550109863,0.050000011920928955,932000
2,3729,250,1640.07275390625,6.560290813446045,6.698872089385986,0.050000011920928955,932250
2,3730,250,1827.530517578125,7.310122013092041,5.875945568084717,0.050000011920928955,932500
2,3731,250,1798.614990234375,7.194459915161133,6.07130241394043,0.050000011920928955,932750
2,3732,250,1546.1566162109375,6.184626579284668,5.783571720123291,0.050000011920928955,933000
2,3733,250,1767.3590087890625,7.069436073303223,6.098496437072754,0.050000011920928955,933250
2,3734,250,1904.0186767578125,7.616074562072754,5.475111961364746,0.050000011920928955,933500
2,3735,250,1710.1419677734375,6.8405680656433105,5.488196849822998,0.050000011920928955,933750
2,3736,250,1530.569580078125,6.122278213500977,5.292685031890869,0.050000011920928955,934000
2,3737,250,1662.697509765625,6.650790214538574,5.672339916229248,0.050000011920928955,934250
2,3738,250,1755.0107421875,7.020042896270752,5.349631309509277,0.050000011920928955,934500
2,3739,250,1805.1785888671875,7.220714569091797,5.301482200622559,0.050000011920928955,934750
2,3740,250,1629.4305419921875,6.517722129821777,5.229475498199463,0.050000011920928955,935000
2,3741,250,1422.2373046875,5.688949108123779,4.924526214599609,0.050000011920928955,935250
2,3742,250,1628.869873046875,6.515479564666748,4.613415241241455,0.050000011920928955,935500
2,3743,250,1573.098876953125,6.29239559173584,4.411896228790283,0.050000011920928955,935750
2,3744,250,1568.5963134765625,6.274385452270508,4.3556294441223145,0.050000011920928955,936000
2,3745,250,1435.718994140625,5.742876052856445,4.452116966247559,0.050000011920928955,936250
2,3746,250,1618.8680419921875,6.4754719734191895,4.512876987457275,0.050000011920928955,936500
2,3747,250,1577.2484130859375,6.308993816375732,4.434492111206055,0.050000011920928955,936750
2,3748,250,1782.48583984375,7.129943370819092,3.948094606399536,0.050000011920928955,937000
2,3749,250,1673.306396484375,6.693225383758545,4.012073516845703,0.050000011920928955,937250
2,3750,250,1634.98291015625,6.539931774139404,3.726327896118164,0.050000011920928955,937500
2,3751,250,1645.10595703125,6.580423831939697,3.597813129425049,0.050000011920928955,937750
2,3752,250,1521.622314453125,6.086489200592041,3.559896945953369,0.050000011920928955,938000
2,3753,250,1613.8819580078125,6.4555277824401855,3.553002119064331,0.050000011920928955,938250
2,3754,250,1155.8585205078125,4.623434066772461,3.6800897121429443,0.050000011920928955,938500
2,3755,250,681.8980712890625,2.7275922298431396,3.7125985622406006,0.050000011920928955,938750
2,3756,250,1145.67724609375,4.582708835601807,3.7315289974212646,0.050000011920928955,939000
2,3757,250,1040.6689453125,4.162675857543945,3.901212692260742,0.050000011920928955,939250
2,3758,250,851.6576538085938,3.406630516052246,3.8752529621124268,0.050000011920928955,939500
2,3759,250,1068.262451171875,4.273049831390381,3.8112385272979736,0.050000011920928955,939750
2,3760,250,1702.4830322265625,6.809932231903076,3.700484275817871,0.050000011920928955,940000
2,3761,250,1702.82568359375,6.811302661895752,3.7766757011413574,0.050000011920928955,940250
2,3762,250,1693.6585693359375,6.77463436126709,3.7318906784057617,0.050000011920928955,940500
2,3763,250,1659.886474609375,6.639545917510986,3.5554089546203613,0.050000011920928955,940750
2,3764,250,1030.5203857421875,4.122081756591797,3.670325994491577,0.050000011920928955,941000
2,3765,250,1716.1197509765625,6.864479064941406,3.714975118637085,0.050000011920928955,941250
2,3766,250,1176.60546875,4.706421852111816,3.714343786239624,0.050000011920928955,941500
2,3767,250,1516.9459228515625,6.067783832550049,3.6383419036865234,0.050000011920928955,941750
2,3768,250,1601.638427734375,6.406553745269775,3.582198143005371,0.050000011920928955,942000
2,3769,250,1639.485107421875,6.557940483093262,3.76446270942688,0.050000011920928955,942250
2,3770,250,1647.106201171875,6.5884246826171875,3.5768799781799316,0.050000011920928955,942500
2,3771,250,1431.93505859375,5.727740287780762,3.830946445465088,0.050000011920928955,942750
2,3772,250,1684.424560546875,6.737698078155518,3.615963935852051,0.050000011920928955,943000
2,3773,250,1531.089599609375,6.124358177185059,3.6818687915802,0.050000011920928955,943250
2,3774,250,1763.3231201171875,7.053292274475098,3.743147611618042,0.050000011920928955,943500
2,3775,250,1646.1666259765625,6.584666728973389,3.73709774017334,0.050000011920928955,943750
2,3776,250,1551.2705078125,6.205081939697266,3.47487473487854,0.050000011920928955,944000
2,3777,250,1625.588134765625,6.502352714538574,3.7688043117523193,0.050000011920928955,944250
2,3778,250,1620.288330078125,6.48115348815918,3.6736152172088623,0.050000011920928955,944500
2,3779,250,1871.3363037109375,7.485345363616943,3.6807007789611816,0.050000011920928955,944750
2,3780,250,1500.726318359375,6.002905368804932,3.498962640762329,0.050000011920928955,945000
2,3781,250,1601.552978515625,6.406211853027344,3.757251739501953,0.050000011920928955,945250
2,3782,250,1725.191162109375,6.900764465332031,3.5815324783325195,0.050000011920928955,945500
2,3783,250,1520.568359375,6.082273483276367,3.6510705947875977,0.050000011920928955,945750
2,3784,250,1744.6767578125,6.9787068367004395,3.437828779220581,0.050000011920928955,946000
2,3785,250,1745.457763671875,6.981831073760986,3.9567959308624268,0.050000011920928955,946250
2,3786,250,1699.058349609375,6.796233177185059,3.6602845191955566,0.050000011920928955,946500
2,3787,250,1458.857666015625,5.83543062210083,3.567073345184326,0.050000011920928955,946750
2,3788,250,1837.1705322265625,7.348681926727295,3.621586561203003,0.050000011920928955,947000
2,3789,250,1867.53662109375,7.470146656036377,3.74932861328125,0.050000011920928955,947250
2,3790,250,1480.1783447265625,5.920713424682617,3.594897508621216,0.050000011920928955,947500
2,3791,250,1511.647705078125,6.046590805053711,3.549021005630493,0.050000011920928955,947750
2,3792,250,1784.5892333984375,7.138357162475586,3.331826686859131,0.050000011920928955,948000
2,3793,250,1694.837646484375,6.779350757598877,4.024000644683838,0.050000011920928955,948250
2,3794,250,1721.10302734375,6.8844122886657715,3.4727466106414795,0.050000011920928955,948500
2,3795,250,1606.76904296875,6.42707633972168,3.4157912731170654,0.050000011920928955,948750
2,3796,250,1693.7127685546875,6.774850845336914,3.412177801132202,0.050000011920928955,949000
2,3797,250,1650.8724365234375,6.603489875793457,3.6858434677124023,0.050000011920928955,949250
2,3798,250,1657.82568359375,6.631302833557129,3.4215073585510254,0.050000011920928955,949500
2,3799,250,1619.3447265625,6.477378845214844,3.070497989654541,0.050000011920928955,949750
2,3800,250,1627.959716796875,6.511838912963867,3.0357460975646973,0.050000011920928955,950000
2,3801,250,1645.7891845703125,6.583156585693359,3.4052140712738037,0.050000011920928955,950250
2,3802,250,1672.03173828125,6.688127040863037,3.263556480407715,0.050000011920928955,950500
2,3803,250,1682.29833984375,6.729193210601807,3.2248599529266357,0.050000011920928955,950750
2,3804,250,1709.4281005859375,6.837712287902832,3.02264666557312,0.050000011920928955,951000
2,3805,250,1687.928466796875,6.751713752746582,3.2957422733306885,0.050000011920928955,951250
2,3806,250,1631.2113037109375,6.524845123291016,3.0064313411712646,0.050000011920928955,951500
2,3807,250,1660.0054931640625,6.640021800994873,2.8811697959899902,0.050000011920928955,951750
2,3808,250,1742.6572265625,6.97062873840332,2.9631407260894775,0.050000011920928955,952000
2,3809,250,1688.724365234375,6.754897594451904,3.157764196395874,0.050000011920928955,952250
2,3810,250,1623.38916015625,6.493556499481201,3.1660513877868652,0.050000011920928955,952500
2,3811,250,1372.0423583984375,5.4881696701049805,3.1009747982025146,0.050000011920928955,952750
2,3812,250,1658.1849365234375,6.632739543914795,3.081885576248169,0.050000011920928955,953000
2,3813,250,1664.09912109375,6.656396389007568,3.3116455078125,0.050000011920928955,953250
2,3814,250,1691.739013671875,6.766955852508545,3.211519479751587,0.050000011920928955,953500
2,3815,250,1639.24609375,6.5569844245910645,3.3807058334350586,0.050000011920928955,953750
2,3816,250,1711.7110595703125,6.84684419631958,2.9621996879577637,0.050000011920928955,954000
2,3817,250,1920.2900390625,7.681159973144531,3.2465009689331055,0.050000011920928955,954250
2,3818,250,1700.1939697265625,6.80077600479126,3.0595033168792725,0.050000011920928955,954500
2,3819,250,1652.57080078125,6.610283374786377,3.0996923446655273,0.050000011920928955,954750
2,3820,250,1649.0179443359375,6.596071720123291,3.0262959003448486,0.050000011920928955,955000
2,3821,250,1659.619140625,6.638476371765137,2.9775023460388184,0.050000011920928955,955250
2,3822,250,1628.183349609375,6.512733459472656,3.0557827949523926,0.050000011920928955,955500
2,3823,250,1662.29296875,6.649171829223633,2.897015333175659,0.050000011920928955,955750
2,3824,250,1676.1434326171875,6.704573631286621,2.8275434970855713,0.050000011920928955,956000
2,3825,250,1637.593994140625,6.550375938415527,3.239117383956909,0.050000011920928955,956250
2,3826,250,1619.666748046875,6.47866678237915,3.1058990955352783,0.050000011920928955,956500
2,3827,250,1649.9473876953125,6.599789619445801,3.0897727012634277,0.050000011920928955,956750
2,3828,250,1678.0562744140625,6.712224960327148,2.8795316219329834,0.050000011920928955,957000
2,3829,250,1623.4404296875,6.4937615394592285,3.4006829261779785,0.050000011920928955,957250
2,3830,250,1937.7725830078125,7.7510905265808105,3.2926886081695557,0.050000011920928955,957500
2,3831,250,1726.4656982421875,6.905862808227539,3.173752546310425,0.050000011920928955,957750
2,3832,250,1664.012451171875,6.656049728393555,2.9654996395111084,0.050000011920928955,958000
2,3833,250,1308.2901611328125,5.233160495758057,3.185695171356201,0.050000011920928955,958250
2,3834,250,1649.879638671875,6.599518775939941,3.1090312004089355,0.050000011920928955,958500
2,3835,250,1679.0020751953125,6.716008186340332,2.9314098358154297,0.050000011920928955,958750
2,3836,250,1671.02392578125,6.684095859527588,3.1875171661376953,0.050000011920928955,959000
2,3837,250,1652.3455810546875,6.609382152557373,3.150653123855591,0.050000011920928955,959250
2,3838,250,1597.636962890625,6.390547752380371,3.011427879333496,0.050000011920928955,959500
2,3839,250,1659.7744140625,6.639097690582275,3.0878543853759766,0.050000011920928955,959750
2,3840,250,1319.85205078125,5.279407978057861,2.9821059703826904,0.050000011920928955,960000
2,3841,250,1661.53076171875,6.646122932434082,3.1316068172454834,0.050000011920928955,960250
2,3842,250,1756.894287109375,7.027576923370361,2.9653050899505615,0.050000011920928955,960500
2,3843,250,1633.3031005859375,6.533212184906006,3.0954368114471436,0.050000011920928955,960750
2,3844,250,1706.9931640625,6.827972888946533,3.109928846359253,0.050000011920928955,961000
2,3845,250,1726.1900634765625,6.904760360717773,3.276674270629883,0.050000011920928955,961250
2,3846,250,807.73046875,3.230921983718872,3.450831651687622,0.050000011920928955,961500
2,3847,250,1631.0013427734375,6.52400541305542,3.3493363857269287,0.050000011920928955,961750
2,3848,250,1710.035400390625,6.840141773223877,3.1490046977996826,0.050000011920928955,962000
2,3849,250,1624.509033203125,6.498035907745361,3.3262362480163574,0.050000011920928955,962250
2,3850,250,1687.2152099609375,6.748860836029053,3.2590622901916504,0.050000011920928955,962500
2,3851,250,902.36962890625,3.60947847366333,3.2019333839416504,0.050000011920928955,962750
2,3852,250,1764.960693359375,7.059842586517334,3.193030834197998,0.050000011920928955,963000
2,3853,250,-11.329708099365234,-0.045318830758333206,3.665592908859253,0.050000011920928955,963250
2,3854,250,1726.0291748046875,6.904116630554199,3.8270254135131836,0.050000011920928955,963500
2,3855,250,1714.410400390625,6.857641696929932,3.6055185794830322,0.050000011920928955,963750
2,3856,250,1723.296142578125,6.893184661865234,3.6638050079345703,0.050000011920928955,964000
2,3857,250,1756.5841064453125,7.026336193084717,3.5548930168151855,0.050000011920928955,964250
2,3858,250,1708.5838623046875,6.8343353271484375,3.6881392002105713,0.050000011920928955,964500
2,3859,250,1728.90234375,6.915609359741211,3.7239232063293457,0.050000011920928955,964750
2,3860,250,1374.974853515625,5.499899387359619,3.562119483947754,0.050000011920928955,965000
2,3861,250,1741.08740234375,6.964349746704102,3.7812399864196777,0.050000011920928955,965250
2,3862,250,1643.9776611328125,6.575910568237305,3.8949999809265137,0.050000011920928955,965500
2,3863,250,1608.364990234375,6.433459758758545,3.7028069496154785,0.050000011920928955,965750
2,3864,250,95.25096130371094,0.38100385665893555,3.6573069095611572,0.050000011920928955,966000
2,3865,250,1666.8424072265625,6.667369842529297,4.197807312011719,0.050000011920928955,966250
2,3866,250,-38.48018264770508,-0.1539207249879837,3.9874777793884277,0.050000011920928955,966500
2,3867,250,30.042816162109375,0.12017126381397247,4.276876926422119,0.050000011920928955,966750
2,3868,250,1667.30908203125,6.669236183166504,4.729150772094727,0.050000011920928955,967000
2,3869,250,1707.3203125,6.829281330108643,4.773013114929199,0.050000011920928955,967250
2,3870,250,1617.6494140625,6.470597743988037,4.450717449188232,0.050000011920928955,967500
2,3871,250,116.5552749633789,0.4662210941314697,4.7907328605651855,0.050000011920928955,967750
2,3872,250,55.76445007324219,0.2230578064918518,5.148504734039307,0.050000011920928955,968000
2,3873,250,-8.40358829498291,-0.033614352345466614,5.432638168334961,0.050000011920928955,968250
2,3874,250,12.485947608947754,0.04994378983974457,5.736021518707275,0.050000011920928955,968500
2,3875,250,-37.5928955078125,-0.15037158131599426,5.86924409866333,0.050000011920928955,968750
2,3876,250,-8.88418960571289,-0.0355367586016655,6.247037887573242,0.050000011920928955,969000
2,3877,250,24.1572322845459,0.09662892669439316,6.878605842590332,0.050000011920928955,969250
2,3878,250,-44.185020446777344,-0.17674008011817932,6.595152378082275,0.050000011920928955,969500
2,3879,250,-38.1296272277832,-0.15251851081848145,6.846059322357178,0.050000011920928955,969750
2,3880,250,-47.58171081542969,-0.19032683968544006,6.8158488273620605,0.050000011920928955,970000
2,3881,250,-26.21198272705078,-0.10484793037176132,8.231720924377441,0.050000011920928955,970250
2,3882,250,-31.96500015258789,-0.12785999476909637,8.13453483581543,0.050000011920928955,970500
2,3883,250,-33.7694206237793,-0.13507768511772156,8.079538345336914,0.050000011920928955,970750
2,3884,250,-39.668128967285156,-0.1586725115776062,8.152606964111328,0.050000011920928955,971000
2,3885,250,-10.525829315185547,-0.04210331663489342,10.106327056884766,0.050000011920928955,971250
2,3886,250,-63.525794982910156,-0.2541031837463379,9.1021146774292,0.050000011920928955,971500
2,3887,250,-43.2193717956543,-0.1728774905204773,9.025999069213867,0.050000011920928955,971750
2,3888,250,-55.33345031738281,-0.2213338017463684,9.080028533935547,0.050000011920928955,972000
2,3889,250,-60.366050720214844,-0.24146419763565063,10.788835525512695,0.050000011920928955,972250
2,3890,250,-71.14022827148438,-0.2845609188079834,9.966301918029785,0.050000011920928955,972500
2,3891,250,-66.13981628417969,-0.264559268951416,9.783956527709961,0.050000011920928955,972750
2,3892,250,-68.31719970703125,-0.27326878905296326,9.545083045959473,0.050000011920928955,973000
2,3893,250,-87.31893920898438,-0.34927576780319214,11.269563674926758,0.050000011920928955,973250
2,3894,250,-92.64385223388672,-0.3705753982067108,9.9218168258667,0.050000011920928955,973500
2,3895,250,-78.3197250366211,-0.3132789134979248,9.961018562316895,0.050000011920928955,973750
2,3896,250,-68.63932037353516,-0.27455729246139526,9.58934211730957,0.050000011920928955,974000
2,3897,250,-95.07042694091797,-0.3802817165851593,10.76322078704834,0.050000011920928955,974250
2,3898,250,-72.1673583984375,-0.2886694371700287,10.405229568481445,0.050000011920928955,974500
2,3899,250,-79.83303833007812,-0.31933215260505676,9.850536346435547,0.050000011920928955,974750
2,3900,250,-51.0053825378418,-0.20402152836322784,9.54988956451416,0.050000011920928955,975000
2,3901,250,-59.41329574584961,-0.23765318095684052,11.566603660583496,0.050000011920928955,975250
2,3902,250,-75.8877944946289,-0.30355116724967957,10.730140686035156,0.050000011920928955,975500
2,3903,250,-31.191133499145508,-0.12476453185081482,10.762519836425781,0.050000011920928955,975750
2,3904,250,-56.089168548583984,-0.22435668110847473,10.412758827209473,0.050000011920928955,976000
2,3905,250,-6.177929401397705,-0.024711716920137405,11.734827041625977,0.050000011920928955,976250
2,3906,250,1832.869384765625,7.331477642059326,10.795404434204102,0.050000011920928955,976500
2,3907,250,-42.0279655456543,-0.1681118607521057,10.008722305297852,0.050000011920928955,976750
2,3908,250,-49.11391067504883,-0.19645564258098602,9.863574028015137,0.050000011920928955,977000
2,3909,250,-62.253257751464844,-0.2490130364894867,11.491656303405762,0.050000011920928955,977250
2,3910,250,-36.90446472167969,-0.1476178616285324,10.784558296203613,0.050000011920928955,977500
2,3911,250,-65.13287353515625,-0.260531485080719,10.722729682922363,0.050000011920928955,977750
2,3912,250,-79.75399017333984,-0.3190159499645233,9.7738676071167,0.050000011920928955,978000
2,3913,250,-38.5732307434082,-0.15429292619228363,11.473068237304688,0.050000011920928955,978250
2,3914,250,-53.049800872802734,-0.21219919621944427,10.264544486999512,0.050000011920928955,978500
2,3915,250,-65.09982299804688,-0.2603992819786072,9.963127136230469,0.050000011920928955,978750
2,3916,250,-56.43732833862305,-0.22574931383132935,8.971199989318848,0.050000011920928955,979000
2,3917,250,-94.00385284423828,-0.37601542472839355,11.189366340637207,0.050000011920928955,979250
2,3918,250,-101.77651977539062,-0.40710607171058655,9.573383331298828,0.050000011920928955,979500
2,3919,250,-159.20155334472656,-0.6368061900138855,9.423449516296387,0.050000011920928955,979750
2,3920,250,-107.51647186279297,-0.43006590008735657,8.866076469421387,0.050000011920928955,980000
2,3921,250,1712.7733154296875,6.851093292236328,9.965812683105469,0.050000011920928955,980250
2,3922,250,1740.16845703125,6.960673809051514,8.77912712097168,0.050000011920928955,980500
2,3923,250,-215.86959838867188,-0.863478422164917,8.289490699768066,0.050000011920928955,980750
2,3924,250,-136.50135803222656,-0.5460054278373718,7.952169895172119,0.050000011920928955,981000
2,3925,250,1643.2257080078125,6.572902679443359,8.59727668762207,0.050000011920928955,981250
2,3926,250,-126.75251007080078,-0.5070100426673889,7.772037982940674,0.050000011920928955,981500
2,3927,250,1673.6475830078125,6.6945905685424805,7.142025470733643,0.050000011920928955,981750
2,3928,250,1697.183349609375,6.78873348236084,6.888776779174805,0.050000011920928955,982000
2,3929,250,1644.199462890625,6.576797962188721,7.70406436920166,0.050000011920928955,982250
2,3930,250,-75.46649932861328,-0.30186599493026733,6.647427082061768,0.050000011920928955,982500
2,3931,250,-99.584716796875,-0.39833885431289673,6.294449806213379,0.050000011920928955,982750
2,3932,250,59.096370697021484,0.23638547956943512,6.436169147491455,0.050000011920928955,983000
2,3933,250,-19.713499069213867,-0.07885399460792542,7.201456069946289,0.050000011920928955,983250
2,3934,250,-39.782066345214844,-0.15912826359272003,6.445112228393555,0.050000011920928955,983500
2,3935,250,-98.08914184570312,-0.3923565745353699,6.126719951629639,0.050000011920928955,983750
2,3936,250,-95.29076385498047,-0.3811630606651306,6.098057746887207,0.050000011920928955,984000
2,3937,250,-24.418296813964844,-0.09767318516969681,7.413455486297607,0.050000011920928955,984250
2,3938,250,-31.06354331970215,-0.12425417453050613,6.667850017547607,0.050000011920928955,984500
2,3939,250,-40.65846252441406,-0.16263385117053986,6.568110942840576,0.050000011920928955,984750
2,3940,250,-47.73899841308594,-0.1909559965133667,6.374551773071289,0.050000011920928955,985000
2,3941,250,-106.53384399414062,-0.4261353611946106,7.14860725402832,0.050000011920928955,985250
2,3942,250,-47.67588424682617,-0.19070354104042053,6.548049449920654,0.050000011920928955,985500
2,3943,250,-111.16263580322266,-0.4446505308151245,6.2553181648254395,0.050000011920928955,985750
2,3944,250,-70.26622772216797,-0.28106489777565,5.678260326385498,0.050000011920928955,986000
2,3945,250,-110.80357360839844,-0.4432142972946167,7.622644901275635,0.050000011920928955,986250
2,3946,250,-57.52959060668945,-0.23011836409568787,7.134937286376953,0.050000011920928955,986500
2,3947,250,-64.43207550048828,-0.25772830843925476,6.669538497924805,0.050000011920928955,986750
2,3948,250,-60.49907302856445,-0.24199628829956055,6.93346643447876,0.050000011920928955,987000
2,3949,250,-94.2177505493164,-0.3768709897994995,7.809103488922119,0.050000011920928955,987250
2,3950,250,5.002078056335449,0.020008312538266182,7.050999164581299,0.050000011920928955,987500
2,3951,250,-70.10211181640625,-0.28040844202041626,6.864486217498779,0.050000011920928955,987750
2,3952,250,-53.567420959472656,-0.21426968276500702,6.840620994567871,0.050000011920928955,988000
2,3953,250,-96.77112579345703,-0.3870845139026642,7.835716247558594,0.050000011920928955,988250
2,3954,250,-77.29651641845703,-0.30918607115745544,7.037841320037842,0.050000011920928955,988500
2,3955,250,-44.05738067626953,-0.17622952163219452,6.898845195770264,0.050000011920928955,988750
2,3956,250,-35.05665969848633,-0.14022663235664368,6.494997501373291,0.050000011920928955,989000
2,3957,250,-58.163997650146484,-0.23265598714351654,8.076902389526367,0.050000011920928955,989250
2,3958,250,-43.3620719909668,-0.17344829440116882,7.06824254989624,0.050000011920928955,989500
2,3959,250,-0.9061698317527771,-0.0036246792878955603,6.93388557434082,0.050000011920928955,989750
2,3960,250,3.329353094100952,0.013317412696778774,6.865444660186768,0.050000011920928955,990000
2,3961,250,12.897880554199219,0.05159152299165726,8.544928550720215,0.050000011920928955,990250
2,3962,250,23.715713500976562,0.09486285597085953,7.566194534301758,0.050000011920928955,990500
2,3963,250,23.52043914794922,0.09408175945281982,7.351723670959473,0.050000011920928955,990750
2,3964,250,18.134750366210938,0.07253900170326233,7.4310383796691895,0.050000011920928955,991000
2,3965,250,-6.725492000579834,-0.0269019678235054,9.102986335754395,0.050000011920928955,991250
2,3966,250,1330.105224609375,5.320420742034912,8.420283317565918,0.050000011920928955,991500
2,3967,250,1583.88232421875,6.335529327392578,8.255993843078613,0.050000011920928955,991750
2,3968,250,1355.364990234375,5.421460151672363,7.632765769958496,0.050000011920928955,992000
2,3969,250,-38.67140579223633,-0.1546856164932251,9.386043548583984,0.050000011920928955,992250
2,3970,250,-19.350955963134766,-0.07740382105112076,8.667363166809082,0.050000011920928955,992500
2,3971,250,31.350322723388672,0.12540128827095032,8.503400802612305,0.050000011920928955,992750
2,3972,250,-2.4808359146118164,-0.009923343546688557,8.29325008392334,0.050000011920928955,993000
2,3973,250,-4.242060661315918,-0.016968242824077606,9.884099960327148,0.050000011920928955,993250
2,3974,250,88.9283676147461,0.35571345686912537,9.399346351623535,0.050000011920928955,993500
2,3975,250,-7.750581741333008,-0.031002327799797058,9.220749855041504,0.050000011920928955,993750
2,3976,250,122.50159454345703,0.49000638723373413,8.949699401855469,0.050000011920928955,994000
2,3977,250,-8.375779151916504,-0.03350311517715454,9.702735900878906,0.050000011920928955,994250
2,3978,250,29.77582550048828,0.11910330504179001,9.505446434020996,0.050000011920928955,994500
2,3979,250,0.4185875654220581,0.0016743502346798778,9.091464042663574,0.050000011920928955,994750
2,3980,250,4.043285369873047,0.016173141077160835,9.04390811920166,0.050000011920928955,995000
2,3981,250,44.67519760131836,0.178700789809227,9.849096298217773,0.050000011920928955,995250
2,3982,250,12.848138809204102,0.051392555236816406,9.256479263305664,0.050000011920928955,995500
2,3983,250,16.088998794555664,0.0643559917807579,8.80573844909668,0.050000011920928955,995750
2,3984,250,20.90161895751953,0.08360647410154343,8.64563274383545,0.050000011920928955,996000
2,3985,250,-16.77971649169922,-0.06711886823177338,9.013970375061035,0.050000011920928955,996250
2,3986,250,-0.43647778034210205,-0.00174591108225286,8.409045219421387,0.050000011920928955,996500
2,3987,250,11.695015907287598,0.046780064702034,8.185417175292969,0.050000011920928955,996750
2,3988,250,1.0298306941986084,0.004119322635233402,7.965910911560059,0.050000011920928955,997000
2,3989,250,1356.2847900390625,5.4251389503479,8.111598014831543,0.050000011920928955,997250
2,3990,250,1.1454379558563232,0.0045817517675459385,7.421356678009033,0.050000011920928955,997500
2,3991,250,1375.258056640625,5.50103235244751,6.932861328125,0.050000011920928955,997750
2,3992,250,17.319305419921875,0.06927721947431564,6.501629829406738,0.050000011920928955,998000
2,3993,250,83.89112854003906,0.335564523935318,6.951223373413086,0.050000011920928955,998250
2,3994,250,1306.894287109375,5.227577209472656,6.3857293128967285,0.050000011920928955,998500
2,3995,250,14.395552635192871,0.05758221074938774,6.317173957824707,0.050000011920928955,998750
2,3996,250,1324.1158447265625,5.296463489532471,6.166894912719727,0.050000011920928955,999000
2,3997,250,44.38360595703125,0.17753443121910095,6.383897304534912,0.050000011920928955,999250
2,3998,250,20.45166015625,0.08180663734674454,5.883675575256348,0.050000011920928955,999500
2,3999,250,24.369413375854492,0.09747765213251114,5.602771282196045,0.050000011920928955,999750
2,4000,250,30.242931365966797,0.12097172439098358,5.8491106033325195,0.050000011920928955,1000000
2,4001,250,49.8055305480957,0.1992221176624298,5.8693928718566895,0.050000011920928955,1000250
2,4002,250,42.80793380737305,0.1712317317724228,5.659359931945801,0.050000011920928955,1000500
2,4003,250,46.8256721496582,0.18730269372463226,5.405336856842041,0.050000011920928955,1000750
2,4004,250,37.31793212890625,0.14927172660827637,5.4153642654418945,0.050000011920928955,1001000
2,4005,250,1353.2069091796875,5.412827491760254,5.882855415344238,0.050000011920928955,1001250
2,4006,250,1310.45263671875,5.241810321807861,5.14225959777832,0.050000011920928955,1001500
2,4007,250,25.47015953063965,0.10188063979148865,5.0900678634643555,0.050000011920928955,1001750
2,4008,250,12.797988891601562,0.05119195580482483,5.220996856689453,0.050000011920928955,1002000
2,4009,250,64.9740982055664,0.2598963975906372,5.830827236175537,0.050000011920928955,1002250
2,4010,250,6.89637565612793,0.027585502713918686,5.3422417640686035,0.050000011920928955,1002500
2,4011,250,23.139118194580078,0.09255646914243698,5.274178504943848,0.050000011920928955,1002750
2,4012,250,109.1173095703125,0.4364692270755768,5.147305965423584,0.050000011920928955,1003000
2,4013,250,76.23670196533203,0.30494681000709534,5.574160099029541,0.050000011920928955,1003250
2,4014,250,135.99623107910156,0.5439849495887756,4.948294639587402,0.050000011920928955,1003500
2,4015,250,111.52392578125,0.44609570503234863,4.903373718261719,0.050000011920928955,1003750
2,4016,250,1251.4288330078125,5.005715370178223,4.9583940505981445,0.050000011920928955,1004000
2,4017,250,1143.8009033203125,4.5752034187316895,5.347064018249512,0.050000011920928955,1004250
2,4018,250,-65.8755111694336,-0.2635020315647125,5.094735145568848,0.050000011920928955,1004500
2,4019,250,511.6559753417969,2.046623945236206,5.180466175079346,0.050000011920928955,1004750
2,4020,250,6.502764701843262,0.026011059060692787,5.092824459075928,0.050000011920928955,1005000
2,4021,250,555.5425415039062,2.222170114517212,5.831992149353027,0.050000011920928955,1005250
2,4022,250,34.91975784301758,0.13967902958393097,5.66874361038208,0.050000011920928955,1005500
2,4023,250,324.16876220703125,1.2966750860214233,5.892650604248047,0.050000011920928955,1005750
2,4024,250,8.626771926879883,0.034507088363170624,5.619418144226074,0.050000011920928955,1006000
2,4025,250,705.1774291992188,2.820709705352783,6.564997673034668,0.050000011920928955,1006250
2,4026,250,-8.900442123413086,-0.035601768642663956,6.031107425689697,0.050000011920928955,1006500
2,4027,250,861.2803344726562,3.4451212882995605,6.315908432006836,0.050000011920928955,1006750
2,4028,250,1032.251953125,4.129007816314697,6.008554935455322,0.050000011920928955,1007000
2,4029,250,762.1367797851562,3.0485470294952393,6.667240142822266,0.050000011920928955,1007250
2,4030,250,347.7325439453125,1.39093017578125,6.453937530517578,0.050000011920928955,1007500
2,4031,250,50.40067672729492,0.20160271227359772,6.573019981384277,0.050000011920928955,1007750
2,4032,250,224.7888641357422,0.8991554379463196,6.5585527420043945,0.050000011920928955,1008000
2,4033,250,553.280029296875,2.213120222091675,7.982651710510254,0.050000011920928955,1008250
2,4034,250,415.3203125,1.6612812280654907,7.164578437805176,0.050000011920928955,1008500
2,4035,250,285.29827880859375,1.141193151473999,7.106234073638916,0.050000011920928955,1008750
2,4036,250,675.2047729492188,2.7008190155029297,7.170931816101074,0.050000011920928955,1009000
2,4037,250,401.2093811035156,1.6048375368118286,7.864706516265869,0.050000011920928955,1009250
2,4038,250,591.9511108398438,2.367804527282715,7.657434940338135,0.050000011920928955,1009500
2,4039,250,552.5357666015625,2.2101430892944336,7.714059352874756,0.050000011920928955,1009750
2,4040,250,477.4744873046875,1.9098979234695435,7.4210968017578125,0.050000011920928955,1010000
2,4041,250,219.84410095214844,0.8793764114379883,8.05931282043457,0.050000011920928955,1010250
2,4042,250,534.0460815429688,2.1361842155456543,7.6104326248168945,0.050000011920928955,1010500
2,4043,250,684.8380737304688,2.739352226257324,7.706397533416748,0.050000011920928955,1010750
2,4044,250,532.5245971679688,2.130098342895508,7.8238654136657715,0.050000011920928955,1011000
2,4045,250,33.103702545166016,0.1324148029088974,8.2415189743042,0.050000011920928955,1011250
2,4046,250,-19.50452423095703,-0.07801809906959534,7.659688949584961,0.050000011920928955,1011500
2,4047,250,494.4620361328125,1.9778481721878052,8.012312889099121,0.050000011920928955,1011750
2,4048,250,574.9585571289062,2.2998342514038086,7.787997245788574,0.050000011920928955,1012000
2,4049,250,238.9247283935547,0.9556989073753357,8.334003448486328,0.050000011920928955,1012250
2,4050,250,610.6026611328125,2.442410707473755,8.43957805633545,0.050000011920928955,1012500
2,4051,250,858.7350463867188,3.4349400997161865,7.9651570320129395,0.050000011920928955,1012750
2,4052,250,290.8957214355469,1.1635829210281372,7.800581932067871,0.050000011920928955,1013000
2,4053,250,864.30810546875,3.4572324752807617,8.030160903930664,0.050000011920928955,1013250
2,4054,250,618.4905395507812,2.4739620685577393,7.933694362640381,0.050000011920928955,1013500
2,4055,250,662.9325561523438,2.6517302989959717,7.964212417602539,0.050000011920928955,1013750
2,4056,250,-31.169300079345703,-0.12467720359563828,7.8149800300598145,0.050000011920928955,1014000
2,4057,250,1109.23193359375,4.436927795410156,8.347967147827148,0.050000011920928955,1014250
2,4058,250,41.0103759765625,0.16404150426387787,7.776663303375244,0.050000011920928955,1014500
2,4059,250,1117.905029296875,4.471620082855225,7.715056896209717,0.050000011920928955,1014750
2,4060,250,1183.216552734375,4.732866287231445,7.657937049865723,0.050000011920928955,1015000
2,4061,250,498.3848876953125,1.993539571762085,7.894158840179443,0.050000011920928955,1015250
2,4062,250,754.1878662109375,3.016751527786255,7.253962516784668,0.050000011920928955,1015500
2,4063,250,1072.4935302734375,4.289974212646484,7.026796817779541,0.050000011920928955,1015750
2,4064,250,996.7140502929688,3.98685622215271,7.052738666534424,0.050000011920928955,1016000
2,4065,250,553.9696655273438,2.21587872505188,7.568253040313721,0.050000011920928955,1016250
2,4066,250,614.2887573242188,2.4571549892425537,7.430242538452148,0.050000011920928955,1016500
2,4067,250,523.7196044921875,2.0948784351348877,7.165780067443848,0.050000011920928955,1016750
2,4068,250,438.91436767578125,1.755657434463501,7.35156774520874,0.050000011920928955,1017000
2,4069,250,463.75445556640625,1.8550177812576294,7.827389717102051,0.050000011920928955,1017250
2,4070,250,404.5931701660156,1.6183726787567139,7.70225191116333,0.050000011920928955,1017500
2,4071,250,343.3405456542969,1.3733621835708618,8.045994758605957,0.050000011920928955,1017750
2,4072,250,292.9155578613281,1.1716622114181519,7.681936740875244,0.050000011920928955,1018000
2,4073,250,235.6306610107422,0.9425226449966431,8.064979553222656,0.050000011920928955,1018250
2,4074,250,196.00267028808594,0.7840107083320618,7.596803665161133,0.050000011920928955,1018500
2,4075,250,94.1133041381836,0.3764532208442688,7.968021392822266,0.050000011920928955,1018750
2,4076,250,194.10218811035156,0.7764087319374084,7.655775547027588,0.050000011920928955,1019000
2,4077,250,131.6544952392578,0.5266180038452148,8.49427604675293,0.050000011920928955,1019250
2,4078,250,247.69256591796875,0.9907702803611755,8.07476806640625,0.050000011920928955,1019500
2,4079,250,175.87132263183594,0.7034853100776672,8.393808364868164,0.050000011920928955,1019750
2,4080,250,177.08592224121094,0.7083436846733093,8.456833839416504,0.050000011920928955,1020000
2,4081,250,294.7783203125,1.1791132688522339,8.770238876342773,0.050000011920928955,1020250
2,4082,250,252.97499084472656,1.0118999481201172,8.904706954956055,0.050000011920928955,1020500
2,4083,250,499.975341796875,1.9999014139175415,8.507532119750977,0.050000011920928955,1020750
2,4084,250,471.8338928222656,1.8873355388641357,8.341536521911621,0.050000011920928955,1021000
2,4085,250,434.2776794433594,1.7371107339859009,9.17481517791748,0.050000011920928955,1021250
2,4086,250,-0.7360790967941284,-0.0029443164821714163,8.75412654876709,0.050000011920928955,1021500
2,4087,250,802.3551635742188,3.209420680999756,8.62389087677002,0.050000011920928955,1021750
2,4088,250,1029.7938232421875,4.119175434112549,8.353052139282227,0.050000011920928955,1022000
2,4089,250,285.960693359375,1.1438428163528442,9.524056434631348,0.050000011920928955,1022250
2,4090,250,625.4407348632812,2.501762866973877,9.048074722290039,0.050000011920928955,1022500
2,4091,250,5.500960350036621,0.022003840655088425,8.913284301757812,0.050000011920928955,1022750
2,4092,250,-15.446974754333496,-0.06178789958357811,9.178156852722168,0.050000011920928955,1023000
2,4093,250,766.6671142578125,3.0666685104370117,9.97004508972168,0.050000011920928955,1023250
2,4094,250,631.4358520507812,2.5257434844970703,9.490283966064453,0.050000011920928955,1023500
2,4095,250,1079.089111328125,4.316356658935547,9.298327445983887,0.050000011920928955,1023750
2,4096,250,1016.0726318359375,4.064290523529053,9.135433197021484,0.050000011920928955,1024000
2,4097,250,696.96533203125,2.7878613471984863,10.112385749816895,0.050000011920928955,1024250
2,4098,250,19.82613754272461,0.07930455356836319,9.69968032836914,0.050000011920928955,1024500
2,4099,250,1032.42822265625,4.12971305847168,9.488033294677734,0.050000011920928955,1024750
2,4100,250,-28.329885482788086,-0.11331953853368759,9.49647331237793,0.050000011920928955,1025000
2,4101,250,951.5377197265625,3.8061509132385254,10.824501991271973,0.050000011920928955,1025250
2,4102,250,-4.703958511352539,-0.01881583407521248,10.212868690490723,0.050000011920928955,1025500
2,4103,250,709.24462890625,2.8369784355163574,10.064927101135254,0.050000011920928955,1025750
2,4104,250,-30.351741790771484,-0.12140696495771408,9.638772964477539,0.050000011920928955,1026000
2,4105,250,790.69091796875,3.1627635955810547,11.154437065124512,0.050000011920928955,1026250
2,4106,250,737.9862670898438,2.9519450664520264,10.488901138305664,0.050000011920928955,1026500
2,4107,250,-25.19081687927246,-0.10076326876878738,10.148229598999023,0.050000011920928955,1026750
2,4108,250,843.972900390625,3.37589168548584,10.019403457641602,0.050000011920928955,1027000
2,4109,250,-3.5304720401763916,-0.01412188820540905,10.144804000854492,0.050000011920928955,1027250
2,4110,250,748.719482421875,2.994877815246582,10.297422409057617,0.050000011920928955,1027500
2,4111,250,742.5692138671875,2.9702768325805664,10.21158504486084,0.050000011920928955,1027750
2,4112,250,907.752197265625,3.6310088634490967,9.85997486114502,0.050000011920928955,1028000
2,4113,250,19.95248794555664,0.07980994880199432,10.215860366821289,0.050000011920928955,1028250
2,4114,250,1021.7192993164062,4.086877346038818,9.51573657989502,0.050000011920928955,1028500
2,4115,250,560.1429443359375,2.2405717372894287,9.343621253967285,0.050000011920928955,1028750
2,4116,250,-25.62847137451172,-0.102513886988163,9.523581504821777,0.050000011920928955,1029000
2,4117,250,177.1568145751953,0.7086272835731506,9.902542114257812,0.050000011920928955,1029250
2,4118,250,41.89479064941406,0.16757915914058685,9.636621475219727,0.050000011920928955,1029500
2,4119,250,-23.691341400146484,-0.09476536512374878,9.50027084350586,0.050000011920928955,1029750
2,4120,250,46.79175567626953,0.18716701865196228,9.18317699432373,0.050000011920928955,1030000
2,4121,250,98.6319580078125,0.3945278227329254,9.633675575256348,0.050000011920928955,1030250
2,4122,250,-41.619102478027344,-0.16647641360759735,9.155057907104492,0.050000011920928955,1030500
2,4123,250,97.04395294189453,0.3881758153438568,9.372967720031738,0.050000011920928955,1030750
2,4124,250,1345.5572509765625,5.382228851318359,9.326326370239258,0.050000011920928955,1031000
2,4125,250,59.083744049072266,0.23633497953414917,9.800759315490723,0.050000011920928955,1031250
2,4126,250,1146.9066162109375,4.5876264572143555,9.343522071838379,0.050000011920928955,1031500
2,4127,250,594.1986083984375,2.3767943382263184,8.938338279724121,0.050000011920928955,1031750
2,4128,250,54.14134216308594,0.21656537055969238,8.856586456298828,0.050000011920928955,1032000
2,4129,250,83.39757537841797,0.3335902988910675,9.39058780670166,0.050000011920928955,1032250
2,4130,250,1021.2457275390625,4.084982872009277,9.643211364746094,0.050000011920928955,1032500
2,4131,250,1305.7574462890625,5.223029613494873,8.853924751281738,0.050000011920928955,1032750
2,4132,250,521.756591796875,2.087026357650757,8.641151428222656,0.050000011920928955,1033000
2,4133,250,113.43230438232422,0.45372921228408813,9.500129699707031,0.050000011920928955,1033250
2,4134,250,41.51081848144531,0.1660432666540146,8.894160270690918,0.050000011920928955,1033500
2,4135,250,-450.4073181152344,-1.8016293048858643,8.99135971069336,0.050000011920928955,1033750
2,4136,250,48.990882873535156,0.1959635317325592,8.677245140075684,0.050000011920928955,1034000
2,4137,250,139.58006286621094,0.5583202242851257,9.308029174804688,0.050000011920928955,1034250
2,4138,250,89.20895385742188,0.35683581233024597,9.459748268127441,0.050000011920928955,1034500
2,4139,250,392.7566833496094,1.5710266828536987,9.409035682678223,0.050000011920928955,1034750
2,4140,250,1122.2398681640625,4.488959312438965,9.21362590789795,0.050000011920928955,1035000
2,4141,250,450.7478942871094,1.8029916286468506,9.865825653076172,0.050000011920928955,1035250
2,4142,250,201.8584442138672,0.8074337840080261,9.263650894165039,0.050000011920928955,1035500
2,4143,250,901.9620361328125,3.6078481674194336,9.619434356689453,0.050000011920928955,1035750
2,4144,250,968.620361328125,3.874481439590454,9.051926612854004,0.050000011920928955,1036000
2,4145,250,643.759765625,2.5750391483306885,9.251118659973145,0.050000011920928955,1036250
2,4146,250,1269.8392333984375,5.079357147216797,8.904449462890625,0.050000011920928955,1036500
2,4147,250,1332.3414306640625,5.3293657302856445,8.873624801635742,0.050000011920928955,1036750
2,4148,250,988.509765625,3.9540390968322754,9.01476764678955,0.050000011920928955,1037000
2,4149,250,1004.3485717773438,4.017394065856934,9.14293098449707,0.050000011920928955,1037250
2,4150,250,1029.7843017578125,4.119137287139893,8.561485290527344,0.050000011920928955,1037500
2,4151,250,857.8040161132812,3.43121600151062,8.86286735534668,0.050000011920928955,1037750
2,4152,250,1012.1728515625,4.048691272735596,8.210545539855957,0.050000011920928955,1038000
2,4153,250,1124.114501953125,4.496458053588867,8.892563819885254,0.050000011920928955,1038250
2,4154,250,1007.4526977539062,4.029810905456543,8.411310195922852,0.050000011920928955,1038500
2,4155,250,1159.237060546875,4.636948108673096,8.019577980041504,0.050000011920928955,1038750
2,4156,250,1048.15966796875,4.192638874053955,8.071825981140137,0.050000011920928955,1039000
2,4157,250,800.3245239257812,3.2012979984283447,8.493297576904297,0.050000011920928955,1039250
2,4158,250,980.24267578125,3.9209706783294678,8.067424774169922,0.050000011920928955,1039500
2,4159,250,1130.07568359375,4.520302772521973,7.575786590576172,0.050000011920928955,1039750
2,4160,250,976.0106811523438,3.9040427207946777,7.455839157104492,0.050000011920928955,1040000
2,4161,250,995.9322509765625,3.9837288856506348,7.6405768394470215,0.050000011920928955,1040250
2,4162,250,1208.376220703125,4.833504676818848,7.424195289611816,0.050000011920928955,1040500
2,4163,250,896.5878295898438,3.5863513946533203,6.754641056060791,0.050000011920928955,1040750
2,4164,250,1000.513427734375,4.002053737640381,6.673156261444092,0.050000011920928955,1041000
2,4165,250,76.40170288085938,0.30560681223869324,7.170304298400879,0.050000011920928955,1041250
2,4166,250,986.1928100585938,3.9447712898254395,7.22227668762207,0.050000011920928955,1041500
2,4167,250,418.1706237792969,1.672682523727417,6.949390411376953,0.050000011920928955,1041750
2,4168,250,1363.192626953125,5.452770709991455,6.729058265686035,0.050000011920928955,1042000
2,4169,250,1173.3740234375,4.693496227264404,7.247851371765137,0.050000011920928955,1042250
2,4170,250,886.8601684570312,3.547440767288208,6.839568138122559,0.050000011920928955,1042500
2,4171,250,729.7040405273438,2.918816089630127,7.017270565032959,0.050000011920928955,1042750
2,4172,250,977.8938598632812,3.9115755558013916,6.702587604522705,0.050000011920928955,1043000
2,4173,250,1023.6092529296875,4.094437122344971,7.063217639923096,0.050000011920928955,1043250
2,4174,250,961.8681030273438,3.8474724292755127,6.809925556182861,0.050000011920928955,1043500
2,4175,250,932.1593017578125,3.728637218475342,6.750175952911377,0.050000011920928955,1043750
2,4176,250,930.9413452148438,3.7237653732299805,6.752107620239258,0.050000011920928955,1044000
2,4177,250,670.2511596679688,2.681004524230957,6.647765636444092,0.050000011920928955,1044250
2,4178,250,487.4165954589844,1.9496663808822632,6.343265056610107,0.050000011920928955,1044500
2,4179,250,999.8057861328125,3.999223232269287,6.038669109344482,0.050000011920928955,1044750
2,4180,250,999.9393920898438,3.9997575283050537,5.877289772033691,0.050000011920928955,1045000
2,4181,250,661.6641235351562,2.6466565132141113,6.820133209228516,0.050000011920928955,1045250
2,4182,250,1277.6033935546875,5.110413551330566,6.419884204864502,0.050000011920928955,1045500
2,4183,250,1014.8565673828125,4.059426307678223,5.979330062866211,0.050000011920928955,1045750
2,4184,250,966.776123046875,3.8671045303344727,6.036637783050537,0.050000011920928955,1046000
2,4185,250,1190.32470703125,4.761298656463623,6.643341541290283,0.050000011920928955,1046250
2,4186,250,1084.0406494140625,4.336162567138672,6.231560230255127,0.050000011920928955,1046500
2,4187,250,1322.601318359375,5.2904052734375,6.319350242614746,0.050000011920928955,1046750
2,4188,250,45.492916107177734,0.18197166919708252,6.0745158195495605,0.050000011920928955,1047000
2,4189,250,105.31260681152344,0.42125043272972107,6.916287899017334,0.050000011920928955,1047250
2,4190,250,55.62171936035156,0.22248688340187073,6.75079870223999,0.050000011920928955,1047500
2,4191,250,97.24951934814453,0.3889980912208557,6.822503089904785,0.050000011920928955,1047750
2,4192,250,1329.75634765625,5.31902551651001,6.775269031524658,0.050000011920928955,1048000
2,4193,250,61.85356140136719,0.2474142462015152,7.112818717956543,0.050000011920928955,1048250
2,4194,250,973.97265625,3.895890712738037,7.139887809753418,0.050000011920928955,1048500
2,4195,250,13.303046226501465,0.053212184458971024,7.01923942565918,0.050000011920928955,1048750
2,4196,250,54.20446014404297,0.21681784093379974,7.199905872344971,0.050000011920928955,1049000
2,4197,250,40.331199645996094,0.16132479906082153,7.612922668457031,0.050000011920928955,1049250
2,4198,250,1316.7564697265625,5.267025947570801,7.462908744812012,0.050000011920928955,1049500
2,4199,250,37.69434356689453,0.15077736973762512,7.359949588775635,0.050000011920928955,1049750
2,4200,250,78.51716613769531,0.31406867504119873,7.5312652587890625,0.050000011920928955,1050000
2,4201,250,-4.076457977294922,-0.01630583219230175,8.206986427307129,0.050000011920928955,1050250
2,4202,250,43.882450103759766,0.17552980780601501,7.669529438018799,0.050000011920928955,1050500
2,4203,250,49.509437561035156,0.1980377435684204,7.572597026824951,0.050000011920928955,1050750
2,4204,250,79.19340515136719,0.3167736232280731,7.895401954650879,0.050000011920928955,1051000
2,4205,250,94.8940200805664,0.37957608699798584,8.911593437194824,0.050000011920928955,1051250
2,4206,250,1179.7392578125,4.71895694732666,8.59689712524414,0.050000011920928955,1051500
2,4207,250,1550.378662109375,6.201514720916748,8.411877632141113,0.050000011920928955,1051750
2,4208,250,1571.7777099609375,6.287110805511475,8.260591506958008,0.050000011920928955,1052000
2,4209,250,1399.6578369140625,5.598631381988525,8.641063690185547,0.050000011920928955,1052250
2,4210,250,1356.3450927734375,5.425380229949951,8.633448600769043,0.050000011920928955,1052500
2,4211,250,1407.543212890625,5.6301727294921875,8.410042762756348,0.050000011920928955,1052750
2,4212,250,1391.5986328125,5.566394329071045,8.398796081542969,0.050000011920928955,1053000
2,4213,250,1670.201904296875,6.680807590484619,8.851320266723633,0.050000011920928955,1053250
2,4214,250,1649.0838623046875,6.596335411071777,8.372474670410156,0.050000011920928955,1053500
2,4215,250,1707.4775390625,6.8299102783203125,8.11286449432373,0.050000011920928955,1053750
2,4216,250,1518.355712890625,6.073422908782959,8.408084869384766,0.050000011920928955,1054000
2,4217,250,1448.515869140625,5.794063568115234,9.179319381713867,0.050000011920928955,1054250
2,4218,250,1142.622802734375,4.570491313934326,8.62607192993164,0.050000011920928955,1054500
2,4219,250,1504.02685546875,6.016107559204102,8.255415916442871,0.050000011920928955,1054750
2,4220,250,1026.83251953125,4.107329845428467,8.106223106384277,0.050000011920928955,1055000
2,4221,250,1119.3251953125,4.477300643920898,8.687542915344238,0.050000011920928955,1055250
2,4222,250,1474.5703125,5.898281097412109,8.085338592529297,0.050000011920928955,1055500
2,4223,250,1188.295166015625,4.753180503845215,8.165384292602539,0.050000011920928955,1055750
2,4224,250,1357.984130859375,5.431936740875244,7.906518459320068,0.050000011920928955,1056000
2,4225,250,1364.255615234375,5.457022666931152,8.622488021850586,0.050000011920928955,1056250
2,4226,250,87.23070526123047,0.34892281889915466,8.30664348602295,0.050000011920928955,1056500
2,4227,250,1434.875732421875,5.739502906799316,8.513922691345215,0.050000011920928955,1056750
2,4228,250,1290.4954833984375,5.16198205947876,8.359328269958496,0.050000011920928955,1057000
2,4229,250,1420.7628173828125,5.683051109313965,8.711904525756836,0.050000011920928955,1057250
2,4230,250,1437.44921875,5.7497968673706055,8.254509925842285,0.050000011920928955,1057500
2,4231,250,1615.501708984375,6.46200704574585,7.837626934051514,0.050000011920928955,1057750
2,4232,250,1160.32666015625,4.6413068771362305,7.453021049499512,0.050000011920928955,1058000
2,4233,250,1461.650634765625,5.846602439880371,8.309207916259766,0.050000011920928955,1058250
2,4234,250,1232.2001953125,4.928800582885742,7.780604839324951,0.050000011920928955,1058500
2,4235,250,1701.27001953125,6.805079936981201,7.961459636688232,0.050000011920928955,1058750
2,4236,250,1736.9423828125,6.947769641876221,7.550621509552002,0.050000011920928955,1059000
2,4237,250,1571.371826171875,6.285487174987793,7.777566909790039,0.050000011920928955,1059250
2,4238,250,1194.971435546875,4.779885768890381,6.998614311218262,0.050000011920928955,1059500
2,4239,250,1658.6124267578125,6.634449481964111,7.309619426727295,0.050000011920928955,1059750
2,4240,250,1092.9326171875,4.371730327606201,6.673531532287598,0.050000011920928955,1060000
2,4241,250,1203.3389892578125,4.813355922698975,7.03371000289917,0.050000011920928955,1060250
2,4242,250,1590.240234375,6.360960960388184,6.851709365844727,0.050000011920928955,1060500
2,4243,250,1507.1173095703125,6.028469085693359,6.38348388671875,0.050000011920928955,1060750
2,4244,250,1687.744384765625,6.750977516174316,6.188331127166748,0.050000011920928955,1061000
2,4245,250,1396.0362548828125,5.5841450691223145,6.084103584289551,0.050000011920928955,1061250
2,4246,250,1382.522216796875,5.530088901519775,6.099592685699463,0.050000011920928955,1061500
2,4247,250,1724.185546875,6.896742343902588,5.608709335327148,0.050000011920928955,1061750
2,4248,250,1243.5250244140625,4.974100112915039,5.624240398406982,0.050000011920928955,1062000
2,4249,250,73.62522888183594,0.2945009171962738,6.035853862762451,0.050000011920928955,1062250
2,4250,250,1584.66796875,6.338671684265137,6.1511921882629395,0.050000011920928955,1062500
2,4251,250,1553.275390625,6.213101387023926,5.671125411987305,0.050000011920928955,1062750
2,4252,250,1681.104736328125,6.724419116973877,5.7636213302612305,0.050000011920928955,1063000
2,4253,250,1895.4278564453125,7.581711292266846,5.485101699829102,0.050000011920928955,1063250
2,4254,250,37.58132553100586,0.15032529830932617,5.686843395233154,0.050000011920928955,1063500
2,4255,250,1566.57861328125,6.266314506530762,6.003688335418701,0.050000011920928955,1063750
2,4256,250,1884.1861572265625,7.536744594573975,5.850080490112305,0.050000011920928955,1064000
2,4257,250,1616.88720703125,6.467548847198486,5.590054512023926,0.050000011920928955,1064250
2,4258,250,47.48526382446289,0.18994104862213135,5.762426853179932,0.050000011920928955,1064500
2,4259,250,69.8210220336914,0.2792840898036957,5.890337944030762,0.050000011920928955,1064750
2,4260,250,1504.122802734375,6.016491413116455,5.559129238128662,0.050000011920928955,1065000
2,4261,250,64.87064361572266,0.25948256254196167,5.948071479797363,0.050000011920928955,1065250
2,4262,250,1592.1741943359375,6.368696689605713,5.928984642028809,0.050000011920928955,1065500
2,4263,250,1833.5693359375,7.334277153015137,6.005770683288574,0.050000011920928955,1065750
2,4264,250,1568.962646484375,6.275850772857666,5.616757392883301,0.050000011920928955,1066000
2,4265,250,75.60684204101562,0.30242738127708435,5.931580066680908,0.050000011920928955,1066250
2,4266,250,1749.1064453125,6.996425628662109,6.184027194976807,0.050000011920928955,1066500
2,4267,250,110.29525756835938,0.4411810338497162,5.9246087074279785,0.050000011920928955,1066750
2,4268,250,1615.7684326171875,6.46307373046875,5.895590782165527,0.050000011920928955,1067000
2,4269,250,1754.0987548828125,7.016395092010498,5.705262660980225,0.050000011920928955,1067250
2,4270,250,1707.7230224609375,6.830892086029053,5.586704254150391,0.050000011920928955,1067500
2,4271,250,1650.3311767578125,6.601324558258057,5.7012410163879395,0.050000011920928955,1067750
2,4272,250,1453.6036376953125,5.8144145011901855,5.669783115386963,0.050000011920928955,1068000
2,4273,250,1348.46484375,5.393859386444092,5.881189823150635,0.050000011920928955,1068250
2,4274,250,1589.564697265625,6.3582587242126465,5.690746307373047,0.050000011920928955,1068500
2,4275,250,1605.014892578125,6.420059680938721,5.814332485198975,0.050000011920928955,1068750
2,4276,250,1612.0252685546875,6.448101043701172,5.492183685302734,0.050000011920928955,1069000
2,4277,250,1214.8916015625,4.8595662117004395,5.771921634674072,0.050000011920928955,1069250
2,4278,250,1348.9383544921875,5.395753383636475,5.9835052490234375,0.050000011920928955,1069500
2,4279,250,1356.7020263671875,5.426807880401611,5.679596424102783,0.050000011920928955,1069750
2,4280,250,1340.29638671875,5.361185550689697,5.709155559539795,0.050000011920928955,1070000
2,4281,250,1008.7327270507812,4.03493070602417,5.963688373565674,0.050000011920928955,1070250
2,4282,250,911.4458618164062,3.6457834243774414,5.7932915687561035,0.050000011920928955,1070500
2,4283,250,82.89221954345703,0.3315688669681549,5.546918869018555,0.050000011920928955,1070750
2,4284,250,1492.833251953125,5.971333026885986,5.94804573059082,0.050000011920928955,1071000
2,4285,250,1187.804443359375,4.751217842102051,6.3408002853393555,0.050000011920928955,1071250
2,4286,250,1302.855224609375,5.211421012878418,6.264865398406982,0.050000011920928955,1071500
2,4287,250,1252.6099853515625,5.010439872741699,6.224061012268066,0.050000011920928955,1071750
2,4288,250,1318.89892578125,5.275595664978027,5.809728145599365,0.050000011920928955,1072000
2,4289,250,1387.63330078125,5.550533294677734,6.246103763580322,0.050000011920928955,1072250
2,4290,250,1400.1646728515625,5.600658893585205,6.16530704498291,0.050000011920928955,1072500
2,4291,250,840.7622680664062,3.363049030303955,5.718268394470215,0.050000011920928955,1072750
2,4292,250,1373.9039306640625,5.4956159591674805,5.866714954376221,0.050000011920928955,1073000
2,4293,250,985.535888671875,3.942143440246582,6.125932693481445,0.050000011920928955,1073250
2,4294,250,-442.0255432128906,-1.7681021690368652,5.924134254455566,0.050000011920928955,1073500
2,4295,250,33.43724822998047,0.13374899327754974,6.285948276519775,0.050000011920928955,1073750
2,4296,250,940.1746215820312,3.7606985569000244,6.32579231262207,0.050000011920928955,1074000
2,4297,250,819.1201782226562,3.2764806747436523,6.3949174880981445,0.050000011920928955,1074250
2,4298,250,1007.3890380859375,4.0295562744140625,6.5147857666015625,0.050000011920928955,1074500
2,4299,250,46.98558044433594,0.18794232606887817,6.4527788162231445,0.050000011920928955,1074750
2,4300,250,1369.1807861328125,5.4767231941223145,6.598706245422363,0.050000011920928955,1075000
2,4301,250,1339.7193603515625,5.358877658843994,6.855241298675537,0.050000011920928955,1075250
2,4302,250,1348.3763427734375,5.393505573272705,6.44478702545166,0.050000011920928955,1075500
2,4303,250,56.3936767578125,0.22557470202445984,6.521159648895264,0.050000011920928955,1075750
2,4304,250,1263.5792236328125,5.054316997528076,6.354747295379639,0.050000011920928955,1076000
2,4305,250,1001.0612182617188,4.004244804382324,6.8525567054748535,0.050000011920928955,1076250
2,4306,250,1595.6898193359375,6.382759094238281,6.43556547164917,0.050000011920928955,1076500
2,4307,250,781.986083984375,3.127944231033325,6.508740425109863,0.050000011920928955,1076750
2,4308,250,1401.918212890625,5.607672691345215,5.925294399261475,0.050000011920928955,1077000
2,4309,250,86.92266082763672,0.3476906418800354,6.584711074829102,0.050000011920928955,1077250
2,4310,250,1721.6566162109375,6.886626243591309,6.61583948135376,0.050000011920928955,1077500
2,4311,250,1375.2276611328125,5.500910758972168,6.568777084350586,0.050000011920928955,1077750
2,4312,250,51.912776947021484,0.20765110850334167,6.226558208465576,0.050000011920928955,1078000
2,4313,250,108.7994613647461,0.4351978600025177,7.14375114440918,0.050000011920928955,1078250
2,4314,250,1547.384765625,6.189538955688477,7.143718242645264,0.050000011920928955,1078500
2,4315,250,1578.153076171875,6.312612533569336,7.138266086578369,0.050000011920928955,1078750
2,4316,250,1530.0694580078125,6.1202778816223145,7.06833028793335,0.050000011920928955,1079000
2,4317,250,877.323974609375,3.50929594039917,7.529350280761719,0.050000011920928955,1079250
2,4318,250,1543.8267822265625,6.175307273864746,6.81069278717041,0.050000011920928955,1079500
2,4319,250,1899.5101318359375,7.598040580749512,7.5255045890808105,0.050000011920928955,1079750
2,4320,250,1702.01123046875,6.808044910430908,6.948740005493164,0.050000011920928955,1080000
2,4321,250,1572.0643310546875,6.288257122039795,7.302932262420654,0.050000011920928955,1080250
2,4322,250,1931.114501953125,7.72445821762085,6.92371129989624,0.050000011920928955,1080500
2,4323,250,1657.86474609375,6.631458759307861,6.636115074157715,0.050000011920928955,1080750
2,4324,250,1917.26513671875,7.669060707092285,6.535754203796387,0.050000011920928955,1081000
2,4325,250,1728.8558349609375,6.915423393249512,6.664560317993164,0.050000011920928955,1081250
2,4326,250,1631.54052734375,6.526162147521973,6.303282260894775,0.050000011920928955,1081500
2,4327,250,1684.21337890625,6.73685359954834,6.581594467163086,0.050000011920928955,1081750
2,4328,250,1641.9505615234375,6.567802429199219,6.438745498657227,0.050000011920928955,1082000
2,4329,250,1699.199462890625,6.796797752380371,6.543361663818359,0.050000011920928955,1082250
2,4330,250,1935.6041259765625,7.7424163818359375,6.532857418060303,0.050000011920928955,1082500
2,4331,250,1968.04833984375,7.872193336486816,6.265602111816406,0.050000011920928955,1082750
2,4332,250,1712.23388671875,6.848935604095459,6.291345596313477,0.050000011920928955,1083000
2,4333,250,1955.3896484375,7.821558475494385,6.203813076019287,0.050000011920928955,1083250
2,4334,250,1914.716796875,7.658867359161377,5.780263423919678,0.050000011920928955,1083500
2,4335,250,1646.422607421875,6.585690498352051,5.821670055389404,0.050000011920928955,1083750
2,4336,250,1746.7113037109375,6.986845016479492,5.572120189666748,0.050000011920928955,1084000
2,4337,250,1851.7926025390625,7.407170295715332,5.5702033042907715,0.050000011920928955,1084250
2,4338,250,1659.190185546875,6.636760711669922,5.409189224243164,0.050000011920928955,1084500
2,4339,250,1710.1776123046875,6.840710639953613,5.267973899841309,0.050000011920928955,1084750
2,4340,250,1775.4178466796875,7.10167121887207,5.3738694190979,0.050000011920928955,1085000
2,4341,250,2.368480682373047,0.009473922662436962,5.433660984039307,0.050000011920928955,1085250
2,4342,250,-51.639408111572266,-0.20655763149261475,5.762454986572266,0.050000011920928955,1085500
2,4343,250,-19.80999755859375,-0.07923998683691025,5.819893836975098,0.050000011920928955,1085750
2,4344,250,34.29449462890625,0.137177973985672,5.9579548835754395,0.050000011920928955,1086000
2,4345,250,1951.3863525390625,7.805545330047607,6.726393699645996,0.050000011920928955,1086250
2,4346,250,1537.3720703125,6.14948844909668,6.001015663146973,0.050000011920928955,1086500
2,4347,250,-78.80084228515625,-0.31520336866378784,6.4203362464904785,0.050000011920928955,1086750
2,4348,250,83.59866333007812,0.3343946635723114,5.749273300170898,0.050000011920928955,1087000
2,4349,250,1524.468505859375,6.097874164581299,6.890214920043945,0.050000011920928955,1087250
2,4350,250,-21.00462532043457,-0.08401849865913391,6.566140651702881,0.050000011920928955,1087500
2,4351,250,-58.227020263671875,-0.23290808498859406,6.4550275802612305,0.050000011920928955,1087750
2,4352,250,-6.640051364898682,-0.026560205966234207,6.521424293518066,0.050000011920928955,1088000
2,4353,250,1283.0733642578125,5.132293224334717,7.154088020324707,0.050000011920928955,1088250
2,4354,250,1222.39892578125,4.8895955085754395,6.897754192352295,0.050000011920928955,1088500
2,4355,250,1537.3902587890625,6.149560928344727,6.683291912078857,0.050000011920928955,1088750
2,4356,250,573.404296875,2.2936172485351562,6.47287130355835,0.050000011920928955,1089000
2,4357,250,1457.86669921875,5.8314666748046875,6.966843605041504,0.050000011920928955,1089250
2,4358,250,1394.466064453125,5.577864170074463,6.493422508239746,0.050000011920928955,1089500
2,4359,250,1216.0986328125,4.864394664764404,6.518070697784424,0.050000011920928955,1089750
2,4360,250,966.9065551757812,3.867626190185547,6.413539886474609,0.050000011920928955,1090000
2,4361,250,1130.2513427734375,4.521005153656006,6.905054569244385,0.050000011920928955,1090250
2,4362,250,1116.6107177734375,4.466443061828613,7.468064308166504,0.050000011920928955,1090500
2,4363,250,1497.3441162109375,5.989376544952393,7.065290451049805,0.050000011920928955,1090750
2,4364,250,1438.09228515625,5.752368927001953,7.120223522186279,0.050000011920928955,1091000
2,4365,250,1341.7864990234375,5.367146015167236,7.391567707061768,0.050000011920928955,1091250
2,4366,250,1183.9364013671875,4.735745429992676,7.317783832550049,0.050000011920928955,1091500
2,4367,250,1147.60791015625,4.5904316902160645,6.863563060760498,0.050000011920928955,1091750
2,4368,250,943.54638671875,3.7741856575012207,6.879214763641357,0.050000011920928955,1092000
2,4369,250,947.8848876953125,3.7915396690368652,7.6501688957214355,0.050000011920928955,1092250
2,4370,250,1475.853271484375,5.90341329574585,7.344569683074951,0.050000011920928955,1092500
2,4371,250,1430.3763427734375,5.721505165100098,6.889235973358154,0.050000011920928955,1092750
2,4372,250,1079.4483642578125,4.317793369293213,6.997182369232178,0.050000011920928955,1093000
2,4373,250,1060.2132568359375,4.2408528327941895,7.6110453605651855,0.050000011920928955,1093250
2,4374,250,1443.70654296875,5.7748260498046875,7.198662281036377,0.050000011920928955,1093500
2,4375,250,1647.048828125,6.588195323944092,6.932549476623535,0.050000011920928955,1093750
2,4376,250,1656.07568359375,6.624302864074707,6.909657001495361,0.050000011920928955,1094000
2,4377,250,1608.668212890625,6.434672832489014,7.503407001495361,0.050000011920928955,1094250
2,4378,250,1613.4580078125,6.453832149505615,6.926388740539551,0.050000011920928955,1094500
2,4379,250,203.8430938720703,0.8153723478317261,7.022988796234131,0.050000011920928955,1094750
2,4380,250,1695.3426513671875,6.781370639801025,6.598409652709961,0.050000011920928955,1095000
2,4381,250,1444.131103515625,5.776524543762207,6.899736404418945,0.050000011920928955,1095250
2,4382,250,1358.8868408203125,5.435547351837158,6.72921085357666,0.050000011920928955,1095500
2,4383,250,1213.801025390625,4.855204105377197,6.100529670715332,0.050000011920928955,1095750
2,4384,250,281.6643981933594,1.1266576051712036,5.772270679473877,0.050000011920928955,1096000
2,4385,250,1669.884765625,6.679539203643799,6.216872215270996,0.050000011920928955,1096250
2,4386,250,122.33621978759766,0.48934486508369446,5.880333423614502,0.050000011920928955,1096500
2,4387,250,101.48593139648438,0.40594372153282166,6.170163631439209,0.050000011920928955,1096750
2,4388,250,1350.06396484375,5.4002556800842285,5.909790992736816,0.050000011920928955,1097000
2,4389,250,1651.420166015625,6.605680465698242,6.137060165405273,0.050000011920928955,1097250
2,4390,250,1638.951904296875,6.555807590484619,5.6028337478637695,0.050000011920928955,1097500
2,4391,250,1342.6658935546875,5.370663642883301,5.574924468994141,0.050000011920928955,1097750
2,4392,250,-48.95473861694336,-0.1958189606666565,5.346692085266113,0.050000011920928955,1098000
2,4393,250,1600.98486328125,6.403939247131348,5.772647380828857,0.050000011920928955,1098250
2,4394,250,1374.104248046875,5.496417045593262,5.256940841674805,0.050000011920928955,1098500
2,4395,250,1006.5211181640625,4.0260844230651855,5.362756252288818,0.050000011920928955,1098750
2,4396,250,-6.35752534866333,-0.0254301019012928,5.242950916290283,0.050000011920928955,1099000
2,4397,250,1155.2889404296875,4.621155738830566,5.808374881744385,0.050000011920928955,1099250
2,4398,250,1642.400390625,6.569601535797119,5.40480375289917,0.050000011920928955,1099500
2,4399,250,1663.7529296875,6.6550116539001465,5.492610454559326,0.050000011920928955,1099750
2,4400,250,35.974815368652344,0.14389926195144653,5.252236843109131,0.050000011920928955,1100000
2,4401,250,1625.879150390625,6.503516674041748,5.827796936035156,0.050000011920928955,1100250
2,4402,250,1267.969970703125,5.071879863739014,5.580113410949707,0.050000011920928955,1100500
2,4403,250,1645.40673828125,6.581626892089844,5.388160228729248,0.050000011920928955,1100750
2,4404,250,6.729608058929443,0.026918431743979454,5.212835788726807,0.050000011920928955,1101000
2,4405,250,1733.7337646484375,6.934935092926025,5.631766319274902,0.050000011920928955,1101250
2,4406,250,1664.86181640625,6.659447193145752,5.233602523803711,0.050000011920928955,1101500
2,4407,250,1438.0,5.751999855041504,5.025326728820801,0.050000011920928955,1101750
2,4408,250,1651.95751953125,6.607830047607422,5.160265922546387,0.050000011920928955,1102000
2,4409,250,-38.65373229980469,-0.15461492538452148,5.122255802154541,0.050000011920928955,1102250
2,4410,250,1606.876220703125,6.427505016326904,5.151516914367676,0.050000011920928955,1102500
2,4411,250,-32.83927917480469,-0.1313571184873581,5.082960605621338,0.050000011920928955,1102750
2,4412,250,1629.2864990234375,6.517146110534668,5.087399959564209,0.050000011920928955,1103000
2,4413,250,1577.958740234375,6.311834812164307,5.090677261352539,0.050000011920928955,1103250
2,4414,250,1661.7528076171875,6.6470112800598145,5.046036720275879,0.050000011920928955,1103500
2,4415,250,1377.739501953125,5.510958194732666,4.877102851867676,0.050000011920928955,1103750
2,4416,250,1355.9344482421875,5.4237380027771,4.810997486114502,0.050000011920928955,1104000
2,4417,250,1708.8431396484375,6.835372447967529,5.385437965393066,0.050000011920928955,1104250
2,4418,250,1278.855224609375,5.115420818328857,5.070178031921387,0.050000011920928955,1104500
2,4419,250,1673.146728515625,6.692586898803711,5.252871513366699,0.050000011920928955,1104750
2,4420,250,1731.3251953125,6.925300598144531,4.8160247802734375,0.050000011920928955,1105000
2,4421,250,1678.4671630859375,6.713868618011475,5.124761581420898,0.050000011920928955,1105250
2,4422,250,1369.2188720703125,5.476875305175781,4.976294994354248,0.050000011920928955,1105500
2,4423,250,1661.343505859375,6.645373821258545,4.879020690917969,0.050000011920928955,1105750
2,4424,250,1685.7969970703125,6.74318790435791,4.692113876342773,0.050000011920928955,1106000
2,4425,250,0.8720546960830688,0.003488218877464533,4.944644451141357,0.050000011920928955,1106250
2,4426,250,1681.3343505859375,6.725337505340576,4.798701286315918,0.050000011920928955,1106500
2,4427,250,1717.755126953125,6.871020317077637,4.825349807739258,0.050000011920928955,1106750
2,4428,250,1734.2039794921875,6.9368157386779785,4.662621021270752,0.050000011920928955,1107000
2,4429,250,632.9302978515625,2.5317211151123047,5.029021263122559,0.050000011920928955,1107250
2,4430,250,1712.408935546875,6.849635601043701,4.791942119598389,0.050000011920928955,1107500
2,4431,250,1705.89990234375,6.823599815368652,4.76380729675293,0.050000011920928955,1107750
2,4432,250,1744.1875,6.976749897003174,4.509521961212158,0.050000011920928955,1108000
2,4433,250,1776.281494140625,7.105125904083252,4.571882724761963,0.050000011920928955,1108250
2,4434,250,109.21778869628906,0.43687114119529724,4.334781169891357,0.050000011920928955,1108500
2,4435,250,1627.72119140625,6.510884761810303,4.50701379776001,0.050000011920928955,1108750
2,4436,250,1743.21484375,6.9728593826293945,4.354846477508545,0.050000011920928955,1109000
2,4437,250,1728.6724853515625,6.914690017700195,4.717808246612549,0.050000011920928955,1109250
2,4438,250,1736.1934814453125,6.944774150848389,4.387845516204834,0.050000011920928955,1109500
2,4439,250,95.38275146484375,0.3815310001373291,4.230621337890625,0.050000011920928955,1109750
2,4440,250,1734.178955078125,6.936715602874756,4.304883003234863,0.050000011920928955,1110000
2,4441,250,1731.8212890625,6.927285194396973,4.451648235321045,0.050000011920928955,1110250
2,4442,250,1756.34130859375,7.025365352630615,4.296648979187012,0.050000011920928955,1110500
2,4443,250,1744.2999267578125,6.977199554443359,4.325151443481445,0.050000011920928955,1110750
2,4444,250,1757.0999755859375,7.02839994430542,4.118300437927246,0.050000011920928955,1111000
2,4445,250,1724.2845458984375,6.8971381187438965,4.320066452026367,0.050000011920928955,1111250
2,4446,250,8.902578353881836,0.03561031445860863,4.327464580535889,0.050000011920928955,1111500
2,4447,250,1458.440185546875,5.833760738372803,4.454298496246338,0.050000011920928955,1111750
2,4448,250,106.3664321899414,0.42546573281288147,4.261451244354248,0.050000011920928955,1112000
2,4449,250,1711.310546875,6.845242023468018,4.2021565437316895,0.050000011920928955,1112250
2,4450,250,26.176490783691406,0.10470595955848694,4.688477993011475,0.050000011920928955,1112500
2,4451,250,1717.252685546875,6.869010925292969,4.547948360443115,0.050000011920928955,1112750
2,4452,250,1746.523681640625,6.986094951629639,4.354079723358154,0.050000011920928955,1113000
2,4453,250,1775.931640625,7.103726387023926,4.57857084274292,0.050000011920928955,1113250
2,4454,250,1708.819091796875,6.8352766036987305,4.511294364929199,0.050000011920928955,1113500
2,4455,250,37.68695068359375,0.15074780583381653,4.23894739151001,0.050000011920928955,1113750
2,4456,250,1758.6207275390625,7.034482955932617,4.469211578369141,0.050000011920928955,1114000
2,4457,250,1715.6622314453125,6.862648963928223,4.750371932983398,0.050000011920928955,1114250
2,4458,250,70.9668197631836,0.2838672697544098,4.7285966873168945,0.050000011920928955,1114500
2,4459,250,1741.33056640625,6.965322494506836,4.673345565795898,0.050000011920928955,1114750
2,4460,250,1442.4224853515625,5.769690036773682,4.48396635055542,0.050000011920928955,1115000
2,4461,250,1739.60693359375,6.958427906036377,5.039873123168945,0.050000011920928955,1115250
2,4462,250,12.867829322814941,0.051471319049596786,5.04779052734375,0.050000011920928955,1115500
2,4463,250,47.350975036621094,0.18940390646457672,4.883252143859863,0.050000011920928955,1115750
2,4464,250,14.71034049987793,0.058841362595558167,4.973992347717285,0.050000011920928955,1116000
2,4465,250,1362.873046875,5.4514923095703125,5.383058547973633,0.050000011920928955,1116250
2,4466,250,28.294757843017578,0.1131790280342102,5.078060626983643,0.050000011920928955,1116500
2,4467,250,76.46631622314453,0.30586525797843933,5.109294891357422,0.050000011920928955,1116750
2,4468,250,1385.1729736328125,5.54069185256958,5.43037223815918,0.050000011920928955,1117000
2,4469,250,1653.5736083984375,6.614294528961182,5.449508190155029,0.050000011920928955,1117250
2,4470,250,299.0816345214844,1.196326494216919,5.567156791687012,0.050000011920928955,1117500
2,4471,250,1536.671630859375,6.146686553955078,5.499281406402588,0.050000011920928955,1117750
2,4472,250,1693.3924560546875,6.7735700607299805,5.304915428161621,0.050000011920928955,1118000
2,4473,250,1524.840087890625,6.099360466003418,5.667141914367676,0.050000011920928955,1118250
2,4474,250,86.63465118408203,0.34653860330581665,5.757782459259033,0.050000011920928955,1118500
2,4475,250,1714.27783203125,6.85711145401001,5.3497314453125,0.050000011920928955,1118750
2,4476,250,1339.0872802734375,5.356348991394043,5.405023097991943,0.050000011920928955,1119000
2,4477,250,147.60214233398438,0.5904085636138916,5.954859256744385,0.050000011920928955,1119250
2,4478,250,1356.7725830078125,5.427090167999268,5.86560583114624,0.050000011920928955,1119500
2,4479,250,1568.0081787109375,6.272032737731934,5.766765594482422,0.050000011920928955,1119750
2,4480,250,33.75305938720703,0.13501223921775818,5.555954456329346,0.050000011920928955,1120000
2,4481,250,1444.04443359375,5.776177883148193,6.3958001136779785,0.050000011920928955,1120250
2,4482,250,-147.96726989746094,-0.591869056224823,6.482141017913818,0.050000011920928955,1120500
2,4483,250,1730.41748046875,6.921669960021973,6.238715648651123,0.050000011920928955,1120750
2,4484,250,55.50432586669922,0.222017303109169,6.268356800079346,0.050000011920928955,1121000
2,4485,250,413.3945617675781,1.653578281402588,6.7586774826049805,0.050000011920928955,1121250
2,4486,250,566.5665283203125,2.266266107559204,6.752427101135254,0.050000011920928955,1121500
2,4487,250,239.17819213867188,0.9567127823829651,6.436816215515137,0.050000011920928955,1121750
2,4488,250,1870.698974609375,7.482795715332031,6.480624198913574,0.050000011920928955,1122000
2,4489,250,281.0256652832031,1.1241027116775513,6.942404270172119,0.050000011920928955,1122250
2,4490,250,612.7359008789062,2.4509437084198,7.121361255645752,0.050000011920928955,1122500
2,4491,250,684.8150634765625,2.739260196685791,6.879354000091553,0.050000011920928955,1122750
2,4492,250,1091.86865234375,4.367474555969238,6.866154193878174,0.050000011920928955,1123000
2,4493,250,1666.8673095703125,6.667469024658203,7.332942962646484,0.050000011920928955,1123250
2,4494,250,1566.7347412109375,6.266939163208008,6.786247730255127,0.050000011920928955,1123500
2,4495,250,1476.9066162109375,5.907626628875732,6.749294281005859,0.050000011920928955,1123750
2,4496,250,1562.40673828125,6.249627113342285,6.68037223815918,0.050000011920928955,1124000
2,4497,250,1565.8399658203125,6.263360023498535,7.316281795501709,0.050000011920928955,1124250
2,4498,250,1462.653564453125,5.850614070892334,6.848478317260742,0.050000011920928955,1124500
2,4499,250,1800.0216064453125,7.20008659362793,6.800098419189453,0.050000011920928955,1124750
2,4500,250,1696.293212890625,6.785172939300537,6.579233646392822,0.050000011920928955,1125000
2,4501,250,36.12985610961914,0.14451941847801208,7.024837970733643,0.050000011920928955,1125250
2,4502,250,1668.9398193359375,6.675759315490723,7.17795991897583,0.050000011920928955,1125500
2,4503,250,1799.599853515625,7.198399543762207,6.7169189453125,0.050000011920928955,1125750
2,4504,250,1266.951416015625,5.067805767059326,6.75722074508667,0.050000011920928955,1126000
2,4505,250,1379.892822265625,5.519571304321289,6.573848724365234,0.050000011920928955,1126250
2,4506,250,762.4236450195312,3.049694538116455,6.415378093719482,0.050000011920928955,1126500
2,4507,250,1567.965087890625,6.271860122680664,6.590103626251221,0.050000011920928955,1126750
2,4508,250,1256.192626953125,5.024770736694336,6.0719380378723145,0.050000011920928955,1127000
2,4509,250,995.3328857421875,3.9813315868377686,6.427730083465576,0.050000011920928955,1127250
2,4510,250,1585.603515625,6.342413902282715,6.298094272613525,0.050000011920928955,1127500
2,4511,250,-378.8459777832031,-1.5153839588165283,6.1297287940979,0.050000011920928955,1127750
2,4512,250,1211.6317138671875,4.846526622772217,6.465482711791992,0.050000011920928955,1128000
2,4513,250,1343.1787109375,5.372714996337891,5.987407207489014,0.050000011920928955,1128250
2,4514,250,1513.5965576171875,6.054386138916016,6.083176136016846,0.050000011920928955,1128500
2,4515,250,1558.68115234375,6.234724521636963,6.070184707641602,0.050000011920928955,1128750
2,4516,250,1510.2647705078125,6.0410590171813965,5.700811862945557,0.050000011920928955,1129000
2,4517,250,1337.29931640625,5.3491973876953125,6.2778143882751465,0.050000011920928955,1129250
2,4518,250,1116.1063232421875,4.464425086975098,5.913695335388184,0.050000011920928955,1129500
2,4519,250,1101.604736328125,4.406418800354004,5.788665294647217,0.050000011920928955,1129750
2,4520,250,1297.157958984375,5.188632011413574,6.122348308563232,0.050000011920928955,1130000
2,4521,250,-71.37983703613281,-0.2855193614959717,6.091647148132324,0.050000011920928955,1130250
2,4522,250,1562.3499755859375,6.2494001388549805,6.215932846069336,0.050000011920928955,1130500
2,4523,250,986.982421875,3.947929620742798,6.09291410446167,0.050000011920928955,1130750
2,4524,250,1504.669189453125,6.0186767578125,5.783349990844727,0.050000011920928955,1131000
2,4525,250,1502.7755126953125,6.011102199554443,5.7746148109436035,0.050000011920928955,1131250
2,4526,250,1381.025146484375,5.5241007804870605,5.856260299682617,0.050000011920928955,1131500
2,4527,250,1368.9564208984375,5.475825786590576,5.877946853637695,0.050000011920928955,1131750
2,4528,250,1435.1708984375,5.740683555603027,5.559006214141846,0.050000011920928955,1132000
2,4529,250,1523.534912109375,6.094139575958252,5.809553146362305,0.050000011920928955,1132250
2,4530,250,1385.938720703125,5.543755054473877,5.356595039367676,0.050000011920928955,1132500
2,4531,250,1511.412109375,6.045648574829102,5.098276138305664,0.050000011920928955,1132750
2,4532,250,1751.6683349609375,7.006673336029053,5.084822654724121,0.050000011920928955,1133000
2,4533,250,897.3773803710938,3.5895094871520996,5.336389541625977,0.050000011920928955,1133250
2,4534,250,1044.8580322265625,4.179431915283203,5.365891933441162,0.050000011920928955,1133500
2,4535,250,-4.148738861083984,-0.016594955697655678,5.357635498046875,0.050000011920928955,1133750
2,4536,250,1344.974609375,5.379898548126221,5.299367427825928,0.050000011920928955,1134000
2,4537,250,37.507816314697266,0.15003126859664917,5.559963703155518,0.050000011920928955,1134250
2,4538,250,1311.8150634765625,5.247260093688965,5.666045188903809,0.050000011920928955,1134500
2,4539,250,3.628922462463379,0.014515689574182034,5.64638090133667,0.050000011920928955,1134750
2,4540,250,399.86517333984375,1.5994607210159302,6.001385688781738,0.050000011920928955,1135000
2,4541,250,1297.9375,5.1917500495910645,5.543199062347412,0.050000011920928955,1135250
2,4542,250,1258.3134765625,5.0332536697387695,5.64794397354126,0.050000011920928955,1135500
2,4543,250,1430.761474609375,5.723045825958252,5.459831237792969,0.050000011920928955,1135750
2,4544,250,1550.6016845703125,6.202406883239746,5.616648197174072,0.050000011920928955,1136000
2,4545,250,39.28282165527344,0.15713128447532654,5.845997333526611,0.050000011920928955,1136250
2,4546,250,1452.559814453125,5.810239315032959,5.262389183044434,0.050000011920928955,1136500
2,4547,250,1655.86328125,6.623453140258789,5.446660995483398,0.050000011920928955,1136750
2,4548,250,106.68495178222656,0.42673981189727783,5.336614608764648,0.050000011920928955,1137000
2,4549,250,68.8085708618164,0.27523428201675415,5.746248722076416,0.050000011920928955,1137250
2,4550,250,71.92725372314453,0.2877090275287628,5.4289727210998535,0.050000011920928955,1137500
2,4551,250,1701.57958984375,6.806318283081055,5.453445911407471,0.050000011920928955,1137750
2,4552,250,830.1425170898438,3.3205699920654297,5.564700603485107,0.050000011920928955,1138000
2,4553,250,77.40739440917969,0.3096295893192291,5.521322250366211,0.050000011920928955,1138250
2,4554,250,101.1240463256836,0.4044961929321289,6.074707508087158,0.050000011920928955,1138500
2,4555,250,1543.3984375,6.173593521118164,5.589971542358398,0.050000011920928955,1138750
2,4556,250,1273.0517578125,5.092206954956055,5.946329593658447,0.050000011920928955,1139000
2,4557,250,1455.96044921875,5.823841571807861,5.773714065551758,0.050000011920928955,1139250
2,4558,250,1277.493896484375,5.109975814819336,5.9213547706604,0.050000011920928955,1139500
2,4559,250,1064.992919921875,4.259971618652344,5.901837348937988,0.050000011920928955,1139750
2,4560,250,859.4398803710938,3.4377596378326416,5.671980381011963,0.050000011920928955,1140000
2,4561,250,1062.7913818359375,4.251165390014648,5.8682169914245605,0.050000011920928955,1140250
2,4562,250,725.5950927734375,2.9023804664611816,5.824060916900635,0.050000011920928955,1140500
2,4563,250,1403.548583984375,5.614194393157959,5.832389831542969,0.050000011920928955,1140750
2,4564,250,1631.90234375,6.527609348297119,5.509005069732666,0.050000011920928955,1141000
2,4565,250,1339.126708984375,5.356506824493408,5.791542053222656,0.050000011920928955,1141250
2,4566,250,1636.118896484375,6.544475555419922,5.740273952484131,0.050000011920928955,1141500
2,4567,250,1587.035400390625,6.348141670227051,5.688628673553467,0.050000011920928955,1141750
2,4568,250,1651.2659912109375,6.6050639152526855,5.633655548095703,0.050000011920928955,1142000
2,4569,250,1581.787841796875,6.327151298522949,5.886722564697266,0.050000011920928955,1142250
2,4570,250,1408.99755859375,5.635990142822266,5.678987503051758,0.050000011920928955,1142500
2,4571,250,1676.3382568359375,6.705353260040283,5.961830139160156,0.050000011920928955,1142750
2,4572,250,1714.41259765625,6.857650279998779,5.826951503753662,0.050000011920928955,1143000
2,4573,250,1487.3062744140625,5.949224948883057,5.739404678344727,0.050000011920928955,1143250
2,4574,250,725.26220703125,2.9010488986968994,5.702373027801514,0.050000011920928955,1143500
2,4575,250,1457.7647705078125,5.831058979034424,5.4796061515808105,0.050000011920928955,1143750
2,4576,250,1155.40283203125,4.62161111831665,5.6644415855407715,0.050000011920928955,1144000
2,4577,250,1631.083740234375,6.524334907531738,5.644158840179443,0.050000011920928955,1144250
2,4578,250,1702.9488525390625,6.811795234680176,5.520427703857422,0.050000011920928955,1144500
2,4579,250,1214.41650390625,4.857666015625,5.304365158081055,0.050000011920928955,1144750
2,4580,250,1646.7509765625,6.587003707885742,4.89468240737915,0.050000011920928955,1145000
2,4581,250,1777.90771484375,7.111630916595459,5.130804538726807,0.050000011920928955,1145250
2,4582,250,1622.460693359375,6.489842891693115,5.067567825317383,0.050000011920928955,1145500
2,4583,250,1135.5970458984375,4.542387962341309,4.893731594085693,0.050000011920928955,1145750
2,4584,250,1711.681884765625,6.84672737121582,5.093906879425049,0.050000011920928955,1146000
2,4585,250,1438.0914306640625,5.752365589141846,4.883791923522949,0.050000011920928955,1146250
2,4586,250,1092.09765625,4.3683905601501465,4.860851287841797,0.050000011920928955,1146500
2,4587,250,1328.33935546875,5.313357353210449,5.12498664855957,0.050000011920928955,1146750
2,4588,250,1513.37109375,6.0534844398498535,4.702971458435059,0.050000011920928955,1147000
2,4589,250,1468.600341796875,5.874401569366455,5.015153408050537,0.050000011920928955,1147250
2,4590,250,898.7718505859375,3.5950872898101807,4.587574481964111,0.050000011920928955,1147500
2,4591,250,1042.253173828125,4.169012546539307,4.802384853363037,0.050000011920928955,1147750
2,4592,250,1215.663818359375,4.862655162811279,4.748937606811523,0.050000011920928955,1148000
2,4593,250,960.5403442382812,3.8421614170074463,4.74377965927124,0.050000011920928955,1148250
2,4594,250,1173.073486328125,4.692294120788574,4.624874114990234,0.050000011920928955,1148500
2,4595,250,1287.3653564453125,5.149461269378662,4.540074348449707,0.050000011920928955,1148750
2,4596,250,1330.683349609375,5.322733402252197,4.560459136962891,0.050000011920928955,1149000
2,4597,250,1058.083251953125,4.232333183288574,4.602769374847412,0.050000011920928955,1149250
2,4598,250,1058.661865234375,4.234647274017334,4.649470329284668,0.050000011920928955,1149500
2,4599,250,1048.1761474609375,4.192704677581787,4.6124749183654785,0.050000011920928955,1149750
2,4600,250,1554.26220703125,6.217048645019531,4.501275062561035,0.050000011920928955,1150000
2,4601,250,1575.5240478515625,6.302096366882324,4.679661750793457,0.050000011920928955,1150250
2,4602,250,1715.952392578125,6.863809585571289,4.547653675079346,0.050000011920928955,1150500
2,4603,250,1504.4996337890625,6.017998695373535,4.5095295906066895,0.050000011920928955,1150750
2,4604,250,1432.15283203125,5.728611469268799,4.366228103637695,0.050000011920928955,1151000
2,4605,250,1270.7633056640625,5.083053112030029,4.401420593261719,0.050000011920928955,1151250
2,4606,250,1589.2781982421875,6.357112884521484,4.399019241333008,0.050000011920928955,1151500
2,4607,250,1626.5452880859375,6.506181240081787,4.185513496398926,0.050000011920928955,1151750
2,4608,250,1267.843017578125,5.071372032165527,4.235326290130615,0.050000011920928955,1152000
2,4609,250,950.8853149414062,3.8035411834716797,4.615800380706787,0.050000011920928955,1152250
2,4610,250,941.556884765625,3.7662274837493896,4.313763618469238,0.050000011920928955,1152500
2,4611,250,1618.143798828125,6.4725751876831055,4.154078483581543,0.050000011920928955,1152750
2,4612,250,1354.2198486328125,5.416879177093506,4.4626288414001465,0.050000011920928955,1153000
2,4613,250,1021.2408447265625,4.084963321685791,4.709576606750488,0.050000011920928955,1153250
2,4614,250,520.5200805664062,2.082080364227295,4.586111545562744,0.050000011920928955,1153500
2,4615,250,432.90362548828125,1.7316144704818726,4.66198205947876,0.050000011920928955,1153750
2,4616,250,287.4866943359375,1.1499468088150024,4.7231950759887695,0.050000011920928955,1154000
2,4617,250,1621.98291015625,6.487931728363037,4.949005603790283,0.050000011920928955,1154250
2,4618,250,1503.5592041015625,6.014236927032471,5.467221736907959,0.050000011920928955,1154500
2,4619,250,985.5299072265625,3.942119598388672,5.136168479919434,0.050000011920928955,1154750
2,4620,250,1358.049560546875,5.4321980476379395,5.009304046630859,0.050000011920928955,1155000
2,4621,250,1161.1405029296875,4.644562244415283,5.572155475616455,0.050000011920928955,1155250
2,4622,250,1456.36279296875,5.825451374053955,5.332778453826904,0.050000011920928955,1155500
2,4623,250,1365.839111328125,5.4633564949035645,5.333307266235352,0.050000011920928955,1155750
2,4624,250,1469.9361572265625,5.879744529724121,5.174853324890137,0.050000011920928955,1156000
2,4625,250,1232.3177490234375,4.929271221160889,5.125102996826172,0.050000011920928955,1156250
2,4626,250,1365.91845703125,5.4636735916137695,5.237665176391602,0.050000011920928955,1156500
2,4627,250,1266.5189208984375,5.066075801849365,5.401137828826904,0.050000011920928955,1156750
2,4628,250,1373.376708984375,5.493506908416748,5.219489574432373,0.050000011920928955,1157000
2,4629,250,1288.463623046875,5.1538543701171875,5.495607852935791,0.050000011920928955,1157250
2,4630,250,1253.4989013671875,5.01399564743042,5.37502908706665,0.050000011920928955,1157500
2,4631,250,464.9620361328125,1.859848141670227,5.337502479553223,0.050000011920928955,1157750
2,4632,250,1147.5030517578125,4.590012073516846,5.170934200286865,0.050000011920928955,1158000
2,4633,250,1363.32275390625,5.453290939331055,5.189957618713379,0.050000011920928955,1158250
2,4634,250,1367.8226318359375,5.471290588378906,5.271646022796631,0.050000011920928955,1158500
2,4635,250,1316.6400146484375,5.266560077667236,5.277112007141113,0.050000011920928955,1158750
2,4636,250,1346.5267333984375,5.386106967926025,5.235878944396973,0.050000011920928955,1159000
2,4637,250,1597.068115234375,6.388272285461426,5.051100730895996,0.050000011920928955,1159250
2,4638,250,1629.2249755859375,6.516900062561035,5.02255916595459,0.050000011920928955,1159500
2,4639,250,1438.591796875,5.754367351531982,4.9784040451049805,0.050000011920928955,1159750
2,4640,250,1447.776611328125,5.791106224060059,4.896055221557617,0.050000011920928955,1160000
2,4641,250,1345.393798828125,5.381575107574463,4.885763168334961,0.050000011920928955,1160250
2,4642,250,952.2296752929688,3.8089187145233154,4.986538887023926,0.050000011920928955,1160500
2,4643,250,1269.5130615234375,5.078052043914795,5.053671836853027,0.050000011920928955,1160750
2,4644,250,1208.728271484375,4.83491325378418,5.006747722625732,0.050000011920928955,1161000
2,4645,250,1331.188232421875,5.3247528076171875,5.056720733642578,0.050000011920928955,1161250
2,4646,250,1399.2666015625,5.597066402435303,5.442393779754639,0.050000011920928955,1161500
2,4647,250,1352.2147216796875,5.408858776092529,5.189384937286377,0.050000011920928955,1161750
2,4648,250,1533.3067626953125,6.1332268714904785,5.222963333129883,0.050000011920928955,1162000
2,4649,250,1307.6290283203125,5.230515956878662,5.045389652252197,0.050000011920928955,1162250
2,4650,250,1454.0760498046875,5.8163042068481445,4.786803722381592,0.050000011920928955,1162500
2,4651,250,1285.401123046875,5.141604423522949,5.0600080490112305,0.050000011920928955,1162750
2,4652,250,1651.563232421875,6.606253147125244,4.843116283416748,0.050000011920928955,1163000
2,4653,250,1319.939208984375,5.279757022857666,4.883477210998535,0.050000011920928955,1163250
2,4654,250,1678.0035400390625,6.712014198303223,4.8966217041015625,0.050000011920928955,1163500
2,4655,250,1524.5875244140625,6.0983500480651855,5.0445427894592285,0.050000011920928955,1163750
2,4656,250,1204.8028564453125,4.819211483001709,4.699936389923096,0.050000011920928955,1164000
2,4657,250,1644.8515625,6.579406261444092,4.482202529907227,0.050000011920928955,1164250
2,4658,250,1702.0972900390625,6.808389186859131,4.473402976989746,0.050000011920928955,1164500
2,4659,250,1673.1182861328125,6.6924729347229,4.304904460906982,0.050000011920928955,1164750
2,4660,250,1667.271240234375,6.6690850257873535,4.3512187004089355,0.050000011920928955,1165000
2,4661,250,1618.3768310546875,6.473507404327393,4.2041401863098145,0.050000011920928955,1165250
2,4662,250,1610.39404296875,6.44157600402832,3.92368745803833,0.050000011920928955,1165500
2,4663,250,1697.93603515625,6.791744232177734,4.451267719268799,0.050000011920928955,1165750
2,4664,250,1712.2484130859375,6.84899377822876,4.277962684631348,0.050000011920928955,1166000
2,4665,250,1571.7349853515625,6.286940097808838,4.119207859039307,0.050000011920928955,1166250
2,4666,250,1621.9273681640625,6.4877095222473145,3.9408352375030518,0.050000011920928955,1166500
2,4667,250,1609.6688232421875,6.438675403594971,4.106773853302002,0.050000011920928955,1166750
2,4668,250,1704.4749755859375,6.817899703979492,4.161118507385254,0.050000011920928955,1167000
2,4669,250,1712.243408203125,6.848973751068115,3.8484015464782715,0.050000011920928955,1167250
2,4670,250,1665.158935546875,6.660635948181152,3.7646281719207764,0.050000011920928955,1167500
2,4671,250,1751.486328125,7.005945205688477,3.7406814098358154,0.050000011920928955,1167750
2,4672,250,1711.2244873046875,6.844897747039795,3.8018100261688232,0.050000011920928955,1168000
2,4673,250,1711.876953125,6.847507953643799,3.7171716690063477,0.050000011920928955,1168250
2,4674,250,1761.465576171875,7.045862197875977,3.5174994468688965,0.050000011920928955,1168500
2,4675,250,1596.922119140625,6.387688636779785,3.697479248046875,0.050000011920928955,1168750
2,4676,250,1727.547119140625,6.910188674926758,3.6090927124023438,0.050000011920928955,1169000
2,4677,250,1657.8216552734375,6.63128662109375,3.4520792961120605,0.050000011920928955,1169250
2,4678,250,1754.341064453125,7.017364025115967,3.5332891941070557,0.050000011920928955,1169500
2,4679,250,1733.209228515625,6.932837009429932,3.603928804397583,0.050000011920928955,1169750
2,4680,250,1692.5631103515625,6.770252227783203,3.473048686981201,0.050000011920928955,1170000
2,4681,250,1734.2611083984375,6.937044620513916,3.5128304958343506,0.050000011920928955,1170250
2,4682,250,1700.43115234375,6.801724433898926,3.459280490875244,0.050000011920928955,1170500
2,4683,250,1747.2149658203125,6.9888596534729,3.3760499954223633,0.050000011920928955,1170750
2,4684,250,1696.402099609375,6.785608291625977,3.191072463989258,0.050000011920928955,1171000
2,4685,250,1750.2774658203125,7.001110076904297,3.0948495864868164,0.050000011920928955,1171250
2,4686,250,1757.822265625,7.031289100646973,3.1260178089141846,0.050000011920928955,1171500
2,4687,250,1709.79443359375,6.83917760848999,3.1126437187194824,0.050000011920928955,1171750
2,4688,250,1530.274169921875,6.121096611022949,3.12349534034729,0.050000011920928955,1172000
2,4689,250,1701.344970703125,6.805379867553711,3.163295030593872,0.050000011920928955,1172250
2,4690,250,1765.2816162109375,7.061126232147217,2.9758195877075195,0.050000011920928955,1172500
2,4691,250,1739.0087890625,6.956035137176514,2.933738946914673,0.050000011920928955,1172750
2,4692,250,1691.4256591796875,6.765702724456787,3.053917169570923,0.050000011920928955,1173000
2,4693,250,1688.9205322265625,6.755681991577148,2.9908504486083984,0.050000011920928955,1173250
2,4694,250,1700.624755859375,6.802498817443848,2.7783219814300537,0.050000011920928955,1173500
2,4695,250,1712.5682373046875,6.850273132324219,2.972337245941162,0.050000011920928955,1173750
2,4696,250,1713.650146484375,6.854600429534912,2.961345911026001,0.050000011920928955,1174000
2,4697,250,1686.0302734375,6.744121074676514,2.820504665374756,0.050000011920928955,1174250
2,4698,250,1660.02197265625,6.640088081359863,3.0496439933776855,0.050000011920928955,1174500
2,4699,250,1705.42822265625,6.821712970733643,2.8445804119110107,0.050000011920928955,1174750
2,4700,250,1698.7442626953125,6.794977188110352,2.8296759128570557,0.050000011920928955,1175000
2,4701,250,1644.225341796875,6.576901435852051,2.724595308303833,0.050000011920928955,1175250
2,4702,250,1601.108154296875,6.404432773590088,2.8359506130218506,0.050000011920928955,1175500
2,4703,250,1635.5618896484375,6.542247772216797,2.543999671936035,0.050000011920928955,1175750
2,4704,250,1579.700927734375,6.318803787231445,2.6785123348236084,0.050000011920928955,1176000
2,4705,250,1775.220703125,7.1008830070495605,2.7641265392303467,0.050000011920928955,1176250
2,4706,250,1733.022216796875,6.932088851928711,2.720177412033081,0.050000011920928955,1176500
2,4707,250,1760.150390625,7.04060173034668,2.676159620285034,0.050000011920928955,1176750
2,4708,250,1683.0994873046875,6.73239803314209,2.7504384517669678,0.050000011920928955,1177000
2,4709,250,1649.621337890625,6.598485469818115,2.9347646236419678,0.050000011920928955,1177250
2,4710,250,1694.94189453125,6.7797675132751465,2.692798376083374,0.050000011920928955,1177500
2,4711,250,1541.695068359375,6.166780471801758,2.8471827507019043,0.050000011920928955,1177750
2,4712,250,1635.6346435546875,6.542538642883301,2.7935378551483154,0.050000011920928955,1178000
2,4713,250,1781.986572265625,7.127946376800537,2.8125569820404053,0.050000011920928955,1178250
2,4714,250,1628.665283203125,6.5146613121032715,2.9584498405456543,0.050000011920928955,1178500
2,4715,250,1709.503173828125,6.8380126953125,2.672412872314453,0.050000011920928955,1178750
2,4716,250,1680.483642578125,6.721934795379639,3.000133991241455,0.050000011920928955,1179000
2,4717,250,1297.6644287109375,5.190657615661621,2.875159502029419,0.050000011920928955,1179250
2,4718,250,1716.2269287109375,6.864907741546631,3.1106741428375244,0.050000011920928955,1179500
2,4719,250,1679.934326171875,6.719737529754639,3.11184024810791,0.050000011920928955,1179750
2,4720,250,1607.396240234375,6.429584980010986,3.1066722869873047,0.050000011920928955,1180000
2,4721,250,1719.7032470703125,6.878812789916992,3.391840934753418,0.050000011920928955,1180250
2,4722,250,1336.943359375,5.347773551940918,3.1203413009643555,0.050000011920928955,1180500
2,4723,250,1594.62548828125,6.378501892089844,3.1442270278930664,0.050000011920928955,1180750
2,4724,250,1775.63525390625,7.102540969848633,3.0208804607391357,0.050000011920928955,1181000
2,4725,250,1666.5823974609375,6.666329383850098,3.1922614574432373,0.050000011920928955,1181250
2,4726,250,1589.2021484375,6.356808662414551,3.3493082523345947,0.050000011920928955,1181500
2,4727,250,1648.669189453125,6.594676971435547,3.24391770362854,0.050000011920928955,1181750
2,4728,250,1711.4111328125,6.845644474029541,3.1629021167755127,0.050000011920928955,1182000
2,4729,250,39.983604431152344,0.1599344164133072,3.2821786403656006,0.050000011920928955,1182250
2,4730,250,1765.0577392578125,7.060230731964111,3.481210470199585,0.050000011920928955,1182500
2,4731,250,67.16960906982422,0.2686784267425537,3.6983354091644287,0.050000011920928955,1182750
2,4732,250,1761.7198486328125,7.046879291534424,3.641061305999756,0.050000011920928955,1183000
2,4733,250,1692.3343505859375,6.769337177276611,4.205745220184326,0.050000011920928955,1183250
2,4734,250,1590.556396484375,6.362225532531738,4.094564914703369,0.050000011920928955,1183500
2,4735,250,1620.6768798828125,6.482707500457764,3.702815294265747,0.050000011920928955,1183750
2,4736,250,1747.1285400390625,6.988513946533203,3.6945295333862305,0.050000011920928955,1184000
2,4737,250,1718.5333251953125,6.874133110046387,4.006896018981934,0.050000011920928955,1184250
2,4738,250,1016.8887939453125,4.067554950714111,4.117330074310303,0.050000011920928955,1184500
2,4739,250,1789.2861328125,7.157144546508789,4.17357063293457,0.050000011920928955,1184750
2,4740,250,-22.517629623413086,-0.09007051587104797,4.493200302124023,0.050000011920928955,1185000
2,4741,250,331.04852294921875,1.324194073677063,4.786392688751221,0.050000011920928955,1185250
2,4742,250,1745.79541015625,6.983181476593018,4.6197028160095215,0.050000011920928955,1185500
2,4743,250,1740.6396484375,6.962558746337891,4.698175430297852,0.050000011920928955,1185750
2,4744,250,1770.4818115234375,7.081927299499512,4.498549461364746,0.050000011920928955,1186000
2,4745,250,1722.150634765625,6.8886027336120605,4.427556991577148,0.050000011920928955,1186250
2,4746,250,1330.6634521484375,5.322653770446777,4.953927516937256,0.050000011920928955,1186500
2,4747,250,1904.69287109375,7.618771553039551,4.672788143157959,0.050000011920928955,1186750
2,4748,250,1728.9307861328125,6.9157233238220215,4.315258502960205,0.050000011920928955,1187000
2,4749,250,33.68053436279297,0.13472214341163635,4.766107082366943,0.050000011920928955,1187250
2,4750,250,1659.4193115234375,6.637677192687988,5.525146961212158,0.050000011920928955,1187500
2,4751,250,-42.73075866699219,-0.17092303931713104,4.997254848480225,0.050000011920928955,1187750
2,4752,250,-22.61684226989746,-0.09046737104654312,5.802370548248291,0.050000011920928955,1188000
2,4753,250,-29.45633888244629,-0.11782535910606384,6.674771785736084,0.050000011920928955,1188250
2,4754,250,-11.716597557067871,-0.046866390854120255,6.786690711975098,0.050000011920928955,1188500
2,4755,250,-33.40241622924805,-0.13360966742038727,7.67609977722168,0.050000011920928955,1188750
2,4756,250,1508.4913330078125,6.033965110778809,7.1983184814453125,0.050000011920928955,1189000
2,4757,250,17.040599822998047,0.06816239655017853,7.812316417694092,0.050000011920928955,1189250
2,4758,250,1562.5797119140625,6.250319004058838,7.848726272583008,0.050000011920928955,1189500
2,4759,250,13.9999361038208,0.055999744683504105,7.612080097198486,0.050000011920928955,1189750
2,4760,250,1444.247802734375,5.776991367340088,7.122282981872559,0.050000011920928955,1190000
2,4761,250,-25.2296085357666,-0.10091843456029892,7.964964389801025,0.050000011920928955,1190250
2,4762,250,1457.40625,5.829625129699707,7.61937141418457,0.050000011920928955,1190500
2,4763,250,1458.08056640625,5.832322120666504,7.472704887390137,0.050000011920928955,1190750
2,4764,250,33.734127044677734,0.13493651151657104,6.7796101570129395,0.050000011920928955,1191000
2,4765,250,1460.51416015625,5.842056751251221,7.803739547729492,0.050000011920928955,1191250
2,4766,250,836.8416748046875,3.3473668098449707,7.750983238220215,0.050000011920928955,1191500
2,4767,250,369.4466552734375,1.477786660194397,7.29502534866333,0.050000011920928955,1191750
2,4768,250,364.4559631347656,1.4578238725662231,7.379493236541748,0.050000011920928955,1192000
2,4769,250,1126.473388671875,4.505893707275391,8.192313194274902,0.050000011920928955,1192250
2,4770,250,1512.4232177734375,6.0496931076049805,7.072778701782227,0.050000011920928955,1192500
2,4771,250,-10.736969947814941,-0.042947880923748016,6.177486419677734,0.050000011920928955,1192750
2,4772,250,1448.3924560546875,5.793570041656494,6.763430118560791,0.050000011920928955,1193000
2,4773,250,-59.46455383300781,-0.23785822093486786,7.289143085479736,0.050000011920928955,1193250
2,4774,250,1404.07470703125,5.616298675537109,6.840475082397461,0.050000011920928955,1193500
2,4775,250,291.833740234375,1.1673349142074585,6.946802139282227,0.050000011920928955,1193750
2,4776,250,1456.5538330078125,5.8262152671813965,6.591848850250244,0.050000011920928955,1194000
2,4777,250,1322.3173828125,5.28926944732666,7.425882816314697,0.050000011920928955,1194250
2,4778,250,1790.35302734375,7.161412239074707,7.1574625968933105,0.050000011920928955,1194500
2,4779,250,1509.006103515625,6.036024570465088,6.685770034790039,0.050000011920928955,1194750
2,4780,250,1391.106689453125,5.564426898956299,6.797910690307617,0.050000011920928955,1195000
2,4781,250,1757.12451171875,7.02849817276001,7.664638042449951,0.050000011920928955,1195250
2,4782,250,1419.972900390625,5.679891586303711,6.91868257522583,0.050000011920928955,1195500
2,4783,250,1395.804443359375,5.583217620849609,6.756957530975342,0.050000011920928955,1195750
2,4784,250,1416.4293212890625,5.665717124938965,6.366236209869385,0.050000011920928955,1196000
2,4785,250,1531.144287109375,6.124577045440674,7.2757463455200195,0.050000011920928955,1196250
2,4786,250,1290.10986328125,5.160439491271973,7.247072696685791,0.050000011920928955,1196500
2,4787,250,1421.54931640625,5.686197280883789,6.969287872314453,0.050000011920928955,1196750
2,4788,250,1499.386962890625,5.997547626495361,6.576414585113525,0.050000011920928955,1197000
2,4789,250,1518.146484375,6.0725860595703125,7.255120754241943,0.050000011920928955,1197250
2,4790,250,1738.270751953125,6.953083038330078,6.795709609985352,0.050000011920928955,1197500
2,4791,250,1541.319580078125,6.165278434753418,6.41837215423584,0.050000011920928955,1197750
2,4792,250,1538.875244140625,6.155500888824463,6.231602668762207,0.050000011920928955,1198000
2,4793,250,1559.80908203125,6.239236354827881,6.320798397064209,0.050000011920928955,1198250
2,4794,250,1480.227294921875,5.920909404754639,5.631585121154785,0.050000011920928955,1198500
2,4795,250,1550.59130859375,6.202365398406982,5.606710433959961,0.050000011920928955,1198750
2,4796,250,1451.9091796875,5.807636737823486,5.147317886352539,0.050000011920928955,1199000
2,4797,250,1324.3902587890625,5.297561168670654,5.380672931671143,0.050000011920928955,1199250
2,4798,250,1741.623779296875,6.966495037078857,4.8714518547058105,0.050000011920928955,1199500
2,4799,250,1538.0003662109375,6.15200138092041,4.828812122344971,0.050000011920928955,1199750
2,4800,250,652.8804931640625,2.6115219593048096,4.815371990203857,0.050000011920928955,1200000
2,4801,250,1755.42431640625,7.021697044372559,5.13773775100708,0.050000011920928955,1200250
2,4802,250,37.335853576660156,0.14934341609477997,4.842859268188477,0.050000011920928955,1200500
2,4803,250,1553.55322265625,6.214212894439697,5.016660213470459,0.050000011920928955,1200750
2,4804,250,1710.6123046875,6.842449188232422,4.822478294372559,0.050000011920928955,1201000
2,4805,250,454.4156188964844,1.8176624774932861,5.062697410583496,0.050000011920928955,1201250
2,4806,250,1015.165771484375,4.060663223266602,5.058669090270996,0.050000011920928955,1201500
2,4807,250,1339.759521484375,5.35903787612915,5.237146377563477,0.050000011920928955,1201750
2,4808,250,1865.27783203125,7.461111545562744,4.698853015899658,0.050000011920928955,1202000
2,4809,250,1757.873779296875,7.031495094299316,4.939206123352051,0.050000011920928955,1202250
2,4810,250,1731.62060546875,6.926482200622559,4.921590328216553,0.050000011920928955,1202500
2,4811,250,1396.152587890625,5.584610462188721,4.654659748077393,0.050000011920928955,1202750
2,4812,250,1283.384765625,5.133539199829102,4.737444877624512,0.050000011920928955,1203000
2,4813,250,1539.9544677734375,6.159817695617676,4.755419731140137,0.050000011920928955,1203250
2,4814,250,15.524280548095703,0.06209712103009224,4.396332263946533,0.050000011920928955,1203500
2,4815,250,21.74199867248535,0.08696799725294113,4.611461639404297,0.050000011920928955,1203750
2,4816,250,1535.969970703125,6.1438798904418945,4.464710712432861,0.050000011920928955,1204000
2,4817,250,-29.285818099975586,-0.11714327335357666,5.056898593902588,0.050000011920928955,1204250
2,4818,250,-17.443666458129883,-0.06977466493844986,4.537937164306641,0.050000011920928955,1204500
2,4819,250,1578.0723876953125,6.312289714813232,4.838927268981934,0.050000011920928955,1204750
2,4820,250,1480.613037109375,5.922451972961426,4.776271343231201,0.050000011920928955,1205000
2,4821,250,1747.60888671875,6.990435600280762,5.446788787841797,0.050000011920928955,1205250
2,4822,250,1537.77587890625,6.151103496551514,4.722751140594482,0.050000011920928955,1205500
2,4823,250,1682.9755859375,6.731902122497559,4.876031398773193,0.050000011920928955,1205750
2,4824,250,1561.9931640625,6.24797248840332,4.648052215576172,0.050000011920928955,1206000
2,4825,250,1470.408935546875,5.881635665893555,4.781597137451172,0.050000011920928955,1206250
2,4826,250,29.730146408081055,0.11892058700323105,4.678773880004883,0.050000011920928955,1206500
2,4827,250,-53.76810073852539,-0.2150724083185196,4.918449878692627,0.050000011920928955,1206750
2,4828,250,1712.6552734375,6.850621223449707,4.867382049560547,0.050000011920928955,1207000
2,4829,250,1692.698486328125,6.770793914794922,5.056791305541992,0.050000011920928955,1207250
2,4830,250,1487.9608154296875,5.95184326171875,4.929407596588135,0.050000011920928955,1207500
2,4831,250,1524.178955078125,6.096715927124023,4.974936485290527,0.050000011920928955,1207750
2,4832,250,1670.95458984375,6.683818340301514,5.12006950378418,0.050000011920928955,1208000
2,4833,250,1695.8955078125,6.7835822105407715,5.243013381958008,0.050000011920928955,1208250
2,4834,250,1681.57958984375,6.726318359375,4.9829630851745605,0.050000011920928955,1208500
2,4835,250,748.9048461914062,2.995619297027588,4.617581844329834,0.050000011920928955,1208750
2,4836,250,1612.201171875,6.44880485534668,4.380252838134766,0.050000011920928955,1209000
2,4837,250,1691.1798095703125,6.764719009399414,4.725959300994873,0.050000011920928955,1209250
2,4838,250,-5.319685935974121,-0.02127874456346035,4.8099470138549805,0.050000011920928955,1209500
2,4839,250,1714.669189453125,6.858676910400391,4.8702392578125,0.050000011920928955,1209750
2,4840,250,1693.4486083984375,6.773794651031494,4.683295726776123,0.050000011920928955,1210000
2,4841,250,1716.707763671875,6.866830825805664,4.6825456619262695,0.050000011920928955,1210250
2,4842,250,1616.448974609375,6.465795993804932,4.576186180114746,0.050000011920928955,1210500
2,4843,250,1700.6500244140625,6.802599906921387,4.256462097167969,0.050000011920928955,1210750
2,4844,250,1707.75634765625,6.83102560043335,4.508665084838867,0.050000011920928955,1211000
2,4845,250,1670.4122314453125,6.6816487312316895,4.837519645690918,0.050000011920928955,1211250
2,4846,250,1747.653076171875,6.990612506866455,4.383584022521973,0.050000011920928955,1211500
2,4847,250,1073.3692626953125,4.2934770584106445,4.332612037658691,0.050000011920928955,1211750
2,4848,250,1723.9932861328125,6.895973205566406,4.451308250427246,0.050000011920928955,1212000
2,4849,250,1637.48876953125,6.549954891204834,4.719923973083496,0.050000011920928955,1212250
2,4850,250,1385.924560546875,5.543698310852051,4.741276264190674,0.050000011920928955,1212500
2,4851,250,1625.50439453125,6.502017498016357,4.500909328460693,0.050000011920928955,1212750
2,4852,250,1579.52490234375,6.318099498748779,4.3252854347229,0.050000011920928955,1213000
2,4853,250,1386.3385009765625,5.545353889465332,4.708782196044922,0.050000011920928955,1213250
2,4854,250,1406.19775390625,5.624791145324707,4.44097375869751,0.050000011920928955,1213500
2,4855,250,1404.5592041015625,5.618237018585205,4.2120537757873535,0.050000011920928955,1213750
2,4856,250,1088.04248046875,4.352169990539551,4.091582775115967,0.050000011920928955,1214000
2,4857,250,1387.044921875,5.548179626464844,4.355501651763916,0.050000011920928955,1214250
2,4858,250,1430.0296630859375,5.720118522644043,3.9015462398529053,0.050000011920928955,1214500
2,4859,250,1381.9407958984375,5.527763366699219,3.914713144302368,0.050000011920928955,1214750
2,4860,250,1414.049072265625,5.656196117401123,4.039987564086914,0.050000011920928955,1215000
2,4861,250,1676.9403076171875,6.707761287689209,4.076071262359619,0.050000011920928955,1215250
2,4862,250,1414.4830322265625,5.657932281494141,4.049595832824707,0.050000011920928955,1215500
2,4863,250,1618.305419921875,6.473221778869629,3.9635868072509766,0.050000011920928955,1215750
2,4864,250,1585.35107421875,6.341404438018799,4.0361762046813965,0.050000011920928955,1216000
2,4865,250,1484.9637451171875,5.939855098724365,4.177657604217529,0.050000011920928955,1216250
2,4866,250,1329.179931640625,5.3167195320129395,4.294674873352051,0.050000011920928955,1216500
2,4867,250,1661.2064208984375,6.644825458526611,4.03581428527832,0.050000011920928955,1216750
2,4868,250,1490.241943359375,5.960967540740967,3.6200850009918213,0.050000011920928955,1217000
2,4869,250,1683.6881103515625,6.734752655029297,3.6169700622558594,0.050000011920928955,1217250
2,4870,250,1503.1279296875,6.012511730194092,3.6361260414123535,0.050000011920928955,1217500
2,4871,250,1545.60791015625,6.182431697845459,3.659546375274658,0.050000011920928955,1217750
2,4872,250,1722.519775390625,6.890079021453857,3.411583662033081,0.050000011920928955,1218000
2,4873,250,1498.1942138671875,5.992776870727539,3.87237548828125,0.050000011920928955,1218250
2,4874,250,1579.9736328125,6.319894313812256,3.342088460922241,0.050000011920928955,1218500
2,4875,250,1541.96484375,6.1678595542907715,3.436135768890381,0.050000011920928955,1218750
2,4876,250,1796.308837890625,7.185235500335693,3.495198965072632,0.050000011920928955,1219000
2,4877,250,1550.082763671875,6.200331211090088,3.786754608154297,0.050000011920928955,1219250
2,4878,250,1446.21240234375,5.784849643707275,3.731142044067383,0.050000011920928955,1219500
2,4879,250,1533.9720458984375,6.13588809967041,3.2632434368133545,0.050000011920928955,1219750
2,4880,250,1699.4052734375,6.797621250152588,3.4428224563598633,0.050000011920928955,1220000
2,4881,250,1346.637939453125,5.386551856994629,3.5996336936950684,0.050000011920928955,1220250
2,4882,250,1436.0350341796875,5.744140148162842,3.3452951908111572,0.050000011920928955,1220500
2,4883,250,1522.126708984375,6.088506698608398,3.2264933586120605,0.050000011920928955,1220750
2,4884,250,1681.82470703125,6.727298736572266,3.2778303623199463,0.050000011920928955,1221000
2,4885,250,1491.5185546875,5.966073989868164,3.7777254581451416,0.050000011920928955,1221250
2,4886,250,1698.5068359375,6.794027328491211,3.562964916229248,0.050000011920928955,1221500
2,4887,250,1596.7498779296875,6.386999607086182,3.4282727241516113,0.050000011920928955,1221750
2,4888,250,1477.3492431640625,5.909397125244141,3.3281266689300537,0.050000011920928955,1222000
2,4889,250,1474.0609130859375,5.896243572235107,3.9485878944396973,0.050000011920928955,1222250
2,4890,250,1314.827392578125,5.259309768676758,3.532956600189209,0.050000011920928955,1222500
2,4891,250,1327.65478515625,5.310619354248047,3.4167041778564453,0.050000011920928955,1222750
2,4892,250,1577.0638427734375,6.308255195617676,3.77538800239563,0.050000011920928955,1223000
2,4893,250,1732.75927734375,6.931036949157715,3.7796223163604736,0.050000011920928955,1223250
2,4894,250,1339.11767578125,5.356470584869385,3.4716711044311523,0.050000011920928955,1223500
2,4895,250,1550.802734375,6.203210830688477,3.449415922164917,0.050000011920928955,1223750
2,4896,250,1337.6690673828125,5.3506760597229,3.370328187942505,0.050000011920928955,1224000
2,4897,250,1386.0701904296875,5.544280529022217,3.2523446083068848,0.050000011920928955,1224250
2,4898,250,1376.9940185546875,5.507976055145264,3.2302167415618896,0.050000011920928955,1224500
2,4899,250,1400.361083984375,5.601444244384766,3.438516855239868,0.050000011920928955,1224750
2,4900,250,1553.8433837890625,6.215373516082764,3.229550838470459,0.050000011920928955,1225000
2,4901,250,1585.1654052734375,6.340661525726318,3.3346540927886963,0.050000011920928955,1225250
2,4902,250,1549.9822998046875,6.199929237365723,3.3301713466644287,0.050000011920928955,1225500
2,4903,250,1549.4521484375,6.197808742523193,3.055309772491455,0.050000011920928955,1225750
2,4904,250,1422.5296630859375,5.690118789672852,3.332033634185791,0.050000011920928955,1226000
2,4905,250,14.315359115600586,0.05726143717765808,3.2785470485687256,0.050000011920928955,1226250
2,4906,250,-58.419586181640625,-0.23367834091186523,3.5035455226898193,0.050000011920928955,1226500
2,4907,250,1426.7581787109375,5.707032680511475,3.4808030128479004,0.050000011920928955,1226750
2,4908,250,1451.118408203125,5.804473400115967,3.5615553855895996,0.050000011920928955,1227000
2,4909,250,1437.381103515625,5.7495245933532715,3.778778314590454,0.050000011920928955,1227250
2,4910,250,1401.3306884765625,5.60532283782959,3.6455681324005127,0.050000011920928955,1227500
2,4911,250,1389.16455078125,5.5566582679748535,3.7038450241088867,0.050000011920928955,1227750
2,4912,250,1523.41259765625,6.0936503410339355,3.431260108947754,0.050000011920928955,1228000
2,4913,250,1754.35302734375,7.017412185668945,3.754526376724243,0.050000011920928955,1228250
2,4914,250,-18.70336151123047,-0.07481344789266586,3.7357218265533447,0.050000011920928955,1228500
2,4915,250,1569.3604736328125,6.27744197845459,3.7070207595825195,0.050000011920928955,1228750
2,4916,250,-19.619091033935547,-0.07847636193037033,3.7838451862335205,0.050000011920928955,1229000
2,4917,250,1714.455810546875,6.857823371887207,4.316653728485107,0.050000011920928955,1229250
2,4918,250,935.0841064453125,3.7403364181518555,3.8296916484832764,0.050000011920928955,1229500
2,4919,250,1945.05126953125,7.780205249786377,3.6924924850463867,0.050000011920928955,1229750
2,4920,250,1492.693115234375,5.9707722663879395,3.880953073501587,0.050000011920928955,1230000
2,4921,250,1519.96044921875,6.079841613769531,4.311710357666016,0.050000011920928955,1230250
2,4922,250,1395.9765625,5.583906173706055,4.145760536193848,0.050000011920928955,1230500
2,4923,250,1564.2958984375,6.25718355178833,4.136651039123535,0.050000011920928955,1230750
2,4924,250,1742.47607421875,6.96990442276001,3.8758997917175293,0.050000011920928955,1231000
2,4925,250,1622.4112548828125,6.489645004272461,4.022037029266357,0.050000011920928955,1231250
2,4926,250,1740.225341796875,6.960901260375977,3.977318525314331,0.050000011920928955,1231500
2,4927,250,1456.2353515625,5.824941635131836,3.9024393558502197,0.050000011920928955,1231750
2,4928,250,1722.2158203125,6.8888630867004395,3.995011806488037,0.050000011920928955,1232000
2,4929,250,1628.6357421875,6.514543056488037,4.090888977050781,0.050000011920928955,1232250
2,4930,250,1446.741455078125,5.786965847015381,3.9337527751922607,0.050000011920928955,1232500
2,4931,250,1904.83447265625,7.619338035583496,3.7270255088806152,0.050000011920928955,1232750
2,4932,250,1516.9285888671875,6.067714214324951,3.7866415977478027,0.050000011920928955,1233000
2,4933,250,1731.3316650390625,6.925326824188232,4.329535007476807,0.050000011920928955,1233250
2,4934,250,1730.0738525390625,6.920295238494873,3.9496848583221436,0.050000011920928955,1233500
2,4935,250,1468.96826171875,5.87587308883667,3.847466230392456,0.050000011920928955,1233750
2,4936,250,1722.4195556640625,6.889678001403809,4.023071765899658,0.050000011920928955,1234000
2,4937,250,1499.205322265625,5.996821403503418,3.7706432342529297,0.050000011920928955,1234250
2,4938,250,1521.12353515625,6.084494113922119,3.651782274246216,0.050000011920928955,1234500
2,4939,250,1467.3377685546875,5.869350910186768,3.8128719329833984,0.050000011920928955,1234750
2,4940,250,1882.70654296875,7.530826091766357,3.7199623584747314,0.050000011920928955,1235000
2,4941,250,1548.04345703125,6.192173957824707,4.113215923309326,0.050000011920928955,1235250
2,4942,250,1482.1378173828125,5.928551197052002,3.93926739692688,0.050000011920928955,1235500
2,4943,250,1563.6683349609375,6.254673480987549,4.007351875305176,0.050000011920928955,1235750
2,4944,250,1740.37158203125,6.961486339569092,3.7870802879333496,0.050000011920928955,1236000
2,4945,250,1551.233642578125,6.204934597015381,3.93324613571167,0.050000011920928955,1236250
2,4946,250,1612.4736328125,6.449894428253174,3.597195863723755,0.050000011920928955,1236500
2,4947,250,1836.27685546875,7.345107555389404,3.529984712600708,0.050000011920928955,1236750
2,4948,250,1566.2906494140625,6.265162467956543,3.521907091140747,0.050000011920928955,1237000
2,4949,250,1395.197998046875,5.58079195022583,3.468853235244751,0.050000011920928955,1237250
2,4950,250,1651.1650390625,6.6046600341796875,3.597125291824341,0.050000011920928955,1237500
2,4951,250,1459.3551025390625,5.837420463562012,3.385741710662842,0.050000011920928955,1237750
2,4952,250,1454.04150390625,5.816165924072266,3.2684438228607178,0.050000011920928955,1238000
2,4953,250,1556.779541015625,6.227118015289307,3.574099540710449,0.050000011920928955,1238250
2,4954,250,1589.5501708984375,6.358200550079346,3.4519107341766357,0.050000011920928955,1238500
2,4955,250,1889.450927734375,7.557803630828857,3.446409225463867,0.050000011920928955,1238750
2,4956,250,1617.684326171875,6.470737457275391,3.360598087310791,0.050000011920928955,1239000
2,4957,250,1702.784423828125,6.811137676239014,3.457704544067383,0.050000011920928955,1239250
2,4958,250,1536.6568603515625,6.146627426147461,3.360304594039917,0.050000011920928955,1239500
2,4959,250,1617.330810546875,6.46932315826416,3.391902446746826,0.050000011920928955,1239750
2,4960,250,1769.7767333984375,7.07910680770874,3.11603045463562,0.050000011920928955,1240000
2,4961,250,1535.623046875,6.142492294311523,3.492783308029175,0.050000011920928955,1240250
2,4962,250,1660.968994140625,6.643876075744629,3.2803714275360107,0.050000011920928955,1240500
2,4963,250,1687.335205078125,6.749341011047363,3.089218854904175,0.050000011920928955,1240750
2,4964,250,1490.87353515625,5.963494300842285,3.357882261276245,0.050000011920928955,1241000
2,4965,250,1884.173583984375,7.536694526672363,3.3886914253234863,0.050000011920928955,1241250
2,4966,250,1226.2679443359375,4.90507173538208,3.580137252807617,0.050000011920928955,1241500
2,4967,250,225.7182159423828,0.9028728604316711,3.675611972808838,0.050000011920928955,1241750
2,4968,250,1743.864013671875,6.975456237792969,3.671495199203491,0.050000011920928955,1242000
2,4969,250,1886.885009765625,7.547540187835693,3.894230365753174,0.050000011920928955,1242250
2,4970,250,722.5123291015625,2.8900492191314697,3.8464982509613037,0.050000011920928955,1242500
2,4971,250,1449.7098388671875,5.798839569091797,3.8186981678009033,0.050000011920928955,1242750
2,4972,250,1749.5626220703125,6.998250484466553,3.8334507942199707,0.050000011920928955,1243000
2,4973,250,1371.5911865234375,5.486364841461182,3.8317971229553223,0.050000011920928955,1243250
2,4974,250,1448.662353515625,5.794649600982666,3.877690315246582,0.050000011920928955,1243500
2,4975,250,1524.753173828125,6.099012851715088,3.9496865272521973,0.050000011920928955,1243750
2,4976,250,1757.58447265625,7.030337810516357,3.9420082569122314,0.050000011920928955,1244000
2,4977,250,914.3898315429688,3.657559394836426,4.190497398376465,0.050000011920928955,1244250
2,4978,250,1358.0465087890625,5.432186126708984,4.00971794128418,0.050000011920928955,1244500
2,4979,250,1666.9766845703125,6.667906761169434,3.961087226867676,0.050000011920928955,1244750
2,4980,250,1912.6610107421875,7.650643825531006,3.8361117839813232,0.050000011920928955,1245000
2,4981,250,1792.2305908203125,7.168922424316406,4.048770904541016,0.050000011920928955,1245250
2,4982,250,1676.2421875,6.7049689292907715,4.0008063316345215,0.050000011920928955,1245500
2,4983,250,1800.63671875,7.202547073364258,3.7954564094543457,0.050000011920928955,1245750
2,4984,250,1837.110595703125,7.348442554473877,3.862412452697754,0.050000011920928955,1246000
2,4985,250,1695.39501953125,6.781579971313477,3.9789819717407227,0.050000011920928955,1246250
2,4986,250,1805.356689453125,7.221426963806152,3.9277985095977783,0.050000011920928955,1246500
2,4987,250,1725.66748046875,6.902669906616211,3.5969724655151367,0.050000011920928955,1246750
2,4988,250,1684.781494140625,6.739126205444336,3.786064624786377,0.050000011920928955,1247000
2,4989,250,1725.5380859375,6.9021525382995605,4.413743019104004,0.050000011920928955,1247250
2,4990,250,1687.6201171875,6.750480651855469,3.7918906211853027,0.050000011920928955,1247500
2,4991,250,1660.1021728515625,6.640408515930176,3.480106830596924,0.050000011920928955,1247750
2,4992,250,1684.702392578125,6.738809585571289,3.6533713340759277,0.050000011920928955,1248000
2,4993,250,1798.0179443359375,7.192071914672852,4.041889190673828,0.050000011920928955,1248250
2,4994,250,1658.110107421875,6.632440567016602,3.770132303237915,0.050000011920928955,1248500
2,4995,250,1729.23193359375,6.916927814483643,3.809055805206299,0.050000011920928955,1248750
2,4996,250,1659.39453125,6.637578010559082,3.766414165496826,0.050000011920928955,1249000
2,4997,250,1650.423583984375,6.601694107055664,3.929966449737549,0.050000011920928955,1249250
2,4998,250,1718.165771484375,6.8726630210876465,3.701599597930908,0.050000011920928955,1249500
2,4999,250,1649.4686279296875,6.597874641418457,3.689785957336426,0.050000011920928955,1249750
2,5000,250,1662.9970703125,6.651988506317139,3.7664079666137695,0.050000011920928955,1250000
2,5001,250,1713.5374755859375,6.85414981842041,3.6084749698638916,0.050000011920928955,1250250
2,5002,250,1668.283935546875,6.673135757446289,3.8659169673919678,0.050000011920928955,1250500
2,5003,250,1685.904052734375,6.743616104125977,3.4480597972869873,0.050000011920928955,1250750
2,5004,250,1261.989501953125,5.047957897186279,3.677584171295166,0.050000011920928955,1251000
2,5005,250,1723.1163330078125,6.892465114593506,3.6720263957977295,0.050000011920928955,1251250
2,5006,250,1711.8162841796875,6.847265243530273,3.437169313430786,0.050000011920928955,1251500
2,5007,250,1917.9417724609375,7.671767234802246,3.3791167736053467,0.050000011920928955,1251750
2,5008,250,1647.174072265625,6.588696479797363,3.3212883472442627,0.050000011920928955,1252000
2,5009,250,1733.680908203125,6.934723854064941,3.4667575359344482,0.050000011920928955,1252250
2,5010,250,1785.6387939453125,7.142555236816406,3.505737543106079,0.050000011920928955,1252500
2,5011,250,1773.492431640625,7.093969821929932,3.063800096511841,0.050000011920928955,1252750
2,5012,250,1786.85302734375,7.147412300109863,3.1537880897521973,0.050000011920928955,1253000
2,5013,250,1702.587890625,6.810351371765137,3.349825859069824,0.050000011920928955,1253250
2,5014,250,1703.2392578125,6.812956809997559,3.136641025543213,0.050000011920928955,1253500
2,5015,250,1697.315673828125,6.789262771606445,2.9946084022521973,0.050000011920928955,1253750
2,5016,250,1691.2322998046875,6.764929294586182,3.1524600982666016,0.050000011920928955,1254000
2,5017,250,1817.7557373046875,7.271022796630859,3.1538054943084717,0.050000011920928955,1254250
2,5018,250,1755.772216796875,7.0230889320373535,2.7803311347961426,0.050000011920928955,1254500
2,5019,250,1753.057861328125,7.012231349945068,2.6823742389678955,0.050000011920928955,1254750
2,5020,250,1640.0712890625,6.5602850914001465,2.7852158546447754,0.050000011920928955,1255000
2,5021,250,1710.900146484375,6.843600749969482,2.9203104972839355,0.050000011920928955,1255250
2,5022,250,1670.16259765625,6.680650234222412,2.699971914291382,0.050000011920928955,1255500
2,5023,250,1771.1343994140625,7.084537506103516,2.7834837436676025,0.050000011920928955,1255750
2,5024,250,1714.606689453125,6.858426570892334,2.7939743995666504,0.050000011920928955,1256000
2,5025,250,1872.3048095703125,7.4892191886901855,2.903599262237549,0.050000011920928955,1256250
2,5026,250,1772.47314453125,7.089892387390137,2.58147931098938,0.050000011920928955,1256500
2,5027,250,1762.774658203125,7.051098823547363,2.8551859855651855,0.050000011920928955,1256750
2,5028,250,1505.21240234375,6.020849704742432,2.8273026943206787,0.050000011920928955,1257000
2,5029,250,1655.0501708984375,6.6202006340026855,2.9718804359436035,0.050000011920928955,1257250
2,5030,250,1572.89501953125,6.2915802001953125,2.9031214714050293,0.050000011920928955,1257500
2,5031,250,1615.6884765625,6.462753772735596,2.712271213531494,0.050000011920928955,1257750
2,5032,250,1503.6922607421875,6.014769077301025,2.8979673385620117,0.050000011920928955,1258000
2,5033,250,1893.208740234375,7.5728349685668945,3.045884132385254,0.050000011920928955,1258250
2,5034,250,1712.0491943359375,6.848196983337402,2.86144757270813,0.050000011920928955,1258500
2,5035,250,1741.16943359375,6.964677810668945,2.8499276638031006,0.050000011920928955,1258750
2,5036,250,1619.669189453125,6.478676795959473,2.812333345413208,0.050000011920928955,1259000
2,5037,250,1726.797607421875,6.907190322875977,3.086845874786377,0.050000011920928955,1259250
2,5038,250,1718.77197265625,6.875087738037109,3.021538734436035,0.050000011920928955,1259500
2,5039,250,1774.823486328125,7.0992937088012695,3.0693647861480713,0.050000011920928955,1259750
2,5040,250,1697.7266845703125,6.79090690612793,3.0084316730499268,0.050000011920928955,1260000
2,5041,250,1573.2115478515625,6.292846202850342,3.1191210746765137,0.050000011920928955,1260250
2,5042,250,1730.3848876953125,6.921539783477783,2.9878809452056885,0.050000011920928955,1260500
2,5043,250,1783.276611328125,7.133106231689453,2.843512535095215,0.050000011920928955,1260750
2,5044,250,1842.758544921875,7.371034145355225,2.784864664077759,0.050000011920928955,1261000
2,5045,250,1817.30810546875,7.269232273101807,2.799743890762329,0.050000011920928955,1261250
2,5046,250,1813.345703125,7.253382682800293,2.715488910675049,0.050000011920928955,1261500
2,5047,250,1928.03955078125,7.712158203125,2.8197169303894043,0.050000011920928955,1261750
2,5048,250,1900.2943115234375,7.601177215576172,2.650141477584839,0.050000011920928955,1262000
2,5049,250,1713.86474609375,6.855459213256836,2.909371852874756,0.050000011920928955,1262250
2,5050,250,1917.9951171875,7.671980381011963,2.6912591457366943,0.050000011920928955,1262500
2,5051,250,1672.1209716796875,6.688483715057373,2.6150474548339844,0.050000011920928955,1262750
2,5052,250,1345.0185546875,5.3800740242004395,2.633206367492676,0.050000011920928955,1263000
2,5053,250,1796.5128173828125,7.186051368713379,2.7882251739501953,0.050000011920928955,1263250
2,5054,250,1824.0982666015625,7.296392917633057,2.507758617401123,0.050000011920928955,1263500
2,5055,250,1692.562744140625,6.7702507972717285,2.817366361618042,0.050000011920928955,1263750
2,5056,250,1692.3092041015625,6.769237041473389,2.7859914302825928,0.050000011920928955,1264000
2,5057,250,1659.369384765625,6.637477397918701,2.9188222885131836,0.050000011920928955,1264250
2,5058,250,1917.284912109375,7.669139862060547,2.6708261966705322,0.050000011920928955,1264500
2,5059,250,1911.306884765625,7.645227432250977,2.6913278102874756,0.050000011920928955,1264750
2,5060,250,1928.6142578125,7.714457035064697,2.662283420562744,0.050000011920928955,1265000
2,5061,250,1900.86328125,7.603453159332275,2.9123950004577637,0.050000011920928955,1265250
2,5062,250,1962.81640625,7.8512654304504395,2.820016860961914,0.050000011920928955,1265500
2,5063,250,1916.4974365234375,7.665989875793457,2.6028003692626953,0.050000011920928955,1265750
2,5064,250,1931.02880859375,7.724115371704102,2.5824050903320312,0.050000011920928955,1266000
2,5065,250,1852.3399658203125,7.409359931945801,2.788942813873291,0.050000011920928955,1266250
2,5066,250,1711.512451171875,6.846049785614014,2.8623604774475098,0.050000011920928955,1266500
2,5067,250,1583.998779296875,6.335995197296143,2.84535813331604,0.050000011920928955,1266750
2,5068,250,1932.4525146484375,7.7298102378845215,2.7318060398101807,0.050000011920928955,1267000
2,5069,250,1916.346923828125,7.6653876304626465,2.740232229232788,0.050000011920928955,1267250
2,5070,250,1661.85791015625,6.64743185043335,2.627937078475952,0.050000011920928955,1267500
2,5071,250,1948.5084228515625,7.794033527374268,2.544508457183838,0.050000011920928955,1267750
2,5072,250,1937.910888671875,7.751643657684326,2.479801893234253,0.050000011920928955,1268000
2,5073,250,1711.40234375,6.845609188079834,2.802591562271118,0.050000011920928955,1268250
2,5074,250,1906.97412109375,7.627896308898926,2.697883129119873,0.050000011920928955,1268500
2,5075,250,1927.7269287109375,7.710907936096191,2.3989202976226807,0.050000011920928955,1268750
2,5076,250,1885.10107421875,7.540404319763184,2.4902560710906982,0.050000011920928955,1269000
2,5077,250,1906.305908203125,7.625223636627197,2.560920238494873,0.050000011920928955,1269250
2,5078,250,1915.6954345703125,7.662781715393066,2.324289083480835,0.050000011920928955,1269500
2,5079,250,1850.6162109375,7.402464866638184,2.3983776569366455,0.050000011920928955,1269750
2,5080,250,1911.080810546875,7.644323348999023,2.308145046234131,0.050000011920928955,1270000
2,5081,250,1729.4423828125,6.917769432067871,2.488809823989868,0.050000011920928955,1270250
2,5082,250,1918.500732421875,7.6740031242370605,2.487133502960205,0.050000011920928955,1270500
2,5083,250,1736.5576171875,6.946230411529541,2.3658337593078613,0.050000011920928955,1270750
2,5084,250,1747.150634765625,6.988602638244629,2.3289735317230225,0.050000011920928955,1271000
2,5085,250,1733.5279541015625,6.934111595153809,2.609063148498535,0.050000011920928955,1271250
2,5086,250,1463.18505859375,5.852740287780762,2.385044574737549,0.050000011920928955,1271500
2,5087,250,1918.529296875,7.674117088317871,2.3540570735931396,0.050000011920928955,1271750
2,5088,250,1917.1279296875,7.668511867523193,2.5195326805114746,0.050000011920928955,1272000
2,5089,250,1866.048828125,7.464195251464844,2.593665838241577,0.050000011920928955,1272250
2,5090,250,1930.49658203125,7.721986293792725,2.4628329277038574,0.050000011920928955,1272500
2,5091,250,1945.228515625,7.780913829803467,2.521653652191162,0.050000011920928955,1272750
2,5092,250,1934.0789794921875,7.736315727233887,2.483623743057251,0.050000011920928955,1273000
2,5093,250,1931.030029296875,7.724120140075684,2.4314329624176025,0.050000011920928955,1273250
2,5094,250,1938.37451171875,7.753498077392578,2.5335633754730225,0.050000011920928955,1273500
2,5095,250,1929.47900390625,7.717916011810303,2.3199868202209473,0.050000011920928955,1273750
2,5096,250,1924.86181640625,7.699447154998779,2.4086649417877197,0.050000011920928955,1274000
2,5097,250,1964.509033203125,7.858036041259766,2.618854284286499,0.050000011920928955,1274250
2,5098,250,1940.187255859375,7.760748863220215,2.3202874660491943,0.050000011920928955,1274500
2,5099,250,1888.767578125,7.555070400238037,2.3234469890594482,0.050000011920928955,1274750
2,5100,250,1870.045166015625,7.480180740356445,2.3339874744415283,0.050000011920928955,1275000
2,5101,250,1936.1640625,7.744656085968018,2.365227699279785,0.050000011920928955,1275250
2,5102,250,1899.58642578125,7.598345756530762,2.1599843502044678,0.050000011920928955,1275500
2,5103,250,1875.606201171875,7.502424716949463,2.216012716293335,0.050000011920928955,1275750
2,5104,250,1867.7554931640625,7.471022129058838,2.4557385444641113,0.050000011920928955,1276000
2,5105,250,-51.64228057861328,-0.2065691202878952,2.5642058849334717,0.050000011920928955,1276250
2,5106,250,1943.3382568359375,7.773353099822998,2.8036019802093506,0.050000011920928955,1276500
2,5107,250,1898.9482421875,7.595792770385742,2.6775803565979004,0.050000011920928955,1276750
2,5108,250,1831.991943359375,7.327967643737793,2.5572211742401123,0.050000011920928955,1277000
2,5109,250,1797.5469970703125,7.190187931060791,2.6474597454071045,0.050000011920928955,1277250
2,5110,250,1885.94775390625,7.543790817260742,2.6520745754241943,0.050000011920928955,1277500
2,5111,250,1877.9144287109375,7.51165771484375,2.733795404434204,0.050000011920928955,1277750
2,5112,250,1948.256103515625,7.79302453994751,2.6636650562286377,0.050000011920928955,1278000
2,5113,250,1902.0859375,7.608343601226807,2.6078951358795166,0.050000011920928955,1278250
2,5114,250,1839.062255859375,7.35624885559082,2.5192015171051025,0.050000011920928955,1278500
2,5115,250,1928.547119140625,7.714188575744629,2.7046988010406494,0.050000011920928955,1278750
2,5116,250,1331.541259765625,5.326165199279785,2.631452798843384,0.050000011920928955,1279000
2,5117,250,1901.1845703125,7.604738235473633,2.6880998611450195,0.050000011920928955,1279250
2,5118,250,1924.079345703125,7.696317195892334,2.754021406173706,0.050000011920928955,1279500
2,5119,250,1937.1497802734375,7.748599052429199,2.661482810974121,0.050000011920928955,1279750
2,5120,250,1881.7332763671875,7.526933193206787,2.7950963973999023,0.050000011920928955,1280000
2,5121,250,-2.626638650894165,-0.010506554506719112,2.914971351623535,0.050000011920928955,1280250
2,5122,250,-80.92757415771484,-0.32371029257774353,3.234703302383423,0.050000011920928955,1280500
2,5123,250,1902.43994140625,7.60975980758667,3.4197990894317627,0.050000011920928955,1280750
2,5124,250,1944.4276123046875,7.777710437774658,3.4520468711853027,0.050000011920928955,1281000
2,5125,250,-82.5027084350586,-0.3300108313560486,3.656489849090576,0.050000011920928955,1281250
2,5126,250,1927.3798828125,7.709519386291504,3.739407777786255,0.050000011920928955,1281500
2,5127,250,1941.37646484375,7.765505790710449,3.597673177719116,0.050000011920928955,1281750
2,5128,250,1878.0224609375,7.512089729309082,3.566676139831543,0.050000011920928955,1282000
2,5129,250,1376.077392578125,5.50430965423584,3.6742851734161377,0.050000011920928955,1282250
2,5130,250,726.5797119140625,2.9063189029693604,3.9640300273895264,0.050000011920928955,1282500
2,5131,250,-52.754051208496094,-0.2110162079334259,3.833432197570801,0.050000011920928955,1282750
2,5132,250,1952.7603759765625,7.811041355133057,3.8423845767974854,0.050000011920928955,1283000
2,5133,250,-72.81321716308594,-0.29125288128852844,4.200687885284424,0.050000011920928955,1283250
2,5134,250,1885.927734375,7.543710708618164,4.065968990325928,0.050000011920928955,1283500
2,5135,250,-25.585102081298828,-0.10234040766954422,4.338328838348389,0.050000011920928955,1283750
2,5136,250,1780.9464111328125,7.123785495758057,4.520970344543457,0.050000011920928955,1284000
2,5137,250,1941.025390625,7.764101505279541,4.484869003295898,0.050000011920928955,1284250
2,5138,250,-24.315446853637695,-0.09726178646087646,4.402633190155029,0.050000011920928955,1284500
2,5139,250,-23.393918991088867,-0.09357567876577377,4.557682037353516,0.050000011920928955,1284750
2,5140,250,1963.7464599609375,7.85498571395874,4.7078657150268555,0.050000011920928955,1285000
2,5141,250,1771.32861328125,7.0853142738342285,4.9891839027404785,0.050000011920928955,1285250
2,5142,250,-22.934633255004883,-0.09173852950334549,4.818065643310547,0.050000011920928955,1285500
2,5143,250,-28.764833450317383,-0.11505933105945587,4.798278331756592,0.050000011920928955,1285750
2,5144,250,-16.375764846801758,-0.0655030608177185,4.912906169891357,0.050000011920928955,1286000
2,5145,250,1836.67822265625,7.346713066101074,5.448983192443848,0.050000011920928955,1286250
2,5146,250,-33.642608642578125,-0.1345704346895218,5.21388053894043,0.050000011920928955,1286500
2,5147,250,1806.46435546875,7.225857257843018,5.2608113288879395,0.050000011920928955,1286750
2,5148,250,-21.880271911621094,-0.08752109110355377,5.200191974639893,0.050000011920928955,1287000
2,5149,250,1.160489559173584,0.004641958046704531,6.309836387634277,0.050000011920928955,1287250
2,5150,250,1764.9771728515625,7.059908866882324,6.0351362228393555,0.050000011920928955,1287500
2,5151,250,1732.5037841796875,6.9300150871276855,5.788925647735596,0.050000011920928955,1287750
2,5152,250,-54.71428298950195,-0.21885713934898376,5.543330192565918,0.050000011920928955,1288000
2,5153,250,1384.5389404296875,5.538155555725098,6.840025901794434,0.050000011920928955,1288250
2,5154,250,-24.98379898071289,-0.09993519634008408,6.5216288566589355,0.050000011920928955,1288500
2,5155,250,15.404084205627441,0.061616335064172745,6.416542053222656,0.050000011920928955,1288750
2,5156,250,-36.81723403930664,-0.14726893603801727,6.3606672286987305,0.050000011920928955,1289000
2,5157,250,1687.6053466796875,6.750421524047852,7.6274800300598145,0.050000011920928955,1289250
2,5158,250,1744.6893310546875,6.978757381439209,6.982064723968506,0.050000011920928955,1289500
2,5159,250,1681.5555419921875,6.726222038269043,6.884132385253906,0.050000011920928955,1289750
2,5160,250,-32.169837951660156,-0.12867935001850128,6.824155807495117,0.050000011920928955,1290000
2,5161,250,-35.30647277832031,-0.1412258893251419,7.93775749206543,0.050000011920928955,1290250
2,5162,250,-26.451398849487305,-0.10580559819936752,7.641477584838867,0.050000011920928955,1290500
2,5163,250,-70.57594299316406,-0.2823037803173065,7.039601802825928,0.050000011920928955,1290750
2,5164,250,-49.03501510620117,-0.19614006578922272,6.8462982177734375,0.050000011920928955,1291000
2,5165,250,1697.603759765625,6.790414810180664,7.960213661193848,0.050000011920928955,1291250
2,5166,250,-84.73233795166016,-0.33892935514450073,7.530904293060303,0.050000011920928955,1291500
2,5167,250,-44.59382247924805,-0.17837528884410858,7.392423629760742,0.050000011920928955,1291750
2,5168,250,-28.427274703979492,-0.11370909959077835,7.8438239097595215,0.050000011920928955,1292000
2,5169,250,-55.42402648925781,-0.22169610857963562,8.299761772155762,0.050000011920928955,1292250
2,5170,250,-27.162940979003906,-0.10865176469087601,7.753098964691162,0.050000011920928955,1292500
2,5171,250,-73.08779907226562,-0.2923511862754822,7.449924468994141,0.050000011920928955,1292750
2,5172,250,-52.26766586303711,-0.20907066762447357,7.479090690612793,0.050000011920928955,1293000
2,5173,250,-88.11268615722656,-0.35245075821876526,8.409857749938965,0.050000011920928955,1293250
2,5174,250,1576.77685546875,6.307107448577881,7.972846508026123,0.050000011920928955,1293500
2,5175,250,1680.950439453125,6.723801612854004,7.36342191696167,0.050000011920928955,1293750
2,5176,250,-46.07621383666992,-0.1843048483133316,7.260987281799316,0.050000011920928955,1294000
2,5177,250,-52.321022033691406,-0.20928408205509186,8.554910659790039,0.050000011920928955,1294250
2,5178,250,-58.41606140136719,-0.23366424441337585,8.036897659301758,0.050000011920928955,1294500
2,5179,250,-50.92189025878906,-0.20368756353855133,7.639829635620117,0.050000011920928955,1294750
2,5180,250,61.955078125,0.24782031774520874,7.186682224273682,0.050000011920928955,1295000
2,5181,250,1885.89892578125,7.543595790863037,8.023427963256836,0.050000011920928955,1295250
2,5182,250,-89.69693756103516,-0.35878774523735046,7.125743865966797,0.050000011920928955,1295500
2,5183,250,-69.6388931274414,-0.27855557203292847,7.013150691986084,0.050000011920928955,1295750
2,5184,250,1632.040771484375,6.528162956237793,6.696277618408203,0.050000011920928955,1296000
2,5185,250,-38.03635025024414,-0.1521454006433487,7.48267126083374,0.050000011920928955,1296250
2,5186,250,-62.000038146972656,-0.2480001598596573,7.014721870422363,0.050000011920928955,1296500
2,5187,250,1596.8272705078125,6.3873090744018555,6.802304744720459,0.050000011920928955,1296750
2,5188,250,-79.8399658203125,-0.3193598687648773,6.895204544067383,0.050000011920928955,1297000
2,5189,250,-75.2885513305664,-0.3011541962623596,7.3442816734313965,0.050000011920928955,1297250
2,5190,250,-75.78788757324219,-0.30315154790878296,6.895913124084473,0.050000011920928955,1297500
2,5191,250,-68.72313690185547,-0.27489253878593445,6.550578594207764,0.050000011920928955,1297750
2,5192,250,-81.40077209472656,-0.32560309767723083,6.6649651527404785,0.050000011920928955,1298000
2,5193,250,-52.57841873168945,-0.21031367778778076,7.881786823272705,0.050000011920928955,1298250
2,5194,250,-61.35699462890625,-0.24542798101902008,6.890061855316162,0.050000011920928955,1298500
2,5195,250,-69.2237548828125,-0.27689501643180847,6.647063732147217,0.050000011920928955,1298750
2,5196,250,-69.48739624023438,-0.27794957160949707,6.323948383331299,0.050000011920928955,1299000
2,5197,250,-51.538902282714844,-0.20615561306476593,8.242132186889648,0.050000011920928955,1299250
2,5198,250,-50.98040771484375,-0.2039216309785843,7.443486213684082,0.050000011920928955,1299500
2,5199,250,-74.30233764648438,-0.29720935225486755,7.149913787841797,0.050000011920928955,1299750
2,5200,250,-75.77471923828125,-0.3030988872051239,6.903563976287842,0.050000011920928955,1300000
2,5201,250,-68.01756286621094,-0.2720702588558197,8.658563613891602,0.050000011920928955,1300250
2,5202,250,-67.35107421875,-0.2694042921066284,7.823949813842773,0.050000011920928955,1300500
2,5203,250,-55.59734344482422,-0.2223893702030182,7.390465259552002,0.050000011920928955,1300750
2,5204,250,-62.14547348022461,-0.2485819011926651,7.253093242645264,0.050000011920928955,1301000
2,5205,250,-65.71952056884766,-0.26287809014320374,8.605945587158203,0.050000011920928955,1301250
2,5206,250,-68.873779296875,-0.27549511194229126,7.42781925201416,0.050000011920928955,1301500
2,5207,250,-72.86759948730469,-0.29147040843963623,7.2653374671936035,0.050000011920928955,1301750
2,5208,250,-78.2294692993164,-0.31291788816452026,7.1480712890625,0.050000011920928955,1302000
2,5209,250,-48.16984558105469,-0.19267937541007996,8.274333953857422,0.050000011920928955,1302250
2,5210,250,-64.2038345336914,-0.2568153440952301,7.625273704528809,0.050000011920928955,1302500
2,5211,250,-66.679931640625,-0.2667197287082672,7.50506067276001,0.050000011920928955,1302750
2,5212,250,-57.721405029296875,-0.23088562488555908,6.8710408210754395,0.050000011920928955,1303000
2,5213,250,-58.389835357666016,-0.23355934023857117,8.257438659667969,0.050000011920928955,1303250
2,5214,250,-68.4867172241211,-0.2739468812942505,7.60430908203125,0.050000011920928955,1303500
2,5215,250,-69.6555404663086,-0.2786221504211426,7.503852844238281,0.050000011920928955,1303750
2,5216,250,-77.79591369628906,-0.3111836612224579,7.3510613441467285,0.050000011920928955,1304000
2,5217,250,-71.6463623046875,-0.2865854501724243,7.839319229125977,0.050000011920928955,1304250
2,5218,250,-60.83049011230469,-0.24332195520401,7.1465888023376465,0.050000011920928955,1304500
2,5219,250,1655.98779296875,6.623950958251953,6.657713890075684,0.050000011920928955,1304750
2,5220,250,-77.87922668457031,-0.3115169107913971,6.353489875793457,0.050000011920928955,1305000
2,5221,250,-63.08847427368164,-0.2523539066314697,6.730782985687256,0.050000011920928955,1305250
2,5222,250,-65.97857666015625,-0.2639143168926239,5.796249866485596,0.050000011920928955,1305500
2,5223,250,-73.33576202392578,-0.29334303736686707,5.772809028625488,0.050000011920928955,1305750
2,5224,250,1460.6109619140625,5.842443943023682,5.120175361633301,0.050000011920928955,1306000
2,5225,250,1195.87939453125,4.783517360687256,5.956243515014648,0.050000011920928955,1306250
2,5226,250,1040.707275390625,4.1628289222717285,5.31281852722168,0.050000011920928955,1306500
2,5227,250,-53.656044006347656,-0.21462418138980865,4.962900638580322,0.050000011920928955,1306750
2,5228,250,-73.59088897705078,-0.2943635582923889,5.218179702758789,0.050000011920928955,1307000
2,5229,250,-74.71847534179688,-0.2988739013671875,5.930381774902344,0.050000011920928955,1307250
2,5230,250,-96.9078140258789,-0.38763126730918884,5.606010913848877,0.050000011920928955,1307500
2,5231,250,1141.700439453125,4.56680154800415,5.392970085144043,0.050000011920928955,1307750
2,5232,250,848.9642944335938,3.395857095718384,5.2175374031066895,0.050000011920928955,1308000
2,5233,250,-75.13694763183594,-0.3005477786064148,5.722723960876465,0.050000011920928955,1308250
2,5234,250,-81.16265869140625,-0.3246506452560425,5.495715618133545,0.050000011920928955,1308500
2,5235,250,749.156982421875,2.9966280460357666,5.1293745040893555,0.050000011920928955,1308750
2,5236,250,-95.7231216430664,-0.3828924894332886,5.130370616912842,0.050000011920928955,1309000
2,5237,250,-95.98026275634766,-0.3839210569858551,5.528163433074951,0.050000011920928955,1309250
2,5238,250,-104.02153015136719,-0.4160861074924469,5.068052291870117,0.050000011920928955,1309500
2,5239,250,-105.35348510742188,-0.42141392827033997,5.135402679443359,0.050000011920928955,1309750
2,5240,250,-89.9803237915039,-0.35992130637168884,4.969183444976807,0.050000011920928955,1310000
2,5241,250,-100.2402114868164,-0.4009608328342438,5.307503700256348,0.050000011920928955,1310250
2,5242,250,-99.25489044189453,-0.39701956510543823,4.616532325744629,0.050000011920928955,1310500
2,5243,250,-90.84178161621094,-0.36336714029312134,4.6912031173706055,0.050000011920928955,1310750
2,5244,250,-88.24464416503906,-0.35297858715057373,4.650876045227051,0.050000011920928955,1311000
2,5245,250,-79.96190643310547,-0.31984761357307434,4.879091739654541,0.050000011920928955,1311250
2,5246,250,-78.05728912353516,-0.3122291564941406,4.470983028411865,0.050000011920928955,1311500
2,5247,250,-71.6477279663086,-0.28659090399742126,4.307498455047607,0.050000011920928955,1311750
2,5248,250,-84.93769836425781,-0.3397507965564728,4.611286640167236,0.050000011920928955,1312000
2,5249,250,-81.54130554199219,-0.32616522908210754,4.758684158325195,0.050000011920928955,1312250
2,5250,250,76.52156829833984,0.3060862720012665,4.706671237945557,0.050000011920928955,1312500
2,5251,250,-89.28878784179688,-0.3571551442146301,4.805222511291504,0.050000011920928955,1312750
2,5252,250,-89.6302261352539,-0.35852089524269104,4.746639728546143,0.050000011920928955,1313000
2,5253,250,86.23226165771484,0.344929039478302,5.411734104156494,0.050000011920928955,1313250
2,5254,250,667.4400634765625,2.669760227203369,5.335568428039551,0.050000011920928955,1313500
2,5255,250,82.7453842163086,0.3309815227985382,5.400221347808838,0.050000011920928955,1313750
2,5256,250,108.94681549072266,0.43578726053237915,5.7784104347229,0.050000011920928955,1314000
2,5257,250,-52.88228988647461,-0.21152916550636292,6.158793926239014,0.050000011920928955,1314250
2,5258,250,-79.93489837646484,-0.31973958015441895,5.703411102294922,0.050000011920928955,1314500
2,5259,250,-68.87959289550781,-0.27551835775375366,5.656246662139893,0.050000011920928955,1314750
2,5260,250,-86.02739715576172,-0.34410959482192993,5.447779655456543,0.050000011920928955,1315000
2,5261,250,-59.97502136230469,-0.23990008234977722,6.070603847503662,0.050000011920928955,1315250
2,5262,250,-71.05079650878906,-0.2842031717300415,5.786901473999023,0.050000011920928955,1315500
2,5263,250,-69.04238891601562,-0.2761695683002472,5.8010149002075195,0.050000011920928955,1315750
2,5264,250,-97.6794204711914,-0.39071768522262573,5.510541915893555,0.050000011920928955,1316000
2,5265,250,-57.06067657470703,-0.22824271023273468,5.796881675720215,0.050000011920928955,1316250
2,5266,250,96.93816375732422,0.3877526521682739,5.283901691436768,0.050000011920928955,1316500
2,5267,250,695.4246826171875,2.781698703765869,5.595032691955566,0.050000011920928955,1316750
2,5268,250,-73.27528381347656,-0.29310113191604614,5.404571056365967,0.050000011920928955,1317000
2,5269,250,-82.01957702636719,-0.3280782997608185,5.712079048156738,0.050000011920928955,1317250
2,5270,250,-106.10713195800781,-0.4244285225868225,5.7184529304504395,0.050000011920928955,1317500
2,5271,250,356.515625,1.4260624647140503,5.370018005371094,0.050000011920928955,1317750
2,5272,250,73.30220794677734,0.2932088375091553,5.481187343597412,0.050000011920928955,1318000
2,5273,250,89.98912048339844,0.3599564731121063,5.722024440765381,0.050000011920928955,1318250
2,5274,250,-67.67803192138672,-0.27071213722229004,5.434499263763428,0.050000011920928955,1318500
2,5275,250,607.18798828125,2.4287519454956055,5.506021499633789,0.050000011920928955,1318750
2,5276,250,-94.83221435546875,-0.3793288469314575,5.43927526473999,0.050000011920928955,1319000
2,5277,250,-82.69869232177734,-0.3307947814464569,5.709715366363525,0.050000011920928955,1319250
2,5278,250,-57.30559539794922,-0.2292223870754242,5.426799774169922,0.050000011920928955,1319500
2,5279,250,-60.90813446044922,-0.24363254010677338,5.177605628967285,0.050000011920928955,1319750
2,5280,250,-64.6510238647461,-0.25860410928726196,5.460574626922607,0.050000011920928955,1320000
2,5281,250,-56.97018814086914,-0.22788074612617493,5.799656391143799,0.050000011920928955,1320250
2,5282,250,-58.03809356689453,-0.23215237259864807,5.384518146514893,0.050000011920928955,1320500
2,5283,250,106.92231750488281,0.4276892840862274,5.1149983406066895,0.050000011920928955,1320750
2,5284,250,1842.34375,7.369375228881836,5.312223434448242,0.050000011920928955,1321000
2,5285,250,1704.8961181640625,6.819584369659424,6.176305294036865,0.050000011920928955,1321250
2,5286,250,1855.3055419921875,7.42122220993042,5.379805564880371,0.050000011920928955,1321500
2,5287,250,1847.83154296875,7.391325950622559,5.491096019744873,0.050000011920928955,1321750
2,5288,250,-84.9518814086914,-0.33980754017829895,5.50266170501709,0.050000011920928955,1322000
2,5289,250,-71.65940856933594,-0.28663763403892517,6.054407596588135,0.050000011920928955,1322250
2,5290,250,-89.91311645507812,-0.35965245962142944,5.324248313903809,0.050000011920928955,1322500
2,5291,250,-66.54718780517578,-0.26618874073028564,5.314950466156006,0.050000011920928955,1322750
2,5292,250,-56.15641784667969,-0.22462567687034607,5.090790271759033,0.050000011920928955,1323000
2,5293,250,1908.288818359375,7.633155345916748,5.532800197601318,0.050000011920928955,1323250
2,5294,250,1836.912109375,7.347648620605469,4.929999351501465,0.050000011920928955,1323500
2,5295,250,-79.67330169677734,-0.31869322061538696,5.034567832946777,0.050000011920928955,1323750
2,5296,250,1909.0985107421875,7.636394023895264,4.5929718017578125,0.050000011920928955,1324000
2,5297,250,-84.70856475830078,-0.3388342559337616,4.975275993347168,0.050000011920928955,1324250
2,5298,250,-65.42567443847656,-0.26170268654823303,4.8556671142578125,0.050000011920928955,1324500
2,5299,250,-49.248634338378906,-0.19699454307556152,4.464700698852539,0.050000011920928955,1324750
2,5300,250,-77.87847900390625,-0.3115139305591583,4.475365161895752,0.050000011920928955,1325000
2,5301,250,1708.045654296875,6.83218240737915,5.296755313873291,0.050000011920928955,1325250
2,5302,250,-15.341821670532227,-0.06136728823184967,4.6426591873168945,0.050000011920928955,1325500
2,5303,250,-38.178409576416016,-0.15271364152431488,4.616808891296387,0.050000011920928955,1325750
2,5304,250,-48.08302307128906,-0.19233208894729614,4.902013301849365,0.050000011920928955,1326000
2,5305,250,-12.377548217773438,-0.04951019212603569,5.406750679016113,0.050000011920928955,1326250
2,5306,250,1824.3468017578125,7.29738712310791,5.099225997924805,0.050000011920928955,1326500
2,5307,250,-55.861263275146484,-0.22344505786895752,4.491631984710693,0.050000011920928955,1326750
2,5308,250,-20.71333885192871,-0.08285335451364517,4.512546062469482,0.050000011920928955,1327000
2,5309,250,-43.085750579833984,-0.17234300076961517,5.310908317565918,0.050000011920928955,1327250
2,5310,250,-23.754568099975586,-0.09501827508211136,4.904689311981201,0.050000011920928955,1327500
2,5311,250,-39.43190002441406,-0.15772759914398193,5.028091907501221,0.050000011920928955,1327750
2,5312,250,1764.070556640625,7.056282043457031,4.710054397583008,0.050000011920928955,1328000
2,5313,250,-16.75612449645996,-0.06702449917793274,5.151645183563232,0.050000011920928955,1328250
2,5314,250,-47.4939079284668,-0.18997563421726227,4.9776129722595215,0.050000011920928955,1328500
2,5315,250,-26.918781280517578,-0.10767512768507004,4.583351135253906,0.050000011920928955,1328750
2,5316,250,-43.57701110839844,-0.17430804669857025,4.866378307342529,0.050000011920928955,1329000
2,5317,250,1898.72509765625,7.594900608062744,5.262866497039795,0.050000011920928955,1329250
2,5318,250,-36.148624420166016,-0.1445944905281067,4.789038181304932,0.050000011920928955,1329500
2,5319,250,1959.8385009765625,7.839354038238525,4.4641313552856445,0.050000011920928955,1329750
2,5320,250,-30.847293853759766,-0.12338917702436447,4.466512203216553,0.050000011920928955,1330000
2,5321,250,-20.343122482299805,-0.08137249201536179,4.882328987121582,0.050000011920928955,1330250
2,5322,250,-34.97908401489258,-0.139916330575943,4.734431743621826,0.050000011920928955,1330500
2,5323,250,-24.9773006439209,-0.09990920126438141,4.745814800262451,0.050000011920928955,1330750
2,5324,250,-25.684490203857422,-0.10273796319961548,4.438967227935791,0.050000011920928955,1331000
2,5325,250,-35.44824981689453,-0.14179299771785736,4.700337886810303,0.050000011920928955,1331250
2,5326,250,-22.531774520874023,-0.09012709558010101,4.522719383239746,0.050000011920928955,1331500
2,5327,250,-22.62965202331543,-0.09051860868930817,4.362227439880371,0.050000011920928955,1331750
2,5328,250,-30.359052658081055,-0.121436208486557,4.263822078704834,0.050000011920928955,1332000
2,5329,250,-20.07464599609375,-0.08029858767986298,4.4543328285217285,0.050000011920928955,1332250
2,5330,250,-6.579459190368652,-0.026317836716771126,4.26723575592041,0.050000011920928955,1332500
2,5331,250,-28.58652114868164,-0.11434608697891235,4.13104248046875,0.050000011920928955,1332750
2,5332,250,-10.044757843017578,-0.04017903283238411,4.24310827255249,0.050000011920928955,1333000
2,5333,250,-8.3934965133667,-0.03357398509979248,4.018681526184082,0.050000011920928955,1333250
2,5334,250,-26.221113204956055,-0.10488445311784744,3.756120204925537,0.050000011920928955,1333500
2,5335,250,-16.65050506591797,-0.06660202145576477,3.4443702697753906,0.050000011920928955,1333750
2,5336,250,-40.373661041259766,-0.161494642496109,3.4749596118927,0.050000011920928955,1334000
2,5337,250,-10.225722312927246,-0.040902890264987946,3.8084490299224854,0.050000011920928955,1334250
2,5338,250,-18.570547103881836,-0.0742821916937828,3.660506248474121,0.050000011920928955,1334500
2,5339,250,1907.36474609375,7.629458904266357,3.5117509365081787,0.050000011920928955,1334750
2,5340,250,-18.194377899169922,-0.07277750968933105,3.524679660797119,0.050000011920928955,1335000
2,5341,250,9.242280960083008,0.036969125270843506,3.940173387527466,0.050000011920928955,1335250
2,5342,250,0.14328742027282715,0.000573149707634002,3.743279218673706,0.050000011920928955,1335500
2,5343,250,1583.5933837890625,6.334373474121094,3.6997551918029785,0.050000011920928955,1335750
2,5344,250,-23.274398803710938,-0.09309759736061096,3.8832027912139893,0.050000011920928955,1336000
2,5345,250,-2.3224220275878906,-0.009289688430726528,4.264863014221191,0.050000011920928955,1336250
2,5346,250,1505.3131103515625,6.021252632141113,4.088832855224609,0.050000011920928955,1336500
2,5347,250,1619.234130859375,6.476936340332031,4.105886459350586,0.050000011920928955,1336750
2,5348,250,-3.84451961517334,-0.015378078445792198,4.14180850982666,0.050000011920928955,1337000
2,5349,250,-19.882413864135742,-0.07952965795993805,4.478146076202393,0.050000011920928955,1337250
2,5350,250,-34.24070358276367,-0.13696281611919403,4.059347629547119,0.050000011920928955,1337500
2,5351,250,-297.0463562011719,-1.188185453414917,4.105648994445801,0.050000011920928955,1337750
2,5352,250,1746.9339599609375,6.987735748291016,3.962019920349121,0.050000011920928955,1338000
2,5353,250,3.4716835021972656,0.013886733911931515,4.196728229522705,0.050000011920928955,1338250
2,5354,250,1894.060546875,7.576241970062256,3.902614116668701,0.050000011920928955,1338500
2,5355,250,13.025179862976074,0.05210071802139282,3.908446788787842,0.050000011920928955,1338750
2,5356,250,1.2610976696014404,0.005044390447437763,3.9486896991729736,0.050000011920928955,1339000
2,5357,250,16.30571746826172,0.06522286683320999,4.402402400970459,0.050000011920928955,1339250
2,5358,250,1892.7891845703125,7.5711565017700195,4.129801273345947,0.050000011920928955,1339500
2,5359,250,7.213537216186523,0.02885414846241474,4.127588272094727,0.050000011920928955,1339750
2,5360,250,1866.834228515625,7.467337131500244,4.10401725769043,0.050000011920928955,1340000
2,5361,250,-31.321979522705078,-0.12528792023658752,4.435888767242432,0.050000011920928955,1340250
2,5362,250,21.07711410522461,0.0843084529042244,4.397839069366455,0.050000011920928955,1340500
2,5363,250,0.14348530769348145,0.0005739412154071033,4.406013011932373,0.050000011920928955,1340750
2,5364,250,1922.469482421875,7.689877986907959,4.364515781402588,0.050000011920928955,1341000
2,5365,250,-0.33143341541290283,-0.0013257336104288697,5.015163421630859,0.050000011920928955,1341250
2,5366,250,-19.173744201660156,-0.07669498026371002,5.014739513397217,0.050000011920928955,1341500
2,5367,250,1853.9903564453125,7.415961265563965,4.540513515472412,0.050000011920928955,1341750
2,5368,250,1620.4580078125,6.481832027435303,4.859772682189941,0.050000011920928955,1342000
2,5369,250,1562.3060302734375,6.2492241859436035,5.879817008972168,0.050000011920928955,1342250
2,5370,250,-20.793006896972656,-0.0831720307469368,5.490262985229492,0.050000011920928955,1342500
2,5371,250,-23.730987548828125,-0.0949239507317543,5.248704433441162,0.050000011920928955,1342750
2,5372,250,1849.8690185546875,7.399476051330566,5.135551929473877,0.050000011920928955,1343000
2,5373,250,-33.083736419677734,-0.13233494758605957,5.827696800231934,0.050000011920928955,1343250
2,5374,250,1675.6131591796875,6.702452659606934,5.745039939880371,0.050000011920928955,1343500
2,5375,250,1831.1519775390625,7.324607849121094,5.236461162567139,0.050000011920928955,1343750
2,5376,250,1807.6427001953125,7.2305707931518555,5.521315097808838,0.050000011920928955,1344000
2,5377,250,1780.5166015625,7.122066497802734,5.83920431137085,0.050000011920928955,1344250
2,5378,250,-6.820121765136719,-0.02728048712015152,5.625518798828125,0.050000011920928955,1344500
2,5379,250,-42.49454879760742,-0.16997820138931274,5.632012844085693,0.050000011920928955,1344750
2,5380,250,-37.67953872680664,-0.15071815252304077,5.4581146240234375,0.050000011920928955,1345000
2,5381,250,1663.302734375,6.6532111167907715,6.068164348602295,0.050000011920928955,1345250
2,5382,250,1707.70068359375,6.830802917480469,5.615818023681641,0.050000011920928955,1345500
2,5383,250,-15.55502700805664,-0.06222010776400566,5.5182785987854,0.050000011920928955,1345750
2,5384,250,-16.466201782226562,-0.06586480885744095,5.425628185272217,0.050000011920928955,1346000
2,5385,250,45.74465560913086,0.18297861516475677,6.300896167755127,0.050000011920928955,1346250
2,5386,250,65.59025573730469,0.2623610198497772,5.937232494354248,0.050000011920928955,1346500
2,5387,250,43.332462310791016,0.17332984507083893,5.8907575607299805,0.050000011920928955,1346750
2,5388,250,475.2017822265625,1.9008071422576904,6.22170877456665,0.050000011920928955,1347000
2,5389,250,520.6576538085938,2.0826306343078613,6.274653434753418,0.050000011920928955,1347250
2,5390,250,51.805442810058594,0.20722177624702454,6.188408851623535,0.050000011920928955,1347500
2,5391,250,49.14219284057617,0.19656877219676971,6.108392238616943,0.050000011920928955,1347750
2,5392,250,134.02603149414062,0.536104142665863,6.367660045623779,0.050000011920928955,1348000
2,5393,250,8.617242813110352,0.03446897119283676,6.52256441116333,0.050000011920928955,1348250
2,5394,250,1898.5499267578125,7.5941996574401855,6.103854179382324,0.050000011920928955,1348500
2,5395,250,48.56378936767578,0.19425515830516815,6.069447040557861,0.050000011920928955,1348750
2,5396,250,39.20095443725586,0.15680381655693054,6.078927516937256,0.050000011920928955,1349000
2,5397,250,-0.31226587295532227,-0.001249063527211547,6.388851165771484,0.050000011920928955,1349250
2,5398,250,1880.2618408203125,7.521047592163086,5.85505485534668,0.050000011920928955,1349500
2,5399,250,11.754801750183105,0.04701920598745346,6.207306861877441,0.050000011920928955,1349750
2,5400,250,4.276672840118408,0.017106691375374794,5.654080390930176,0.050000011920928955,1350000
2,5401,250,5.825417995452881,0.02330167219042778,6.152683258056641,0.050000011920928955,1350250
2,5402,250,30.815185546875,0.1232607439160347,5.799251079559326,0.050000011920928955,1350500
2,5403,250,138.2044219970703,0.552817702293396,5.782092571258545,0.050000011920928955,1350750
2,5404,250,-16.75227165222168,-0.0670090839266777,5.810885906219482,0.050000011920928955,1351000
2,5405,250,19.732681274414062,0.07893072813749313,6.607024192810059,0.050000011920928955,1351250
2,5406,250,63.2820930480957,0.25312837958335876,6.324338436126709,0.050000011920928955,1351500
2,5407,250,65.39815521240234,0.2615926265716553,6.196994781494141,0.050000011920928955,1351750
2,5408,250,1618.3458251953125,6.47338342666626,6.115820407867432,0.050000011920928955,1352000
2,5409,250,80.49652862548828,0.3219861090183258,7.254252910614014,0.050000011920928955,1352250
2,5410,250,1489.2386474609375,5.956954479217529,6.628998756408691,0.050000011920928955,1352500
2,5411,250,134.04005432128906,0.5361602306365967,6.654973030090332,0.050000011920928955,1352750
2,5412,250,67.82093811035156,0.27128374576568604,6.485273361206055,0.050000011920928955,1353000
2,5413,250,1404.6522216796875,5.6186089515686035,7.1410298347473145,0.050000011920928955,1353250
2,5414,250,1445.104248046875,5.780416965484619,6.8038330078125,0.050000011920928955,1353500
2,5415,250,136.10931396484375,0.5444372296333313,7.035006046295166,0.050000011920928955,1353750
2,5416,250,1362.668701171875,5.450675010681152,6.767848014831543,0.050000011920928955,1354000
2,5417,250,61.36433792114258,0.24545735120773315,7.447500228881836,0.050000011920928955,1354250
2,5418,250,1323.31396484375,5.293255805969238,7.183793067932129,0.050000011920928955,1354500
2,5419,250,1366.8082275390625,5.467232704162598,7.233748912811279,0.050000011920928955,1354750
2,5420,250,1254.7615966796875,5.019046306610107,6.750547885894775,0.050000011920928955,1355000
2,5421,250,1425.20263671875,5.700810432434082,7.385035991668701,0.050000011920928955,1355250
2,5422,250,1375.3565673828125,5.5014262199401855,6.963984966278076,0.050000011920928955,1355500
2,5423,250,1364.0313720703125,5.456125259399414,6.597218990325928,0.050000011920928955,1355750
2,5424,250,1287.8131103515625,5.151252269744873,6.511828422546387,0.050000011920928955,1356000
2,5425,250,1509.8619384765625,6.039447784423828,6.998074054718018,0.050000011920928955,1356250
2,5426,250,1142.0467529296875,4.568187236785889,6.267367839813232,0.050000011920928955,1356500
2,5427,250,1507.3170166015625,6.029268264770508,6.306609153747559,0.050000011920928955,1356750
2,5428,250,1346.26416015625,5.385056495666504,6.540347099304199,0.050000011920928955,1357000
2,5429,250,1245.2489013671875,4.9809956550598145,6.598260879516602,0.050000011920928955,1357250
2,5430,250,1269.9913330078125,5.079965114593506,6.3984150886535645,0.050000011920928955,1357500
2,5431,250,1414.2740478515625,5.6570963859558105,6.116928577423096,0.050000011920928955,1357750
2,5432,250,1385.4862060546875,5.541944980621338,5.991916179656982,0.050000011920928955,1358000
2,5433,250,658.0717163085938,2.632286787033081,6.330690860748291,0.050000011920928955,1358250
2,5434,250,1463.9322509765625,5.855729103088379,5.924923896789551,0.050000011920928955,1358500
2,5435,250,1809.081787109375,7.236327171325684,5.866029262542725,0.050000011920928955,1358750
2,5436,250,7.604009628295898,0.030416037887334824,6.238196849822998,0.050000011920928955,1359000
2,5437,250,1894.17041015625,7.576681613922119,6.675827980041504,0.050000011920928955,1359250
2,5438,250,1852.63818359375,7.410552501678467,6.62555456161499,0.050000011920928955,1359500
2,5439,250,1545.166015625,6.1806640625,6.450056552886963,0.050000011920928955,1359750
2,5440,250,1817.398681640625,7.269594669342041,6.601129055023193,0.050000011920928955,1360000
2,5441,250,1615.2933349609375,6.4611735343933105,6.955957889556885,0.050000011920928955,1360250
2,5442,250,22.335357666015625,0.0893414318561554,6.838934898376465,0.050000011920928955,1360500
2,5443,250,1738.8629150390625,6.955451488494873,6.870588779449463,0.050000011920928955,1360750
2,5444,250,1690.921630859375,6.763686656951904,6.793193340301514,0.050000011920928955,1361000
2,5445,250,1830.147216796875,7.320589065551758,7.13988733291626,0.050000011920928955,1361250
2,5446,250,1610.375732421875,6.441503047943115,6.911824703216553,0.050000011920928955,1361500
2,5447,250,1585.740234375,6.342960834503174,7.183818340301514,0.050000011920928955,1361750
2,5448,250,1851.8468017578125,7.4073872566223145,6.9765543937683105,0.050000011920928955,1362000
2,5449,250,1522.78857421875,6.091154098510742,6.9895548820495605,0.050000011920928955,1362250
2,5450,250,1632.14697265625,6.528587818145752,6.946314811706543,0.050000011920928955,1362500
2,5451,250,1730.822998046875,6.92329216003418,6.716187477111816,0.050000011920928955,1362750
2,5452,250,-31.19949722290039,-0.1247979924082756,6.625781059265137,0.050000011920928955,1363000
2,5453,250,1481.4912109375,5.925964832305908,7.220836639404297,0.050000011920928955,1363250
2,5454,250,1520.818359375,6.083273410797119,7.296161651611328,0.050000011920928955,1363500
2,5455,250,1557.5850830078125,6.230340480804443,6.80617094039917,0.050000011920928955,1363750
2,5456,250,34.6839485168457,0.1387358009815216,7.556833267211914,0.050000011920928955,1364000
2,5457,250,1823.3043212890625,7.293217182159424,7.194434642791748,0.050000011920928955,1364250
2,5458,250,1472.30029296875,5.8892011642456055,7.619368553161621,0.050000011920928955,1364500
2,5459,250,1459.88134765625,5.83952522277832,7.360898017883301,0.050000011920928955,1364750
2,5460,250,1785.0484619140625,7.140193939208984,7.087090015411377,0.050000011920928955,1365000
2,5461,250,1474.3712158203125,5.89748477935791,7.231848239898682,0.050000011920928955,1365250
2,5462,250,1809.02685546875,7.236107349395752,7.260024547576904,0.050000011920928955,1365500
2,5463,250,1722.780517578125,6.891121864318848,6.754831790924072,0.050000011920928955,1365750
2,5464,250,1953.04833984375,7.812193393707275,7.007228851318359,0.050000011920928955,1366000
2,5465,250,1695.81201171875,6.783247947692871,7.2194390296936035,0.050000011920928955,1366250
2,5466,250,1546.65185546875,6.186607360839844,7.5776686668396,0.050000011920928955,1366500
2,5467,250,1464.3055419921875,5.857222080230713,7.588002681732178,0.050000011920928955,1366750
2,5468,250,1570.923583984375,6.283694267272949,6.450552463531494,0.050000011920928955,1367000
2,5469,250,1529.1083984375,6.116433620452881,7.516505241394043,0.050000011920928955,1367250
2,5470,250,1465.017578125,5.86007022857666,7.492265701293945,0.050000011920928955,1367500
2,5471,250,1585.7415771484375,6.342966079711914,6.914124965667725,0.050000011920928955,1367750
2,5472,250,1700.394287109375,6.801577091217041,6.759009838104248,0.050000011920928955,1368000
2,5473,250,1677.1966552734375,6.708786487579346,6.789985656738281,0.050000011920928955,1368250
2,5474,250,1569.120361328125,6.276481628417969,6.7961745262146,0.050000011920928955,1368500
2,5475,250,1585.113037109375,6.340452194213867,6.760765075683594,0.050000011920928955,1368750
2,5476,250,1588.06591796875,6.352263450622559,6.821195125579834,0.050000011920928955,1369000
2,5477,250,1299.85302734375,5.1994123458862305,6.876384258270264,0.050000011920928955,1369250
2,5478,250,1219.1690673828125,4.876676082611084,6.586175918579102,0.050000011920928955,1369500
2,5479,250,1729.104736328125,6.91641902923584,6.361640453338623,0.050000011920928955,1369750
2,5480,250,1475.82568359375,5.9033026695251465,6.196277141571045,0.050000011920928955,1370000
2,5481,250,1420.029541015625,5.680118083953857,7.007518768310547,0.050000011920928955,1370250
2,5482,250,1335.493408203125,5.341973781585693,6.498594284057617,0.050000011920928955,1370500
2,5483,250,1628.3614501953125,6.513445854187012,6.1698808670043945,0.050000011920928955,1370750
2,5484,250,1524.6807861328125,6.0987229347229,5.942988395690918,0.050000011920928955,1371000
2,5485,250,1783.1063232421875,7.132425308227539,5.965564250946045,0.050000011920928955,1371250
2,5486,250,-148.15948486328125,-0.5926379561424255,5.721999168395996,0.050000011920928955,1371500
2,5487,250,1572.9093017578125,6.291637420654297,6.006800174713135,0.050000011920928955,1371750
2,5488,250,1596.7205810546875,6.386882305145264,5.511990070343018,0.050000011920928955,1372000
2,5489,250,1670.721923828125,6.682887554168701,6.064981460571289,0.050000011920928955,1372250
2,5490,250,1372.5296630859375,5.490118503570557,5.521116256713867,0.050000011920928955,1372500
2,5491,250,1550.356689453125,6.201426982879639,5.658848285675049,0.050000011920928955,1372750
2,5492,250,1836.56884765625,7.346275329589844,5.73288631439209,0.050000011920928955,1373000
2,5493,250,1665.199462890625,6.660798072814941,5.836016654968262,0.050000011920928955,1373250
2,5494,250,1785.5616455078125,7.142246723175049,5.63109016418457,0.050000011920928955,1373500
2,5495,250,1589.28173828125,6.3571271896362305,5.534912109375,0.050000011920928955,1373750
2,5496,250,1276.148193359375,5.104592800140381,5.293131351470947,0.050000011920928955,1374000
2,5497,250,1906.43115234375,7.625724792480469,5.224627494812012,0.050000011920928955,1374250
2,5498,250,1843.3076171875,7.373230457305908,4.981135368347168,0.050000011920928955,1374500
2,5499,250,1595.703857421875,6.382815361022949,4.744915008544922,0.050000011920928955,1374750
2,5500,250,1663.3455810546875,6.653382301330566,4.678138256072998,0.050000011920928955,1375000
2,5501,250,1583.9989013671875,6.335995674133301,4.8550615310668945,0.050000011920928955,1375250
2,5502,250,1526.38134765625,6.105525493621826,4.954408168792725,0.050000011920928955,1375500
2,5503,250,1624.5064697265625,6.498025894165039,4.473817348480225,0.050000011920928955,1375750
2,5504,250,1371.9937744140625,5.487975120544434,4.642461776733398,0.050000011920928955,1376000
2,5505,250,1632.209716796875,6.528838634490967,4.778831958770752,0.050000011920928955,1376250
2,5506,250,1709.46630859375,6.837865352630615,4.355834484100342,0.050000011920928955,1376500
2,5507,250,1615.009033203125,6.460036277770996,4.419972896575928,0.050000011920928955,1376750
2,5508,250,1629.647705078125,6.518590927124023,4.2906813621521,0.050000011920928955,1377000
2,5509,250,1711.1650390625,6.84466028213501,4.541623592376709,0.050000011920928955,1377250
2,5510,250,1672.9212646484375,6.691685199737549,4.296547889709473,0.050000011920928955,1377500
2,5511,250,1584.1611328125,6.336644649505615,4.389378547668457,0.050000011920928955,1377750
2,5512,250,1636.43359375,6.545734405517578,4.3410444259643555,0.050000011920928955,1378000
2,5513,250,1101.141357421875,4.404565334320068,4.784822463989258,0.050000011920928955,1378250
2,5514,250,1669.908935546875,6.679635524749756,4.313722610473633,0.050000011920928955,1378500
2,5515,250,1722.09033203125,6.88836145401001,4.33652925491333,0.050000011920928955,1378750
2,5516,250,1693.9423828125,6.7757697105407715,4.365667819976807,0.050000011920928955,1379000
2,5517,250,1803.189697265625,7.212759017944336,4.584411144256592,0.050000011920928955,1379250
2,5518,250,1722.270751953125,6.889082908630371,4.235276222229004,0.050000011920928955,1379500
2,5519,250,1794.74609375,7.17898416519165,4.257221221923828,0.050000011920928955,1379750
2,5520,250,1555.12109375,6.220484256744385,4.243592739105225,0.050000011920928955,1380000
2,5521,250,1705.2381591796875,6.820952415466309,4.491215229034424,0.050000011920928955,1380250
2,5522,250,1766.853515625,7.067414283752441,4.632053375244141,0.050000011920928955,1380500
2,5523,250,1688.282958984375,6.753131866455078,4.478777885437012,0.050000011920928955,1380750
2,5524,250,1537.6842041015625,6.1507368087768555,4.3423075675964355,0.050000011920928955,1381000
2,5525,250,1714.762939453125,6.859051704406738,4.726178169250488,0.050000011920928955,1381250
2,5526,250,1683.830078125,6.735320091247559,4.451677322387695,0.050000011920928955,1381500
2,5527,250,1686.82470703125,6.747298717498779,4.438695430755615,0.050000011920928955,1381750
2,5528,250,1311.8792724609375,5.247517108917236,4.485729694366455,0.050000011920928955,1382000
2,5529,250,1712.55322265625,6.850213050842285,4.63796329498291,0.050000011920928955,1382250
2,5530,250,1534.4844970703125,6.137938022613525,5.026096820831299,0.050000011920928955,1382500
2,5531,250,1695.479248046875,6.781917095184326,4.449722766876221,0.050000011920928955,1382750
2,5532,250,508.6705322265625,2.034682035446167,4.46622371673584,0.050000011920928955,1383000
2,5533,250,1338.6982421875,5.354793071746826,4.649834156036377,0.050000011920928955,1383250
2,5534,250,1759.6231689453125,7.038492679595947,4.610307693481445,0.050000011920928955,1383500
2,5535,250,1497.3701171875,5.989480495452881,4.472401142120361,0.050000011920928955,1383750
2,5536,250,1730.3037109375,6.921215057373047,4.432865619659424,0.050000011920928955,1384000
2,5537,250,1750.971435546875,7.003885746002197,4.694483757019043,0.050000011920928955,1384250
2,5538,250,1614.607666015625,6.458430767059326,4.688167095184326,0.050000011920928955,1384500
2,5539,250,1444.9822998046875,5.779929161071777,4.678762435913086,0.050000011920928955,1384750
2,5540,250,1714.4505615234375,6.857802391052246,4.551718235015869,0.050000011920928955,1385000
2,5541,250,1712.261962890625,6.849047660827637,4.694317817687988,0.050000011920928955,1385250
2,5542,250,1610.6080322265625,6.442431926727295,4.624632358551025,0.050000011920928955,1385500
2,5543,250,1295.0147705078125,5.18005895614624,4.684210300445557,0.050000011920928955,1385750
2,5544,250,1906.38525390625,7.6255412101745605,4.230377674102783,0.050000011920928955,1386000
2,5545,250,1564.3751220703125,6.257500648498535,5.171021938323975,0.050000011920928955,1386250
2,5546,250,1457.9814453125,5.831925868988037,4.631185054779053,0.050000011920928955,1386500
2,5547,250,214.85365295410156,0.8594146370887756,4.663703441619873,0.050000011920928955,1386750
2,5548,250,47.47503662109375,0.18990014493465424,4.993014335632324,0.050000011920928955,1387000
2,5549,250,119.88494110107422,0.47953975200653076,5.498864650726318,0.050000011920928955,1387250
2,5550,250,1547.320068359375,6.1892805099487305,5.704977035522461,0.050000011920928955,1387500
2,5551,250,562.4053955078125,2.249621629714966,5.223927021026611,0.050000011920928955,1387750
2,5552,250,1703.27392578125,6.813095569610596,5.346776008605957,0.050000011920928955,1388000
2,5553,250,132.22015380859375,0.5288805961608887,5.617485523223877,0.050000011920928955,1388250
2,5554,250,1605.7333984375,6.422933578491211,5.738534927368164,0.050000011920928955,1388500
2,5555,250,1547.0146484375,6.188058376312256,5.595915794372559,0.050000011920928955,1388750
2,5556,250,1567.26904296875,6.269076347351074,5.897129058837891,0.050000011920928955,1389000
2,5557,250,19.6210880279541,0.07848434895277023,5.896279811859131,0.050000011920928955,1389250
2,5558,250,1712.43115234375,6.849724769592285,5.670959949493408,0.050000011920928955,1389500
2,5559,250,72.13069915771484,0.2885228097438812,5.58515739440918,0.050000011920928955,1389750
2,5560,250,34.431514739990234,0.1377260535955429,5.619067668914795,0.050000011920928955,1390000
2,5561,250,46.219207763671875,0.18487682938575745,6.584051132202148,0.050000011920928955,1390250
2,5562,250,1735.1826171875,6.940730571746826,6.571621894836426,0.050000011920928955,1390500
2,5563,250,1695.63037109375,6.7825212478637695,6.32758092880249,0.050000011920928955,1390750
2,5564,250,1520.646240234375,6.082584857940674,6.115599632263184,0.050000011920928955,1391000
2,5565,250,1925.275390625,7.701101779937744,6.152882099151611,0.050000011920928955,1391250
2,5566,250,16.340784072875977,0.06536313891410828,6.265204429626465,0.050000011920928955,1391500
2,5567,250,19.389568328857422,0.07755827158689499,5.950168609619141,0.050000011920928955,1391750
2,5568,250,61.193458557128906,0.24477383494377136,6.300135135650635,0.050000011920928955,1392000
2,5569,250,53.32801055908203,0.2133120447397232,6.665153980255127,0.050000011920928955,1392250
2,5570,250,1776.591552734375,7.106366157531738,6.51370096206665,0.050000011920928955,1392500
2,5571,250,83.7308578491211,0.3349234461784363,6.410398483276367,0.050000011920928955,1392750
2,5572,250,29.17902183532715,0.11671608686447144,6.6979193687438965,0.050000011920928955,1393000
2,5573,250,37.53939437866211,0.15015757083892822,7.090190887451172,0.050000011920928955,1393250
2,5574,250,1602.8629150390625,6.411451816558838,6.766165733337402,0.050000011920928955,1393500
2,5575,250,16.08299446105957,0.06433197855949402,6.65372896194458,0.050000011920928955,1393750
2,5576,250,1599.8988037109375,6.399595260620117,6.410898208618164,0.050000011920928955,1394000
2,5577,250,-14.440713882446289,-0.05776285380125046,6.950476169586182,0.050000011920928955,1394250
2,5578,250,1600.940673828125,6.4037628173828125,6.813083648681641,0.050000011920928955,1394500
2,5579,250,1615.5286865234375,6.4621148109436035,6.4982829093933105,0.050000011920928955,1394750
2,5580,250,-27.451942443847656,-0.10980776697397232,6.009027004241943,0.050000011920928955,1395000
2,5581,250,1562.24609375,6.248984336853027,7.15255069732666,0.050000011920928955,1395250
2,5582,250,1.0090713500976562,0.004036285448819399,6.714990615844727,0.050000011920928955,1395500
2,5583,250,-6.727022647857666,-0.026908090338110924,6.802370071411133,0.050000011920928955,1395750
2,5584,250,90.43207550048828,0.361728310585022,6.462669849395752,0.050000011920928955,1396000
2,5585,250,1674.351806640625,6.697407245635986,7.317968368530273,0.050000011920928955,1396250
2,5586,250,75.681396484375,0.30272558331489563,7.3635101318359375,0.050000011920928955,1396500
2,5587,250,1575.88232421875,6.303529262542725,7.310075759887695,0.050000011920928955,1396750
2,5588,250,1699.441650390625,6.79776668548584,6.854920387268066,0.050000011920928955,1397000
2,5589,250,62.67521667480469,0.25070086121559143,7.920836925506592,0.050000011920928955,1397250
2,5590,250,1576.215576171875,6.3048624992370605,7.422612190246582,0.050000011920928955,1397500
2,5591,250,1598.0611572265625,6.392244815826416,7.754786968231201,0.050000011920928955,1397750
2,5592,250,50.25773239135742,0.2010309249162674,7.222384929656982,0.050000011920928955,1398000
2,5593,250,1497.020263671875,5.988080978393555,8.379715919494629,0.050000011920928955,1398250
2,5594,250,1650.416259765625,6.601665019989014,7.693319320678711,0.050000011920928955,1398500
2,5595,250,61.38700866699219,0.2455480396747589,7.539439678192139,0.050000011920928955,1398750
2,5596,250,1570.1497802734375,6.280599117279053,7.485430717468262,0.050000011920928955,1399000
2,5597,250,1660.049560546875,6.640198230743408,8.965576171875,0.050000011920928955,1399250
2,5598,250,1553.6644287109375,6.214657783508301,8.08720588684082,0.050000011920928955,1399500
2,5599,250,1540.2982177734375,6.161192893981934,7.526078701019287,0.050000011920928955,1399750
2,5600,250,1744.934814453125,6.979739189147949,7.471293926239014,0.050000011920928955,1400000
2,5601,250,5.856864929199219,0.023427460342645645,8.232675552368164,0.050000011920928955,1400250
2,5602,250,1572.1119384765625,6.288447856903076,7.808365821838379,0.050000011920928955,1400500
2,5603,250,277.4017333984375,1.1096069812774658,8.161026000976562,0.050000011920928955,1400750
2,5604,250,1265.42236328125,5.061689376831055,7.609544277191162,0.050000011920928955,1401000
2,5605,250,1439.102294921875,5.756409168243408,8.464898109436035,0.050000011920928955,1401250
2,5606,250,1700.423583984375,6.801694393157959,8.255496978759766,0.050000011920928955,1401500
2,5607,250,1716.037109375,6.8641486167907715,7.3492326736450195,0.050000011920928955,1401750
2,5608,250,1583.0841064453125,6.33233642578125,7.036864280700684,0.050000011920928955,1402000
2,5609,250,1645.272216796875,6.581089019775391,7.6343488693237305,0.050000011920928955,1402250
2,5610,250,1575.9144287109375,6.303657531738281,7.223062515258789,0.050000011920928955,1402500
2,5611,250,1694.3585205078125,6.7774338722229,7.1981730461120605,0.050000011920928955,1402750
2,5612,250,1508.3221435546875,6.033288478851318,6.653244972229004,0.050000011920928955,1403000
2,5613,250,1621.5074462890625,6.486029624938965,7.094674110412598,0.050000011920928955,1403250
2,5614,250,1293.557861328125,5.17423152923584,6.790287971496582,0.050000011920928955,1403500
2,5615,250,1347.629638671875,5.390518665313721,6.743748664855957,0.050000011920928955,1403750
2,5616,250,-17.388002395629883,-0.06955201178789139,6.371088027954102,0.050000011920928955,1404000
2,5617,250,1606.0675048828125,6.424270153045654,6.98134183883667,0.050000011920928955,1404250
2,5618,250,1280.869384765625,5.123477458953857,6.665711879730225,0.050000011920928955,1404500
2,5619,250,1396.149658203125,5.584598541259766,6.508206844329834,0.050000011920928955,1404750
2,5620,250,1756.6392822265625,7.026556968688965,6.581465244293213,0.050000011920928955,1405000
2,5621,250,1534.9273681640625,6.13970947265625,6.852053642272949,0.050000011920928955,1405250
2,5622,250,1126.3023681640625,4.505209445953369,6.180136203765869,0.050000011920928955,1405500
2,5623,250,1167.9798583984375,4.671919345855713,6.297206878662109,0.050000011920928955,1405750
2,5624,250,1690.7708740234375,6.763083457946777,5.857644557952881,0.050000011920928955,1406000
2,5625,250,1722.6258544921875,6.890503406524658,6.014256477355957,0.050000011920928955,1406250
2,5626,250,1284.400146484375,5.137600421905518,6.003666400909424,0.050000011920928955,1406500
2,5627,250,1581.7181396484375,6.3268723487854,5.365268230438232,0.050000011920928955,1406750
2,5628,250,1176.294921875,4.705179691314697,5.808194637298584,0.050000011920928955,1407000
2,5629,250,1293.251220703125,5.173005104064941,5.948602199554443,0.050000011920928955,1407250
2,5630,250,1462.235595703125,5.848942279815674,5.802077293395996,0.050000011920928955,1407500
2,5631,250,1523.2091064453125,6.092836380004883,5.698458671569824,0.050000011920928955,1407750
2,5632,250,1545.5780029296875,6.18231201171875,5.317107200622559,0.050000011920928955,1408000
2,5633,250,1676.052978515625,6.704211711883545,5.599750995635986,0.050000011920928955,1408250
2,5634,250,1447.7802734375,5.791121006011963,5.32689094543457,0.050000011920928955,1408500
2,5635,250,1338.3828125,5.353531360626221,4.933152675628662,0.050000011920928955,1408750
2,5636,250,1278.8280029296875,5.115312099456787,4.742950439453125,0.050000011920928955,1409000
2,5637,250,-7.2116498947143555,-0.02884659916162491,5.438901901245117,0.050000011920928955,1409250
2,5638,250,1485.787841796875,5.943151473999023,5.11891508102417,0.050000011920928955,1409500
2,5639,250,1631.35205078125,6.5254082679748535,4.797379970550537,0.050000011920928955,1409750
2,5640,250,1647.834228515625,6.591336727142334,5.058220863342285,0.050000011920928955,1410000
2,5641,250,1591.47900390625,6.3659162521362305,5.863441467285156,0.050000011920928955,1410250
2,5642,250,1439.340087890625,5.757360458374023,5.189637184143066,0.050000011920928955,1410500
2,5643,250,1413.696533203125,5.654786109924316,5.015913486480713,0.050000011920928955,1410750
2,5644,250,1311.405517578125,5.245622158050537,4.840832233428955,0.050000011920928955,1411000
2,5645,250,1289.546142578125,5.15818452835083,5.3405070304870605,0.050000011920928955,1411250
2,5646,250,1504.59765625,6.018390655517578,5.15861177444458,0.050000011920928955,1411500
2,5647,250,829.467529296875,3.3178701400756836,5.136448383331299,0.050000011920928955,1411750
2,5648,250,1056.8580322265625,4.2274322509765625,4.951158046722412,0.050000011920928955,1412000
2,5649,250,1491.36572265625,5.965462684631348,5.33803129196167,0.050000011920928955,1412250
2,5650,250,-474.2055969238281,-1.8968223333358765,5.365633010864258,0.050000011920928955,1412500
2,5651,250,1258.3033447265625,5.0332136154174805,4.93715763092041,0.050000011920928955,1412750
2,5652,250,1204.994384765625,4.819977760314941,4.951944828033447,0.050000011920928955,1413000
2,5653,250,-462.6210632324219,-1.8504842519760132,5.34448766708374,0.050000011920928955,1413250
2,5654,250,-466.7220764160156,-1.8668882846832275,4.972491264343262,0.050000011920928955,1413500
2,5655,250,1475.017578125,5.9000701904296875,4.911343574523926,0.050000011920928955,1413750
2,5656,250,1590.0316162109375,6.360126495361328,4.697482585906982,0.050000011920928955,1414000
2,5657,250,1751.502197265625,7.006008625030518,4.980443477630615,0.050000011920928955,1414250
2,5658,250,-146.96604919433594,-0.5878642201423645,4.764623641967773,0.050000011920928955,1414500
2,5659,250,1749.19140625,6.996765613555908,4.729976654052734,0.050000011920928955,1414750
2,5660,250,1634.68359375,6.538734436035156,4.640181064605713,0.050000011920928955,1415000
2,5661,250,51.54172134399414,0.20616687834262848,5.077235698699951,0.050000011920928955,1415250
2,5662,250,1512.8583984375,6.051433563232422,5.0730977058410645,0.050000011920928955,1415500
2,5663,250,1505.8939208984375,6.023575782775879,5.014269828796387,0.050000011920928955,1415750
2,5664,250,1434.0377197265625,5.736150741577148,4.351901054382324,0.050000011920928955,1416000
2,5665,250,1169.4219970703125,4.677688121795654,4.827091693878174,0.050000011920928955,1416250
2,5666,250,1113.8984375,4.455593585968018,4.874617099761963,0.050000011920928955,1416500
2,5667,250,219.23092651367188,0.876923680305481,5.087626934051514,0.050000011920928955,1416750
2,5668,250,28.931251525878906,0.11572500318288803,5.038269519805908,0.050000011920928955,1417000
2,5669,250,1262.581787109375,5.050327301025391,5.568221569061279,0.050000011920928955,1417250
2,5670,250,11.16232681274414,0.04464930668473244,5.276378154754639,0.050000011920928955,1417500
2,5671,250,1272.76904296875,5.091076374053955,5.4213762283325195,0.050000011920928955,1417750
2,5672,250,1357.0535888671875,5.4282145500183105,5.392825603485107,0.050000011920928955,1418000
2,5673,250,1484.05859375,5.936234474182129,5.39942741394043,0.050000011920928955,1418250
2,5674,250,1637.162841796875,6.548651218414307,5.0982794761657715,0.050000011920928955,1418500
2,5675,250,1685.9837646484375,6.7439351081848145,4.764864921569824,0.050000011920928955,1418750
2,5676,250,1584.4093017578125,6.337637424468994,4.797330379486084,0.050000011920928955,1419000
2,5677,250,-0.9198362231254578,-0.0036793448962271214,5.1943488121032715,0.050000011920928955,1419250
2,5678,250,1418.8289794921875,5.675315856933594,4.622666835784912,0.050000011920928955,1419500
2,5679,250,1555.7454833984375,6.222981929779053,4.621318817138672,0.050000011920928955,1419750
2,5680,250,1538.840087890625,6.155360221862793,4.620774745941162,0.050000011920928955,1420000
2,5681,250,1389.0767822265625,5.556307315826416,5.398129940032959,0.050000011920928955,1420250
2,5682,250,1375.19873046875,5.500794887542725,5.011582374572754,0.050000011920928955,1420500
2,5683,250,362.26971435546875,1.4490787982940674,4.844944000244141,0.050000011920928955,1420750
2,5684,250,1134.05517578125,4.536220550537109,5.284424781799316,0.050000011920928955,1421000
2,5685,250,1097.5570068359375,4.390227794647217,5.670559406280518,0.050000011920928955,1421250
2,5686,250,1448.3436279296875,5.793374538421631,5.293216705322266,0.050000011920928955,1421500
2,5687,250,1639.1368408203125,6.556547164916992,5.332931041717529,0.050000011920928955,1421750
2,5688,250,1465.4736328125,5.861894607543945,5.369364261627197,0.050000011920928955,1422000
2,5689,250,1396.01416015625,5.584056854248047,5.837687015533447,0.050000011920928955,1422250
2,5690,250,1537.9642333984375,6.151856899261475,5.568647861480713,0.050000011920928955,1422500
2,5691,250,1207.5928955078125,4.830371379852295,5.372947692871094,0.050000011920928955,1422750
2,5692,250,836.4378051757812,3.3457512855529785,5.296159744262695,0.050000011920928955,1423000
2,5693,250,1134.710693359375,4.538842678070068,6.210550308227539,0.050000011920928955,1423250
2,5694,250,892.3778686523438,3.5695114135742188,5.879217147827148,0.050000011920928955,1423500
2,5695,250,1532.054443359375,6.128217697143555,5.886902332305908,0.050000011920928955,1423750
2,5696,250,1191.7708740234375,4.767083644866943,5.633606433868408,0.050000011920928955,1424000
2,5697,250,1141.3419189453125,4.565367698669434,6.302910327911377,0.050000011920928955,1424250
2,5698,250,1463.1021728515625,5.8524088859558105,6.163440227508545,0.050000011920928955,1424500
2,5699,250,1551.935546875,6.207742214202881,5.888322353363037,0.050000011920928955,1424750
2,5700,250,1195.7044677734375,4.782817840576172,5.671323299407959,0.050000011920928955,1425000
2,5701,250,1120.4068603515625,4.481627464294434,6.208734035491943,0.050000011920928955,1425250
2,5702,250,1459.72021484375,5.838881015777588,5.350977420806885,0.050000011920928955,1425500
2,5703,250,1412.016845703125,5.648067474365234,5.557047367095947,0.050000011920928955,1425750
2,5704,250,1373.5076904296875,5.494030952453613,5.579528331756592,0.050000011920928955,1426000
2,5705,250,899.85693359375,3.5994277000427246,5.504698753356934,0.050000011920928955,1426250
2,5706,250,-310.8091125488281,-1.2432364225387573,5.680709362030029,0.050000011920928955,1426500
2,5707,250,1148.1351318359375,4.592540740966797,5.543658256530762,0.050000011920928955,1426750
2,5708,250,1646.576416015625,6.586305618286133,5.143716335296631,0.050000011920928955,1427000
2,5709,250,1376.3411865234375,5.505364894866943,5.474122047424316,0.050000011920928955,1427250
2,5710,250,1679.70654296875,6.7188262939453125,5.196958541870117,0.050000011920928955,1427500
2,5711,250,1174.2237548828125,4.696895122528076,5.111650466918945,0.050000011920928955,1427750
2,5712,250,1143.041259765625,4.572165012359619,5.141150951385498,0.050000011920928955,1428000
2,5713,250,1075.8292236328125,4.303317070007324,5.200150012969971,0.050000011920928955,1428250
2,5714,250,1686.31396484375,6.745255947113037,5.277554512023926,0.050000011920928955,1428500
2,5715,250,1382.879638671875,5.531518459320068,5.370126724243164,0.050000011920928955,1428750
2,5716,250,1228.8916015625,4.915566444396973,5.331446170806885,0.050000011920928955,1429000
2,5717,250,1459.186279296875,5.836745262145996,5.3750433921813965,0.050000011920928955,1429250
2,5718,250,1233.8690185546875,4.935476303100586,5.253846168518066,0.050000011920928955,1429500
2,5719,250,1565.9393310546875,6.263757228851318,5.110062122344971,0.050000011920928955,1429750
2,5720,250,1454.1314697265625,5.816525936126709,4.966471195220947,0.050000011920928955,1430000
2,5721,250,1565.7686767578125,6.26307487487793,5.4344282150268555,0.050000011920928955,1430250
2,5722,250,996.1974487304688,3.9847898483276367,4.866792678833008,0.050000011920928955,1430500
2,5723,250,1253.474609375,5.0138983726501465,4.94655179977417,0.050000011920928955,1430750
2,5724,250,1174.6009521484375,4.698403835296631,4.886265277862549,0.050000011920928955,1431000
2,5725,250,1333.0670166015625,5.332268238067627,5.338026523590088,0.050000011920928955,1431250
2,5726,250,1583.1654052734375,6.3326616287231445,4.709208965301514,0.050000011920928955,1431500
2,5727,250,45.45253372192383,0.1818101406097412,4.420485973358154,0.050000011920928955,1431750
2,5728,250,1059.0609130859375,4.236243724822998,4.863769054412842,0.050000011920928955,1432000
2,5729,250,1484.6949462890625,5.938779830932617,5.162091255187988,0.050000011920928955,1432250
2,5730,250,1286.9830322265625,5.147932052612305,4.909573554992676,0.050000011920928955,1432500
2,5731,250,1422.6888427734375,5.690755367279053,5.196393013000488,0.050000011920928955,1432750
2,5732,250,1253.64990234375,5.014599800109863,4.853550910949707,0.050000011920928955,1433000
2,5733,250,1174.5970458984375,4.69838809967041,5.168220520019531,0.050000011920928955,1433250
2,5734,250,1437.40576171875,5.749622821807861,4.741069316864014,0.050000011920928955,1433500
2,5735,250,1412.4100341796875,5.649640083312988,4.83523416519165,0.050000011920928955,1433750
2,5736,250,1724.382568359375,6.8975300788879395,4.690059185028076,0.050000011920928955,1434000
2,5737,250,1859.9464111328125,7.439785480499268,4.989987850189209,0.050000011920928955,1434250
2,5738,250,1731.43359375,6.925734519958496,4.834816932678223,0.050000011920928955,1434500
2,5739,250,1877.23291015625,7.508931636810303,4.718684196472168,0.050000011920928955,1434750
2,5740,250,1661.5506591796875,6.646202564239502,4.969446182250977,0.050000011920928955,1435000
2,5741,250,1730.646484375,6.922585964202881,4.838929176330566,0.050000011920928955,1435250
2,5742,250,1651.6551513671875,6.606620788574219,4.714888095855713,0.050000011920928955,1435500
2,5743,250,1425.5078125,5.702031135559082,4.5320963859558105,0.050000011920928955,1435750
2,5744,250,1396.249755859375,5.584999084472656,4.538294315338135,0.050000011920928955,1436000
2,5745,250,1374.016357421875,5.496065616607666,4.807343006134033,0.050000011920928955,1436250
2,5746,250,1462.977294921875,5.851909160614014,4.8428449630737305,0.050000011920928955,1436500
2,5747,250,1706.633056640625,6.826532363891602,4.598384857177734,0.050000011920928955,1436750
2,5748,250,1904.4891357421875,7.617956638336182,4.461062908172607,0.050000011920928955,1437000
2,5749,250,1894.60498046875,7.5784196853637695,4.352024555206299,0.050000011920928955,1437250
2,5750,250,1921.334716796875,7.685338973999023,4.229262828826904,0.050000011920928955,1437500
2,5751,250,1615.425537109375,6.461702346801758,4.334783554077148,0.050000011920928955,1437750
2,5752,250,1639.99560546875,6.5599822998046875,4.315417289733887,0.050000011920928955,1438000
2,5753,250,1934.8544921875,7.739418029785156,4.330494403839111,0.050000011920928955,1438250
2,5754,250,1487.6864013671875,5.950745582580566,4.208710193634033,0.050000011920928955,1438500
2,5755,250,1888.2861328125,7.553144454956055,4.011633396148682,0.050000011920928955,1438750
2,5756,250,1693.9527587890625,6.775811195373535,3.947160482406616,0.050000011920928955,1439000
2,5757,250,1872.7493896484375,7.490997791290283,3.9625070095062256,0.050000011920928955,1439250
2,5758,250,1577.8026123046875,6.311210632324219,3.966383934020996,0.050000011920928955,1439500
2,5759,250,1857.4443359375,7.429777145385742,3.866504669189453,0.050000011920928955,1439750
2,5760,250,1320.2442626953125,5.280977249145508,3.87290096282959,0.050000011920928955,1440000
2,5761,250,1880.9658203125,7.523863315582275,4.034783363342285,0.050000011920928955,1440250
2,5762,250,1722.9779052734375,6.891911506652832,3.751311779022217,0.050000011920928955,1440500
2,5763,250,1740.31201171875,6.96124792098999,3.605909824371338,0.050000011920928955,1440750
2,5764,250,1679.88037109375,6.719521522521973,3.5876169204711914,0.050000011920928955,1441000
2,5765,250,1688.1798095703125,6.752719402313232,3.7733101844787598,0.050000011920928955,1441250
2,5766,250,1743.13818359375,6.97255277633667,3.591981887817383,0.050000011920928955,1441500
2,5767,250,1736.31103515625,6.945244312286377,3.551140069961548,0.050000011920928955,1441750
2,5768,250,1908.8121337890625,7.63524866104126,3.17118239402771,0.050000011920928955,1442000
2,5769,250,1762.9864501953125,7.051945686340332,3.359429121017456,0.050000011920928955,1442250
2,5770,250,1718.7747802734375,6.875099182128906,3.2457056045532227,0.050000011920928955,1442500
2,5771,250,1716.7225341796875,6.866889953613281,3.265479803085327,0.050000011920928955,1442750
2,5772,250,1936.84228515625,7.747369289398193,3.077368974685669,0.050000011920928955,1443000
2,5773,250,1847.0587158203125,7.388235092163086,3.129556894302368,0.050000011920928955,1443250
2,5774,250,1642.5364990234375,6.570146083831787,2.8670551776885986,0.050000011920928955,1443500
2,5775,250,1712.572998046875,6.850292205810547,2.9109909534454346,0.050000011920928955,1443750
2,5776,250,1580.30029296875,6.321201324462891,2.959801197052002,0.050000011920928955,1444000
2,5777,250,1649.277587890625,6.597110271453857,2.8631889820098877,0.050000011920928955,1444250
2,5778,250,1490.558837890625,5.962235450744629,2.988208293914795,0.050000011920928955,1444500
2,5779,250,1629.1468505859375,6.516587257385254,2.892916202545166,0.050000011920928955,1444750
2,5780,250,1681.5218505859375,6.72608757019043,2.9755685329437256,0.050000011920928955,1445000
2,5781,250,1618.6571044921875,6.474628448486328,3.0317327976226807,0.050000011920928955,1445250
2,5782,250,1436.4813232421875,5.745925426483154,2.916459083557129,0.050000011920928955,1445500
2,5783,250,1720.419921875,6.881679534912109,3.0230400562286377,0.050000011920928955,1445750
2,5784,250,1357.406005859375,5.429624080657959,3.0565807819366455,0.050000011920928955,1446000
2,5785,250,1201.0911865234375,4.8043646812438965,2.871748685836792,0.050000011920928955,1446250
2,5786,250,1330.004638671875,5.320018768310547,2.9498519897460938,0.050000011920928955,1446500
2,5787,250,1197.799560546875,4.791198253631592,3.027895927429199,0.050000011920928955,1446750
2,5788,250,744.9910278320312,2.979964017868042,3.066499710083008,0.050000011920928955,1447000
2,5789,250,1558.2392578125,6.232956886291504,3.118457317352295,0.050000011920928955,1447250
2,5790,250,1800.73681640625,7.20294713973999,3.252370834350586,0.050000011920928955,1447500
2,5791,250,1640.4132080078125,6.561652660369873,3.1615633964538574,0.050000011920928955,1447750
2,5792,250,1893.4429931640625,7.573771953582764,3.4007909297943115,0.050000011920928955,1448000
2,5793,250,1861.3209228515625,7.445283889770508,3.2455849647521973,0.050000011920928955,1448250
2,5794,250,1708.20068359375,6.832802772521973,3.052999496459961,0.050000011920928955,1448500
2,5795,250,1886.569091796875,7.546276569366455,2.9277331829071045,0.050000011920928955,1448750
2,5796,250,1347.1131591796875,5.388452529907227,2.971588373184204,0.050000011920928955,1449000
2,5797,250,1601.8787841796875,6.407515048980713,3.0424394607543945,0.050000011920928955,1449250
2,5798,250,1908.9559326171875,7.635823726654053,2.983790397644043,0.050000011920928955,1449500
2,5799,250,1751.014892578125,7.004059791564941,2.9639880657196045,0.050000011920928955,1449750
2,5800,250,1730.807861328125,6.923231601715088,2.9543282985687256,0.050000011920928955,1450000
2,5801,250,1773.22998046875,7.092919826507568,2.9384028911590576,0.050000011920928955,1450250
2,5802,250,1228.749267578125,4.914997100830078,2.9261717796325684,0.050000011920928955,1450500
2,5803,250,1724.487548828125,6.897950172424316,2.8407187461853027,0.050000011920928955,1450750
2,5804,250,1630.982421875,6.523929595947266,2.794726848602295,0.050000011920928955,1451000
2,5805,250,1745.2806396484375,6.9811224937438965,2.8220579624176025,0.050000011920928955,1451250
2,5806,250,1600.224853515625,6.400899410247803,2.8786134719848633,0.050000011920928955,1451500
2,5807,250,1775.408935546875,7.101635932922363,2.8366453647613525,0.050000011920928955,1451750
2,5808,250,1741.0748291015625,6.964299201965332,3.000025510787964,0.050000011920928955,1452000
2,5809,250,1769.042236328125,7.076169013977051,2.8550209999084473,0.050000011920928955,1452250
2,5810,250,1758.3013916015625,7.033205509185791,2.734015941619873,0.050000011920928955,1452500
2,5811,250,1852.03759765625,7.4081501960754395,2.915353298187256,0.050000011920928955,1452750
2,5812,250,1757.8798828125,7.031519412994385,2.9693527221679688,0.050000011920928955,1453000
2,5813,250,1576.9384765625,6.307754039764404,2.8783042430877686,0.050000011920928955,1453250
2,5814,250,1687.973388671875,6.751893520355225,2.7751212120056152,0.050000011920928955,1453500
2,5815,250,1767.888427734375,7.071553707122803,2.822079658508301,0.050000011920928955,1453750
2,5816,250,1788.5242919921875,7.154097080230713,2.7643463611602783,0.050000011920928955,1454000
2,5817,250,1705.63232421875,6.822529315948486,2.8301384449005127,0.050000011920928955,1454250
2,5818,250,1471.7197265625,5.886878967285156,2.836705446243286,0.050000011920928955,1454500
2,5819,250,1796.1025390625,7.184410095214844,2.938062906265259,0.050000011920928955,1454750
2,5820,250,1684.685302734375,6.738741397857666,2.6880080699920654,0.050000011920928955,1455000
2,5821,250,1906.685791015625,7.626743316650391,2.792498826980591,0.050000011920928955,1455250
2,5822,250,1759.7908935546875,7.039163589477539,2.6895766258239746,0.050000011920928955,1455500
2,5823,250,1717.1141357421875,6.8684563636779785,2.7233099937438965,0.050000011920928955,1455750
2,5824,250,1821.0076904296875,7.284030914306641,2.7337186336517334,0.050000011920928955,1456000
2,5825,250,1905.9931640625,7.6239728927612305,2.559126853942871,0.050000011920928955,1456250
2,5826,250,1836.845458984375,7.347382068634033,2.6225056648254395,0.050000011920928955,1456500
2,5827,250,1782.9962158203125,7.131984710693359,2.495896339416504,0.050000011920928955,1456750
2,5828,250,1639.1676025390625,6.556670188903809,2.5971810817718506,0.050000011920928955,1457000
2,5829,250,1902.77001953125,7.611080169677734,2.4879679679870605,0.050000011920928955,1457250
2,5830,250,1945.837890625,7.783351421356201,2.5186543464660645,0.050000011920928955,1457500
2,5831,250,1735.0888671875,6.94035530090332,2.368173837661743,0.050000011920928955,1457750
2,5832,250,1906.45458984375,7.625818252563477,2.3910200595855713,0.050000011920928955,1458000
2,5833,250,75.9229965209961,0.3036919832229614,2.251253128051758,0.050000011920928955,1458250
2,5834,250,1787.7552490234375,7.1510210037231445,2.5286660194396973,0.050000011920928955,1458500
2,5835,250,1942.527099609375,7.770108222961426,2.7535758018493652,0.050000011920928955,1458750
2,5836,250,1742.49560546875,6.969982624053955,2.567762851715088,0.050000011920928955,1459000
2,5837,250,1771.4547119140625,7.085818767547607,2.4327259063720703,0.050000011920928955,1459250
2,5838,250,1837.3482666015625,7.349392890930176,2.562905788421631,0.050000011920928955,1459500
2,5839,250,1698.7900390625,6.795160293579102,2.492680788040161,0.050000011920928955,1459750
2,5840,250,1777.6357421875,7.1105427742004395,2.3777647018432617,0.050000011920928955,1460000
2,5841,250,1566.6826171875,6.266730308532715,2.7335636615753174,0.050000011920928955,1460250
2,5842,250,1764.4560546875,7.05782413482666,2.645220994949341,0.050000011920928955,1460500
2,5843,250,1432.26416015625,5.7290568351745605,2.5891895294189453,0.050000011920928955,1460750
2,5844,250,1770.54931640625,7.082197189331055,2.618342638015747,0.050000011920928955,1461000
2,5845,250,1090.12939453125,4.360517501831055,2.630199670791626,0.050000011920928955,1461250
2,5846,250,1741.756103515625,6.967024326324463,2.712212085723877,0.050000011920928955,1461500
2,5847,250,1714.694580078125,6.858778476715088,2.543050765991211,0.050000011920928955,1461750
2,5848,250,1724.3399658203125,6.897359848022461,2.6597254276275635,0.050000011920928955,1462000
2,5849,250,1788.78173828125,7.155127048492432,2.6757383346557617,0.050000011920928955,1462250
2,5850,250,1773.731201171875,7.0949249267578125,2.5641510486602783,0.050000011920928955,1462500
2,5851,250,1533.9930419921875,6.135972023010254,2.8738467693328857,0.050000011920928955,1462750
2,5852,250,1726.532958984375,6.906131744384766,2.6482656002044678,0.050000011920928955,1463000
2,5853,250,1641.54736328125,6.566189289093018,2.817021131515503,0.050000011920928955,1463250
2,5854,250,1816.285888671875,7.265143394470215,2.6631717681884766,0.050000011920928955,1463500
2,5855,250,1360.695556640625,5.442782402038574,2.895498514175415,0.050000011920928955,1463750
2,5856,250,1500.583740234375,6.002335071563721,2.9251456260681152,0.050000011920928955,1464000
2,5857,250,1797.078857421875,7.188315391540527,3.071500301361084,0.050000011920928955,1464250
2,5858,250,166.53436279296875,0.6661374568939209,2.9500861167907715,0.050000011920928955,1464500
2,5859,250,1813.525146484375,7.254100799560547,2.9130167961120605,0.050000011920928955,1464750
2,5860,250,1727.0830078125,6.908331871032715,2.960031270980835,0.050000011920928955,1465000
2,5861,250,1743.80712890625,6.975228309631348,2.9835011959075928,0.050000011920928955,1465250
2,5862,250,1783.72021484375,7.134881019592285,3.105325937271118,0.050000011920928955,1465500
2,5863,250,1722.50732421875,6.890029430389404,2.8597464561462402,0.050000011920928955,1465750
2,5864,250,1445.45361328125,5.7818145751953125,3.1410787105560303,0.050000011920928955,1466000
2,5865,250,1544.9129638671875,6.179651737213135,2.950849771499634,0.050000011920928955,1466250
2,5866,250,1411.1788330078125,5.644715309143066,3.2479867935180664,0.050000011920928955,1466500
2,5867,250,1791.087890625,7.164351463317871,3.2238569259643555,0.050000011920928955,1466750
2,5868,250,1819.8690185546875,7.279476165771484,3.0669143199920654,0.050000011920928955,1467000
2,5869,250,1143.9703369140625,4.575881481170654,3.564222812652588,0.050000011920928955,1467250
2,5870,250,1317.8612060546875,5.271444797515869,3.2226738929748535,0.050000011920928955,1467500
2,5871,250,1561.3681640625,6.245472431182861,3.3316094875335693,0.050000011920928955,1467750
2,5872,250,1772.694091796875,7.090776443481445,3.3518848419189453,0.050000011920928955,1468000
2,5873,250,1740.30224609375,6.961208820343018,3.295583724975586,0.050000011920928955,1468250
2,5874,250,1712.067138671875,6.848268508911133,2.975580930709839,0.050000011920928955,1468500
2,5875,250,1787.6783447265625,7.1507134437561035,2.879582643508911,0.050000011920928955,1468750
2,5876,250,1745.360595703125,6.981442451477051,2.854057788848877,0.050000011920928955,1469000
2,5877,250,1776.361328125,7.105445384979248,3.0429863929748535,0.050000011920928955,1469250
2,5878,250,1568.17431640625,6.272697448730469,3.1096982955932617,0.050000011920928955,1469500
2,5879,250,1817.931884765625,7.271727561950684,2.8441288471221924,0.050000011920928955,1469750
2,5880,250,1867.70556640625,7.470822334289551,2.812858819961548,0.050000011920928955,1470000
2,5881,250,1801.1973876953125,7.204789638519287,2.8391597270965576,0.050000011920928955,1470250
2,5882,250,1785.78271484375,7.143130779266357,2.919590950012207,0.050000011920928955,1470500
2,5883,250,1797.746826171875,7.1909871101379395,2.8674488067626953,0.050000011920928955,1470750
2,5884,250,215.06105041503906,0.8602442145347595,3.1681766510009766,0.050000011920928955,1471000
2,5885,250,1722.876220703125,6.891504764556885,2.983523368835449,0.050000011920928955,1471250
2,5886,250,1449.811279296875,5.7992448806762695,3.000295877456665,0.050000011920928955,1471500
2,5887,250,1751.483154296875,7.005932807922363,3.0239064693450928,0.050000011920928955,1471750
2,5888,250,1834.791259765625,7.339165210723877,2.839766502380371,0.050000011920928955,1472000
2,5889,250,1887.420166015625,7.549680709838867,3.0089452266693115,0.050000011920928955,1472250
2,5890,250,1865.521240234375,7.462084770202637,3.1582212448120117,0.050000011920928955,1472500
2,5891,250,1381.850341796875,5.527401447296143,2.9637348651885986,0.050000011920928955,1472750
2,5892,250,1791.060302734375,7.164241313934326,2.931060552597046,0.050000011920928955,1473000
2,5893,250,1798.376953125,7.193507671356201,3.2533907890319824,0.050000011920928955,1473250
2,5894,250,1799.4248046875,7.197699069976807,3.094395875930786,0.050000011920928955,1473500
2,5895,250,796.05224609375,3.184208869934082,3.0700325965881348,0.050000011920928955,1473750
2,5896,250,1764.91748046875,7.0596699714660645,3.1149275302886963,0.050000011920928955,1474000
2,5897,250,1814.8526611328125,7.259410858154297,3.2998108863830566,0.050000011920928955,1474250
2,5898,250,1735.5294189453125,6.942117691040039,2.939223051071167,0.050000011920928955,1474500
2,5899,250,1841.240478515625,7.364962100982666,2.7404983043670654,0.050000011920928955,1474750
2,5900,250,1798.892333984375,7.1955695152282715,2.6852242946624756,0.050000011920928955,1475000
2,5901,250,1777.931640625,7.111726760864258,2.993788242340088,0.050000011920928955,1475250
2,5902,250,1777.071533203125,7.108285903930664,2.856315851211548,0.050000011920928955,1475500
2,5903,250,1587.7955322265625,6.351181983947754,2.76643705368042,0.050000011920928955,1475750
2,5904,250,1773.871826171875,7.095487117767334,2.74635648727417,0.050000011920928955,1476000
2,5905,250,1614.1795654296875,6.456718444824219,2.798290967941284,0.050000011920928955,1476250
2,5906,250,1726.1600341796875,6.904640197753906,2.554705858230591,0.050000011920928955,1476500
2,5907,250,1786.392578125,7.145570278167725,2.5837085247039795,0.050000011920928955,1476750
2,5908,250,1777.195068359375,7.108780384063721,2.5962955951690674,0.050000011920928955,1477000
2,5909,250,1804.895751953125,7.219583034515381,2.787933588027954,0.050000011920928955,1477250
2,5910,250,1811.85498046875,7.247419834136963,2.5245320796966553,0.050000011920928955,1477500
2,5911,250,1856.7681884765625,7.427072525024414,2.4660699367523193,0.050000011920928955,1477750
2,5912,250,1482.1778564453125,5.928711414337158,2.4498403072357178,0.050000011920928955,1478000
2,5913,250,1735.769287109375,6.943077087402344,2.5241777896881104,0.050000011920928955,1478250
2,5914,250,1731.44580078125,6.925783157348633,2.569342851638794,0.050000011920928955,1478500
2,5915,250,1769.494140625,7.077976703643799,2.3894994258880615,0.050000011920928955,1478750
2,5916,250,1735.65185546875,6.942607402801514,2.5192325115203857,0.050000011920928955,1479000
2,5917,250,1647.5831298828125,6.590332508087158,2.4152731895446777,0.050000011920928955,1479250
2,5918,250,1735.6373291015625,6.942549228668213,2.309112071990967,0.050000011920928955,1479500
2,5919,250,1719.521728515625,6.878087043762207,2.3861305713653564,0.050000011920928955,1479750
2,5920,250,1749.392333984375,6.997569561004639,2.3513906002044678,0.050000011920928955,1480000
2,5921,250,1741.045654296875,6.9641828536987305,2.524507761001587,0.050000011920928955,1480250
2,5922,250,1832.690673828125,7.33076286315918,2.6417295932769775,0.050000011920928955,1480500
2,5923,250,1755.10205078125,7.0204081535339355,2.41031813621521,0.050000011920928955,1480750
2,5924,250,1742.95166015625,6.971806526184082,2.522160291671753,0.050000011920928955,1481000
2,5925,250,1117.2928466796875,4.469171524047852,2.3219892978668213,0.050000011920928955,1481250
2,5926,250,1648.109130859375,6.59243631362915,2.2582502365112305,0.050000011920928955,1481500
2,5927,250,1758.802978515625,7.03521203994751,2.1712143421173096,0.050000011920928955,1481750
2,5928,250,1745.127197265625,6.980508804321289,2.4285764694213867,0.050000011920928955,1482000
2,5929,250,1766.63720703125,7.066548824310303,2.355703830718994,0.050000011920928955,1482250
2,5930,250,1757.52880859375,7.030115127563477,2.341216564178467,0.050000011920928955,1482500
2,5931,250,1775.574951171875,7.102299690246582,2.100477933883667,0.050000011920928955,1482750
2,5932,250,1719.900634765625,6.879602432250977,2.170956611633301,0.050000011920928955,1483000
2,5933,250,1778.331787109375,7.1133270263671875,2.3001649379730225,0.050000011920928955,1483250
2,5934,250,1741.533203125,6.966132640838623,2.1717660427093506,0.050000011920928955,1483500
2,5935,250,1571.668701171875,6.286674976348877,2.0533571243286133,0.050000011920928955,1483750
2,5936,250,1783.4716796875,7.133886814117432,1.9856723546981812,0.050000011920928955,1484000
2,5937,250,1744.972900390625,6.979891777038574,2.085524797439575,0.050000011920928955,1484250
2,5938,250,1725.748291015625,6.902993202209473,2.038146734237671,0.050000011920928955,1484500
2,5939,250,1717.6461181640625,6.870584487915039,2.081667184829712,0.050000011920928955,1484750
2,5940,250,1812.30517578125,7.249220848083496,2.0209827423095703,0.050000011920928955,1485000
2,5941,250,1729.699462890625,6.918797969818115,1.9500864744186401,0.050000011920928955,1485250
2,5942,250,1779.17431640625,7.116697311401367,2.0737290382385254,0.050000011920928955,1485500
2,5943,250,1744.2222900390625,6.976889133453369,1.9252723455429077,0.050000011920928955,1485750
2,5944,250,1760.27197265625,7.041088104248047,1.9609630107879639,0.050000011920928955,1486000
2,5945,250,1716.0386962890625,6.864154815673828,2.077880620956421,0.050000011920928955,1486250
2,5946,250,1717.895751953125,6.871582984924316,1.8703134059906006,0.050000011920928955,1486500
2,5947,250,1512.091064453125,6.048364162445068,1.9637173414230347,0.050000011920928955,1486750
2,5948,250,1414.8349609375,5.659339904785156,1.9975274801254272,0.050000011920928955,1487000
2,5949,250,1761.7457275390625,7.046982765197754,1.990350604057312,0.050000011920928955,1487250
2,5950,250,1743.290771484375,6.97316312789917,2.134629011154175,0.050000011920928955,1487500
2,5951,250,1538.894775390625,6.155579090118408,2.0560998916625977,0.050000011920928955,1487750
2,5952,250,1778.396240234375,7.113584995269775,1.9416968822479248,0.050000011920928955,1488000
2,5953,250,1530.88623046875,6.123544692993164,2.144742012023926,0.050000011920928955,1488250
2,5954,250,1536.62646484375,6.146505832672119,1.8634570837020874,0.050000011920928955,1488500
2,5955,250,1577.494873046875,6.309979438781738,2.0554821491241455,0.050000011920928955,1488750
2,5956,250,1534.9229736328125,6.1396918296813965,1.8295509815216064,0.050000011920928955,1489000
2,5957,250,1349.86669921875,5.3994669914245605,2.125685930252075,0.050000011920928955,1489250
2,5958,250,1752.054443359375,7.008217811584473,2.0556907653808594,0.050000011920928955,1489500
2,5959,250,1799.458251953125,7.197833061218262,1.9651888608932495,0.050000011920928955,1489750
2,5960,250,1777.7945556640625,7.111178398132324,2.162240982055664,0.050000011920928955,1490000
2,5961,250,1798.153564453125,7.1926140785217285,1.9993016719818115,0.050000011920928955,1490250
2,5962,250,1763.21484375,7.052859306335449,2.0158567428588867,0.050000011920928955,1490500
2,5963,250,1412.11962890625,5.6484785079956055,2.1455636024475098,0.050000011920928955,1490750
2,5964,250,1573.89892578125,6.295595645904541,2.135767936706543,0.050000011920928955,1491000
2,5965,250,1590.523193359375,6.362092971801758,2.144594192504883,0.050000011920928955,1491250
2,5966,250,1493.82861328125,5.975314617156982,2.1762824058532715,0.050000011920928955,1491500
2,5967,250,1569.834716796875,6.279338836669922,2.154489040374756,0.050000011920928955,1491750
2,5968,250,1756.4520263671875,7.025808334350586,2.0447847843170166,0.050000011920928955,1492000
2,5969,250,1532.7685546875,6.13107442855835,2.2266290187835693,0.050000011920928955,1492250
2,5970,250,1225.413330078125,4.901653289794922,2.093667507171631,0.050000011920928955,1492500
2,5971,250,1379.21875,5.51687479019165,2.16768217086792,0.050000011920928955,1492750
2,5972,250,1502.6627197265625,6.010651111602783,2.304893732070923,0.050000011920928955,1493000
2,5973,250,1720.351318359375,6.881405353546143,2.261245012283325,0.050000011920928955,1493250
2,5974,250,1751.798828125,7.007195472717285,2.2739367485046387,0.050000011920928955,1493500
2,5975,250,1766.490966796875,7.0659637451171875,2.1117961406707764,0.050000011920928955,1493750
2,5976,250,1751.3922119140625,7.005568981170654,2.241089105606079,0.050000011920928955,1494000
2,5977,250,1722.547119140625,6.890188694000244,2.295637607574463,0.050000011920928955,1494250
2,5978,250,1635.1591796875,6.5406365394592285,2.2902991771698,0.050000011920928955,1494500
2,5979,250,1760.1424560546875,7.04056978225708,2.322909355163574,0.050000011920928955,1494750
2,5980,250,1472.8848876953125,5.891539573669434,2.1790595054626465,0.050000011920928955,1495000
2,5981,250,1898.62451171875,7.594498157501221,2.518688201904297,0.050000011920928955,1495250
2,5982,250,1716.3551025390625,6.865420341491699,2.2252228260040283,0.050000011920928955,1495500
2,5983,250,1529.21484375,6.116859436035156,2.3229482173919678,0.050000011920928955,1495750
2,5984,250,1577.34619140625,6.309384822845459,2.3749518394470215,0.050000011920928955,1496000
2,5985,250,1609.85791015625,6.439431667327881,2.38161563873291,0.050000011920928955,1496250
2,5986,250,1557.733154296875,6.230932712554932,2.6532814502716064,0.050000011920928955,1496500
2,5987,250,1218.106689453125,4.872426986694336,2.527444839477539,0.050000011920928955,1496750
2,5988,250,1647.0457763671875,6.5881829261779785,2.3946280479431152,0.050000011920928955,1497000
2,5989,250,1691.355712890625,6.765422821044922,2.5797200202941895,0.050000011920928955,1497250
2,5990,250,962.757080078125,3.8510282039642334,2.705705404281616,0.050000011920928955,1497500
2,5991,250,1752.831298828125,7.011325359344482,2.489586114883423,0.050000011920928955,1497750
2,5992,250,1695.15771484375,6.780631065368652,2.5827207565307617,0.050000011920928955,1498000
2,5993,250,57.28329086303711,0.22913315892219543,2.8095242977142334,0.050000011920928955,1498250
2,5994,250,1749.377197265625,6.997509002685547,2.671381711959839,0.050000011920928955,1498500
2,5995,250,1669.6375732421875,6.6785502433776855,2.9412286281585693,0.050000011920928955,1498750
2,5996,250,1742.7708740234375,6.971083641052246,2.7284762859344482,0.050000011920928955,1499000
2,5997,250,1721.2496337890625,6.884998321533203,2.9671218395233154,0.050000011920928955,1499250
2,5998,250,25.804462432861328,0.10321784764528275,2.9623889923095703,0.050000011920928955,1499500
2,5999,250,1742.4625244140625,6.969850063323975,3.2636117935180664,0.050000011920928955,1499750
2,6000,250,1756.1446533203125,7.02457857131958,3.247007131576538,0.050000011920928955,1500000
2,6001,250,1762.251220703125,7.049005031585693,3.3708713054656982,0.050000011920928955,1500250
2,6002,250,1753.0184326171875,7.012073516845703,3.502026081085205,0.050000011920928955,1500500
2,6003,250,1839.9056396484375,7.359622478485107,3.24139142036438,0.050000011920928955,1500750
2,6004,250,1795.10498046875,7.180419921875,2.986400842666626,0.050000011920928955,1501000
2,6005,250,1750.7708740234375,7.0030837059021,3.293355941772461,0.050000011920928955,1501250
2,6006,250,1714.1602783203125,6.8566412925720215,3.3069491386413574,0.050000011920928955,1501500
2,6007,250,1153.9593505859375,4.615837574005127,3.351012706756592,0.050000011920928955,1501750
2,6008,250,1693.75732421875,6.775029182434082,3.3138504028320312,0.050000011920928955,1502000
2,6009,250,1718.598876953125,6.874395370483398,3.3308472633361816,0.050000011920928955,1502250
2,6010,250,1726.03369140625,6.904134750366211,3.475428581237793,0.050000011920928955,1502500
2,6011,250,1551.54345703125,6.206173896789551,3.4258060455322266,0.050000011920928955,1502750
2,6012,250,817.8316650390625,3.2713265419006348,3.16310715675354,0.050000011920928955,1503000
2,6013,250,1746.3031005859375,6.985212326049805,3.304378032684326,0.050000011920928955,1503250
2,6014,250,10.045600891113281,0.04018240422010422,3.7282180786132812,0.050000011920928955,1503500
2,6015,250,1766.577880859375,7.066311359405518,3.934424877166748,0.050000011920928955,1503750
2,6016,250,1792.55029296875,7.170201301574707,4.012414455413818,0.050000011920928955,1504000
2,6017,250,1583.7598876953125,6.3350396156311035,3.657930374145508,0.050000011920928955,1504250
2,6018,250,-4.491977691650391,-0.017967911437153816,4.222374439239502,0.050000011920928955,1504500
2,6019,250,1916.6783447265625,7.666713237762451,4.3559889793396,0.050000011920928955,1504750
2,6020,250,-0.5307707786560059,-0.002123083220794797,4.064319133758545,0.050000011920928955,1505000
2,6021,250,1619.525390625,6.47810173034668,4.349830150604248,0.050000011920928955,1505250
2,6022,250,1695.59716796875,6.782388687133789,4.264946937561035,0.050000011920928955,1505500
2,6023,250,50.42328643798828,0.20169314742088318,4.434388160705566,0.050000011920928955,1505750
2,6024,250,118.85681915283203,0.4754272699356079,4.617437362670898,0.050000011920928955,1506000
2,6025,250,5.7121758460998535,0.0228487029671669,5.341574192047119,0.050000011920928955,1506250
2,6026,250,161.009521484375,0.6440380811691284,5.454780101776123,0.050000011920928955,1506500
2,6027,250,1762.37841796875,7.049513816833496,5.455818176269531,0.050000011920928955,1506750
2,6028,250,1690.4443359375,6.761777400970459,4.891775131225586,0.050000011920928955,1507000
2,6029,250,1799.3721923828125,7.197488784790039,5.404313087463379,0.050000011920928955,1507250
2,6030,250,19.126419067382812,0.07650567591190338,5.312245845794678,0.050000011920928955,1507500
2,6031,250,203.26144409179688,0.8130457997322083,5.597783088684082,0.050000011920928955,1507750
2,6032,250,1576.01123046875,6.304044723510742,5.434597015380859,0.050000011920928955,1508000
2,6033,250,1741.54638671875,6.966185569763184,6.142969131469727,0.050000011920928955,1508250
2,6034,250,1519.521240234375,6.078084945678711,5.607306480407715,0.050000011920928955,1508500
2,6035,250,1500.2354736328125,6.000941753387451,5.44561243057251,0.050000011920928955,1508750
2,6036,250,255.5657501220703,1.0222630500793457,5.49725866317749,0.050000011920928955,1509000
2,6037,250,1512.415283203125,6.049661159515381,5.8417649269104,0.050000011920928955,1509250
2,6038,250,1555.791015625,6.223164081573486,5.811318874359131,0.050000011920928955,1509500
2,6039,250,1783.8094482421875,7.135237693786621,5.633907318115234,0.050000011920928955,1509750
2,6040,250,1762.93359375,7.051734447479248,5.325558662414551,0.050000011920928955,1510000
2,6041,250,1594.104736328125,6.3764190673828125,5.614618301391602,0.050000011920928955,1510250
2,6042,250,1552.810546875,6.211242198944092,5.29626989364624,0.050000011920928955,1510500
2,6043,250,1615.8580322265625,6.463432312011719,5.349634647369385,0.050000011920928955,1510750
2,6044,250,1640.375244140625,6.5615010261535645,5.3713202476501465,0.050000011920928955,1511000
2,6045,250,1614.25390625,6.457015514373779,5.44456672668457,0.050000011920928955,1511250
2,6046,250,1742.9361572265625,6.971744537353516,5.089045524597168,0.050000011920928955,1511500
2,6047,250,1757.609375,7.030437469482422,5.426950931549072,0.050000011920928955,1511750
2,6048,250,1644.0216064453125,6.576086521148682,4.984950065612793,0.050000011920928955,1512000
2,6049,250,1748.633544921875,6.994534015655518,5.194220542907715,0.050000011920928955,1512250
2,6050,250,1767.880859375,7.071523666381836,5.137905120849609,0.050000011920928955,1512500
2,6051,250,1764.946533203125,7.059786319732666,4.806514739990234,0.050000011920928955,1512750
2,6052,250,20.939746856689453,0.08375898748636246,4.845122337341309,0.050000011920928955,1513000
2,6053,250,-12.620086669921875,-0.050480347126722336,5.375524520874023,0.050000011920928955,1513250
2,6054,250,1728.8790283203125,6.915515899658203,5.14410400390625,0.050000011920928955,1513500
2,6055,250,1754.682861328125,7.018731594085693,5.072967529296875,0.050000011920928955,1513750
2,6056,250,16.00718116760254,0.06402872502803802,4.8287858963012695,0.050000011920928955,1514000
2,6057,250,1759.1468505859375,7.036587238311768,5.142240524291992,0.050000011920928955,1514250
2,6058,250,1753.9512939453125,7.015805244445801,4.96006965637207,0.050000011920928955,1514500
2,6059,250,155.9019317626953,0.6236077547073364,5.409829139709473,0.050000011920928955,1514750
2,6060,250,172.57456970214844,0.6902982592582703,5.276748180389404,0.050000011920928955,1515000
2,6061,250,117.33446502685547,0.4693378508090973,5.67696475982666,0.050000011920928955,1515250
2,6062,250,1644.710205078125,6.578840732574463,5.446127891540527,0.050000011920928955,1515500
2,6063,250,1925.9345703125,7.703738212585449,5.162938594818115,0.050000011920928955,1515750
2,6064,250,1763.332763671875,7.053330898284912,4.967143535614014,0.050000011920928955,1516000
2,6065,250,127.61402130126953,0.5104560852050781,5.372892379760742,0.050000011920928955,1516250
2,6066,250,144.48269653320312,0.5779308080673218,5.075466156005859,0.050000011920928955,1516500
2,6067,250,124.24703979492188,0.4969881474971771,5.242253303527832,0.050000011920928955,1516750
2,6068,250,151.03611755371094,0.6041444540023804,5.068894863128662,0.050000011920928955,1517000
2,6069,250,1893.996826171875,7.575987339019775,5.765686511993408,0.050000011920928955,1517250
2,6070,250,1760.8056640625,7.043222427368164,5.550360679626465,0.050000011920928955,1517500
2,6071,250,1572.0626220703125,6.28825044631958,5.32309627532959,0.050000011920928955,1517750
2,6072,250,109.55691528320312,0.43822765350341797,5.026980400085449,0.050000011920928955,1518000
2,6073,250,1914.5439453125,7.658175945281982,5.554563045501709,0.050000011920928955,1518250
2,6074,250,123.88359069824219,0.49553436040878296,5.312926292419434,0.050000011920928955,1518500
2,6075,250,844.7012939453125,3.378805160522461,5.348398208618164,0.050000011920928955,1518750
2,6076,250,1672.5535888671875,6.690214157104492,5.447205066680908,0.050000011920928955,1519000
2,6077,250,1562.512451171875,6.250049591064453,5.84225606918335,0.050000011920928955,1519250
2,6078,250,1620.5440673828125,6.482176303863525,5.5330586433410645,0.050000011920928955,1519500
2,6079,250,1729.562744140625,6.918251037597656,5.392014980316162,0.050000011920928955,1519750
2,6080,250,1901.7545166015625,7.607017993927002,5.314116954803467,0.050000011920928955,1520000
2,6081,250,1673.8968505859375,6.695587635040283,5.738285064697266,0.050000011920928955,1520250
2,6082,250,1760.6663818359375,7.042665481567383,5.393990993499756,0.050000011920928955,1520500
2,6083,250,1742.3641357421875,6.969456672668457,5.229946613311768,0.050000011920928955,1520750
2,6084,250,1732.979248046875,6.931917190551758,5.474514484405518,0.050000011920928955,1521000
2,6085,250,1463.0704345703125,5.85228157043457,5.943759918212891,0.050000011920928955,1521250
2,6086,250,1806.753173828125,7.227012634277344,5.523592948913574,0.050000011920928955,1521500
2,6087,250,1752.631103515625,7.010524272918701,5.306877136230469,0.050000011920928955,1521750
2,6088,250,1790.13818359375,7.160552501678467,5.193378448486328,0.050000011920928955,1522000
2,6089,250,1738.593994140625,6.954375743865967,5.675187587738037,0.050000011920928955,1522250
2,6090,250,1783.0047607421875,7.13201904296875,5.142000198364258,0.050000011920928955,1522500
2,6091,250,1742.50146484375,6.970005989074707,5.279987812042236,0.050000011920928955,1522750
2,6092,250,1765.235107421875,7.060940265655518,5.075455665588379,0.050000011920928955,1523000
2,6093,250,1592.5078125,6.370031356811523,5.433798313140869,0.050000011920928955,1523250
2,6094,250,1529.0068359375,6.116027355194092,4.4604902267456055,0.050000011920928955,1523500
2,6095,250,1844.285888671875,7.377143383026123,4.667048931121826,0.050000011920928955,1523750
2,6096,250,1779.62109375,7.1184844970703125,4.493889331817627,0.050000011920928955,1524000
2,6097,250,1727.1142578125,6.908456802368164,4.4955573081970215,0.050000011920928955,1524250
2,6098,250,1647.5799560546875,6.590319633483887,4.302606582641602,0.050000011920928955,1524500
2,6099,250,1760.5206298828125,7.0420823097229,4.304564476013184,0.050000011920928955,1524750
2,6100,250,1596.4208984375,6.385683536529541,3.948723316192627,0.050000011920928955,1525000
2,6101,250,1570.209716796875,6.280838966369629,3.95327091217041,0.050000011920928955,1525250
2,6102,250,1645.703857421875,6.582815647125244,4.014125347137451,0.050000011920928955,1525500
2,6103,250,1711.186767578125,6.844747066497803,4.087369441986084,0.050000011920928955,1525750
2,6104,250,1759.5760498046875,7.038304328918457,3.860776662826538,0.050000011920928955,1526000
2,6105,250,1735.613037109375,6.9424519538879395,4.041999340057373,0.050000011920928955,1526250
2,6106,250,1723.619873046875,6.894479274749756,3.5935213565826416,0.050000011920928955,1526500
2,6107,250,1509.39794921875,6.037591934204102,3.428830862045288,0.050000011920928955,1526750
2,6108,250,1728.0174560546875,6.912069797515869,3.194150924682617,0.050000011920928955,1527000
2,6109,250,1531.635986328125,6.126543998718262,3.2750630378723145,0.050000011920928955,1527250
2,6110,250,1683.11279296875,6.73245096206665,3.565199375152588,0.050000011920928955,1527500
2,6111,250,1777.055908203125,7.1082234382629395,3.091773509979248,0.050000011920928955,1527750
2,6112,250,1735.544921875,6.9421796798706055,3.110896587371826,0.050000011920928955,1528000
2,6113,250,1563.7611083984375,6.255044460296631,3.369047164916992,0.050000011920928955,1528250
2,6114,250,718.0517578125,2.872206926345825,3.172429084777832,0.050000011920928955,1528500
2,6115,250,1722.80078125,6.891202926635742,3.01576566696167,0.050000011920928955,1528750
2,6116,250,1737.8759765625,6.951503753662109,2.984951972961426,0.050000011920928955,1529000
2,6117,250,1876.2911376953125,7.505164623260498,2.9851834774017334,0.050000011920928955,1529250
2,6118,250,1692.5172119140625,6.770068645477295,2.9579122066497803,0.050000011920928955,1529500
2,6119,250,1662.3123779296875,6.64924955368042,2.719496488571167,0.050000011920928955,1529750
2,6120,250,1468.21337890625,5.8728532791137695,2.828622579574585,0.050000011920928955,1530000
2,6121,250,1671.203857421875,6.684815406799316,3.001107931137085,0.050000011920928955,1530250
2,6122,250,1636.8193359375,6.547277450561523,2.811399459838867,0.050000011920928955,1530500
2,6123,250,1588.5584716796875,6.354233741760254,2.6897366046905518,0.050000011920928955,1530750
2,6124,250,1711.9932861328125,6.847973346710205,2.8199710845947266,0.050000011920928955,1531000
2,6125,250,1644.0888671875,6.576355457305908,2.681124448776245,0.050000011920928955,1531250
2,6126,250,1598.218505859375,6.392874240875244,2.701181173324585,0.050000011920928955,1531500
2,6127,250,1691.720703125,6.76688289642334,2.5484697818756104,0.050000011920928955,1531750
2,6128,250,1621.8782958984375,6.487513065338135,2.6684134006500244,0.050000011920928955,1532000
2,6129,250,1612.1981201171875,6.448792457580566,2.697038173675537,0.050000011920928955,1532250
2,6130,250,1678.330810546875,6.71332311630249,2.6433098316192627,0.050000011920928955,1532500
2,6131,250,1627.9796142578125,6.511918544769287,2.7175934314727783,0.050000011920928955,1532750
2,6132,250,1655.0748291015625,6.620299339294434,2.768958806991577,0.050000011920928955,1533000
2,6133,250,1668.715576171875,6.674862384796143,2.4754889011383057,0.050000011920928955,1533250
2,6134,250,1645.31201171875,6.5812482833862305,2.5095415115356445,0.050000011920928955,1533500
2,6135,250,1644.388427734375,6.577553749084473,2.583052635192871,0.050000011920928955,1533750
2,6136,250,1699.605224609375,6.7984209060668945,2.4058616161346436,0.050000011920928955,1534000
2,6137,250,1698.4169921875,6.793667793273926,2.6130402088165283,0.050000011920928955,1534250
2,6138,250,1736.1920166015625,6.944767951965332,2.4569993019104004,0.050000011920928955,1534500
2,6139,250,1708.74365234375,6.834974765777588,2.4762797355651855,0.050000011920928955,1534750
2,6140,250,1618.3143310546875,6.473257541656494,2.413024425506592,0.050000011920928955,1535000
2,6141,250,1705.4375,6.821750164031982,2.560328960418701,0.050000011920928955,1535250
2,6142,250,1673.7364501953125,6.694945812225342,2.52726674079895,0.050000011920928955,1535500
2,6143,250,1577.429931640625,6.309719562530518,2.4722163677215576,0.050000011920928955,1535750
2,6144,250,1685.6820068359375,6.742728233337402,2.457746744155884,0.050000011920928955,1536000
2,6145,250,1798.1240234375,7.192496299743652,2.5024900436401367,0.050000011920928955,1536250
2,6146,250,1683.3358154296875,6.733343124389648,2.5193777084350586,0.050000011920928955,1536500
2,6147,250,1643.963623046875,6.575854301452637,2.4497323036193848,0.050000011920928955,1536750
2,6148,250,1707.2861328125,6.829144477844238,2.420957326889038,0.050000011920928955,1537000
2,6149,250,1885.1156005859375,7.540462493896484,2.5126919746398926,0.050000011920928955,1537250
2,6150,250,1684.5921630859375,6.738368511199951,2.4856765270233154,0.050000011920928955,1537500
2,6151,250,1704.88623046875,6.819544792175293,2.3223605155944824,0.050000011920928955,1537750
2,6152,250,1713.892333984375,6.855569362640381,2.4217498302459717,0.050000011920928955,1538000
2,6153,250,1883.9715576171875,7.535886287689209,2.4376492500305176,0.050000011920928955,1538250
2,6154,250,1674.97900390625,6.699915885925293,2.259704113006592,0.050000011920928955,1538500
2,6155,250,1720.409912109375,6.88163948059082,2.131279945373535,0.050000011920928955,1538750
2,6156,250,1735.92529296875,6.943701267242432,2.0995211601257324,0.050000011920928955,1539000
2,6157,250,965.77734375,3.8631093502044678,2.218447208404541,0.050000011920928955,1539250
2,6158,250,1661.6885986328125,6.646754264831543,2.408475160598755,0.050000011920928955,1539500
2,6159,250,1682.4765625,6.72990608215332,2.2575523853302,0.050000011920928955,1539750
2,6160,250,1686.3089599609375,6.745235919952393,2.2550673484802246,0.050000011920928955,1540000
2,6161,250,1757.46435546875,7.029857635498047,2.3057637214660645,0.050000011920928955,1540250
2,6162,250,1788.2757568359375,7.153102874755859,2.1461284160614014,0.050000011920928955,1540500
2,6163,250,1579.248291015625,6.316993236541748,2.1287949085235596,0.050000011920928955,1540750
2,6164,250,1773.69775390625,7.094790935516357,2.4407050609588623,0.050000011920928955,1541000
2,6165,250,1738.8056640625,6.9552226066589355,2.325648546218872,0.050000011920928955,1541250
2,6166,250,1704.9189453125,6.819675922393799,2.260622501373291,0.050000011920928955,1541500
2,6167,250,1364.76708984375,5.459068298339844,2.208380937576294,0.050000011920928955,1541750
2,6168,250,1766.9718017578125,7.067887306213379,2.189519166946411,0.050000011920928955,1542000
2,6169,250,1674.17724609375,6.696709156036377,2.425291061401367,0.050000011920928955,1542250
2,6170,250,1807.949951171875,7.231799602508545,2.4242444038391113,0.050000011920928955,1542500
2,6171,250,1760.8560791015625,7.043424129486084,2.2410926818847656,0.050000011920928955,1542750
2,6172,250,1768.69091796875,7.074763774871826,2.3626294136047363,0.050000011920928955,1543000
2,6173,250,1565.5596923828125,6.2622389793396,2.5535008907318115,0.050000011920928955,1543250
2,6174,250,1712.780029296875,6.8511199951171875,2.4840314388275146,0.050000011920928955,1543500
2,6175,250,1760.65966796875,7.042638778686523,2.360579013824463,0.050000011920928955,1543750
2,6176,250,1807.092041015625,7.228368282318115,2.264650583267212,0.050000011920928955,1544000
2,6177,250,1762.7152099609375,7.05086088180542,2.622131824493408,0.050000011920928955,1544250
2,6178,250,1602.16943359375,6.408677577972412,2.3388819694519043,0.050000011920928955,1544500
2,6179,250,1763.2259521484375,7.052903652191162,2.349801540374756,0.050000011920928955,1544750
2,6180,250,1743.9111328125,6.975644588470459,2.4419667720794678,0.050000011920928955,1545000
2,6181,250,1774.21044921875,7.096841812133789,2.523447036743164,0.050000011920928955,1545250
2,6182,250,1817.9332275390625,7.271732807159424,2.406137704849243,0.050000011920928955,1545500
2,6183,250,1792.52783203125,7.170111179351807,2.2283856868743896,0.050000011920928955,1545750
2,6184,250,1797.650634765625,7.1906023025512695,2.406113862991333,0.050000011920928955,1546000
2,6185,250,1662.811279296875,6.6512451171875,2.3153460025787354,0.050000011920928955,1546250
2,6186,250,1657.824462890625,6.631298065185547,2.377328395843506,0.050000011920928955,1546500
2,6187,250,1753.60986328125,7.014439582824707,2.353306293487549,0.050000011920928955,1546750
2,6188,250,1799.427001953125,7.1977081298828125,2.0882375240325928,0.050000011920928955,1547000
2,6189,250,1600.822509765625,6.403290271759033,2.231934070587158,0.050000011920928955,1547250
2,6190,250,1671.0234375,6.684093952178955,2.1634573936462402,0.050000011920928955,1547500
2,6191,250,1775.3330078125,7.101332187652588,2.190920352935791,0.050000011920928955,1547750
2,6192,250,1669.9024658203125,6.679609775543213,2.1871931552886963,0.050000011920928955,1548000
2,6193,250,1762.120361328125,7.048481464385986,2.095978260040283,0.050000011920928955,1548250
2,6194,250,1616.536865234375,6.466147422790527,2.2642836570739746,0.050000011920928955,1548500
2,6195,250,1618.9642333984375,6.475856781005859,2.159607410430908,0.050000011920928955,1548750
2,6196,250,1668.873779296875,6.675495147705078,2.063491106033325,0.050000011920928955,1549000
2,6197,250,1703.9222412109375,6.8156890869140625,2.1794791221618652,0.050000011920928955,1549250
2,6198,250,1656.9852294921875,6.627941131591797,2.0569794178009033,0.050000011920928955,1549500
2,6199,250,1698.1961669921875,6.792784690856934,2.0390374660491943,0.050000011920928955,1549750
2,6200,250,1745.7828369140625,6.983131408691406,1.945816993713379,0.050000011920928955,1550000
2,6201,250,1613.908203125,6.45563268661499,2.114391565322876,0.050000011920928955,1550250
2,6202,250,1732.5262451171875,6.930105209350586,2.0876200199127197,0.050000011920928955,1550500
2,6203,250,1686.13916015625,6.744556427001953,2.018401622772217,0.050000011920928955,1550750
2,6204,250,1574.9271240234375,6.299708366394043,2.01104474067688,0.050000011920928955,1551000
2,6205,250,1629.564208984375,6.518256664276123,2.1464791297912598,0.050000011920928955,1551250
2,6206,250,1715.3646240234375,6.8614583015441895,2.0243656635284424,0.050000011920928955,1551500
2,6207,250,1839.22216796875,7.356888771057129,1.9419447183609009,0.050000011920928955,1551750
2,6208,250,1702.1326904296875,6.808530807495117,1.9227639436721802,0.050000011920928955,1552000
2,6209,250,1611.515380859375,6.446061611175537,2.0057313442230225,0.050000011920928955,1552250
2,6210,250,1322.7255859375,5.290902137756348,2.125915765762329,0.050000011920928955,1552500
2,6211,250,1360.700927734375,5.442803859710693,2.2244226932525635,0.050000011920928955,1552750
2,6212,250,1669.9903564453125,6.679961204528809,2.3697144985198975,0.050000011920928955,1553000
2,6213,250,1603.2825927734375,6.413130283355713,2.454395055770874,0.050000011920928955,1553250
2,6214,250,1932.519775390625,7.730079174041748,2.3525335788726807,0.050000011920928955,1553500
2,6215,250,1648.8143310546875,6.59525728225708,2.2322378158569336,0.050000011920928955,1553750
2,6216,250,1659.906494140625,6.6396260261535645,2.265192747116089,0.050000011920928955,1554000
2,6217,250,1615.195068359375,6.460780143737793,2.4338831901550293,0.050000011920928955,1554250
2,6218,250,1671.808349609375,6.6872334480285645,2.367987871170044,0.050000011920928955,1554500
2,6219,250,1681.560302734375,6.726241111755371,2.136805534362793,0.050000011920928955,1554750
2,6220,250,76.37289428710938,0.30549156665802,2.52693772315979,0.050000011920928955,1555000
2,6221,250,1643.870849609375,6.575483322143555,2.8637309074401855,0.050000011920928955,1555250
2,6222,250,1884.851318359375,7.539405345916748,2.6089375019073486,0.050000011920928955,1555500
2,6223,250,1903.644775390625,7.614579200744629,2.6850082874298096,0.050000011920928955,1555750
2,6224,250,60.89139938354492,0.2435656040906906,2.6687655448913574,0.050000011920928955,1556000
2,6225,250,78.85149383544922,0.3154059648513794,3.0229642391204834,0.050000011920928955,1556250
2,6226,250,82.93980407714844,0.3317592144012451,3.1702470779418945,0.050000011920928955,1556500
2,6227,250,71.25811004638672,0.2850324511528015,3.4242868423461914,0.050000011920928955,1556750
2,6228,250,82.98948669433594,0.33195793628692627,3.637744188308716,0.050000011920928955,1557000
2,6229,250,142.00997924804688,0.5680398941040039,3.9253368377685547,0.050000011920928955,1557250
2,6230,250,30.844057083129883,0.12337622791528702,4.110850811004639,0.050000011920928955,1557500
2,6231,250,1517.6041259765625,6.070416450500488,3.9004809856414795,0.050000011920928955,1557750
2,6232,250,1711.216064453125,6.844864368438721,3.8750503063201904,0.050000011920928955,1558000
2,6233,250,1783.516845703125,7.134067535400391,4.061171531677246,0.050000011920928955,1558250
2,6234,250,1709.977783203125,6.839910984039307,4.0673699378967285,0.050000011920928955,1558500
2,6235,250,1736.690185546875,6.946760654449463,4.020068645477295,0.050000011920928955,1558750
2,6236,250,1519.547119140625,6.078188419342041,3.8909525871276855,0.050000011920928955,1559000
2,6237,250,1526.014404296875,6.104057788848877,4.258368492126465,0.050000011920928955,1559250
2,6238,250,1749.22314453125,6.99689245223999,3.970776319503784,0.050000011920928955,1559500
2,6239,250,1579.5345458984375,6.318138122558594,3.913479804992676,0.050000011920928955,1559750
2,6240,250,1733.0394287109375,6.932157516479492,3.7273316383361816,0.050000011920928955,1560000
2,6241,250,114.00984191894531,0.4560393691062927,4.202361583709717,0.050000011920928955,1560250
2,6242,250,1600.84521484375,6.403380870819092,4.158961296081543,0.050000011920928955,1560500
2,6243,250,1532.1129150390625,6.128451824188232,4.234614372253418,0.050000011920928955,1560750
2,6244,250,1750.859619140625,7.003438472747803,4.082180976867676,0.050000011920928955,1561000
2,6245,250,1727.8543701171875,6.911417484283447,4.364062309265137,0.050000011920928955,1561250
2,6246,250,1517.672119140625,6.070688247680664,4.195601940155029,0.050000011920928955,1561500
2,6247,250,1501.6304931640625,6.006522178649902,4.1783127784729,0.050000011920928955,1561750
2,6248,250,1474.455078125,5.897820472717285,4.16768217086792,0.050000011920928955,1562000
2,6249,250,1696.06298828125,6.784252166748047,4.204402446746826,0.050000011920928955,1562250
2,6250,250,1852.0443115234375,7.408177375793457,4.325054168701172,0.050000011920928955,1562500
2,6251,250,1534.8494873046875,6.139398097991943,3.950361728668213,0.050000011920928955,1562750
2,6252,250,1466.4755859375,5.865902423858643,4.0598249435424805,0.050000011920928955,1563000
2,6253,250,1743.1666259765625,6.9726667404174805,4.109200954437256,0.050000011920928955,1563250
2,6254,250,1480.25732421875,5.921029090881348,4.007751941680908,0.050000011920928955,1563500
2,6255,250,1742.95263671875,6.971810340881348,4.012238025665283,0.050000011920928955,1563750
2,6256,250,1563.750732421875,6.255002975463867,3.8549716472625732,0.050000011920928955,1564000
2,6257,250,1736.612060546875,6.94644832611084,4.17078161239624,0.050000011920928955,1564250
2,6258,250,1710.66162109375,6.842646598815918,4.027294635772705,0.050000011920928955,1564500
2,6259,250,1722.0545654296875,6.888218402862549,3.7276504039764404,0.050000011920928955,1564750
2,6260,250,1728.119384765625,6.912477493286133,3.7083053588867188,0.050000011920928955,1565000
2,6261,250,1771.45263671875,7.085810661315918,3.8375675678253174,0.050000011920928955,1565250
2,6262,250,1624.421875,6.497687339782715,3.928104877471924,0.050000011920928955,1565500
2,6263,250,1731.5118408203125,6.926047325134277,3.5875277519226074,0.050000011920928955,1565750
2,6264,250,1668.148193359375,6.672592639923096,3.5791101455688477,0.050000011920928955,1566000
2,6265,250,1586.1688232421875,6.344675064086914,3.5347707271575928,0.050000011920928955,1566250
2,6266,250,1719.778076171875,6.879112243652344,3.172161340713501,0.050000011920928955,1566500
2,6267,250,1458.481201171875,5.833924770355225,3.1281802654266357,0.050000011920928955,1566750
2,6268,250,1421.5557861328125,5.686223030090332,2.9662177562713623,0.050000011920928955,1567000
2,6269,250,1720.2208251953125,6.88088321685791,3.2077219486236572,0.050000011920928955,1567250
2,6270,250,1481.446533203125,5.925786018371582,2.7314984798431396,0.050000011920928955,1567500
2,6271,250,1708.51416015625,6.834056854248047,2.7435860633850098,0.050000011920928955,1567750
2,6272,250,1738.423583984375,6.9536943435668945,2.554978132247925,0.050000011920928955,1568000
2,6273,250,1702.5657958984375,6.810263156890869,2.7859299182891846,0.050000011920928955,1568250
2,6274,250,1681.0614013671875,6.724245548248291,2.551417350769043,0.050000011920928955,1568500
2,6275,250,1714.6553955078125,6.858621597290039,2.7831993103027344,0.050000011920928955,1568750
2,6276,250,1711.064208984375,6.84425687789917,2.43764591217041,0.050000011920928955,1569000
2,6277,250,1720.93310546875,6.883732318878174,2.7263569831848145,0.050000011920928955,1569250
2,6278,250,1652.3533935546875,6.6094136238098145,2.705683708190918,0.050000011920928955,1569500
2,6279,250,1713.2216796875,6.85288667678833,2.5911996364593506,0.050000011920928955,1569750
2,6280,250,1736.3653564453125,6.945461273193359,2.3599801063537598,0.050000011920928955,1570000
2,6281,250,1730.509765625,6.922039031982422,2.660794734954834,0.050000011920928955,1570250
2,6282,250,1340.023681640625,5.3600945472717285,2.5456676483154297,0.050000011920928955,1570500
2,6283,250,1623.87841796875,6.495513439178467,2.451566696166992,0.050000011920928955,1570750
2,6284,250,1617.2119140625,6.468847751617432,2.339318037033081,0.050000011920928955,1571000
2,6285,250,1544.9676513671875,6.17987060546875,2.4310028553009033,0.050000011920928955,1571250
2,6286,250,1449.5394287109375,5.798157691955566,2.514404296875,0.050000011920928955,1571500
2,6287,250,1684.08251953125,6.736330032348633,2.495286703109741,0.050000011920928955,1571750
2,6288,250,1664.78759765625,6.65915060043335,2.361293077468872,0.050000011920928955,1572000
2,6289,250,1456.948974609375,5.82779598236084,2.4114737510681152,0.050000011920928955,1572250
2,6290,250,1904.5606689453125,7.6182427406311035,2.2894577980041504,0.050000011920928955,1572500
2,6291,250,1659.6326904296875,6.638530731201172,2.3633947372436523,0.050000011920928955,1572750
2,6292,250,976.2021484375,3.904808521270752,2.4370579719543457,0.050000011920928955,1573000
2,6293,250,1885.63037109375,7.5425214767456055,2.5362606048583984,0.050000011920928955,1573250
2,6294,250,1610.810546875,6.443242073059082,2.471381902694702,0.050000011920928955,1573500
2,6295,250,1658.115478515625,6.632462024688721,2.359177350997925,0.050000011920928955,1573750
2,6296,250,1601.868896484375,6.407475471496582,2.4373879432678223,0.050000011920928955,1574000
2,6297,250,1870.056640625,7.480226516723633,2.6426608562469482,0.050000011920928955,1574250
2,6298,250,1821.4432373046875,7.285772800445557,2.465719223022461,0.050000011920928955,1574500
2,6299,250,1586.66796875,6.346672058105469,2.4720613956451416,0.050000011920928955,1574750
2,6300,250,1906.4794921875,7.625917911529541,2.5968809127807617,0.050000011920928955,1575000
2,6301,250,1898.56884765625,7.59427547454834,2.431488275527954,0.050000011920928955,1575250
2,6302,250,1942.2783203125,7.769113063812256,2.445711135864258,0.050000011920928955,1575500
2,6303,250,1626.667724609375,6.506670951843262,2.374441146850586,0.050000011920928955,1575750
2,6304,250,1633.14599609375,6.532584190368652,2.523728370666504,0.050000011920928955,1576000
2,6305,250,1803.650146484375,7.214600563049316,2.597034215927124,0.050000011920928955,1576250
2,6306,250,1680.85693359375,6.723427772521973,2.4316346645355225,0.050000011920928955,1576500
2,6307,250,1353.207763671875,5.412830829620361,2.596982002258301,0.050000011920928955,1576750
2,6308,250,1289.236083984375,5.156944274902344,2.5127344131469727,0.050000011920928955,1577000
2,6309,250,1701.23583984375,6.804943561553955,2.624250650405884,0.050000011920928955,1577250
2,6310,250,1793.624755859375,7.174499034881592,2.607818126678467,0.050000011920928955,1577500
2,6311,250,1902.9979248046875,7.611991882324219,2.522292375564575,0.050000011920928955,1577750
2,6312,250,1909.1822509765625,7.6367292404174805,2.50299072265625,0.050000011920928955,1578000
2,6313,250,1746.1246337890625,6.984498500823975,2.7292158603668213,0.050000011920928955,1578250
2,6314,250,1806.3109130859375,7.22524356842041,2.5802743434906006,0.050000011920928955,1578500
2,6315,250,546.7767944335938,2.1871070861816406,2.754575252532959,0.050000011920928955,1578750
2,6316,250,1758.9962158203125,7.035984992980957,2.9138786792755127,0.050000011920928955,1579000
2,6317,250,1632.504150390625,6.5300164222717285,3.0197017192840576,0.050000011920928955,1579250
2,6318,250,1767.18994140625,7.068759918212891,2.934568166732788,0.050000011920928955,1579500
2,6319,250,110.6749267578125,0.44269970059394836,2.7787365913391113,0.050000011920928955,1579750
2,6320,250,1818.47900390625,7.273916244506836,2.8726556301116943,0.050000011920928955,1580000
2,6321,250,1758.84130859375,7.035365104675293,3.2015950679779053,0.050000011920928955,1580250
2,6322,250,1587.18603515625,6.348743915557861,3.077326536178589,0.050000011920928955,1580500
2,6323,250,1741.2093505859375,6.964837551116943,3.0332274436950684,0.050000011920928955,1580750
2,6324,250,72.96500396728516,0.29186001420021057,3.105221748352051,0.050000011920928955,1581000
2,6325,250,1914.314453125,7.657258033752441,3.580005645751953,0.050000011920928955,1581250
2,6326,250,1768.9757080078125,7.075902938842773,3.3092379570007324,0.050000011920928955,1581500
2,6327,250,1674.721923828125,6.698887825012207,3.081373929977417,0.050000011920928955,1581750
2,6328,250,1756.53466796875,7.026138782501221,3.1798665523529053,0.050000011920928955,1582000
2,6329,250,1686.4381103515625,6.745752334594727,3.4229390621185303,0.050000011920928955,1582250
2,6330,250,1752.069580078125,7.0082783699035645,3.2397241592407227,0.050000011920928955,1582500
2,6331,250,1736.01123046875,6.944045066833496,3.131706476211548,0.050000011920928955,1582750
2,6332,250,122.60031127929688,0.4904012382030487,3.130974531173706,0.050000011920928955,1583000
2,6333,250,1631.9736328125,6.527894496917725,3.710719585418701,0.050000011920928955,1583250
2,6334,250,1669.44140625,6.677765846252441,3.566746950149536,0.050000011920928955,1583500
2,6335,250,1766.699462890625,7.066797733306885,3.5287868976593018,0.050000011920928955,1583750
2,6336,250,1567.34326171875,6.269372940063477,3.5982701778411865,0.050000011920928955,1584000
2,6337,250,1741.234375,6.964937686920166,3.581554412841797,0.050000011920928955,1584250
2,6338,250,1166.253173828125,4.665012836456299,3.4989101886749268,0.050000011920928955,1584500
2,6339,250,1373.89501953125,5.495580196380615,3.5325965881347656,0.050000011920928955,1584750
2,6340,250,1784.950439453125,7.139801979064941,3.3562943935394287,0.050000011920928955,1585000
2,6341,250,1566.740234375,6.266961097717285,3.6340224742889404,0.050000011920928955,1585250
2,6342,250,1008.8494873046875,4.035398006439209,3.3891589641571045,0.050000011920928955,1585500
2,6343,250,1749.9599609375,6.999839782714844,3.474898338317871,0.050000011920928955,1585750
2,6344,250,1180.205078125,4.720820426940918,3.361478805541992,0.050000011920928955,1586000
2,6345,250,1753.85693359375,7.015427589416504,3.5319316387176514,0.050000011920928955,1586250
2,6346,250,1779.2547607421875,7.117019176483154,3.6120941638946533,0.050000011920928955,1586500
2,6347,250,114.84083557128906,0.45936334133148193,3.499453544616699,0.050000011920928955,1586750
2,6348,250,1789.9920654296875,7.159968376159668,3.6161715984344482,0.050000011920928955,1587000
2,6349,250,1765.59765625,7.0623908042907715,3.659858465194702,0.050000011920928955,1587250
2,6350,250,163.91098022460938,0.6556439399719238,3.699265480041504,0.050000011920928955,1587500
2,6351,250,1714.79833984375,6.859193325042725,3.6854043006896973,0.050000011920928955,1587750
2,6352,250,1943.748291015625,7.774992942810059,3.7771084308624268,0.050000011920928955,1588000
2,6353,250,1774.75,7.098999977111816,3.931311845779419,0.050000011920928955,1588250
2,6354,250,44.4156379699707,0.17766255140304565,3.8350493907928467,0.050000011920928955,1588500
2,6355,250,1748.67236328125,6.994689464569092,4.116858005523682,0.050000011920928955,1588750
2,6356,250,176.3934783935547,0.7055739164352417,3.997199296951294,0.050000011920928955,1589000
2,6357,250,50.63194274902344,0.20252777636051178,4.414422988891602,0.050000011920928955,1589250
2,6358,250,1698.635009765625,6.794539928436279,4.3070244789123535,0.050000011920928955,1589500
2,6359,250,1130.9306640625,4.5237226486206055,4.340319633483887,0.050000011920928955,1589750
2,6360,250,27.244752883911133,0.1089790090918541,4.233279228210449,0.050000011920928955,1590000
2,6361,250,47.41685104370117,0.18966740369796753,4.608729839324951,0.050000011920928955,1590250
2,6362,250,1004.5313110351562,4.018125057220459,4.848714351654053,0.050000011920928955,1590500
2,6363,250,61.040740966796875,0.24416296184062958,4.672818660736084,0.050000011920928955,1590750
2,6364,250,1894.94384765625,7.579775333404541,4.937641143798828,0.050000011920928955,1591000
2,6365,250,1912.303955078125,7.6492156982421875,5.0614213943481445,0.050000011920928955,1591250
2,6366,250,61.1368408203125,0.24454736709594727,4.822175025939941,0.050000011920928955,1591500
2,6367,250,1858.3349609375,7.433340072631836,4.866971969604492,0.050000011920928955,1591750
2,6368,250,1920.8927001953125,7.683570861816406,4.925121784210205,0.050000011920928955,1592000
2,6369,250,1299.9881591796875,5.199952602386475,5.450021266937256,0.050000011920928955,1592250
2,6370,250,98.75808715820312,0.3950323462486267,5.144623279571533,0.050000011920928955,1592500
2,6371,250,-66.30833435058594,-0.2652333378791809,5.572332859039307,0.050000011920928955,1592750
2,6372,250,-499.7996520996094,-1.99919855594635,5.427850723266602,0.050000011920928955,1593000
2,6373,250,-500.0800476074219,-2.0003201961517334,5.433797359466553,0.050000011920928955,1593250
2,6374,250,420.7483215332031,1.6829932928085327,5.444671630859375,0.050000011920928955,1593500
2,6375,250,1739.1171875,6.95646858215332,4.999119758605957,0.050000011920928955,1593750
2,6376,250,650.6326293945312,2.6025304794311523,5.101739883422852,0.050000011920928955,1594000
2,6377,250,1613.531494140625,6.454125881195068,5.458116054534912,0.050000011920928955,1594250
2,6378,250,1574.5421142578125,6.298168659210205,5.437065601348877,0.050000011920928955,1594500
2,6379,250,1757.406494140625,7.02962589263916,5.360821723937988,0.050000011920928955,1594750
2,6380,250,994.1685180664062,3.9766740798950195,5.1929030418396,0.050000011920928955,1595000
2,6381,250,1683.558349609375,6.734233379364014,5.323544979095459,0.050000011920928955,1595250
2,6382,250,71.86036682128906,0.2874414622783661,5.19095516204834,0.050000011920928955,1595500
2,6383,250,1724.153564453125,6.896614074707031,5.4466962814331055,0.050000011920928955,1595750
2,6384,250,553.9411010742188,2.2157645225524902,5.333276748657227,0.050000011920928955,1596000
2,6385,250,1766.76123046875,7.067044734954834,5.377939701080322,0.050000011920928955,1596250
2,6386,250,1502.7464599609375,6.010985851287842,5.368884086608887,0.050000011920928955,1596500
2,6387,250,1783.74072265625,7.134963035583496,5.191584587097168,0.050000011920928955,1596750
2,6388,250,98.76072692871094,0.39504289627075195,5.264895439147949,0.050000011920928955,1597000
2,6389,250,120.70939636230469,0.48283758759498596,5.50375509262085,0.050000011920928955,1597250
2,6390,250,1576.8568115234375,6.307427406311035,5.8568034172058105,0.050000011920928955,1597500
2,6391,250,1783.6441650390625,7.134576797485352,5.177931308746338,0.050000011920928955,1597750
2,6392,250,1395.1297607421875,5.580519199371338,5.369998455047607,0.050000011920928955,1598000
2,6393,250,1512.5091552734375,6.050036430358887,5.768466472625732,0.050000011920928955,1598250
2,6394,250,1752.8974609375,7.011590003967285,5.444202423095703,0.050000011920928955,1598500
2,6395,250,1856.8720703125,7.427488327026367,5.211369514465332,0.050000011920928955,1598750
2,6396,250,1541.397705078125,6.165590763092041,5.322646617889404,0.050000011920928955,1599000
2,6397,250,1796.64306640625,7.186572074890137,5.353834629058838,0.050000011920928955,1599250
2,6398,250,1782.9052734375,7.13162088394165,5.090569972991943,0.050000011920928955,1599500
2,6399,250,1937.267822265625,7.74907112121582,4.925053596496582,0.050000011920928955,1599750
2,6400,250,1819.79296875,7.279171943664551,4.871981143951416,0.050000011920928955,1600000
2,6401,250,1750.6492919921875,7.002597332000732,4.894413948059082,0.050000011920928955,1600250
2,6402,250,1776.47314453125,7.105892658233643,4.815279483795166,0.050000011920928955,1600500
2,6403,250,1760.9058837890625,7.043623447418213,4.553231716156006,0.050000011920928955,1600750
2,6404,250,1792.507080078125,7.170028209686279,4.10086727142334,0.050000011920928955,1601000
2,6405,250,1771.4093017578125,7.085637092590332,4.772738933563232,0.050000011920928955,1601250
2,6406,250,1816.5048828125,7.266019344329834,4.573744773864746,0.050000011920928955,1601500
2,6407,250,1827.0926513671875,7.308370590209961,4.359684944152832,0.050000011920928955,1601750
2,6408,250,1612.7664794921875,6.451066017150879,4.221185684204102,0.050000011920928955,1602000
2,6409,250,1774.730224609375,7.098920822143555,4.205888271331787,0.050000011920928955,1602250
2,6410,250,1766.642333984375,7.0665693283081055,4.19169282913208,0.050000011920928955,1602500
2,6411,250,1693.1326904296875,6.772530555725098,4.154335975646973,0.050000011920928955,1602750
2,6412,250,1685.94921875,6.7437968254089355,3.989605188369751,0.050000011920928955,1603000
2,6413,250,1490.343994140625,5.961376190185547,4.08822774887085,0.050000011920928955,1603250
2,6414,250,1798.425048828125,7.193700313568115,4.347527503967285,0.050000011920928955,1603500
2,6415,250,1803.5035400390625,7.214014053344727,4.141162872314453,0.050000011920928955,1603750
2,6416,250,1877.584228515625,7.510336875915527,4.017522811889648,0.050000011920928955,1604000
2,6417,250,1721.63525390625,6.88654088973999,3.6985676288604736,0.050000011920928955,1604250
2,6418,250,1438.364013671875,5.753456115722656,3.773838996887207,0.050000011920928955,1604500
2,6419,250,1635.510009765625,6.54203987121582,3.7424774169921875,0.050000011920928955,1604750
2,6420,250,1766.6806640625,7.066722869873047,3.8125102519989014,0.050000011920928955,1605000
2,6421,250,1723.6090087890625,6.894435882568359,3.8844032287597656,0.050000011920928955,1605250
2,6422,250,1762.6318359375,7.050527572631836,3.741960048675537,0.050000011920928955,1605500
2,6423,250,1902.0123291015625,7.608049392700195,3.8036551475524902,0.050000011920928955,1605750
2,6424,250,1524.674560546875,6.098698139190674,3.7290263175964355,0.050000011920928955,1606000
2,6425,250,1911.209716796875,7.644838809967041,3.455348014831543,0.050000011920928955,1606250
2,6426,250,1758.963134765625,7.035852432250977,3.4546401500701904,0.050000011920928955,1606500
2,6427,250,1612.977783203125,6.451910972595215,3.3702661991119385,0.050000011920928955,1606750
2,6428,250,1921.880126953125,7.687520503997803,3.381317377090454,0.050000011920928955,1607000
2,6429,250,1816.5618896484375,7.266247749328613,3.2690188884735107,0.050000011920928955,1607250
2,6430,250,1461.4654541015625,5.845861911773682,2.8918964862823486,0.050000011920928955,1607500
2,6431,250,1758.9189453125,7.035676002502441,2.969109535217285,0.050000011920928955,1607750
2,6432,250,119.24848175048828,0.4769939184188843,2.8994812965393066,0.050000011920928955,1608000
2,6433,250,139.7752227783203,0.559100866317749,3.2885098457336426,0.050000011920928955,1608250
2,6434,250,1523.953857421875,6.095815658569336,3.5017144680023193,0.050000011920928955,1608500
2,6435,250,1889.120849609375,7.556483268737793,3.1377580165863037,0.050000011920928955,1608750
2,6436,250,1761.362548828125,7.045450210571289,3.442516803741455,0.050000011920928955,1609000
2,6437,250,76.25382232666016,0.30501529574394226,3.604755163192749,0.050000011920928955,1609250
2,6438,250,1726.78125,6.907124996185303,3.710195779800415,0.050000011920928955,1609500
2,6439,250,119.62041473388672,0.478481650352478,3.84110951423645,0.050000011920928955,1609750
2,6440,250,1755.1871337890625,7.020748615264893,3.807311773300171,0.050000011920928955,1610000
2,6441,250,31.49561882019043,0.12598247826099396,4.119359016418457,0.050000011920928955,1610250
2,6442,250,1750.6903076171875,7.002761363983154,3.973813772201538,0.050000011920928955,1610500
2,6443,250,1915.9561767578125,7.663824558258057,3.8996665477752686,0.050000011920928955,1610750
2,6444,250,1914.725341796875,7.658901214599609,3.909701347351074,0.050000011920928955,1611000
2,6445,250,1466.09619140625,5.864384651184082,4.135564804077148,0.050000011920928955,1611250
2,6446,250,1730.10009765625,6.920400619506836,4.339906692504883,0.050000011920928955,1611500
2,6447,250,1930.05078125,7.720202922821045,3.976062297821045,0.050000011920928955,1611750
2,6448,250,1798.2840576171875,7.193136215209961,4.0318193435668945,0.050000011920928955,1612000
2,6449,250,61.86019515991211,0.24744078516960144,4.070895671844482,0.050000011920928955,1612250
2,6450,250,1557.327880859375,6.229311466217041,4.298748970031738,0.050000011920928955,1612500
2,6451,250,1779.2867431640625,7.117146968841553,4.318458557128906,0.050000011920928955,1612750
2,6452,250,1771.2623291015625,7.085049152374268,4.062716484069824,0.050000011920928955,1613000
2,6453,250,1821.649658203125,7.2865986824035645,4.238771915435791,0.050000011920928955,1613250
2,6454,250,1677.7088623046875,6.7108354568481445,4.319593906402588,0.050000011920928955,1613500
2,6455,250,642.3673095703125,2.5694692134857178,4.1439208984375,0.050000011920928955,1613750
2,6456,250,1622.855712890625,6.491422653198242,4.061779975891113,0.050000011920928955,1614000
2,6457,250,1743.8192138671875,6.975276947021484,4.222403526306152,0.050000011920928955,1614250
2,6458,250,549.751953125,2.199007749557495,4.203607559204102,0.050000011920928955,1614500
2,6459,250,1717.389892578125,6.8695597648620605,4.347816467285156,0.050000011920928955,1614750
2,6460,250,1734.0302734375,6.936120986938477,4.016339302062988,0.050000011920928955,1615000
2,6461,250,1229.9610595703125,4.919844150543213,4.4993815422058105,0.050000011920928955,1615250
2,6462,250,-213.90667724609375,-0.8556267023086548,4.557152271270752,0.050000011920928955,1615500
2,6463,250,144.42816162109375,0.5777126550674438,4.538078308105469,0.050000011920928955,1615750
2,6464,250,1741.561279296875,6.966245174407959,4.492288112640381,0.050000011920928955,1616000
2,6465,250,1767.1451416015625,7.068580627441406,4.807215690612793,0.050000011920928955,1616250
2,6466,250,1389.5928955078125,5.558371543884277,4.492167949676514,0.050000011920928955,1616500
2,6467,250,1209.26025390625,4.837040901184082,4.347723484039307,0.050000011920928955,1616750
2,6468,250,1449.44091796875,5.797763824462891,4.561760902404785,0.050000011920928955,1617000
2,6469,250,1740.12890625,6.96051549911499,4.762246131896973,0.050000011920928955,1617250
2,6470,250,1471.777587890625,5.887110233306885,4.8339362144470215,0.050000011920928955,1617500
2,6471,250,1718.322021484375,6.873288154602051,4.413912773132324,0.050000011920928955,1617750
2,6472,250,1769.34521484375,7.077380657196045,4.54052734375,0.050000011920928955,1618000
2,6473,250,1729.5018310546875,6.9180073738098145,4.026668071746826,0.050000011920928955,1618250
2,6474,250,1570.496337890625,6.281985282897949,4.196288585662842,0.050000011920928955,1618500
2,6475,250,1355.1400146484375,5.420559883117676,4.035682678222656,0.050000011920928955,1618750
2,6476,250,1583.2935791015625,6.333174228668213,4.122008323669434,0.050000011920928955,1619000
2,6477,250,1531.3333740234375,6.125333309173584,4.007013320922852,0.050000011920928955,1619250
2,6478,250,1732.6566162109375,6.930626392364502,3.914522409439087,0.050000011920928955,1619500
2,6479,250,1755.496337890625,7.0219855308532715,3.8317103385925293,0.050000011920928955,1619750
2,6480,250,1680.84033203125,6.723361492156982,3.790245294570923,0.050000011920928955,1620000
2,6481,250,1819.691162109375,7.278764724731445,3.8673863410949707,0.050000011920928955,1620250
2,6482,250,1795.614013671875,7.182456016540527,3.543720006942749,0.050000011920928955,1620500
2,6483,250,1865.682373046875,7.462729454040527,3.4537110328674316,0.050000011920928955,1620750
2,6484,250,1828.2086181640625,7.3128342628479,3.2478837966918945,0.050000011920928955,1621000
2,6485,250,1777.693603515625,7.110774517059326,3.579810857772827,0.050000011920928955,1621250
2,6486,250,1908.0185546875,7.632074356079102,3.4655659198760986,0.050000011920928955,1621500
2,6487,250,1460.0574951171875,5.8402299880981445,3.590143918991089,0.050000011920928955,1621750
2,6488,250,1449.435546875,5.7977423667907715,3.402216672897339,0.050000011920928955,1622000
2,6489,250,1925.1844482421875,7.700737953186035,3.5728282928466797,0.050000011920928955,1622250
2,6490,250,1741.1961669921875,6.964784622192383,3.4807403087615967,0.050000011920928955,1622500
2,6491,250,1772.278564453125,7.089114189147949,3.279897928237915,0.050000011920928955,1622750
2,6492,250,1768.3046875,7.073218822479248,3.193300724029541,0.050000011920928955,1623000
2,6493,250,1910.4775390625,7.641910076141357,3.412217140197754,0.050000011920928955,1623250
2,6494,250,1742.178466796875,6.968713760375977,3.30499005317688,0.050000011920928955,1623500
2,6495,250,1776.440673828125,7.105762481689453,3.323138952255249,0.050000011920928955,1623750
2,6496,250,1738.217041015625,6.9528679847717285,3.0470821857452393,0.050000011920928955,1624000
2,6497,250,1910.9549560546875,7.643819808959961,3.093517780303955,0.050000011920928955,1624250
2,6498,250,1784.02880859375,7.136115074157715,3.008404016494751,0.050000011920928955,1624500
2,6499,250,1433.499755859375,5.733999252319336,2.8814408779144287,0.050000011920928955,1624750
2,6500,250,1908.060546875,7.632242202758789,2.7565972805023193,0.050000011920928955,1625000
2,6501,250,1479.8084716796875,5.919233798980713,2.9340600967407227,0.050000011920928955,1625250
2,6502,250,1766.347412109375,7.065389633178711,2.8406167030334473,0.050000011920928955,1625500
2,6503,250,1576.4129638671875,6.305651664733887,2.71217679977417,0.050000011920928955,1625750
2,6504,250,1769.937744140625,7.079751014709473,2.5973703861236572,0.050000011920928955,1626000
2,6505,250,1801.06591796875,7.204263687133789,2.7659099102020264,0.050000011920928955,1626250
2,6506,250,1661.21533203125,6.644861221313477,2.64351749420166,0.050000011920928955,1626500
2,6507,250,1907.939208984375,7.631756782531738,2.4405179023742676,0.050000011920928955,1626750
2,6508,250,1899.1483154296875,7.596593379974365,2.6090474128723145,0.050000011920928955,1627000
2,6509,250,1482.5269775390625,5.930108070373535,2.514758825302124,0.050000011920928955,1627250
2,6510,250,1689.104248046875,6.7564167976379395,2.5319244861602783,0.050000011920928955,1627500
2,6511,250,1900.85205078125,7.603408336639404,2.452965497970581,0.050000011920928955,1627750
2,6512,250,1929.1278076171875,7.716511249542236,2.5292680263519287,0.050000011920928955,1628000
2,6513,250,1936.995849609375,7.747983455657959,2.8392088413238525,0.050000011920928955,1628250
2,6514,250,1926.236572265625,7.704946517944336,2.4826173782348633,0.050000011920928955,1628500
2,6515,250,1931.0086669921875,7.724034786224365,2.537036895751953,0.050000011920928955,1628750
2,6516,250,1932.406005859375,7.729623794555664,2.340259075164795,0.050000011920928955,1629000
2,6517,250,1731.63134765625,6.926525592803955,2.4302709102630615,0.050000011920928955,1629250
2,6518,250,1736.3905029296875,6.94556188583374,2.475865602493286,0.050000011920928955,1629500
2,6519,250,1929.9990234375,7.719995975494385,2.274630308151245,0.050000011920928955,1629750
2,6520,250,1947.1934814453125,7.788774013519287,2.2162675857543945,0.050000011920928955,1630000
2,6521,250,1688.180908203125,6.752723693847656,2.2256312370300293,0.050000011920928955,1630250
2,6522,250,1957.94189453125,7.831767559051514,2.2599170207977295,0.050000011920928955,1630500
2,6523,250,1943.98974609375,7.775959014892578,2.199336051940918,0.050000011920928955,1630750
2,6524,250,1868.046142578125,7.472184658050537,2.1198883056640625,0.050000011920928955,1631000
2,6525,250,1698.67236328125,6.794689655303955,2.234074592590332,0.050000011920928955,1631250
2,6526,250,1926.060302734375,7.7042412757873535,2.4077587127685547,0.050000011920928955,1631500
2,6527,250,1924.2568359375,7.697027206420898,2.367793083190918,0.050000011920928955,1631750
2,6528,250,1869.5830078125,7.478332042694092,2.140892505645752,0.050000011920928955,1632000
2,6529,250,1624.3642578125,6.497457027435303,2.176570177078247,0.050000011920928955,1632250
2,6530,250,1708.28759765625,6.833150386810303,2.302581310272217,0.050000011920928955,1632500
2,6531,250,1568.620849609375,6.2744832038879395,2.2819666862487793,0.050000011920928955,1632750
2,6532,250,1785.5745849609375,7.142298221588135,2.2409849166870117,0.050000011920928955,1633000
2,6533,250,1867.66552734375,7.4706621170043945,2.3804352283477783,0.050000011920928955,1633250
2,6534,250,1734.3330078125,6.9373321533203125,2.311100721359253,0.050000011920928955,1633500
2,6535,250,1767.6502685546875,7.070600986480713,2.356081962585449,0.050000011920928955,1633750
2,6536,250,1593.583251953125,6.374332904815674,2.508078098297119,0.050000011920928955,1634000
2,6537,250,1746.7509765625,6.987003803253174,2.4107682704925537,0.050000011920928955,1634250
2,6538,250,1898.75537109375,7.5950212478637695,2.23166823387146,0.050000011920928955,1634500
2,6539,250,1843.773681640625,7.375094890594482,2.2265732288360596,0.050000011920928955,1634750
2,6540,250,1747.0775146484375,6.988309860229492,2.2022407054901123,0.050000011920928955,1635000
2,6541,250,1924.9853515625,7.699941635131836,2.293273687362671,0.050000011920928955,1635250
2,6542,250,1768.5322265625,7.074129104614258,2.215825080871582,0.050000011920928955,1635500
2,6543,250,1727.367919921875,6.90947151184082,2.2075462341308594,0.050000011920928955,1635750
2,6544,250,1628.358154296875,6.513432502746582,2.2890305519104004,0.050000011920928955,1636000
2,6545,250,1497.32763671875,5.9893107414245605,2.3397676944732666,0.050000011920928955,1636250
2,6546,250,1531.0704345703125,6.124281883239746,2.199704170227051,0.050000011920928955,1636500
2,6547,250,1799.95361328125,7.199814319610596,2.1933047771453857,0.050000011920928955,1636750
2,6548,250,1713.7152099609375,6.854860782623291,1.9269980192184448,0.050000011920928955,1637000
2,6549,250,1720.19384765625,6.880775451660156,2.2960307598114014,0.050000011920928955,1637250
2,6550,250,1733.740478515625,6.934961795806885,2.1529393196105957,0.050000011920928955,1637500
2,6551,250,1560.4136962890625,6.241654872894287,2.248274564743042,0.050000011920928955,1637750
2,6552,250,1650.355224609375,6.601420879364014,1.9844856262207031,0.050000011920928955,1638000
2,6553,250,1701.7470703125,6.80698823928833,2.2255847454071045,0.050000011920928955,1638250
2,6554,250,1677.469970703125,6.7098798751831055,2.3779613971710205,0.050000011920928955,1638500
2,6555,250,1750.313232421875,7.001253128051758,2.190430164337158,0.050000011920928955,1638750
2,6556,250,1710.8487548828125,6.843395233154297,2.145120859146118,0.050000011920928955,1639000
2,6557,250,1317.990966796875,5.271964073181152,2.4593050479888916,0.050000011920928955,1639250
2,6558,250,1542.6258544921875,6.170503616333008,2.173647880554199,0.050000011920928955,1639500
2,6559,250,1773.804443359375,7.095217704772949,2.2375454902648926,0.050000011920928955,1639750
2,6560,250,1721.997314453125,6.887989044189453,2.1947267055511475,0.050000011920928955,1640000
2,6561,250,502.7869873046875,2.011147975921631,2.2871203422546387,0.050000011920928955,1640250
2,6562,250,674.1832885742188,2.696733236312866,2.3344287872314453,0.050000011920928955,1640500
2,6563,250,1729.869873046875,6.9194793701171875,2.0697476863861084,0.050000011920928955,1640750
2,6564,250,1441.651123046875,5.766604423522949,2.329192638397217,0.050000011920928955,1641000
2,6565,250,893.2293701171875,3.5729174613952637,2.325692892074585,0.050000011920928955,1641250
2,6566,250,1741.652099609375,6.96660852432251,2.4915611743927,0.050000011920928955,1641500
2,6567,250,1780.671142578125,7.122684478759766,2.3812742233276367,0.050000011920928955,1641750
2,6568,250,1725.0748291015625,6.900299549102783,2.381955623626709,0.050000011920928955,1642000
2,6569,250,1723.349609375,6.893398284912109,2.42486834526062,0.050000011920928955,1642250
2,6570,250,1766.171142578125,7.0646843910217285,2.255570411682129,0.050000011920928955,1642500
2,6571,250,1263.518310546875,5.054073333740234,2.240001916885376,0.050000011920928955,1642750
2,6572,250,1758.603515625,7.034414291381836,2.172856569290161,0.050000011920928955,1643000
2,6573,250,1662.283447265625,6.649133682250977,2.5874006748199463,0.050000011920928955,1643250
2,6574,250,1330.246337890625,5.320985317230225,2.377331018447876,0.050000011920928955,1643500
2,6575,250,1653.758544921875,6.615034103393555,2.446362257003784,0.050000011920928955,1643750
2,6576,250,1763.2130126953125,7.052852153778076,2.465301036834717,0.050000011920928955,1644000
2,6577,250,1721.726806640625,6.88690710067749,2.4702088832855225,0.050000011920928955,1644250
2,6578,250,1789.93603515625,7.1597442626953125,2.5744714736938477,0.050000011920928955,1644500
2,6579,250,1554.07763671875,6.216310501098633,2.555931329727173,0.050000011920928955,1644750
2,6580,250,1780.093017578125,7.120372295379639,2.528064012527466,0.050000011920928955,1645000
2,6581,250,1371.0474853515625,5.484189987182617,2.898810863494873,0.050000011920928955,1645250
2,6582,250,1754.1729736328125,7.0166916847229,2.7326178550720215,0.050000011920928955,1645500
2,6583,250,1737.77099609375,6.951084136962891,2.4819743633270264,0.050000011920928955,1645750
2,6584,250,1769.684814453125,7.078739166259766,2.674358606338501,0.050000011920928955,1646000
2,6585,250,1805.12451171875,7.220498085021973,2.7871415615081787,0.050000011920928955,1646250
2,6586,250,1756.84814453125,7.027392387390137,2.699531078338623,0.050000011920928955,1646500
2,6587,250,1643.08251953125,6.572329998016357,2.4451353549957275,0.050000011920928955,1646750
2,6588,250,1767.6126708984375,7.070450782775879,2.469125509262085,0.050000011920928955,1647000
2,6589,250,1797.2763671875,7.18910551071167,2.8025035858154297,0.050000011920928955,1647250
2,6590,250,1827.1517333984375,7.30860710144043,2.658738851547241,0.050000011920928955,1647500
2,6591,250,1797.5240478515625,7.190096378326416,2.440769672393799,0.050000011920928955,1647750
2,6592,250,1741.7890625,6.967156410217285,2.729569435119629,0.050000011920928955,1648000
2,6593,250,1685.8360595703125,6.743344306945801,2.7708256244659424,0.050000011920928955,1648250
2,6594,250,1762.7872314453125,7.051148891448975,3.0464746952056885,0.050000011920928955,1648500
2,6595,250,1783.118896484375,7.13247537612915,2.4926369190216064,0.050000011920928955,1648750
2,6596,250,1758.068359375,7.032273292541504,2.6083531379699707,0.050000011920928955,1649000
2,6597,250,1768.01171875,7.072046756744385,2.750474214553833,0.050000011920928955,1649250
2,6598,250,1795.375732421875,7.181502819061279,2.5529322624206543,0.050000011920928955,1649500
2,6599,250,1653.502197265625,6.614008903503418,2.48709774017334,0.050000011920928955,1649750
2,6600,250,1760.8782958984375,7.043513298034668,2.7051351070404053,0.050000011920928955,1650000
2,6601,250,1766.2646484375,7.065058708190918,2.586195230484009,0.050000011920928955,1650250
2,6602,250,1358.78759765625,5.435150623321533,2.4412829875946045,0.050000011920928955,1650500
2,6603,250,1718.93701171875,6.875748157501221,2.8224775791168213,0.050000011920928955,1650750
2,6604,250,1913.86669921875,7.6554670333862305,2.188298463821411,0.050000011920928955,1651000
2,6605,250,1908.924560546875,7.635698318481445,2.448219060897827,0.050000011920928955,1651250
2,6606,250,1733.853515625,6.935413837432861,2.329174757003784,0.050000011920928955,1651500
2,6607,250,1803.390869140625,7.213563442230225,2.2822225093841553,0.050000011920928955,1651750
2,6608,250,1359.765380859375,5.439061641693115,2.3514931201934814,0.050000011920928955,1652000
2,6609,250,1765.848876953125,7.0633955001831055,2.372223377227783,0.050000011920928955,1652250
2,6610,250,1930.9466552734375,7.7237868309021,2.288947105407715,0.050000011920928955,1652500
2,6611,250,1932.278076171875,7.729112148284912,2.2430553436279297,0.050000011920928955,1652750
2,6612,250,1758.018798828125,7.03207540512085,2.220046043395996,0.050000011920928955,1653000
2,6613,250,1336.122314453125,5.344489097595215,2.3840627670288086,0.050000011920928955,1653250
2,6614,250,-500.158935546875,-2.0006356239318848,2.1815226078033447,0.050000011920928955,1653500
2,6615,250,1747.4210205078125,6.989684104919434,2.189889669418335,0.050000011920928955,1653750
2,6616,250,1727.8494873046875,6.911397933959961,2.0932834148406982,0.050000011920928955,1654000
2,6617,250,1811.694580078125,7.24677848815918,2.2841761112213135,0.050000011920928955,1654250
2,6618,250,1554.304931640625,6.217219829559326,2.0012755393981934,0.050000011920928955,1654500
2,6619,250,1918.753173828125,7.675012588500977,2.2404215335845947,0.050000011920928955,1654750
2,6620,250,1704.3707275390625,6.817482948303223,2.155304431915283,0.050000011920928955,1655000
2,6621,250,1888.1170654296875,7.552468299865723,2.2167556285858154,0.050000011920928955,1655250
2,6622,250,1588.505615234375,6.35402250289917,1.9224717617034912,0.050000011920928955,1655500
2,6623,250,1686.8118896484375,6.747247695922852,2.0791165828704834,0.050000011920928955,1655750
2,6624,250,1667.050537109375,6.668201923370361,2.124704599380493,0.050000011920928955,1656000
2,6625,250,1904.640625,7.618562698364258,2.2276878356933594,0.050000011920928955,1656250
2,6626,250,1681.8985595703125,6.727594375610352,2.099109411239624,0.050000011920928955,1656500
2,6627,250,1704.887451171875,6.819550037384033,2.033442974090576,0.050000011920928955,1656750
2,6628,250,1945.864990234375,7.7834601402282715,2.0448708534240723,0.050000011920928955,1657000
2,6629,250,1922.98974609375,7.691958904266357,2.0709033012390137,0.050000011920928955,1657250
2,6630,250,1740.619873046875,6.962479591369629,1.901909351348877,0.050000011920928955,1657500
2,6631,250,1914.40478515625,7.657618999481201,1.9494656324386597,0.050000011920928955,1657750
2,6632,250,1885.622802734375,7.542491436004639,1.9995356798171997,0.050000011920928955,1658000
2,6633,250,1748.099365234375,6.992397308349609,2.2001307010650635,0.050000011920928955,1658250
2,6634,250,1920.4815673828125,7.681926250457764,2.108093738555908,0.050000011920928955,1658500
2,6635,250,1727.5418701171875,6.910167694091797,2.0928328037261963,0.050000011920928955,1658750
2,6636,250,1565.233642578125,6.260934352874756,2.123094081878662,0.050000011920928955,1659000
2,6637,250,1946.139404296875,7.784557819366455,2.04297137260437,0.050000011920928955,1659250
2,6638,250,1862.7882080078125,7.451152801513672,1.9438364505767822,0.050000011920928955,1659500
2,6639,250,1711.524169921875,6.846096515655518,2.170529365539551,0.050000011920928955,1659750
2,6640,250,1792.997802734375,7.171991348266602,2.039716958999634,0.050000011920928955,1660000
2,6641,250,1481.51953125,5.9260783195495605,2.1235506534576416,0.050000011920928955,1660250
2,6642,250,1715.3087158203125,6.861234664916992,2.2514920234680176,0.050000011920928955,1660500
2,6643,250,1572.26025390625,6.289041042327881,2.1031644344329834,0.050000011920928955,1660750
2,6644,250,1791.37939453125,7.165517807006836,2.0874836444854736,0.050000011920928955,1661000
2,6645,250,1898.08203125,7.592328071594238,2.175858497619629,0.050000011920928955,1661250
2,6646,250,1823.754638671875,7.295018672943115,2.0317165851593018,0.050000011920928955,1661500
2,6647,250,1765.953857421875,7.063815593719482,2.178692102432251,0.050000011920928955,1661750
2,6648,250,1749.5819091796875,6.998327732086182,2.243190050125122,0.050000011920928955,1662000
2,6649,250,1715.49560546875,6.861982345581055,2.057328462600708,0.050000011920928955,1662250
2,6650,250,1710.5682373046875,6.842272758483887,2.089350700378418,0.050000011920928955,1662500
2,6651,250,1710.1907958984375,6.840763092041016,1.991129994392395,0.050000011920928955,1662750
2,6652,250,1771.419189453125,7.085676670074463,1.9335825443267822,0.050000011920928955,1663000
2,6653,250,1769.43359375,7.077734470367432,2.041632652282715,0.050000011920928955,1663250
2,6654,250,1697.939453125,6.791757583618164,2.1481244564056396,0.050000011920928955,1663500
2,6655,250,1753.294921875,7.013179779052734,2.033658981323242,0.050000011920928955,1663750
2,6656,250,1554.7554931640625,6.219021797180176,1.9971342086791992,0.050000011920928955,1664000
2,6657,250,1833.90625,7.335625171661377,2.0406877994537354,0.050000011920928955,1664250
2,6658,250,1761.174560546875,7.044698238372803,2.0701723098754883,0.050000011920928955,1664500
2,6659,250,1924.033447265625,7.696133613586426,2.1934618949890137,0.050000011920928955,1664750
2,6660,250,1705.1123046875,6.820449352264404,2.0193369388580322,0.050000011920928955,1665000
2,6661,250,1729.27587890625,6.917103290557861,1.97443425655365,0.050000011920928955,1665250
2,6662,250,1757.61474609375,7.030458927154541,2.114254951477051,0.050000011920928955,1665500
2,6663,250,1707.698486328125,6.830793857574463,2.1521337032318115,0.050000011920928955,1665750
2,6664,250,1736.2713623046875,6.945085525512695,2.0565052032470703,0.050000011920928955,1666000
2,6665,250,1727.9337158203125,6.9117350578308105,2.1418025493621826,0.050000011920928955,1666250
2,6666,250,1726.54541015625,6.906181812286377,2.052889585494995,0.050000011920928955,1666500
2,6667,250,1735.29443359375,6.941177845001221,2.1390631198883057,0.050000011920928955,1666750
2,6668,250,1740.72607421875,6.962904453277588,2.139380693435669,0.050000011920928955,1667000
2,6669,250,1728.906494140625,6.915626049041748,2.3519949913024902,0.050000011920928955,1667250
2,6670,250,1747.315673828125,6.989262580871582,2.3160722255706787,0.050000011920928955,1667500
2,6671,250,1727.0548095703125,6.908219337463379,2.124162435531616,0.050000011920928955,1667750
2,6672,250,1722.5545654296875,6.890218257904053,2.11911678314209,0.050000011920928955,1668000
2,6673,250,1703.8228759765625,6.815291404724121,2.3453221321105957,0.050000011920928955,1668250
2,6674,250,1773.608154296875,7.094432830810547,2.175602912902832,0.050000011920928955,1668500
2,6675,250,1794.098388671875,7.176393508911133,2.142521858215332,0.050000011920928955,1668750
2,6676,250,1802.122314453125,7.208489418029785,1.91996431350708,0.050000011920928955,1669000
2,6677,250,1783.23828125,7.13295316696167,2.13626766204834,0.050000011920928955,1669250
2,6678,250,1719.6568603515625,6.878627300262451,1.9841911792755127,0.050000011920928955,1669500
2,6679,250,1712.511474609375,6.850045680999756,2.063467502593994,0.050000011920928955,1669750
2,6680,250,1776.07421875,7.104296684265137,2.02390718460083,0.050000011920928955,1670000
2,6681,250,1659.4005126953125,6.637601852416992,2.1800954341888428,0.050000011920928955,1670250
2,6682,250,1720.8829345703125,6.88353157043457,2.09757924079895,0.050000011920928955,1670500
2,6683,250,1726.599365234375,6.906397342681885,1.9950156211853027,0.050000011920928955,1670750
2,6684,250,1751.9339599609375,7.007735729217529,1.9692496061325073,0.050000011920928955,1671000
2,6685,250,1681.5478515625,6.726191520690918,2.059946060180664,0.050000011920928955,1671250
2,6686,250,1742.98291015625,6.971931457519531,2.0038793087005615,0.050000011920928955,1671500
2,6687,250,1768.3267822265625,7.073307037353516,1.8389487266540527,0.050000011920928955,1671750
2,6688,250,1740.4129638671875,6.961651802062988,1.8189483880996704,0.050000011920928955,1672000
2,6689,250,1735.515625,6.9420623779296875,1.773667812347412,0.050000011920928955,1672250
2,6690,250,1688.3514404296875,6.753405570983887,1.8981610536575317,0.050000011920928955,1672500
2,6691,250,1657.8857421875,6.631543159484863,1.8976577520370483,0.050000011920928955,1672750
2,6692,250,1715.976318359375,6.863905429840088,1.877807855606079,0.050000011920928955,1673000
2,6693,250,1673.311767578125,6.693246841430664,2.0517075061798096,0.050000011920928955,1673250
2,6694,250,1725.476806640625,6.901907444000244,2.046844482421875,0.050000011920928955,1673500
2,6695,250,1573.148193359375,6.292593002319336,1.9566937685012817,0.050000011920928955,1673750
2,6696,250,1639.429931640625,6.557719707489014,1.9383105039596558,0.050000011920928955,1674000
2,6697,250,1664.6544189453125,6.6586174964904785,2.114368438720703,0.050000011920928955,1674250
2,6698,250,1712.4444580078125,6.849777698516846,2.075284481048584,0.050000011920928955,1674500
2,6699,250,1721.8731689453125,6.887492656707764,2.0422818660736084,0.050000011920928955,1674750
2,6700,250,1679.086181640625,6.716344833374023,2.010199546813965,0.050000011920928955,1675000
2,6701,250,1746.4580078125,6.985832214355469,2.0285897254943848,0.050000011920928955,1675250
2,6702,250,1725.225830078125,6.900903224945068,1.929634928703308,0.050000011920928955,1675500
2,6703,250,1682.9774169921875,6.73190975189209,2.069672107696533,0.050000011920928955,1675750
2,6704,250,1735.8056640625,6.943222522735596,1.8600611686706543,0.050000011920928955,1676000
2,6705,250,1533.6044921875,6.13441801071167,1.9985419511795044,0.050000011920928955,1676250
2,6706,250,1736.8975830078125,6.947590351104736,2.0179574489593506,0.050000011920928955,1676500
2,6707,250,1675.9935302734375,6.70397424697876,2.007930040359497,0.050000011920928955,1676750
2,6708,250,1774.313232421875,7.09725284576416,1.8693996667861938,0.050000011920928955,1677000
2,6709,250,1614.6414794921875,6.458565711975098,2.1995651721954346,0.050000011920928955,1677250
2,6710,250,1664.3614501953125,6.657445907592773,2.097709894180298,0.050000011920928955,1677500
2,6711,250,1935.55224609375,7.742208957672119,2.1132609844207764,0.050000011920928955,1677750
2,6712,250,1688.7835693359375,6.755134105682373,1.9475008249282837,0.050000011920928955,1678000
2,6713,250,1685.91015625,6.743640422821045,2.2248663902282715,0.050000011920928955,1678250
2,6714,250,1746.937744140625,6.987751007080078,2.2157373428344727,0.050000011920928955,1678500
2,6715,250,1673.76220703125,6.695048809051514,2.1584486961364746,0.050000011920928955,1678750
2,6716,250,1929.6396484375,7.7185587882995605,2.07010817527771,0.050000011920928955,1679000
2,6717,250,1768.984130859375,7.075936317443848,2.1211984157562256,0.050000011920928955,1679250
2,6718,250,1664.5789794921875,6.658316135406494,2.0084078311920166,0.050000011920928955,1679500
2,6719,250,1719.472900390625,6.877891540527344,2.0673224925994873,0.050000011920928955,1679750
2,6720,250,1838.3037109375,7.353214740753174,2.045356035232544,0.050000011920928955,1680000
2,6721,250,1744.5487060546875,6.978194713592529,2.071132183074951,0.050000011920928955,1680250
2,6722,250,1490.02197265625,5.960087776184082,2.2213997840881348,0.050000011920928955,1680500
2,6723,250,1663.37841796875,6.6535139083862305,2.2684168815612793,0.050000011920928955,1680750
2,6724,250,1702.599365234375,6.810397624969482,2.025461196899414,0.050000011920928955,1681000
2,6725,250,1761.469970703125,7.04587984085083,2.0538272857666016,0.050000011920928955,1681250
2,6726,250,1755.8125,7.023250102996826,2.0867974758148193,0.050000011920928955,1681500
2,6727,250,1727.9683837890625,6.9118733406066895,2.2695770263671875,0.050000011920928955,1681750
2,6728,250,1790.826171875,7.163304805755615,2.223323345184326,0.050000011920928955,1682000
2,6729,250,1711.353515625,6.845414161682129,2.129065752029419,0.050000011920928955,1682250
2,6730,250,1755.271728515625,7.021086692810059,2.0850329399108887,0.050000011920928955,1682500
2,6731,250,1787.827880859375,7.15131139755249,2.071770668029785,0.050000011920928955,1682750
2,6732,250,1897.23974609375,7.588959217071533,2.015993595123291,0.050000011920928955,1683000
2,6733,250,1764.172607421875,7.056690216064453,2.144101619720459,0.050000011920928955,1683250
2,6734,250,1816.07666015625,7.264306545257568,2.0814568996429443,0.050000011920928955,1683500
2,6735,250,1388.0511474609375,5.552204608917236,1.9958213567733765,0.050000011920928955,1683750
2,6736,250,1379.40185546875,5.51760721206665,2.119846820831299,0.050000011920928955,1684000
2,6737,250,1822.99365234375,7.2919745445251465,2.161003828048706,0.050000011920928955,1684250
2,6738,250,1569.9595947265625,6.279838562011719,2.1796417236328125,0.050000011920928955,1684500
2,6739,250,1442.6837158203125,5.770734786987305,2.1915273666381836,0.050000011920928955,1684750
2,6740,250,1870.895263671875,7.483581066131592,2.2609448432922363,0.050000011920928955,1685000
2,6741,250,1773.0794677734375,7.092318058013916,2.0077662467956543,0.050000011920928955,1685250
2,6742,250,1906.6689453125,7.626675605773926,2.2167298793792725,0.050000011920928955,1685500
2,6743,250,1612.429931640625,6.4497199058532715,2.0714681148529053,0.050000011920928955,1685750
2,6744,250,1904.1138916015625,7.616455554962158,1.9744700193405151,0.050000011920928955,1686000
2,6745,250,1485.713134765625,5.94285249710083,2.142172336578369,0.050000011920928955,1686250
2,6746,250,1900.21826171875,7.600872993469238,2.1739301681518555,0.050000011920928955,1686500
2,6747,250,78.21622467041016,0.31286489963531494,2.3410940170288086,0.050000011920928955,1686750
2,6748,250,1427.974365234375,5.711897373199463,2.3257763385772705,0.050000011920928955,1687000
2,6749,250,1610.0157470703125,6.440062999725342,2.398799180984497,0.050000011920928955,1687250
2,6750,250,68.94685363769531,0.2757874131202698,2.5759341716766357,0.050000011920928955,1687500
2,6751,250,1588.852294921875,6.355409145355225,2.5237724781036377,0.050000011920928955,1687750
2,6752,250,1888.173828125,7.552695274353027,2.633693218231201,0.050000011920928955,1688000
2,6753,250,57.67524337768555,0.23070096969604492,2.738126039505005,0.050000011920928955,1688250
2,6754,250,1513.5054931640625,6.054021835327148,3.0738978385925293,0.050000011920928955,1688500
2,6755,250,62.935081481933594,0.25174033641815186,2.9961862564086914,0.050000011920928955,1688750
2,6756,250,1689.373779296875,6.757494926452637,2.964803457260132,0.050000011920928955,1689000
2,6757,250,1733.9832763671875,6.9359331130981445,2.9784021377563477,0.050000011920928955,1689250
2,6758,250,1920.841552734375,7.683366298675537,3.249250650405884,0.050000011920928955,1689500
2,6759,250,1901.32080078125,7.605283260345459,3.1534173488616943,0.050000011920928955,1689750
2,6760,250,997.3369140625,3.9893476963043213,3.11578369140625,0.050000011920928955,1690000
2,6761,250,1881.201416015625,7.524805545806885,3.093005418777466,0.050000011920928955,1690250
2,6762,250,1937.65087890625,7.750603675842285,3.0590717792510986,0.050000011920928955,1690500
2,6763,250,1812.404052734375,7.2496161460876465,2.8789331912994385,0.050000011920928955,1690750
2,6764,250,1885.646728515625,7.542586803436279,3.0860037803649902,0.050000011920928955,1691000
2,6765,250,1742.83642578125,6.971345901489258,3.057440996170044,0.050000011920928955,1691250
2,6766,250,1781.12060546875,7.12448263168335,3.1578562259674072,0.050000011920928955,1691500
2,6767,250,1468.448974609375,5.873795986175537,3.0227699279785156,0.050000011920928955,1691750
2,6768,250,1898.25927734375,7.593037128448486,3.1169049739837646,0.050000011920928955,1692000
2,6769,250,1602.13427734375,6.408536911010742,3.035944700241089,0.050000011920928955,1692250
2,6770,250,1855.417724609375,7.421670913696289,3.1473276615142822,0.050000011920928955,1692500
2,6771,250,1228.9267578125,4.915707111358643,2.8733386993408203,0.050000011920928955,1692750
2,6772,250,1803.348876953125,7.213395595550537,2.8641159534454346,0.050000011920928955,1693000
2,6773,250,1825.333740234375,7.301334857940674,3.19625186920166,0.050000011920928955,1693250
2,6774,250,1724.6494140625,6.898597717285156,3.0678045749664307,0.050000011920928955,1693500
2,6775,250,1701.201416015625,6.804805755615234,3.1095142364501953,0.050000011920928955,1693750
2,6776,250,1657.92236328125,6.631689548492432,2.82507061958313,0.050000011920928955,1694000
2,6777,250,1754.5638427734375,7.018255233764648,3.093792200088501,0.050000011920928955,1694250
2,6778,250,1756.41845703125,7.025673866271973,2.9146029949188232,0.050000011920928955,1694500
2,6779,250,1730.619384765625,6.922477722167969,3.109828472137451,0.050000011920928955,1694750
2,6780,250,1673.07763671875,6.692310333251953,3.026383399963379,0.050000011920928955,1695000
2,6781,250,1711.694580078125,6.846778392791748,3.116760015487671,0.050000011920928955,1695250
2,6782,250,1873.85009765625,7.495400428771973,3.0155560970306396,0.050000011920928955,1695500
2,6783,250,482.5633850097656,1.930253505706787,3.146369695663452,0.050000011920928955,1695750
2,6784,250,1782.74169921875,7.130966663360596,3.151087999343872,0.050000011920928955,1696000
2,6785,250,1665.1192626953125,6.660477161407471,3.394554853439331,0.050000011920928955,1696250
2,6786,250,1736.111083984375,6.944444179534912,3.331979513168335,0.050000011920928955,1696500
2,6787,250,1777.869873046875,7.11147928237915,3.0857326984405518,0.050000011920928955,1696750
2,6788,250,1751.87451171875,7.007498264312744,3.088571071624756,0.050000011920928955,1697000
2,6789,250,1762.7305908203125,7.050922393798828,3.0264034271240234,0.050000011920928955,1697250
2,6790,250,79.87466430664062,0.3194986581802368,3.0461666584014893,0.050000011920928955,1697500
2,6791,250,1717.056884765625,6.868227481842041,3.04744291305542,0.050000011920928955,1697750
2,6792,250,1906.286376953125,7.625145435333252,3.1720168590545654,0.050000011920928955,1698000
2,6793,250,329.9731140136719,1.319892406463623,3.0992414951324463,0.050000011920928955,1698250
2,6794,250,1825.259765625,7.301039218902588,3.1881725788116455,0.050000011920928955,1698500
2,6795,250,1659.7967529296875,6.639186859130859,2.9746782779693604,0.050000011920928955,1698750
2,6796,250,1731.990234375,6.9279608726501465,2.8293159008026123,0.050000011920928955,1699000
2,6797,250,1758.443359375,7.033773422241211,2.8721094131469727,0.050000011920928955,1699250
2,6798,250,1782.7459716796875,7.130983829498291,2.7967517375946045,0.050000011920928955,1699500
2,6799,250,1784.226806640625,7.13690710067749,2.6811940670013428,0.050000011920928955,1699750
2,6800,250,1792.4544677734375,7.169817924499512,2.7459261417388916,0.050000011920928955,1700000
2,6801,250,1772.49365234375,7.089974403381348,2.6502583026885986,0.050000011920928955,1700250
2,6802,250,1725.742919921875,6.9029717445373535,2.575075149536133,0.050000011920928955,1700500
2,6803,250,1725.6387939453125,6.902554988861084,2.5608301162719727,0.050000011920928955,1700750
2,6804,250,76.80523681640625,0.3072209358215332,2.744905948638916,0.050000011920928955,1701000
2,6805,250,1688.2064208984375,6.752825736999512,2.851701259613037,0.050000011920928955,1701250
2,6806,250,1696.94580078125,6.787783145904541,2.7594430446624756,0.050000011920928955,1701500
2,6807,250,1716.7774658203125,6.867109775543213,2.53406023979187,0.050000011920928955,1701750
2,6808,250,1686.6328125,6.7465314865112305,2.810370445251465,0.050000011920928955,1702000
2,6809,250,1727.051513671875,6.908205986022949,2.8510236740112305,0.050000011920928955,1702250
2,6810,250,1705.98486328125,6.823939323425293,2.80659818649292,0.050000011920928955,1702500
2,6811,250,144.6920166015625,0.5787680745124817,2.70622181892395,0.050000011920928955,1702750
2,6812,250,1768.6707763671875,7.07468318939209,2.586932897567749,0.050000011920928955,1703000
2,6813,250,89.32771301269531,0.35731086134910583,3.312640428543091,0.050000011920928955,1703250
2,6814,250,181.4583740234375,0.7258334755897522,3.2510335445404053,0.050000011920928955,1703500
2,6815,250,108.06553649902344,0.4322621524333954,3.1873061656951904,0.050000011920928955,1703750
2,6816,250,26.935626983642578,0.10774251073598862,3.729050874710083,0.050000011920928955,1704000
2,6817,250,13.484983444213867,0.05393993481993675,4.170626163482666,0.050000011920928955,1704250
2,6818,250,21.957502365112305,0.08783000707626343,4.180570602416992,0.050000011920928955,1704500
2,6819,250,-4.00751256942749,-0.016030050814151764,4.467464447021484,0.050000011920928955,1704750
2,6820,250,24.26087188720703,0.0970434844493866,4.311094284057617,0.050000011920928955,1705000
2,6821,250,32.034942626953125,0.12813976407051086,4.967616558074951,0.050000011920928955,1705250
2,6822,250,1689.029296875,6.756117343902588,5.02689790725708,0.050000011920928955,1705500
2,6823,250,1748.4417724609375,6.993767261505127,4.724519729614258,0.050000011920928955,1705750
2,6824,250,12.800287246704102,0.05120114982128143,4.453736782073975,0.050000011920928955,1706000
2,6825,250,-32.542781829833984,-0.13017112016677856,5.641273498535156,0.050000011920928955,1706250
2,6826,250,-21.201173782348633,-0.08480469882488251,5.391607761383057,0.050000011920928955,1706500
2,6827,250,-32.5522575378418,-0.1302090287208557,5.652456760406494,0.050000011920928955,1706750
2,6828,250,96.53192138671875,0.38612768054008484,5.7901835441589355,0.050000011920928955,1707000
2,6829,250,547.5650024414062,2.1902599334716797,6.558722972869873,0.050000011920928955,1707250
2,6830,250,1689.4334716796875,6.7577338218688965,6.4982404708862305,0.050000011920928955,1707500
2,6831,250,752.6786499023438,3.010714530944824,5.670594692230225,0.050000011920928955,1707750
2,6832,250,133.2178497314453,0.532871425151825,5.782851696014404,0.050000011920928955,1708000
2,6833,250,1094.6041259765625,4.378416538238525,6.886282444000244,0.050000011920928955,1708250
2,6834,250,1743.0322265625,6.972128868103027,6.590038299560547,0.050000011920928955,1708500
2,6835,250,1737.087646484375,6.948350429534912,6.354604244232178,0.050000011920928955,1708750
2,6836,250,-48.28156280517578,-0.19312624633312225,6.450542449951172,0.050000011920928955,1709000
2,6837,250,3.982480049133301,0.015929920598864555,6.991743087768555,0.050000011920928955,1709250
2,6838,250,-41.30392837524414,-0.16521571576595306,7.204041004180908,0.050000011920928955,1709500
2,6839,250,-7.381748199462891,-0.02952699363231659,6.977191925048828,0.050000011920928955,1709750
2,6840,250,-0.35410845279693604,-0.001416433835402131,7.137578010559082,0.050000011920928955,1710000
2,6841,250,1774.855712890625,7.099422931671143,7.657198429107666,0.050000011920928955,1710250
2,6842,250,10.421660423278809,0.04168664291501045,7.374314785003662,0.050000011920928955,1710500
2,6843,250,2.425654411315918,0.009702617302536964,7.21461820602417,0.050000011920928955,1710750
2,6844,250,14.852479934692383,0.05940992012619972,7.442824840545654,0.050000011920928955,1711000
2,6845,250,1374.39111328125,5.497564315795898,7.646219730377197,0.050000011920928955,1711250
2,6846,250,1766.3270263671875,7.065308094024658,7.111816883087158,0.050000011920928955,1711500
2,6847,250,27.689294815063477,0.11075717955827713,7.117183685302734,0.050000011920928955,1711750
2,6848,250,1781.4888916015625,7.125955581665039,7.3100786209106445,0.050000011920928955,1712000
2,6849,250,1773.86767578125,7.095470905303955,7.057283878326416,0.050000011920928955,1712250
2,6850,250,1241.229248046875,4.964917182922363,7.187466144561768,0.050000011920928955,1712500
2,6851,250,1655.504638671875,6.622018337249756,7.0759358406066895,0.050000011920928955,1712750
2,6852,250,1905.86865234375,7.623474597930908,6.9779953956604,0.050000011920928955,1713000
2,6853,250,67.50825500488281,0.2700330317020416,6.867671012878418,0.050000011920928955,1713250
2,6854,250,1847.64501953125,7.390580177307129,6.839829444885254,0.050000011920928955,1713500
2,6855,250,1830.417236328125,7.321669101715088,6.529758453369141,0.050000011920928955,1713750
2,6856,250,1671.203125,6.684812545776367,6.333298206329346,0.050000011920928955,1714000
2,6857,250,1742.6556396484375,6.970622539520264,6.225818634033203,0.050000011920928955,1714250
2,6858,250,1708.6448974609375,6.8345794677734375,6.054159164428711,0.050000011920928955,1714500
2,6859,250,1734.319091796875,6.937276363372803,5.730114936828613,0.050000011920928955,1714750
2,6860,250,1928.072021484375,7.712287902832031,5.709714412689209,0.050000011920928955,1715000
2,6861,250,1909.50732421875,7.638029098510742,5.655036449432373,0.050000011920928955,1715250
2,6862,250,1763.90771484375,7.055630683898926,5.297783374786377,0.050000011920928955,1715500
2,6863,250,60.3730583190918,0.24149222671985626,5.377995014190674,0.050000011920928955,1715750
2,6864,250,1787.0496826171875,7.14819860458374,5.195199489593506,0.050000011920928955,1716000
2,6865,250,1865.9652099609375,7.463860988616943,5.14734411239624,0.050000011920928955,1716250
2,6866,250,1805.4066162109375,7.221626281738281,4.795010089874268,0.050000011920928955,1716500
2,6867,250,1768.964111328125,7.0758562088012695,4.381419658660889,0.050000011920928955,1716750
2,6868,250,60.2739372253418,0.24109575152397156,4.459781646728516,0.050000011920928955,1717000
2,6869,250,1929.424560546875,7.717698097229004,4.443538665771484,0.050000011920928955,1717250
2,6870,250,56.462093353271484,0.22584837675094604,4.249207019805908,0.050000011920928955,1717500
2,6871,250,68.79647827148438,0.2751859128475189,4.178499698638916,0.050000011920928955,1717750
2,6872,250,71.9365234375,0.2877461016178131,4.251211166381836,0.050000011920928955,1718000
2,6873,250,1923.418212890625,7.6936726570129395,4.421761512756348,0.050000011920928955,1718250
2,6874,250,1607.5001220703125,6.430000305175781,4.210391998291016,0.050000011920928955,1718500
2,6875,250,1619.477294921875,6.477909088134766,4.152830600738525,0.050000011920928955,1718750
2,6876,250,1905.043701171875,7.620174884796143,3.9978201389312744,0.050000011920928955,1719000
2,6877,250,1684.8466796875,6.739386558532715,3.992751121520996,0.050000011920928955,1719250
2,6878,250,1894.5283203125,7.578113079071045,3.747523307800293,0.050000011920928955,1719500
2,6879,250,1924.501708984375,7.698006629943848,3.6910035610198975,0.050000011920928955,1719750
2,6880,250,1591.8336181640625,6.367334365844727,3.4954493045806885,0.050000011920928955,1720000
2,6881,250,1676.395263671875,6.705581188201904,3.62503981590271,0.050000011920928955,1720250
2,6882,250,1619.4951171875,6.477980613708496,3.567345380783081,0.050000011920928955,1720500
2,6883,250,1933.660888671875,7.734643459320068,3.413172960281372,0.050000011920928955,1720750
2,6884,250,1921.94873046875,7.6877946853637695,3.157089948654175,0.050000011920928955,1721000
2,6885,250,1918.152099609375,7.672608375549316,3.2625603675842285,0.050000011920928955,1721250
2,6886,250,1872.0906982421875,7.488362789154053,3.3990094661712646,0.050000011920928955,1721500
2,6887,250,1872.0858154296875,7.488343238830566,3.186755657196045,0.050000011920928955,1721750
2,6888,250,1859.163330078125,7.436653137207031,3.2034084796905518,0.050000011920928955,1722000
2,6889,250,1757.4266357421875,7.0297064781188965,3.0859622955322266,0.050000011920928955,1722250
2,6890,250,1712.1529541015625,6.848611831665039,3.15408992767334,0.050000011920928955,1722500
2,6891,250,1495.2728271484375,5.981091499328613,3.140719413757324,0.050000011920928955,1722750
2,6892,250,1683.2470703125,6.732988357543945,3.0331473350524902,0.050000011920928955,1723000
2,6893,250,1649.4013671875,6.5976057052612305,3.269420862197876,0.050000011920928955,1723250
2,6894,250,1474.716796875,5.898867130279541,3.0849108695983887,0.050000011920928955,1723500
2,6895,250,1879.6300048828125,7.518519878387451,3.1644909381866455,0.050000011920928955,1723750
2,6896,250,1872.28662109375,7.489146709442139,3.162468910217285,0.050000011920928955,1724000
2,6897,250,1901.335693359375,7.605342864990234,3.0277936458587646,0.050000011920928955,1724250
2,6898,250,1662.1783447265625,6.6487135887146,3.08500599861145,0.050000011920928955,1724500
2,6899,250,1832.622314453125,7.330489158630371,2.9802231788635254,0.050000011920928955,1724750
2,6900,250,1905.3795166015625,7.621518135070801,3.0454556941986084,0.050000011920928955,1725000
2,6901,250,1870.5579833984375,7.482232093811035,2.9969499111175537,0.050000011920928955,1725250
2,6902,250,1615.2431640625,6.460972785949707,3.2260687351226807,0.050000011920928955,1725500
2,6903,250,1700.06005859375,6.8002400398254395,2.950066566467285,0.050000011920928955,1725750
2,6904,250,1875.5140380859375,7.502056121826172,2.8593971729278564,0.050000011920928955,1726000
2,6905,250,1253.466796875,5.013867378234863,2.96049427986145,0.050000011920928955,1726250
2,6906,250,1892.230712890625,7.568922996520996,2.9208598136901855,0.050000011920928955,1726500
2,6907,250,1572.30029296875,6.289201259613037,2.9969351291656494,0.050000011920928955,1726750
2,6908,250,1184.5819091796875,4.738327503204346,2.86067533493042,0.050000011920928955,1727000
2,6909,250,1509.9954833984375,6.039981842041016,3.137882709503174,0.050000011920928955,1727250
2,6910,250,1521.98876953125,6.087954998016357,3.0131585597991943,0.050000011920928955,1727500
2,6911,250,1506.4876708984375,6.025950908660889,2.9357829093933105,0.050000011920928955,1727750
2,6912,250,1707.7655029296875,6.831061840057373,2.90840744972229,0.050000011920928955,1728000
2,6913,250,1728.1348876953125,6.912539482116699,3.073709726333618,0.050000011920928955,1728250
2,6914,250,1606.2069091796875,6.424827575683594,2.6355605125427246,0.050000011920928955,1728500
2,6915,250,1731.0408935546875,6.924163341522217,2.7277672290802,0.050000011920928955,1728750
2,6916,250,1884.01513671875,7.536060333251953,2.7396578788757324,0.050000011920928955,1729000
2,6917,250,1726.2115478515625,6.90484619140625,2.8223557472229004,0.050000011920928955,1729250
2,6918,250,1860.577392578125,7.442309379577637,2.760592460632324,0.050000011920928955,1729500
2,6919,250,1534.580322265625,6.138321399688721,2.779484748840332,0.050000011920928955,1729750
2,6920,250,1699.14306640625,6.796572208404541,2.6784799098968506,0.050000011920928955,1730000
2,6921,250,1914.0445556640625,7.656177997589111,2.8432323932647705,0.050000011920928955,1730250
2,6922,250,1524.582275390625,6.098329067230225,2.6736598014831543,0.050000011920928955,1730500
2,6923,250,1723.684326171875,6.894737243652344,2.7460641860961914,0.050000011920928955,1730750
2,6924,250,1703.12109375,6.812484264373779,2.568063497543335,0.050000011920928955,1731000
2,6925,250,1643.3975830078125,6.573590278625488,2.8593928813934326,0.050000011920928955,1731250
2,6926,250,1445.481689453125,5.78192663192749,2.87154221534729,0.050000011920928955,1731500
2,6927,250,1905.465087890625,7.621860504150391,2.9255735874176025,0.050000011920928955,1731750
2,6928,250,1695.09228515625,6.780369281768799,2.7666571140289307,0.050000011920928955,1732000
2,6929,250,1720.8480224609375,6.883391857147217,3.0883779525756836,0.050000011920928955,1732250
2,6930,250,1745.02001953125,6.9800801277160645,2.925370693206787,0.050000011920928955,1732500
2,6931,250,1894.4368896484375,7.577747344970703,2.8204517364501953,0.050000011920928955,1732750
2,6932,250,1781.6912841796875,7.126765251159668,2.7764055728912354,0.050000011920928955,1733000
2,6933,250,1681.4974365234375,6.725989818572998,2.704956293106079,0.050000011920928955,1733250
2,6934,250,1963.19970703125,7.852798938751221,2.8514461517333984,0.050000011920928955,1733500
2,6935,250,1953.367919921875,7.813471794128418,2.7113442420959473,0.050000011920928955,1733750
2,6936,250,1702.3804931640625,6.8095221519470215,2.728821277618408,0.050000011920928955,1734000
2,6937,250,1881.4091796875,7.525636672973633,2.8912642002105713,0.050000011920928955,1734250
2,6938,250,1923.120361328125,7.692481517791748,2.6410887241363525,0.050000011920928955,1734500
2,6939,250,1910.27197265625,7.641088008880615,2.6888856887817383,0.050000011920928955,1734750
2,6940,250,1918.1754150390625,7.672701835632324,2.6700713634490967,0.050000011920928955,1735000
2,6941,250,1917.1663818359375,7.668665409088135,2.8170807361602783,0.050000011920928955,1735250
2,6942,250,1717.4000244140625,6.869600296020508,2.683457612991333,0.050000011920928955,1735500
2,6943,250,1937.701416015625,7.750805854797363,2.7575809955596924,0.050000011920928955,1735750
2,6944,250,1946.89404296875,7.787576198577881,2.6479358673095703,0.050000011920928955,1736000
2,6945,250,1779.565673828125,7.118262767791748,2.5517849922180176,0.050000011920928955,1736250
2,6946,250,1963.23291015625,7.852931499481201,2.5072946548461914,0.050000011920928955,1736500
2,6947,250,1925.54833984375,7.702193260192871,2.4855782985687256,0.050000011920928955,1736750
2,6948,250,1907.33203125,7.62932825088501,2.423844814300537,0.050000011920928955,1737000
2,6949,250,1709.777587890625,6.839110374450684,2.4970149993896484,0.050000011920928955,1737250
2,6950,250,53.325042724609375,0.2133001685142517,2.471356153488159,0.050000011920928955,1737500
2,6951,250,1967.0836181640625,7.8683342933654785,2.483309745788574,0.050000011920928955,1737750
2,6952,250,1691.406494140625,6.765625953674316,2.3302290439605713,0.050000011920928955,1738000
2,6953,250,1963.894287109375,7.855576992034912,2.668421506881714,0.050000011920928955,1738250
2,6954,250,1935.4093017578125,7.741637229919434,2.587390422821045,0.050000011920928955,1738500
2,6955,250,1930.7386474609375,7.722954750061035,2.3202621936798096,0.050000011920928955,1738750
2,6956,250,1890.7218017578125,7.562887191772461,2.3593175411224365,0.050000011920928955,1739000
2,6957,250,1919.546875,7.678187370300293,2.206360340118408,0.050000011920928955,1739250
2,6958,250,1930.624755859375,7.722498893737793,2.3058078289031982,0.050000011920928955,1739500
2,6959,250,1543.2342529296875,6.172936916351318,2.259913206100464,0.050000011920928955,1739750
2,6960,250,1931.942626953125,7.7277703285217285,2.116288423538208,0.050000011920928955,1740000
2,6961,250,1685.948974609375,6.743795871734619,2.375906467437744,0.050000011920928955,1740250
2,6962,250,1945.4556884765625,7.781822681427002,2.246267318725586,0.050000011920928955,1740500
2,6963,250,1967.59912109375,7.870396614074707,2.2803797721862793,0.050000011920928955,1740750
2,6964,250,1935.541748046875,7.742166996002197,2.068586826324463,0.050000011920928955,1741000
2,6965,250,1773.4892578125,7.09395694732666,2.1735007762908936,0.050000011920928955,1741250
2,6966,250,1728.4686279296875,6.913874626159668,2.041907548904419,0.050000011920928955,1741500
2,6967,250,1746.37646484375,6.985506057739258,2.0985605716705322,0.050000011920928955,1741750
2,6968,250,1644.98291015625,6.579931735992432,2.2310991287231445,0.050000011920928955,1742000
2,6969,250,1949.528564453125,7.79811429977417,2.2776639461517334,0.050000011920928955,1742250
2,6970,250,1713.251953125,6.853007793426514,2.018681287765503,0.050000011920928955,1742500
2,6971,250,1940.154052734375,7.760616302490234,2.1790623664855957,0.050000011920928955,1742750
2,6972,250,1677.5379638671875,6.710151672363281,2.1369869709014893,0.050000011920928955,1743000
2,6973,250,1690.75390625,6.7630157470703125,1.9163788557052612,0.050000011920928955,1743250
2,6974,250,1659.62353515625,6.63849401473999,2.356823444366455,0.050000011920928955,1743500
2,6975,250,1637.87841796875,6.551513671875,2.1869568824768066,0.050000011920928955,1743750
2,6976,250,1751.77294921875,7.007091999053955,2.1745197772979736,0.050000011920928955,1744000
2,6977,250,1641.4952392578125,6.565980911254883,2.4597957134246826,0.050000011920928955,1744250
2,6978,250,70.09976959228516,0.2803990840911865,2.297271251678467,0.050000011920928955,1744500
2,6979,250,1650.8544921875,6.603417873382568,2.314573049545288,0.050000011920928955,1744750
2,6980,250,1740.08154296875,6.960326194763184,2.3329591751098633,0.050000011920928955,1745000
2,6981,250,49.27143096923828,0.19708572328090668,2.600501537322998,0.050000011920928955,1745250
2,6982,250,1755.679443359375,7.0227179527282715,2.4025120735168457,0.050000011920928955,1745500
2,6983,250,78.39218139648438,0.31356871128082275,2.5445566177368164,0.050000011920928955,1745750
2,6984,250,1767.096435546875,7.068385601043701,2.7468695640563965,0.050000011920928955,1746000
2,6985,250,1919.0687255859375,7.67627477645874,2.7649645805358887,0.050000011920928955,1746250
2,6986,250,1791.6422119140625,7.166568756103516,2.6408004760742188,0.050000011920928955,1746500
2,6987,250,1682.840087890625,6.73136043548584,2.672720432281494,0.050000011920928955,1746750
2,6988,250,1945.56201171875,7.782248020172119,2.701228618621826,0.050000011920928955,1747000
2,6989,250,1722.6829833984375,6.8907318115234375,2.735203266143799,0.050000011920928955,1747250
2,6990,250,1694.836181640625,6.77934455871582,2.728508710861206,0.050000011920928955,1747500
2,6991,250,1710.427490234375,6.841710090637207,2.613617420196533,0.050000011920928955,1747750
2,6992,250,56.82136535644531,0.2272854596376419,2.686220645904541,0.050000011920928955,1748000
2,6993,250,1381.6053466796875,5.526421546936035,3.040210008621216,0.050000011920928955,1748250
2,6994,250,1700.294677734375,6.801178932189941,2.6894397735595703,0.050000011920928955,1748500
2,6995,250,70.17106628417969,0.2806842625141144,2.9337103366851807,0.050000011920928955,1748750
2,6996,250,1705.6273193359375,6.822509288787842,2.9078280925750732,0.050000011920928955,1749000
2,6997,250,1749.30126953125,6.9972052574157715,3.21254825592041,0.050000011920928955,1749250
2,6998,250,64.82301330566406,0.2592920660972595,3.1550097465515137,0.050000011920928955,1749500
2,6999,250,58.77702331542969,0.23510809242725372,3.1494412422180176,0.050000011920928955,1749750
2,7000,250,1678.01708984375,6.712068557739258,3.024017095565796,0.050000011920928955,1750000
2,7001,250,1773.43603515625,7.093744277954102,3.4590351581573486,0.050000011920928955,1750250
2,7002,250,1094.341552734375,4.377366065979004,3.2619476318359375,0.050000011920928955,1750500
2,7003,250,1650.3973388671875,6.601589202880859,3.3566789627075195,0.050000011920928955,1750750
2,7004,250,1982.146728515625,7.928586959838867,3.3964385986328125,0.050000011920928955,1751000
2,7005,250,1244.553466796875,4.978213787078857,3.5252068042755127,0.050000011920928955,1751250
2,7006,250,1989.9775390625,7.9599103927612305,3.362304210662842,0.050000011920928955,1751500
2,7007,250,63.287940979003906,0.2531517744064331,3.260932683944702,0.050000011920928955,1751750
2,7008,250,1626.117431640625,6.504469871520996,3.489138126373291,0.050000011920928955,1752000
2,7009,250,611.4141235351562,2.4456565380096436,3.656466007232666,0.050000011920928955,1752250
2,7010,250,1916.992431640625,7.667969703674316,3.58730411529541,0.050000011920928955,1752500
2,7011,250,45.403507232666016,0.18161402642726898,3.598820209503174,0.050000011920928955,1752750
2,7012,250,1190.95556640625,4.763822078704834,3.924556016921997,0.050000011920928955,1753000
2,7013,250,1766.7515869140625,7.0670061111450195,4.075863361358643,0.050000011920928955,1753250
2,7014,250,75.40945434570312,0.30163782835006714,4.026226997375488,0.050000011920928955,1753500
2,7015,250,1480.06396484375,5.920255661010742,4.089857578277588,0.050000011920928955,1753750
2,7016,250,102.98808288574219,0.41195231676101685,3.8724365234375,0.050000011920928955,1754000
2,7017,250,381.32513427734375,1.5253005027770996,4.617122173309326,0.050000011920928955,1754250
2,7018,250,81.85140228271484,0.3274056017398834,4.305018424987793,0.050000011920928955,1754500
2,7019,250,75.66618347167969,0.30266472697257996,4.52325439453125,0.050000011920928955,1754750
2,7020,250,1746.6953125,6.986781120300293,4.644809246063232,0.050000011920928955,1755000
2,7021,250,1730.190673828125,6.920762538909912,4.80850887298584,0.050000011920928955,1755250
2,7022,250,69.68942260742188,0.2787576913833618,4.703282356262207,0.050000011920928955,1755500
2,7023,250,1656.119873046875,6.624479293823242,4.760488986968994,0.050000011920928955,1755750
2,7024,250,37.45838165283203,0.1498335301876068,4.700573444366455,0.050000011920928955,1756000
2,7025,250,62.74979782104492,0.25099918246269226,5.349243640899658,0.050000011920928955,1756250
2,7026,250,50.284576416015625,0.20113830268383026,5.380354881286621,0.050000011920928955,1756500
2,7027,250,1787.60205078125,7.1504082679748535,5.013932704925537,0.050000011920928955,1756750
2,7028,250,-24.85447883605957,-0.09941791743040085,5.303990364074707,0.050000011920928955,1757000
2,7029,250,20.290740966796875,0.0811629667878151,6.044054985046387,0.050000011920928955,1757250
2,7030,250,1669.2579345703125,6.677031517028809,5.907445430755615,0.050000011920928955,1757500
2,7031,250,20.58017349243164,0.0823206976056099,5.909705638885498,0.050000011920928955,1757750
2,7032,250,1611.63134765625,6.446525573730469,6.318328380584717,0.050000011920928955,1758000
2,7033,250,40.95247268676758,0.1638098955154419,6.081582069396973,0.050000011920928955,1758250
2,7034,250,12.45935344696045,0.04983741417527199,6.137101173400879,0.050000011920928955,1758500
2,7035,250,48.271270751953125,0.19308508932590485,6.558313369750977,0.050000011920928955,1758750
2,7036,250,21.851240158081055,0.08740495890378952,6.062144756317139,0.050000011920928955,1759000
2,7037,250,8.712665557861328,0.03485066071152687,6.716656684875488,0.050000011920928955,1759250
2,7038,250,59.103782653808594,0.23641513288021088,6.659213542938232,0.050000011920928955,1759500
2,7039,250,1671.15283203125,6.6846113204956055,6.652225017547607,0.050000011920928955,1759750
2,7040,250,29.51703453063965,0.1180681362748146,6.571420192718506,0.050000011920928955,1760000
2,7041,250,1694.5531005859375,6.778212547302246,6.360888481140137,0.050000011920928955,1760250
2,7042,250,12.340774536132812,0.04936309903860092,6.521905422210693,0.050000011920928955,1760500
2,7043,250,26.662914276123047,0.1066516563296318,6.694638729095459,0.050000011920928955,1760750
2,7044,250,38.553810119628906,0.1542152464389801,6.366997718811035,0.050000011920928955,1761000
2,7045,250,1693.50927734375,6.774036884307861,6.9592108726501465,0.050000011920928955,1761250
2,7046,250,1325.8673095703125,5.303469181060791,6.6262006759643555,0.050000011920928955,1761500
2,7047,250,1029.916015625,4.119664192199707,6.693088054656982,0.050000011920928955,1761750
2,7048,250,15.599224090576172,0.06239689514040947,6.667372703552246,0.050000011920928955,1762000
2,7049,250,1678.020751953125,6.712082862854004,6.858709335327148,0.050000011920928955,1762250
2,7050,250,1720.537353515625,6.8821492195129395,6.896811485290527,0.050000011920928955,1762500
2,7051,250,1693.86767578125,6.775470733642578,6.588414669036865,0.050000011920928955,1762750
2,7052,250,1854.7835693359375,7.419134140014648,6.777035713195801,0.050000011920928955,1763000
2,7053,250,1574.28369140625,6.297134876251221,6.791666507720947,0.050000011920928955,1763250
2,7054,250,1872.5517578125,7.490207195281982,6.436972141265869,0.050000011920928955,1763500
2,7055,250,1810.729248046875,7.242917060852051,6.301003456115723,0.050000011920928955,1763750
2,7056,250,39.163753509521484,0.15665501356124878,6.480285167694092,0.050000011920928955,1764000
2,7057,250,64.7634048461914,0.25905361771583557,6.28965425491333,0.050000011920928955,1764250
2,7058,250,1489.456298828125,5.957825183868408,6.330312252044678,0.050000011920928955,1764500
2,7059,250,1467.7493896484375,5.870997428894043,6.165835380554199,0.050000011920928955,1764750
2,7060,250,1490.66455078125,5.962658405303955,6.195331573486328,0.050000011920928955,1765000
2,7061,250,1842.154296875,7.368617057800293,6.380518436431885,0.050000011920928955,1765250
2,7062,250,87.99553680419922,0.35198214650154114,6.130561351776123,0.050000011920928955,1765500
2,7063,250,1391.3994140625,5.5655975341796875,6.079603672027588,0.050000011920928955,1765750
2,7064,250,1856.07666015625,7.424306869506836,5.875214576721191,0.050000011920928955,1766000
2,7065,250,86.49308013916016,0.34597232937812805,6.333286762237549,0.050000011920928955,1766250
2,7066,250,1826.353271484375,7.305413246154785,5.931338787078857,0.050000011920928955,1766500
2,7067,250,1858.7994384765625,7.435197830200195,5.6308207511901855,0.050000011920928955,1766750
2,7068,250,1537.68603515625,6.1507439613342285,5.527289390563965,0.050000011920928955,1767000
2,7069,250,1361.7734375,5.447093963623047,5.858011245727539,0.050000011920928955,1767250
2,7070,250,1614.475830078125,6.4579033851623535,5.8193230628967285,0.050000011920928955,1767500
2,7071,250,339.2174987792969,1.3568699359893799,5.871209621429443,0.050000011920928955,1767750
2,7072,250,1796.14404296875,7.184576034545898,5.3703837394714355,0.050000011920928955,1768000
2,7073,250,1728.0592041015625,6.91223669052124,5.757864475250244,0.050000011920928955,1768250
2,7074,250,159.16464233398438,0.6366585493087769,5.432178974151611,0.050000011920928955,1768500
2,7075,250,1689.8310546875,6.759324073791504,5.749587059020996,0.050000011920928955,1768750
2,7076,250,1823.2596435546875,7.293038368225098,5.25070333480835,0.050000011920928955,1769000
2,7077,250,1761.5020751953125,7.046008110046387,5.338595867156982,0.050000011920928955,1769250
2,7078,250,1329.3304443359375,5.31732177734375,4.863894462585449,0.050000011920928955,1769500
2,7079,250,1612.06982421875,6.44827938079834,5.228299617767334,0.050000011920928955,1769750
2,7080,250,1757.2784423828125,7.02911376953125,5.075775623321533,0.050000011920928955,1770000
2,7081,250,1718.3656005859375,6.873462200164795,4.906424045562744,0.050000011920928955,1770250
2,7082,250,1688.420654296875,6.753682613372803,4.7226080894470215,0.050000011920928955,1770500
2,7083,250,1797.9483642578125,7.191793441772461,4.517514705657959,0.050000011920928955,1770750
2,7084,250,1713.212890625,6.852851390838623,4.307467460632324,0.050000011920928955,1771000
2,7085,250,1861.982177734375,7.4479289054870605,4.265071868896484,0.050000011920928955,1771250
2,7086,250,1723.01416015625,6.892056465148926,4.228213787078857,0.050000011920928955,1771500
2,7087,250,1738.4320068359375,6.953728199005127,4.334501266479492,0.050000011920928955,1771750
2,7088,250,1694.6658935546875,6.778663635253906,3.853689193725586,0.050000011920928955,1772000
2,7089,250,1752.998779296875,7.011995315551758,4.245330333709717,0.050000011920928955,1772250
2,7090,250,1859.1270751953125,7.4365081787109375,4.083131313323975,0.050000011920928955,1772500
2,7091,250,1119.3720703125,4.4774885177612305,4.083278656005859,0.050000011920928955,1772750
2,7092,250,1704.9056396484375,6.81962251663208,4.027053356170654,0.050000011920928955,1773000
2,7093,250,1712.8768310546875,6.851507186889648,4.209568977355957,0.050000011920928955,1773250
2,7094,250,1634.7283935546875,6.538913726806641,3.90199875831604,0.050000011920928955,1773500
2,7095,250,1616.19677734375,6.464787006378174,3.9799606800079346,0.050000011920928955,1773750
2,7096,250,1762.30078125,7.049202919006348,3.8351974487304688,0.050000011920928955,1774000
2,7097,250,925.2333984375,3.7009336948394775,3.960559606552124,0.050000011920928955,1774250
2,7098,250,1611.449462890625,6.445797920227051,3.8424956798553467,0.050000011920928955,1774500
2,7099,250,1551.346923828125,6.205387592315674,3.7824032306671143,0.050000011920928955,1774750
2,7100,250,1631.671142578125,6.526684761047363,3.8153421878814697,0.050000011920928955,1775000
2,7101,250,1503.35205078125,6.013408184051514,3.9884963035583496,0.050000011920928955,1775250
2,7102,250,1845.076904296875,7.380307674407959,3.8666491508483887,0.050000011920928955,1775500
2,7103,250,1532.38671875,6.129546642303467,3.6846489906311035,0.050000011920928955,1775750
2,7104,250,1262.82177734375,5.0512871742248535,3.879831075668335,0.050000011920928955,1776000
2,7105,250,1555.5283203125,6.222113132476807,3.6612911224365234,0.050000011920928955,1776250
2,7106,250,1594.9259033203125,6.379703521728516,3.7471859455108643,0.050000011920928955,1776500
2,7107,250,1382.3282470703125,5.529313087463379,3.6821799278259277,0.050000011920928955,1776750
2,7108,250,1485.699462890625,5.942797660827637,3.427367687225342,0.050000011920928955,1777000
2,7109,250,1661.1702880859375,6.644680976867676,3.7745919227600098,0.050000011920928955,1777250
2,7110,250,1505.79443359375,6.023177623748779,3.685574769973755,0.050000011920928955,1777500
2,7111,250,1554.4896240234375,6.217958450317383,3.6304101943969727,0.050000011920928955,1777750
2,7112,250,1631.978759765625,6.527915000915527,3.3473894596099854,0.050000011920928955,1778000
2,7113,250,1734.185546875,6.936742305755615,3.428436279296875,0.050000011920928955,1778250
2,7114,250,1672.13232421875,6.6885294914245605,3.4390923976898193,0.050000011920928955,1778500
2,7115,250,1611.9879150390625,6.447951793670654,3.411402702331543,0.050000011920928955,1778750
2,7116,250,1603.1962890625,6.412785053253174,3.3376893997192383,0.050000011920928955,1779000
2,7117,250,1860.1705322265625,7.4406819343566895,3.2193455696105957,0.050000011920928955,1779250
2,7118,250,1838.305908203125,7.35322380065918,3.130398750305176,0.050000011920928955,1779500
2,7119,250,1802.07666015625,7.208306789398193,3.1441123485565186,0.050000011920928955,1779750
2,7120,250,1715.26513671875,6.861060619354248,3.232461452484131,0.050000011920928955,1780000
2,7121,250,1280.388427734375,5.121553897857666,3.232046604156494,0.050000011920928955,1780250
2,7122,250,1673.910400390625,6.69564151763916,2.9374098777770996,0.050000011920928955,1780500
2,7123,250,1553.43505859375,6.213740348815918,3.003852367401123,0.050000011920928955,1780750
2,7124,250,1818.0498046875,7.2721991539001465,3.1735239028930664,0.050000011920928955,1781000
2,7125,250,1616.56787109375,6.46627140045166,3.0720763206481934,0.050000011920928955,1781250
2,7126,250,1578.8603515625,6.315441608428955,2.9554455280303955,0.050000011920928955,1781500
2,7127,250,1736.146728515625,6.944586753845215,3.081970453262329,0.050000011920928955,1781750
2,7128,250,1719.412841796875,6.877651214599609,3.184110641479492,0.050000011920928955,1782000
2,7129,250,1757.84765625,7.03139066696167,3.0528669357299805,0.050000011920928955,1782250
2,7130,250,1894.128173828125,7.576512813568115,2.9520468711853027,0.050000011920928955,1782500
2,7131,250,1463.596435546875,5.854385852813721,3.1240732669830322,0.050000011920928955,1782750
2,7132,250,1686.1083984375,6.744433403015137,3.0319576263427734,0.050000011920928955,1783000
2,7133,250,1044.506591796875,4.17802619934082,3.0462191104888916,0.050000011920928955,1783250
2,7134,250,1663.135498046875,6.6525421142578125,3.231968879699707,0.050000011920928955,1783500
2,7135,250,1861.8076171875,7.447230339050293,3.224745273590088,0.050000011920928955,1783750
2,7136,250,242.69320678710938,0.9707728028297424,3.197127103805542,0.050000011920928955,1784000
2,7137,250,1486.0845947265625,5.944338321685791,3.6225717067718506,0.050000011920928955,1784250
2,7138,250,1544.30810546875,6.177232265472412,3.3558225631713867,0.050000011920928955,1784500
2,7139,250,1439.8541259765625,5.759416580200195,3.1424381732940674,0.050000011920928955,1784750
2,7140,250,1526.72705078125,6.106908321380615,3.156024694442749,0.050000011920928955,1785000
2,7141,250,1897.86474609375,7.591458797454834,3.2568459510803223,0.050000011920928955,1785250
2,7142,250,1501.434814453125,6.005739212036133,3.1960346698760986,0.050000011920928955,1785500
2,7143,250,84.7831802368164,0.33913272619247437,3.5039427280426025,0.050000011920928955,1785750
2,7144,250,1874.85986328125,7.499439239501953,3.4974277019500732,0.050000011920928955,1786000
2,7145,250,1796.2559814453125,7.185023784637451,3.339773416519165,0.050000011920928955,1786250
2,7146,250,1475.2396240234375,5.90095853805542,3.4143614768981934,0.050000011920928955,1786500
2,7147,250,1583.3411865234375,6.333364963531494,3.548316478729248,0.050000011920928955,1786750
2,7148,250,1447.0823974609375,5.788329601287842,3.603868246078491,0.050000011920928955,1787000
2,7149,250,1437.69287109375,5.750771522521973,3.5199246406555176,0.050000011920928955,1787250
2,7150,250,771.3452758789062,3.085381031036377,3.602569341659546,0.050000011920928955,1787500
2,7151,250,1537.377685546875,6.149510860443115,3.4609546661376953,0.050000011920928955,1787750
2,7152,250,1721.23828125,6.884953022003174,3.445312023162842,0.050000011920928955,1788000
2,7153,250,1358.0269775390625,5.432107925415039,3.5632033348083496,0.050000011920928955,1788250
2,7154,250,1856.9794921875,7.427917957305908,3.4865520000457764,0.050000011920928955,1788500
2,7155,250,1410.037841796875,5.640151500701904,3.366664171218872,0.050000011920928955,1788750
2,7156,250,1468.556396484375,5.874225616455078,3.737672805786133,0.050000011920928955,1789000
2,7157,250,1428.26416015625,5.713056564331055,3.7498717308044434,0.050000011920928955,1789250
2,7158,250,1475.98046875,5.903922080993652,3.9060304164886475,0.050000011920928955,1789500
2,7159,250,1414.82861328125,5.6593146324157715,3.687436580657959,0.050000011920928955,1789750
2,7160,250,1472.94091796875,5.891763687133789,3.6932260990142822,0.050000011920928955,1790000
2,7161,250,1484.5985107421875,5.938394069671631,3.7267744541168213,0.050000011920928955,1790250
2,7162,250,1673.835693359375,6.695342540740967,3.735539197921753,0.050000011920928955,1790500
2,7163,250,1706.895263671875,6.82758092880249,3.797589063644409,0.050000011920928955,1790750
2,7164,250,1434.63525390625,5.738541126251221,3.9218955039978027,0.050000011920928955,1791000
2,7165,250,1515.197265625,6.060789108276367,3.6899588108062744,0.050000011920928955,1791250
2,7166,250,1471.8577880859375,5.8874311447143555,3.5457746982574463,0.050000011920928955,1791500
2,7167,250,69.25688934326172,0.27702754735946655,3.5491464138031006,0.050000011920928955,1791750
2,7168,250,1636.80126953125,6.547204971313477,3.732675075531006,0.050000011920928955,1792000
2,7169,250,1815.890380859375,7.263561725616455,3.875021457672119,0.050000011920928955,1792250
2,7170,250,1477.958984375,5.91183614730835,4.114736080169678,0.050000011920928955,1792500
2,7171,250,1333.3131103515625,5.333252429962158,3.8254942893981934,0.050000011920928955,1792750
2,7172,250,36.44759750366211,0.14579038321971893,3.904414653778076,0.050000011920928955,1793000
2,7173,250,1824.5223388671875,7.298089504241943,4.111626148223877,0.050000011920928955,1793250
2,7174,250,1649.6373291015625,6.5985493659973145,3.900609254837036,0.050000011920928955,1793500
2,7175,250,1205.45361328125,4.82181453704834,3.908539056777954,0.050000011920928955,1793750
2,7176,250,1433.822021484375,5.735288143157959,4.017596244812012,0.050000011920928955,1794000
2,7177,250,904.671875,3.618687391281128,4.117875576019287,0.050000011920928955,1794250
2,7178,250,1831.419921875,7.325679779052734,3.891223430633545,0.050000011920928955,1794500
2,7179,250,41.17478561401367,0.16469913721084595,3.9192471504211426,0.050000011920928955,1794750
2,7180,250,1741.276611328125,6.96510648727417,3.958836555480957,0.050000011920928955,1795000
2,7181,250,1629.795166015625,6.519180774688721,4.045917510986328,0.050000011920928955,1795250
2,7182,250,6.205474853515625,0.024821899831295013,4.110658168792725,0.050000011920928955,1795500
2,7183,250,1857.696044921875,7.430784225463867,4.068464756011963,0.050000011920928955,1795750
2,7184,250,1694.836669921875,6.779346466064453,4.194344520568848,0.050000011920928955,1796000
2,7185,250,1764.207275390625,7.05682897567749,4.116899013519287,0.050000011920928955,1796250
2,7186,250,1866.7349853515625,7.466939926147461,3.918891191482544,0.050000011920928955,1796500
2,7187,250,1853.3314208984375,7.413325786590576,3.803314447402954,0.050000011920928955,1796750
2,7188,250,1702.5501708984375,6.8102006912231445,3.9469332695007324,0.050000011920928955,1797000
2,7189,250,1761.931884765625,7.047727584838867,4.17805814743042,0.050000011920928955,1797250
2,7190,250,-24.0159969329834,-0.09606398642063141,3.6564950942993164,0.050000011920928955,1797500
2,7191,250,1869.656982421875,7.478628158569336,3.818182945251465,0.050000011920928955,1797750
2,7192,250,-22.322532653808594,-0.08929012715816498,3.940749168395996,0.050000011920928955,1798000
2,7193,250,1888.2802734375,7.553121089935303,4.094644069671631,0.050000011920928955,1798250
2,7194,250,1894.252197265625,7.5770087242126465,3.9407289028167725,0.050000011920928955,1798500
2,7195,250,1853.4521484375,7.413808822631836,4.157660484313965,0.050000011920928955,1798750
2,7196,250,49.92560958862305,0.1997024416923523,3.9339380264282227,0.050000011920928955,1799000
2,7197,250,51.368446350097656,0.20547378063201904,4.148144245147705,0.050000011920928955,1799250
2,7198,250,-44.19139862060547,-0.1767655909061432,4.146074295043945,0.050000011920928955,1799500
2,7199,250,523.894287109375,2.0955772399902344,4.451005458831787,0.050000011920928955,1799750
2,7200,250,1760.135009765625,7.0405402183532715,4.29741096496582,0.050000011920928955,1800000
2,7201,250,1685.6787109375,6.742714881896973,4.651221752166748,0.050000011920928955,1800250
2,7202,250,1684.78369140625,6.739134788513184,4.376275539398193,0.050000011920928955,1800500
2,7203,250,1739.22314453125,6.956892490386963,4.603789329528809,0.050000011920928955,1800750
2,7204,250,1905.955322265625,7.623821258544922,4.271836757659912,0.050000011920928955,1801000
2,7205,250,1876.39404296875,7.505576133728027,4.484630584716797,0.050000011920928955,1801250
2,7206,250,1822.171630859375,7.288686752319336,4.305511474609375,0.050000011920928955,1801500
2,7207,250,1710.50634765625,6.842025279998779,4.3755927085876465,0.050000011920928955,1801750
2,7208,250,931.479736328125,3.725919008255005,4.191842555999756,0.050000011920928955,1802000
2,7209,250,1694.5426025390625,6.778170585632324,4.237161636352539,0.050000011920928955,1802250
2,7210,250,1446.2537841796875,5.785015106201172,4.525599479675293,0.050000011920928955,1802500
2,7211,250,1750.43408203125,7.001736164093018,4.133451461791992,0.050000011920928955,1802750
2,7212,250,1276.60498046875,5.106420040130615,4.195676803588867,0.050000011920928955,1803000
2,7213,250,1776.76123046875,7.107044696807861,4.247917175292969,0.050000011920928955,1803250
2,7214,250,1573.325439453125,6.293301582336426,3.9541006088256836,0.050000011920928955,1803500
2,7215,250,1354.7838134765625,5.419135093688965,4.28127908706665,0.050000011920928955,1803750
2,7216,250,1796.486572265625,7.185946464538574,3.975036144256592,0.050000011920928955,1804000
2,7217,250,1516.1513671875,6.064605236053467,3.938059091567993,0.050000011920928955,1804250
2,7218,250,1897.6278076171875,7.590511322021484,4.209743022918701,0.050000011920928955,1804500
2,7219,250,1622.7784423828125,6.491113662719727,3.6069118976593018,0.050000011920928955,1804750
2,7220,250,1724.3677978515625,6.8974714279174805,3.9097423553466797,0.050000011920928955,1805000
2,7221,250,1521.996337890625,6.087985515594482,3.79160737991333,0.050000011920928955,1805250
2,7222,250,1907.4775390625,7.629909992218018,3.517042398452759,0.050000011920928955,1805500
2,7223,250,1547.342529296875,6.189370155334473,3.7030036449432373,0.050000011920928955,1805750
2,7224,250,1476.523681640625,5.906094551086426,3.5851051807403564,0.050000011920928955,1806000
2,7225,250,1699.3096923828125,6.797238826751709,3.865725517272949,0.050000011920928955,1806250
2,7226,250,1749.285888671875,6.997143745422363,3.736860513687134,0.050000011920928955,1806500
2,7227,250,1871.17919921875,7.484716892242432,3.8334157466888428,0.050000011920928955,1806750
2,7228,250,1680.901611328125,6.723606586456299,3.5845353603363037,0.050000011920928955,1807000
2,7229,250,1624.53076171875,6.4981231689453125,3.727663278579712,0.050000011920928955,1807250
2,7230,250,1714.258056640625,6.857032299041748,3.7345693111419678,0.050000011920928955,1807500
2,7231,250,1309.060791015625,5.23624324798584,3.7423884868621826,0.050000011920928955,1807750
2,7232,250,1575.6640625,6.302656173706055,3.662703037261963,0.050000011920928955,1808000
2,7233,250,1694.6029052734375,6.778411388397217,3.9310543537139893,0.050000011920928955,1808250
2,7234,250,1793.6671142578125,7.174668312072754,3.7587027549743652,0.050000011920928955,1808500
2,7235,250,1720.4384765625,6.881753921508789,3.7399072647094727,0.050000011920928955,1808750
2,7236,250,1681.125244140625,6.724501132965088,3.705449342727661,0.050000011920928955,1809000
2,7237,250,1602.785888671875,6.411143779754639,3.767436981201172,0.050000011920928955,1809250
2,7238,250,1706.583251953125,6.826333045959473,3.652940273284912,0.050000011920928955,1809500
2,7239,250,1813.3760986328125,7.253504276275635,3.3740625381469727,0.050000011920928955,1809750
2,7240,250,1307.17236328125,5.228689670562744,3.2042901515960693,0.050000011920928955,1810000
2,7241,250,1676.6048583984375,6.706419467926025,3.3059771060943604,0.050000011920928955,1810250
2,7242,250,1717.048828125,6.868195533752441,3.3746864795684814,0.050000011920928955,1810500
2,7243,250,1208.868408203125,4.835473537445068,3.242187738418579,0.050000011920928955,1810750
2,7244,250,1685.66455078125,6.7426581382751465,3.495285749435425,0.050000011920928955,1811000
2,7245,250,1851.5430908203125,7.406172275543213,3.5290002822875977,0.050000011920928955,1811250
2,7246,250,1909.2413330078125,7.636965274810791,3.585306406021118,0.050000011920928955,1811500
2,7247,250,1810.7481689453125,7.242992877960205,3.2298519611358643,0.050000011920928955,1811750
2,7248,250,1313.2467041015625,5.252986907958984,3.365483045578003,0.050000011920928955,1812000
2,7249,250,1569.4530029296875,6.2778120040893555,3.5126521587371826,0.050000011920928955,1812250
2,7250,250,1595.3966064453125,6.38158655166626,3.414402484893799,0.050000011920928955,1812500
2,7251,250,1733.88232421875,6.9355292320251465,3.351011276245117,0.050000011920928955,1812750
2,7252,250,1684.52978515625,6.738119125366211,3.279468297958374,0.050000011920928955,1813000
2,7253,250,1178.6749267578125,4.714699745178223,3.555898666381836,0.050000011920928955,1813250
2,7254,250,1534.9024658203125,6.1396098136901855,3.3255319595336914,0.050000011920928955,1813500
2,7255,250,1662.1009521484375,6.648403644561768,3.1841607093811035,0.050000011920928955,1813750
2,7256,250,1615.1646728515625,6.460658550262451,3.421861171722412,0.050000011920928955,1814000
2,7257,250,1739.1004638671875,6.956401824951172,3.411052942276001,0.050000011920928955,1814250
2,7258,250,1655.642822265625,6.6225714683532715,3.7330482006073,0.050000011920928955,1814500
2,7259,250,1688.0242919921875,6.752097129821777,3.6762232780456543,0.050000011920928955,1814750
2,7260,250,1729.4801025390625,6.9179205894470215,3.2006356716156006,0.050000011920928955,1815000
2,7261,250,1755.7579345703125,7.023031711578369,3.470078468322754,0.050000011920928955,1815250
2,7262,250,1651.56201171875,6.606247901916504,3.283430814743042,0.050000011920928955,1815500
2,7263,250,1626.0994873046875,6.504397869110107,3.3956050872802734,0.050000011920928955,1815750
2,7264,250,1888.161865234375,7.552647590637207,3.1211299896240234,0.050000011920928955,1816000
2,7265,250,1610.4866943359375,6.441946983337402,3.2015864849090576,0.050000011920928955,1816250
2,7266,250,1627.267578125,6.50907039642334,3.550873279571533,0.050000011920928955,1816500
2,7267,250,1725.40087890625,6.901603698730469,3.2780356407165527,0.050000011920928955,1816750
2,7268,250,1606.4515380859375,6.425806045532227,3.039548635482788,0.050000011920928955,1817000
2,7269,250,1852.645751953125,7.410583019256592,3.35026478767395,0.050000011920928955,1817250
2,7270,250,1712.0582275390625,6.848232746124268,3.2628369331359863,0.050000011920928955,1817500
2,7271,250,1647.324462890625,6.589297771453857,3.131258964538574,0.050000011920928955,1817750
2,7272,250,1511.7987060546875,6.047194957733154,3.0604817867279053,0.050000011920928955,1818000
2,7273,250,1629.3814697265625,6.517525672912598,3.1493406295776367,0.050000011920928955,1818250
2,7274,250,1888.947021484375,7.555788040161133,3.1220879554748535,0.050000011920928955,1818500
2,7275,250,1880.8681640625,7.523472785949707,3.123446464538574,0.050000011920928955,1818750
2,7276,250,1748.6285400390625,6.994513988494873,3.0750293731689453,0.050000011920928955,1819000
2,7277,250,1759.026123046875,7.036104679107666,3.0439014434814453,0.050000011920928955,1819250
2,7278,250,1871.0302734375,7.484121322631836,3.1192259788513184,0.050000011920928955,1819500
2,7279,250,1652.872802734375,6.6114912033081055,2.8781466484069824,0.050000011920928955,1819750
2,7280,250,1697.096923828125,6.788387775421143,2.744335651397705,0.050000011920928955,1820000
2,7281,250,1477.21875,5.908874988555908,2.8756587505340576,0.050000011920928955,1820250
2,7282,250,1690.18505859375,6.760740280151367,3.083305597305298,0.050000011920928955,1820500
2,7283,250,1682.5032958984375,6.730013370513916,2.7333688735961914,0.050000011920928955,1820750
2,7284,250,1736.373046875,6.945492267608643,2.617612361907959,0.050000011920928955,1821000
2,7285,250,1556.5341796875,6.226136684417725,2.876744270324707,0.050000011920928955,1821250
2,7286,250,1732.87744140625,6.931509971618652,2.718390464782715,0.050000011920928955,1821500
2,7287,250,1734.138916015625,6.936555862426758,2.5895681381225586,0.050000011920928955,1821750
2,7288,250,1738.51806640625,6.95407247543335,2.6083366870880127,0.050000011920928955,1822000
2,7289,250,1651.0673828125,6.604269504547119,2.731215476989746,0.050000011920928955,1822250
2,7290,250,1705.0478515625,6.820191383361816,2.6852917671203613,0.050000011920928955,1822500
2,7291,250,1657.8626708984375,6.631450653076172,2.5397608280181885,0.050000011920928955,1822750
2,7292,250,1437.5107421875,5.750042915344238,2.5799813270568848,0.050000011920928955,1823000
2,7293,250,1775.827880859375,7.103311538696289,2.6888856887817383,0.050000011920928955,1823250
2,7294,250,1714.0489501953125,6.85619592666626,2.62386155128479,0.050000011920928955,1823500
2,7295,250,1687.205322265625,6.748821258544922,2.494082450866699,0.050000011920928955,1823750
2,7296,250,1738.80712890625,6.955228328704834,2.542079210281372,0.050000011920928955,1824000
2,7297,250,1714.6278076171875,6.858511447906494,2.7517147064208984,0.050000011920928955,1824250
2,7298,250,1665.798828125,6.6631951332092285,2.404017448425293,0.050000011920928955,1824500
2,7299,250,1665.926025390625,6.663703918457031,2.5454702377319336,0.050000011920928955,1824750
2,7300,250,1666.810302734375,6.667241096496582,2.5411274433135986,0.050000011920928955,1825000
2,7301,250,1677.52392578125,6.7100958824157715,2.6563024520874023,0.050000011920928955,1825250
2,7302,250,1753.966064453125,7.015864372253418,2.643096923828125,0.050000011920928955,1825500
2,7303,250,1578.5831298828125,6.314332485198975,2.4440016746520996,0.050000011920928955,1825750
2,7304,250,1718.461669921875,6.873846530914307,2.2778279781341553,0.050000011920928955,1826000
2,7305,250,1604.927734375,6.419711112976074,2.6173009872436523,0.050000011920928955,1826250
2,7306,250,1667.9937744140625,6.671975135803223,2.6679584980010986,0.050000011920928955,1826500
2,7307,250,1724.7860107421875,6.899144172668457,2.6035547256469727,0.050000011920928955,1826750
2,7308,250,1704.323486328125,6.817294120788574,2.4268391132354736,0.050000011920928955,1827000
2,7309,250,1432.3428955078125,5.729371547698975,2.753438949584961,0.050000011920928955,1827250
2,7310,250,1394.4365234375,5.5777459144592285,2.6069955825805664,0.050000011920928955,1827500
2,7311,250,1702.55419921875,6.810216903686523,2.8750672340393066,0.050000011920928955,1827750
2,7312,250,1445.995849609375,5.78398323059082,2.8447139263153076,0.050000011920928955,1828000
2,7313,250,1841.044189453125,7.3641767501831055,2.9477193355560303,0.050000011920928955,1828250
2,7314,250,1560.9461669921875,6.2437849044799805,2.858628034591675,0.050000011920928955,1828500
2,7315,250,1536.34423828125,6.145377159118652,2.6902544498443604,0.050000011920928955,1828750
2,7316,250,1792.02490234375,7.168099403381348,2.8211333751678467,0.050000011920928955,1829000
2,7317,250,1449.3494873046875,5.797398090362549,3.046748161315918,0.050000011920928955,1829250
2,7318,250,827.5689697265625,3.3102757930755615,2.996015787124634,0.050000011920928955,1829500
2,7319,250,1345.3974609375,5.381589889526367,3.0995543003082275,0.050000011920928955,1829750
2,7320,250,1503.8360595703125,6.015344142913818,3.076207399368286,0.050000011920928955,1830000
2,7321,250,1648.8243408203125,6.595297336578369,3.1757102012634277,0.050000011920928955,1830250
2,7322,250,1385.7945556640625,5.543178081512451,3.268136501312256,0.050000011920928955,1830500
2,7323,250,1564.950927734375,6.259803771972656,3.1956307888031006,0.050000011920928955,1830750
2,7324,250,1505.04248046875,6.020169734954834,3.057070732116699,0.050000011920928955,1831000
2,7325,250,1147.6591796875,4.590636730194092,3.409809112548828,0.050000011920928955,1831250
2,7326,250,1671.29052734375,6.68516206741333,3.411691188812256,0.050000011920928955,1831500
2,7327,250,1347.92626953125,5.39170503616333,3.4855732917785645,0.050000011920928955,1831750
2,7328,250,1418.62939453125,5.674517631530762,3.514005184173584,0.050000011920928955,1832000
2,7329,250,1462.37158203125,5.849486351013184,3.675929546356201,0.050000011920928955,1832250
2,7330,250,1471.8525390625,5.8874101638793945,3.507303476333618,0.050000011920928955,1832500
2,7331,250,1473.2042236328125,5.89281702041626,3.435584545135498,0.050000011920928955,1832750
2,7332,250,1523.031005859375,6.092123985290527,3.446624517440796,0.050000011920928955,1833000
2,7333,250,1424.1678466796875,5.696671485900879,3.6859357357025146,0.050000011920928955,1833250
2,7334,250,1486.2044677734375,5.944818019866943,3.7922027111053467,0.050000011920928955,1833500
2,7335,250,1515.207275390625,6.060829162597656,3.51640248298645,0.050000011920928955,1833750
2,7336,250,1463.78466796875,5.855138778686523,3.342796564102173,0.050000011920928955,1834000
2,7337,250,1388.090576171875,5.552362442016602,3.822874069213867,0.050000011920928955,1834250
2,7338,250,1370.0491943359375,5.480196952819824,3.4301347732543945,0.050000011920928955,1834500
2,7339,250,1468.9951171875,5.875980377197266,3.439404010772705,0.050000011920928955,1834750
2,7340,250,1511.3477783203125,6.045391082763672,3.656278610229492,0.050000011920928955,1835000
2,7341,250,1490.568603515625,5.962274551391602,3.586228847503662,0.050000011920928955,1835250
2,7342,250,1476.1553955078125,5.904621601104736,3.6732537746429443,0.050000011920928955,1835500
2,7343,250,1307.329345703125,5.2293171882629395,3.4924635887145996,0.050000011920928955,1835750
2,7344,250,1423.39599609375,5.693583965301514,3.576748847961426,0.050000011920928955,1836000
2,7345,250,1628.8560791015625,6.5154242515563965,3.8662514686584473,0.050000011920928955,1836250
2,7346,250,60.40813446044922,0.24163253605365753,3.7440547943115234,0.050000011920928955,1836500
2,7347,250,1480.9722900390625,5.92388916015625,3.711770534515381,0.050000011920928955,1836750
2,7348,250,1787.1102294921875,7.148440837860107,3.604975461959839,0.050000011920928955,1837000
2,7349,250,1551.062744140625,6.204250812530518,3.8517463207244873,0.050000011920928955,1837250
2,7350,250,1741.2154541015625,6.964861869812012,3.8837194442749023,0.050000011920928955,1837500
2,7351,250,1407.4178466796875,5.629671573638916,3.712254285812378,0.050000011920928955,1837750
2,7352,250,1482.296142578125,5.929184436798096,3.7070863246917725,0.050000011920928955,1838000
2,7353,250,1296.648681640625,5.1865949630737305,3.7175421714782715,0.050000011920928955,1838250
2,7354,250,42.57267761230469,0.17029070854187012,3.9414055347442627,0.050000011920928955,1838500
2,7355,250,1780.2252197265625,7.120901107788086,3.886207103729248,0.050000011920928955,1838750
2,7356,250,1659.0679931640625,6.636271953582764,4.078885555267334,0.050000011920928955,1839000
2,7357,250,1457.7548828125,5.831019401550293,4.369235515594482,0.050000011920928955,1839250
2,7358,250,1470.205322265625,5.880821228027344,4.174612522125244,0.050000011920928955,1839500
2,7359,250,1456.041015625,5.824163913726807,3.725151777267456,0.050000011920928955,1839750
2,7360,250,34.385154724121094,0.13754062354564667,4.139243125915527,0.050000011920928955,1840000
2,7361,250,-1.6727988719940186,-0.006691195536404848,4.505501747131348,0.050000011920928955,1840250
2,7362,250,40.62324523925781,0.16249297559261322,4.608052730560303,0.050000011920928955,1840500
2,7363,250,1563.65283203125,6.254611492156982,4.723255157470703,0.050000011920928955,1840750
2,7364,250,1839.5875244140625,7.3583502769470215,4.695974826812744,0.050000011920928955,1841000
2,7365,250,1557.425537109375,6.229701995849609,4.898660659790039,0.050000011920928955,1841250
2,7366,250,1530.0826416015625,6.120330333709717,4.919093608856201,0.050000011920928955,1841500
2,7367,250,-36.28078842163086,-0.14512315392494202,4.761724948883057,0.050000011920928955,1841750
2,7368,250,1491.0750732421875,5.964300155639648,4.679215908050537,0.050000011920928955,1842000
2,7369,250,1830.8372802734375,7.3233489990234375,4.77946662902832,0.050000011920928955,1842250
2,7370,250,1580.3214111328125,6.321285724639893,4.9756293296813965,0.050000011920928955,1842500
2,7371,250,1524.699951171875,6.098799705505371,4.605565547943115,0.050000011920928955,1842750
2,7372,250,12.306039810180664,0.049224160611629486,4.796103477478027,0.050000011920928955,1843000
2,7373,250,1493.372802734375,5.973491191864014,4.954596996307373,0.050000011920928955,1843250
2,7374,250,1539.16357421875,6.156654357910156,4.727539539337158,0.050000011920928955,1843500
2,7375,250,1523.891845703125,6.095567226409912,4.476137161254883,0.050000011920928955,1843750
2,7376,250,1569.251220703125,6.277004718780518,4.389636993408203,0.050000011920928955,1844000
2,7377,250,1488.7052001953125,5.95482063293457,4.59380578994751,0.050000011920928955,1844250
2,7378,250,1437.8116455078125,5.751246452331543,4.478405475616455,0.050000011920928955,1844500
2,7379,250,1343.1121826171875,5.372448921203613,4.4001898765563965,0.050000011920928955,1844750
2,7380,250,1832.97265625,7.33189058303833,4.518097877502441,0.050000011920928955,1845000
2,7381,250,253.52781677246094,1.0141112804412842,4.680066108703613,0.050000011920928955,1845250
2,7382,250,1519.675537109375,6.078701972961426,4.508716106414795,0.050000011920928955,1845500
2,7383,250,1168.23291015625,4.672931671142578,4.621035575866699,0.050000011920928955,1845750
2,7384,250,1470.08935546875,5.880357265472412,4.584934711456299,0.050000011920928955,1846000
2,7385,250,1519.22998046875,6.076920032501221,5.177751541137695,0.050000011920928955,1846250
2,7386,250,1130.5220947265625,4.522088527679443,5.082004547119141,0.050000011920928955,1846500
2,7387,250,1008.787353515625,4.035149574279785,4.474639892578125,0.050000011920928955,1846750
2,7388,250,1894.063232421875,7.5762529373168945,4.882887363433838,0.050000011920928955,1847000
2,7389,250,1540.4521484375,6.161808490753174,5.088024139404297,0.050000011920928955,1847250
2,7390,250,1507.6773681640625,6.030709266662598,4.932188510894775,0.050000011920928955,1847500
2,7391,250,65.58472442626953,0.26233890652656555,4.846401214599609,0.050000011920928955,1847750
2,7392,250,750.7763061523438,3.0031051635742188,5.035912036895752,0.050000011920928955,1848000
2,7393,250,1548.142578125,6.192570209503174,5.703010082244873,0.050000011920928955,1848250
2,7394,250,1495.1112060546875,5.98044490814209,5.643868923187256,0.050000011920928955,1848500
2,7395,250,1515.929443359375,6.063717842102051,5.489839553833008,0.050000011920928955,1848750
2,7396,250,1896.9376220703125,7.587750434875488,5.0049333572387695,0.050000011920928955,1849000
2,7397,250,1480.1614990234375,5.9206461906433105,5.439724445343018,0.050000011920928955,1849250
2,7398,250,197.12307739257812,0.7884923219680786,5.442001819610596,0.050000011920928955,1849500
2,7399,250,1518.571044921875,6.074284076690674,5.511472702026367,0.050000011920928955,1849750
2,7400,250,1437.1614990234375,5.748645782470703,5.185518264770508,0.050000011920928955,1850000
2,7401,250,799.9183349609375,3.1996734142303467,5.444114685058594,0.050000011920928955,1850250
2,7402,250,1756.625244140625,7.026501178741455,5.220705509185791,0.050000011920928955,1850500
2,7403,250,1435.7716064453125,5.743086338043213,5.009101390838623,0.050000011920928955,1850750
2,7404,250,1439.873779296875,5.759495258331299,5.035698413848877,0.050000011920928955,1851000
2,7405,250,727.2566528320312,2.909026622772217,4.8426432609558105,0.050000011920928955,1851250
2,7406,250,1234.048828125,4.936195373535156,4.8637166023254395,0.050000011920928955,1851500
2,7407,250,1811.58740234375,7.246349811553955,4.799453258514404,0.050000011920928955,1851750
2,7408,250,1702.85400390625,6.811416149139404,4.664801597595215,0.050000011920928955,1852000
2,7409,250,1327.1092529296875,5.308436870574951,4.935965061187744,0.050000011920928955,1852250
2,7410,250,1515.794189453125,6.06317663192749,4.683531761169434,0.050000011920928955,1852500
2,7411,250,1761.16845703125,7.044673919677734,4.642989635467529,0.050000011920928955,1852750
2,7412,250,1519.5224609375,6.078089714050293,4.540254592895508,0.050000011920928955,1853000
2,7413,250,363.50299072265625,1.4540119171142578,4.557514190673828,0.050000011920928955,1853250
2,7414,250,1894.18017578125,7.576720714569092,4.600071430206299,0.050000011920928955,1853500
2,7415,250,1150.5018310546875,4.6020073890686035,4.577024936676025,0.050000011920928955,1853750
2,7416,250,1381.20263671875,5.524810314178467,4.575932025909424,0.050000011920928955,1854000
2,7417,250,1894.2958984375,7.577183723449707,4.837926387786865,0.050000011920928955,1854250
2,7418,250,1760.690185546875,7.042760848999023,4.510870933532715,0.050000011920928955,1854500
2,7419,250,242.7461395263672,0.9709845781326294,4.625566005706787,0.050000011920928955,1854750
2,7420,250,107.1058578491211,0.4284234344959259,4.468297004699707,0.050000011920928955,1855000
2,7421,250,731.72265625,2.9268906116485596,4.977001190185547,0.050000011920928955,1855250
2,7422,250,42.03403091430664,0.1681361198425293,4.9100470542907715,0.050000011920928955,1855500
2,7423,250,1789.08984375,7.1563591957092285,4.88434362411499,0.050000011920928955,1855750
2,7424,250,1802.502197265625,7.21000862121582,4.927235126495361,0.050000011920928955,1856000
2,7425,250,-5.506137371063232,-0.022024549543857574,5.254802703857422,0.050000011920928955,1856250
2,7426,250,1790.4635009765625,7.161853790283203,5.204782485961914,0.050000011920928955,1856500
2,7427,250,1853.770751953125,7.415082931518555,5.079170227050781,0.050000011920928955,1856750
2,7428,250,41.633544921875,0.1665341854095459,5.211318492889404,0.050000011920928955,1857000
2,7429,250,-15.746442794799805,-0.06298577040433884,5.517166614532471,0.050000011920928955,1857250
2,7430,250,1900.799072265625,7.603196144104004,5.5154242515563965,0.050000011920928955,1857500
2,7431,250,-29.298492431640625,-0.11719396710395813,5.5646586418151855,0.050000011920928955,1857750
2,7432,250,32.499210357666016,0.12999683618545532,5.489315032958984,0.050000011920928955,1858000
2,7433,250,1863.39501953125,7.453579902648926,5.792378902435303,0.050000011920928955,1858250
2,7434,250,1937.165771484375,7.748662948608398,5.652312755584717,0.050000011920928955,1858500
2,7435,250,1807.2091064453125,7.228836536407471,5.199493408203125,0.050000011920928955,1858750
2,7436,250,1918.2259521484375,7.672904014587402,5.405217170715332,0.050000011920928955,1859000
2,7437,250,1875.923828125,7.503695487976074,5.447732925415039,0.050000011920928955,1859250
2,7438,250,-18.787738800048828,-0.07515095174312592,5.071779727935791,0.050000011920928955,1859500
2,7439,250,1692.080078125,6.768320083618164,4.947837829589844,0.050000011920928955,1859750
2,7440,250,-24.563344955444336,-0.09825337678194046,5.327076435089111,0.050000011920928955,1860000
2,7441,250,1710.8367919921875,6.843347072601318,5.691323280334473,0.050000011920928955,1860250
2,7442,250,-3.63301420211792,-0.014532056637108326,5.217461585998535,0.050000011920928955,1860500
2,7443,250,1915.249267578125,7.660996913909912,5.340139865875244,0.050000011920928955,1860750
2,7444,250,1883.1051025390625,7.532420635223389,5.007552146911621,0.050000011920928955,1861000
2,7445,250,1721.743408203125,6.886973857879639,5.461453914642334,0.050000011920928955,1861250
2,7446,250,1832.02294921875,7.328091621398926,5.274785995483398,0.050000011920928955,1861500
2,7447,250,1919.0753173828125,7.6763014793396,5.025771617889404,0.050000011920928955,1861750
2,7448,250,1877.109619140625,7.508438587188721,5.139925479888916,0.050000011920928955,1862000
2,7449,250,33.30363082885742,0.13321451842784882,5.351533889770508,0.050000011920928955,1862250
2,7450,250,1758.28955078125,7.033158302307129,5.571785926818848,0.050000011920928955,1862500
2,7451,250,18.025278091430664,0.07210110872983932,5.248483180999756,0.050000011920928955,1862750
2,7452,250,1866.228271484375,7.4649128913879395,5.436995029449463,0.050000011920928955,1863000
2,7453,250,1732.681884765625,6.930727481842041,5.089976787567139,0.050000011920928955,1863250
2,7454,250,1820.208740234375,7.280835151672363,5.204335689544678,0.050000011920928955,1863500
2,7455,250,1397.823486328125,5.591293811798096,5.555341720581055,0.050000011920928955,1863750
2,7456,250,1831.657958984375,7.326632022857666,4.950369358062744,0.050000011920928955,1864000
2,7457,250,1733.0616455078125,6.932246685028076,4.913228988647461,0.050000011920928955,1864250
2,7458,250,1776.4068603515625,7.105627536773682,4.9693498611450195,0.050000011920928955,1864500
2,7459,250,1850.38232421875,7.401529312133789,5.161938667297363,0.050000011920928955,1864750
2,7460,250,1745.442138671875,6.981768608093262,4.731536388397217,0.050000011920928955,1865000
2,7461,250,61.326698303222656,0.24530678987503052,4.816806316375732,0.050000011920928955,1865250
2,7462,250,236.431396484375,0.9457255601882935,4.722540855407715,0.050000011920928955,1865500
2,7463,250,1756.10205078125,7.024408340454102,4.746811866760254,0.050000011920928955,1865750
2,7464,250,1719.8206787109375,6.8792829513549805,4.426962375640869,0.050000011920928955,1866000
2,7465,250,1627.3193359375,6.50927734375,4.5622053146362305,0.050000011920928955,1866250
2,7466,250,61.78449630737305,0.24713797867298126,4.468876361846924,0.050000011920928955,1866500
2,7467,250,1584.1041259765625,6.336416721343994,4.628096580505371,0.050000011920928955,1866750
2,7468,250,896.8252563476562,3.587301015853882,4.534519195556641,0.050000011920928955,1867000
2,7469,250,1934.2896728515625,7.73715877532959,4.3109450340271,0.050000011920928955,1867250
2,7470,250,1782.5137939453125,7.130054950714111,4.354686260223389,0.050000011920928955,1867500
2,7471,250,1701.5234375,6.806093692779541,4.48318338394165,0.050000011920928955,1867750
2,7472,250,1508.993896484375,6.035975456237793,4.132210731506348,0.050000011920928955,1868000
2,7473,250,1797.3251953125,7.189301013946533,4.280792236328125,0.050000011920928955,1868250
2,7474,250,1600.8548583984375,6.403419494628906,4.025806427001953,0.050000011920928955,1868500
2,7475,250,1632.47900390625,6.529915809631348,4.221625804901123,0.050000011920928955,1868750
2,7476,250,1565.2061767578125,6.260824680328369,3.8556649684906006,0.050000011920928955,1869000
2,7477,250,1331.913330078125,5.327653408050537,4.437343120574951,0.050000011920928955,1869250
2,7478,250,1716.8807373046875,6.867522716522217,4.15276575088501,0.050000011920928955,1869500
2,7479,250,1773.835693359375,7.095342636108398,3.9975547790527344,0.050000011920928955,1869750
2,7480,250,1344.2506103515625,5.377002239227295,4.186359405517578,0.050000011920928955,1870000
2,7481,250,1705.553955078125,6.822216033935547,3.9456870555877686,0.050000011920928955,1870250
2,7482,250,1619.4898681640625,6.477959632873535,3.8523972034454346,0.050000011920928955,1870500
2,7483,250,1942.3045654296875,7.769218444824219,3.7528200149536133,0.050000011920928955,1870750
2,7484,250,45.822635650634766,0.1832905411720276,3.744084119796753,0.050000011920928955,1871000
2,7485,250,1775.863525390625,7.103454113006592,4.524423599243164,0.050000011920928955,1871250
2,7486,250,1589.9637451171875,6.3598551750183105,4.175411701202393,0.050000011920928955,1871500
2,7487,250,680.0897827148438,2.7203590869903564,4.162902355194092,0.050000011920928955,1871750
2,7488,250,1506.3443603515625,6.02537727355957,4.2105560302734375,0.050000011920928955,1872000
2,7489,250,1935.5594482421875,7.742237567901611,4.358837127685547,0.050000011920928955,1872250
2,7490,250,1758.18212890625,7.032728672027588,4.292929172515869,0.050000011920928955,1872500
2,7491,250,1686.306640625,6.7452263832092285,4.063145637512207,0.050000011920928955,1872750
2,7492,250,1620.245849609375,6.480983257293701,3.9654810428619385,0.050000011920928955,1873000
2,7493,250,1610.570068359375,6.442280292510986,3.8968207836151123,0.050000011920928955,1873250
2,7494,250,1789.426513671875,7.157706260681152,4.062453746795654,0.050000011920928955,1873500
2,7495,250,1541.996337890625,6.167985439300537,3.8848986625671387,0.050000011920928955,1873750
2,7496,250,1616.0218505859375,6.46408748626709,3.7857306003570557,0.050000011920928955,1874000
2,7497,250,1632.760009765625,6.531040191650391,3.8196215629577637,0.050000011920928955,1874250
2,7498,250,1651.91357421875,6.607654094696045,3.5410146713256836,0.050000011920928955,1874500
2,7499,250,1777.1123046875,7.1084489822387695,3.788313150405884,0.050000011920928955,1874750
2,7500,250,1730.385009765625,6.921540260314941,3.735663890838623,0.050000011920928955,1875000
2,7501,250,1760.9766845703125,7.0439066886901855,3.5340797901153564,0.050000011920928955,1875250
2,7502,250,1765.038330078125,7.060153484344482,3.3901641368865967,0.050000011920928955,1875500
2,7503,250,1744.259521484375,6.9770379066467285,3.455275058746338,0.050000011920928955,1875750
2,7504,250,1762.5093994140625,7.050037384033203,3.565504550933838,0.050000011920928955,1876000
2,7505,250,1582.03857421875,6.32815408706665,3.4088728427886963,0.050000011920928955,1876250
2,7506,250,1801.9580078125,7.207831859588623,3.1700894832611084,0.050000011920928955,1876500
2,7507,250,1786.5078125,7.146031379699707,3.0634617805480957,0.050000011920928955,1876750
2,7508,250,1768.32421875,7.073297023773193,2.988832712173462,0.050000011920928955,1877000
2,7509,250,1541.8695068359375,6.167478084564209,2.9675755500793457,0.050000011920928955,1877250
2,7510,250,1711.12255859375,6.844490051269531,3.0402960777282715,0.050000011920928955,1877500
2,7511,250,1847.334228515625,7.389337062835693,3.0122900009155273,0.050000011920928955,1877750
2,7512,250,1681.2550048828125,6.725019931793213,2.8264846801757812,0.050000011920928955,1878000
2,7513,250,1102.224609375,4.40889835357666,3.1265971660614014,0.050000011920928955,1878250
2,7514,250,1705.7608642578125,6.823043346405029,2.840845823287964,0.050000011920928955,1878500
2,7515,250,1774.59619140625,7.098384857177734,2.8635683059692383,0.050000011920928955,1878750
2,7516,250,1459.909912109375,5.839639663696289,2.998216152191162,0.050000011920928955,1879000
2,7517,250,1652.4283447265625,6.609713554382324,3.021833658218384,0.050000011920928955,1879250
2,7518,250,1792.345703125,7.1693830490112305,3.102712869644165,0.050000011920928955,1879500
2,7519,250,1793.228515625,7.172914028167725,2.8859779834747314,0.050000011920928955,1879750
2,7520,250,1736.14501953125,6.944580078125,2.903510808944702,0.050000011920928955,1880000
2,7521,250,1547.0467529296875,6.188187122344971,3.0079259872436523,0.050000011920928955,1880250
2,7522,250,1721.3673095703125,6.885469436645508,2.863020181655884,0.050000011920928955,1880500
2,7523,250,1723.386962890625,6.893548011779785,2.8758907318115234,0.050000011920928955,1880750
2,7524,250,1760.7509765625,7.043004035949707,2.8382883071899414,0.050000011920928955,1881000
2,7525,250,1837.4027099609375,7.349610805511475,2.677316665649414,0.050000011920928955,1881250
2,7526,250,1563.658447265625,6.254633903503418,2.5523955821990967,0.050000011920928955,1881500
2,7527,250,1322.53662109375,5.290146350860596,2.4718916416168213,0.050000011920928955,1881750
2,7528,250,1927.9949951171875,7.711979866027832,2.361961603164673,0.050000011920928955,1882000
2,7529,250,1761.95166015625,7.047806739807129,2.5878849029541016,0.050000011920928955,1882250
2,7530,250,1707.864013671875,6.831456184387207,2.627558946609497,0.050000011920928955,1882500
2,7531,250,1780.875732421875,7.123502731323242,2.5773844718933105,0.050000011920928955,1882750
2,7532,250,1810.9593505859375,7.243837356567383,2.4146335124969482,0.050000011920928955,1883000
2,7533,250,1713.882568359375,6.855530261993408,2.709613084793091,0.050000011920928955,1883250
2,7534,250,1821.95458984375,7.287818431854248,2.5735690593719482,0.050000011920928955,1883500
2,7535,250,1739.120361328125,6.956481456756592,2.5614705085754395,0.050000011920928955,1883750
2,7536,250,1680.452392578125,6.721809387207031,2.4662299156188965,0.050000011920928955,1884000
2,7537,250,1791.40234375,7.165609359741211,2.6147267818450928,0.050000011920928955,1884250
2,7538,250,1751.1236572265625,7.004494667053223,2.5350749492645264,0.050000011920928955,1884500
2,7539,250,1729.125,6.916500091552734,2.6155221462249756,0.050000011920928955,1884750
2,7540,250,1738.7994384765625,6.955197811126709,2.447261333465576,0.050000011920928955,1885000
2,7541,250,1643.2119140625,6.572847843170166,2.8692429065704346,0.050000011920928955,1885250
2,7542,250,1283.08935546875,5.132357597351074,2.6771092414855957,0.050000011920928955,1885500
2,7543,250,1412.553955078125,5.6502156257629395,2.6468732357025146,0.050000011920928955,1885750
2,7544,250,1605.1397705078125,6.420558929443359,2.674431085586548,0.050000011920928955,1886000
2,7545,250,1642.018798828125,6.568075180053711,2.874742031097412,0.050000011920928955,1886250
2,7546,250,1619.1580810546875,6.476632118225098,2.9130148887634277,0.050000011920928955,1886500
2,7547,250,1425.0205078125,5.700081825256348,2.99550724029541,0.050000011920928955,1886750
2,7548,250,1832.9818115234375,7.331927299499512,2.8222076892852783,0.050000011920928955,1887000
2,7549,250,1514.10498046875,6.056419849395752,3.0590944290161133,0.050000011920928955,1887250
2,7550,250,1736.5484619140625,6.946193695068359,2.83137583732605,0.050000011920928955,1887500
2,7551,250,1607.273193359375,6.429092884063721,2.9230360984802246,0.050000011920928955,1887750
2,7552,250,1818.92724609375,7.27570915222168,2.977839469909668,0.050000011920928955,1888000
2,7553,250,1769.56591796875,7.078263759613037,3.011272668838501,0.050000011920928955,1888250
2,7554,250,1748.7137451171875,6.994854927062988,2.961207389831543,0.050000011920928955,1888500
2,7555,250,1743.295166015625,6.973180770874023,2.809357166290283,0.050000011920928955,1888750
2,7556,250,1796.1309814453125,7.184524059295654,2.9406938552856445,0.050000011920928955,1889000
2,7557,250,1736.231201171875,6.944924831390381,2.9289960861206055,0.050000011920928955,1889250
2,7558,250,1398.229248046875,5.592916965484619,2.9084525108337402,0.050000011920928955,1889500
2,7559,250,1887.31884765625,7.5492753982543945,2.8042428493499756,0.050000011920928955,1889750
2,7560,250,1684.358154296875,6.737432479858398,2.8663620948791504,0.050000011920928955,1890000
2,7561,250,1739.007080078125,6.956028461456299,3.10915470123291,0.050000011920928955,1890250
2,7562,250,1477.373779296875,5.9094953536987305,3.216057538986206,0.050000011920928955,1890500
2,7563,250,1550.3094482421875,6.201237678527832,3.331155300140381,0.050000011920928955,1890750
2,7564,250,1896.7320556640625,7.586928367614746,3.160935640335083,0.050000011920928955,1891000
2,7565,250,1945.0064697265625,7.780025959014893,3.116865873336792,0.050000011920928955,1891250
2,7566,250,1745.0428466796875,6.980171203613281,3.115760326385498,0.050000011920928955,1891500
2,7567,250,1928.0357666015625,7.7121429443359375,3.0960519313812256,0.050000011920928955,1891750
2,7568,250,1902.8143310546875,7.611257553100586,2.7364931106567383,0.050000011920928955,1892000
2,7569,250,1569.7098388671875,6.278839588165283,2.923457145690918,0.050000011920928955,1892250
2,7570,250,1929.5093994140625,7.7180376052856445,3.030143976211548,0.050000011920928955,1892500
2,7571,250,1739.84619140625,6.959384918212891,2.823808431625366,0.050000011920928955,1892750
2,7572,250,19.499170303344727,0.07799667865037918,2.844312906265259,0.050000011920928955,1893000
2,7573,250,1913.7586669921875,7.65503454208374,3.396944999694824,0.050000011920928955,1893250
2,7574,250,1593.5345458984375,6.374138355255127,3.257561683654785,0.050000011920928955,1893500
2,7575,250,1595.1319580078125,6.380527973175049,3.412263870239258,0.050000011920928955,1893750
2,7576,250,1919.5478515625,7.678191184997559,3.2608277797698975,0.050000011920928955,1894000
2,7577,250,1904.5128173828125,7.618051052093506,3.4866297245025635,0.050000011920928955,1894250
2,7578,250,50.060325622558594,0.2002412974834442,3.3153457641601562,0.050000011920928955,1894500
2,7579,250,1907.148193359375,7.6285929679870605,3.4338467121124268,0.050000011920928955,1894750
2,7580,250,1868.2840576171875,7.4731364250183105,3.5398049354553223,0.050000011920928955,1895000
2,7581,250,1539.0316162109375,6.156126499176025,3.6530394554138184,0.050000011920928955,1895250
2,7582,250,1904.60107421875,7.618404388427734,3.3893587589263916,0.050000011920928955,1895500
2,7583,250,1886.2313232421875,7.544925212860107,3.386275053024292,0.050000011920928955,1895750
2,7584,250,32.87434005737305,0.1314973533153534,3.5461337566375732,0.050000011920928955,1896000
2,7585,250,16.849884033203125,0.0673995390534401,3.497831344604492,0.050000011920928955,1896250
2,7586,250,-9.187575340270996,-0.03675030171871185,4.212685585021973,0.050000011920928955,1896500
2,7587,250,1508.1060791015625,6.032424449920654,3.9590721130371094,0.050000011920928955,1896750
2,7588,250,1938.54638671875,7.754185676574707,3.794546365737915,0.050000011920928955,1897000
2,7589,250,1868.0220947265625,7.47208833694458,3.9716835021972656,0.050000011920928955,1897250
2,7590,250,1578.7113037109375,6.314845085144043,4.4104814529418945,0.050000011920928955,1897500
2,7591,250,10.531015396118164,0.04212406277656555,4.096583843231201,0.050000011920928955,1897750
2,7592,250,21.652841567993164,0.08661136776208878,4.1590895652771,0.050000011920928955,1898000
2,7593,250,5.21177864074707,0.02084711380302906,4.806971073150635,0.050000011920928955,1898250
2,7594,250,1896.053955078125,7.5842156410217285,4.645413398742676,0.050000011920928955,1898500
2,7595,250,30.13381004333496,0.1205352395772934,4.682283401489258,0.050000011920928955,1898750
2,7596,250,1.1676398515701294,0.004670559428632259,4.575571060180664,0.050000011920928955,1899000
2,7597,250,9.763931274414062,0.0390557236969471,5.596960067749023,0.050000011920928955,1899250
2,7598,250,395.00091552734375,1.5800036191940308,5.168267250061035,0.050000011920928955,1899500
2,7599,250,24.913698196411133,0.09965479373931885,5.53148889541626,0.050000011920928955,1899750
2,7600,250,1878.95654296875,7.515826225280762,5.463862419128418,0.050000011920928955,1900000
2,7601,250,1922.44091796875,7.68976354598999,6.033157825469971,0.050000011920928955,1900250
2,7602,250,1646.835693359375,6.587342739105225,5.504912853240967,0.050000011920928955,1900500
2,7603,250,49.08289337158203,0.19633157551288605,5.058263301849365,0.050000011920928955,1900750
2,7604,250,19.462970733642578,0.07785188406705856,5.530356407165527,0.050000011920928955,1901000
2,7605,250,46.6015739440918,0.18640629947185516,6.531064510345459,0.050000011920928955,1901250
2,7606,250,1885.679931640625,7.542719841003418,6.110105037689209,0.050000011920928955,1901500
2,7607,250,1723.2373046875,6.892949104309082,5.922515869140625,0.050000011920928955,1901750
2,7608,250,9.577035903930664,0.038308143615722656,5.8899078369140625,0.050000011920928955,1902000
2,7609,250,1883.3692626953125,7.533476829528809,6.064888954162598,0.050000011920928955,1902250
2,7610,250,1509.7008056640625,6.0388031005859375,5.866426944732666,0.050000011920928955,1902500
2,7611,250,1476.01416015625,5.904056549072266,5.610665321350098,0.050000011920928955,1902750
2,7612,250,47.00741195678711,0.18802964687347412,5.765749931335449,0.050000011920928955,1903000
2,7613,250,1485.975341796875,5.943901538848877,5.993127346038818,0.050000011920928955,1903250
2,7614,250,1474.63427734375,5.8985371589660645,5.686729907989502,0.050000011920928955,1903500
2,7615,250,1544.766845703125,6.179067611694336,5.398414134979248,0.050000011920928955,1903750
2,7616,250,1659.3677978515625,6.6374711990356445,5.634775638580322,0.050000011920928955,1904000
2,7617,250,1517.26220703125,6.069048881530762,5.816494464874268,0.050000011920928955,1904250
2,7618,250,1509.693603515625,6.038774490356445,5.343872547149658,0.050000011920928955,1904500
2,7619,250,949.1968994140625,3.7967875003814697,5.472287178039551,0.050000011920928955,1904750
2,7620,250,280.2633972167969,1.1210535764694214,5.661929130554199,0.050000011920928955,1905000
2,7621,250,1169.5672607421875,4.678268909454346,6.933366298675537,0.050000011920928955,1905250
2,7622,250,1537.064697265625,6.148258686065674,6.679219722747803,0.050000011920928955,1905500
2,7623,250,1189.498779296875,4.757995128631592,6.263515472412109,0.050000011920928955,1905750
2,7624,250,1580.3680419921875,6.32147216796875,6.130923271179199,0.050000011920928955,1906000
2,7625,250,1622.998291015625,6.491992950439453,6.8157477378845215,0.050000011920928955,1906250
2,7626,250,777.406005859375,3.109623908996582,6.857033729553223,0.050000011920928955,1906500
2,7627,250,33.96849822998047,0.13587398827075958,6.3222432136535645,0.050000011920928955,1906750
2,7628,250,1564.64013671875,6.258560657501221,6.265662670135498,0.050000011920928955,1907000
2,7629,250,1434.2799072265625,5.737119674682617,7.592483997344971,0.050000011920928955,1907250
2,7630,250,1372.677490234375,5.4907097816467285,7.06406831741333,0.050000011920928955,1907500
2,7631,250,1727.29736328125,6.909189224243164,6.831878185272217,0.050000011920928955,1907750
2,7632,250,1526.117431640625,6.1044697761535645,6.602911472320557,0.050000011920928955,1908000
2,7633,250,1241.875,4.96750020980835,7.6044392585754395,0.050000011920928955,1908250
2,7634,250,427.26513671875,1.709060549736023,7.236451625823975,0.050000011920928955,1908500
2,7635,250,910.2620849609375,3.6410484313964844,7.034399032592773,0.050000011920928955,1908750
2,7636,250,1736.795654296875,6.947182655334473,6.984239101409912,0.050000011920928955,1909000
2,7637,250,1588.27587890625,6.3531036376953125,7.124392509460449,0.050000011920928955,1909250
2,7638,250,1220.51904296875,4.882076263427734,7.236307621002197,0.050000011920928955,1909500
2,7639,250,1504.96044921875,6.01984167098999,6.940309047698975,0.050000011920928955,1909750
2,7640,250,1923.6485595703125,7.694594383239746,6.520521640777588,0.050000011920928955,1910000
2,7641,250,1191.968017578125,4.767871856689453,6.968868255615234,0.050000011920928955,1910250
2,7642,250,1554.70068359375,6.2188029289245605,6.986832141876221,0.050000011920928955,1910500
2,7643,250,384.76519775390625,1.5390608310699463,6.925049781799316,0.050000011920928955,1910750
2,7644,250,1415.9222412109375,5.663689136505127,6.698941230773926,0.050000011920928955,1911000
2,7645,250,1006.6090087890625,4.026435852050781,6.983447074890137,0.050000011920928955,1911250
2,7646,250,1892.6080322265625,7.570432186126709,6.473460674285889,0.050000011920928955,1911500
2,7647,250,1706.585693359375,6.826342582702637,6.612575054168701,0.050000011920928955,1911750
2,7648,250,1427.695556640625,5.710782051086426,5.896162509918213,0.050000011920928955,1912000
2,7649,250,1380.9715576171875,5.523886203765869,6.310831069946289,0.050000011920928955,1912250
2,7650,250,1587.3546142578125,6.349418640136719,5.823788166046143,0.050000011920928955,1912500
2,7651,250,1717.294921875,6.869179725646973,6.1448493003845215,0.050000011920928955,1912750
2,7652,250,1613.579345703125,6.454317569732666,5.62791109085083,0.050000011920928955,1913000
2,7653,250,1693.6279296875,6.774511814117432,6.059168338775635,0.050000011920928955,1913250
2,7654,250,1891.37060546875,7.5654826164245605,5.3349127769470215,0.050000011920928955,1913500
2,7655,250,1686.64111328125,6.7465643882751465,5.223639488220215,0.050000011920928955,1913750
2,7656,250,1551.5726318359375,6.2062907218933105,5.194357395172119,0.050000011920928955,1914000
2,7657,250,252.72486877441406,1.0108994245529175,5.617947101593018,0.050000011920928955,1914250
2,7658,250,1501.613525390625,6.006453990936279,5.966381549835205,0.050000011920928955,1914500
2,7659,250,1617.0350341796875,6.468140125274658,5.572296142578125,0.050000011920928955,1914750
2,7660,250,1528.385498046875,6.113542079925537,5.239470958709717,0.050000011920928955,1915000
2,7661,250,1910.2569580078125,7.641027927398682,5.544666290283203,0.050000011920928955,1915250
2,7662,250,1729.188720703125,6.916754722595215,5.182073593139648,0.050000011920928955,1915500
2,7663,250,1504.70166015625,6.018806457519531,5.329989433288574,0.050000011920928955,1915750
2,7664,250,1594.50830078125,6.37803316116333,5.039392471313477,0.050000011920928955,1916000
2,7665,250,1623.0810546875,6.492324352264404,5.125796794891357,0.050000011920928955,1916250
2,7666,250,1706.0341796875,6.824136734008789,4.8158183097839355,0.050000011920928955,1916500
2,7667,250,1713.303466796875,6.853213787078857,4.579993724822998,0.050000011920928955,1916750
2,7668,250,1485.6688232421875,5.9426751136779785,4.627379417419434,0.050000011920928955,1917000
2,7669,250,1471.587158203125,5.886348724365234,4.5491228103637695,0.050000011920928955,1917250
2,7670,250,1488.626708984375,5.954506874084473,4.362468242645264,0.050000011920928955,1917500
2,7671,250,1751.0994873046875,7.004397869110107,4.428081035614014,0.050000011920928955,1917750
2,7672,250,1556.592041015625,6.226367950439453,4.273200035095215,0.050000011920928955,1918000
2,7673,250,40.03575897216797,0.16014303267002106,4.429257869720459,0.050000011920928955,1918250
2,7674,250,1593.8314208984375,6.375325679779053,4.229645729064941,0.050000011920928955,1918500
2,7675,250,1610.3297119140625,6.441318988800049,4.120932102203369,0.050000011920928955,1918750
2,7676,250,1705.221435546875,6.82088565826416,3.8515331745147705,0.050000011920928955,1919000
2,7677,250,1876.811767578125,7.507246971130371,3.762064218521118,0.050000011920928955,1919250
2,7678,250,113.66451263427734,0.45465806126594543,3.7246713638305664,0.050000011920928955,1919500
2,7679,250,30.27692222595215,0.12110769003629684,3.8935389518737793,0.050000011920928955,1919750
2,7680,250,1472.799072265625,5.891196250915527,4.093839645385742,0.050000011920928955,1920000
2,7681,250,32.24928283691406,0.12899713218212128,4.201207160949707,0.050000011920928955,1920250
2,7682,250,30.918697357177734,0.12367478758096695,4.2247772216796875,0.050000011920928955,1920500
2,7683,250,-21.61690902709961,-0.08646763861179352,4.515260696411133,0.050000011920928955,1920750
2,7684,250,1622.90283203125,6.491611480712891,4.49380350112915,0.050000011920928955,1921000
2,7685,250,55.48979187011719,0.2219591736793518,4.966998100280762,0.050000011920928955,1921250
2,7686,250,17.91149139404297,0.07164596766233444,5.104620456695557,0.050000011920928955,1921500
2,7687,250,14.762962341308594,0.05905184894800186,5.349951267242432,0.050000011920928955,1921750
2,7688,250,1770.8704833984375,7.083481788635254,5.536444664001465,0.050000011920928955,1922000
2,7689,250,12.202851295471191,0.0488114058971405,5.800323963165283,0.050000011920928955,1922250
2,7690,250,32.63966369628906,0.13055865466594696,5.802559852600098,0.050000011920928955,1922500
2,7691,250,140.81922912597656,0.5632768869400024,6.191914081573486,0.050000011920928955,1922750
2,7692,250,23.206741333007812,0.0928269624710083,6.196299076080322,0.050000011920928955,1923000
2,7693,250,9.739997863769531,0.038959991186857224,7.006966590881348,0.050000011920928955,1923250
2,7694,250,3.787388563156128,0.01514955423772335,7.314888954162598,0.050000011920928955,1923500
2,7695,250,39.62227249145508,0.15848909318447113,7.002114772796631,0.050000011920928955,1923750
2,7696,250,39.341346740722656,0.15736538171768188,7.463932037353516,0.050000011920928955,1924000
2,7697,250,1457.870849609375,5.831483364105225,8.140783309936523,0.050000011920928955,1924250
2,7698,250,688.3724975585938,2.7534899711608887,7.552192211151123,0.050000011920928955,1924500
2,7699,250,1002.4096069335938,4.00963830947876,7.661649703979492,0.050000011920928955,1924750
2,7700,250,700.95068359375,2.803802728652954,7.641081809997559,0.050000011920928955,1925000
2,7701,250,1542.2537841796875,6.169014930725098,8.218491554260254,0.050000011920928955,1925250
2,7702,250,1713.312255859375,6.8532490730285645,7.80657958984375,0.050000011920928955,1925500
2,7703,250,22.360971450805664,0.0894438847899437,7.475073337554932,0.050000011920928955,1925750
2,7704,250,40.568870544433594,0.16227547824382782,7.9568772315979,0.050000011920928955,1926000
2,7705,250,93.02720642089844,0.3721088171005249,9.04157543182373,0.050000011920928955,1926250
2,7706,250,1435.8114013671875,5.743245601654053,8.120734214782715,0.050000011920928955,1926500
2,7707,250,1585.7532958984375,6.343013286590576,8.459228515625,0.050000011920928955,1926750
2,7708,250,1631.392822265625,6.525571346282959,7.938835620880127,0.050000011920928955,1927000
2,7709,250,1872.076904296875,7.488307476043701,8.19887638092041,0.050000011920928955,1927250
2,7710,250,1615.8984375,6.46359395980835,8.376197814941406,0.050000011920928955,1927500
2,7711,250,1554.230712890625,6.216922760009766,8.04230785369873,0.050000011920928955,1927750
2,7712,250,1890.9136962890625,7.563654899597168,8.086174964904785,0.050000011920928955,1928000
2,7713,250,1115.04833984375,4.460193157196045,8.434284210205078,0.050000011920928955,1928250
2,7714,250,1660.401123046875,6.641604423522949,7.9291205406188965,0.050000011920928955,1928500
2,7715,250,1566.7529296875,6.267011642456055,7.691993236541748,0.050000011920928955,1928750
2,7716,250,1247.2647705078125,4.989058971405029,7.660618782043457,0.050000011920928955,1929000
2,7717,250,1296.6480712890625,5.186592102050781,8.077292442321777,0.050000011920928955,1929250
2,7718,250,1421.21875,5.684875011444092,8.138257026672363,0.050000011920928955,1929500
2,7719,250,1671.62890625,6.686515808105469,7.471221446990967,0.050000011920928955,1929750
2,7720,250,1477.7476806640625,5.9109907150268555,7.184915065765381,0.050000011920928955,1930000
2,7721,250,1426.3531494140625,5.7054123878479,7.213252067565918,0.050000011920928955,1930250
2,7722,250,1837.977294921875,7.351909160614014,7.539002418518066,0.050000011920928955,1930500
2,7723,250,1515.4365234375,6.061746120452881,6.893948554992676,0.050000011920928955,1930750
2,7724,250,1791.13671875,7.164546966552734,6.974153518676758,0.050000011920928955,1931000
2,7725,250,1210.822021484375,4.843287944793701,6.994475841522217,0.050000011920928955,1931250
2,7726,250,1068.72705078125,4.274908065795898,6.389980792999268,0.050000011920928955,1931500
2,7727,250,1629.4830322265625,6.517931938171387,6.404998302459717,0.050000011920928955,1931750
2,7728,250,1482.30029296875,5.929201126098633,6.230864524841309,0.050000011920928955,1932000
2,7729,250,1241.08251953125,4.964330196380615,6.284728050231934,0.050000011920928955,1932250
2,7730,250,1348.248046875,5.39299201965332,6.0979743003845215,0.050000011920928955,1932500
2,7731,250,1511.1162109375,6.044465065002441,5.585746765136719,0.050000011920928955,1932750
2,7732,250,1351.055908203125,5.404223442077637,5.7789716720581055,0.050000011920928955,1933000
2,7733,250,1683.401611328125,6.733606338500977,5.711063861846924,0.050000011920928955,1933250
2,7734,250,1864.4364013671875,7.457745552062988,5.397688865661621,0.050000011920928955,1933500
2,7735,250,1532.5814208984375,6.130325794219971,5.047629356384277,0.050000011920928955,1933750
2,7736,250,1395.0743408203125,5.580297470092773,5.003053665161133,0.050000011920928955,1934000
2,7737,250,1625.34228515625,6.501368999481201,4.839264869689941,0.050000011920928955,1934250
2,7738,250,1470.1732177734375,5.880692958831787,4.997622966766357,0.050000011920928955,1934500
2,7739,250,1507.07373046875,6.028295040130615,5.037960529327393,0.050000011920928955,1934750
2,7740,250,1867.62939453125,7.470517635345459,4.731133460998535,0.050000011920928955,1935000
2,7741,250,1620.3701171875,6.481480598449707,4.713923454284668,0.050000011920928955,1935250
2,7742,250,1616.06298828125,6.46425199508667,4.456856727600098,0.050000011920928955,1935500
2,7743,250,60.73781967163086,0.24295127391815186,4.2418131828308105,0.050000011920928955,1935750
2,7744,250,1475.1728515625,5.900691509246826,4.363394260406494,0.050000011920928955,1936000
2,7745,250,1589.4454345703125,6.357781887054443,4.392739295959473,0.050000011920928955,1936250
2,7746,250,1736.6826171875,6.946730613708496,4.153472423553467,0.050000011920928955,1936500
2,7747,250,1577.776123046875,6.3111042976379395,4.253604412078857,0.050000011920928955,1936750
2,7748,250,1757.456787109375,7.029827117919922,4.167586803436279,0.050000011920928955,1937000
2,7749,250,1548.368408203125,6.193473815917969,4.173548698425293,0.050000011920928955,1937250
2,7750,250,1875.473876953125,7.501895427703857,4.159914016723633,0.050000011920928955,1937500
2,7751,250,1886.89208984375,7.547568321228027,4.157548427581787,0.050000011920928955,1937750
2,7752,250,1483.20751953125,5.932829856872559,3.89524507522583,0.050000011920928955,1938000
2,7753,250,1515.080322265625,6.06032133102417,3.9557387828826904,0.050000011920928955,1938250
2,7754,250,1895.9520263671875,7.583807945251465,3.6584181785583496,0.050000011920928955,1938500
2,7755,250,1393.6334228515625,5.574533462524414,3.984149694442749,0.050000011920928955,1938750
2,7756,250,1879.369873046875,7.517479419708252,3.9401166439056396,0.050000011920928955,1939000
2,7757,250,1534.4625244140625,6.137850284576416,3.6522512435913086,0.050000011920928955,1939250
2,7758,250,1475.8941650390625,5.903576850891113,3.768477439880371,0.050000011920928955,1939500
2,7759,250,1550.5958251953125,6.202383518218994,3.5996246337890625,0.050000011920928955,1939750
2,7760,250,1509.281982421875,6.03712797164917,3.375643730163574,0.050000011920928955,1940000
2,7761,250,1545.8841552734375,6.183536529541016,3.9749674797058105,0.050000011920928955,1940250
2,7762,250,1264.1932373046875,5.0567731857299805,3.711271286010742,0.050000011920928955,1940500
2,7763,250,1476.162109375,5.904648303985596,3.668100357055664,0.050000011920928955,1940750
2,7764,250,1507.022216796875,6.0280890464782715,3.7448112964630127,0.050000011920928955,1941000
2,7765,250,1468.77490234375,5.8750996589660645,3.887620210647583,0.050000011920928955,1941250
2,7766,250,1692.8564453125,6.771425724029541,3.7849764823913574,0.050000011920928955,1941500
2,7767,250,1443.385009765625,5.773540019989014,3.5228383541107178,0.050000011920928955,1941750
2,7768,250,1503.15283203125,6.012611389160156,3.526872158050537,0.050000011920928955,1942000
2,7769,250,1470.434326171875,5.881737232208252,3.84511399269104,0.050000011920928955,1942250
2,7770,250,1511.372314453125,6.045489311218262,3.498629331588745,0.050000011920928955,1942500
2,7771,250,1684.396484375,6.73758602142334,3.665330410003662,0.050000011920928955,1942750
2,7772,250,1688.4649658203125,6.753859996795654,3.4665117263793945,0.050000011920928955,1943000
2,7773,250,1564.5927734375,6.258370876312256,3.328355312347412,0.050000011920928955,1943250
2,7774,250,1549.9329833984375,6.199731826782227,3.43154239654541,0.050000011920928955,1943500
2,7775,250,1792.43115234375,7.169724464416504,3.612825870513916,0.050000011920928955,1943750
2,7776,250,1717.60986328125,6.870439529418945,3.371666193008423,0.050000011920928955,1944000
2,7777,250,1657.3048095703125,6.629219055175781,3.4124207496643066,0.050000011920928955,1944250
2,7778,250,1484.776611328125,5.939106464385986,3.351888418197632,0.050000011920928955,1944500
2,7779,250,1707.3885498046875,6.829554080963135,3.452467203140259,0.050000011920928955,1944750
2,7780,250,1712.83203125,6.851327896118164,3.41611647605896,0.050000011920928955,1945000
2,7781,250,1713.169921875,6.85267972946167,3.4273459911346436,0.050000011920928955,1945250
2,7782,250,1722.026123046875,6.888104438781738,3.256265640258789,0.050000011920928955,1945500
2,7783,250,1689.4022216796875,6.757608890533447,3.3932952880859375,0.050000011920928955,1945750
2,7784,250,1684.14599609375,6.736584186553955,3.057450771331787,0.050000011920928955,1946000
2,7785,250,1487.27978515625,5.9491190910339355,3.202939987182617,0.050000011920928955,1946250
2,7786,250,1761.7384033203125,7.0469536781311035,2.9201433658599854,0.050000011920928955,1946500
2,7787,250,1648.3155517578125,6.593262195587158,2.957487106323242,0.050000011920928955,1946750
2,7788,250,1679.03955078125,6.716158390045166,2.828446626663208,0.050000011920928955,1947000
2,7789,250,1501.7391357421875,6.006956577301025,3.036219358444214,0.050000011920928955,1947250
2,7790,250,1706.6690673828125,6.826676368713379,3.178246259689331,0.050000011920928955,1947500
2,7791,250,1709.287109375,6.837148666381836,3.251443862915039,0.050000011920928955,1947750
2,7792,250,1520.934326171875,6.083737373352051,3.0116426944732666,0.050000011920928955,1948000
2,7793,250,1181.4298095703125,4.725719451904297,3.3569416999816895,0.050000011920928955,1948250
2,7794,250,1102.89453125,4.411578178405762,3.117842674255371,0.050000011920928955,1948500
2,7795,250,1335.5958251953125,5.34238338470459,3.155668258666992,0.050000011920928955,1948750
2,7796,250,1244.62158203125,4.97848653793335,3.335134267807007,0.050000011920928955,1949000
2,7797,250,1265.668701171875,5.0626749992370605,3.630760908126831,0.050000011920928955,1949250
2,7798,250,1222.2337646484375,4.888935089111328,3.3068149089813232,0.050000011920928955,1949500
2,7799,250,1260.4967041015625,5.04198694229126,3.3960483074188232,0.050000011920928955,1949750
2,7800,250,-7.642640590667725,-0.030570562928915024,3.3417551517486572,0.050000011920928955,1950000
2,7801,250,1308.2734375,5.233093738555908,3.9521827697753906,0.050000011920928955,1950250
2,7802,250,1293.1279296875,5.172511577606201,3.660748243331909,0.050000011920928955,1950500
2,7803,250,1694.101318359375,6.776405334472656,3.6555733680725098,0.050000011920928955,1950750
2,7804,250,1714.265869140625,6.857063293457031,3.7260732650756836,0.050000011920928955,1951000
2,7805,250,1153.16259765625,4.612650394439697,3.994685411453247,0.050000011920928955,1951250
2,7806,250,1152.719482421875,4.610877990722656,4.030771255493164,0.050000011920928955,1951500
2,7807,250,1357.2030029296875,5.428812026977539,3.969722270965576,0.050000011920928955,1951750
2,7808,250,1581.203125,6.324812412261963,4.047079563140869,0.050000011920928955,1952000
2,7809,250,1582.3741455078125,6.329496383666992,4.29478120803833,0.050000011920928955,1952250
2,7810,250,1581.497314453125,6.325989246368408,4.161464214324951,0.050000011920928955,1952500
2,7811,250,797.2557373046875,3.189023017883301,4.21861457824707,0.050000011920928955,1952750
2,7812,250,1558.146484375,6.232585906982422,4.361571311950684,0.050000011920928955,1953000
2,7813,250,1552.53857421875,6.2101545333862305,4.319122791290283,0.050000011920928955,1953250
2,7814,250,1188.3380126953125,4.753352165222168,4.368081569671631,0.050000011920928955,1953500
2,7815,250,1666.969482421875,6.667878150939941,4.292964935302734,0.050000011920928955,1953750
2,7816,250,1642.709228515625,6.570837020874023,4.128664493560791,0.050000011920928955,1954000
2,7817,250,1735.37939453125,6.941517353057861,4.284375190734863,0.050000011920928955,1954250
2,7818,250,204.4342498779297,0.8177369832992554,4.183661460876465,0.050000011920928955,1954500
2,7819,250,1709.5250244140625,6.838099956512451,4.637948513031006,0.050000011920928955,1954750
2,7820,250,1541.075927734375,6.164303779602051,4.6149067878723145,0.050000011920928955,1955000
2,7821,250,1474.3726806640625,5.897490501403809,4.3738226890563965,0.050000011920928955,1955250
2,7822,250,1640.474609375,6.561898231506348,4.598910808563232,0.050000011920928955,1955500
2,7823,250,1588.57958984375,6.354318141937256,4.579916000366211,0.050000011920928955,1955750
2,7824,250,1548.36865234375,6.193474769592285,4.696415901184082,0.050000011920928955,1956000
2,7825,250,13.094900131225586,0.05237960070371628,4.682764053344727,0.050000011920928955,1956250
2,7826,250,1928.21923828125,7.712876796722412,5.348711013793945,0.050000011920928955,1956500
2,7827,250,1610.0107421875,6.440042972564697,5.117102146148682,0.050000011920928955,1956750
2,7828,250,208.08912658691406,0.8323565125465393,4.947817325592041,0.050000011920928955,1957000
2,7829,250,1101.28564453125,4.405142784118652,5.469690322875977,0.050000011920928955,1957250
2,7830,250,1760.0743408203125,7.040297508239746,5.232251167297363,0.050000011920928955,1957500
2,7831,250,919.0131225585938,3.6760525703430176,5.326802730560303,0.050000011920928955,1957750
2,7832,250,1378.0897216796875,5.512358665466309,5.815580368041992,0.050000011920928955,1958000
2,7833,250,405.59332275390625,1.622373342514038,5.522747993469238,0.050000011920928955,1958250
2,7834,250,1067.885009765625,4.27154016494751,5.530538558959961,0.050000011920928955,1958500
2,7835,250,1767.4537353515625,7.069815158843994,5.573535442352295,0.050000011920928955,1958750
2,7836,250,1626.494873046875,6.505979537963867,5.763784885406494,0.050000011920928955,1959000
2,7837,250,1741.095703125,6.964382648468018,5.475599765777588,0.050000011920928955,1959250
2,7838,250,812.5994262695312,3.2503976821899414,5.703653812408447,0.050000011920928955,1959500
2,7839,250,1745.723388671875,6.982893466949463,5.351187705993652,0.050000011920928955,1959750
2,7840,250,1593.8607177734375,6.375442981719971,5.2816033363342285,0.050000011920928955,1960000
2,7841,250,1515.402587890625,6.061610221862793,5.163940906524658,0.050000011920928955,1960250
2,7842,250,1911.310302734375,7.6452412605285645,4.941386699676514,0.050000011920928955,1960500
2,7843,250,1627.4940185546875,6.509975910186768,4.724328517913818,0.050000011920928955,1960750
2,7844,250,1766.974853515625,7.067899227142334,4.871837139129639,0.050000011920928955,1961000
2,7845,250,1774.1427001953125,7.09657096862793,4.939537048339844,0.050000011920928955,1961250
2,7846,250,1904.130859375,7.616523265838623,4.492244720458984,0.050000011920928955,1961500
2,7847,250,1764.5855712890625,7.058342456817627,4.872874736785889,0.050000011920928955,1961750
2,7848,250,1645.7989501953125,6.583195686340332,4.5217437744140625,0.050000011920928955,1962000
2,7849,250,1625.1925048828125,6.500770092010498,4.383459091186523,0.050000011920928955,1962250
2,7850,250,1508.7623291015625,6.0350494384765625,4.704217910766602,0.050000011920928955,1962500
2,7851,250,1622.1004638671875,6.488401889801025,4.159163475036621,0.050000011920928955,1962750
2,7852,250,1399.3731689453125,5.597492694854736,3.9835193157196045,0.050000011920928955,1963000
2,7853,250,1577.164794921875,6.308659076690674,4.154483318328857,0.050000011920928955,1963250
2,7854,250,1694.40869140625,6.777634620666504,3.990605592727661,0.050000011920928955,1963500
2,7855,250,1504.4068603515625,6.017627239227295,4.224691867828369,0.050000011920928955,1963750
2,7856,250,1432.951904296875,5.731807708740234,4.328173637390137,0.050000011920928955,1964000
2,7857,250,1767.872802734375,7.071491241455078,4.081188201904297,0.050000011920928955,1964250
2,7858,250,1892.3243408203125,7.5692973136901855,3.8599512577056885,0.050000011920928955,1964500
2,7859,250,1697.208740234375,6.788835048675537,3.482203960418701,0.050000011920928955,1964750
2,7860,250,1556.64794921875,6.22659158706665,3.7606844902038574,0.050000011920928955,1965000
2,7861,250,1570.7020263671875,6.282808303833008,3.436586618423462,0.050000011920928955,1965250
2,7862,250,1436.79296875,5.747171878814697,3.4539220333099365,0.050000011920928955,1965500
2,7863,250,1624.600830078125,6.498403549194336,3.552248954772949,0.050000011920928955,1965750
2,7864,250,1508.501220703125,6.0340046882629395,3.2802834510803223,0.050000011920928955,1966000
2,7865,250,1531.013427734375,6.124053478240967,3.5242257118225098,0.050000011920928955,1966250
2,7866,250,1761.53857421875,7.046154499053955,3.4943106174468994,0.050000011920928955,1966500
2,7867,250,1591.0028076171875,6.364011287689209,3.1607682704925537,0.050000011920928955,1966750
2,7868,250,1689.009521484375,6.756038188934326,3.465390205383301,0.050000011920928955,1967000
2,7869,250,1655.3778076171875,6.621511459350586,3.120422124862671,0.050000011920928955,1967250
2,7870,250,1614.4017333984375,6.457606792449951,3.1099960803985596,0.050000011920928955,1967500
2,7871,250,1701.4578857421875,6.805831432342529,3.2130892276763916,0.050000011920928955,1967750
2,7872,250,1778.1895751953125,7.112758159637451,3.079099655151367,0.050000011920928955,1968000
2,7873,250,1543.379638671875,6.173518657684326,3.2196667194366455,0.050000011920928955,1968250
2,7874,250,1761.904541015625,7.047618389129639,3.0294034481048584,0.050000011920928955,1968500
2,7875,250,1693.7950439453125,6.775180339813232,2.9022610187530518,0.050000011920928955,1968750
2,7876,250,1541.8839111328125,6.167535781860352,2.676110029220581,0.050000011920928955,1969000
2,7877,250,1886.2830810546875,7.545132160186768,2.936107873916626,0.050000011920928955,1969250
2,7878,250,1678.629638671875,6.7145185470581055,2.899826765060425,0.050000011920928955,1969500
2,7879,250,1674.351806640625,6.697407245635986,2.8644707202911377,0.050000011920928955,1969750
2,7880,250,1767.998779296875,7.071995258331299,2.8221943378448486,0.050000011920928955,1970000
2,7881,250,1786.37646484375,7.145505905151367,3.066911458969116,0.050000011920928955,1970250
2,7882,250,1580.7921142578125,6.3231682777404785,2.8089487552642822,0.050000011920928955,1970500
2,7883,250,1799.8909912109375,7.199563980102539,2.7618298530578613,0.050000011920928955,1970750
2,7884,250,1703.321044921875,6.813284397125244,2.802358627319336,0.050000011920928955,1971000
2,7885,250,1638.86083984375,6.555443286895752,2.716702461242676,0.050000011920928955,1971250
2,7886,250,1821.7884521484375,7.287153720855713,2.7127676010131836,0.050000011920928955,1971500
2,7887,250,1726.19775390625,6.904790878295898,2.750436544418335,0.050000011920928955,1971750
2,7888,250,1464.3648681640625,5.857459545135498,2.8032596111297607,0.050000011920928955,1972000
2,7889,250,1632.17431640625,6.528697490692139,3.293811559677124,0.050000011920928955,1972250
2,7890,250,1601.44873046875,6.405795097351074,3.100189208984375,0.050000011920928955,1972500
2,7891,250,1492.775634765625,5.971102714538574,2.9905073642730713,0.050000011920928955,1972750
2,7892,250,1821.21044921875,7.284842014312744,2.956724166870117,0.050000011920928955,1973000
2,7893,250,1897.33837890625,7.589353561401367,2.7772440910339355,0.050000011920928955,1973250
2,7894,250,1580.8280029296875,6.323311805725098,2.8462259769439697,0.050000011920928955,1973500
2,7895,250,1783.560546875,7.134242057800293,2.7136342525482178,0.050000011920928955,1973750
2,7896,250,1597.7982177734375,6.39119291305542,2.5662453174591064,0.050000011920928955,1974000
2,7897,250,1923.535400390625,7.694141387939453,2.8566176891326904,0.050000011920928955,1974250
2,7898,250,1572.00146484375,6.288005828857422,2.8492720127105713,0.050000011920928955,1974500
2,7899,250,1774.458740234375,7.097835063934326,2.7251758575439453,0.050000011920928955,1974750
2,7900,250,1403.4833984375,5.613933563232422,3.1101388931274414,0.050000011920928955,1975000
2,7901,250,1606.156982421875,6.424627780914307,3.03554105758667,0.050000011920928955,1975250
2,7902,250,1422.168701171875,5.6886749267578125,3.1229050159454346,0.050000011920928955,1975500
2,7903,250,1775.6466064453125,7.102586269378662,3.0703859329223633,0.050000011920928955,1975750
2,7904,250,1597.452392578125,6.389809608459473,3.033982038497925,0.050000011920928955,1976000
2,7905,250,1542.73193359375,6.17092752456665,3.3566627502441406,0.050000011920928955,1976250
2,7906,250,1558.715576171875,6.234862327575684,2.9911813735961914,0.050000011920928955,1976500
2,7907,250,1593.1182861328125,6.372473239898682,3.1805293560028076,0.050000011920928955,1976750
2,7908,250,1667.67529296875,6.670701026916504,3.181535243988037,0.050000011920928955,1977000
2,7909,250,1583.5687255859375,6.334274768829346,3.1531431674957275,0.050000011920928955,1977250
2,7910,250,1693.208251953125,6.772832870483398,3.151944875717163,0.050000011920928955,1977500
2,7911,250,1315.5263671875,5.262105464935303,2.8558804988861084,0.050000011920928955,1977750
2,7912,250,1429.1343994140625,5.7165374755859375,3.0851008892059326,0.050000011920928955,1978000
2,7913,250,1608.700927734375,6.434803485870361,3.1889944076538086,0.050000011920928955,1978250
2,7914,250,1724.1729736328125,6.896691799163818,3.0868189334869385,0.050000011920928955,1978500
2,7915,250,1687.0849609375,6.748339653015137,3.14612078666687,0.050000011920928955,1978750
2,7916,250,1668.24169921875,6.672966957092285,2.9164035320281982,0.050000011920928955,1979000
2,7917,250,1650.7874755859375,6.603149890899658,3.241093158721924,0.050000011920928955,1979250
2,7918,250,1562.16943359375,6.248677730560303,3.2965784072875977,0.050000011920928955,1979500
2,7919,250,1653.363037109375,6.613451957702637,3.275238037109375,0.050000011920928955,1979750
2,7920,250,1498.9853515625,5.995941638946533,3.302429437637329,0.050000011920928955,1980000
2,7921,250,1807.4254150390625,7.229701519012451,3.65423321723938,0.050000011920928955,1980250
2,7922,250,1623.9815673828125,6.495926380157471,3.486834764480591,0.050000011920928955,1980500
2,7923,250,1642.2470703125,6.56898832321167,3.252821207046509,0.050000011920928955,1980750
2,7924,250,-30.55318260192871,-0.1222127303481102,3.4351706504821777,0.050000011920928955,1981000
2,7925,250,-31.138757705688477,-0.12455502897500992,4.3396897315979,0.050000011920928955,1981250
2,7926,250,1640.708740234375,6.562834739685059,4.686375141143799,0.050000011920928955,1981500
2,7927,250,1633.156982421875,6.532628059387207,4.363500118255615,0.050000011920928955,1981750
2,7928,250,-82.71690368652344,-0.33086761832237244,4.421909332275391,0.050000011920928955,1982000
2,7929,250,1654.1187744140625,6.6164751052856445,4.714034080505371,0.050000011920928955,1982250
2,7930,250,1640.50390625,6.562015533447266,5.132439136505127,0.050000011920928955,1982500
2,7931,250,1634.242919921875,6.536971569061279,4.732373237609863,0.050000011920928955,1982750
2,7932,250,1625.0601806640625,6.500240802764893,4.659440517425537,0.050000011920928955,1983000
2,7933,250,1852.0238037109375,7.408095359802246,4.825374603271484,0.050000011920928955,1983250
2,7934,250,1643.882080078125,6.575528144836426,4.711113452911377,0.050000011920928955,1983500
2,7935,250,-39.13881301879883,-0.15655525028705597,4.917826175689697,0.050000011920928955,1983750
2,7936,250,1606.195556640625,6.4247822761535645,5.156770706176758,0.050000011920928955,1984000
2,7937,250,1496.321533203125,5.985286235809326,5.304377555847168,0.050000011920928955,1984250
2,7938,250,-32.66862487792969,-0.13067449629306793,4.9796061515808105,0.050000011920928955,1984500
2,7939,250,1911.4384765625,7.645753860473633,5.583592414855957,0.050000011920928955,1984750
2,7940,250,-6.155454635620117,-0.024621818214654922,5.341721057891846,0.050000011920928955,1985000
2,7941,250,1934.0833740234375,7.73633337020874,5.881455898284912,0.050000011920928955,1985250
2,7942,250,-31.725006103515625,-0.12690001726150513,5.446962356567383,0.050000011920928955,1985500
2,7943,250,1372.4063720703125,5.489625453948975,5.521873950958252,0.050000011920928955,1985750
2,7944,250,1659.6416015625,6.638566493988037,5.7663469314575195,0.050000011920928955,1986000
2,7945,250,1866.648681640625,7.466594696044922,5.568984508514404,0.050000011920928955,1986250
2,7946,250,-33.47795104980469,-0.13391180336475372,6.082542896270752,0.050000011920928955,1986500
2,7947,250,1687.814453125,6.75125789642334,5.832286834716797,0.050000011920928955,1986750
2,7948,250,1495.22900390625,5.9809160232543945,5.68916654586792,0.050000011920928955,1987000
2,7949,250,1845.6893310546875,7.382757186889648,5.87455940246582,0.050000011920928955,1987250
2,7950,250,1861.4779052734375,7.445911407470703,5.6940717697143555,0.050000011920928955,1987500
2,7951,250,1651.162353515625,6.604649543762207,5.484283924102783,0.050000011920928955,1987750
2,7952,250,-5.977902412414551,-0.02391161024570465,5.248012065887451,0.050000011920928955,1988000
2,7953,250,1626.9951171875,6.5079803466796875,5.737674236297607,0.050000011920928955,1988250
2,7954,250,1855.574462890625,7.422297954559326,5.421159267425537,0.050000011920928955,1988500
2,7955,250,1936.3060302734375,7.7452239990234375,5.194249629974365,0.050000011920928955,1988750
2,7956,250,1937.3408203125,7.749363422393799,5.389891147613525,0.050000011920928955,1989000
2,7957,250,1895.111083984375,7.5804443359375,5.315157890319824,0.050000011920928955,1989250
2,7958,250,1948.916748046875,7.7956671714782715,5.108916282653809,0.050000011920928955,1989500
2,7959,250,1917.9376220703125,7.671750545501709,4.642806529998779,0.050000011920928955,1989750
2,7960,250,1917.255615234375,7.669022560119629,4.950629711151123,0.050000011920928955,1990000
2,7961,250,1690.428466796875,6.761713981628418,5.236536979675293,0.050000011920928955,1990250
2,7962,250,1757.0107421875,7.028042793273926,4.776397705078125,0.050000011920928955,1990500
2,7963,250,1702.621337890625,6.810485363006592,4.613778114318848,0.050000011920928955,1990750
2,7964,250,1928.1256103515625,7.712502479553223,4.294744968414307,0.050000011920928955,1991000
2,7965,250,1640.541015625,6.562163829803467,4.473639011383057,0.050000011920928955,1991250
2,7966,250,1660.3387451171875,6.641355037689209,4.059337615966797,0.050000011920928955,1991500
2,7967,250,1705.1583251953125,6.820633411407471,3.9790358543395996,0.050000011920928955,1991750
2,7968,250,1641.685302734375,6.566740989685059,3.9185051918029785,0.050000011920928955,1992000
2,7969,250,1718.0416259765625,6.872166633605957,4.2492146492004395,0.050000011920928955,1992250
2,7970,250,1775.91943359375,7.103677749633789,4.030875205993652,0.050000011920928955,1992500
2,7971,250,1739.687255859375,6.958748817443848,4.005164623260498,0.050000011920928955,1992750
2,7972,250,50.77970504760742,0.20311881601810455,4.189996242523193,0.050000011920928955,1993000
2,7973,250,1748.6104736328125,6.994441986083984,4.599781036376953,0.050000011920928955,1993250
2,7974,250,1825.7740478515625,7.303096294403076,4.281355381011963,0.050000011920928955,1993500
2,7975,250,1902.191650390625,7.608766555786133,4.113247871398926,0.050000011920928955,1993750
2,7976,250,1925.2467041015625,7.700986862182617,4.1991729736328125,0.050000011920928955,1994000
2,7977,250,1947.1396484375,7.788558483123779,4.304080486297607,0.050000011920928955,1994250
2,7978,250,1722.120361328125,6.888481616973877,4.18430757522583,0.050000011920928955,1994500
2,7979,250,1821.499267578125,7.285996913909912,3.9237072467803955,0.050000011920928955,1994750
2,7980,250,1784.7615966796875,7.1390461921691895,4.029308319091797,0.050000011920928955,1995000
2,7981,250,1947.5966796875,7.79038667678833,3.8990044593811035,0.050000011920928955,1995250
2,7982,250,1772.9468994140625,7.091787815093994,3.592503309249878,0.050000011920928955,1995500
2,7983,250,1753.760009765625,7.015039920806885,3.5342681407928467,0.050000011920928955,1995750
2,7984,250,1720.816650390625,6.883266448974609,3.6151745319366455,0.050000011920928955,1996000
2,7985,250,1770.44580078125,7.081783294677734,3.655621290206909,0.050000011920928955,1996250
2,7986,250,1709.993408203125,6.839973449707031,3.812497854232788,0.050000011920928955,1996500
2,7987,250,1852.452392578125,7.409809589385986,3.620459794998169,0.050000011920928955,1996750
2,7988,250,1729.943603515625,6.919774532318115,3.490072011947632,0.050000011920928955,1997000
2,7989,250,1702.79296875,6.811172008514404,3.4279398918151855,0.050000011920928955,1997250
2,7990,250,1707.9354248046875,6.831741809844971,3.745596408843994,0.050000011920928955,1997500
2,7991,250,1712.64599609375,6.850584030151367,3.547618865966797,0.050000011920928955,1997750
2,7992,250,1706.16064453125,6.824642658233643,3.387820243835449,0.050000011920928955,1998000
2,7993,250,1721.5126953125,6.886050701141357,3.293654680252075,0.050000011920928955,1998250
2,7994,250,1621.25390625,6.485015392303467,3.441896438598633,0.050000011920928955,1998500
2,7995,250,1903.5723876953125,7.6142897605896,3.355722665786743,0.050000011920928955,1998750
2,7996,250,1791.0889892578125,7.164355754852295,3.415303945541382,0.050000011920928955,1999000
2,7997,250,1906.063720703125,7.6242547035217285,3.365668535232544,0.050000011920928955,1999250
2,7998,250,1795.494873046875,7.181979656219482,3.187802791595459,0.050000011920928955,1999500
2,7999,250,1757.3184814453125,7.029273986816406,3.3129830360412598,0.050000011920928955,1999750
2,8000,250,1612.5833740234375,6.450333595275879,3.400235414505005,0.050000011920928955,2000000
