seed,episode,episode_length,total_reward,average_reward_per_step,average_absolute_td_error,epsilon,timesteps
7,1,250,-493.28277587890625,-1.9731310606002808,0.0,1.0,250
7,2,250,-477.639404296875,-1.9105576276779175,0.0,0.9996041655540466,500
7,3,250,-494.43450927734375,-1.9777380228042603,0.0,0.9992083311080933,750
7,4,250,-439.7235107421875,-1.7588940858840942,0.0,0.9988124966621399,1000
7,5,250,-491.9137878417969,-1.9676551818847656,0.4640232026576996,0.9984166622161865,1250
7,6,250,-408.16680908203125,-1.6326671838760376,0.07201014459133148,0.9980208277702332,1500
7,7,250,-493.2463684082031,-1.9729855060577393,0.08182844519615173,0.9976249933242798,1750
7,8,250,-462.10296630859375,-1.8484119176864624,0.04360313341021538,0.9972291588783264,2000
7,9,250,-487.550048828125,-1.9502002000808716,0.10088811814785004,0.996833324432373,2250
7,10,250,-469.3870544433594,-1.8775482177734375,0.037567585706710815,0.9964374899864197,2500
7,11,250,-458.7870788574219,-1.8351483345031738,0.025004886090755463,0.9960416555404663,2750
7,12,250,-447.3286437988281,-1.7893146276474,0.022482428699731827,0.9956458210945129,3000
7,13,250,-482.548828125,-1.9301953315734863,0.07539018988609314,0.9952499866485596,3250
7,14,250,-449.68505859375,-1.798740267753601,0.030598187819123268,0.9948541522026062,3500
7,15,250,-469.5910339355469,-1.878364086151123,0.023508261889219284,0.9944583177566528,3750
7,16,250,-475.5100402832031,-1.9020401239395142,0.023596763610839844,0.9940624833106995,4000
7,17,250,-489.2262878417969,-1.9569051265716553,0.0741172581911087,0.9936666488647461,4250
7,18,250,-492.8443908691406,-1.9713776111602783,0.033370424062013626,0.9932708144187927,4500
7,19,250,-479.2884521484375,-1.9171538352966309,0.029546920210123062,0.9928749799728394,4750
7,20,250,-480.3898010253906,-1.92155921459198,0.02420099638402462,0.992479145526886,5000
7,21,250,-463.0716552734375,-1.8522865772247314,0.07292304933071136,0.9920833110809326,5250
7,22,250,-458.16851806640625,-1.8326740264892578,0.03707389906048775,0.9916874766349792,5500
7,23,250,-411.4669189453125,-1.6458677053451538,0.03412691503763199,0.9912916421890259,5750
7,24,250,-402.02117919921875,-1.6080846786499023,0.03191247209906578,0.9908958077430725,6000
7,25,250,-480.6962890625,-1.9227851629257202,0.07824555039405823,0.9904999732971191,6250
7,26,250,-493.07275390625,-1.9722909927368164,0.0436561144888401,0.9901041388511658,6500
7,27,250,-479.62066650390625,-1.9184826612472534,0.039662916213274,0.9897083044052124,6750
7,28,250,-477.1715393066406,-1.9086861610412598,0.037080083042383194,0.9893125295639038,7000
7,29,250,-457.5927429199219,-1.8303710222244263,0.08829892426729202,0.9889166951179504,7250
7,30,250,-459.18048095703125,-1.8367218971252441,0.0496508963406086,0.9885208606719971,7500
7,31,250,-477.2574768066406,-1.9090299606323242,0.0454658567905426,0.9881250262260437,7750
7,32,250,-448.26324462890625,-1.7930530309677124,0.04208294674754143,0.9877291917800903,8000
7,33,250,-439.3168029785156,-1.7572672367095947,0.0919073075056076,0.987333357334137,8250
7,34,250,-442.0150146484375,-1.7680600881576538,0.06042732298374176,0.9869375228881836,8500
7,35,250,-489.376953125,-1.957507848739624,0.054879818111658096,0.9865416884422302,8750
7,36,250,-443.50054931640625,-1.774002194404602,0.05029520392417908,0.9861458539962769,9000
7,37,250,-395.9989013671875,-1.5839955806732178,0.10184585303068161,0.9857500195503235,9250
7,38,250,-437.50250244140625,-1.7500100135803223,0.06918822228908539,0.9853541851043701,9500
7,39,250,-490.5025939941406,-1.962010383605957,0.07008294761180878,0.9849583506584167,9750
7,40,250,-449.3917541503906,-1.7975670099258423,0.06444858759641647,0.9845625162124634,10000
7,41,250,-490.6450500488281,-1.9625802040100098,0.1244940534234047,0.98416668176651,10250
7,42,250,-477.6182556152344,-1.9104729890823364,0.0833272933959961,0.9837708473205566,10500
7,43,250,-400.7303771972656,-1.602921485900879,0.08051831275224686,0.9833750128746033,10750
7,44,250,-387.752685546875,-1.5510107278823853,0.08154281228780746,0.9829791784286499,11000
7,45,250,-492.9960632324219,-1.9719842672348022,0.15348213911056519,0.9825833439826965,11250
7,46,250,-482.04876708984375,-1.9281951189041138,0.09717002511024475,0.9821875095367432,11500
7,47,250,-487.7061462402344,-1.9508246183395386,0.09131212532520294,0.9817916750907898,11750
7,48,250,-439.852783203125,-1.759411096572876,0.08992517739534378,0.9813958406448364,12000
7,49,250,-422.2397766113281,-1.6889591217041016,0.17563079297542572,0.9810000061988831,12250
7,50,250,-447.9700622558594,-1.7918802499771118,0.12288973480463028,0.9806041717529297,12500
7,51,250,-494.13140869140625,-1.9765256643295288,0.11229120939970016,0.9802083373069763,12750
7,52,250,-452.9916687011719,-1.8119666576385498,0.10460203140974045,0.979812502861023,13000
7,53,250,-453.3424377441406,-1.8133697509765625,0.1983366310596466,0.9794166684150696,13250
7,54,250,-466.758056640625,-1.8670321702957153,0.13760347664356232,0.9790208339691162,13500
7,55,250,-439.5790100097656,-1.7583160400390625,0.1234923005104065,0.9786249995231628,13750
7,56,250,-492.69976806640625,-1.9707990884780884,0.11649283021688461,0.9782291650772095,14000
7,57,250,-485.3310546875,-1.941324234008789,0.20765507221221924,0.9778333306312561,14250
7,58,250,-475.9898681640625,-1.9039595127105713,0.1498902440071106,0.9774374961853027,14500
7,59,250,-298.2708740234375,-1.1930835247039795,0.13553574681282043,0.9770416617393494,14750
7,60,250,-423.92681884765625,-1.6957073211669922,0.138825461268425,0.976645827293396,15000
7,61,250,-480.291259765625,-1.9211649894714355,0.23880213499069214,0.9762499928474426,15250
7,62,250,-435.08917236328125,-1.740356683731079,0.1724635362625122,0.9758541584014893,15500
7,63,250,-431.08343505859375,-1.7243337631225586,0.15513382852077484,0.9754583239555359,15750
7,64,250,-483.5750427246094,-1.934300184249878,0.14780263602733612,0.9750624895095825,16000
7,65,250,-457.8369140625,-1.8313477039337158,0.2395946979522705,0.9746666550636292,16250
7,66,250,-495.0990905761719,-1.9803963899612427,0.17515046894550323,0.9742708206176758,16500
7,67,250,-493.9801025390625,-1.9759204387664795,0.16433890163898468,0.9738749861717224,16750
7,68,250,-431.8482666015625,-1.7273930311203003,0.15711359679698944,0.973479151725769,17000
7,69,250,-480.27349853515625,-1.9210939407348633,0.24904604256153107,0.9730833172798157,17250
7,70,250,-475.2781066894531,-1.90111243724823,0.1917574256658554,0.9726874828338623,17500
7,71,250,-489.22027587890625,-1.956881046295166,0.16908134520053864,0.9722916483879089,17750
7,72,250,-440.1023864746094,-1.7604095935821533,0.17079217731952667,0.9718958139419556,18000
7,73,250,-481.8069152832031,-1.9272276163101196,0.2722990810871124,0.9714999794960022,18250
7,74,250,-402.5318298339844,-1.610127329826355,0.2093002200126648,0.9711041450500488,18500
7,75,250,-465.8004455566406,-1.8632017374038696,0.1921091079711914,0.9707083106040955,18750
7,76,250,-394.9603271484375,-1.5798412561416626,0.19155122339725494,0.9703124761581421,19000
7,77,250,-492.1720275878906,-1.9686881303787231,0.2775084674358368,0.9699166417121887,19250
7,78,250,-468.23016357421875,-1.8729206323623657,0.21337896585464478,0.9695208072662354,19500
7,79,250,-473.42205810546875,-1.8936882019042969,0.21052701771259308,0.969124972820282,19750
7,80,250,-367.3604736328125,-1.4694418907165527,0.18698261678218842,0.9687291383743286,20000
7,81,250,-496.9002990722656,-1.9876011610031128,0.2677442729473114,0.96833336353302,20250
7,82,250,-430.6933288574219,-1.7227733135223389,0.21683581173419952,0.9679374694824219,20500
7,83,250,-401.8366394042969,-1.607346534729004,0.21495650708675385,0.9675416946411133,20750
7,84,250,-452.652099609375,-1.8106083869934082,0.19209879636764526,0.9671458601951599,21000
7,85,250,-486.9991149902344,-1.9479964971542358,0.2697826325893402,0.9667500257492065,21250
7,86,250,-475.033203125,-1.9001327753067017,0.20241551101207733,0.9663541913032532,21500
7,87,250,-485.9153747558594,-1.9436614513397217,0.2047448307275772,0.9659583568572998,21750
7,88,250,-469.1335144042969,-1.876534104347229,0.18648335337638855,0.9655625224113464,22000
7,89,250,-452.790771484375,-1.811163067817688,0.24704034626483917,0.9651666879653931,22250
7,90,250,-449.8964538574219,-1.7995858192443848,0.2066228687763214,0.9647708535194397,22500
7,91,250,-459.6010437011719,-1.8384041786193848,0.1998121738433838,0.9643750190734863,22750
7,92,250,-416.019287109375,-1.6640771627426147,0.18711474537849426,0.963979184627533,23000
7,93,250,-429.3868103027344,-1.7175472974777222,0.25500038266181946,0.9635833501815796,23250
7,94,250,-377.7148742675781,-1.510859489440918,0.20053309202194214,0.9631875157356262,23500
7,95,250,-466.5491027832031,-1.8661963939666748,0.19980868697166443,0.9627916812896729,23750
7,96,250,-431.3695983886719,-1.7254784107208252,0.1820317804813385,0.9623958468437195,24000
7,97,250,-359.84320068359375,-1.4393727779388428,0.2681073546409607,0.9620000123977661,24250
7,98,250,-382.522705078125,-1.5300908088684082,0.19863279163837433,0.9616041779518127,24500
7,99,250,-396.3017272949219,-1.5852068662643433,0.18242095410823822,0.9612083435058594,24750
7,100,250,-466.6041564941406,-1.866416573524475,0.17391560971736908,0.960812509059906,25000
7,101,250,-442.4222412109375,-1.7696889638900757,0.27800801396369934,0.9604166746139526,25250
7,102,250,-383.1278076171875,-1.5325112342834473,0.1917867809534073,0.9600208401679993,25500
7,103,250,-469.8994445800781,-1.879597783088684,0.17857426404953003,0.9596250057220459,25750
7,104,250,-487.9819641113281,-1.951927900314331,0.177186980843544,0.9592291712760925,26000
7,105,250,-485.45123291015625,-1.9418048858642578,0.3251165449619293,0.9588333368301392,26250
7,106,250,-454.96270751953125,-1.8198508024215698,0.2147829830646515,0.9584375023841858,26500
7,107,250,-482.9331970214844,-1.9317327737808228,0.20300409197807312,0.9580416679382324,26750
7,108,250,-417.1302185058594,-1.6685209274291992,0.18630975484848022,0.957645833492279,27000
7,109,250,-429.9124450683594,-1.7196497917175293,0.388274222612381,0.9572499990463257,27250
7,110,250,-389.70281982421875,-1.5588113069534302,0.26296982169151306,0.9568541646003723,27500
7,111,250,-486.96734619140625,-1.9478694200515747,0.23795364797115326,0.956458330154419,27750
7,112,250,-481.1222839355469,-1.924489140510559,0.23319873213768005,0.9560624957084656,28000
7,113,250,-472.4414978027344,-1.889765977859497,0.4353864789009094,0.9556666612625122,28250
7,114,250,-464.231689453125,-1.8569267988204956,0.30143946409225464,0.9552708268165588,28500
7,115,250,-422.9938659667969,-1.691975474357605,0.26390793919563293,0.9548749923706055,28750
7,116,250,-453.6309509277344,-1.8145238161087036,0.2657932639122009,0.9544791579246521,29000
7,117,250,-427.8077087402344,-1.7112308740615845,0.47851288318634033,0.9540833234786987,29250
7,118,250,-474.99249267578125,-1.8999699354171753,0.3406321108341217,0.9536874890327454,29500
7,119,250,-419.8582458496094,-1.679432988166809,0.30945807695388794,0.953291654586792,29750
7,120,250,-453.8748779296875,-1.8154995441436768,0.2986588776111603,0.9528958201408386,30000
7,121,250,-483.0065612792969,-1.9320262670516968,0.5168707370758057,0.9524999856948853,30250
7,122,250,-475.4813232421875,-1.9019253253936768,0.3948051631450653,0.9521041512489319,30500
7,123,250,-368.3470764160156,-1.4733883142471313,0.3579768240451813,0.9517083168029785,30750
7,124,250,-290.9496154785156,-1.163798451423645,0.34628376364707947,0.9513124823570251,31000
7,125,250,-418.9644775390625,-1.6758579015731812,0.5919657349586487,0.9509166479110718,31250
7,126,250,-450.95965576171875,-1.8038386106491089,0.45353513956069946,0.9505208134651184,31500
7,127,250,-443.1769714355469,-1.7727079391479492,0.3971105217933655,0.950124979019165,31750
7,128,250,-373.30804443359375,-1.4932321310043335,0.3672116994857788,0.9497291445732117,32000
7,129,250,-337.3040771484375,-1.349216341972351,0.6567507386207581,0.9493333101272583,32250
7,130,250,-191.15016174316406,-0.7646006345748901,0.5016022324562073,0.9489374756813049,32500
7,131,250,-474.1068115234375,-1.8964272737503052,0.46602967381477356,0.9485416412353516,32750
7,132,250,-478.3575744628906,-1.9134303331375122,0.42437854409217834,0.9481458067893982,33000
7,133,250,-453.7350769042969,-1.814940333366394,0.7295569777488708,0.9477499723434448,33250
7,134,250,-393.9199523925781,-1.5756797790527344,0.5649764537811279,0.9473541975021362,33500
7,135,250,-458.2994689941406,-1.833197832107544,0.5057541728019714,0.9469583034515381,33750
7,136,250,-484.07861328125,-1.9363144636154175,0.4463355541229248,0.9465625286102295,34000
7,137,250,-467.77587890625,-1.8711035251617432,0.7733449935913086,0.9461666345596313,34250
7,138,250,-461.68072509765625,-1.8467228412628174,0.5722295641899109,0.9457708597183228,34500
7,139,250,-452.17877197265625,-1.8087151050567627,0.5142837762832642,0.9453750252723694,34750
7,140,250,-448.8559265136719,-1.7954237461090088,0.4824811518192291,0.944979190826416,35000
7,141,250,-282.3971862792969,-1.1295887231826782,0.7353024482727051,0.9445833563804626,35250
7,142,250,-434.550048828125,-1.7382001876831055,0.5724982619285583,0.9441875219345093,35500
7,143,250,-372.05841064453125,-1.4882336854934692,0.5057420134544373,0.9437916874885559,35750
7,144,250,-488.1325378417969,-1.9525301456451416,0.4946557581424713,0.9433958530426025,36000
7,145,250,-452.7637023925781,-1.8110548257827759,0.7101156115531921,0.9430000185966492,36250
7,146,250,-394.77191162109375,-1.5790876150131226,0.5430325269699097,0.9426041841506958,36500
7,147,250,-417.6401062011719,-1.6705604791641235,0.5118222832679749,0.9422083497047424,36750
7,148,250,-458.5377197265625,-1.8341509103775024,0.48500630259513855,0.9418125152587891,37000
7,149,250,-432.06317138671875,-1.728252649307251,0.6794615387916565,0.9414166808128357,37250
7,150,250,-477.75750732421875,-1.9110300540924072,0.5000643134117126,0.9410208463668823,37500
7,151,250,-412.60345458984375,-1.6504138708114624,0.4908142685890198,0.940625011920929,37750
7,152,250,-416.9839172363281,-1.6679356098175049,0.47206318378448486,0.9402291774749756,38000
7,153,250,-475.4365539550781,-1.9017462730407715,0.6414498090744019,0.9398333430290222,38250
7,154,250,-301.1846618652344,-1.2047386169433594,0.4927278459072113,0.9394375085830688,38500
7,155,250,-361.3538513183594,-1.4454153776168823,0.4666632115840912,0.9390416741371155,38750
7,156,250,-476.0246887207031,-1.9040987491607666,0.4702078700065613,0.9386458396911621,39000
7,157,250,-398.3282165527344,-1.5933128595352173,0.6514806747436523,0.9382500052452087,39250
7,158,250,-398.5230712890625,-1.5940922498703003,0.4915241599082947,0.9378541707992554,39500
7,159,250,-412.8481140136719,-1.6513924598693848,0.4709658920764923,0.937458336353302,39750
7,160,250,-442.4831237792969,-1.769932508468628,0.4600217640399933,0.9370625019073486,40000
7,161,250,-327.8276672363281,-1.3113106489181519,0.6944318413734436,0.9366666674613953,40250
7,162,250,-370.4118347167969,-1.4816473722457886,0.5245402455329895,0.9362708330154419,40500
7,163,250,-439.8375244140625,-1.759350061416626,0.49069029092788696,0.9358749985694885,40750
7,164,250,-456.1785888671875,-1.8247143030166626,0.46789729595184326,0.9354791641235352,41000
7,165,250,-376.5231628417969,-1.5060926675796509,0.7406994104385376,0.9350833296775818,41250
7,166,250,-477.3869323730469,-1.9095476865768433,0.49772363901138306,0.9346874952316284,41500
7,167,250,-484.8443908691406,-1.9393775463104248,0.46803128719329834,0.934291660785675,41750
7,168,250,-390.61834716796875,-1.5624734163284302,0.44700661301612854,0.9338958263397217,42000
7,169,250,-262.7254943847656,-1.050902009010315,0.7580401301383972,0.9334999918937683,42250
7,170,250,-440.0344543457031,-1.7601377964019775,0.5348852276802063,0.9331041574478149,42500
7,171,250,-380.4714050292969,-1.521885633468628,0.4566546082496643,0.9327083230018616,42750
7,172,250,-464.2474060058594,-1.8569896221160889,0.44743695855140686,0.9323124885559082,43000
7,173,250,-372.1674499511719,-1.488669753074646,0.740875244140625,0.9319166541099548,43250
7,174,250,-457.21331787109375,-1.8288532495498657,0.563151478767395,0.9315208196640015,43500
7,175,250,-250.2788543701172,-1.0011154413223267,0.5133410096168518,0.9311249852180481,43750
7,176,250,-447.29443359375,-1.7891777753829956,0.514171838760376,0.9307291507720947,44000
7,177,250,-308.5601806640625,-1.2342407703399658,0.8271041512489319,0.9303333163261414,44250
7,178,250,-407.29736328125,-1.6291894912719727,0.6252354979515076,0.929937481880188,44500
7,179,250,-340.6429138183594,-1.3625715970993042,0.5564540028572083,0.9295416474342346,44750
7,180,250,-457.39764404296875,-1.8295905590057373,0.5110878348350525,0.9291458129882812,45000
7,181,250,-451.95672607421875,-1.8078268766403198,0.857357382774353,0.9287499785423279,45250
7,182,250,-343.0126953125,-1.3720507621765137,0.6552141308784485,0.9283541440963745,45500
7,183,250,-474.57366943359375,-1.8982946872711182,0.5790603756904602,0.9279583096504211,45750
7,184,250,-362.82501220703125,-1.451300024986267,0.5491462349891663,0.9275624752044678,46000
7,185,250,-474.1221618652344,-1.8964886665344238,0.9248265624046326,0.9271666407585144,46250
7,186,250,-395.82232666015625,-1.5832892656326294,0.7575336694717407,0.926770806312561,46500
7,187,250,-376.5835266113281,-1.5063340663909912,0.698154866695404,0.9263750314712524,46750
7,188,250,-433.63287353515625,-1.7345315217971802,0.6421761512756348,0.9259791374206543,47000
7,189,250,-442.1806640625,-1.768722653388977,0.9666748642921448,0.9255833625793457,47250
7,190,250,-483.02166748046875,-1.932086706161499,0.8431116938591003,0.9251874685287476,47500
7,191,250,-468.4300537109375,-1.8737201690673828,0.7663468718528748,0.924791693687439,47750
7,192,250,-402.46368408203125,-1.6098546981811523,0.7127503752708435,0.9243958592414856,48000
7,193,250,-403.6301574707031,-1.6145206689834595,1.0263752937316895,0.9240000247955322,48250
7,194,250,-461.9579772949219,-1.8478319644927979,0.8854554295539856,0.9236041903495789,48500
7,195,250,-421.3188171386719,-1.6852753162384033,0.7977314591407776,0.9232083559036255,48750
7,196,250,-441.0539245605469,-1.7642157077789307,0.7316504120826721,0.9228125214576721,49000
7,197,250,-468.81353759765625,-1.8752541542053223,1.0180070400238037,0.9224166870117188,49250
7,198,250,-425.24700927734375,-1.7009880542755127,0.8801676630973816,0.9220208525657654,49500
7,199,250,-468.6937561035156,-1.8747750520706177,0.8095230460166931,0.921625018119812,49750
7,200,250,-322.3757629394531,-1.2895030975341797,0.7642675042152405,0.9212291836738586,50000
7,201,250,-306.5265808105469,-1.2261062860488892,1.022214412689209,0.9208333492279053,50250
7,202,250,-406.0630187988281,-1.6242520809173584,0.901959240436554,0.9204375147819519,50500
7,203,250,-433.91851806640625,-1.7356740236282349,0.8254163861274719,0.9200416803359985,50750
7,204,250,-463.5954895019531,-1.8543819189071655,0.7790688276290894,0.9196458458900452,51000
7,205,250,-182.01858520507812,-0.728074312210083,1.070995569229126,0.9192500114440918,51250
7,206,250,-333.4154052734375,-1.333661675453186,0.9341199398040771,0.9188541769981384,51500
7,207,250,-460.9927062988281,-1.843970775604248,0.8459426164627075,0.9184583425521851,51750
7,208,250,-436.0486145019531,-1.744194507598877,0.8216268420219421,0.9180625081062317,52000
7,209,250,-363.0042419433594,-1.4520169496536255,1.1045759916305542,0.9176666736602783,52250
7,210,250,-413.6258544921875,-1.6545034646987915,0.960859477519989,0.917270839214325,52500
7,211,250,-368.8336181640625,-1.4753345251083374,0.8695133328437805,0.9168750047683716,52750
7,212,250,-445.6252136230469,-1.7825008630752563,0.7997559905052185,0.9164791703224182,53000
7,213,250,-376.79534912109375,-1.5071814060211182,1.1233350038528442,0.9160833358764648,53250
7,214,250,-444.58013916015625,-1.778320550918579,0.9281699061393738,0.9156875014305115,53500
7,215,250,-368.0550537109375,-1.4722201824188232,0.8775922060012817,0.9152916669845581,53750
7,216,250,-410.0111999511719,-1.6400448083877563,0.820694625377655,0.9148958325386047,54000
7,217,250,-455.0486755371094,-1.8201947212219238,1.1294145584106445,0.9144999980926514,54250
7,218,250,-470.0744934082031,-1.8802980184555054,0.9368487596511841,0.914104163646698,54500
7,219,250,-313.550048828125,-1.2542002201080322,0.8861508369445801,0.9137083292007446,54750
7,220,250,-318.12078857421875,-1.2724831104278564,0.8009974360466003,0.9133124947547913,55000
7,221,250,-292.44586181640625,-1.1697834730148315,1.1627603769302368,0.9129166603088379,55250
7,222,250,-442.6575012207031,-1.7706300020217896,0.94825679063797,0.9125208258628845,55500
7,223,250,-433.0305480957031,-1.7321221828460693,0.8954480886459351,0.9121249914169312,55750
7,224,250,-398.8841857910156,-1.595536708831787,0.8358258605003357,0.9117291569709778,56000
7,225,250,-348.8565368652344,-1.3954261541366577,1.1689902544021606,0.9113333225250244,56250
7,226,250,-384.9492492675781,-1.5397969484329224,0.9719903469085693,0.910937488079071,56500
7,227,250,-303.29754638671875,-1.2131901979446411,0.8496409058570862,0.9105416536331177,56750
7,228,250,-358.90081787109375,-1.4356032609939575,0.8629341721534729,0.9101458191871643,57000
7,229,250,-350.21771240234375,-1.4008708000183105,1.1437879800796509,0.9097499847412109,57250
7,230,250,-334.2455139160156,-1.336982011795044,0.8881882429122925,0.9093541502952576,57500
7,231,250,-355.6956787109375,-1.4227826595306396,0.8268707394599915,0.9089583158493042,57750
7,232,250,-111.67079162597656,-0.4466831684112549,0.83073890209198,0.9085624814033508,58000
7,233,250,-295.44476318359375,-1.1817790269851685,1.1710573434829712,0.9081666469573975,58250
7,234,250,-340.09783935546875,-1.36039137840271,0.9262492656707764,0.9077708125114441,58500
7,235,250,-478.0451965332031,-1.912180781364441,0.8610185980796814,0.9073749780654907,58750
7,236,250,-428.0279235839844,-1.7121117115020752,0.8372864127159119,0.9069791436195374,59000
7,237,250,-268.7388916015625,-1.0749555826187134,1.2391608953475952,0.906583309173584,59250
7,238,250,-350.2327880859375,-1.4009311199188232,0.9466654062271118,0.9061874747276306,59500
7,239,250,-352.8709716796875,-1.411483883857727,0.8839274644851685,0.9057916402816772,59750
7,240,250,-443.4482421875,-1.7737929821014404,0.8251652121543884,0.9053958654403687,60000
7,241,250,-454.66265869140625,-1.8186506032943726,1.2786191701889038,0.9049999713897705,60250
7,242,250,-417.4345397949219,-1.6697381734848022,0.9245745539665222,0.9046041965484619,60500
7,243,250,-433.8355712890625,-1.735342264175415,0.8646150827407837,0.9042083024978638,60750
7,244,250,-392.13330078125,-1.568533182144165,0.8126474022865295,0.9038125276565552,61000
7,245,250,-486.6009216308594,-1.9464037418365479,1.3148897886276245,0.9034166932106018,61250
7,246,250,-470.8404235839844,-1.8833616971969604,0.9180602431297302,0.9030208587646484,61500
7,247,250,-324.2002258300781,-1.2968008518218994,0.8723788857460022,0.9026250243186951,61750
7,248,250,-436.7037048339844,-1.7468148469924927,0.8011924028396606,0.9022291898727417,62000
7,249,250,-420.69085693359375,-1.6827634572982788,1.3935625553131104,0.9018333554267883,62250
7,250,250,-457.855224609375,-1.8314208984375,0.9691736102104187,0.901437520980835,62500
7,251,250,-155.65919494628906,-0.6226367950439453,0.8738380074501038,0.9010416865348816,62750
7,252,250,-352.45733642578125,-1.4098293781280518,0.8784156441688538,0.9006458520889282,63000
7,253,250,-381.4438171386719,-1.5257753133773804,1.638538122177124,0.9002500176429749,63250
7,254,250,-448.1842346191406,-1.7927368879318237,1.0923668146133423,0.8998541831970215,63500
7,255,250,-389.01190185546875,-1.5560475587844849,0.9857611656188965,0.8994583487510681,63750
7,256,250,-327.1253662109375,-1.3085014820098877,0.9272517561912537,0.8990625143051147,64000
7,257,250,-375.29730224609375,-1.5011892318725586,1.735792875289917,0.8986666798591614,64250
7,258,250,-436.6068420410156,-1.7464274168014526,1.268748164176941,0.898270845413208,64500
7,259,250,-292.2303161621094,-1.1689212322235107,1.0973631143569946,0.8978750109672546,64750
7,260,250,-422.9562072753906,-1.6918247938156128,1.0615234375,0.8974791765213013,65000
7,261,250,-441.04388427734375,-1.764175534248352,1.7618029117584229,0.8970833420753479,65250
7,262,250,-439.0655212402344,-1.7562620639801025,1.2489938735961914,0.8966875076293945,65500
7,263,250,-436.0104675292969,-1.744041919708252,1.0888359546661377,0.8962916731834412,65750
7,264,250,-284.03314208984375,-1.1361325979232788,1.0505566596984863,0.8958958387374878,66000
7,265,250,-230.47923278808594,-0.9219169020652771,1.7700027227401733,0.8955000042915344,66250
7,266,250,-404.4554443359375,-1.6178218126296997,1.3976318836212158,0.895104169845581,66500
7,267,250,-423.8621826171875,-1.6954487562179565,1.2393944263458252,0.8947083353996277,66750
7,268,250,-389.6278381347656,-1.5585113763809204,1.0815123319625854,0.8943125009536743,67000
7,269,250,-411.6227722167969,-1.6464910507202148,1.860426902770996,0.893916666507721,67250
7,270,250,-204.56019592285156,-0.818240761756897,1.4305649995803833,0.8935208320617676,67500
7,271,250,-388.24346923828125,-1.5529738664627075,1.3093832731246948,0.8931249976158142,67750
7,272,250,-476.32818603515625,-1.9053127765655518,1.2181322574615479,0.8927291631698608,68000
7,273,250,-357.4639587402344,-1.4298558235168457,1.921058177947998,0.8923333287239075,68250
7,274,250,-298.96142578125,-1.1958457231521606,1.5760574340820312,0.8919374942779541,68500
7,275,250,-312.3839111328125,-1.2495356798171997,1.3745044469833374,0.8915416598320007,68750
7,276,250,-440.9480895996094,-1.7637923955917358,1.283781886100769,0.8911458253860474,69000
7,277,250,-316.8727111816406,-1.2674908638000488,1.9505819082260132,0.890749990940094,69250
7,278,250,-32.31758117675781,-0.12927033007144928,1.5862575769424438,0.8903541564941406,69500
7,279,250,-301.1402893066406,-1.2045611143112183,1.4480642080307007,0.8899583220481873,69750
7,280,250,-314.72119140625,-1.2588847875595093,1.3390687704086304,0.8895624876022339,70000
7,281,250,-421.34649658203125,-1.6853859424591064,1.8809406757354736,0.8891666531562805,70250
7,282,250,-335.0674743652344,-1.340269923210144,1.5512336492538452,0.8887708187103271,70500
7,283,250,-380.771728515625,-1.5230869054794312,1.3789031505584717,0.8883749842643738,70750
7,284,250,-214.53854370117188,-0.8581541776657104,1.3215322494506836,0.8879791498184204,71000
7,285,250,-379.1109313964844,-1.5164437294006348,1.7782598733901978,0.887583315372467,71250
7,286,250,-434.45330810546875,-1.7378132343292236,1.4652901887893677,0.8871874809265137,71500
7,287,250,-420.9718017578125,-1.683887243270874,1.3907626867294312,0.8867916464805603,71750
7,288,250,-224.84938049316406,-0.8993974924087524,1.3589547872543335,0.8863958120346069,72000
7,289,250,-366.7276611328125,-1.4669106006622314,1.8099007606506348,0.8860000371932983,72250
7,290,250,-461.57843017578125,-1.846313714981079,1.4848428964614868,0.8856041431427002,72500
7,291,250,-73.3392105102539,-0.29335683584213257,1.3801963329315186,0.8852083683013916,72750
7,292,250,-455.1781005859375,-1.8207124471664429,1.3286938667297363,0.8848124742507935,73000
7,293,250,-441.0405578613281,-1.7641621828079224,1.7974419593811035,0.8844166398048401,73250
7,294,250,-155.65794372558594,-0.6226317882537842,1.5476202964782715,0.8840208053588867,73500
7,295,250,-441.7107849121094,-1.7668430805206299,1.4059520959854126,0.8836250305175781,73750
7,296,250,-447.2708740234375,-1.789083480834961,1.3175578117370605,0.88322913646698,74000
7,297,250,-446.51416015625,-1.786056637763977,1.874494194984436,0.8828333616256714,74250
7,298,250,-276.9952697753906,-1.1079810857772827,1.5775065422058105,0.8824374675750732,74500
7,299,250,-241.88214111328125,-0.9675285816192627,1.4906361103057861,0.8820416927337646,74750
7,300,250,-246.0338897705078,-0.9841355681419373,1.3591492176055908,0.8816458582878113,75000
7,301,250,-374.5668640136719,-1.498267412185669,1.89128577709198,0.8812500238418579,75250
7,302,250,-478.3416748046875,-1.913366675376892,1.6499496698379517,0.8808541893959045,75500
7,303,250,-368.52197265625,-1.4740878343582153,1.5285919904708862,0.8804583549499512,75750
7,304,250,-444.9681091308594,-1.7798724174499512,1.4453210830688477,0.8800625205039978,76000
7,305,250,-213.1745147705078,-0.8526980876922607,1.9235098361968994,0.8796666860580444,76250
7,306,250,-295.9673156738281,-1.1838692426681519,1.6284433603286743,0.8792708516120911,76500
7,307,250,-406.3594055175781,-1.625437617301941,1.5648425817489624,0.8788750171661377,76750
7,308,250,-372.56390380859375,-1.49025559425354,1.4230663776397705,0.8784791827201843,77000
7,309,250,-365.1423645019531,-1.4605695009231567,1.9278088808059692,0.878083348274231,77250
7,310,250,-305.01080322265625,-1.2200431823730469,1.6860015392303467,0.8776875138282776,77500
7,311,250,-462.5026550292969,-1.850010633468628,1.485689401626587,0.8772916793823242,77750
7,312,250,-312.3214416503906,-1.2492858171463013,1.4174013137817383,0.8768958449363708,78000
7,313,250,-271.38739013671875,-1.0855495929718018,1.9460573196411133,0.8765000104904175,78250
7,314,250,-336.3334045410156,-1.3453335762023926,1.6212284564971924,0.8761041760444641,78500
7,315,250,-385.1310119628906,-1.5405240058898926,1.5568777322769165,0.8757083415985107,78750
7,316,250,-274.416748046875,-1.0976669788360596,1.435139775276184,0.8753125071525574,79000
7,317,250,-285.4693298339844,-1.141877293586731,1.9384026527404785,0.874916672706604,79250
7,318,250,-174.5677490234375,-0.6982709765434265,1.6638261079788208,0.8745208382606506,79500
7,319,250,-376.5355529785156,-1.506142258644104,1.5423589944839478,0.8741250038146973,79750
7,320,250,-239.49681091308594,-0.9579872488975525,1.5283056497573853,0.8737291693687439,80000
7,321,250,-403.9111328125,-1.6156445741653442,1.919154405593872,0.8733333349227905,80250
7,322,250,-283.0232238769531,-1.1320929527282715,1.5972657203674316,0.8729375004768372,80500
7,323,250,-428.87591552734375,-1.7155036926269531,1.5667186975479126,0.8725416660308838,80750
7,324,250,-381.8319091796875,-1.5273276567459106,1.4772484302520752,0.8721458315849304,81000
7,325,250,-184.97134399414062,-0.7398853898048401,1.8697069883346558,0.871749997138977,81250
7,326,250,-271.810546875,-1.0872422456741333,1.579534649848938,0.8713541626930237,81500
7,327,250,-162.2673797607422,-0.6490695476531982,1.5018010139465332,0.8709583282470703,81750
7,328,250,-212.47779846191406,-0.8499112129211426,1.4698669910430908,0.8705624938011169,82000
7,329,250,-414.0835876464844,-1.656334400177002,1.92706298828125,0.8701666593551636,82250
7,330,250,-208.0274200439453,-0.8321096897125244,1.634597659111023,0.8697708249092102,82500
7,331,250,-375.1027526855469,-1.500411033630371,1.5441545248031616,0.8693749904632568,82750
7,332,250,-420.2685546875,-1.6810742616653442,1.4517300128936768,0.8689791560173035,83000
7,333,250,-219.09335327148438,-0.8763734102249146,2.037545919418335,0.8685833215713501,83250
7,334,250,-374.177490234375,-1.496709942817688,1.7256816625595093,0.8681874871253967,83500
7,335,250,-357.736572265625,-1.4309462308883667,1.5517443418502808,0.8677916526794434,83750
7,336,250,-350.8344421386719,-1.4033377170562744,1.4688059091567993,0.86739581823349,84000
7,337,250,-370.0457763671875,-1.4801831245422363,2.049795627593994,0.8669999837875366,84250
7,338,250,-393.8432312011719,-1.5753729343414307,1.6365114450454712,0.8666041493415833,84500
7,339,250,-209.9114227294922,-0.8396456837654114,1.4867722988128662,0.8662083148956299,84750
7,340,250,-403.3086242675781,-1.613234519958496,1.4299707412719727,0.8658124804496765,85000
7,341,250,-449.3054504394531,-1.7972217798233032,1.9866596460342407,0.8654166460037231,85250
7,342,250,-206.90487670898438,-0.8276194930076599,1.610068440437317,0.8650208711624146,85500
7,343,250,-292.58807373046875,-1.1703523397445679,1.447936773300171,0.8646249771118164,85750
7,344,250,-416.37957763671875,-1.6655182838439941,1.370592474937439,0.8642292022705078,86000
7,345,250,-436.82867431640625,-1.747314691543579,1.9436537027359009,0.8638333082199097,86250
7,346,250,-431.9866027832031,-1.727946400642395,1.5106264352798462,0.8634375333786011,86500
7,347,250,-298.4322814941406,-1.1937291622161865,1.3920282125473022,0.8630416393280029,86750
7,348,250,-100.43242645263672,-0.4017297029495239,1.2674779891967773,0.8626458644866943,87000
7,349,250,-289.63604736328125,-1.1585441827774048,1.8724219799041748,0.8622499704360962,87250
7,350,250,-169.5181121826172,-0.678072452545166,1.533919334411621,0.8618541955947876,87500
7,351,250,-342.0556640625,-1.368222713470459,1.4410505294799805,0.8614583611488342,87750
7,352,250,-417.9389343261719,-1.6717557907104492,1.3910373449325562,0.8610625267028809,88000
7,353,250,-268.843505859375,-1.0753740072250366,1.9152334928512573,0.8606666922569275,88250
7,354,250,-406.28485107421875,-1.6251393556594849,1.626060128211975,0.8602708578109741,88500
7,355,250,-289.2432556152344,-1.1569730043411255,1.4954755306243896,0.8598750233650208,88750
7,356,250,-257.82928466796875,-1.031317114830017,1.4178154468536377,0.8594791889190674,89000
7,357,250,-318.54913330078125,-1.2741965055465698,1.8639832735061646,0.859083354473114,89250
7,358,250,-350.4645080566406,-1.4018580913543701,1.5893211364746094,0.8586875200271606,89500
7,359,250,-175.3677520751953,-0.7014710307121277,1.430195927619934,0.8582916259765625,89750
7,360,250,-424.2566833496094,-1.6970267295837402,1.3799865245819092,0.8578958511352539,90000
7,361,250,-290.1257629394531,-1.1605030298233032,1.8798854351043701,0.8575000166893005,90250
7,362,250,-331.837158203125,-1.3273485898971558,1.5589317083358765,0.8571041822433472,90500
7,363,250,-409.2201232910156,-1.6368805170059204,1.4272823333740234,0.8567083477973938,90750
7,364,250,-304.0354919433594,-1.216141939163208,1.389464020729065,0.8563125133514404,91000
7,365,250,-412.23077392578125,-1.6489230394363403,1.9243043661117554,0.8559166789054871,91250
7,366,250,-244.01107788085938,-0.9760442972183228,1.5843044519424438,0.8555208444595337,91500
7,367,250,-369.6636657714844,-1.4786546230316162,1.4347538948059082,0.8551250100135803,91750
7,368,250,-269.5751037597656,-1.0783003568649292,1.3743685483932495,0.854729175567627,92000
7,369,250,-105.9172134399414,-0.42366886138916016,1.927388072013855,0.8543333411216736,92250
7,370,250,-114.32310485839844,-0.4572924077510834,1.6195752620697021,0.8539375066757202,92500
7,371,250,-347.15411376953125,-1.3886164426803589,1.4827032089233398,0.8535416722297668,92750
7,372,250,-290.28985595703125,-1.1611593961715698,1.4205280542373657,0.8531458377838135,93000
7,373,250,-256.26806640625,-1.0250722169876099,1.8941785097122192,0.8527500033378601,93250
7,374,250,-347.9480895996094,-1.3917924165725708,1.6407114267349243,0.8523541688919067,93500
7,375,250,-360.02069091796875,-1.4400827884674072,1.4744929075241089,0.8519583344459534,93750
7,376,250,-250.75083923339844,-1.0030033588409424,1.4781394004821777,0.8515625,94000
7,377,250,-106.43728637695312,-0.42574915289878845,1.8738092184066772,0.8511666655540466,94250
7,378,250,-87.91922760009766,-0.35167691111564636,1.6219180822372437,0.8507708311080933,94500
7,379,250,-114.33220672607422,-0.45732882618904114,1.575028657913208,0.8503749966621399,94750
7,380,250,-246.8455047607422,-0.9873819947242737,1.4983474016189575,0.8499791622161865,95000
7,381,250,-136.35630798339844,-0.5454252362251282,1.902953863143921,0.8495833277702332,95250
7,382,250,-182.00946044921875,-0.7280378341674805,1.6781011819839478,0.8491874933242798,95500
7,383,250,-362.834228515625,-1.4513368606567383,1.5597586631774902,0.8487916588783264,95750
7,384,250,-253.08494567871094,-1.0123398303985596,1.5378994941711426,0.848395824432373,96000
7,385,250,-244.46487426757812,-0.9778594970703125,1.9889007806777954,0.8479999899864197,96250
7,386,250,-292.22296142578125,-1.1688917875289917,1.7342009544372559,0.8476041555404663,96500
7,387,250,-244.01812744140625,-0.9760724902153015,1.689450740814209,0.8472083210945129,96750
7,388,250,-351.89703369140625,-1.4075881242752075,1.6290801763534546,0.8468124866485596,97000
7,389,250,-280.044189453125,-1.1201767921447754,1.993905782699585,0.8464166522026062,97250
7,390,250,-431.07476806640625,-1.7242990732192993,1.7889020442962646,0.8460208177566528,97500
7,391,250,-225.96102905273438,-0.9038441181182861,1.7464567422866821,0.8456250429153442,97750
7,392,250,-111.97479248046875,-0.4478991627693176,1.6484103202819824,0.8452291488647461,98000
7,393,250,-239.76528930664062,-0.9590611457824707,2.0688838958740234,0.8448333740234375,98250
7,394,250,-402.81103515625,-1.6112440824508667,1.937578797340393,0.8444374799728394,98500
7,395,250,-395.654296875,-1.582617163658142,1.8104020357131958,0.844041645526886,98750
7,396,250,-239.41281127929688,-0.9576512575149536,1.7812323570251465,0.8436458110809326,99000
7,397,250,-262.55010986328125,-1.0502004623413086,2.13008451461792,0.8432499766349792,99250
7,398,250,-356.78076171875,-1.4271230697631836,1.8422088623046875,0.8428541421890259,99500
7,399,250,-143.23519897460938,-0.5729407668113708,1.7717188596725464,0.8424583077430725,99750
7,400,250,-319.7276916503906,-1.278910756111145,1.7243574857711792,0.8420624732971191,100000
7,401,250,-107.21475982666016,-0.42885902523994446,2.1424763202667236,0.8416666984558105,100250
7,402,250,-205.55560302734375,-0.8222224116325378,1.9334971904754639,0.8412708044052124,100500
7,403,250,-143.97911071777344,-0.5759164690971375,1.784064769744873,0.8408750295639038,100750
7,404,250,-295.0592346191406,-1.1802369356155396,1.7052357196807861,0.8404791355133057,101000
7,405,250,-182.322998046875,-0.7292919754981995,2.0826971530914307,0.8400833606719971,101250
7,406,250,-104.57787322998047,-0.4183115065097809,1.8518667221069336,0.8396874666213989,101500
7,407,250,-210.13739013671875,-0.8405495882034302,1.7839397192001343,0.8392916917800903,101750
7,408,250,-123.88381958007812,-0.495535284280777,1.7596064805984497,0.8388957977294922,102000
7,409,250,-210.3980712890625,-0.8415923118591309,2.0916051864624023,0.8385000228881836,102250
7,410,250,-357.7093811035156,-1.4308375120162964,1.9073565006256104,0.8381041884422302,102500
7,411,250,-178.44178771972656,-0.7137671709060669,1.871302604675293,0.8377083539962769,102750
7,412,250,-146.65792846679688,-0.586631715297699,1.8556597232818604,0.8373125195503235,103000
7,413,250,-153.63111877441406,-0.6145244836807251,2.098121166229248,0.8369166851043701,103250
7,414,250,-396.36590576171875,-1.5854636430740356,1.945389747619629,0.8365208506584167,103500
7,415,250,-322.8096008300781,-1.2912384271621704,1.860472321510315,0.8361250162124634,103750
7,416,250,-191.00665283203125,-0.7640265822410583,1.7856698036193848,0.83572918176651,104000
7,417,250,-327.1167297363281,-1.308466911315918,2.1090283393859863,0.8353333473205566,104250
7,418,250,-334.664306640625,-1.338657259941101,1.932488203048706,0.8349375128746033,104500
7,419,250,-299.2533874511719,-1.1970134973526,1.8059298992156982,0.8345416784286499,104750
7,420,250,-113.20586395263672,-0.4528234601020813,1.737505555152893,0.8341458439826965,105000
7,421,250,-351.4187316894531,-1.405674934387207,2.095341682434082,0.8337500095367432,105250
7,422,250,-212.14817810058594,-0.8485926985740662,1.9012395143508911,0.8333541750907898,105500
7,423,250,-143.5720977783203,-0.5742883682250977,1.850083827972412,0.8329583406448364,105750
7,424,250,-240.5684814453125,-0.9622739553451538,1.7912248373031616,0.8325625061988831,106000
7,425,250,-288.6199951171875,-1.15447998046875,2.0930657386779785,0.8321666717529297,106250
7,426,250,-285.3123474121094,-1.141249418258667,1.9460324048995972,0.8317708373069763,106500
7,427,250,-190.78775024414062,-0.7631509900093079,1.76954185962677,0.831375002861023,106750
7,428,250,-183.25489807128906,-0.7330195903778076,1.7362852096557617,0.8309791684150696,107000
7,429,250,-268.6552429199219,-1.0746209621429443,2.1449570655822754,0.8305833339691162,107250
7,430,250,-342.25250244140625,-1.3690099716186523,1.8949205875396729,0.8301874995231628,107500
7,431,250,-309.5837707519531,-1.238335132598877,1.8182168006896973,0.8297916650772095,107750
7,432,250,-260.1915588378906,-1.0407662391662598,1.718489646911621,0.8293958306312561,108000
7,433,250,-218.3719482421875,-0.8734877705574036,2.105602979660034,0.8289999961853027,108250
7,434,250,-155.10971069335938,-0.620438814163208,1.833930492401123,0.8286041617393494,108500
7,435,250,-165.69815063476562,-0.6627926230430603,1.7969632148742676,0.828208327293396,108750
7,436,250,-178.495361328125,-0.7139814496040344,1.743985891342163,0.8278124928474426,109000
7,437,250,-210.57884216308594,-0.8423153758049011,2.1341052055358887,0.8274166584014893,109250
7,438,250,-263.0640869140625,-1.0522563457489014,1.912017822265625,0.8270208239555359,109500
7,439,250,-275.9345703125,-1.1037383079528809,1.8804889917373657,0.8266249895095825,109750
7,440,250,-259.56597900390625,-1.0382639169692993,1.7862292528152466,0.8262291550636292,110000
7,441,250,-163.99440002441406,-0.6559776067733765,2.2060155868530273,0.8258333206176758,110250
7,442,250,-130.79986572265625,-0.5231994390487671,2.019162654876709,0.8254374861717224,110500
7,443,250,-172.48715209960938,-0.6899486184120178,1.9033225774765015,0.825041651725769,110750
7,444,250,-163.09117126464844,-0.6523646712303162,1.8040765523910522,0.8246458172798157,111000
7,445,250,-52.45518493652344,-0.2098207324743271,2.263305902481079,0.8242499828338623,111250
7,446,250,-116.96124267578125,-0.46784496307373047,2.0847606658935547,0.8238541483879089,111500
7,447,250,-5.259946346282959,-0.02103978581726551,1.9325424432754517,0.8234583139419556,111750
7,448,250,-296.4795837402344,-1.1859183311462402,1.8837924003601074,0.8230624794960022,112000
7,449,250,-92.0294418334961,-0.3681177794933319,2.2924962043762207,0.8226666450500488,112250
7,450,250,-158.37464904785156,-0.6334986090660095,2.0944697856903076,0.8222708702087402,112500
7,451,250,-425.8456726074219,-1.7033827304840088,1.9748584032058716,0.8218749761581421,112750
7,452,250,-266.1908874511719,-1.0647635459899902,1.8866907358169556,0.8214792013168335,113000
7,453,250,-265.71142578125,-1.0628457069396973,2.2992420196533203,0.8210833072662354,113250
7,454,250,-159.2899627685547,-0.6371598243713379,2.160025119781494,0.8206875324249268,113500
7,455,250,-133.39393615722656,-0.5335757732391357,2.018725633621216,0.8202916383743286,113750
7,456,250,-200.18743896484375,-0.8007497787475586,1.9830273389816284,0.81989586353302,114000
7,457,250,-354.8575439453125,-1.419430136680603,2.46463942527771,0.8194999694824219,114250
7,458,250,-149.76773071289062,-0.5990709066390991,2.1931591033935547,0.8191041946411133,114500
7,459,250,-374.6853332519531,-1.4987413883209229,2.1226449012756348,0.8187083601951599,114750
7,460,250,-201.365234375,-0.8054609298706055,2.031449556350708,0.8183125257492065,115000
7,461,250,-159.12265014648438,-0.6364905834197998,2.420905828475952,0.8179166913032532,115250
7,462,250,-208.94790649414062,-0.8357916474342346,2.160996675491333,0.8175208568572998,115500
7,463,250,-198.62229919433594,-0.7944892048835754,2.071597099304199,0.8171250224113464,115750
7,464,250,-157.40029907226562,-0.6296011805534363,2.0344932079315186,0.8167291879653931,116000
7,465,250,-125.20368957519531,-0.5008147358894348,2.450613498687744,0.8163333535194397,116250
7,466,250,-297.3100891113281,-1.1892403364181519,2.1623992919921875,0.8159375190734863,116500
7,467,250,-128.6989288330078,-0.51479572057724,2.1518237590789795,0.815541684627533,116750
7,468,250,-468.1517333984375,-1.8726069927215576,2.028308153152466,0.8151458501815796,117000
7,469,250,-408.2137756347656,-1.6328550577163696,2.5624945163726807,0.8147500157356262,117250
7,470,250,-336.91241455078125,-1.3476496934890747,2.213653326034546,0.8143541812896729,117500
7,471,250,-121.09904479980469,-0.48439618945121765,2.1778597831726074,0.8139583468437195,117750
7,472,250,-178.0800323486328,-0.7123201489448547,2.158916711807251,0.8135625123977661,118000
7,473,250,-160.75045776367188,-0.6430018544197083,2.6472866535186768,0.8131666779518127,118250
7,474,250,-41.327720642089844,-0.16531088948249817,2.3224942684173584,0.8127708435058594,118500
7,475,250,-387.6182861328125,-1.5504730939865112,2.3757925033569336,0.812375009059906,118750
7,476,250,-315.3762512207031,-1.2615050077438354,2.147946834564209,0.8119791746139526,119000
7,477,250,-95.03427124023438,-0.3801370859146118,2.713243007659912,0.8115833401679993,119250
7,478,250,-228.33274841308594,-0.9133309721946716,2.4551517963409424,0.8111875057220459,119500
7,479,250,-190.45928955078125,-0.7618371844291687,2.307554006576538,0.8107916712760925,119750
7,480,250,-151.4954376220703,-0.6059817671775818,2.1805307865142822,0.8103958368301392,120000
7,481,250,-216.7536163330078,-0.867014467716217,2.829375982284546,0.8100000023841858,120250
7,482,250,-128.79556274414062,-0.5151822566986084,2.456730604171753,0.8096041679382324,120500
7,483,250,-267.27166748046875,-1.0690866708755493,2.3752355575561523,0.809208333492279,120750
7,484,250,-155.0357208251953,-0.6201428771018982,2.30256986618042,0.8088124990463257,121000
7,485,250,-240.78335571289062,-0.9631333947181702,2.860167980194092,0.8084166646003723,121250
7,486,250,-188.1100311279297,-0.7524400949478149,2.533574342727661,0.808020830154419,121500
7,487,250,-97.5027084350586,-0.3900108337402344,2.4834487438201904,0.8076249957084656,121750
7,488,250,-340.49920654296875,-1.3619967699050903,2.384126901626587,0.8072291612625122,122000
7,489,250,-397.0178527832031,-1.5880714654922485,3.029426336288452,0.8068333268165588,122250
7,490,250,-223.05865478515625,-0.8922346234321594,2.613950252532959,0.8064374923706055,122500
7,491,250,-136.0513916015625,-0.5442055463790894,2.447554588317871,0.8060416579246521,122750
7,492,250,-237.93820190429688,-0.951752781867981,2.33872652053833,0.8056458234786987,123000
7,493,250,-265.4342346191406,-1.0617369413375854,2.9498777389526367,0.8052499890327454,123250
7,494,250,-41.00492858886719,-0.16401971876621246,2.6846730709075928,0.804854154586792,123500
7,495,250,-284.5155334472656,-1.1380621194839478,2.5854737758636475,0.8044583201408386,123750
7,496,250,-152.54205322265625,-0.6101682186126709,2.30730938911438,0.8040624856948853,124000
7,497,250,-162.2579345703125,-0.6490317583084106,2.996567726135254,0.8036666512489319,124250
7,498,250,-132.19668579101562,-0.5287867188453674,2.6184890270233154,0.8032708168029785,124500
7,499,250,-240.018310546875,-0.9600732326507568,2.4911818504333496,0.8028750419616699,124750
7,500,250,-284.47003173828125,-1.1378800868988037,2.405674934387207,0.8024791479110718,125000
7,501,250,-197.68020629882812,-0.7907208204269409,3.061771869659424,0.8020833730697632,125250
7,502,250,-37.94771194458008,-0.15179084241390228,2.7565107345581055,0.801687479019165,125500
7,503,250,-164.88925170898438,-0.6595569849014282,2.591113328933716,0.8012917041778564,125750
7,504,250,-87.0336685180664,-0.3481346666812897,2.5225443840026855,0.8008958101272583,126000
7,505,250,-261.2654113769531,-1.0450615882873535,3.0896244049072266,0.8005000352859497,126250
7,506,250,-72.21636199951172,-0.28886544704437256,2.7428972721099854,0.8001041412353516,126500
7,507,250,-221.41970825195312,-0.8856788277626038,2.5847764015197754,0.799708366394043,126750
7,508,250,-346.964599609375,-1.3878583908081055,2.563176155090332,0.7993124723434448,127000
7,509,250,-90.9521713256836,-0.36380869150161743,3.173325538635254,0.7989166975021362,127250
7,510,250,-178.20538330078125,-0.7128215432167053,2.8146402835845947,0.7985208034515381,127500
7,511,250,-100.10160064697266,-0.4004063904285431,2.6838955879211426,0.7981250286102295,127750
7,512,250,-257.5768737792969,-1.0303075313568115,2.5897960662841797,0.7977291345596313,128000
7,513,250,-70.36860656738281,-0.28147441148757935,3.2240567207336426,0.7973333597183228,128250
7,514,250,-192.60276794433594,-0.7704110741615295,2.7330472469329834,0.7969374656677246,128500
7,515,250,-213.87728881835938,-0.8555091619491577,2.7070600986480713,0.796541690826416,128750
7,516,250,-76.26358032226562,-0.30505430698394775,2.5950989723205566,0.7961457967758179,129000
7,517,250,29.192384719848633,0.11676953732967377,3.1731982231140137,0.7957500219345093,129250
7,518,250,-339.4601135253906,-1.3578404188156128,2.841219663619995,0.7953541874885559,129500
7,519,250,-167.70477294921875,-0.670819103717804,2.7011802196502686,0.7949583530426025,129750
7,520,250,-169.7018585205078,-0.6788074374198914,2.6530754566192627,0.7945625185966492,130000
7,521,250,-220.3790283203125,-0.8815160989761353,3.2252845764160156,0.7941666841506958,130250
7,522,250,-258.70703125,-1.0348280668258667,2.9494595527648926,0.7937708497047424,130500
7,523,250,-90.0995101928711,-0.3603980541229248,2.799064874649048,0.7933750152587891,130750
7,524,250,-18.388959884643555,-0.0735558420419693,2.7034382820129395,0.7929791808128357,131000
7,525,250,-125.49190521240234,-0.5019676089286804,3.3348679542541504,0.7925833463668823,131250
7,526,250,-223.6861114501953,-0.8947444558143616,3.0633816719055176,0.792187511920929,131500
7,527,250,-128.9430389404297,-0.5157721638679504,2.8952159881591797,0.7917916774749756,131750
7,528,250,-191.2060546875,-0.7648242115974426,2.788983106613159,0.7913958430290222,132000
7,529,250,-122.2307357788086,-0.48892295360565186,3.349968433380127,0.7910000085830688,132250
7,530,250,-230.38584899902344,-0.9215434193611145,3.046466588973999,0.7906041741371155,132500
7,531,250,-162.41989135742188,-0.6496795415878296,2.847630262374878,0.7902083396911621,132750
7,532,250,-305.78179931640625,-1.2231272459030151,2.832073926925659,0.7898125052452087,133000
7,533,250,-133.2021026611328,-0.5328084230422974,3.4806673526763916,0.7894166707992554,133250
7,534,250,-49.08772277832031,-0.19635088741779327,3.1984059810638428,0.789020836353302,133500
7,535,250,-195.74240112304688,-0.78296959400177,2.9078054428100586,0.7886250019073486,133750
7,536,250,-197.19725036621094,-0.7887889742851257,2.8899714946746826,0.7882291674613953,134000
7,537,250,-196.75115966796875,-0.7870046496391296,3.57017183303833,0.7878333330154419,134250
7,538,250,-75.64974975585938,-0.3025990128517151,3.241987943649292,0.7874374985694885,134500
7,539,250,-131.978759765625,-0.5279150605201721,3.1448569297790527,0.7870416641235352,134750
7,540,250,-122.37088012695312,-0.4894835352897644,2.854187488555908,0.7866458296775818,135000
7,541,250,-181.92214965820312,-0.7276886105537415,3.687880277633667,0.7862499952316284,135250
7,542,250,-201.7760009765625,-0.8071039915084839,3.2666385173797607,0.785854160785675,135500
7,543,250,-261.7896423339844,-1.0471585988998413,3.1410768032073975,0.7854583263397217,135750
7,544,250,-187.2012176513672,-0.7488048672676086,3.1451828479766846,0.7850624918937683,136000
7,545,250,-106.95376586914062,-0.4278150498867035,3.8201239109039307,0.7846666574478149,136250
7,546,250,-112.14171600341797,-0.44856685400009155,3.436276912689209,0.7842708230018616,136500
7,547,250,-131.0881805419922,-0.5243527293205261,3.2688469886779785,0.7838749885559082,136750
7,548,250,-252.2152862548828,-1.0088611841201782,3.1539132595062256,0.7834791541099548,137000
7,549,250,-142.029541015625,-0.568118155002594,3.7739527225494385,0.7830833196640015,137250
7,550,250,-58.17929458618164,-0.23271717131137848,3.4320080280303955,0.7826874852180481,137500
7,551,250,-153.5131378173828,-0.6140525341033936,3.3232057094573975,0.7822916507720947,137750
7,552,250,-124.32952880859375,-0.4973181188106537,3.26798152923584,0.7818958163261414,138000
7,553,250,-325.6534423828125,-1.3026137351989746,3.8154773712158203,0.781499981880188,138250
7,554,250,-203.29676818847656,-0.8131870627403259,3.588831901550293,0.7811041474342346,138500
7,555,250,-140.91639709472656,-0.5636655688285828,3.384336233139038,0.7807083129882812,138750
7,556,250,-50.794281005859375,-0.20317712426185608,3.3232405185699463,0.7803124785423279,139000
7,557,250,-107.09120178222656,-0.4283648133277893,3.886235475540161,0.7799166440963745,139250
7,558,250,-368.0067138671875,-1.4720268249511719,3.517812728881836,0.7795208692550659,139500
7,559,250,-91.94001007080078,-0.36776003241539,3.2921721935272217,0.7791249752044678,139750
7,560,250,-300.51373291015625,-1.2020549774169922,3.256432056427002,0.7787292003631592,140000
7,561,250,-72.02212524414062,-0.28808850049972534,3.749390125274658,0.778333306312561,140250
7,562,250,-193.3252410888672,-0.7733009457588196,3.588545083999634,0.7779375314712524,140500
7,563,250,-139.05064392089844,-0.5562025904655457,3.3868517875671387,0.7775416374206543,140750
7,564,250,3.556973457336426,0.014227894134819508,3.2164204120635986,0.7771458625793457,141000
7,565,250,-354.6816101074219,-1.4187264442443848,3.7595279216766357,0.7767499685287476,141250
7,566,250,-335.2553405761719,-1.3410214185714722,3.382058620452881,0.776354193687439,141500
7,567,250,-206.92816162109375,-0.8277126550674438,3.3685717582702637,0.7759583592414856,141750
7,568,250,-102.24267578125,-0.4089707136154175,3.168686628341675,0.7755625247955322,142000
7,569,250,-166.94308471679688,-0.6677723526954651,3.721412420272827,0.7751666903495789,142250
7,570,250,-167.75677490234375,-0.6710271239280701,3.427603244781494,0.7747708559036255,142500
7,571,250,-52.71942138671875,-0.2108776867389679,3.3250176906585693,0.7743750214576721,142750
7,572,250,-155.29457092285156,-0.6211782693862915,3.2343976497650146,0.7739791870117188,143000
7,573,250,-81.73454284667969,-0.3269381821155548,3.721935987472534,0.7735833525657654,143250
7,574,250,-142.64614868164062,-0.5705845952033997,3.476975917816162,0.773187518119812,143500
7,575,250,-286.03839111328125,-1.1441535949707031,3.2192394733428955,0.7727916836738586,143750
7,576,250,-168.19766235351562,-0.6727906465530396,3.165764808654785,0.7723958492279053,144000
7,577,250,-136.50924682617188,-0.546036958694458,3.632427215576172,0.7720000147819519,144250
7,578,250,-113.5234375,-0.4540937542915344,3.4592244625091553,0.7716041803359985,144500
7,579,250,-29.479595184326172,-0.11791837960481644,3.340810537338257,0.7712083458900452,144750
7,580,250,-114.86873626708984,-0.45947495102882385,3.329148769378662,0.7708125114440918,145000
7,581,250,-238.07521057128906,-0.9523008465766907,3.665342330932617,0.7704166769981384,145250
7,582,250,-173.08494567871094,-0.6923397779464722,3.476090908050537,0.7700208425521851,145500
7,583,250,-51.18312072753906,-0.2047324776649475,3.2573795318603516,0.7696250081062317,145750
7,584,250,-79.1070327758789,-0.31642812490463257,3.2303261756896973,0.7692291736602783,146000
7,585,250,-73.31147003173828,-0.2932458817958832,3.614565849304199,0.768833339214325,146250
7,586,250,17.64247703552246,0.07056991010904312,3.3456060886383057,0.7684375047683716,146500
7,587,250,-108.0631332397461,-0.43225252628326416,3.2145299911499023,0.7680416703224182,146750
7,588,250,-232.7691650390625,-0.9310766458511353,3.2408671379089355,0.7676458358764648,147000
7,589,250,-114.3448486328125,-0.45737940073013306,3.476423740386963,0.7672500014305115,147250
7,590,250,-41.253536224365234,-0.1650141477584839,3.4055545330047607,0.7668541669845581,147500
7,591,250,-176.4580078125,-0.7058320045471191,3.1446290016174316,0.7664583325386047,147750
7,592,250,-55.38889694213867,-0.22155559062957764,3.0849828720092773,0.7660624980926514,148000
7,593,250,-203.90869140625,-0.8156347870826721,3.5212390422821045,0.765666663646698,148250
7,594,250,-277.4840087890625,-1.109935998916626,3.3400769233703613,0.7652708292007446,148500
7,595,250,-72.94477081298828,-0.2917790710926056,3.2091064453125,0.7648749947547913,148750
7,596,250,-134.23138427734375,-0.5369255542755127,3.0017080307006836,0.7644791603088379,149000
7,597,250,-233.87249755859375,-0.9354900121688843,3.672950267791748,0.7640833258628845,149250
7,598,250,-156.677001953125,-0.6267080307006836,3.234433174133301,0.7636874914169312,149500
7,599,250,-87.487548828125,-0.3499501943588257,3.087449312210083,0.7632916569709778,149750
7,600,250,-93.29063415527344,-0.37316253781318665,3.2179043292999268,0.7628958225250244,150000
7,601,250,-244.99632263183594,-0.9799852967262268,3.5298476219177246,0.762499988079071,150250
7,602,250,-187.4332733154297,-0.7497330904006958,3.3071911334991455,0.7621041536331177,150500
7,603,250,-110.80404663085938,-0.4432161748409271,3.1579577922821045,0.7617083191871643,150750
7,604,250,-0.2906171381473541,-0.0011624685721471906,3.154059410095215,0.7613124847412109,151000
7,605,250,-137.04107666015625,-0.5481643080711365,3.692751407623291,0.7609166502952576,151250
7,606,250,-61.804691314697266,-0.2472187578678131,3.478332042694092,0.7605208158493042,151500
7,607,250,-175.0756072998047,-0.7003024220466614,3.365443229675293,0.7601250410079956,151750
7,608,250,-131.5435791015625,-0.5261743068695068,3.1744604110717773,0.7597291469573975,152000
7,609,250,-97.38685607910156,-0.3895474374294281,3.781630516052246,0.7593333721160889,152250
7,610,250,-259.6605529785156,-1.038642168045044,3.6125893592834473,0.7589374780654907,152500
7,611,250,-59.92729949951172,-0.23970919847488403,3.486711025238037,0.7585417032241821,152750
7,612,250,-170.2371368408203,-0.6809485554695129,3.4539437294006348,0.758145809173584,153000
7,613,250,-287.22760009765625,-1.148910403251648,4.095216751098633,0.7577500343322754,153250
7,614,250,-175.40972900390625,-0.70163893699646,3.6234288215637207,0.7573541402816772,153500
7,615,250,-168.93128967285156,-0.6757251620292664,3.531965970993042,0.7569583654403687,153750
7,616,250,-247.8960723876953,-0.991584300994873,3.399690628051758,0.7565625309944153,154000
7,617,250,-225.9368896484375,-0.90374755859375,4.088320732116699,0.7561666965484619,154250
7,618,250,-184.4027862548828,-0.7376111745834351,3.7745015621185303,0.7557708621025085,154500
7,619,250,-109.143798828125,-0.4365752041339874,3.5389997959136963,0.7553750276565552,154750
7,620,250,-167.19886779785156,-0.6687954664230347,3.2881312370300293,0.7549791932106018,155000
7,621,250,-79.21239471435547,-0.31684958934783936,4.249490737915039,0.7545833587646484,155250
7,622,250,-170.3515625,-0.6814062595367432,3.902580976486206,0.7541875243186951,155500
7,623,250,-94.7854232788086,-0.3791416883468628,3.5673553943634033,0.7537916898727417,155750
7,624,250,-156.06924438476562,-0.6242769956588745,3.3373987674713135,0.7533958554267883,156000
7,625,250,-191.05856323242188,-0.7642342448234558,4.226797103881836,0.753000020980835,156250
7,626,250,32.57527542114258,0.1303011029958725,3.7641448974609375,0.7526041865348816,156500
7,627,250,-229.22137451171875,-0.916885495185852,3.5943429470062256,0.7522083520889282,156750
7,628,250,-140.59561157226562,-0.5623824596405029,3.4270787239074707,0.7518125176429749,157000
7,629,250,-143.96652221679688,-0.5758661031723022,4.248686790466309,0.7514166831970215,157250
7,630,250,-67.86222839355469,-0.27144891023635864,3.81856369972229,0.7510208487510681,157500
7,631,250,-113.43173217773438,-0.4537269175052643,3.654038667678833,0.7506250143051147,157750
7,632,250,-209.82156372070312,-0.8392862677574158,3.5508551597595215,0.7502291798591614,158000
7,633,250,-155.51449584960938,-0.6220579743385315,4.483730316162109,0.749833345413208,158250
7,634,250,-70.47428131103516,-0.2818971276283264,4.008955478668213,0.7494375109672546,158500
7,635,250,-143.04541015625,-0.5721816420555115,3.8857967853546143,0.7490416765213013,158750
7,636,250,-138.86129760742188,-0.5554451942443848,3.7418394088745117,0.7486458420753479,159000
7,637,250,-99.61813354492188,-0.39847254753112793,4.52010440826416,0.7482500076293945,159250
7,638,250,-174.79029846191406,-0.699161171913147,4.201781272888184,0.7478541731834412,159500
7,639,250,-141.99264526367188,-0.5679705739021301,4.068042755126953,0.7474583387374878,159750
7,640,250,-94.9427261352539,-0.3797709047794342,3.9881374835968018,0.7470625042915344,160000
7,641,250,45.88408279418945,0.1835363358259201,4.77911376953125,0.746666669845581,160250
7,642,250,-108.51788330078125,-0.43407154083251953,4.355746269226074,0.7462708353996277,160500
7,643,250,-234.46458435058594,-0.9378583431243896,4.025822162628174,0.7458750009536743,160750
7,644,250,-177.7510223388672,-0.7110040783882141,3.8168110847473145,0.745479166507721,161000
7,645,250,-137.60812377929688,-0.5504325032234192,4.466644763946533,0.7450833320617676,161250
7,646,250,-125.96743774414062,-0.5038697719573975,4.284417152404785,0.7446874976158142,161500
7,647,250,-160.00840759277344,-0.6400336027145386,3.9835288524627686,0.7442916631698608,161750
7,648,250,-165.3101348876953,-0.6612405180931091,3.7875921726226807,0.7438958287239075,162000
7,649,250,-131.11207580566406,-0.5244482755661011,4.718029499053955,0.7434999942779541,162250
7,650,250,-73.72045135498047,-0.29488179087638855,4.537997722625732,0.7431041598320007,162500
7,651,250,-57.544952392578125,-0.2301798164844513,4.241706848144531,0.7427083253860474,162750
7,652,250,-24.262454986572266,-0.09704981744289398,4.088552474975586,0.742312490940094,163000
7,653,250,-105.30705261230469,-0.42122820019721985,4.790155410766602,0.7419166564941406,163250
7,654,250,-120.381103515625,-0.48152440786361694,4.595181465148926,0.7415208220481873,163500
7,655,250,-33.421119689941406,-0.13368448615074158,4.441656112670898,0.7411249876022339,163750
7,656,250,-178.30091857910156,-0.7132036685943604,4.312860488891602,0.7407291531562805,164000
7,657,250,-188.31533813476562,-0.7532613277435303,4.990755081176758,0.7403333187103271,164250
7,658,250,-162.6407012939453,-0.6505628228187561,4.759027004241943,0.7399374842643738,164500
7,659,250,-179.2430877685547,-0.7169723510742188,4.469107627868652,0.7395416498184204,164750
7,660,250,-164.33895874023438,-0.6573558449745178,4.237700462341309,0.7391458749771118,165000
7,661,250,-186.7991943359375,-0.7471967935562134,5.245716094970703,0.7387499809265137,165250
7,662,250,-93.6965560913086,-0.37478622794151306,4.867624282836914,0.7383542060852051,165500
7,663,250,-90.86442565917969,-0.36345770955085754,4.820018768310547,0.7379583120346069,165750
7,664,250,-52.30470657348633,-0.209218829870224,4.722483158111572,0.7375625371932983,166000
7,665,250,-87.1720962524414,-0.34868839383125305,5.207927227020264,0.7371666431427002,166250
7,666,250,-85.36344909667969,-0.34145379066467285,4.920735836029053,0.7367708683013916,166500
7,667,250,-115.8260498046875,-0.46330419182777405,4.590800762176514,0.7363749742507935,166750
7,668,250,-53.238059997558594,-0.21295224130153656,4.525507926940918,0.7359791994094849,167000
7,669,250,-20.024524688720703,-0.08009810000658035,5.395929336547852,0.7355833053588867,167250
7,670,250,-106.27523803710938,-0.4251009523868561,4.975797176361084,0.7351875305175781,167500
7,671,250,-92.74134826660156,-0.3709653913974762,4.620654106140137,0.73479163646698,167750
7,672,250,-96.94003295898438,-0.38776013255119324,4.546043872833252,0.7343958616256714,168000
7,673,250,-138.9509735107422,-0.5558038949966431,5.344189167022705,0.7339999675750732,168250
7,674,250,-177.05929565429688,-0.7082371711730957,4.830102920532227,0.7336041927337646,168500
7,675,250,-107.42266082763672,-0.4296906292438507,4.766080856323242,0.7332082986831665,168750
7,676,250,-194.0661163330078,-0.776264488697052,4.5628886222839355,0.7328125238418579,169000
7,677,250,-318.2529602050781,-1.2730118036270142,5.394898414611816,0.7324166297912598,169250
7,678,250,-176.4331512451172,-0.7057325839996338,4.805661201477051,0.7320208549499512,169500
7,679,250,-99.31786346435547,-0.39727145433425903,4.649388313293457,0.731624960899353,169750
7,680,250,-56.30715560913086,-0.22522862255573273,4.490326404571533,0.7312291860580444,170000
7,681,250,-160.00718688964844,-0.6400287747383118,5.223028659820557,0.7308333516120911,170250
7,682,250,16.365528106689453,0.06546211242675781,4.512783527374268,0.7304375171661377,170500
7,683,250,-103.6794204711914,-0.4147176742553711,4.546519756317139,0.7300416827201843,170750
7,684,250,-56.8637809753418,-0.22745512425899506,4.538410663604736,0.729645848274231,171000
7,685,250,-131.41232299804688,-0.5256493091583252,5.1537184715271,0.7292500138282776,171250
7,686,250,-19.942808151245117,-0.07977123558521271,4.943932056427002,0.7288541793823242,171500
7,687,250,-47.08677673339844,-0.18834710121154785,4.858122825622559,0.7284583449363708,171750
7,688,250,-85.6301498413086,-0.3425205945968628,4.794342041015625,0.7280625104904175,172000
7,689,250,-119.89434051513672,-0.47957736253738403,5.119165897369385,0.7276666760444641,172250
7,690,250,-111.54283905029297,-0.4461713433265686,4.870090007781982,0.7272708415985107,172500
7,691,250,-132.10086059570312,-0.5284034609794617,4.707441806793213,0.7268750071525574,172750
7,692,250,-181.42601013183594,-0.7257040143013,4.52052640914917,0.726479172706604,173000
7,693,250,-238.3694610595703,-0.9534778594970703,5.214909076690674,0.7260833382606506,173250
7,694,250,-145.76051330566406,-0.5830420255661011,4.567513942718506,0.7256875038146973,173500
7,695,250,-116.4149169921875,-0.4656596779823303,4.533204078674316,0.7252916693687439,173750
7,696,250,-45.614349365234375,-0.18245740234851837,4.568553924560547,0.7248958349227905,174000
7,697,250,-184.94146728515625,-0.7397658824920654,5.481627464294434,0.7245000004768372,174250
7,698,250,-110.7136001586914,-0.4428544044494629,4.828291416168213,0.7241041660308838,174500
7,699,250,-110.06114196777344,-0.44024455547332764,4.806305885314941,0.7237083315849304,174750
7,700,250,-149.9822235107422,-0.5999289155006409,4.542537212371826,0.723312497138977,175000
7,701,250,-243.78182983398438,-0.9751273393630981,5.855672359466553,0.7229167222976685,175250
7,702,250,-116.62540435791016,-0.4665016233921051,5.1314802169799805,0.7225208282470703,175500
7,703,250,-60.31547546386719,-0.24126189947128296,4.862273216247559,0.7221250534057617,175750
7,704,250,-99.50748443603516,-0.3980299234390259,4.5915069580078125,0.7217291593551636,176000
7,705,250,-101.78107452392578,-0.4071243107318878,6.119685173034668,0.721333384513855,176250
7,706,250,-21.727394104003906,-0.08690957725048065,5.266064167022705,0.7209374904632568,176500
7,707,250,-27.033382415771484,-0.10813353210687637,4.8679118156433105,0.7205417156219482,176750
7,708,250,-156.52932739257812,-0.6261172890663147,4.622189521789551,0.7201458215713501,177000
7,709,250,-78.80644226074219,-0.3152257800102234,6.444227695465088,0.7197500467300415,177250
7,710,250,-221.07369995117188,-0.8842948079109192,5.316464424133301,0.7193541526794434,177500
7,711,250,-108.00674438476562,-0.4320269823074341,4.889001369476318,0.7189583778381348,177750
7,712,250,13.643750190734863,0.05457499995827675,4.680574417114258,0.7185624837875366,178000
7,713,250,-96.6028060913086,-0.38641121983528137,6.115845680236816,0.718166708946228,178250
7,714,250,-79.6257553100586,-0.3185030221939087,5.4495086669921875,0.7177708148956299,178500
7,715,250,-27.494155883789062,-0.109976626932621,5.177966594696045,0.7173749804496765,178750
7,716,250,-185.3551025390625,-0.7414203882217407,4.97196626663208,0.7169791460037231,179000
7,717,250,100.5291748046875,0.40211668610572815,6.061886787414551,0.7165833115577698,179250
7,718,250,-80.72416687011719,-0.32289665937423706,5.500150203704834,0.7161874771118164,179500
7,719,250,-11.694072723388672,-0.046776290982961655,5.135768890380859,0.7157917022705078,179750
7,720,250,-78.9996109008789,-0.3159984350204468,4.951864242553711,0.7153958082199097,180000
7,721,250,-157.670654296875,-0.6306825876235962,6.573988914489746,0.7150000333786011,180250
7,722,250,-96.46795654296875,-0.3858718276023865,5.593873023986816,0.7146041393280029,180500
7,723,250,-201.82839965820312,-0.8073136210441589,5.242673873901367,0.7142083644866943,180750
7,724,250,-50.946388244628906,-0.20378555357456207,5.285897731781006,0.7138124704360962,181000
7,725,250,-93.56000518798828,-0.3742400109767914,6.731842994689941,0.7134166955947876,181250
7,726,250,-52.97051239013672,-0.21188205480575562,5.812747478485107,0.7130208015441895,181500
7,727,250,-50.607688903808594,-0.20243075489997864,5.417619228363037,0.7126250267028809,181750
7,728,250,-104.81387329101562,-0.41925549507141113,4.973084449768066,0.7122291326522827,182000
7,729,250,-161.60252380371094,-0.6464101076126099,7.371435165405273,0.7118333578109741,182250
7,730,250,-168.6040496826172,-0.674416184425354,5.991212844848633,0.711437463760376,182500
7,731,250,-142.91928100585938,-0.5716771483421326,5.479590892791748,0.7110416889190674,182750
7,732,250,-78.73883056640625,-0.31495532393455505,5.274405002593994,0.7106457948684692,183000
7,733,250,-42.20323944091797,-0.16881296038627625,7.401403903961182,0.7102500200271606,183250
7,734,250,-159.4864044189453,-0.6379455924034119,6.106319427490234,0.7098541259765625,183500
7,735,250,-62.76578903198242,-0.25106316804885864,5.410245895385742,0.7094583511352539,183750
7,736,250,-110.91134643554688,-0.4436453878879547,5.050163745880127,0.7090624570846558,184000
7,737,250,-118.12577056884766,-0.47250309586524963,7.703873157501221,0.7086666822433472,184250
7,738,250,-67.48560333251953,-0.26994240283966064,6.3515729904174805,0.708270788192749,184500
7,739,250,-159.18280029296875,-0.6367312073707581,5.704647064208984,0.7078750133514404,184750
7,740,250,-49.122005462646484,-0.19648802280426025,5.31195068359375,0.7074791789054871,185000
7,741,250,-88.07689666748047,-0.35230758786201477,7.789571285247803,0.7070833444595337,185250
7,742,250,-99.21406555175781,-0.39685624837875366,6.742313861846924,0.7066875100135803,185500
7,743,250,-195.37486267089844,-0.781499445438385,6.232020378112793,0.706291675567627,185750
7,744,250,-82.42151641845703,-0.32968607544898987,5.730438709259033,0.7058958411216736,186000
7,745,250,-41.49580383300781,-0.16598321497440338,7.817502498626709,0.7055000066757202,186250
7,746,250,-0.12449955940246582,-0.0004979982622899115,6.71561336517334,0.7051041722297668,186500
7,747,250,-70.96186828613281,-0.28384748101234436,6.332271575927734,0.7047083377838135,186750
7,748,250,-81.05179595947266,-0.3242071866989136,5.725256443023682,0.7043125033378601,187000
7,749,250,-16.598670959472656,-0.06639468669891357,7.6672868728637695,0.7039166688919067,187250
7,750,250,-166.17062377929688,-0.6646825075149536,6.973390102386475,0.7035208344459534,187500
7,751,250,-100.7148666381836,-0.40285947918891907,6.5439839363098145,0.703125,187750
7,752,250,-98.47590637207031,-0.39390361309051514,6.1435112953186035,0.7027291655540466,188000
7,753,250,-165.36505126953125,-0.6614602208137512,7.584099769592285,0.7023333311080933,188250
7,754,250,-98.0088882446289,-0.3920355439186096,6.620896816253662,0.7019374966621399,188500
7,755,250,-35.77330780029297,-0.14309322834014893,6.347353935241699,0.7015416622161865,188750
7,756,250,-133.467041015625,-0.5338681936264038,5.908707618713379,0.7011458277702332,189000
7,757,250,-117.9631576538086,-0.4718526303768158,7.636499404907227,0.7007499933242798,189250
7,758,250,-40.07826232910156,-0.16031305491924286,6.5671820640563965,0.7003541588783264,189500
7,759,250,-49.244850158691406,-0.19697940349578857,6.297769069671631,0.699958324432373,189750
7,760,250,-38.76387405395508,-0.15505549311637878,6.1630120277404785,0.6995625495910645,190000
7,761,250,-182.36912536621094,-0.7294765114784241,7.456468105316162,0.6991666555404663,190250
7,762,250,-134.89759826660156,-0.5395904183387756,6.601316452026367,0.6987708806991577,190500
7,763,250,-48.282257080078125,-0.1931290328502655,6.470154762268066,0.6983749866485596,190750
7,764,250,-134.33958435058594,-0.5373583436012268,6.081028461456299,0.697979211807251,191000
7,765,250,-174.77879333496094,-0.6991151571273804,7.785267353057861,0.6975833177566528,191250
7,766,250,-87.2594985961914,-0.3490380048751831,7.053062915802002,0.6971875429153442,191500
7,767,250,-71.94788360595703,-0.28779152035713196,6.626666069030762,0.6967916488647461,191750
7,768,250,-109.2067642211914,-0.43682706356048584,6.289289951324463,0.6963958740234375,192000
7,769,250,-23.97511100769043,-0.09590044617652893,8.198934555053711,0.6959999799728394,192250
7,770,250,0.9953782558441162,0.003981512971222401,7.163183689117432,0.6956042051315308,192500
7,771,250,-63.67070770263672,-0.25468283891677856,7.158369541168213,0.6952083110809326,192750
7,772,250,-247.9856414794922,-0.9919425845146179,6.731166839599609,0.694812536239624,193000
7,773,250,-141.7467803955078,-0.5669870972633362,8.458090782165527,0.6944166421890259,193250
7,774,250,-311.57745361328125,-1.246309757232666,7.70788049697876,0.6940208673477173,193500
7,775,250,-77.37627410888672,-0.3095051050186157,7.131064414978027,0.6936249732971191,193750
7,776,250,-84.06854248046875,-0.3362741768360138,6.782243251800537,0.6932291984558105,194000
7,777,250,-58.72479248046875,-0.23489916324615479,8.524101257324219,0.6928333044052124,194250
7,778,250,-139.5181427001953,-0.558072566986084,7.796677589416504,0.6924375295639038,194500
7,779,250,-190.84759521484375,-0.7633903622627258,7.212246417999268,0.6920416951179504,194750
7,780,250,-241.35023498535156,-0.9654009342193604,6.979279041290283,0.6916458606719971,195000
7,781,250,-348.6073303222656,-1.394429326057434,8.892330169677734,0.6912500262260437,195250
7,782,250,-132.47296142578125,-0.529891848564148,7.650248050689697,0.6908541917800903,195500
7,783,250,-103.12397766113281,-0.4124959111213684,6.991671085357666,0.690458357334137,195750
7,784,250,-245.65814208984375,-0.982632577419281,7.060840129852295,0.6900625228881836,196000
7,785,250,-78.21308898925781,-0.3128523528575897,8.769407272338867,0.6896666884422302,196250
7,786,250,-247.72315979003906,-0.9908926486968994,7.799691677093506,0.6892708539962769,196500
7,787,250,-249.03097534179688,-0.9961239099502563,7.175516128540039,0.6888750195503235,196750
7,788,250,-268.9270935058594,-1.0757083892822266,6.751797199249268,0.6884791851043701,197000
7,789,250,-169.40650939941406,-0.6776260137557983,8.884925842285156,0.688083291053772,197250
7,790,250,-50.9610481262207,-0.20384418964385986,7.579073905944824,0.6876875162124634,197500
7,791,250,-80.46875762939453,-0.32187503576278687,7.346647262573242,0.6872916221618652,197750
7,792,250,-86.23672485351562,-0.34494689106941223,7.020468235015869,0.6868958473205566,198000
7,793,250,-93.6480941772461,-0.3745923638343811,9.02921199798584,0.6864999532699585,198250
7,794,250,-84.8928451538086,-0.33957138657569885,8.106528282165527,0.6861041784286499,198500
7,795,250,-67.9712905883789,-0.2718851566314697,7.522602558135986,0.6857082843780518,198750
7,796,250,-104.71826171875,-0.41887304186820984,7.4367780685424805,0.6853125095367432,199000
7,797,250,-144.35385131835938,-0.577415406703949,8.961746215820312,0.684916615486145,199250
7,798,250,-76.69821166992188,-0.30679285526275635,8.160228729248047,0.6845208406448364,199500
7,799,250,-1.4835549592971802,-0.005934219807386398,7.562553882598877,0.6841250061988831,199750
7,800,250,-152.32786560058594,-0.6093114614486694,7.308088779449463,0.6837291717529297,200000
7,801,250,-72.20806121826172,-0.28883224725723267,9.199654579162598,0.6833333373069763,200250
7,802,250,-204.48455810546875,-0.8179382085800171,7.724554061889648,0.682937502861023,200500
7,803,250,-170.2930908203125,-0.6811723709106445,7.093813419342041,0.6825416684150696,200750
7,804,250,-61.1718635559082,-0.24468745291233063,7.022636890411377,0.6821458339691162,201000
7,805,250,-108.39683532714844,-0.43358734250068665,9.131549835205078,0.6817499995231628,201250
7,806,250,-72.27888488769531,-0.2891155481338501,8.319050788879395,0.6813541650772095,201500
7,807,250,-70.51554870605469,-0.28206220269203186,7.5474419593811035,0.6809583306312561,201750
7,808,250,-48.73468017578125,-0.19493871927261353,7.231621742248535,0.6805624961853027,202000
7,809,250,3.809713363647461,0.015238853171467781,9.489456176757812,0.6801666617393494,202250
7,810,250,-40.1346549987793,-0.16053861379623413,7.688314437866211,0.679770827293396,202500
7,811,250,-71.67530059814453,-0.2867012023925781,7.794243812561035,0.6793749928474426,202750
7,812,250,-81.49149322509766,-0.3259659707546234,7.382215976715088,0.6789791584014893,203000
7,813,250,-119.57437133789062,-0.47829747200012207,9.131688117980957,0.6785833239555359,203250
7,814,250,-117.8746109008789,-0.47149842977523804,8.169572830200195,0.6781874895095825,203500
7,815,250,47.0954704284668,0.1883818805217743,7.857223987579346,0.6777916550636292,203750
7,816,250,-152.16200256347656,-0.6086480021476746,7.289990425109863,0.6773958206176758,204000
7,817,250,-74.06916046142578,-0.29627662897109985,8.921178817749023,0.6769999861717224,204250
7,818,250,-127.80829620361328,-0.5112332105636597,7.909083843231201,0.676604151725769,204500
7,819,250,-154.90745544433594,-0.6196298003196716,7.432563781738281,0.6762083768844604,204750
7,820,250,-136.30088806152344,-0.5452035665512085,7.29551887512207,0.6758124828338623,205000
7,821,250,-226.5038299560547,-0.9060153365135193,9.200777053833008,0.6754167079925537,205250
7,822,250,-94.44216918945312,-0.3777686655521393,8.056012153625488,0.6750208139419556,205500
7,823,250,-96.0349349975586,-0.384139746427536,7.488522529602051,0.674625039100647,205750
7,824,250,-79.17222595214844,-0.3166888952255249,7.2201619148254395,0.6742291450500488,206000
7,825,250,12.527753829956055,0.050111014395952225,9.335844039916992,0.6738333702087402,206250
7,826,250,-199.37290954589844,-0.7974916100502014,7.9235005378723145,0.6734374761581421,206500
7,827,250,-134.2054901123047,-0.5368219614028931,6.894543647766113,0.6730417013168335,206750
7,828,250,-21.63897705078125,-0.08655590564012527,6.7105793952941895,0.6726458072662354,207000
7,829,250,-84.18934631347656,-0.3367573916912079,9.54704475402832,0.6722500324249268,207250
7,830,250,-81.07817077636719,-0.324312686920166,7.725348949432373,0.6718541383743286,207500
7,831,250,-51.86215591430664,-0.20744861662387848,7.128298759460449,0.67145836353302,207750
7,832,250,-62.12127685546875,-0.24848510324954987,6.697326183319092,0.6710624694824219,208000
7,833,250,-75.5293197631836,-0.3021172881126404,10.327964782714844,0.6706666946411133,208250
7,834,250,-97.30219268798828,-0.38920876383781433,8.526512145996094,0.6702708005905151,208500
7,835,250,-42.052433013916016,-0.1682097315788269,7.535216808319092,0.6698750257492065,208750
7,836,250,16.998552322387695,0.06799420714378357,6.895627975463867,0.6694791316986084,209000
7,837,250,-163.199951171875,-0.6527997851371765,11.209787368774414,0.6690833568572998,209250
7,838,250,-55.37552261352539,-0.22150209546089172,9.344826698303223,0.6686875224113464,209500
7,839,250,-75.48059844970703,-0.30192238092422485,8.082277297973633,0.6682916879653931,209750
7,840,250,-90.7806396484375,-0.3631225526332855,7.903076171875,0.6678958535194397,210000
7,841,250,-86.61376190185547,-0.34645503759384155,11.791261672973633,0.6675000190734863,210250
7,842,250,-89.45501708984375,-0.357820063829422,10.202322006225586,0.667104184627533,210500
7,843,250,-152.5343780517578,-0.6101375222206116,9.240736961364746,0.6667083501815796,210750
7,844,250,-120.35354614257812,-0.48141419887542725,8.32805061340332,0.6663125157356262,211000
7,845,250,-99.32715606689453,-0.3973086178302765,11.952884674072266,0.6659166812896729,211250
7,846,250,-135.04803466796875,-0.5401921272277832,10.971379280090332,0.6655208468437195,211500
7,847,250,-53.4091682434082,-0.21363666653633118,10.045760154724121,0.6651250123977661,211750
7,848,250,-135.4609375,-0.5418437719345093,9.192731857299805,0.6647291779518127,212000
7,849,250,-6.499873638153076,-0.025999493896961212,12.742321968078613,0.6643333435058594,212250
7,850,250,-25.732139587402344,-0.10292855650186539,11.714859962463379,0.663937509059906,212500
7,851,250,-69.92891693115234,-0.2797156572341919,10.854229927062988,0.6635416746139526,212750
7,852,250,6.321284770965576,0.025285139679908752,10.241036415100098,0.6631458401679993,213000
7,853,250,-2.1214563846588135,-0.00848582573235035,12.746899604797363,0.6627500057220459,213250
7,854,250,-94.60851287841797,-0.37843406200408936,12.12915325164795,0.6623541712760925,213500
7,855,250,-74.11307525634766,-0.2964523136615753,11.464892387390137,0.6619583368301392,213750
7,856,250,-81.6679458618164,-0.3266717791557312,10.972029685974121,0.6615625023841858,214000
7,857,250,-81.83235931396484,-0.3273294270038605,13.330785751342773,0.6611666679382324,214250
7,858,250,-96.2593994140625,-0.3850376009941101,12.52359390258789,0.6607708930969238,214500
7,859,250,-146.62911987304688,-0.5865164995193481,12.179967880249023,0.6603749990463257,214750
7,860,250,-65.11353302001953,-0.26045411825180054,11.577205657958984,0.6599792242050171,215000
7,861,250,-70.79093170166016,-0.28316372632980347,13.824560165405273,0.659583330154419,215250
7,862,250,-154.3088836669922,-0.617235541343689,13.130154609680176,0.6591875553131104,215500
7,863,250,-80.52857971191406,-0.32211431860923767,12.544018745422363,0.6587916612625122,215750
7,864,250,-86.42339324951172,-0.34569355845451355,11.816386222839355,0.6583958268165588,216000
7,865,250,-85.80913543701172,-0.3432365357875824,13.775002479553223,0.6579999923706055,216250
7,866,250,-102.07511138916016,-0.4083004593849182,12.856881141662598,0.6576041579246521,216500
7,867,250,-44.168453216552734,-0.17667381465435028,12.21150016784668,0.6572083234786987,216750
7,868,250,-66.7635498046875,-0.2670542001724243,11.761877059936523,0.6568124890327454,217000
7,869,250,-65.34890747070312,-0.2613956332206726,14.031003952026367,0.656416654586792,217250
7,870,250,-158.66851806640625,-0.634674072265625,12.538023948669434,0.6560208201408386,217500
7,871,250,8.35477066040039,0.033419083803892136,12.034469604492188,0.6556249856948853,217750
7,872,250,-125.53546905517578,-0.5021418929100037,11.541293144226074,0.6552291512489319,218000
7,873,250,-59.249881744384766,-0.2369995266199112,13.229458808898926,0.6548333168029785,218250
7,874,250,-80.23408508300781,-0.3209363520145416,12.187267303466797,0.6544374823570251,218500
7,875,250,-16.82456398010254,-0.06729825586080551,11.353641510009766,0.6540416479110718,218750
7,876,250,-76.28655242919922,-0.3051462173461914,11.322267532348633,0.6536458134651184,219000
7,877,250,-89.60692596435547,-0.3584277033805847,12.737960815429688,0.653249979019165,219250
7,878,250,7.520355224609375,0.03008142113685608,11.37244701385498,0.6528542041778564,219500
7,879,250,-160.78306579589844,-0.6431322693824768,10.928936004638672,0.6524583101272583,219750
7,880,250,-22.814361572265625,-0.09125744551420212,10.698636054992676,0.6520625352859497,220000
7,881,250,-101.89192199707031,-0.40756767988204956,13.049534797668457,0.6516666412353516,220250
7,882,250,-169.9862518310547,-0.6799449920654297,11.128059387207031,0.651270866394043,220500
7,883,250,-90.01031494140625,-0.3600412607192993,10.62264347076416,0.6508749723434448,220750
7,884,250,-103.6455078125,-0.4145820438861847,10.167274475097656,0.6504791975021362,221000
7,885,250,-125.10476684570312,-0.5004190802574158,13.441840171813965,0.6500833034515381,221250
7,886,250,-85.31421661376953,-0.34125685691833496,11.600676536560059,0.6496875286102295,221500
7,887,250,-76.36083221435547,-0.30544331669807434,10.566378593444824,0.6492916345596313,221750
7,888,250,-74.47917938232422,-0.2979167103767395,10.356611251831055,0.6488958597183228,222000
7,889,250,-53.297080993652344,-0.2131883203983307,12.935856819152832,0.6484999656677246,222250
7,890,250,-39.610321044921875,-0.15844129025936127,11.237561225891113,0.648104190826416,222500
7,891,250,-22.320337295532227,-0.0892813503742218,10.486321449279785,0.6477082967758179,222750
7,892,250,-157.0556640625,-0.628222644329071,9.92165470123291,0.6473125219345093,223000
7,893,250,71.1697998046875,0.28467920422554016,13.783308029174805,0.6469166278839111,223250
7,894,250,-133.8734588623047,-0.5354938507080078,11.909440994262695,0.6465208530426025,223500
7,895,250,-53.12591552734375,-0.21250365674495697,10.85441780090332,0.6461249589920044,223750
7,896,250,-198.10064697265625,-0.7924025654792786,10.130536079406738,0.6457291841506958,224000
7,897,250,-57.15456771850586,-0.22861826419830322,14.128290176391602,0.6453333497047424,224250
7,898,250,-12.919534683227539,-0.051678139716386795,11.481109619140625,0.6449375152587891,224500
7,899,250,-37.22684097290039,-0.1489073634147644,10.855435371398926,0.6445416808128357,224750
7,900,250,-178.60780334472656,-0.7144312262535095,10.229477882385254,0.6441458463668823,225000
7,901,250,-222.28623962402344,-0.8891449570655823,13.712994575500488,0.643750011920929,225250
7,902,250,-56.450111389160156,-0.22580043971538544,11.520487785339355,0.6433541774749756,225500
7,903,250,-54.33879852294922,-0.21735519170761108,10.627172470092773,0.6429583430290222,225750
7,904,250,-95.45649719238281,-0.3818259835243225,10.405505180358887,0.6425625085830688,226000
7,905,250,-65.49488067626953,-0.26197952032089233,13.472061157226562,0.6421666741371155,226250
7,906,250,-37.47216796875,-0.14988866448402405,11.544981956481934,0.6417708396911621,226500
7,907,250,-142.96627807617188,-0.5718651413917542,10.893142700195312,0.6413750052452087,226750
7,908,250,-37.526065826416016,-0.15010426938533783,10.12825870513916,0.6409791707992554,227000
7,909,250,-84.0249252319336,-0.3360997140407562,13.609853744506836,0.640583336353302,227250
7,910,250,-23.77468490600586,-0.09509874135255814,11.725852966308594,0.6401875019073486,227500
7,911,250,-91.52550506591797,-0.366102010011673,10.608662605285645,0.6397916674613953,227750
7,912,250,-178.78701782226562,-0.7151480913162231,10.351387023925781,0.6393958330154419,228000
7,913,250,10.1151704788208,0.04046068340539932,13.603934288024902,0.6389999985694885,228250
7,914,250,-46.9532470703125,-0.18781298398971558,11.02676773071289,0.6386041641235352,228500
7,915,250,-127.06938934326172,-0.5082775354385376,10.534327507019043,0.6382083296775818,228750
7,916,250,-76.15988159179688,-0.3046395182609558,10.169888496398926,0.6378124952316284,229000
7,917,250,-3.6412343978881836,-0.0145649379119277,13.197150230407715,0.6374167203903198,229250
7,918,250,-75.92549133300781,-0.3037019670009613,10.715824127197266,0.6370208263397217,229500
7,919,250,-81.48230743408203,-0.3259292244911194,10.371780395507812,0.6366250514984131,229750
7,920,250,-64.78836059570312,-0.25915345549583435,10.133889198303223,0.6362291574478149,230000
7,921,250,-94.14464569091797,-0.37657856941223145,13.500622749328613,0.6358333826065063,230250
7,922,250,-15.524079322814941,-0.06209631636738777,10.835541725158691,0.6354374885559082,230500
7,923,250,-169.03346252441406,-0.6761338710784912,10.112998008728027,0.6350417137145996,230750
7,924,250,-221.16842651367188,-0.8846737146377563,9.677891731262207,0.6346458196640015,231000
7,925,250,-72.31481170654297,-0.28925925493240356,13.4192476272583,0.6342500448226929,231250
7,926,250,-104.25732421875,-0.4170292913913727,11.083118438720703,0.6338541507720947,231500
7,927,250,-130.9935302734375,-0.5239741206169128,10.612060546875,0.6334583759307861,231750
7,928,250,-96.00050354003906,-0.3840020000934601,9.887743949890137,0.633062481880188,232000
7,929,250,-73.93575286865234,-0.29574301838874817,13.645376205444336,0.6326667070388794,232250
7,930,250,-18.115144729614258,-0.07246057689189911,11.357613563537598,0.6322708129882812,232500
7,931,250,-68.65664672851562,-0.27462658286094666,10.771398544311523,0.6318750381469727,232750
7,932,250,-77.8741455078125,-0.3114965856075287,10.078437805175781,0.6314791440963745,233000
7,933,250,-52.24699020385742,-0.20898796617984772,13.538087844848633,0.6310833692550659,233250
7,934,250,-126.14530944824219,-0.5045812129974365,11.72191333770752,0.6306874752044678,233500
7,935,250,-100.73914337158203,-0.4029565751552582,10.851542472839355,0.6302917003631592,233750
7,936,250,-44.33292007446289,-0.17733168601989746,10.584773063659668,0.6298958659172058,234000
7,937,250,-132.8693084716797,-0.5314772129058838,14.913188934326172,0.6295000314712524,234250
7,938,250,-78.61988830566406,-0.3144795596599579,12.635021209716797,0.6291041970252991,234500
7,939,250,-142.6981964111328,-0.5707927942276001,11.791261672973633,0.6287083625793457,234750
7,940,250,-57.65827941894531,-0.23063312470912933,11.353399276733398,0.6283124685287476,235000
7,941,250,-77.73086547851562,-0.3109234571456909,15.196738243103027,0.627916693687439,235250
7,942,250,-6.654875755310059,-0.026619503274559975,13.208438873291016,0.6275207996368408,235500
7,943,250,-38.99616241455078,-0.15598465502262115,12.76715087890625,0.6271250247955322,235750
7,944,250,-123.6869888305664,-0.49474796652793884,12.200113296508789,0.6267291307449341,236000
7,945,250,-78.10025787353516,-0.31240102648735046,15.767523765563965,0.6263333559036255,236250
7,946,250,-60.12171173095703,-0.24048684537410736,14.420509338378906,0.6259374618530273,236500
7,947,250,-128.04763793945312,-0.512190580368042,13.381538391113281,0.6255416870117188,236750
7,948,250,-84.59200286865234,-0.3383679986000061,13.112374305725098,0.6251457929611206,237000
7,949,250,32.002620697021484,0.12801048159599304,16.58756446838379,0.624750018119812,237250
7,950,250,-267.1769104003906,-1.0687075853347778,14.448433876037598,0.6243541240692139,237500
7,951,250,-77.59562683105469,-0.31038251519203186,13.543092727661133,0.6239583492279053,237750
7,952,250,-70.29065704345703,-0.2811626195907593,13.761890411376953,0.6235624551773071,238000
7,953,250,-26.833730697631836,-0.1073349192738533,16.4218692779541,0.6231666803359985,238250
7,954,250,-68.40338897705078,-0.2736135423183441,14.952109336853027,0.6227707862854004,238500
7,955,250,-139.86087036132812,-0.559443473815918,14.204643249511719,0.6223750114440918,238750
7,956,250,-67.68417358398438,-0.2707366943359375,14.212197303771973,0.6219791769981384,239000
7,957,250,-100.70397186279297,-0.40281587839126587,17.013553619384766,0.6215833425521851,239250
7,958,250,-70.47245025634766,-0.28188979625701904,14.932299613952637,0.6211875081062317,239500
7,959,250,-151.60537719726562,-0.6064215302467346,13.804911613464355,0.6207916736602783,239750
7,960,250,-98.51374053955078,-0.39405494928359985,13.393226623535156,0.620395839214325,240000
7,961,250,-135.39881896972656,-0.5415952801704407,16.896591186523438,0.6200000047683716,240250
7,962,250,-89.68840789794922,-0.35875362157821655,14.99091625213623,0.6196041703224182,240500
7,963,250,-120.29778289794922,-0.48119112849235535,14.037137031555176,0.6192083358764648,240750
7,964,250,-171.3624725341797,-0.6854498982429504,13.250627517700195,0.6188125014305115,241000
7,965,250,-270.1449890136719,-1.0805799961090088,16.33482551574707,0.6184166669845581,241250
7,966,250,-91.0083999633789,-0.36403360962867737,14.32401180267334,0.6180208325386047,241500
7,967,250,-142.17117309570312,-0.5686846971511841,13.695335388183594,0.6176249980926514,241750
7,968,250,-65.8612060546875,-0.26344481110572815,13.248175621032715,0.617229163646698,242000
7,969,250,-110.57671356201172,-0.44230684638023376,16.639476776123047,0.6168333292007446,242250
7,970,250,-102.4898681640625,-0.40995946526527405,13.71591854095459,0.6164374947547913,242500
7,971,250,17.945415496826172,0.07178166508674622,12.83061695098877,0.6160416603088379,242750
7,972,250,-102.7959213256836,-0.4111836850643158,12.45899486541748,0.6156458258628845,243000
7,973,250,-42.39753723144531,-0.16959014534950256,16.052989959716797,0.6152499914169312,243250
7,974,250,-83.9453353881836,-0.3357813358306885,13.538283348083496,0.6148541569709778,243500
7,975,250,-77.90616607666016,-0.311624675989151,12.978419303894043,0.6144583225250244,243750
7,976,250,-112.17721557617188,-0.4487088620662689,12.484231948852539,0.6140625476837158,244000
7,977,250,-98.48953247070312,-0.39395812153816223,16.130718231201172,0.6136666536331177,244250
7,978,250,-23.959238052368164,-0.09583695232868195,13.001924514770508,0.6132708787918091,244500
7,979,250,-75.80628967285156,-0.30322515964508057,12.241613388061523,0.6128749847412109,244750
7,980,250,-73.5238265991211,-0.29409530758857727,12.156689643859863,0.6124792098999023,245000
7,981,250,-36.08304214477539,-0.1443321704864502,15.80870246887207,0.6120833158493042,245250
7,982,250,-74.6247329711914,-0.2984989285469055,13.378382682800293,0.6116875410079956,245500
7,983,250,-61.41127014160156,-0.24564507603645325,12.052393913269043,0.6112916469573975,245750
7,984,250,-139.19677734375,-0.5567871332168579,11.656160354614258,0.6108958721160889,246000
7,985,250,-39.254520416259766,-0.15701808035373688,16.44303321838379,0.6104999780654907,246250
7,986,250,-19.17599868774414,-0.0767039954662323,13.596043586730957,0.6101042032241821,246500
7,987,250,-86.9272689819336,-0.3477090895175934,12.732367515563965,0.609708309173584,246750
7,988,250,-57.65639877319336,-0.23062559962272644,11.973907470703125,0.6093125343322754,247000
7,989,250,-138.15966796875,-0.5526386499404907,17.55276107788086,0.6089166402816772,247250
7,990,250,-162.3961944580078,-0.6495847702026367,13.907955169677734,0.6085208654403687,247500
7,991,250,-78.33827209472656,-0.3133530914783478,12.706851959228516,0.6081249713897705,247750
7,992,250,-34.00111770629883,-0.1360044777393341,12.279050827026367,0.6077291965484619,248000
7,993,250,-140.71473693847656,-0.5628589391708374,19.299161911010742,0.6073333024978638,248250
7,994,250,-52.78049850463867,-0.21112199127674103,15.750638961791992,0.6069375276565552,248500
7,995,250,-132.70895385742188,-0.5308358073234558,14.009268760681152,0.6065416932106018,248750
7,996,250,-77.62911987304688,-0.31051647663116455,12.433111190795898,0.6061458587646484,249000
7,997,250,-55.58971405029297,-0.2223588526248932,20.499849319458008,0.6057500243186951,249250
7,998,250,-34.4100341796875,-0.13764013350009918,17.135316848754883,0.6053541898727417,249500
7,999,250,-127.53787994384766,-0.5101515054702759,13.935030937194824,0.6049583554267883,249750
7,1000,250,-64.95951080322266,-0.2598380446434021,13.46471881866455,0.604562520980835,250000
7,1001,250,-131.39004516601562,-0.525560200214386,21.194440841674805,0.6041666865348816,250250
7,1002,250,-54.354957580566406,-0.21741983294487,17.351720809936523,0.6037708520889282,250500
7,1003,250,-141.15626525878906,-0.564625084400177,16.201810836791992,0.6033750176429749,250750
7,1004,250,-123.764892578125,-0.4950595796108246,14.841877937316895,0.6029791831970215,251000
7,1005,250,-36.89091110229492,-0.1475636512041092,22.78339958190918,0.6025833487510681,251250
7,1006,250,-217.6609649658203,-0.8706438541412354,18.608930587768555,0.6021875143051147,251500
7,1007,250,-136.2269744873047,-0.5449079275131226,16.000045776367188,0.6017916798591614,251750
7,1008,250,-69.03109741210938,-0.27612438797950745,15.040733337402344,0.601395845413208,252000
7,1009,250,-148.98353576660156,-0.5959341526031494,23.170761108398438,0.6010000109672546,252250
7,1010,250,-109.94168853759766,-0.4397667646408081,18.903743743896484,0.6006041765213013,252500
7,1011,250,-127.22840881347656,-0.5089136362075806,16.62626075744629,0.6002083420753479,252750
7,1012,250,-191.11903381347656,-0.7644761204719543,14.879643440246582,0.5998125076293945,253000
7,1013,250,-106.38501739501953,-0.4255400598049164,23.67731475830078,0.5994166731834412,253250
7,1014,250,-486.1448669433594,-1.9445794820785522,19.084257125854492,0.5990208387374878,253500
7,1015,250,-203.39822387695312,-0.8135929107666016,16.656373977661133,0.5986250042915344,253750
7,1016,250,-70.57152557373047,-0.2822861075401306,15.253663063049316,0.598229169845581,254000
7,1017,250,-119.91279602050781,-0.47965118288993835,23.89667320251465,0.5978333353996277,254250
7,1018,250,-110.316162109375,-0.44126465916633606,19.014419555664062,0.5974375009536743,254500
7,1019,250,-485.29656982421875,-1.9411863088607788,16.889875411987305,0.597041666507721,254750
7,1020,250,-144.72915649414062,-0.578916609287262,14.979294776916504,0.5966458320617676,255000
7,1021,250,-227.7263946533203,-0.9109055995941162,23.657033920288086,0.5962499976158142,255250
7,1022,250,-194.98974609375,-0.779958963394165,18.114076614379883,0.5958541631698608,255500
7,1023,250,-104.56077575683594,-0.4182431101799011,16.510517120361328,0.5954583287239075,255750
7,1024,250,-290.73394775390625,-1.162935733795166,15.168871879577637,0.5950624942779541,256000
7,1025,250,-288.5080261230469,-1.1540321111679077,23.0717830657959,0.5946666598320007,256250
7,1026,250,-307.192626953125,-1.2287704944610596,17.591224670410156,0.5942708253860474,256500
7,1027,250,-441.77783203125,-1.7671113014221191,15.730412483215332,0.593874990940094,256750
7,1028,250,-163.54324340820312,-0.654172956943512,14.524225234985352,0.5934791564941406,257000
7,1029,250,-77.98919677734375,-0.3119567930698395,21.433008193969727,0.5930833220481873,257250
7,1030,250,-52.070274353027344,-0.20828109979629517,17.488264083862305,0.5926874876022339,257500
7,1031,250,9.706371307373047,0.03882548585534096,15.81041145324707,0.5922916531562805,257750
7,1032,250,-75.13082885742188,-0.3005233108997345,15.059294700622559,0.5918958187103271,258000
7,1033,250,-51.62587356567383,-0.2065034955739975,22.31305503845215,0.5914999842643738,258250
7,1034,250,-118.12977600097656,-0.4725190997123718,18.39276885986328,0.5911041498184204,258500
7,1035,250,-107.79788970947266,-0.4311915636062622,17.25416374206543,0.5907083749771118,258750
7,1036,250,-200.3857421875,-0.8015429973602295,16.262277603149414,0.5903124809265137,259000
7,1037,250,-126.13682556152344,-0.5045472979545593,22.669330596923828,0.5899167060852051,259250
7,1038,250,-252.99264526367188,-1.0119706392288208,18.868587493896484,0.5895208120346069,259500
7,1039,250,76.49624633789062,0.3059849739074707,18.075054168701172,0.5891250371932983,259750
7,1040,250,-98.90361785888672,-0.39561447501182556,17.308300018310547,0.5887291431427002,260000
7,1041,250,-126.94705200195312,-0.5077881813049316,23.310701370239258,0.5883333683013916,260250
7,1042,250,-78.50178527832031,-0.31400713324546814,19.518749237060547,0.5879374742507935,260500
7,1043,250,-81.46633911132812,-0.32586535811424255,18.211671829223633,0.5875416994094849,260750
7,1044,250,-92.26846313476562,-0.3690738379955292,17.1099910736084,0.5871458053588867,261000
7,1045,250,15.531347274780273,0.06212538853287697,23.806577682495117,0.5867500305175781,261250
7,1046,250,-28.041353225708008,-0.1121654137969017,19.381908416748047,0.58635413646698,261500
7,1047,250,-74.680908203125,-0.29872363805770874,17.6444149017334,0.5859583616256714,261750
7,1048,250,-61.06783676147461,-0.24427135288715363,16.815608978271484,0.5855624675750732,262000
7,1049,250,18.535545349121094,0.07414218038320541,22.74420928955078,0.5851666927337646,262250
7,1050,250,-41.77543258666992,-0.16710172593593597,18.675840377807617,0.5847707986831665,262500
7,1051,250,-62.33308410644531,-0.24933233857154846,17.5903263092041,0.5843750238418579,262750
7,1052,250,-30.050365447998047,-0.1202014610171318,16.70446014404297,0.5839791297912598,263000
7,1053,250,3.581634521484375,0.01432653795927763,23.228191375732422,0.5835833549499512,263250
7,1054,250,-78.8464126586914,-0.315385639667511,18.720470428466797,0.5831875205039978,263500
7,1055,250,-117.65451049804688,-0.47061803936958313,17.274442672729492,0.5827916860580444,263750
7,1056,250,-83.9178466796875,-0.33567139506340027,16.72899627685547,0.5823958516120911,264000
7,1057,250,-45.57893753051758,-0.18231575191020966,22.491029739379883,0.5820000171661377,264250
7,1058,250,-11.847290992736816,-0.04738916456699371,18.11981773376465,0.5816041827201843,264500
7,1059,250,-82.49835205078125,-0.3299933969974518,16.234018325805664,0.581208348274231,264750
7,1060,250,-100.7578353881836,-0.4030313491821289,15.664867401123047,0.5808125138282776,265000
7,1061,250,52.66313171386719,0.21065253019332886,22.967008590698242,0.5804166793823242,265250
7,1062,250,1.2338515520095825,0.004935406148433685,17.23539924621582,0.5800208449363708,265500
7,1063,250,-141.4695587158203,-0.5658782124519348,15.833542823791504,0.5796250104904175,265750
7,1064,250,-66.74063110351562,-0.26696252822875977,15.0741548538208,0.5792291760444641,266000
7,1065,250,48.48603057861328,0.19394412636756897,22.220815658569336,0.5788333415985107,266250
7,1066,250,-43.99941635131836,-0.17599765956401825,16.810836791992188,0.5784375071525574,266500
7,1067,250,-92.27824401855469,-0.3691129684448242,14.870199203491211,0.578041672706604,266750
7,1068,250,-87.22378540039062,-0.3488951325416565,14.154265403747559,0.5776458382606506,267000
7,1069,250,-67.59956359863281,-0.27039825916290283,21.989864349365234,0.5772500038146973,267250
7,1070,250,-20.50387954711914,-0.0820155218243599,16.901046752929688,0.5768541693687439,267500
7,1071,250,-62.75165939331055,-0.2510066330432892,15.234031677246094,0.5764583349227905,267750
7,1072,250,-123.76585388183594,-0.4950634241104126,14.1956205368042,0.5760625004768372,268000
7,1073,250,-66.4148178100586,-0.26565927267074585,22.215023040771484,0.5756666660308838,268250
7,1074,250,-36.73141860961914,-0.1469256728887558,17.48133087158203,0.5752708911895752,268500
7,1075,250,-89.26881408691406,-0.3570752441883087,15.21554946899414,0.574874997138977,268750
7,1076,250,-53.07203674316406,-0.21228814125061035,14.443115234375,0.5744792222976685,269000
7,1077,250,-31.037979125976562,-0.12415191531181335,22.54974937438965,0.5740833282470703,269250
7,1078,250,-153.7836151123047,-0.6151344776153564,17.031452178955078,0.5736875534057617,269500
7,1079,250,-80.89745330810547,-0.3235898017883301,15.666396141052246,0.5732916593551636,269750
7,1080,250,-67.28577423095703,-0.26914310455322266,14.533562660217285,0.572895884513855,270000
7,1081,250,-107.22140502929688,-0.4288856089115143,24.050064086914062,0.5724999904632568,270250
7,1082,250,-103.34593200683594,-0.41338372230529785,18.51091194152832,0.5721042156219482,270500
7,1083,250,-87.26398468017578,-0.3490559458732605,16.926166534423828,0.5717083215713501,270750
7,1084,250,-56.9207649230957,-0.22768305242061615,15.772616386413574,0.5713125467300415,271000
7,1085,250,-124.5674057006836,-0.49826961755752563,25.609651565551758,0.5709166526794434,271250
7,1086,250,-86.85041046142578,-0.3474016487598419,20.559951782226562,0.5705208778381348,271500
7,1087,250,-214.38414001464844,-0.8575365543365479,19.339025497436523,0.5701249837875366,271750
7,1088,250,-115.58988189697266,-0.4623595178127289,17.419960021972656,0.569729208946228,272000
7,1089,250,-110.67510223388672,-0.44270041584968567,25.918180465698242,0.5693333148956299,272250
7,1090,250,-202.04531860351562,-0.8081812858581543,20.88204002380371,0.5689374804496765,272500
7,1091,250,-109.75102233886719,-0.4390040934085846,18.255908966064453,0.5685416460037231,272750
7,1092,250,-129.79379272460938,-0.5191751718521118,17.04947853088379,0.5681458115577698,273000
7,1093,250,-252.86148071289062,-1.0114458799362183,24.892562866210938,0.5677499771118164,273250
7,1094,250,0.22184181213378906,0.0008873672340996563,19.87124252319336,0.5673542022705078,273500
7,1095,250,-196.37637329101562,-0.785505473613739,17.889686584472656,0.5669583082199097,273750
7,1096,250,-138.7227325439453,-0.5548909306526184,17.04376220703125,0.5665625333786011,274000
7,1097,250,-304.5141906738281,-1.2180567979812622,25.01775550842285,0.5661666393280029,274250
7,1098,250,-206.60919189453125,-0.8264367580413818,20.063640594482422,0.5657708644866943,274500
7,1099,250,-238.16978454589844,-0.9526791572570801,18.235212326049805,0.5653749704360962,274750
7,1100,250,-222.00491333007812,-0.8880196809768677,17.198158264160156,0.5649791955947876,275000
7,1101,250,-322.1109924316406,-1.288443922996521,25.934131622314453,0.5645833015441895,275250
7,1102,250,-327.5563049316406,-1.310225248336792,20.028400421142578,0.5641875267028809,275500
7,1103,250,-495.6360778808594,-1.9825443029403687,17.912729263305664,0.5637916326522827,275750
7,1104,250,-300.7059326171875,-1.2028237581253052,15.823454856872559,0.5633958578109741,276000
7,1105,250,-188.4614715576172,-0.7538458704948425,25.174894332885742,0.562999963760376,276250
7,1106,250,-245.40530395507812,-0.9816212058067322,17.65872573852539,0.5626041889190674,276500
7,1107,250,-119.09856414794922,-0.47639426589012146,16.035566329956055,0.5622082948684692,276750
7,1108,250,-171.05833435058594,-0.6842333078384399,14.936863899230957,0.5618125200271606,277000
7,1109,250,-113.27753448486328,-0.45311012864112854,23.441017150878906,0.5614166259765625,277250
7,1110,250,-60.112178802490234,-0.2404487133026123,18.324674606323242,0.5610208511352539,277500
7,1111,250,-215.8984832763672,-0.8635939359664917,15.910187721252441,0.5606249570846558,277750
7,1112,250,-354.1544189453125,-1.4166176319122314,14.939146995544434,0.5602291822433472,278000
7,1113,250,-126.94213104248047,-0.5077685117721558,23.117603302001953,0.5598333477973938,278250
7,1114,250,-118.25193786621094,-0.4730077385902405,17.65987777709961,0.5594375133514404,278500
7,1115,250,-210.4212188720703,-0.841684877872467,15.779153823852539,0.5590416789054871,278750
7,1116,250,-177.98988342285156,-0.7119595408439636,14.844279289245605,0.5586458444595337,279000
7,1117,250,-216.98509216308594,-0.867940366268158,22.360321044921875,0.5582500100135803,279250
7,1118,250,-75.50015258789062,-0.30200061202049255,17.496082305908203,0.557854175567627,279500
7,1119,250,-46.760066986083984,-0.1870402693748474,15.820481300354004,0.5574583411216736,279750
7,1120,250,-204.44888305664062,-0.8177955150604248,15.198092460632324,0.5570625066757202,280000
7,1121,250,-80.86811828613281,-0.3234724700450897,24.101137161254883,0.5566666722297668,280250
7,1122,250,-182.8220977783203,-0.7312883734703064,17.671253204345703,0.5562708377838135,280500
7,1123,250,-298.62957763671875,-1.1945183277130127,16.728893280029297,0.5558750033378601,280750
7,1124,250,-60.13496017456055,-0.24053983390331268,15.969376564025879,0.5554791688919067,281000
7,1125,250,-170.42576599121094,-0.6817030906677246,24.55280303955078,0.5550833344459534,281250
7,1126,250,-32.00872802734375,-0.12803491950035095,19.073135375976562,0.5546875,281500
7,1127,250,30.52332305908203,0.12209329009056091,18.21094512939453,0.5542916655540466,281750
7,1128,250,-175.17886352539062,-0.7007154822349548,16.902875900268555,0.5538958311080933,282000
7,1129,250,-77.03926849365234,-0.3081570863723755,25.147342681884766,0.5534999966621399,282250
7,1130,250,-284.33233642578125,-1.137329339981079,20.39450454711914,0.5531041622161865,282500
7,1131,250,-119.0740966796875,-0.47629639506340027,19.452659606933594,0.5527083277702332,282750
7,1132,250,-73.00960540771484,-0.2920384109020233,17.64142417907715,0.5523124933242798,283000
7,1133,250,-48.6114387512207,-0.19444575905799866,26.249414443969727,0.5519167184829712,283250
7,1134,250,53.344791412353516,0.2133791595697403,20.801584243774414,0.551520824432373,283500
7,1135,250,-25.491226196289062,-0.10196490585803986,19.851497650146484,0.5511250495910645,283750
7,1136,250,-42.60243606567383,-0.17040973901748657,18.128616333007812,0.5507291555404663,284000
7,1137,250,-106.97028350830078,-0.427881121635437,27.154102325439453,0.5503333806991577,284250
7,1138,250,-56.11260223388672,-0.22445040941238403,21.801410675048828,0.5499374866485596,284500
7,1139,250,-73.82505798339844,-0.2953002452850342,19.9202938079834,0.549541711807251,284750
7,1140,250,44.28593063354492,0.17714372277259827,18.607515335083008,0.5491458177566528,285000
7,1141,250,-64.70731353759766,-0.258829265832901,27.23008918762207,0.5487500429153442,285250
7,1142,250,-54.43318176269531,-0.2177327275276184,21.805387496948242,0.5483541488647461,285500
7,1143,250,-49.722900390625,-0.19889159500598907,20.460052490234375,0.5479583740234375,285750
7,1144,250,-24.94747543334961,-0.09978990256786346,18.795652389526367,0.5475624799728394,286000
7,1145,250,-58.69069290161133,-0.2347627729177475,27.85940170288086,0.5471667051315308,286250
7,1146,250,-67.2394790649414,-0.2689579129219055,22.00808334350586,0.5467708110809326,286500
7,1147,250,-88.05757904052734,-0.3522303104400635,20.015291213989258,0.546375036239624,286750
7,1148,250,-77.30353546142578,-0.30921414494514465,18.77585792541504,0.5459791421890259,287000
7,1149,250,23.34151840209961,0.09336607158184052,27.8902587890625,0.5455833673477173,287250
7,1150,250,45.25093460083008,0.18100373446941376,21.500167846679688,0.5451874732971191,287500
7,1151,250,-118.50033569335938,-0.47400134801864624,18.942419052124023,0.5447916984558105,287750
7,1152,250,-25.562389373779297,-0.10224955528974533,17.846078872680664,0.5443958044052124,288000
7,1153,250,-83.96780395507812,-0.33587121963500977,26.904600143432617,0.5440000295639038,288250
7,1154,250,-88.20514678955078,-0.35282057523727417,21.707178115844727,0.5436041951179504,288500
7,1155,250,-43.12247848510742,-0.17248991131782532,19.263397216796875,0.5432083606719971,288750
7,1156,250,-74.3079605102539,-0.29723185300827026,17.80584716796875,0.5428125262260437,289000
7,1157,250,-61.763671875,-0.24705468118190765,28.23125648498535,0.5424166917800903,289250
7,1158,250,-45.80224609375,-0.18320898711681366,21.439767837524414,0.542020857334137,289500
7,1159,250,18.405006408691406,0.0736200287938118,19.607397079467773,0.5416250228881836,289750
7,1160,250,-59.80430603027344,-0.23921722173690796,17.892139434814453,0.5412291884422302,290000
7,1161,250,-87.87052917480469,-0.3514821231365204,27.874975204467773,0.5408333539962769,290250
7,1162,250,-2.8226089477539062,-0.011290435679256916,22.93699073791504,0.5404375195503235,290500
7,1163,250,-59.99691390991211,-0.23998765647411346,20.25406265258789,0.5400416851043701,290750
7,1164,250,-69.18321228027344,-0.276732861995697,17.742408752441406,0.539645791053772,291000
7,1165,250,-91.31232452392578,-0.36524930596351624,27.315858840942383,0.5392500162124634,291250
7,1166,250,-57.81025314331055,-0.23124101758003235,23.582515716552734,0.5388541221618652,291500
7,1167,250,-118.26528930664062,-0.47306114435195923,20.86410140991211,0.5384583473205566,291750
7,1168,250,-167.97764587402344,-0.6719105839729309,19.938350677490234,0.5380624532699585,292000
7,1169,250,-123.03169250488281,-0.4921267628669739,30.152196884155273,0.5376666784286499,292250
7,1170,250,-69.83069610595703,-0.2793227732181549,24.00977897644043,0.5372707843780518,292500
7,1171,250,-79.40161895751953,-0.31760647892951965,22.677410125732422,0.5368750095367432,292750
7,1172,250,-115.7049789428711,-0.462819904088974,21.728622436523438,0.5364791750907898,293000
7,1173,250,-157.7832794189453,-0.6311331391334534,29.60660171508789,0.5360833406448364,293250
7,1174,250,-132.01773071289062,-0.5280709266662598,24.884143829345703,0.5356875061988831,293500
7,1175,250,-89.06480407714844,-0.35625922679901123,23.097639083862305,0.5352916717529297,293750
7,1176,250,-115.52783203125,-0.46211132407188416,21.70369529724121,0.5348958373069763,294000
7,1177,250,-383.04779052734375,-1.5321911573410034,28.455886840820312,0.534500002861023,294250
7,1178,250,-182.16650390625,-0.7286660075187683,23.588499069213867,0.5341041684150696,294500
7,1179,250,-375.1659240722656,-1.5006636381149292,22.244556427001953,0.5337083339691162,294750
7,1180,250,-90.7716293334961,-0.3630865216255188,20.202224731445312,0.5333124995231628,295000
7,1181,250,-207.5521240234375,-0.8302084803581238,28.631723403930664,0.5329166650772095,295250
7,1182,250,-63.974491119384766,-0.25589796900749207,23.622583389282227,0.5325208306312561,295500
7,1183,250,-174.83468627929688,-0.6993387341499329,22.191308975219727,0.5321249961853027,295750
7,1184,250,-105.11376953125,-0.42045506834983826,20.355220794677734,0.5317291617393494,296000
7,1185,250,-172.8773193359375,-0.6915093064308167,27.578826904296875,0.531333327293396,296250
7,1186,250,-133.38397216796875,-0.533535897731781,23.63271141052246,0.5309374928474426,296500
7,1187,250,-337.0434265136719,-1.34817373752594,20.86598777770996,0.5305416584014893,296750
7,1188,250,-159.76683044433594,-0.6390672922134399,19.8232364654541,0.5301458239555359,297000
7,1189,250,-71.43846130371094,-0.28575384616851807,28.548593521118164,0.5297499895095825,297250
7,1190,250,-219.22860717773438,-0.8769144415855408,20.619516372680664,0.5293541550636292,297500
7,1191,250,-201.42225646972656,-0.8056890368461609,19.371826171875,0.5289583206176758,297750
7,1192,250,-196.6279754638672,-0.7865118980407715,17.67885398864746,0.5285625457763672,298000
7,1193,250,-82.0892333984375,-0.32835692167282104,28.181028366088867,0.528166651725769,298250
7,1194,250,-474.88275146484375,-1.8995310068130493,20.419519424438477,0.5277708768844604,298500
7,1195,250,-236.5627899169922,-0.9462511539459229,17.87803840637207,0.5273749828338623,298750
7,1196,250,-267.9715881347656,-1.0718863010406494,16.017488479614258,0.5269792079925537,299000
7,1197,250,-404.9634094238281,-1.6198536157608032,27.828296661376953,0.5265833139419556,299250
7,1198,250,-69.0958023071289,-0.2763832211494446,19.6802978515625,0.526187539100647,299500
7,1199,250,-438.0091857910156,-1.752036690711975,16.875404357910156,0.5257916450500488,299750
7,1200,250,-291.47515869140625,-1.1659005880355835,15.411724090576172,0.5253958702087402,300000
7,1201,250,-449.0657653808594,-1.7962630987167358,25.598011016845703,0.5249999761581421,300250
7,1202,250,-149.70108032226562,-0.5988042950630188,18.771474838256836,0.5246041417121887,300500
7,1203,250,-476.96588134765625,-1.9078634977340698,16.545440673828125,0.5242083072662354,300750
7,1204,250,-395.66094970703125,-1.582643747329712,15.21060562133789,0.523812472820282,301000
7,1205,250,-364.5387268066406,-1.4581549167633057,23.05736541748047,0.5234166383743286,301250
7,1206,250,-382.14764404296875,-1.5285905599594116,17.404945373535156,0.5230208039283752,301500
7,1207,250,-433.4369201660156,-1.7337477207183838,15.37268352508545,0.5226249694824219,301750
7,1208,250,-233.4978790283203,-0.9339914917945862,14.34524917602539,0.5222291350364685,302000
7,1209,250,-313.2202453613281,-1.2528809309005737,22.534299850463867,0.5218333005905151,302250
7,1210,250,-174.28245544433594,-0.6971298456192017,16.194700241088867,0.5214375257492065,302500
7,1211,250,-462.5211181640625,-1.8500844240188599,14.617526054382324,0.5210416913032532,302750
7,1212,250,-259.8571472167969,-1.0394285917282104,13.717660903930664,0.5206458568572998,303000
7,1213,250,-47.91888427734375,-0.19167554378509521,20.795316696166992,0.5202500224113464,303250
7,1214,250,-348.6313781738281,-1.3945255279541016,15.462546348571777,0.5198541879653931,303500
7,1215,250,-461.4972229003906,-1.8459888696670532,13.829279899597168,0.5194583535194397,303750
7,1216,250,-104.87937927246094,-0.41951751708984375,12.501422882080078,0.5190625190734863,304000
7,1217,250,-215.08802795410156,-0.860352098941803,19.799211502075195,0.518666684627533,304250
7,1218,250,-318.8212585449219,-1.275285005569458,15.306964874267578,0.5182708501815796,304500
7,1219,250,-407.2501220703125,-1.6290005445480347,13.820727348327637,0.5178750157356262,304750
7,1220,250,-308.7590026855469,-1.235036015510559,12.829113960266113,0.5174791812896729,305000
7,1221,250,-230.58290100097656,-0.9223316311836243,19.838348388671875,0.5170833468437195,305250
7,1222,250,-315.8404541015625,-1.2633618116378784,16.226139068603516,0.5166875123977661,305500
7,1223,250,-479.7529296875,-1.9190117120742798,13.721534729003906,0.5162916779518127,305750
7,1224,250,-185.31956481933594,-0.7412782311439514,12.921106338500977,0.5158958435058594,306000
7,1225,250,-345.7574157714844,-1.3830296993255615,19.585508346557617,0.515500009059906,306250
7,1226,250,-263.12237548828125,-1.0524895191192627,15.00163459777832,0.5151041746139526,306500
7,1227,250,-197.1660614013672,-0.7886642217636108,13.877426147460938,0.5147083401679993,306750
7,1228,250,-226.4762420654297,-0.9059049487113953,13.514412879943848,0.5143125057220459,307000
7,1229,250,-112.82848358154297,-0.45131394267082214,19.540159225463867,0.5139166712760925,307250
7,1230,250,-138.37612915039062,-0.5535045266151428,15.853507995605469,0.5135208368301392,307500
7,1231,250,-200.8756561279297,-0.80350261926651,14.850276947021484,0.5131250619888306,307750
7,1232,250,-311.2143249511719,-1.2448573112487793,13.74443531036377,0.5127291679382324,308000
7,1233,250,-362.1233215332031,-1.448493242263794,19.91806411743164,0.5123333930969238,308250
7,1234,250,-273.78643798828125,-1.0951457023620605,15.988680839538574,0.5119374990463257,308500
7,1235,250,-130.73825073242188,-0.5229529738426208,15.295052528381348,0.5115417242050171,308750
7,1236,250,-64.99842834472656,-0.25999370217323303,14.195223808288574,0.511145830154419,309000
7,1237,250,-65.59748840332031,-0.2623899579048157,21.520925521850586,0.5107500553131104,309250
7,1238,250,-81.78587341308594,-0.32714349031448364,17.7164249420166,0.5103541612625122,309500
7,1239,250,-337.50018310546875,-1.3500007390975952,15.712645530700684,0.5099583864212036,309750
7,1240,250,-11.024600982666016,-0.04409840330481529,15.846233367919922,0.5095624923706055,310000
7,1241,250,-54.31520080566406,-0.21726080775260925,22.461313247680664,0.5091667175292969,310250
7,1242,250,-137.0194549560547,-0.5480778217315674,17.93415069580078,0.5087708234786987,310500
7,1243,250,-121.50981903076172,-0.48603928089141846,17.168277740478516,0.5083750486373901,310750
7,1244,250,-277.3970642089844,-1.1095882654190063,16.60478973388672,0.507979154586792,311000
7,1245,250,-45.4447021484375,-0.18177880346775055,23.74692153930664,0.5075833797454834,311250
7,1246,250,-190.3040313720703,-0.7612161040306091,19.595544815063477,0.5071874856948853,311500
7,1247,250,-218.37777709960938,-0.8735111355781555,18.433917999267578,0.5067917108535767,311750
7,1248,250,-46.52718734741211,-0.1861087530851364,17.21798324584961,0.5063958168029785,312000
7,1249,250,-53.74391555786133,-0.21497565507888794,25.74470329284668,0.5060000419616699,312250
7,1250,250,-121.872314453125,-0.487489253282547,20.906963348388672,0.5056041479110718,312500
7,1251,250,-46.718833923339844,-0.1868753284215927,19.549285888671875,0.5052083730697632,312750
7,1252,250,-136.785888671875,-0.5471435785293579,18.693805694580078,0.504812479019165,313000
7,1253,250,-146.04449462890625,-0.5841779708862305,28.217815399169922,0.5044167041778564,313250
7,1254,250,-132.53799438476562,-0.5301519632339478,21.66299819946289,0.5040208101272583,313500
7,1255,250,-94.75889587402344,-0.3790355920791626,20.415874481201172,0.5036250352859497,313750
7,1256,250,-93.08993530273438,-0.3723597526550293,19.724952697753906,0.5032291412353516,314000
7,1257,250,-79.76071166992188,-0.3190428614616394,29.28438949584961,0.502833366394043,314250
7,1258,250,-205.0181884765625,-0.8200727701187134,23.450227737426758,0.5024374723434448,314500
7,1259,250,-122.4810562133789,-0.48992422223091125,20.9478759765625,0.5020416975021362,314750
7,1260,250,-211.7853240966797,-0.8471413254737854,20.314956665039062,0.5016458034515381,315000
7,1261,250,-37.901458740234375,-0.15160582959651947,30.37343406677246,0.5012500286102295,315250
7,1262,250,-129.82321166992188,-0.5192928314208984,23.97025489807129,0.5008541345596313,315500
7,1263,250,-237.60598754882812,-0.9504239559173584,23.092187881469727,0.5004583597183228,315750
7,1264,250,-95.24784851074219,-0.3809913992881775,21.261959075927734,0.5000624656677246,316000
7,1265,250,-146.42147827148438,-0.5856859087944031,31.659202575683594,0.499666690826416,316250
7,1266,250,-348.9777526855469,-1.3959109783172607,26.401073455810547,0.49927085638046265,316500
7,1267,250,-44.95548629760742,-0.1798219382762909,23.877979278564453,0.4988750219345093,316750
7,1268,250,-100.2147445678711,-0.40085896849632263,22.175878524780273,0.4984791874885559,317000
7,1269,250,-86.3294677734375,-0.34531787037849426,29.622562408447266,0.49808335304260254,317250
7,1270,250,-241.18980407714844,-0.9647592306137085,24.379457473754883,0.49768751859664917,317500
7,1271,250,-98.61959075927734,-0.39447835087776184,22.897499084472656,0.4972916841506958,317750
7,1272,250,-197.73931884765625,-0.7909572720527649,21.16719627380371,0.49689584970474243,318000
7,1273,250,-348.7037658691406,-1.3948150873184204,28.635282516479492,0.49650001525878906,318250
7,1274,250,-462.2181701660156,-1.8488726615905762,24.65928077697754,0.4961041808128357,318500
7,1275,250,-435.4940185546875,-1.741976022720337,21.514217376708984,0.4957083463668823,318750
7,1276,250,-152.22323608398438,-0.6088929176330566,20.475101470947266,0.49531251192092896,319000
7,1277,250,-99.90377807617188,-0.3996151089668274,25.189502716064453,0.4949166178703308,319250
7,1278,250,-479.7390441894531,-1.9189561605453491,21.554479598999023,0.4945208430290222,319500
7,1279,250,-311.91229248046875,-1.2476491928100586,19.64274787902832,0.49412500858306885,319750
7,1280,250,-305.45404052734375,-1.2218161821365356,18.47391128540039,0.4937291741371155,320000
7,1281,250,-22.9052734375,-0.09162109345197678,23.992265701293945,0.4933333396911621,320250
7,1282,250,-409.4629211425781,-1.6378517150878906,20.376941680908203,0.49293750524520874,320500
7,1283,250,-486.1962585449219,-1.9447849988937378,18.243450164794922,0.49254167079925537,320750
7,1284,250,-459.431396484375,-1.8377256393432617,16.80914878845215,0.492145836353302,321000
7,1285,250,-125.2430191040039,-0.5009720921516418,21.970327377319336,0.49175000190734863,321250
7,1286,250,-489.2539367675781,-1.9570157527923584,19.319969177246094,0.49135416746139526,321500
7,1287,250,-421.2124938964844,-1.6848499774932861,16.70844268798828,0.4909583330154419,321750
7,1288,250,-473.86468505859375,-1.895458698272705,15.34638786315918,0.4905624985694885,322000
7,1289,250,-446.91070556640625,-1.7876428365707397,20.72721290588379,0.49016666412353516,322250
7,1290,250,-330.0337219238281,-1.3201348781585693,18.006555557250977,0.4897708296775818,322500
7,1291,250,-438.4124755859375,-1.7536499500274658,15.701728820800781,0.4893749952316284,322750
7,1292,250,-470.8102111816406,-1.883240818977356,14.333226203918457,0.48897916078567505,323000
7,1293,250,-248.97360229492188,-0.9958944320678711,20.191242218017578,0.4885833263397217,323250
7,1294,250,-149.01168823242188,-0.5960467457771301,17.322599411010742,0.4881874918937683,323500
7,1295,250,-475.40740966796875,-1.9016296863555908,15.392008781433105,0.48779165744781494,323750
7,1296,250,-180.48158264160156,-0.7219263315200806,13.65462875366211,0.4873958230018616,324000
7,1297,250,-61.66157531738281,-0.24664629995822906,19.599695205688477,0.4869999885559082,324250
7,1298,250,-30.67867088317871,-0.12271468341350555,16.951047897338867,0.48660415410995483,324500
7,1299,250,-438.73468017578125,-1.7549387216567993,15.528368949890137,0.48620831966400146,324750
7,1300,250,-7.453974723815918,-0.029815899208188057,14.368890762329102,0.48581254482269287,325000
7,1301,250,-86.09507751464844,-0.34438031911849976,19.203392028808594,0.4854166507720947,325250
7,1302,250,-89.08430480957031,-0.35633721947669983,16.581579208374023,0.48502087593078613,325500
7,1303,250,10.88066291809082,0.04352265223860741,15.577702522277832,0.484624981880188,325750
7,1304,250,-108.05908966064453,-0.43223637342453003,14.925617218017578,0.4842292070388794,326000
7,1305,250,3.9368302822113037,0.015747321769595146,18.912912368774414,0.48383331298828125,326250
7,1306,250,-70.85546875,-0.2834218740463257,16.6987247467041,0.48343753814697266,326500
7,1307,250,-281.5345153808594,-1.1261380910873413,15.927173614501953,0.4830416440963745,326750
7,1308,250,3.8740994930267334,0.015496398322284222,14.938431739807129,0.4826458692550659,327000
7,1309,250,-38.09469223022461,-0.15237876772880554,17.867464065551758,0.4822499752044678,327250
7,1310,250,31.692821502685547,0.12677128612995148,16.389562606811523,0.4818542003631592,327500
7,1311,250,-21.08510971069336,-0.08434043824672699,15.194748878479004,0.48145830631256104,327750
7,1312,250,-52.639373779296875,-0.2105574905872345,13.779374122619629,0.48106253147125244,328000
7,1313,250,-158.67044067382812,-0.634681761264801,17.513347625732422,0.4806666374206543,328250
7,1314,250,7.047695159912109,0.02819078043103218,15.831751823425293,0.4802708625793457,328500
7,1315,250,-58.99967956542969,-0.2359987199306488,15.427518844604492,0.47987496852874756,328750
7,1316,250,-31.019224166870117,-0.12407689541578293,14.187474250793457,0.47947919368743896,329000
7,1317,250,-72.53387451171875,-0.2901355028152466,16.834699630737305,0.4790832996368408,329250
7,1318,250,-68.10283660888672,-0.2724113464355469,15.197336196899414,0.4786875247955322,329500
7,1319,250,-71.48540496826172,-0.28594163060188293,14.642231941223145,0.47829169034957886,329750
7,1320,250,-133.90281677246094,-0.5356112718582153,14.179120063781738,0.4778958559036255,330000
7,1321,250,-25.80099868774414,-0.10320399701595306,17.07741355895996,0.4775000214576721,330250
7,1322,250,-69.89703369140625,-0.27958813309669495,14.609503746032715,0.47710418701171875,330500
7,1323,250,-49.15244674682617,-0.19660978019237518,14.277355194091797,0.4767083525657654,330750
7,1324,250,-55.3864631652832,-0.22154584527015686,14.135040283203125,0.476312518119812,331000
7,1325,250,-83.11479187011719,-0.3324591815471649,16.68124008178711,0.47591668367385864,331250
7,1326,250,-44.873348236083984,-0.17949339747428894,15.369274139404297,0.4755208492279053,331500
7,1327,250,-65.52606201171875,-0.26210424304008484,14.589591026306152,0.4751250147819519,331750
7,1328,250,-41.76132583618164,-0.16704531013965607,13.909379959106445,0.47472918033599854,332000
7,1329,250,39.71409606933594,0.1588563770055771,17.5831356048584,0.47433334589004517,332250
7,1330,250,-43.09153366088867,-0.17236612737178802,15.045052528381348,0.4739375114440918,332500
7,1331,250,-26.522228240966797,-0.10608891397714615,14.311553001403809,0.4735416769981384,332750
7,1332,250,-20.471012115478516,-0.08188404887914658,13.466941833496094,0.47314584255218506,333000
7,1333,250,-60.50570297241211,-0.2420228123664856,17.604150772094727,0.4727500081062317,333250
7,1334,250,-22.015174865722656,-0.08806069940328598,15.50283432006836,0.4723541736602783,333500
7,1335,250,-0.3461257219314575,-0.0013845028588548303,14.665609359741211,0.47195833921432495,333750
7,1336,250,-66.78865051269531,-0.26715460419654846,14.197174072265625,0.4715625047683716,334000
7,1337,250,15.820514678955078,0.0632820576429367,17.678077697753906,0.4711666703224182,334250
7,1338,250,-47.53550338745117,-0.19014202058315277,16.792436599731445,0.47077083587646484,334500
7,1339,250,55.91332244873047,0.22365328669548035,15.464227676391602,0.4703750014305115,334750
7,1340,250,-62.857086181640625,-0.2514283359050751,14.019270896911621,0.4699792265892029,335000
7,1341,250,-36.260520935058594,-0.1450420767068863,18.346683502197266,0.46958333253860474,335250
7,1342,250,-11.840607643127441,-0.04736243188381195,16.753196716308594,0.46918755769729614,335500
7,1343,250,78.41049194335938,0.3136419653892517,15.934550285339355,0.468791663646698,335750
7,1344,250,-47.38672637939453,-0.18954691290855408,15.178644180297852,0.4683958888053894,336000
7,1345,250,-29.966041564941406,-0.11986416578292847,18.0031795501709,0.46799999475479126,336250
7,1346,250,-43.48119354248047,-0.1739247739315033,16.969867706298828,0.46760421991348267,336500
7,1347,250,-37.65035629272461,-0.15060143172740936,15.513439178466797,0.4672083258628845,336750
7,1348,250,67.2994613647461,0.26919785141944885,14.687700271606445,0.4668125510215759,337000
7,1349,250,-7.950149059295654,-0.03180059790611267,17.91751480102539,0.4664166569709778,337250
7,1350,250,-11.901041984558105,-0.04760416969656944,16.993030548095703,0.4660208821296692,337500
7,1351,250,-35.13471603393555,-0.14053887128829956,16.069530487060547,0.46562498807907104,337750
7,1352,250,-13.984286308288574,-0.05593714490532875,15.875761032104492,0.4652291536331177,338000
7,1353,250,15.063822746276855,0.06025529280304909,17.11956024169922,0.4648333191871643,338250
7,1354,250,-56.685333251953125,-0.22674132883548737,16.6706600189209,0.46443748474121094,338500
7,1355,250,-1.9674075841903687,-0.007869630120694637,15.422119140625,0.46404165029525757,338750
7,1356,250,-101.69171905517578,-0.4067668616771698,14.847575187683105,0.4636458158493042,339000
7,1357,250,-31.347579956054688,-0.12539032101631165,16.68110466003418,0.46324998140335083,339250
7,1358,250,-92.33316802978516,-0.3693326711654663,16.097999572753906,0.46285414695739746,339500
7,1359,250,-78.6438217163086,-0.31457528471946716,15.412701606750488,0.46245837211608887,339750
7,1360,250,-80.15788269042969,-0.3206315338611603,14.66484546661377,0.4620624780654907,340000
7,1361,250,24.949996948242188,0.0997999906539917,16.080167770385742,0.46166670322418213,340250
7,1362,250,4.870093822479248,0.019480375573039055,15.469512939453125,0.461270809173584,340500
7,1363,250,68.91072082519531,0.27564287185668945,15.196593284606934,0.4608750343322754,340750
7,1364,250,-29.887332916259766,-0.11954933404922485,14.669005393981934,0.46047914028167725,341000
7,1365,250,-6.531735420227051,-0.026126941666007042,16.953866958618164,0.46008336544036865,341250
7,1366,250,-16.227519989013672,-0.06491007655858994,14.354423522949219,0.4596874713897705,341500
7,1367,250,-87.9117431640625,-0.35164695978164673,14.226860046386719,0.4592916965484619,341750
7,1368,250,-9.044065475463867,-0.03617626056075096,13.463410377502441,0.45889580249786377,342000
7,1369,250,-81.16038513183594,-0.32464152574539185,15.01867389678955,0.4585000276565552,342250
7,1370,250,-129.7006072998047,-0.5188024044036865,14.02898120880127,0.45810413360595703,342500
7,1371,250,-115.81485748291016,-0.46325942873954773,13.665387153625488,0.45770835876464844,342750
7,1372,250,-138.55844116210938,-0.5542337894439697,13.216174125671387,0.4573124647140503,343000
7,1373,250,169.4053497314453,0.6776214241981506,15.073921203613281,0.4569166898727417,343250
7,1374,250,-67.5069351196289,-0.2700277268886566,13.659915924072266,0.45652079582214355,343500
7,1375,250,-18.747438430786133,-0.07498975098133087,13.386728286743164,0.45612502098083496,343750
7,1376,250,-37.57289505004883,-0.1502915769815445,12.931671142578125,0.4557291269302368,344000
7,1377,250,-175.4644317626953,-0.7018577456474304,14.11701488494873,0.4553333520889282,344250
7,1378,250,-53.26247024536133,-0.21304987370967865,13.750425338745117,0.45493751764297485,344500
7,1379,250,-61.78876876831055,-0.2471550703048706,12.685524940490723,0.4545416831970215,344750
7,1380,250,-45.02742004394531,-0.1801096796989441,12.531495094299316,0.4541458487510681,345000
7,1381,250,-95.14305114746094,-0.38057219982147217,13.734070777893066,0.45375001430511475,345250
7,1382,250,-115.90138244628906,-0.46360552310943604,12.394291877746582,0.4533541798591614,345500
7,1383,250,-20.568206787109375,-0.08227282762527466,12.234457969665527,0.452958345413208,345750
7,1384,250,-63.145809173583984,-0.25258323550224304,11.958146095275879,0.45256251096725464,346000
7,1385,250,-89.79702758789062,-0.35918810963630676,12.43244743347168,0.45216667652130127,346250
7,1386,250,-33.88347625732422,-0.1355338990688324,11.859800338745117,0.4517708420753479,346500
7,1387,250,-76.27039337158203,-0.3050815761089325,11.427146911621094,0.45137500762939453,346750
7,1388,250,-43.93485641479492,-0.17573942244052887,11.79793643951416,0.45097917318344116,347000
7,1389,250,22.59474754333496,0.09037899225950241,13.050755500793457,0.4505833387374878,347250
7,1390,250,-85.7987289428711,-0.3431949019432068,11.933221817016602,0.4501875042915344,347500
7,1391,250,-108.65251922607422,-0.4346100687980652,11.961999893188477,0.44979166984558105,347750
7,1392,250,-76.3326416015625,-0.3053305745124817,11.615917205810547,0.4493958353996277,348000
7,1393,250,-70.95148468017578,-0.2838059365749359,13.643016815185547,0.4490000009536743,348250
7,1394,250,-12.242003440856934,-0.04896801337599754,12.693042755126953,0.44860416650772095,348500
7,1395,250,199.19091796875,0.7967636585235596,12.550092697143555,0.4482083320617676,348750
7,1396,250,-30.035974502563477,-0.12014389783143997,11.906902313232422,0.4478124976158142,349000
7,1397,250,6.483852386474609,0.02593540959060192,14.175325393676758,0.44741666316986084,349250
7,1398,250,-13.255837440490723,-0.05302334949374199,13.20079231262207,0.44702082872390747,349500
7,1399,250,-18.8498592376709,-0.07539943605661392,12.73600959777832,0.4466250538825989,349750
7,1400,250,-73.90321350097656,-0.2956128418445587,12.365273475646973,0.44622915983200073,350000
7,1401,250,17.15289306640625,0.06861156970262527,14.009873390197754,0.44583338499069214,350250
7,1402,250,-54.93446350097656,-0.21973785758018494,13.863025665283203,0.445437490940094,350500
7,1403,250,93.41588592529297,0.3736635446548462,13.779169082641602,0.4450417160987854,350750
7,1404,250,-45.08406448364258,-0.18033625185489655,13.696674346923828,0.44464582204818726,351000
7,1405,250,71.98914337158203,0.287956565618515,14.608131408691406,0.44425004720687866,351250
7,1406,250,-66.7275390625,-0.2669101655483246,14.658272743225098,0.4438541531562805,351500
7,1407,250,-40.93955993652344,-0.16375823318958282,13.895068168640137,0.4434583783149719,351750
7,1408,250,-26.71710777282715,-0.1068684309720993,14.393738746643066,0.4430624842643738,352000
7,1409,250,-93.59064483642578,-0.374362587928772,15.728346824645996,0.4426667094230652,352250
7,1410,250,-3.8651885986328125,-0.015460754744708538,14.83504581451416,0.44227081537246704,352500
7,1411,250,5.723976135253906,0.022895904257893562,14.543512344360352,0.44187504053115845,352750
7,1412,250,-47.87440490722656,-0.19149762392044067,14.260184288024902,0.4414791464805603,353000
7,1413,250,-47.691307067871094,-0.19076523184776306,15.670272827148438,0.4410833716392517,353250
7,1414,250,-100.3791732788086,-0.40151670575141907,14.281028747558594,0.44068747758865356,353500
7,1415,250,-109.42996978759766,-0.4377198815345764,14.715950965881348,0.44029170274734497,353750
7,1416,250,-69.76141357421875,-0.27904564142227173,14.19233226776123,0.4398958086967468,354000
7,1417,250,-77.59821319580078,-0.3103928565979004,15.309908866882324,0.43950003385543823,354250
7,1418,250,-93.54380798339844,-0.37417522072792053,15.051888465881348,0.43910419940948486,354500
7,1419,250,-9.463679313659668,-0.037854716181755066,14.268818855285645,0.4387083649635315,354750
7,1420,250,-113.76667022705078,-0.4550666809082031,14.181151390075684,0.4383125305175781,355000
7,1421,250,-50.345001220703125,-0.20137999951839447,15.038912773132324,0.43791669607162476,355250
7,1422,250,-50.56635665893555,-0.2022654265165329,13.773089408874512,0.4375208616256714,355500
7,1423,250,-90.1573715209961,-0.36062949895858765,13.356060028076172,0.437125027179718,355750
7,1424,250,-57.58171081542969,-0.230326846241951,12.813652992248535,0.43672919273376465,356000
7,1425,250,-161.3636016845703,-0.6454544067382812,14.043108940124512,0.4363333582878113,356250
7,1426,250,-71.705810546875,-0.28682324290275574,13.14156723022461,0.4359375238418579,356500
7,1427,250,-123.58203125,-0.494328111410141,12.530389785766602,0.43554162979125977,356750
7,1428,250,-54.10575866699219,-0.21642303466796875,12.257081985473633,0.43514585494995117,357000
7,1429,250,-78.84358978271484,-0.31537434458732605,13.478169441223145,0.434749960899353,357250
7,1430,250,-164.90713500976562,-0.6596285104751587,12.120003700256348,0.43435418605804443,357500
7,1431,250,-92.70817565917969,-0.3708327114582062,11.426101684570312,0.4339582920074463,357750
7,1432,250,-81.96267700195312,-0.32785069942474365,11.087790489196777,0.4335625171661377,358000
7,1433,250,89.34259033203125,0.3573703467845917,12.115105628967285,0.43316662311553955,358250
7,1434,250,-141.58999633789062,-0.5663599967956543,10.865894317626953,0.43277084827423096,358500
7,1435,250,-214.92657470703125,-0.8597062826156616,10.187494277954102,0.4323749542236328,358750
7,1436,250,-135.90953063964844,-0.5436381101608276,9.988607406616211,0.4319791793823242,359000
7,1437,250,-79.53132629394531,-0.31812530755996704,11.50666618347168,0.43158334493637085,359250
7,1438,250,-184.3191680908203,-0.7372766733169556,10.490702629089355,0.4311875104904175,359500
7,1439,250,-78.98900604248047,-0.3159560263156891,10.058341979980469,0.4307916760444641,359750
7,1440,250,-269.70513916015625,-1.0788205862045288,9.645133972167969,0.43039584159851074,360000
7,1441,250,-114.02337646484375,-0.45609351992607117,11.780553817749023,0.4300000071525574,360250
7,1442,250,-102.77411651611328,-0.411096453666687,10.707459449768066,0.429604172706604,360500
7,1443,250,-248.6412811279297,-0.9945651292800903,10.0380277633667,0.42920833826065063,360750
7,1444,250,-205.94651794433594,-0.8237860798835754,9.92293643951416,0.42881250381469727,361000
7,1445,250,-232.04055786132812,-0.9281622171401978,11.617674827575684,0.4284166693687439,361250
7,1446,250,-94.6220703125,-0.3784882724285126,10.5460205078125,0.4280208349227905,361500
7,1447,250,-78.95629119873047,-0.3158251643180847,10.225126266479492,0.42762500047683716,361750
7,1448,250,-195.7342987060547,-0.7829371690750122,9.845458984375,0.4272291660308838,362000
7,1449,250,-93.86537170410156,-0.37546148896217346,11.581181526184082,0.4268333315849304,362250
7,1450,250,-21.48012351989746,-0.08592049777507782,10.671284675598145,0.42643749713897705,362500
7,1451,250,-145.25735473632812,-0.5810294151306152,9.853529930114746,0.4260416626930237,362750
7,1452,250,-56.38680648803711,-0.22554722428321838,9.554341316223145,0.4256458282470703,363000
7,1453,250,-14.012601852416992,-0.05605040863156319,11.513815879821777,0.42524999380111694,363250
7,1454,250,-66.26069641113281,-0.265042781829834,9.978405952453613,0.4248541593551636,363500
7,1455,250,-145.7355194091797,-0.5829420685768127,9.727832794189453,0.4244583249092102,363750
7,1456,250,35.94688034057617,0.14378751814365387,9.16703987121582,0.42406249046325684,364000
7,1457,250,-480.8586120605469,-1.9234344959259033,11.485899925231934,0.42366665601730347,364250
7,1458,250,-17.068561553955078,-0.06827424466609955,9.832987785339355,0.4232708811759949,364500
7,1459,250,-30.05498504638672,-0.12021993845701218,9.204878807067871,0.42287498712539673,364750
7,1460,250,-52.13589096069336,-0.2085435688495636,9.262958526611328,0.42247921228408813,365000
7,1461,250,-127.09123229980469,-0.5083649158477783,11.093411445617676,0.42208331823349,365250
7,1462,250,-281.3920593261719,-1.1255682706832886,9.48115062713623,0.4216875433921814,365500
7,1463,250,-47.86426544189453,-0.19145706295967102,8.590594291687012,0.42129164934158325,365750
7,1464,250,-109.8467025756836,-0.4393868148326874,8.793516159057617,0.42089587450027466,366000
7,1465,250,-44.82269287109375,-0.179290771484375,10.690324783325195,0.4204999804496765,366250
7,1466,250,-70.6243667602539,-0.28249746561050415,9.54550552368164,0.4201042056083679,366500
7,1467,250,-143.53880310058594,-0.5741552114486694,8.619394302368164,0.4197083115577698,366750
7,1468,250,-202.8698272705078,-0.8114793300628662,8.745512962341309,0.4193125367164612,367000
7,1469,250,-205.48028564453125,-0.821921169757843,10.45587158203125,0.41891664266586304,367250
7,1470,250,-104.7646713256836,-0.4190586805343628,9.30370807647705,0.41852086782455444,367500
7,1471,250,-91.63807678222656,-0.36655229330062866,9.094314575195312,0.4181249737739563,367750
7,1472,250,-72.98562622070312,-0.2919425070285797,8.450971603393555,0.4177291989326477,368000
7,1473,250,-132.3142852783203,-0.5292571187019348,10.437928199768066,0.41733330488204956,368250
7,1474,250,-168.56423950195312,-0.6742569804191589,9.451798439025879,0.41693753004074097,368500
7,1475,250,-199.7149658203125,-0.7988598346710205,8.71400260925293,0.4165416359901428,368750
7,1476,250,-134.04547119140625,-0.5361818671226501,8.63321590423584,0.41614586114883423,369000
7,1477,250,-105.349609375,-0.42139843106269836,10.143814086914062,0.41575002670288086,369250
7,1478,250,-212.6837158203125,-0.8507348895072937,9.571993827819824,0.4153541922569275,369500
7,1479,250,-231.8007354736328,-0.9272029399871826,9.021100997924805,0.4149583578109741,369750
7,1480,250,-76.00740051269531,-0.3040296137332916,8.59426498413086,0.41456252336502075,370000
7,1481,250,-165.89346313476562,-0.6635738611221313,10.186169624328613,0.4141666889190674,370250
7,1482,250,-224.07896423339844,-0.89631587266922,9.19087028503418,0.413770854473114,370500
7,1483,250,-240.93380737304688,-0.9637352228164673,9.058320999145508,0.41337502002716064,370750
7,1484,250,-123.48790740966797,-0.49395161867141724,8.538169860839844,0.4129791855812073,371000
7,1485,250,-408.795166015625,-1.6351807117462158,9.545445442199707,0.4125833511352539,371250
7,1486,250,-200.60133361816406,-0.8024053573608398,9.076343536376953,0.41218751668930054,371500
7,1487,250,-367.4046936035156,-1.469618797302246,8.9012451171875,0.41179168224334717,371750
7,1488,250,-243.28466796875,-0.973138689994812,8.604183197021484,0.4113958477973938,372000
7,1489,250,-233.41873168945312,-0.9336749315261841,10.002126693725586,0.41100001335144043,372250
7,1490,250,-267.457275390625,-1.0698291063308716,9.408136367797852,0.41060417890548706,372500
7,1491,250,-356.2625427246094,-1.425050139427185,9.048721313476562,0.4102083444595337,372750
7,1492,250,-407.4369812011719,-1.6297478675842285,8.811521530151367,0.4098125100135803,373000
7,1493,250,-394.3084411621094,-1.5772337913513184,10.532526969909668,0.40941667556762695,373250
7,1494,250,-471.27703857421875,-1.8851081132888794,9.718478202819824,0.4090208411216736,373500
7,1495,250,-476.1022644042969,-1.9044090509414673,9.337882995605469,0.4086250066757202,373750
7,1496,250,-115.9984130859375,-0.463993638753891,9.0272216796875,0.40822917222976685,374000
7,1497,250,-475.0798034667969,-1.900319218635559,11.312548637390137,0.4078333377838135,374250
7,1498,250,-474.8180236816406,-1.899272084236145,10.186887741088867,0.4074375629425049,374500
7,1499,250,-379.54510498046875,-1.5181803703308105,9.673691749572754,0.40704166889190674,374750
7,1500,250,-470.9062805175781,-1.8836251497268677,9.0852632522583,0.40664589405059814,375000
7,1501,250,-477.13739013671875,-1.9085495471954346,11.253429412841797,0.40625,375250
7,1502,250,-474.76971435546875,-1.8990788459777832,10.253010749816895,0.40585416555404663,375500
7,1503,250,-165.45849609375,-0.6618340015411377,9.611087799072266,0.40545833110809326,375750
7,1504,250,-271.10943603515625,-1.0844377279281616,9.097433090209961,0.4050624966621399,376000
7,1505,250,-402.88519287109375,-1.6115407943725586,11.540872573852539,0.4046666622161865,376250
7,1506,250,-407.37774658203125,-1.6295109987258911,10.67148494720459,0.40427082777023315,376500
7,1507,250,-253.9080352783203,-1.015632152557373,9.897732734680176,0.4038749933242798,376750
7,1508,250,-156.19419860839844,-0.6247767806053162,9.349801063537598,0.4034791588783264,377000
7,1509,250,-211.94265747070312,-0.847770631313324,11.557183265686035,0.40308332443237305,377250
7,1510,250,-483.5559997558594,-1.934224009513855,10.191864013671875,0.4026874899864197,377500
7,1511,250,-133.7433319091797,-0.5349733233451843,9.827939987182617,0.4022916555404663,377750
7,1512,250,-135.8319549560547,-0.543327808380127,9.688559532165527,0.40189582109451294,378000
7,1513,250,-415.37322998046875,-1.661492943763733,11.462419509887695,0.40149998664855957,378250
7,1514,250,-32.67931365966797,-0.13071724772453308,10.17924976348877,0.4011041522026062,378500
7,1515,250,-239.11973571777344,-0.9564789533615112,10.122167587280273,0.40070831775665283,378750
7,1516,250,-99.80705261230469,-0.39922821521759033,9.670615196228027,0.40031248331069946,379000
7,1517,250,-21.03615379333496,-0.08414461463689804,11.337447166442871,0.39991670846939087,379250
7,1518,250,-441.0111999511719,-1.7640447616577148,10.131616592407227,0.3995208144187927,379500
7,1519,250,-87.52283477783203,-0.3500913381576538,9.766857147216797,0.39912503957748413,379750
7,1520,250,-425.32159423828125,-1.7012864351272583,9.442736625671387,0.398729145526886,380000
7,1521,250,-73.68293762207031,-0.2947317361831665,11.095608711242676,0.3983333706855774,380250
7,1522,250,-460.6719970703125,-1.842687964439392,10.201789855957031,0.39793747663497925,380500
7,1523,250,-72.21810150146484,-0.2888724207878113,9.41599178314209,0.39754170179367065,380750
7,1524,250,-476.3017578125,-1.9052070379257202,9.199440956115723,0.3971458077430725,381000
7,1525,250,-52.561973571777344,-0.21024788916110992,11.480408668518066,0.3967500329017639,381250
7,1526,250,-13.547552108764648,-0.05419020727276802,9.915974617004395,0.39635413885116577,381500
7,1527,250,-479.05859375,-1.9162343740463257,9.498797416687012,0.3959583640098572,381750
7,1528,250,-457.0353088378906,-1.828141212463379,8.974169731140137,0.39556246995925903,382000
7,1529,250,-199.22601318359375,-0.7969040274620056,10.86807918548584,0.39516669511795044,382250
7,1530,250,-75.4915542602539,-0.30196622014045715,9.31329345703125,0.3947708010673523,382500
7,1531,250,-81.26221466064453,-0.32504886388778687,9.275260925292969,0.3943750262260437,382750
7,1532,250,-246.993408203125,-0.9879736304283142,8.546944618225098,0.39397913217544556,383000
7,1533,250,-412.912841796875,-1.651651382446289,10.962359428405762,0.39358335733413696,383250
7,1534,250,-68.98991394042969,-0.27595967054367065,9.481184959411621,0.3931874632835388,383500
7,1535,250,-57.3572998046875,-0.2294292002916336,8.926072120666504,0.3927916884422302,383750
7,1536,250,-25.983028411865234,-0.10393211245536804,8.73646354675293,0.39239585399627686,384000
7,1537,250,-147.50155639648438,-0.5900062322616577,11.048256874084473,0.3920000195503235,384250
7,1538,250,-162.22999572753906,-0.6489199995994568,9.512408256530762,0.3916041851043701,384500
7,1539,250,-289.6611022949219,-1.158644437789917,8.809814453125,0.39120835065841675,384750
7,1540,250,-194.8606414794922,-0.779442548751831,8.517005920410156,0.3908125162124634,385000
7,1541,250,-173.8990936279297,-0.6955963969230652,10.248968124389648,0.39041668176651,385250
7,1542,250,-104.8413314819336,-0.4193653166294098,8.930482864379883,0.39002084732055664,385500
7,1543,250,-377.4189147949219,-1.5096756219863892,9.053092956542969,0.38962501287460327,385750
7,1544,250,-150.55006408691406,-0.6022002696990967,8.513752937316895,0.3892291784286499,386000
7,1545,250,-110.79409790039062,-0.44317638874053955,10.504365921020508,0.38883334398269653,386250
7,1546,250,-1.1298508644104004,-0.004519403446465731,9.265769958496094,0.38843750953674316,386500
7,1547,250,-33.633216857910156,-0.1345328688621521,8.99174976348877,0.3880416750907898,386750
7,1548,250,-103.58695983886719,-0.4143478274345398,8.643448829650879,0.3876458406448364,387000
7,1549,250,-373.7205505371094,-1.4948822259902954,10.279520988464355,0.38725000619888306,387250
7,1550,250,-406.4756774902344,-1.6259026527404785,9.190274238586426,0.3868541717529297,387500
7,1551,250,-200.03346252441406,-0.8001338243484497,8.782062530517578,0.3864583373069763,387750
7,1552,250,-72.04955291748047,-0.28819820284843445,8.581219673156738,0.38606250286102295,388000
7,1553,250,-201.49429321289062,-0.8059771656990051,10.321779251098633,0.3856666684150696,388250
7,1554,250,-51.72157669067383,-0.20688630640506744,9.302762985229492,0.3852708339691162,388500
7,1555,250,-64.58953094482422,-0.2583581209182739,8.494464874267578,0.38487499952316284,388750
7,1556,250,-309.6633605957031,-1.2386534214019775,8.238288879394531,0.3844791650772095,389000
7,1557,250,-313.52716064453125,-1.2541086673736572,10.566155433654785,0.3840833902359009,389250
7,1558,250,-321.6405944824219,-1.2865623235702515,9.134172439575195,0.38368749618530273,389500
7,1559,250,-429.9867248535156,-1.7199468612670898,8.731228828430176,0.38329172134399414,389750
7,1560,250,-423.8305358886719,-1.6953221559524536,8.619529724121094,0.382895827293396,390000
7,1561,250,-467.3514099121094,-1.8694056272506714,10.159150123596191,0.3825000524520874,390250
7,1562,250,-462.6341552734375,-1.850536584854126,8.947385787963867,0.38210415840148926,390500
7,1563,250,-468.3330383300781,-1.873332142829895,8.775198936462402,0.38170838356018066,390750
7,1564,250,-464.4764099121094,-1.857905626296997,8.347762107849121,0.3813124895095825,391000
7,1565,250,-478.1158142089844,-1.9124633073806763,10.462183952331543,0.3809167146682739,391250
7,1566,250,-479.9371032714844,-1.9197484254837036,8.855765342712402,0.3805208206176758,391500
7,1567,250,-472.82708740234375,-1.891308307647705,8.615331649780273,0.3801250457763672,391750
7,1568,250,-473.4841003417969,-1.8939363956451416,8.355613708496094,0.37972915172576904,392000
7,1569,250,-483.82476806640625,-1.935299038887024,10.113837242126465,0.37933337688446045,392250
7,1570,250,-492.0318603515625,-1.9681274890899658,8.558053970336914,0.3789374828338623,392500
7,1571,250,-495.8790283203125,-1.9835160970687866,8.22343635559082,0.3785417079925537,392750
7,1572,250,-494.7103576660156,-1.9788414239883423,7.773360252380371,0.37814581394195557,393000
7,1573,250,-497.4002990722656,-1.9896012544631958,9.440155982971191,0.377750039100647,393250
7,1574,250,-487.31427001953125,-1.9492571353912354,7.899858474731445,0.37735414505004883,393500
7,1575,250,-496.6365966796875,-1.9865463972091675,7.562938213348389,0.37695837020874023,393750
7,1576,250,-497.74603271484375,-1.9909840822219849,7.082140922546387,0.37656253576278687,394000
7,1577,250,-497.3762512207031,-1.9895050525665283,8.7846097946167,0.3761666417121887,394250
7,1578,250,-486.289306640625,-1.9451571702957153,7.365779876708984,0.3757708668708801,394500
7,1579,250,-487.75775146484375,-1.951030969619751,6.780535697937012,0.375374972820282,394750
7,1580,250,-484.44219970703125,-1.937768816947937,6.630857944488525,0.3749791979789734,395000
7,1581,250,-460.1113586425781,-1.8404453992843628,8.398913383483887,0.37458330392837524,395250
7,1582,250,-447.3133239746094,-1.7892533540725708,7.006990432739258,0.37418752908706665,395500
7,1583,250,-461.1319274902344,-1.8445277214050293,6.711452484130859,0.3737916350364685,395750
7,1584,250,-475.852294921875,-1.9034091234207153,6.359245777130127,0.3733958601951599,396000
7,1585,250,-411.3068542480469,-1.6452274322509766,7.889439582824707,0.37299996614456177,396250
7,1586,250,-473.6101989746094,-1.894440770149231,6.6483283042907715,0.3726041913032532,396500
7,1587,250,-400.0169982910156,-1.6000679731369019,6.5785746574401855,0.37220829725265503,396750
7,1588,250,-439.8599548339844,-1.7594398260116577,5.919510364532471,0.37181252241134644,397000
7,1589,250,-467.5610046386719,-1.870244026184082,7.8122735023498535,0.3714166283607483,397250
7,1590,250,-397.9519958496094,-1.5918079614639282,6.511529445648193,0.3710208535194397,397500
7,1591,250,-469.3360900878906,-1.8773443698883057,6.23281717300415,0.37062495946884155,397750
7,1592,250,-354.8946228027344,-1.4195784330368042,5.872884273529053,0.37022918462753296,398000
7,1593,250,-469.72430419921875,-1.8788971900939941,6.917057991027832,0.3698332905769348,398250
7,1594,250,-345.39556884765625,-1.381582260131836,5.9677581787109375,0.3694375157356262,398500
7,1595,250,-122.80369567871094,-0.491214781999588,5.64667272567749,0.36904168128967285,398750
7,1596,250,-161.2012176513672,-0.6448048949241638,5.558706760406494,0.3686458468437195,399000
7,1597,250,-447.24212646484375,-1.788968563079834,6.927606582641602,0.3682500123977661,399250
7,1598,250,-265.679931640625,-1.062719702720642,5.996702194213867,0.36785417795181274,399500
7,1599,250,-280.59576416015625,-1.1223829984664917,5.58994197845459,0.3674583435058594,399750
7,1600,250,-226.85023498535156,-0.9074009656906128,5.643580913543701,0.367062509059906,400000
7,1601,250,-469.8841857910156,-1.879536747932434,6.9912800788879395,0.36666667461395264,400250
7,1602,250,-479.55511474609375,-1.9182204008102417,5.629835605621338,0.36627084016799927,400500
7,1603,250,-478.7343444824219,-1.9149373769760132,5.341962814331055,0.3658750057220459,400750
7,1604,250,-326.12933349609375,-1.304517388343811,5.303023815155029,0.36547917127609253,401000
7,1605,250,-477.2049865722656,-1.9088199138641357,6.673367023468018,0.36508333683013916,401250
7,1606,250,-191.2744598388672,-0.7650978565216064,5.864114761352539,0.3646875023841858,401500
7,1607,250,-219.16989135742188,-0.876679539680481,5.586636543273926,0.3642916679382324,401750
7,1608,250,-446.766357421875,-1.7870653867721558,5.89716911315918,0.36389583349227905,402000
7,1609,250,-216.14747619628906,-0.8645899295806885,7.1638407707214355,0.3634999990463257,402250
7,1610,250,-445.18017578125,-1.7807207107543945,6.592215538024902,0.3631041646003723,402500
7,1611,250,-473.3128662109375,-1.8932514190673828,6.342273712158203,0.36270833015441895,402750
7,1612,250,-184.21578979492188,-0.7368631362915039,6.347040176391602,0.3623124957084656,403000
7,1613,250,-133.84707641601562,-0.5353882908821106,8.085274696350098,0.3619166612625122,403250
7,1614,250,-193.86166381835938,-0.7754466533660889,7.357552528381348,0.36152082681655884,403500
7,1615,250,-14.546767234802246,-0.05818706750869751,7.285049915313721,0.36112499237060547,403750
7,1616,250,-136.33120727539062,-0.5453248023986816,7.214892864227295,0.3607292175292969,404000
7,1617,250,-73.51824951171875,-0.2940729856491089,8.765246391296387,0.36033332347869873,404250
7,1618,250,-473.05487060546875,-1.8922194242477417,7.879415512084961,0.35993754863739014,404500
7,1619,250,-179.9332275390625,-0.7197328805923462,7.80260705947876,0.359541654586792,404750
7,1620,250,-313.0314636230469,-1.252125859260559,7.422029495239258,0.3591458797454834,405000
7,1621,250,-278.5274658203125,-1.1141098737716675,9.661774635314941,0.35874998569488525,405250
7,1622,250,-217.83822631835938,-0.8713529109954834,8.487253189086914,0.35835421085357666,405500
7,1623,250,1.7258423566818237,0.006903369445353746,8.246024131774902,0.3579583168029785,405750
7,1624,250,-81.56375122070312,-0.3262549936771393,8.171093940734863,0.3575625419616699,406000
7,1625,250,-284.0346984863281,-1.1361387968063354,10.720544815063477,0.3571666479110718,406250
7,1626,250,-110.35919952392578,-0.4414367973804474,9.262663841247559,0.3567708730697632,406500
7,1627,250,-57.1074104309082,-0.2284296452999115,8.917428970336914,0.35637497901916504,406750
7,1628,250,-81.28134155273438,-0.3251253664493561,8.324518203735352,0.35597920417785645,407000
7,1629,250,-482.2934875488281,-1.9291739463806152,10.977375030517578,0.3555833101272583,407250
7,1630,250,-335.7928161621094,-1.343171238899231,9.814688682556152,0.3551875352859497,407500
7,1631,250,-163.4185791015625,-0.653674304485321,8.99388599395752,0.35479164123535156,407750
7,1632,250,-246.6308135986328,-0.9865232706069946,8.875643730163574,0.35439586639404297,408000
7,1633,250,-489.9876708984375,-1.9599506855010986,11.636392593383789,0.3539999723434448,408250
7,1634,250,-490.2102966308594,-1.960841178894043,9.688605308532715,0.35360419750213623,408500
7,1635,250,-491.3748474121094,-1.9654994010925293,9.655956268310547,0.35320836305618286,408750
7,1636,250,-485.4743957519531,-1.9418976306915283,8.55370044708252,0.3528125286102295,409000
7,1637,250,-497.9075622558594,-1.99163019657135,10.859774589538574,0.3524166941642761,409250
7,1638,250,-498.22625732421875,-1.9929050207138062,9.394669532775879,0.35202085971832275,409500
7,1639,250,-497.8880615234375,-1.9915522336959839,8.725546836853027,0.3516250252723694,409750
7,1640,250,-498.8296203613281,-1.9953185319900513,8.118576049804688,0.351229190826416,410000
7,1641,250,-491.20513916015625,-1.9648205041885376,10.180866241455078,0.35083335638046265,410250
7,1642,250,-476.5353088378906,-1.9061412811279297,9.06463623046875,0.3504375219345093,410500
7,1643,250,-487.49298095703125,-1.9499719142913818,8.369621276855469,0.3500416874885559,410750
7,1644,250,-213.9132843017578,-0.8556531667709351,8.157506942749023,0.34964585304260254,411000
7,1645,250,-487.24853515625,-1.9489941596984863,9.817755699157715,0.34925001859664917,411250
7,1646,250,-463.5816345214844,-1.8543264865875244,8.722986221313477,0.3488541841506958,411500
7,1647,250,-484.6421203613281,-1.9385684728622437,8.384993553161621,0.34845834970474243,411750
7,1648,250,-470.3340759277344,-1.8813363313674927,7.792851448059082,0.34806251525878906,412000
7,1649,250,-476.01043701171875,-1.9040417671203613,9.229580879211426,0.3476666808128357,412250
7,1650,250,-270.6524353027344,-1.08260977268219,7.839555263519287,0.3472708463668823,412500
7,1651,250,-155.35057067871094,-0.6214022636413574,7.541462421417236,0.34687501192092896,412750
7,1652,250,-134.93353271484375,-0.5397341251373291,7.7099738121032715,0.3464791178703308,413000
7,1653,250,-251.41563415527344,-1.0056625604629517,9.23592472076416,0.3460833430290222,413250
7,1654,250,-127.25434875488281,-0.5090174078941345,8.072102546691895,0.34568750858306885,413500
7,1655,250,-392.7931823730469,-1.5711727142333984,7.276754379272461,0.3452916741371155,413750
7,1656,250,-187.5992889404297,-0.7503971457481384,7.333245754241943,0.3448958396911621,414000
7,1657,250,-194.6072998046875,-0.7784292101860046,9.181647300720215,0.34450000524520874,414250
7,1658,250,-136.81185913085938,-0.5472474098205566,8.244710922241211,0.34410417079925537,414500
7,1659,250,-116.60345458984375,-0.46641382575035095,7.818613052368164,0.343708336353302,414750
7,1660,250,-175.46963500976562,-0.701878547668457,7.649813175201416,0.34331250190734863,415000
7,1661,250,-325.6402893066406,-1.3025611639022827,9.299299240112305,0.34291666746139526,415250
7,1662,250,-253.67636108398438,-1.0147054195404053,8.310439109802246,0.3425208330154419,415500
7,1663,250,-164.26246643066406,-0.6570498943328857,7.767814636230469,0.3421249985694885,415750
7,1664,250,-202.9242401123047,-0.8116969466209412,7.184237480163574,0.34172916412353516,416000
7,1665,250,-109.34709167480469,-0.4373883605003357,9.288675308227539,0.3413333296775818,416250
7,1666,250,-480.1366882324219,-1.9205467700958252,7.8041276931762695,0.3409374952316284,416500
7,1667,250,-343.92108154296875,-1.375684380531311,7.457470893859863,0.34054166078567505,416750
7,1668,250,-192.8733673095703,-0.7714934945106506,6.625345230102539,0.3401458263397217,417000
7,1669,250,-180.53741455078125,-0.722149670124054,9.141121864318848,0.3397499918937683,417250
7,1670,250,-365.78094482421875,-1.4631237983703613,8.107312202453613,0.33935415744781494,417500
7,1671,250,-97.94025421142578,-0.39176100492477417,7.567268371582031,0.3389583230018616,417750
7,1672,250,-436.5435485839844,-1.7461742162704468,7.334649562835693,0.3385624885559082,418000
7,1673,250,-138.219482421875,-0.5528779029846191,8.900565147399902,0.33816665410995483,418250
7,1674,250,-461.33648681640625,-1.8453459739685059,8.063920974731445,0.33777081966400146,418500
7,1675,250,-256.7066345214844,-1.0268265008926392,7.683248043060303,0.33737504482269287,418750
7,1676,250,-122.40843963623047,-0.4896337687969208,7.923908710479736,0.3369791507720947,419000
7,1677,250,-132.5287628173828,-0.5301150679588318,9.468398094177246,0.33658337593078613,419250
7,1678,250,-410.6482238769531,-1.6425929069519043,8.767370223999023,0.336187481880188,419500
7,1679,250,-377.47845458984375,-1.5099138021469116,8.358772277832031,0.3357917070388794,419750
7,1680,250,141.8584747314453,0.5674338936805725,8.352842330932617,0.33539581298828125,420000
7,1681,250,-87.93464660644531,-0.3517385721206665,10.224479675292969,0.33500003814697266,420250
7,1682,250,-472.3106689453125,-1.8892426490783691,9.062559127807617,0.3346041440963745,420500
7,1683,250,-78.45411682128906,-0.31381645798683167,8.679730415344238,0.3342083692550659,420750
7,1684,250,-131.71197509765625,-0.5268478989601135,8.968545913696289,0.3338124752044678,421000
7,1685,250,-87.69415283203125,-0.3507766127586365,10.50698184967041,0.3334167003631592,421250
7,1686,250,-147.39053344726562,-0.5895621180534363,9.383294105529785,0.33302080631256104,421500
7,1687,250,117.98314666748047,0.471932590007782,9.242620468139648,0.33262503147125244,421750
7,1688,250,-67.9909896850586,-0.2719639539718628,9.204012870788574,0.3322291374206543,422000
7,1689,250,-166.09228515625,-0.6643691658973694,10.745433807373047,0.3318333625793457,422250
7,1690,250,-478.2234802246094,-1.9128938913345337,9.638336181640625,0.33143746852874756,422500
7,1691,250,-211.541015625,-0.8461640477180481,9.207727432250977,0.33104169368743896,422750
7,1692,250,-90.53838348388672,-0.3621535301208496,8.701203346252441,0.3306457996368408,423000
7,1693,250,-487.49493408203125,-1.9499797821044922,9.77746868133545,0.3302500247955322,423250
7,1694,250,-479.8586730957031,-1.919434666633606,8.457571983337402,0.32985419034957886,423500
7,1695,250,-480.72528076171875,-1.9229011535644531,8.134788513183594,0.3294583559036255,423750
7,1696,250,-112.5794448852539,-0.45031777024269104,7.870146751403809,0.3290625214576721,424000
7,1697,250,-206.65512084960938,-0.8266204595565796,8.573521614074707,0.32866668701171875,424250
7,1698,250,-256.9749755859375,-1.0278998613357544,7.498801231384277,0.3282708525657654,424500
7,1699,250,-55.633392333984375,-0.22253356873989105,7.380771160125732,0.327875018119812,424750
7,1700,250,-113.82425689697266,-0.4552970230579376,7.381169319152832,0.32747918367385864,425000
7,1701,250,-480.53759765625,-1.9221503734588623,8.427268028259277,0.3270833492279053,425250
7,1702,250,-389.9443054199219,-1.5597772598266602,7.221202373504639,0.3266875147819519,425500
7,1703,250,-203.28697204589844,-0.8131479024887085,7.091299533843994,0.32629168033599854,425750
7,1704,250,-92.44871520996094,-0.3697948753833771,6.725733757019043,0.32589584589004517,426000
7,1705,250,-485.7968444824219,-1.9431873559951782,8.046878814697266,0.3255000114440918,426250
7,1706,250,-167.85299682617188,-0.6714119911193848,6.961467266082764,0.3251041769981384,426500
7,1707,250,-193.63145446777344,-0.7745258212089539,6.8867669105529785,0.32470834255218506,426750
7,1708,250,-155.40174865722656,-0.6216070055961609,6.71782112121582,0.3243125081062317,427000
7,1709,250,-483.4956970214844,-1.9339827299118042,8.401866912841797,0.3239166736602783,427250
7,1710,250,-191.078125,-0.7643125057220459,7.314541339874268,0.32352083921432495,427500
7,1711,250,-53.27613067626953,-0.2131045162677765,7.2276201248168945,0.3231250047683716,427750
7,1712,250,-50.16077423095703,-0.20064309239387512,7.041356563568115,0.3227291703224182,428000
7,1713,250,25.675100326538086,0.10270040482282639,8.788069725036621,0.32233333587646484,428250
7,1714,250,-331.5523986816406,-1.326209545135498,7.7341461181640625,0.3219375014305115,428500
7,1715,250,-97.76507568359375,-0.3910602927207947,7.224698066711426,0.3215417265892029,428750
7,1716,250,-53.703609466552734,-0.2148144394159317,7.199456214904785,0.32114583253860474,429000
7,1717,250,-455.0232238769531,-1.8200929164886475,8.793961524963379,0.32075005769729614,429250
7,1718,250,-114.51515197753906,-0.458060622215271,7.811429500579834,0.320354163646698,429500
7,1719,250,-83.17784118652344,-0.3327113687992096,7.808196067810059,0.3199583888053894,429750
7,1720,250,-72.68133544921875,-0.29072535037994385,7.440226078033447,0.31956249475479126,430000
7,1721,250,-481.2452697753906,-1.9249811172485352,9.033429145812988,0.31916671991348267,430250
7,1722,250,-488.1252746582031,-1.9525010585784912,8.12716293334961,0.3187708258628845,430500
7,1723,250,-479.9552001953125,-1.919820785522461,7.790838718414307,0.3183750510215759,430750
7,1724,250,-485.80084228515625,-1.943203330039978,7.20503568649292,0.3179791569709778,431000
7,1725,250,-482.9849853515625,-1.931939959526062,8.336897850036621,0.3175833821296692,431250
7,1726,250,-481.84197998046875,-1.927367925643921,7.414352893829346,0.31718748807907104,431500
7,1727,250,-45.58356475830078,-0.18233425915241241,6.734770774841309,0.3167916536331177,431750
7,1728,250,-144.0303955078125,-0.5761215686798096,6.597157001495361,0.3163958191871643,432000
7,1729,250,-82.3676986694336,-0.32947078347206116,7.86667013168335,0.31599998474121094,432250
7,1730,250,-406.2059326171875,-1.6248236894607544,7.287343502044678,0.31560415029525757,432500
7,1731,250,-227.19627380371094,-0.9087851047515869,6.972332000732422,0.3152083158493042,432750
7,1732,250,-231.50640869140625,-0.9260256290435791,6.832749843597412,0.31481248140335083,433000
7,1733,250,-193.86924743652344,-0.7754769921302795,7.654602527618408,0.31441664695739746,433250
7,1734,250,-246.0361785888672,-0.9841446876525879,6.742215156555176,0.31402087211608887,433500
7,1735,250,-468.0234069824219,-1.872093677520752,6.929874897003174,0.3136249780654907,433750
7,1736,250,-214.802001953125,-0.8592079877853394,6.668571949005127,0.31322920322418213,434000
7,1737,250,-245.7010498046875,-0.9828041791915894,7.661810398101807,0.312833309173584,434250
7,1738,250,-475.5692443847656,-1.9022769927978516,6.8072614669799805,0.3124375343322754,434500
7,1739,250,-363.44091796875,-1.453763723373413,6.585376262664795,0.31204164028167725,434750
7,1740,250,-115.46461486816406,-0.46185845136642456,6.222049236297607,0.31164586544036865,435000
7,1741,250,-96.14874267578125,-0.38459497690200806,7.559116840362549,0.3112499713897705,435250
7,1742,250,-118.86653137207031,-0.47546613216400146,6.748958587646484,0.3108541965484619,435500
7,1743,250,-311.63775634765625,-1.2465510368347168,6.571235656738281,0.31045830249786377,435750
7,1744,250,-471.2800598144531,-1.8851202726364136,6.257526874542236,0.3100625276565552,436000
7,1745,250,-88.80066680908203,-0.35520267486572266,7.795971870422363,0.30966663360595703,436250
7,1746,250,-411.1917419433594,-1.644766926765442,6.82166862487793,0.30927085876464844,436500
7,1747,250,-442.12774658203125,-1.7685109376907349,6.477104187011719,0.3088749647140503,436750
7,1748,250,-465.9086608886719,-1.8636345863342285,6.0840559005737305,0.3084791898727417,437000
7,1749,250,-188.6383819580078,-0.7545535564422607,7.674015522003174,0.30808329582214355,437250
7,1750,250,-467.72210693359375,-1.8708884716033936,6.921778202056885,0.30768752098083496,437500
7,1751,250,-466.75177001953125,-1.8670071363449097,6.501588344573975,0.3072916269302368,437750
7,1752,250,-455.8437805175781,-1.8233751058578491,5.97782564163208,0.3068958520889282,438000
7,1753,250,-262.1470642089844,-1.0485882759094238,7.657552242279053,0.30650001764297485,438250
7,1754,250,-244.1927490234375,-0.9767709970474243,6.595071792602539,0.3061041831970215,438500
7,1755,250,-289.96112060546875,-1.1598445177078247,6.127527713775635,0.3057083487510681,438750
7,1756,250,-450.2696838378906,-1.8010786771774292,6.164289474487305,0.30531251430511475,439000
7,1757,250,-476.94915771484375,-1.9077966213226318,6.925976276397705,0.3049166798591614,439250
7,1758,250,-156.556640625,-0.626226544380188,6.0359907150268555,0.304520845413208,439500
7,1759,250,-133.21380615234375,-0.532855212688446,5.7203755378723145,0.30412501096725464,439750
7,1760,250,-116.75684356689453,-0.46702736616134644,5.706974029541016,0.30372917652130127,440000
7,1761,250,-436.27923583984375,-1.745116949081421,6.7251081466674805,0.3033333420753479,440250
7,1762,250,-120.85363006591797,-0.48341453075408936,6.033419132232666,0.30293750762939453,440500
7,1763,250,-144.2112579345703,-0.5768450498580933,5.954156398773193,0.30254167318344116,440750
7,1764,250,-373.8651428222656,-1.4954606294631958,5.877534866333008,0.3021458387374878,441000
7,1765,250,-74.87840270996094,-0.2995136082172394,7.52114725112915,0.3017500042915344,441250
7,1766,250,-465.7904968261719,-1.8631620407104492,6.6540021896362305,0.30135416984558105,441500
7,1767,250,-76.47325134277344,-0.3058930039405823,6.0659308433532715,0.3009583353996277,441750
7,1768,250,-94.8552474975586,-0.3794209957122803,6.056619644165039,0.3005625009536743,442000
7,1769,250,-58.610877990722656,-0.2344435155391693,7.663703918457031,0.30016666650772095,442250
7,1770,250,-182.09483337402344,-0.7283793091773987,6.407951831817627,0.2997708320617676,442500
7,1771,250,-77.92208099365234,-0.3116883337497711,6.044631004333496,0.2993749976158142,442750
7,1772,250,-148.42164611816406,-0.593686580657959,6.013582706451416,0.29897916316986084,443000
7,1773,250,-47.46080780029297,-0.18984323740005493,7.358231544494629,0.29858332872390747,443250
7,1774,250,-101.43284606933594,-0.4057313799858093,6.4649176597595215,0.2981875538825989,443500
7,1775,250,-64.81952667236328,-0.2592781186103821,6.44223690032959,0.29779165983200073,443750
7,1776,250,-69.04576110839844,-0.27618303894996643,6.316060543060303,0.29739588499069214,444000
7,1777,250,-34.200843811035156,-0.13680337369441986,8.050152778625488,0.296999990940094,444250
7,1778,250,-80.51102447509766,-0.32204410433769226,6.992621421813965,0.2966042160987854,444500
7,1779,250,-31.5189208984375,-0.12607568502426147,6.721528053283691,0.29620832204818726,444750
7,1780,250,-81.93455505371094,-0.3277382254600525,6.611021995544434,0.29581254720687866,445000
7,1781,250,-39.088348388671875,-0.1563533991575241,8.203640937805176,0.2954166531562805,445250
7,1782,250,-53.94705581665039,-0.21578823029994965,6.99623966217041,0.2950208783149719,445500
7,1783,250,-25.9925537109375,-0.10397021472454071,6.665891647338867,0.2946249842643738,445750
7,1784,250,-69.88453674316406,-0.2795381546020508,6.51356315612793,0.2942292094230652,446000
7,1785,250,-66.12303161621094,-0.26449212431907654,8.309107780456543,0.29383331537246704,446250
7,1786,250,-93.47003173828125,-0.3738801181316376,7.050614356994629,0.29343754053115845,446500
7,1787,250,-59.425716400146484,-0.2377028614282608,6.824079513549805,0.2930416464805603,446750
7,1788,250,-75.75614929199219,-0.3030245900154114,6.550775051116943,0.2926458716392517,447000
7,1789,250,-80.28665161132812,-0.3211466073989868,8.27610969543457,0.29224997758865356,447250
7,1790,250,-21.581350326538086,-0.08632539957761765,7.12445592880249,0.29185420274734497,447500
7,1791,250,-61.152957916259766,-0.24461182951927185,7.000579357147217,0.2914583086967468,447750
7,1792,250,-50.44559860229492,-0.20178239047527313,6.680254936218262,0.29106253385543823,448000
7,1793,250,-110.93238067626953,-0.4437295198440552,8.478560447692871,0.29066669940948486,448250
7,1794,250,47.790523529052734,0.1911620944738388,7.168483734130859,0.2902708649635315,448500
7,1795,250,-121.00509643554688,-0.4840203821659088,7.190822601318359,0.2898750305175781,448750
7,1796,250,-94.57762145996094,-0.3783104717731476,7.172104835510254,0.28947919607162476,449000
7,1797,250,-93.42849731445312,-0.37371399998664856,8.426203727722168,0.2890833616256714,449250
7,1798,250,-116.55750274658203,-0.46623000502586365,7.361505508422852,0.288687527179718,449500
7,1799,250,-50.202049255371094,-0.20080819725990295,7.4043474197387695,0.28829169273376465,449750
7,1800,250,-139.3271942138672,-0.5573087930679321,7.132744789123535,0.2878958582878113,450000
7,1801,250,-120.84828186035156,-0.483393132686615,8.956215858459473,0.2875000238418579,450250
7,1802,250,-76.12460327148438,-0.3044984042644501,7.501881122589111,0.28710412979125977,450500
7,1803,250,-100.26638793945312,-0.40106555819511414,7.4358320236206055,0.28670835494995117,450750
7,1804,250,-61.89919662475586,-0.24759678542613983,7.442347526550293,0.286312460899353,451000
7,1805,250,-183.27976989746094,-0.7331190705299377,8.67776107788086,0.28591668605804443,451250
7,1806,250,-81.03670501708984,-0.3241468071937561,7.80568790435791,0.2855207920074463,451500
7,1807,250,-30.401599884033203,-0.12160640209913254,7.588793754577637,0.2851250171661377,451750
7,1808,250,-107.95918273925781,-0.43183672428131104,7.401709079742432,0.28472912311553955,452000
7,1809,250,-75.5457534790039,-0.30218300223350525,8.572651863098145,0.28433334827423096,452250
7,1810,250,-61.14598846435547,-0.24458394944667816,7.507140636444092,0.2839375138282776,452500
7,1811,250,-87.63004302978516,-0.35052016377449036,7.304569721221924,0.2835416793823242,452750
7,1812,250,-34.836631774902344,-0.13934652507305145,7.205930709838867,0.28314584493637085,453000
7,1813,250,-90.69367980957031,-0.36277472972869873,8.35545825958252,0.2827500104904175,453250
7,1814,250,-158.02391052246094,-0.6320956349372864,7.6242570877075195,0.2823541760444641,453500
7,1815,250,-92.2672348022461,-0.3690689504146576,7.2887396812438965,0.28195834159851074,453750
7,1816,250,-80.74882507324219,-0.32299530506134033,6.853734970092773,0.2815625071525574,454000
7,1817,250,-98.9586181640625,-0.39583447575569153,8.15575122833252,0.281166672706604,454250
7,1818,250,-94.38239288330078,-0.3775295615196228,7.219854354858398,0.28077083826065063,454500
7,1819,250,-126.19857788085938,-0.5047942996025085,7.4213643074035645,0.28037500381469727,454750
7,1820,250,-77.14842224121094,-0.3085936903953552,6.763826370239258,0.2799791693687439,455000
7,1821,250,-316.5653076171875,-1.2662612199783325,8.259418487548828,0.2795833349227905,455250
7,1822,250,-81.64620208740234,-0.3265848159790039,7.453919410705566,0.27918750047683716,455500
7,1823,250,-169.65762329101562,-0.6786304712295532,7.212553024291992,0.2787916660308838,455750
7,1824,250,-341.1336975097656,-1.3645347356796265,7.177034378051758,0.2783958315849304,456000
7,1825,250,-92.07666778564453,-0.3683066666126251,8.196720123291016,0.27799999713897705,456250
7,1826,250,-483.3710632324219,-1.9334841966629028,7.225149631500244,0.2776041626930237,456500
7,1827,250,-106.69367980957031,-0.4267747104167938,6.979040622711182,0.2772083282470703,456750
7,1828,250,-479.2267761230469,-1.9169070720672607,6.913527488708496,0.27681249380111694,457000
7,1829,250,-146.95962524414062,-0.5878385305404663,8.609709739685059,0.2764166593551636,457250
7,1830,250,-97.71760559082031,-0.39087042212486267,7.322790145874023,0.2760208249092102,457500
7,1831,250,-192.50579833984375,-0.7700231671333313,7.006030559539795,0.2756250500679016,457750
7,1832,250,28.524250030517578,0.114096999168396,6.929329872131348,0.27522915601730347,458000
7,1833,250,-212.28170776367188,-0.8491268157958984,8.751815795898438,0.2748333811759949,458250
7,1834,250,-211.413818359375,-0.8456552624702454,7.313951015472412,0.27443748712539673,458500
7,1835,250,-474.405029296875,-1.8976200819015503,7.001046180725098,0.27404171228408813,458750
7,1836,250,-474.83349609375,-1.8993339538574219,6.712165355682373,0.27364581823349,459000
7,1837,250,-199.9346160888672,-0.7997384667396545,8.219463348388672,0.2732500433921814,459250
7,1838,250,-326.4129943847656,-1.3056520223617554,7.172560214996338,0.27285414934158325,459500
7,1839,250,-303.6647644042969,-1.2146590948104858,6.938380718231201,0.27245837450027466,459750
7,1840,250,-475.90191650390625,-1.9036076068878174,6.566610336303711,0.2720624804496765,460000
7,1841,250,-206.7104034423828,-0.8268415927886963,8.211966514587402,0.2716667056083679,460250
7,1842,250,-467.2407531738281,-1.8689630031585693,7.223517894744873,0.2712708115577698,460500
7,1843,250,-474.1167907714844,-1.8964672088623047,6.985947608947754,0.2708750367164612,460750
7,1844,250,-72.67106628417969,-0.2906842529773712,6.513340950012207,0.27047914266586304,461000
7,1845,250,-474.4892883300781,-1.8979572057724,7.99465274810791,0.27008336782455444,461250
7,1846,250,-473.40496826171875,-1.8936198949813843,6.74344539642334,0.2696874737739563,461500
7,1847,250,-471.8650817871094,-1.8874603509902954,6.46197509765625,0.2692916989326477,461750
7,1848,250,-470.18267822265625,-1.8807307481765747,6.16796875,0.26889580488204956,462000
7,1849,250,-284.0508728027344,-1.1362035274505615,7.71320104598999,0.26850003004074097,462250
7,1850,250,-317.3089904785156,-1.2692359685897827,6.60101318359375,0.2681041955947876,462500
7,1851,250,-475.3781433105469,-1.901512622833252,6.130927562713623,0.26770836114883423,462750
7,1852,250,-398.824951171875,-1.5952998399734497,5.853703022003174,0.26731252670288086,463000
7,1853,250,-476.1331481933594,-1.904532551765442,7.889872074127197,0.2669166922569275,463250
7,1854,250,5.011613368988037,0.020046453922986984,6.6919941902160645,0.2665208578109741,463500
7,1855,250,-467.3904113769531,-1.8695616722106934,6.25980806350708,0.26612502336502075,463750
7,1856,250,-474.751953125,-1.899007797241211,5.835278511047363,0.2657291889190674,464000
7,1857,250,-478.8668518066406,-1.915467381477356,7.2515034675598145,0.265333354473114,464250
7,1858,250,-137.0280303955078,-0.5481120944023132,6.2752251625061035,0.26493752002716064,464500
7,1859,250,-477.7003173828125,-1.9108012914657593,6.059270858764648,0.2645416855812073,464750
7,1860,250,-7.778654098510742,-0.031114615499973297,5.815440654754639,0.2641458511352539,465000
7,1861,250,-82.726318359375,-0.3309052586555481,7.256701469421387,0.26375001668930054,465250
7,1862,250,57.1677131652832,0.2286708503961563,6.707605838775635,0.26335418224334717,465500
7,1863,250,-481.49603271484375,-1.9259841442108154,6.0960211753845215,0.2629583477973938,465750
7,1864,250,-364.67205810546875,-1.4586882591247559,5.864706993103027,0.26256251335144043,466000
7,1865,250,-275.043212890625,-1.1001728773117065,7.519896507263184,0.26216667890548706,466250
7,1866,250,-201.56150817871094,-0.8062460422515869,6.833771705627441,0.2617708444595337,466500
7,1867,250,-13.217691421508789,-0.05287076532840729,6.440728664398193,0.2613750100135803,466750
7,1868,250,-65.29077911376953,-0.2611631155014038,6.277260780334473,0.26097917556762695,467000
7,1869,250,-19.97849464416504,-0.07991398125886917,7.8897881507873535,0.2605833411216736,467250
7,1870,250,-53.545658111572266,-0.21418263018131256,7.030416488647461,0.2601875066757202,467500
7,1871,250,-100.96158599853516,-0.4038463532924652,6.867672443389893,0.2597917318344116,467750
7,1872,250,-247.61566162109375,-0.9904626607894897,6.8043084144592285,0.2593958377838135,468000
7,1873,250,-484.1632080078125,-1.9366527795791626,7.997115612030029,0.2590000629425049,468250
7,1874,250,-484.2357482910156,-1.9369429349899292,7.376913547515869,0.25860416889190674,468500
7,1875,250,-91.42558288574219,-0.3657023310661316,6.8778157234191895,0.25820839405059814,468750
7,1876,250,-487.7048034667969,-1.9508192539215088,6.985389232635498,0.2578125,469000
7,1877,250,-486.498779296875,-1.9459950923919678,7.927536964416504,0.25741666555404663,469250
7,1878,250,-487.1178894042969,-1.9484715461730957,7.04044246673584,0.25702083110809326,469500
7,1879,250,-487.4775695800781,-1.949910283088684,6.826658248901367,0.2566249966621399,469750
7,1880,250,-487.8367919921875,-1.9513471126556396,6.239690780639648,0.2562291622161865,470000
7,1881,250,-487.722412109375,-1.9508897066116333,7.174871921539307,0.25583332777023315,470250
7,1882,250,-488.4381103515625,-1.9537523984909058,6.568860054016113,0.2554374933242798,470500
7,1883,250,-488.96209716796875,-1.9558483362197876,6.164061546325684,0.2550416588783264,470750
7,1884,250,-485.3512268066406,-1.941404938697815,6.063877582550049,0.25464582443237305,471000
7,1885,250,-485.87261962890625,-1.9434905052185059,6.759878158569336,0.2542499899864197,471250
7,1886,250,-490.2846374511719,-1.9611386060714722,6.3127946853637695,0.2538541555404663,471500
7,1887,250,-490.9432373046875,-1.9637728929519653,5.987937927246094,0.25345832109451294,471750
7,1888,250,-487.4727783203125,-1.9498910903930664,5.887698173522949,0.25306248664855957,472000
7,1889,250,-491.9648132324219,-1.9678592681884766,6.735896587371826,0.2526666522026062,472250
7,1890,250,-488.9720764160156,-1.955888271331787,6.043339729309082,0.2522708773612976,472500
7,1891,250,-490.6637878417969,-1.9626551866531372,6.02040433883667,0.25187498331069946,472750
7,1892,250,-491.01739501953125,-1.9640696048736572,5.426425933837891,0.25147920846939087,473000
7,1893,250,-491.6749267578125,-1.9666997194290161,6.21314001083374,0.2510833144187927,473250
7,1894,250,-490.0700378417969,-1.960280179977417,5.574954032897949,0.25068753957748413,473500
7,1895,250,-490.4942932128906,-1.9619771242141724,5.220076560974121,0.250291645526886,473750
7,1896,250,-493.59991455078125,-1.9743996858596802,5.168996810913086,0.2498958706855774,474000
7,1897,250,-493.4408874511719,-1.9737635850906372,5.645752906799316,0.24949997663497925,474250
7,1898,250,-494.7794189453125,-1.9791176319122314,4.850292682647705,0.24910420179367065,474500
7,1899,250,-493.99566650390625,-1.975982666015625,4.693775653839111,0.2487083077430725,474750
7,1900,250,-496.03045654296875,-1.9841217994689941,4.3697428703308105,0.24831253290176392,475000
7,1901,250,-293.2913818359375,-1.1731655597686768,4.909088611602783,0.24791663885116577,475250
7,1902,250,-318.7890930175781,-1.2751563787460327,4.380050182342529,0.24752086400985718,475500
7,1903,250,-237.2849578857422,-0.9491398334503174,3.973116874694824,0.24712496995925903,475750
7,1904,250,-275.11395263671875,-1.1004557609558105,3.9892971515655518,0.24672919511795044,476000
7,1905,250,-73.61139678955078,-0.29444557428359985,4.750564098358154,0.2463333010673523,476250
7,1906,250,-480.7527770996094,-1.923011064529419,4.058066368103027,0.2459375262260437,476500
7,1907,250,-100.64508819580078,-0.4025803506374359,3.831718921661377,0.24554163217544556,476750
7,1908,250,-249.08544921875,-0.9963418245315552,3.63093638420105,0.24514585733413696,477000
7,1909,250,-290.2545471191406,-1.1610181331634521,4.2578325271606445,0.2447500228881836,477250
7,1910,250,-423.7958068847656,-1.695183277130127,3.635808229446411,0.24435418844223022,477500
7,1911,250,-246.56173706054688,-0.9862469434738159,3.277156352996826,0.24395835399627686,477750
7,1912,250,-182.47665405273438,-0.7299066185951233,3.0098025798797607,0.2435625195503235,478000
7,1913,250,-462.3560791015625,-1.8494243621826172,3.9782650470733643,0.24316668510437012,478250
7,1914,250,-117.5163345336914,-0.47006532549858093,3.390421152114868,0.24277085065841675,478500
7,1915,250,-385.31390380859375,-1.5412555932998657,3.3342413902282715,0.24237501621246338,478750
7,1916,250,-229.40968322753906,-0.9176387190818787,3.1988439559936523,0.24197918176651,479000
7,1917,250,-14.274200439453125,-0.057096801698207855,4.281907081604004,0.24158334732055664,479250
7,1918,250,-281.1123046875,-1.1244492530822754,3.757622241973877,0.24118751287460327,479500
7,1919,250,-377.5356750488281,-1.5101426839828491,3.867494583129883,0.2407916784286499,479750
7,1920,250,-157.64108276367188,-0.6305643320083618,3.7362890243530273,0.24039584398269653,480000
7,1921,250,-86.20857238769531,-0.3448342978954315,5.222418308258057,0.24000000953674316,480250
7,1922,250,-286.124267578125,-1.144497036933899,4.627730369567871,0.2396041750907898,480500
7,1923,250,-75.08068084716797,-0.3003227114677429,4.76697301864624,0.23920834064483643,480750
7,1924,250,-21.002086639404297,-0.0840083435177803,4.629186153411865,0.23881250619888306,481000
7,1925,250,-29.651599884033203,-0.11860639601945877,6.194496154785156,0.2384166717529297,481250
7,1926,250,-48.73258590698242,-0.19493034482002258,5.698116302490234,0.23802083730697632,481500
7,1927,250,-17.728260040283203,-0.07091303914785385,5.39386510848999,0.23762500286102295,481750
7,1928,250,-76.6902847290039,-0.30676114559173584,5.320011615753174,0.23722916841506958,482000
7,1929,250,-13.320552825927734,-0.05328221246600151,7.1007256507873535,0.2368333339691162,482250
7,1930,250,-10.995862007141113,-0.043983448296785355,6.304442405700684,0.23643755912780762,482500
7,1931,250,-45.281837463378906,-0.18112735450267792,5.520953178405762,0.23604166507720947,482750
7,1932,250,-15.049683570861816,-0.06019873544573784,5.32079553604126,0.23564589023590088,483000
7,1933,250,-6.823697566986084,-0.027294790372252464,7.720003604888916,0.23524999618530273,483250
7,1934,250,40.324668884277344,0.16129867732524872,6.484185695648193,0.23485422134399414,483500
7,1935,250,-9.532403945922852,-0.038129616528749466,6.129207611083984,0.234458327293396,483750
7,1936,250,-12.454100608825684,-0.04981640353798866,5.97334623336792,0.2340625524520874,484000
7,1937,250,-44.71170425415039,-0.1788468211889267,8.170299530029297,0.23366665840148926,484250
7,1938,250,-30.6512451171875,-0.12260498106479645,7.320570468902588,0.23327088356018066,484500
7,1939,250,-67.9473648071289,-0.27178946137428284,6.75990629196167,0.23287498950958252,484750
7,1940,250,-7.119701385498047,-0.028478804975748062,6.754298686981201,0.23247921466827393,485000
7,1941,250,-23.470905303955078,-0.09388361871242523,8.96768569946289,0.23208332061767578,485250
7,1942,250,-54.00570297241211,-0.2160228192806244,8.080361366271973,0.2316875457763672,485500
7,1943,250,-71.42554473876953,-0.2857021689414978,7.715009689331055,0.23129165172576904,485750
7,1944,250,-53.90342712402344,-0.2156137079000473,7.607679843902588,0.23089587688446045,486000
7,1945,250,-5.212643623352051,-0.02085057459771633,9.863052368164062,0.2304999828338623,486250
7,1946,250,-45.4264030456543,-0.18170560896396637,9.061031341552734,0.2301042079925537,486500
7,1947,250,-79.61250305175781,-0.318450003862381,8.590914726257324,0.22970831394195557,486750
7,1948,250,-40.312744140625,-0.1612509787082672,8.141097068786621,0.22931253910064697,487000
7,1949,250,11.753607749938965,0.04701443016529083,10.690266609191895,0.2289167046546936,487250
7,1950,250,-474.9727478027344,-1.8998910188674927,9.917001724243164,0.22852087020874023,487500
7,1951,250,-128.6101837158203,-0.5144407153129578,8.99833869934082,0.22812503576278687,487750
7,1952,250,-66.29377746582031,-0.26517510414123535,8.617509841918945,0.22772914171218872,488000
7,1953,250,-66.15322875976562,-0.26461291313171387,10.281017303466797,0.22733336687088013,488250
7,1954,250,-64.48384094238281,-0.25793537497520447,9.347384452819824,0.22693747282028198,488500
7,1955,250,-68.82899475097656,-0.2753159701824188,8.360082626342773,0.2265416979789734,488750
7,1956,250,4.628903865814209,0.018515614792704582,7.745171070098877,0.22614580392837524,489000
7,1957,250,-53.98246383666992,-0.21592985093593597,9.864131927490234,0.22575002908706665,489250
7,1958,250,-73.57492065429688,-0.2942996919155121,9.238012313842773,0.2253541350364685,489500
7,1959,250,-33.74164962768555,-0.13496659696102142,8.530526161193848,0.2249583601951599,489750
7,1960,250,-23.36837387084961,-0.09347349405288696,8.126983642578125,0.22456246614456177,490000
7,1961,250,-30.15182113647461,-0.12060728669166565,9.896263122558594,0.22416669130325317,490250
7,1962,250,-57.027130126953125,-0.22810852527618408,9.326988220214844,0.22377079725265503,490500
7,1963,250,-23.940549850463867,-0.09576220065355301,8.691325187683105,0.22337502241134644,490750
7,1964,250,-6.824744701385498,-0.027298979461193085,8.3295259475708,0.2229791283607483,491000
7,1965,250,-40.78406524658203,-0.16313625872135162,10.08437442779541,0.2225833535194397,491250
7,1966,250,-42.02470779418945,-0.1680988371372223,8.90514850616455,0.22218745946884155,491500
7,1967,250,-28.667648315429688,-0.11467058956623077,8.654797554016113,0.22179168462753296,491750
7,1968,250,-34.15233612060547,-0.13660934567451477,8.206541061401367,0.2213958501815796,492000
7,1969,250,-1.5353009700775146,-0.006141203921288252,9.825409889221191,0.22100001573562622,492250
7,1970,250,-45.34000778198242,-0.18136003613471985,8.936593055725098,0.22060418128967285,492500
7,1971,250,-11.878207206726074,-0.047512829303741455,8.698805809020996,0.22020834684371948,492750
7,1972,250,33.54668426513672,0.1341867297887802,8.230737686157227,0.2198125123977661,493000
7,1973,250,-24.841629028320312,-0.09936651587486267,9.953288078308105,0.21941667795181274,493250
7,1974,250,-18.755630493164062,-0.07502251863479614,9.095221519470215,0.21902084350585938,493500
7,1975,250,-18.140766143798828,-0.0725630670785904,8.909052848815918,0.218625009059906,493750
7,1976,250,12.009005546569824,0.04803602397441864,8.4690580368042,0.21822917461395264,494000
7,1977,250,-28.479228973388672,-0.11391691863536835,9.474101066589355,0.21783334016799927,494250
7,1978,250,-37.151206970214844,-0.14860482513904572,8.798559188842773,0.2174375057220459,494500
7,1979,250,46.38810729980469,0.1855524331331253,8.75868034362793,0.21704167127609253,494750
7,1980,250,-36.40424346923828,-0.14561697840690613,8.260842323303223,0.21664583683013916,495000
7,1981,250,-3.4693126678466797,-0.013877250254154205,9.285494804382324,0.2162500023841858,495250
7,1982,250,11.095483779907227,0.04438193514943123,8.746861457824707,0.21585416793823242,495500
7,1983,250,19.65131378173828,0.07860525697469711,8.214033126831055,0.21545833349227905,495750
7,1984,250,-35.932098388671875,-0.14372839033603668,8.044400215148926,0.21506249904632568,496000
7,1985,250,-37.66373062133789,-0.15065492689609528,8.887456893920898,0.21466666460037231,496250
7,1986,250,25.18267250061035,0.10073068737983704,8.414708137512207,0.21427083015441895,496500
7,1987,250,20.534969329833984,0.08213987946510315,8.223031044006348,0.21387499570846558,496750
7,1988,250,1.0312350988388062,0.004124940373003483,7.837532997131348,0.2134791612625122,497000
7,1989,250,-38.13737869262695,-0.15254952013492584,8.470502853393555,0.2130833864212036,497250
7,1990,250,7.329079627990723,0.029316319152712822,7.844770431518555,0.21268749237060547,497500
7,1991,250,12.700034141540527,0.0508001372218132,7.759585380554199,0.21229171752929688,497750
7,1992,250,-3.0588858127593994,-0.012235543690621853,7.486944675445557,0.21189582347869873,498000
7,1993,250,-39.66826248168945,-0.15867304801940918,8.63494873046875,0.21150004863739014,498250
7,1994,250,9.843249320983887,0.039372995495796204,7.856106281280518,0.211104154586792,498500
7,1995,250,5.20064115524292,0.020802564918994904,7.531630039215088,0.2107083797454834,498750
7,1996,250,-34.33106231689453,-0.1373242437839508,7.255499839782715,0.21031248569488525,499000
7,1997,250,3.0613815784454346,0.012245526537299156,8.735207557678223,0.20991671085357666,499250
7,1998,250,39.754600524902344,0.1590183973312378,7.756231784820557,0.20952081680297852,499500
7,1999,250,203.52871704101562,0.8141148686408997,7.4952802658081055,0.20912504196166992,499750
7,2000,250,-12.594051361083984,-0.05037620663642883,7.197315692901611,0.20872914791107178,500000
7,2001,250,-42.893035888671875,-0.17157214879989624,8.354777336120605,0.20833337306976318,500250
7,2002,250,-0.5074199438095093,-0.0020296797156333923,7.770397663116455,0.20793747901916504,500500
7,2003,250,18.0288028717041,0.0721152126789093,7.48790168762207,0.20754170417785645,500750
7,2004,250,-42.239776611328125,-0.1689591109752655,6.940196514129639,0.2071458101272583,501000
7,2005,250,-23.746702194213867,-0.09498681128025055,8.007328033447266,0.2067500352859497,501250
7,2006,250,-26.333843231201172,-0.10533536970615387,7.420506477355957,0.20635414123535156,501500
7,2007,250,-3.2009317874908447,-0.012803726829588413,6.9636054039001465,0.20595836639404297,501750
7,2008,250,36.43113327026367,0.14572453498840332,6.821059226989746,0.2055625319480896,502000
7,2009,250,-20.02951431274414,-0.08011806011199951,7.6496758460998535,0.20516669750213623,502250
7,2010,250,-3.862095832824707,-0.015448383055627346,6.9582343101501465,0.20477086305618286,502500
7,2011,250,-14.029190063476562,-0.05611675977706909,6.464588165283203,0.2043750286102295,502750
7,2012,250,24.293996810913086,0.09717598557472229,6.332828998565674,0.20397919416427612,503000
7,2013,250,8.389636993408203,0.033558547496795654,7.722281455993652,0.20358335971832275,503250
7,2014,250,14.600833892822266,0.05840333551168442,7.302830219268799,0.20318752527236938,503500
7,2015,250,102.22254943847656,0.4088901877403259,6.906956672668457,0.20279169082641602,503750
7,2016,250,-16.399234771728516,-0.06559693813323975,6.584872722625732,0.20239585638046265,504000
7,2017,250,-6.311547756195068,-0.025246191769838333,7.594707012176514,0.20200002193450928,504250
7,2018,250,90.10136413574219,0.36040544509887695,7.193567276000977,0.2016041874885559,504500
7,2019,250,-40.631935119628906,-0.16252774000167847,6.674607753753662,0.20120835304260254,504750
7,2020,250,104.79508209228516,0.41918033361434937,6.298806190490723,0.20081251859664917,505000
7,2021,250,4.84328556060791,0.01937314309179783,7.379838943481445,0.2004166841506958,505250
7,2022,250,101.4167251586914,0.40566688776016235,6.573611736297607,0.20002084970474243,505500
7,2023,250,12.787211418151855,0.05114884674549103,6.1737189292907715,0.19962501525878906,505750
7,2024,250,-27.446853637695312,-0.10978741198778152,5.731469631195068,0.1992291808128357,506000
7,2025,250,-18.524600982666016,-0.07409840077161789,6.932532787322998,0.19883334636688232,506250
7,2026,250,26.14365005493164,0.10457459837198257,6.108344078063965,0.19843751192092896,506500
7,2027,250,-6.20753812789917,-0.024830153211951256,5.9572224617004395,0.19804167747497559,506750
7,2028,250,0.4627647399902344,0.0018510589143261313,5.7646379470825195,0.19764584302902222,507000
7,2029,250,3.0831732749938965,0.012332692742347717,6.9858503341674805,0.19725000858306885,507250
7,2030,250,2.5319061279296875,0.010127624496817589,6.2650227546691895,0.19685417413711548,507500
7,2031,250,4.51738166809082,0.018069526180624962,5.999546527862549,0.1964583396911621,507750
7,2032,250,20.77754020690918,0.08311016112565994,5.771978378295898,0.19606250524520874,508000
7,2033,250,14.139392852783203,0.05655756965279579,7.057240962982178,0.19566667079925537,508250
7,2034,250,-16.124645233154297,-0.06449858099222183,6.287858963012695,0.195270836353302,508500
7,2035,250,23.929319381713867,0.09571728110313416,5.967164039611816,0.19487500190734863,508750
7,2036,250,8.684382438659668,0.03473753109574318,5.777424335479736,0.19447916746139526,509000
7,2037,250,31.43023681640625,0.12572094798088074,6.675412654876709,0.1940833330154419,509250
7,2038,250,-51.98447799682617,-0.20793791115283966,6.082202911376953,0.19368749856948853,509500
7,2039,250,-25.06390380859375,-0.10025561600923538,5.939836025238037,0.19329166412353516,509750
7,2040,250,-25.393177032470703,-0.10157270729541779,5.595799446105957,0.1928958296775818,510000
7,2041,250,1.3031675815582275,0.005212670192122459,6.73872184753418,0.19249999523162842,510250
7,2042,250,-50.53779602050781,-0.20215117931365967,6.300992965698242,0.19210416078567505,510500
7,2043,250,-41.78331756591797,-0.16713327169418335,5.986256122589111,0.19170832633972168,510750
7,2044,250,-26.492067337036133,-0.10596826672554016,5.794394493103027,0.1913124918937683,511000
7,2045,250,-35.16545867919922,-0.1406618356704712,6.822953701019287,0.19091665744781494,511250
7,2046,250,-38.04178237915039,-0.15216712653636932,6.012752532958984,0.19052082300186157,511500
7,2047,250,-4.508678436279297,-0.018034713342785835,5.871796131134033,0.1901249885559082,511750
7,2048,250,-15.068981170654297,-0.06027592346072197,5.6605987548828125,0.1897292137145996,512000
7,2049,250,-19.340900421142578,-0.07736360281705856,6.702888011932373,0.18933331966400146,512250
7,2050,250,-31.61271095275879,-0.12645083665847778,5.811217784881592,0.18893754482269287,512500
7,2051,250,-16.642704010009766,-0.06657081842422485,5.650843620300293,0.18854165077209473,512750
7,2052,250,-18.037622451782227,-0.07215049117803574,5.596409797668457,0.18814587593078613,513000
7,2053,250,-1.8967623710632324,-0.007587049622088671,6.611857891082764,0.187749981880188,513250
7,2054,250,-25.083301544189453,-0.10033320635557175,6.158447742462158,0.1873542070388794,513500
7,2055,250,-11.48356819152832,-0.045934271067380905,5.929551601409912,0.18695831298828125,513750
7,2056,250,-23.38931655883789,-0.09355726838111877,5.590340614318848,0.18656253814697266,514000
7,2057,250,-3.232095718383789,-0.012928382493555546,6.274639129638672,0.1861666440963745,514250
7,2058,250,-16.26365089416504,-0.06505460292100906,6.177967548370361,0.18577086925506592,514500
7,2059,250,-73.20989990234375,-0.29283958673477173,5.9017333984375,0.18537497520446777,514750
7,2060,250,7.185941696166992,0.028743766248226166,5.647521495819092,0.18497920036315918,515000
7,2061,250,35.54155731201172,0.14216622710227966,5.852867603302002,0.18458330631256104,515250
7,2062,250,-42.483856201171875,-0.1699354201555252,5.403788089752197,0.18418753147125244,515500
7,2063,250,-2.346590280532837,-0.009386361576616764,5.404451847076416,0.1837916374206543,515750
7,2064,250,-38.78091049194336,-0.15512363612651825,5.277223587036133,0.1833958625793457,516000
7,2065,250,12.644403457641602,0.050577614456415176,5.688616752624512,0.18299996852874756,516250
7,2066,250,15.91533088684082,0.06366132199764252,5.356069087982178,0.18260419368743896,516500
7,2067,250,6.658511161804199,0.02663404494524002,4.937723636627197,0.1822083592414856,516750
7,2068,250,-48.97404479980469,-0.195896178483963,4.946685314178467,0.18181252479553223,517000
7,2069,250,-9.499226570129395,-0.03799690678715706,5.507842063903809,0.18141669034957886,517250
7,2070,250,4.550310134887695,0.01820124126970768,5.059239387512207,0.1810208559036255,517500
7,2071,250,-12.458747863769531,-0.04983499273657799,4.665786266326904,0.18062502145767212,517750
7,2072,250,-0.2657485008239746,-0.0010629940079525113,4.442980766296387,0.18022918701171875,518000
7,2073,250,-48.540184020996094,-0.19416072964668274,5.4423394203186035,0.17983335256576538,518250
7,2074,250,-34.37267303466797,-0.13749068975448608,4.950039863586426,0.179437518119812,518500
7,2075,250,-104.31966400146484,-0.4172786474227905,4.996580123901367,0.17904168367385864,518750
7,2076,250,-49.70259475708008,-0.1988103836774826,4.683281898498535,0.17864584922790527,519000
7,2077,250,-472.69061279296875,-1.890762448310852,5.558864116668701,0.1782500147819519,519250
7,2078,250,-41.86642837524414,-0.1674657166004181,5.1083574295043945,0.17785418033599854,519500
7,2079,250,-35.36933898925781,-0.14147736132144928,4.82954216003418,0.17745834589004517,519750
7,2080,250,-42.29072189331055,-0.16916288435459137,4.554826259613037,0.1770625114440918,520000
7,2081,250,-86.86318969726562,-0.3474527597427368,5.609493732452393,0.17666667699813843,520250
7,2082,250,-93.72734069824219,-0.374909371137619,5.107940673828125,0.17627084255218506,520500
7,2083,250,-1.0113974809646606,-0.004045589827001095,5.006806373596191,0.1758750081062317,520750
7,2084,250,-17.511808395385742,-0.07004723697900772,4.815291404724121,0.17547917366027832,521000
7,2085,250,-16.138668060302734,-0.06455466896295547,5.209595203399658,0.17508333921432495,521250
7,2086,250,-50.373722076416016,-0.20149488747119904,4.624697685241699,0.17468750476837158,521500
7,2087,250,-27.740507125854492,-0.11096202582120895,4.472160339355469,0.1742916703224182,521750
7,2088,250,-10.428963661193848,-0.04171585291624069,4.328557968139648,0.17389589548110962,522000
7,2089,250,-81.58324432373047,-0.3263329863548279,4.348849773406982,0.17350000143051147,522250
7,2090,250,-27.948562622070312,-0.11179424822330475,3.841404676437378,0.17310422658920288,522500
7,2091,250,-12.540483474731445,-0.0501619353890419,3.889714479446411,0.17270833253860474,522750
7,2092,250,-13.480030059814453,-0.05392012000083923,3.853285789489746,0.17231255769729614,523000
7,2093,250,-15.484529495239258,-0.06193811818957329,4.334995746612549,0.171916663646698,523250
7,2094,250,-49.307220458984375,-0.19722887873649597,3.8833167552948,0.1715208888053894,523500
7,2095,250,-18.729915618896484,-0.07491966336965561,3.747347831726074,0.17112499475479126,523750
7,2096,250,-5.619792938232422,-0.022479170933365822,3.90364408493042,0.17072921991348267,524000
7,2097,250,2.8863282203674316,0.011545312590897083,4.451652526855469,0.17033332586288452,524250
7,2098,250,-16.967988967895508,-0.06787195801734924,4.171115398406982,0.16993755102157593,524500
7,2099,250,17.081298828125,0.06832519173622131,4.009605884552002,0.16954165697097778,524750
7,2100,250,-17.670888900756836,-0.070683553814888,3.678720712661743,0.1691458821296692,525000
7,2101,250,20.396150588989258,0.08158460259437561,4.624168395996094,0.16874998807907104,525250
7,2102,250,0.2931196689605713,0.0011724786600098014,4.426879405975342,0.16835415363311768,525500
7,2103,250,-0.425922155380249,-0.0017036886420100927,4.08880615234375,0.1679583191871643,525750
7,2104,250,0.2171471118927002,0.0008685884531587362,4.005749702453613,0.16756248474121094,526000
7,2105,250,23.226154327392578,0.09290461987257004,4.916952133178711,0.16716665029525757,526250
7,2106,250,84.10224151611328,0.33640897274017334,4.36086368560791,0.1667708158493042,526500
7,2107,250,-9.442337989807129,-0.03776935115456581,4.439209461212158,0.1663750410079956,526750
7,2108,250,24.57655143737793,0.09830620884895325,4.110157489776611,0.16597914695739746,527000
7,2109,250,33.15948486328125,0.13263793289661407,5.586467742919922,0.16558337211608887,527250
7,2110,250,15.010910987854004,0.06004364416003227,4.905816555023193,0.16518747806549072,527500
7,2111,250,-0.04256486892700195,-0.0001702594745438546,4.565249919891357,0.16479170322418213,527750
7,2112,250,-7.521751880645752,-0.030087007209658623,4.467161178588867,0.16439580917358398,528000
7,2113,250,37.061100006103516,0.14824439585208893,5.635695457458496,0.1640000343322754,528250
7,2114,250,2.977334976196289,0.01190933957695961,5.21873664855957,0.16360414028167725,528500
7,2115,250,-19.975051879882812,-0.07990020513534546,5.022574424743652,0.16320836544036865,528750
7,2116,250,22.48465347290039,0.08993861079216003,4.964017868041992,0.1628124713897705,529000
7,2117,250,-13.883678436279297,-0.055534712970256805,5.836885929107666,0.16241669654846191,529250
7,2118,250,4.693837642669678,0.018775351345539093,5.304366588592529,0.16202080249786377,529500
7,2119,250,7.876964092254639,0.03150785714387894,5.068719387054443,0.16162502765655518,529750
7,2120,250,-28.963268280029297,-0.11585307121276855,4.716856479644775,0.16122913360595703,530000
7,2121,250,53.30096435546875,0.21320386230945587,5.581265926361084,0.16083335876464844,530250
7,2122,250,-167.74923706054688,-0.6709969639778137,4.996370792388916,0.1604374647140503,530500
7,2123,250,2.2659730911254883,0.00906389206647873,4.7836432456970215,0.1600416898727417,530750
7,2124,250,-155.99343872070312,-0.6239737272262573,4.4589715003967285,0.15964579582214355,531000
7,2125,250,-134.16912841796875,-0.5366765260696411,5.540518283843994,0.15925002098083496,531250
7,2126,250,10.724005699157715,0.04289602115750313,4.805370330810547,0.1588541865348816,531500
7,2127,250,-210.0381622314453,-0.8401526212692261,4.452199935913086,0.15845835208892822,531750
7,2128,250,-175.12637329101562,-0.7005054950714111,4.2853312492370605,0.15806251764297485,532000
7,2129,250,-229.20053100585938,-0.9168021082878113,5.41731595993042,0.15766668319702148,532250
7,2130,250,-241.3231658935547,-0.9652926921844482,4.66298770904541,0.15727084875106812,532500
7,2131,250,-250.36737060546875,-1.0014694929122925,4.406744003295898,0.15687501430511475,532750
7,2132,250,-256.1957702636719,-1.0247831344604492,4.23337984085083,0.15647917985916138,533000
7,2133,250,-255.02587890625,-1.0201035737991333,5.919125080108643,0.156083345413208,533250
7,2134,250,-401.6379699707031,-1.6065518856048584,5.533129692077637,0.15568751096725464,533500
7,2135,250,-260.9464111328125,-1.0437856912612915,5.475130081176758,0.15529167652130127,533750
7,2136,250,-313.9996643066406,-1.2559986114501953,5.358433723449707,0.1548958420753479,534000
7,2137,250,-303.7984313964844,-1.215193748474121,6.0214643478393555,0.15450000762939453,534250
7,2138,250,-177.55006408691406,-0.7102002501487732,5.780099391937256,0.15410417318344116,534500
7,2139,250,-227.83648681640625,-0.9113459587097168,5.81179141998291,0.1537083387374878,534750
7,2140,250,-260.4339904785156,-1.0417360067367554,5.636513710021973,0.15331250429153442,535000
7,2141,250,-153.85499572753906,-0.6154199838638306,5.97975492477417,0.15291666984558105,535250
7,2142,250,-154.17138671875,-0.6166855692863464,5.759179592132568,0.15252083539962769,535500
7,2143,250,-342.4228515625,-1.3696913719177246,5.655523300170898,0.15212500095367432,535750
7,2144,250,-185.28836059570312,-0.7411534190177917,5.594029426574707,0.15172916650772095,536000
7,2145,250,-109.73490142822266,-0.4389396011829376,6.225179195404053,0.15133333206176758,536250
7,2146,250,-119.59626770019531,-0.4783850610256195,5.978560924530029,0.1509374976158142,536500
7,2147,250,-78.105712890625,-0.31242284178733826,5.867093563079834,0.15054172277450562,536750
7,2148,250,-207.5030517578125,-0.8300122022628784,5.857108116149902,0.15014582872390747,537000
7,2149,250,-108.29627227783203,-0.4331851005554199,6.320784568786621,0.14975005388259888,537250
7,2150,250,-28.432058334350586,-0.11372823268175125,5.847621917724609,0.14935415983200073,537500
7,2151,250,-77.93472290039062,-0.31173887848854065,5.7874531745910645,0.14895838499069214,537750
7,2152,250,-89.42173767089844,-0.35768693685531616,5.780147075653076,0.148562490940094,538000
7,2153,250,-159.24417114257812,-0.6369766592979431,6.241276741027832,0.1481667160987854,538250
7,2154,250,-34.22075271606445,-0.13688300549983978,5.650471210479736,0.14777082204818726,538500
7,2155,250,-177.84396362304688,-0.7113758325576782,5.828623294830322,0.14737504720687866,538750
7,2156,250,-206.47653198242188,-0.8259061574935913,5.384235858917236,0.14697915315628052,539000
7,2157,250,-15.542889595031738,-0.062171559780836105,6.046299934387207,0.14658337831497192,539250
7,2158,250,-63.3327751159668,-0.25333109498023987,5.993470191955566,0.14618748426437378,539500
7,2159,250,-9.99742603302002,-0.03998970240354538,5.69035005569458,0.14579170942306519,539750
7,2160,250,-27.469470977783203,-0.10987788438796997,5.560923099517822,0.14539581537246704,540000
7,2161,250,-217.84637451171875,-0.8713855147361755,5.8649983406066895,0.14500004053115845,540250
7,2162,250,-186.55242919921875,-0.7462097406387329,5.370878219604492,0.1446041464805603,540500
7,2163,250,-26.80413055419922,-0.10721652209758759,5.441181659698486,0.1442083716392517,540750
7,2164,250,-134.5218505859375,-0.5380874276161194,5.3137125968933105,0.14381247758865356,541000
7,2165,250,-142.85812377929688,-0.5714324712753296,5.735915660858154,0.14341670274734497,541250
7,2166,250,-186.80047607421875,-0.7472019195556641,5.3880109786987305,0.1430208683013916,541500
7,2167,250,-168.2691650390625,-0.6730766892433167,5.434047698974609,0.14262503385543823,541750
7,2168,250,-63.13935470581055,-0.2525574266910553,5.196863174438477,0.14222919940948486,542000
7,2169,250,15.515090942382812,0.062060363590717316,5.738226413726807,0.1418333649635315,542250
7,2170,250,-21.458446502685547,-0.08583378791809082,5.431758403778076,0.14143753051757812,542500
7,2171,250,-13.881340980529785,-0.055525362491607666,5.390431880950928,0.14104169607162476,542750
7,2172,250,-60.44728469848633,-0.24178913235664368,5.06062650680542,0.1406458616256714,543000
7,2173,250,-11.111247062683105,-0.044444989413022995,5.525608539581299,0.14025002717971802,543250
7,2174,250,12.044605255126953,0.04817841947078705,5.061814785003662,0.13985419273376465,543500
7,2175,250,-23.953956604003906,-0.09581582993268967,4.979793071746826,0.13945835828781128,543750
7,2176,250,-2.9293007850646973,-0.011717203073203564,4.922982692718506,0.1390625238418579,544000
7,2177,250,-24.756866455078125,-0.09902746230363846,5.01306676864624,0.13866662979125977,544250
7,2178,250,296.0807800292969,1.1843230724334717,4.976846218109131,0.13827085494995117,544500
7,2179,250,27.61520767211914,0.11046083271503448,4.972503662109375,0.13787496089935303,544750
7,2180,250,-27.8735294342041,-0.11149411648511887,4.692595481872559,0.13747918605804443,545000
7,2181,250,-18.018890380859375,-0.07207556068897247,4.843458652496338,0.1370832920074463,545250
7,2182,250,-16.236812591552734,-0.06494724750518799,4.577617168426514,0.1366875171661377,545500
7,2183,250,38.60138702392578,0.15440554916858673,4.688366889953613,0.13629162311553955,545750
7,2184,250,-0.058918923139572144,-0.00023567568860016763,4.576742649078369,0.13589584827423096,546000
7,2185,250,-31.477567672729492,-0.12591026723384857,4.697337627410889,0.1355000138282776,546250
7,2186,250,7.593127250671387,0.030372509732842445,4.415098667144775,0.13510417938232422,546500
7,2187,250,33.77980422973633,0.1351192146539688,4.194223403930664,0.13470834493637085,546750
7,2188,250,193.77435302734375,0.7750974297523499,4.307590007781982,0.13431251049041748,547000
7,2189,250,-145.05392456054688,-0.5802156925201416,4.665499687194824,0.1339166760444641,547250
7,2190,250,284.99176025390625,1.1399670839309692,4.401699066162109,0.13352084159851074,547500
7,2191,250,-14.105298042297363,-0.0564211905002594,4.532464027404785,0.13312500715255737,547750
7,2192,250,26.550107955932617,0.1062004342675209,4.233480930328369,0.132729172706604,548000
7,2193,250,-191.41134643554688,-0.7656453847885132,4.823336124420166,0.13233333826065063,548250
7,2194,250,5.526670932769775,0.022106682881712914,4.66834020614624,0.13193750381469727,548500
7,2195,250,-2.8182549476623535,-0.011273019947111607,4.495627403259277,0.1315416693687439,548750
7,2196,250,72.69581604003906,0.29078325629234314,4.508833885192871,0.13114583492279053,549000
7,2197,250,-239.8541717529297,-0.9594166874885559,4.749604225158691,0.13075000047683716,549250
7,2198,250,-32.35972213745117,-0.12943889200687408,4.701358795166016,0.1303541660308838,549500
7,2199,250,70.12242889404297,0.2804897129535675,4.627172470092773,0.12995833158493042,549750
7,2200,250,-79.13754272460938,-0.3165501654148102,4.504922866821289,0.12956249713897705,550000
7,2201,250,-26.62232780456543,-0.10648930817842484,5.157106876373291,0.12916666269302368,550250
7,2202,250,15.075326919555664,0.06030130758881569,4.623879909515381,0.1287708282470703,550500
7,2203,250,-31.644329071044922,-0.12657731771469116,4.577386856079102,0.12837499380111694,550750
7,2204,250,38.65106201171875,0.1546042412519455,4.734774112701416,0.12797915935516357,551000
7,2205,250,-32.074398040771484,-0.1282975971698761,4.937418460845947,0.1275833249092102,551250
7,2206,250,-77.26673126220703,-0.30906692147254944,4.970521926879883,0.1271875500679016,551500
7,2207,250,-3.4739792346954346,-0.013895916752517223,4.8346686363220215,0.12679165601730347,551750
7,2208,250,204.64047241210938,0.8185619115829468,4.593082427978516,0.12639588117599487,552000
7,2209,250,183.5933837890625,0.7343735098838806,5.089913368225098,0.12599998712539673,552250
7,2210,250,-173.37266540527344,-0.6934906840324402,5.206890106201172,0.12560421228408813,552500
7,2211,250,-150.1356201171875,-0.6005424857139587,5.12874698638916,0.12520831823349,552750
7,2212,250,-129.15179443359375,-0.5166071653366089,4.866517066955566,0.1248125433921814,553000
7,2213,250,-100.96251678466797,-0.40385007858276367,5.501534938812256,0.12441664934158325,553250
7,2214,250,-180.02212524414062,-0.7200884819030762,5.337299346923828,0.12402087450027466,553500
7,2215,250,-42.69764709472656,-0.17079058289527893,5.274820327758789,0.12362498044967651,553750
7,2216,250,-60.81745529174805,-0.24326981604099274,5.250812530517578,0.12322920560836792,554000
7,2217,250,-94.94784545898438,-0.37979137897491455,5.687760829925537,0.12283331155776978,554250
7,2218,250,-36.445770263671875,-0.14578308165073395,5.6115899085998535,0.12243753671646118,554500
7,2219,250,30.097135543823242,0.12038854509592056,5.3366780281066895,0.12204164266586304,554750
7,2220,250,-48.267704010009766,-0.19307081401348114,5.33925199508667,0.12164586782455444,555000
7,2221,250,47.83543395996094,0.19134174287319183,5.633453369140625,0.1212499737739563,555250
7,2222,250,17.811290740966797,0.07124516367912292,5.63483190536499,0.1208541989326477,555500
7,2223,250,9.951345443725586,0.03980538249015808,5.246771812438965,0.12045830488204956,555750
7,2224,250,122.10403442382812,0.4884161353111267,5.396022796630859,0.12006253004074097,556000
7,2225,250,-42.313724517822266,-0.16925489902496338,5.691273212432861,0.1196666955947876,556250
7,2226,250,-3.571136474609375,-0.014284545555710793,5.4006876945495605,0.11927086114883423,556500
7,2227,250,48.960289001464844,0.19584116339683533,5.249180793762207,0.11887502670288086,556750
7,2228,250,-73.71798706054688,-0.2948719561100006,5.286064624786377,0.11847919225692749,557000
7,2229,250,-49.32980728149414,-0.19731922447681427,5.63660192489624,0.11808335781097412,557250
7,2230,250,-12.854582786560059,-0.051418330520391464,5.416777610778809,0.11768752336502075,557500
7,2231,250,14.260601043701172,0.057042405009269714,5.590694427490234,0.11729168891906738,557750
7,2232,250,70.28962707519531,0.2811585068702698,5.253648281097412,0.11689585447311401,558000
7,2233,250,43.677032470703125,0.17470812797546387,5.627296447753906,0.11650002002716064,558250
7,2234,250,35.87916946411133,0.1435166746377945,5.3953447341918945,0.11610418558120728,558500
7,2235,250,8.75238037109375,0.03500952199101448,5.112127780914307,0.1157083511352539,558750
7,2236,250,33.81671142578125,0.13526684045791626,5.027563095092773,0.11531251668930054,559000
7,2237,250,-50.14152908325195,-0.2005661129951477,5.46428918838501,0.11491668224334717,559250
7,2238,250,-42.492427825927734,-0.16996970772743225,5.244093894958496,0.1145208477973938,559500
7,2239,250,-25.816448211669922,-0.10326579213142395,5.166418075561523,0.11412501335144043,559750
7,2240,250,-9.819992065429688,-0.03927996754646301,4.804220676422119,0.11372917890548706,560000
7,2241,250,58.22764205932617,0.23291057348251343,5.571253776550293,0.11333334445953369,560250
7,2242,250,16.645578384399414,0.06658231467008591,5.132950782775879,0.11293751001358032,560500
7,2243,250,19.37126350402832,0.07748505473136902,5.032771587371826,0.11254167556762695,560750
7,2244,250,48.713104248046875,0.19485241174697876,5.114986419677734,0.11214584112167358,561000
7,2245,250,-35.437835693359375,-0.14175134897232056,5.423694133758545,0.11175000667572021,561250
7,2246,250,-37.4876823425293,-0.14995072782039642,5.4666876792907715,0.11135423183441162,561500
7,2247,250,10.910097122192383,0.043640390038490295,5.198035717010498,0.11095833778381348,561750
7,2248,250,44.63920593261719,0.17855682969093323,5.105821132659912,0.11056256294250488,562000
7,2249,250,-50.00693130493164,-0.2000277191400528,5.516345024108887,0.11016666889190674,562250
7,2250,250,-239.63426208496094,-0.9585370421409607,5.32562780380249,0.10977089405059814,562500
7,2251,250,-144.79205322265625,-0.5791682004928589,5.286606788635254,0.109375,562750
7,2252,250,-52.219635009765625,-0.2088785469532013,5.003317832946777,0.10897916555404663,563000
7,2253,250,-363.1960754394531,-1.4527842998504639,5.591655731201172,0.10858333110809326,563250
7,2254,250,-274.4294128417969,-1.0977176427841187,5.335147857666016,0.10818749666213989,563500
7,2255,250,-48.34767532348633,-0.19339069724082947,5.132730960845947,0.10779166221618652,563750
7,2256,250,-381.71148681640625,-1.526845932006836,4.920644760131836,0.10739582777023315,564000
7,2257,250,-135.95498657226562,-0.5438199639320374,5.347297191619873,0.10699999332427979,564250
7,2258,250,-116.20673370361328,-0.46482694149017334,5.140858173370361,0.10660415887832642,564500
7,2259,250,-119.33849334716797,-0.47735396027565,5.168553829193115,0.10620832443237305,564750
7,2260,250,-181.06576538085938,-0.724263072013855,4.938526153564453,0.10581248998641968,565000
7,2261,250,-42.804931640625,-0.17121972143650055,5.549726486206055,0.10541665554046631,565250
7,2262,250,-25.31265640258789,-0.10125062614679337,5.3076252937316895,0.10502082109451294,565500
7,2263,250,-52.0675163269043,-0.20827005803585052,5.140705585479736,0.10462498664855957,565750
7,2264,250,-378.59344482421875,-1.514373779296875,5.07206916809082,0.1042291522026062,566000
7,2265,250,8.956952095031738,0.03582780808210373,5.491087436676025,0.10383337736129761,566250
7,2266,250,-15.061399459838867,-0.06024559959769249,5.493654727935791,0.10343748331069946,566500
7,2267,250,-14.839203834533691,-0.05935681611299515,5.337214946746826,0.10304170846939087,566750
7,2268,250,-146.82826232910156,-0.5873130559921265,5.064630031585693,0.10264581441879272,567000
7,2269,250,7.044731616973877,0.028178926557302475,5.5627121925354,0.10225003957748413,567250
7,2270,250,37.14525604248047,0.14858102798461914,5.21622896194458,0.10185414552688599,567500
7,2271,250,164.92198181152344,0.6596879363059998,5.208799839019775,0.10145837068557739,567750
7,2272,250,202.39352416992188,0.8095740675926208,5.069962978363037,0.10106247663497925,568000
7,2273,250,108.4609375,0.4338437616825104,5.483353614807129,0.10066670179367065,568250
7,2274,250,-38.276878356933594,-0.15310750901699066,5.172510147094727,0.10027080774307251,568500
7,2275,250,-12.75750732421875,-0.051030028611421585,5.260979652404785,0.09987503290176392,568750
7,2276,250,8.365774154663086,0.03346309810876846,4.888800621032715,0.09947913885116577,569000
7,2277,250,178.779052734375,0.7151162028312683,5.708118438720703,0.09908336400985718,569250
7,2278,250,107.8293228149414,0.4313172996044159,5.479455947875977,0.09868746995925903,569500
7,2279,250,23.368602752685547,0.09347441047430038,5.040343761444092,0.09829169511795044,569750
7,2280,250,-78.45196533203125,-0.313807874917984,5.041599273681641,0.0978958010673523,570000
7,2281,250,52.89059829711914,0.2115623950958252,5.779618740081787,0.0975000262260437,570250
7,2282,250,36.804466247558594,0.14721786975860596,5.517187595367432,0.09710413217544556,570500
7,2283,250,11.597663879394531,0.046390656381845474,5.518219947814941,0.09670835733413696,570750
7,2284,250,18.35406494140625,0.07341626286506653,5.2576003074646,0.0963125228881836,571000
7,2285,250,187.30166625976562,0.7492066621780396,5.844690322875977,0.09591668844223022,571250
7,2286,250,113.94557189941406,0.45578229427337646,5.7225565910339355,0.09552085399627686,571500
7,2287,250,32.49650955200195,0.12998603284358978,5.649902820587158,0.09512501955032349,571750
7,2288,250,11.15966510772705,0.04463865980505943,5.453527450561523,0.09472918510437012,572000
7,2289,250,123.08780670166016,0.492351233959198,5.816899299621582,0.09433335065841675,572250
7,2290,250,13.10474967956543,0.05241899937391281,5.8227434158325195,0.09393751621246338,572500
7,2291,250,-25.81794548034668,-0.10327178239822388,5.5403265953063965,0.09354168176651001,572750
7,2292,250,-0.015101432800292969,-6.040573134669103e-05,5.456025123596191,0.09314584732055664,573000
7,2293,250,17.158655166625977,0.06863462179899216,5.990564346313477,0.09275001287460327,573250
7,2294,250,162.37611389160156,0.6495044827461243,5.605971813201904,0.0923541784286499,573500
7,2295,250,78.0644302368164,0.31225770711898804,5.692123889923096,0.09195834398269653,573750
7,2296,250,155.60719299316406,0.6224287748336792,5.271994590759277,0.09156250953674316,574000
7,2297,250,24.20097541809082,0.09680390357971191,5.637263298034668,0.0911666750907898,574250
7,2298,250,53.13151550292969,0.21252606809139252,5.532160758972168,0.09077084064483643,574500
7,2299,250,-16.569215774536133,-0.06627686321735382,5.310342788696289,0.09037500619888306,574750
7,2300,250,-15.998501777648926,-0.06399400532245636,5.211248397827148,0.08997917175292969,575000
7,2301,250,-2.4434328079223633,-0.009773731231689453,5.363296031951904,0.08958333730697632,575250
7,2302,250,16.387374877929688,0.06554950028657913,5.372880935668945,0.08918750286102295,575500
7,2303,250,21.88789939880371,0.08755160123109818,5.299045085906982,0.08879166841506958,575750
7,2304,250,118.723388671875,0.4748935401439667,5.324908256530762,0.08839583396911621,576000
7,2305,250,29.485088348388672,0.11794035136699677,5.441004276275635,0.08800005912780762,576250
7,2306,250,-43.179664611816406,-0.17271865904331207,5.229787349700928,0.08760416507720947,576500
7,2307,250,-20.289758682250977,-0.08115903288125992,4.995694160461426,0.08720839023590088,576750
7,2308,250,33.55817794799805,0.13423271477222443,4.872372627258301,0.08681249618530273,577000
7,2309,250,14.069953918457031,0.05627981573343277,5.297125816345215,0.08641672134399414,577250
7,2310,250,17.055030822753906,0.0682201236486435,5.1438984870910645,0.086020827293396,577500
7,2311,250,24.075363159179688,0.09630145132541656,5.019065856933594,0.0856250524520874,577750
7,2312,250,-28.347726821899414,-0.11339090764522552,4.921252727508545,0.08522915840148926,578000
7,2313,250,-17.63430404663086,-0.07053721696138382,5.374717712402344,0.08483338356018066,578250
7,2314,250,-57.78765869140625,-0.23115064203739166,5.260848522186279,0.08443748950958252,578500
7,2315,250,-21.919212341308594,-0.08767685294151306,4.9033026695251465,0.08404171466827393,578750
7,2316,250,-24.80837631225586,-0.09923350811004639,4.907830715179443,0.08364582061767578,579000
7,2317,250,-25.083829879760742,-0.10033532232046127,5.263230323791504,0.08325004577636719,579250
7,2318,250,-23.046796798706055,-0.09218718856573105,4.98915958404541,0.08285415172576904,579500
7,2319,250,-11.374747276306152,-0.04549898952245712,4.865313529968262,0.08245837688446045,579750
7,2320,250,-5.852068901062012,-0.023408275097608566,4.718399524688721,0.0820624828338623,580000
7,2321,250,59.820152282714844,0.2392806112766266,4.986181259155273,0.08166670799255371,580250
7,2322,250,13.161090850830078,0.05264436453580856,4.72597074508667,0.08127081394195557,580500
7,2323,250,13.488697052001953,0.05395478755235672,4.948971748352051,0.08087503910064697,580750
7,2324,250,19.73369598388672,0.07893478125333786,4.786926746368408,0.0804792046546936,581000
7,2325,250,45.80192565917969,0.183207705616951,4.912903308868408,0.08008337020874023,581250
7,2326,250,-20.295917510986328,-0.08118367195129395,4.758816242218018,0.07968753576278687,581500
7,2327,250,-51.87945556640625,-0.2075178176164627,4.6482367515563965,0.07929164171218872,581750
7,2328,250,-23.98105812072754,-0.09592423588037491,4.460277080535889,0.07889586687088013,582000
7,2329,250,-108.70626068115234,-0.43482503294944763,4.67799186706543,0.07849997282028198,582250
7,2330,250,5.072394847869873,0.020289579406380653,4.423473358154297,0.07810419797897339,582500
7,2331,250,-15.059548377990723,-0.06023819372057915,4.35872220993042,0.07770830392837524,582750
7,2332,250,-12.167646408081055,-0.048670586198568344,4.309622764587402,0.07731252908706665,583000
7,2333,250,-140.452880859375,-0.5618115067481995,4.5262932777404785,0.0769166350364685,583250
7,2334,250,-30.550336837768555,-0.1222013458609581,4.462034702301025,0.07652086019515991,583500
7,2335,250,-1.4674519300460815,-0.005869807675480843,4.329392433166504,0.07612496614456177,583750
7,2336,250,-37.420936584472656,-0.14968374371528625,4.293277740478516,0.07572919130325317,584000
7,2337,250,-126.13074493408203,-0.504522979259491,4.660245418548584,0.07533329725265503,584250
7,2338,250,29.364999771118164,0.11745999753475189,4.559823989868164,0.07493752241134644,584500
7,2339,250,-16.751224517822266,-0.06700489670038223,4.368415355682373,0.07454162836074829,584750
7,2340,250,-2.4576635360717773,-0.009830654598772526,4.447906017303467,0.0741458535194397,585000
7,2341,250,27.86016082763672,0.11144064366817474,4.640446186065674,0.07374995946884155,585250
7,2342,250,-167.19326782226562,-0.6687730550765991,4.520091533660889,0.07335418462753296,585500
7,2343,250,-23.685131072998047,-0.09474052488803864,4.468791961669922,0.07295835018157959,585750
7,2344,250,58.43654251098633,0.23374617099761963,4.405037879943848,0.07256251573562622,586000
7,2345,250,-83.61502075195312,-0.3344600796699524,4.568828582763672,0.07216668128967285,586250
7,2346,250,186.31863403320312,0.745274543762207,4.441589832305908,0.07177084684371948,586500
7,2347,250,-75.4893798828125,-0.30195751786231995,4.384629249572754,0.07137501239776611,586750
7,2348,250,-62.171043395996094,-0.24868416786193848,4.373080730438232,0.07097917795181274,587000
7,2349,250,-9.119749069213867,-0.03647899627685547,4.716442108154297,0.07058334350585938,587250
7,2350,250,-42.93084716796875,-0.1717233955860138,4.429559230804443,0.070187509059906,587500
7,2351,250,49.03866958618164,0.19615468382835388,4.334624767303467,0.06979167461395264,587750
7,2352,250,-65.91624450683594,-0.26366499066352844,4.414456367492676,0.06939584016799927,588000
7,2353,250,-30.411806106567383,-0.12164722383022308,4.847112655639648,0.0690000057220459,588250
7,2354,250,-36.030948638916016,-0.14412379264831543,4.600039482116699,0.06860417127609253,588500
7,2355,250,28.405122756958008,0.11362048983573914,4.485198020935059,0.06820833683013916,588750
7,2356,250,-45.5904655456543,-0.18236185610294342,4.3929524421691895,0.06781250238418579,589000
7,2357,250,-42.03465270996094,-0.16813860833644867,4.74576473236084,0.06741666793823242,589250
7,2358,250,-47.21177673339844,-0.1888471096754074,4.471096515655518,0.06702083349227905,589500
7,2359,250,41.719970703125,0.16687987744808197,4.335101127624512,0.06662499904632568,589750
7,2360,250,-17.98250389099121,-0.07193001359701157,4.274632930755615,0.06622916460037231,590000
7,2361,250,-24.342744827270508,-0.09737098217010498,4.785063743591309,0.06583333015441895,590250
7,2362,250,36.430015563964844,0.14572006464004517,4.3998236656188965,0.06543749570846558,590500
7,2363,250,-24.17679214477539,-0.09670716524124146,4.364250659942627,0.06504166126251221,590750
7,2364,250,44.59831237792969,0.17839324474334717,4.344728946685791,0.06464588642120361,591000
7,2365,250,-61.417808532714844,-0.24567122757434845,4.646321773529053,0.06424999237060547,591250
7,2366,250,-59.51996612548828,-0.23807986080646515,4.335971832275391,0.06385421752929688,591500
7,2367,250,-37.53919219970703,-0.15015676617622375,4.142943382263184,0.06345832347869873,591750
7,2368,250,-50.67348098754883,-0.20269392430782318,4.4086456298828125,0.06306254863739014,592000
7,2369,250,148.9330291748047,0.5957320928573608,4.397675037384033,0.06266665458679199,592250
7,2370,250,-72.56758117675781,-0.2902703285217285,4.223564624786377,0.0622708797454834,592500
7,2371,250,-40.927574157714844,-0.16371029615402222,4.316796779632568,0.061874985694885254,592750
7,2372,250,-54.44569396972656,-0.21778278052806854,4.14143705368042,0.06147921085357666,593000
7,2373,250,26.6248779296875,0.10649950802326202,4.369650363922119,0.061083316802978516,593250
7,2374,250,-39.271785736083984,-0.15708714723587036,4.260095596313477,0.06068754196166992,593500
7,2375,250,116.46112060546875,0.4658444821834564,4.071236610412598,0.06029164791107178,593750
7,2376,250,-42.430694580078125,-0.169722780585289,4.050218105316162,0.059895873069763184,594000
7,2377,250,-82.30628967285156,-0.3292251527309418,4.313214302062988,0.05949997901916504,594250
7,2378,250,-36.327457427978516,-0.14530983567237854,3.956242799758911,0.059104204177856445,594500
7,2379,250,-73.2255630493164,-0.29290226101875305,3.8567306995391846,0.0587083101272583,594750
7,2380,250,-66.2574462890625,-0.26502978801727295,3.7878730297088623,0.05831253528594971,595000
7,2381,250,-83.76695251464844,-0.3350678086280823,4.187407493591309,0.05791664123535156,595250
7,2382,250,-91.99659729003906,-0.36798638105392456,3.991769790649414,0.05752086639404297,595500
7,2383,250,-13.546575546264648,-0.05418630316853523,3.931060552597046,0.0571250319480896,595750
7,2384,250,-26.592660903930664,-0.10637064278125763,3.5627572536468506,0.05672919750213623,596000
7,2385,250,-13.088311195373535,-0.05235324427485466,4.030792713165283,0.05633336305618286,596250
7,2386,250,11.195206642150879,0.044780828058719635,3.780963659286499,0.05593752861022949,596500
7,2387,250,-32.29133224487305,-0.12916532158851624,3.552333354949951,0.05554169416427612,596750
7,2388,250,-81.64096069335938,-0.32656383514404297,3.6491963863372803,0.055145859718322754,597000
7,2389,250,-53.36524963378906,-0.2134609967470169,3.9237658977508545,0.054750025272369385,597250
7,2390,250,-33.35001754760742,-0.1334000676870346,3.514760732650757,0.054354190826416016,597500
7,2391,250,-66.90609741210938,-0.2676243782043457,3.3483965396881104,0.053958356380462646,597750
7,2392,250,-40.42439651489258,-0.16169758141040802,3.3641183376312256,0.05356252193450928,598000
7,2393,250,-43.872642517089844,-0.1754905730485916,3.6409618854522705,0.05316668748855591,598250
7,2394,250,4.390689849853516,0.017562760040163994,3.514514446258545,0.05277085304260254,598500
7,2395,250,-46.24422073364258,-0.18497687578201294,3.4653310775756836,0.05237501859664917,598750
7,2396,250,7.811181545257568,0.031244726851582527,3.3061535358428955,0.0519791841506958,599000
7,2397,250,-9.329191207885742,-0.03731676563620567,3.81185245513916,0.05158334970474243,599250
7,2398,250,-273.33392333984375,-1.093335747718811,3.4547677040100098,0.05118751525878906,599500
7,2399,250,-37.47554016113281,-0.14990216493606567,3.338329315185547,0.05079168081283569,599750
7,2400,250,-7.1457719802856445,-0.028583087027072906,3.228445529937744,0.050395846366882324,600000
7,2401,250,558.7794799804688,2.2351179122924805,3.6064090728759766,0.050000011920928955,600250
7,2402,250,85.80579376220703,0.3432231843471527,3.342608690261841,0.050000011920928955,600500
7,2403,250,-69.9096450805664,-0.2796385884284973,3.2408230304718018,0.050000011920928955,600750
7,2404,250,-69.09442901611328,-0.27637770771980286,3.189692258834839,0.050000011920928955,601000
7,2405,250,-185.61280822753906,-0.7424512505531311,3.992520570755005,0.050000011920928955,601250
7,2406,250,-75.68457794189453,-0.3027383089065552,3.73496675491333,0.050000011920928955,601500
7,2407,250,-161.5395050048828,-0.6461580395698547,3.684992551803589,0.050000011920928955,601750
7,2408,250,-139.4993896484375,-0.5579975843429565,3.4686031341552734,0.050000011920928955,602000
7,2409,250,-225.5912322998047,-0.9023649096488953,4.227537155151367,0.050000011920928955,602250
7,2410,250,-153.9312286376953,-0.6157249212265015,3.986021041870117,0.050000011920928955,602500
7,2411,250,-7.343137264251709,-0.029372548684477806,3.8456571102142334,0.050000011920928955,602750
7,2412,250,-25.073482513427734,-0.10029392689466476,3.62980318069458,0.050000011920928955,603000
7,2413,250,-133.01898193359375,-0.5320759415626526,4.403613090515137,0.050000011920928955,603250
7,2414,250,-74.71064758300781,-0.29884257912635803,4.046210289001465,0.050000011920928955,603500
7,2415,250,31.25516128540039,0.12502063810825348,3.956467628479004,0.050000011920928955,603750
7,2416,250,-1.09284508228302,-0.0043713804334402084,3.7921364307403564,0.050000011920928955,604000
7,2417,250,-1.0869783163070679,-0.004347913432866335,4.40008020401001,0.050000011920928955,604250
7,2418,250,-31.321035385131836,-0.1252841353416443,4.132013320922852,0.050000011920928955,604500
7,2419,250,55.29046630859375,0.2211618721485138,4.024182319641113,0.050000011920928955,604750
7,2420,250,-29.256677627563477,-0.11702670902013779,3.9206125736236572,0.050000011920928955,605000
7,2421,250,-37.378753662109375,-0.14951501786708832,4.497544765472412,0.050000011920928955,605250
7,2422,250,25.264404296875,0.10105761885643005,4.198462963104248,0.050000011920928955,605500
7,2423,250,-41.174156188964844,-0.1646966189146042,4.091310024261475,0.050000011920928955,605750
7,2424,250,19.20033836364746,0.0768013522028923,4.132134437561035,0.050000011920928955,606000
7,2425,250,10.338338851928711,0.04135335609316826,4.610982418060303,0.050000011920928955,606250
7,2426,250,-75.8106460571289,-0.30324259400367737,4.436290740966797,0.050000011920928955,606500
7,2427,250,-25.59262466430664,-0.1023705005645752,4.38738489151001,0.050000011920928955,606750
7,2428,250,-111.9205093383789,-0.4476820230484009,4.22541618347168,0.050000011920928955,607000
7,2429,250,-161.72525024414062,-0.64690101146698,4.692516326904297,0.050000011920928955,607250
7,2430,250,-28.890579223632812,-0.1155623197555542,4.557790756225586,0.050000011920928955,607500
7,2431,250,-46.71167755126953,-0.18684670329093933,4.577413558959961,0.050000011920928955,607750
7,2432,250,-24.99213409423828,-0.09996853768825531,4.360051155090332,0.050000011920928955,608000
7,2433,250,-51.59537124633789,-0.20638148486614227,4.8003153800964355,0.050000011920928955,608250
7,2434,250,-66.2748031616211,-0.2650992274284363,4.449033260345459,0.050000011920928955,608500
7,2435,250,-93.99726104736328,-0.37598904967308044,4.212465286254883,0.050000011920928955,608750
7,2436,250,-33.48857879638672,-0.13395431637763977,4.145863056182861,0.050000011920928955,609000
7,2437,250,-24.595266342163086,-0.09838106483221054,4.769951343536377,0.050000011920928955,609250
7,2438,250,-24.466938018798828,-0.09786774963140488,4.415523052215576,0.050000011920928955,609500
7,2439,250,-379.51171875,-1.5180468559265137,4.244251728057861,0.050000011920928955,609750
7,2440,250,-55.48515701293945,-0.22194062173366547,4.2691426277160645,0.050000011920928955,610000
7,2441,250,-41.077239990234375,-0.16430896520614624,5.13614559173584,0.050000011920928955,610250
7,2442,250,125.1618423461914,0.5006473660469055,4.643711566925049,0.050000011920928955,610500
7,2443,250,-38.887901306152344,-0.15555161237716675,4.5134758949279785,0.050000011920928955,610750
7,2444,250,-41.3045539855957,-0.16521821916103363,4.375870704650879,0.050000011920928955,611000
7,2445,250,14.437337875366211,0.05774935334920883,5.122286319732666,0.050000011920928955,611250
7,2446,250,-48.23525619506836,-0.19294102489948273,4.433465957641602,0.050000011920928955,611500
7,2447,250,9.866633415222168,0.039466533809900284,4.4445576667785645,0.050000011920928955,611750
7,2448,250,2.0331761837005615,0.00813270453363657,4.386331558227539,0.050000011920928955,612000
7,2449,250,-41.37215805053711,-0.16548863053321838,4.794830799102783,0.050000011920928955,612250
7,2450,250,-21.04159927368164,-0.08416640013456345,4.458642959594727,0.050000011920928955,612500
7,2451,250,-12.596139907836914,-0.050384558737277985,3.993128538131714,0.050000011920928955,612750
7,2452,250,-103.92030334472656,-0.41568121314048767,3.8986189365386963,0.050000011920928955,613000
7,2453,250,171.5245361328125,0.6860981583595276,4.6668381690979,0.050000011920928955,613250
7,2454,250,-38.52207565307617,-0.15408830344676971,4.18022346496582,0.050000011920928955,613500
7,2455,250,128.24026489257812,0.5129610300064087,3.8979833126068115,0.050000011920928955,613750
7,2456,250,-50.05419158935547,-0.20021677017211914,3.7081568241119385,0.050000011920928955,614000
7,2457,250,-16.582847595214844,-0.0663313940167427,4.25437593460083,0.050000011920928955,614250
7,2458,250,-21.136310577392578,-0.08454523980617523,4.125069618225098,0.050000011920928955,614500
7,2459,250,-25.522663116455078,-0.10209064930677414,3.702514171600342,0.050000011920928955,614750
7,2460,250,-29.21064567565918,-0.11684258282184601,3.6898276805877686,0.050000011920928955,615000
7,2461,250,-18.252758026123047,-0.07301103323698044,4.2460103034973145,0.050000011920928955,615250
7,2462,250,-28.018842697143555,-0.11207537353038788,3.97255277633667,0.050000011920928955,615500
7,2463,250,-28.978511810302734,-0.11591404676437378,3.7068769931793213,0.050000011920928955,615750
7,2464,250,-61.21650314331055,-0.2448660135269165,3.665043830871582,0.050000011920928955,616000
7,2465,250,-15.91391372680664,-0.06365565210580826,3.4475409984588623,0.050000011920928955,616250
7,2466,250,6.101434707641602,0.024405738338828087,3.268052101135254,0.050000011920928955,616500
7,2467,250,-4.812782287597656,-0.019251128658652306,3.182223081588745,0.050000011920928955,616750
7,2468,250,-14.584619522094727,-0.058338478207588196,3.108717679977417,0.050000011920928955,617000
7,2469,250,-15.425619125366211,-0.06170247495174408,3.185494899749756,0.050000011920928955,617250
7,2470,250,30.21533203125,0.12086132913827896,3.098384380340576,0.050000011920928955,617500
7,2471,250,-40.19367980957031,-0.16077472269535065,2.8231866359710693,0.050000011920928955,617750
7,2472,250,-10.694215774536133,-0.042776864022016525,2.8839855194091797,0.050000011920928955,618000
7,2473,250,42.14170837402344,0.16856683790683746,2.9822494983673096,0.050000011920928955,618250
7,2474,250,37.75262451171875,0.15101049840450287,2.9250237941741943,0.050000011920928955,618500
7,2475,250,-6.549957275390625,-0.0261998288333416,2.8063831329345703,0.050000011920928955,618750
7,2476,250,39.59741973876953,0.15838967263698578,2.8625497817993164,0.050000011920928955,619000
7,2477,250,72.2020263671875,0.28880810737609863,3.0388669967651367,0.050000011920928955,619250
7,2478,250,-11.771995544433594,-0.047087982296943665,2.9729223251342773,0.050000011920928955,619500
7,2479,250,4.794807434082031,0.01917923055589199,2.856532573699951,0.050000011920928955,619750
7,2480,250,15.478740692138672,0.06191496178507805,2.8122239112854004,0.050000011920928955,620000
7,2481,250,18.475645065307617,0.07390257716178894,2.9944751262664795,0.050000011920928955,620250
7,2482,250,10.831687927246094,0.04332675039768219,2.9339804649353027,0.050000011920928955,620500
7,2483,250,8.382474899291992,0.03352990001440048,2.910677433013916,0.050000011920928955,620750
7,2484,250,39.52381134033203,0.15809524059295654,2.831322193145752,0.050000011920928955,621000
7,2485,250,18.503408432006836,0.07401363551616669,3.1069273948669434,0.050000011920928955,621250
7,2486,250,-3.854605197906494,-0.015418420545756817,3.0538315773010254,0.050000011920928955,621500
7,2487,250,36.460575103759766,0.1458422988653183,2.89341139793396,0.050000011920928955,621750
7,2488,250,-39.765052795410156,-0.15906020998954773,2.8816845417022705,0.050000011920928955,622000
7,2489,250,23.911428451538086,0.0956457108259201,3.1245269775390625,0.050000011920928955,622250
7,2490,250,11.172229766845703,0.04468891769647598,3.1832387447357178,0.050000011920928955,622500
7,2491,250,-38.027740478515625,-0.1521109640598297,3.004610300064087,0.050000011920928955,622750
7,2492,250,50.52732849121094,0.20210930705070496,2.9420180320739746,0.050000011920928955,623000
7,2493,250,208.3837432861328,0.8335349559783936,3.180304765701294,0.050000011920928955,623250
7,2494,250,24.068552017211914,0.09627420455217361,3.0632174015045166,0.050000011920928955,623500
7,2495,250,99.5925064086914,0.39837002754211426,3.053457021713257,0.050000011920928955,623750
7,2496,250,2.2900190353393555,0.009160076268017292,2.879880666732788,0.050000011920928955,624000
7,2497,250,58.388057708740234,0.2335522323846817,3.1870412826538086,0.050000011920928955,624250
7,2498,250,-12.006357192993164,-0.048025429248809814,3.088899612426758,0.050000011920928955,624500
7,2499,250,6.570367813110352,0.02628147043287754,2.9424500465393066,0.050000011920928955,624750
7,2500,250,-2.3919925689697266,-0.009567970409989357,2.927284002304077,0.050000011920928955,625000
7,2501,250,94.26654815673828,0.3770661950111389,3.1592791080474854,0.050000011920928955,625250
7,2502,250,34.035884857177734,0.1361435353755951,2.993124485015869,0.050000011920928955,625500
7,2503,250,18.831584930419922,0.0753263384103775,3.004603624343872,0.050000011920928955,625750
7,2504,250,-5.4593963623046875,-0.021837584674358368,2.938636302947998,0.050000011920928955,626000
7,2505,250,107.74272918701172,0.4309709072113037,3.1187808513641357,0.050000011920928955,626250
7,2506,250,118.83584594726562,0.47534337639808655,3.0528855323791504,0.050000011920928955,626500
7,2507,250,45.165042877197266,0.1806601732969284,2.993381977081299,0.050000011920928955,626750
7,2508,250,109.67854309082031,0.4387141764163971,2.837646245956421,0.050000011920928955,627000
7,2509,250,94.92268371582031,0.3796907365322113,3.2177305221557617,0.050000011920928955,627250
7,2510,250,150.15065002441406,0.6006026268005371,3.036546230316162,0.050000011920928955,627500
7,2511,250,27.512807846069336,0.110051229596138,3.103868246078491,0.050000011920928955,627750
7,2512,250,109.37521362304688,0.43750086426734924,2.9841606616973877,0.050000011920928955,628000
7,2513,250,-30.236116409301758,-0.12094446271657944,3.3477509021759033,0.050000011920928955,628250
7,2514,250,40.084815979003906,0.16033926606178284,3.159205436706543,0.050000011920928955,628500
7,2515,250,73.96064758300781,0.29584258794784546,3.2218613624572754,0.050000011920928955,628750
7,2516,250,131.3804168701172,0.5255216956138611,3.1165778636932373,0.050000011920928955,629000
7,2517,250,175.447509765625,0.7017900347709656,3.4048938751220703,0.050000011920928955,629250
7,2518,250,78.70110321044922,0.31480440497398376,3.230090618133545,0.050000011920928955,629500
7,2519,250,85.57062530517578,0.3422825038433075,3.239865303039551,0.050000011920928955,629750
7,2520,250,-13.93061351776123,-0.05572245270013809,3.215440273284912,0.050000011920928955,630000
7,2521,250,163.9525909423828,0.6558103561401367,3.4622318744659424,0.050000011920928955,630250
7,2522,250,41.32141876220703,0.16528567671775818,3.296712875366211,0.050000011920928955,630500
7,2523,250,55.24824142456055,0.22099296748638153,3.42325496673584,0.050000011920928955,630750
7,2524,250,14.695576667785645,0.05878230556845665,3.2682485580444336,0.050000011920928955,631000
7,2525,250,114.21342468261719,0.4568536877632141,3.695194721221924,0.050000011920928955,631250
7,2526,250,66.99532318115234,0.26798129081726074,3.422645092010498,0.050000011920928955,631500
7,2527,250,72.62294006347656,0.2904917597770691,3.3725833892822266,0.050000011920928955,631750
7,2528,250,18.399646759033203,0.07359858602285385,3.1890358924865723,0.050000011920928955,632000
7,2529,250,24.747209548950195,0.098988838493824,3.5950613021850586,0.050000011920928955,632250
7,2530,250,28.04686737060547,0.1121874675154686,3.445145606994629,0.050000011920928955,632500
7,2531,250,23.01647186279297,0.09206588566303253,3.3019912242889404,0.050000011920928955,632750
7,2532,250,13.882859230041504,0.05553143844008446,3.260244607925415,0.050000011920928955,633000
7,2533,250,60.82981491088867,0.24331925809383392,3.601317882537842,0.050000011920928955,633250
7,2534,250,23.409061431884766,0.09363624453544617,3.4828710556030273,0.050000011920928955,633500
7,2535,250,32.30002212524414,0.12920008599758148,3.4815831184387207,0.050000011920928955,633750
7,2536,250,9.44071102142334,0.0377628430724144,3.339909553527832,0.050000011920928955,634000
7,2537,250,103.0172348022461,0.4120689332485199,3.724735975265503,0.050000011920928955,634250
7,2538,250,-18.59075355529785,-0.07436301559209824,3.5626089572906494,0.050000011920928955,634500
7,2539,250,52.666831970214844,0.21066732704639435,3.3984804153442383,0.050000011920928955,634750
7,2540,250,159.3782958984375,0.6375131607055664,3.4299263954162598,0.050000011920928955,635000
7,2541,250,66.38359069824219,0.265534371137619,3.736983299255371,0.050000011920928955,635250
7,2542,250,15.557116508483887,0.06222846731543541,3.3931634426116943,0.050000011920928955,635500
7,2543,250,98.56566619873047,0.3942626714706421,3.377044439315796,0.050000011920928955,635750
7,2544,250,123.6663818359375,0.4946655333042145,3.39906644821167,0.050000011920928955,636000
7,2545,250,91.27188110351562,0.3650875389575958,3.6701271533966064,0.050000011920928955,636250
7,2546,250,265.3115234375,1.0612460374832153,3.4437785148620605,0.050000011920928955,636500
7,2547,250,54.68806076049805,0.21875225007534027,3.3711698055267334,0.050000011920928955,636750
7,2548,250,141.50999450683594,0.5660399794578552,3.3282721042633057,0.050000011920928955,637000
7,2549,250,134.10609436035156,0.5364243984222412,3.589088201522827,0.050000011920928955,637250
7,2550,250,179.51837158203125,0.7180734872817993,3.477203845977783,0.050000011920928955,637500
7,2551,250,64.79155731201172,0.25916624069213867,3.506831407546997,0.050000011920928955,637750
7,2552,250,356.0091857910156,1.4240367412567139,3.485761880874634,0.050000011920928955,638000
7,2553,250,30.826581954956055,0.12330632656812668,3.7200210094451904,0.050000011920928955,638250
7,2554,250,113.78506469726562,0.45514026284217834,3.4299492835998535,0.050000011920928955,638500
7,2555,250,-2.060615062713623,-0.00824245996773243,3.44189453125,0.050000011920928955,638750
7,2556,250,-27.569255828857422,-0.11027702689170837,3.375730514526367,0.050000011920928955,639000
7,2557,250,7.041288375854492,0.02816515415906906,3.6803650856018066,0.050000011920928955,639250
7,2558,250,194.4643096923828,0.77785724401474,3.61898136138916,0.050000011920928955,639500
7,2559,250,224.89239501953125,0.899569571018219,3.4824368953704834,0.050000011920928955,639750
7,2560,250,135.43470764160156,0.5417388081550598,3.3466691970825195,0.050000011920928955,640000
7,2561,250,23.15447998046875,0.09261792153120041,3.6514570713043213,0.050000011920928955,640250
7,2562,250,46.621585845947266,0.1864863485097885,3.3781216144561768,0.050000011920928955,640500
7,2563,250,24.14194107055664,0.09656776487827301,3.2989494800567627,0.050000011920928955,640750
7,2564,250,31.968353271484375,0.12787340581417084,3.3241467475891113,0.050000011920928955,641000
7,2565,250,2.3033316135406494,0.009213326498866081,3.467933177947998,0.050000011920928955,641250
7,2566,250,-9.583333969116211,-0.038333334028720856,3.426661729812622,0.050000011920928955,641500
7,2567,250,103.39645385742188,0.4135858118534088,3.458001136779785,0.050000011920928955,641750
7,2568,250,29.825029373168945,0.11930011957883835,3.376910448074341,0.050000011920928955,642000
7,2569,250,102.58441925048828,0.4103376865386963,3.6740143299102783,0.050000011920928955,642250
7,2570,250,8.180962562561035,0.03272385150194168,3.5808932781219482,0.050000011920928955,642500
7,2571,250,4.008883953094482,0.01603553630411625,3.4423766136169434,0.050000011920928955,642750
7,2572,250,5.219480991363525,0.02087792381644249,3.5004589557647705,0.050000011920928955,643000
7,2573,250,91.00757598876953,0.36403030157089233,3.668891668319702,0.050000011920928955,643250
7,2574,250,25.261457443237305,0.10104583203792572,3.6416690349578857,0.050000011920928955,643500
7,2575,250,130.46556091308594,0.521862268447876,3.340001344680786,0.050000011920928955,643750
7,2576,250,-3.526693344116211,-0.014106773771345615,3.232167959213257,0.050000011920928955,644000
7,2577,250,66.2691879272461,0.26507675647735596,3.5762290954589844,0.050000011920928955,644250
7,2578,250,51.59789276123047,0.2063915729522705,3.5608203411102295,0.050000011920928955,644500
7,2579,250,-48.22157287597656,-0.19288629293441772,3.266183853149414,0.050000011920928955,644750
7,2580,250,103.22311401367188,0.4128924608230591,3.3357794284820557,0.050000011920928955,645000
7,2581,250,16.505390167236328,0.06602156162261963,3.7163166999816895,0.050000011920928955,645250
7,2582,250,76.36872100830078,0.3054748773574829,3.775991916656494,0.050000011920928955,645500
7,2583,250,109.736572265625,0.43894627690315247,3.4970598220825195,0.050000011920928955,645750
7,2584,250,127.08179473876953,0.5083271861076355,3.4720633029937744,0.050000011920928955,646000
7,2585,250,13.954710006713867,0.055818840861320496,3.7224602699279785,0.050000011920928955,646250
7,2586,250,28.24160385131836,0.11296641826629639,3.6845920085906982,0.050000011920928955,646500
7,2587,250,36.426292419433594,0.14570516347885132,3.421222448348999,0.050000011920928955,646750
7,2588,250,47.7943115234375,0.19117724895477295,3.3905158042907715,0.050000011920928955,647000
7,2589,250,70.04415893554688,0.28017663955688477,3.895883083343506,0.050000011920928955,647250
7,2590,250,60.204307556152344,0.24081723392009735,3.6731767654418945,0.050000011920928955,647500
7,2591,250,-24.85307502746582,-0.09941229969263077,3.6252036094665527,0.050000011920928955,647750
7,2592,250,-0.5880088806152344,-0.002352035604417324,3.5583910942077637,0.050000011920928955,648000
7,2593,250,32.95838928222656,0.13183355331420898,3.632718086242676,0.050000011920928955,648250
7,2594,250,106.1871337890625,0.4247485399246216,3.5769355297088623,0.050000011920928955,648500
7,2595,250,7.461535453796387,0.02984614111483097,3.427250862121582,0.050000011920928955,648750
7,2596,250,66.69869232177734,0.26679477095603943,3.37410044670105,0.050000011920928955,649000
7,2597,250,145.79429626464844,0.5831772089004517,3.576577663421631,0.050000011920928955,649250
7,2598,250,-60.59844207763672,-0.24239376187324524,3.335031509399414,0.050000011920928955,649500
7,2599,250,37.825531005859375,0.15130212903022766,3.370863914489746,0.050000011920928955,649750
7,2600,250,56.30043029785156,0.22520172595977783,3.3597514629364014,0.050000011920928955,650000
7,2601,250,182.57980346679688,0.7303192019462585,3.7449100017547607,0.050000011920928955,650250
7,2602,250,-40.90060806274414,-0.16360242664813995,3.6825063228607178,0.050000011920928955,650500
7,2603,250,-97.8468246459961,-0.39138728380203247,3.619321346282959,0.050000011920928955,650750
7,2604,250,-97.45587158203125,-0.3898234963417053,3.516038417816162,0.050000011920928955,651000
7,2605,250,161.8741455078125,0.6474965810775757,3.617147207260132,0.050000011920928955,651250
7,2606,250,-54.806095123291016,-0.21922437846660614,3.5323739051818848,0.050000011920928955,651500
7,2607,250,29.667522430419922,0.11867009103298187,3.3678853511810303,0.050000011920928955,651750
7,2608,250,-16.332752227783203,-0.06533101201057434,3.3765149116516113,0.050000011920928955,652000
7,2609,250,278.2642822265625,1.1130571365356445,3.650718927383423,0.050000011920928955,652250
7,2610,250,226.51699829101562,0.906067967414856,3.4037623405456543,0.050000011920928955,652500
7,2611,250,-7.6590094566345215,-0.03063603863120079,3.460170030593872,0.050000011920928955,652750
7,2612,250,-22.873910903930664,-0.09149564057588577,3.4551119804382324,0.050000011920928955,653000
7,2613,250,-29.758926391601562,-0.11903570592403412,3.5174107551574707,0.050000011920928955,653250
7,2614,250,222.88385009765625,0.8915354013442993,3.496744394302368,0.050000011920928955,653500
7,2615,250,-40.278045654296875,-0.16111218929290771,3.368194103240967,0.050000011920928955,653750
7,2616,250,-49.03513717651367,-0.19614054262638092,3.2619059085845947,0.050000011920928955,654000
7,2617,250,-35.27829360961914,-0.14111317694187164,3.6024904251098633,0.050000011920928955,654250
7,2618,250,-78.66262817382812,-0.3146505057811737,3.359055519104004,0.050000011920928955,654500
7,2619,250,-46.56210708618164,-0.18624842166900635,3.355072021484375,0.050000011920928955,654750
7,2620,250,-19.471555709838867,-0.07788622379302979,3.1158995628356934,0.050000011920928955,655000
7,2621,250,79.14673614501953,0.3165869414806366,3.493335485458374,0.050000011920928955,655250
7,2622,250,94.95277404785156,0.3798111081123352,3.375110149383545,0.050000011920928955,655500
7,2623,250,59.12868118286133,0.23651471734046936,3.4418747425079346,0.050000011920928955,655750
7,2624,250,67.2465591430664,0.26898622512817383,3.3978559970855713,0.050000011920928955,656000
7,2625,250,-47.3796272277832,-0.1895185112953186,3.4602255821228027,0.050000011920928955,656250
7,2626,250,-54.951419830322266,-0.21980567276477814,3.385542392730713,0.050000011920928955,656500
7,2627,250,-53.14723587036133,-0.21258893609046936,3.2604596614837646,0.050000011920928955,656750
7,2628,250,-39.06694412231445,-0.15626777708530426,3.223895311355591,0.050000011920928955,657000
7,2629,250,-44.823936462402344,-0.17929574847221375,3.314300537109375,0.050000011920928955,657250
7,2630,250,-78.95262145996094,-0.3158104717731476,3.156481981277466,0.050000011920928955,657500
7,2631,250,48.83345031738281,0.1953338086605072,3.0740442276000977,0.050000011920928955,657750
7,2632,250,-57.54160690307617,-0.23016642034053802,3.0430803298950195,0.050000011920928955,658000
7,2633,250,34.02510452270508,0.1361004114151001,3.3118720054626465,0.050000011920928955,658250
7,2634,250,-2.9100658893585205,-0.011640263721346855,3.212597608566284,0.050000011920928955,658500
7,2635,250,75.0735092163086,0.30029404163360596,3.045764923095703,0.050000011920928955,658750
7,2636,250,-30.500383377075195,-0.1220015361905098,3.1105034351348877,0.050000011920928955,659000
7,2637,250,-47.81645584106445,-0.19126582145690918,3.144580125808716,0.050000011920928955,659250
7,2638,250,104.07401275634766,0.4162960648536682,2.917726516723633,0.050000011920928955,659500
7,2639,250,114.60494232177734,0.4584197700023651,2.9467971324920654,0.050000011920928955,659750
7,2640,250,-63.763084411621094,-0.2550523281097412,2.9520668983459473,0.050000011920928955,660000
7,2641,250,-63.31919479370117,-0.2532767653465271,2.867340087890625,0.050000011920928955,660250
7,2642,250,116.67046356201172,0.4666818678379059,2.898244857788086,0.050000011920928955,660500
7,2643,250,143.17172241210938,0.5726869106292725,2.839326858520508,0.050000011920928955,660750
7,2644,250,-19.9052677154541,-0.07962106913328171,2.8314363956451416,0.050000011920928955,661000
7,2645,250,74.17779541015625,0.29671117663383484,3.001227855682373,0.050000011920928955,661250
7,2646,250,116.93852233886719,0.4677540957927704,2.8604507446289062,0.050000011920928955,661500
7,2647,250,-24.614334106445312,-0.09845733642578125,2.892331600189209,0.050000011920928955,661750
7,2648,250,12.613794326782227,0.05045517906546593,2.8555963039398193,0.050000011920928955,662000
7,2649,250,-15.30184555053711,-0.06120738387107849,2.938209056854248,0.050000011920928955,662250
7,2650,250,74.67849731445312,0.2987139821052551,2.832465410232544,0.050000011920928955,662500
7,2651,250,-21.559112548828125,-0.08623644709587097,2.9139411449432373,0.050000011920928955,662750
7,2652,250,22.84893798828125,0.09139575064182281,2.8124213218688965,0.050000011920928955,663000
7,2653,250,22.92641258239746,0.09170565009117126,2.915405511856079,0.050000011920928955,663250
7,2654,250,135.61160278320312,0.5424464344978333,2.8630831241607666,0.050000011920928955,663500
7,2655,250,88.90272521972656,0.3556109070777893,2.7909493446350098,0.050000011920928955,663750
7,2656,250,24.33396339416504,0.09733585268259048,2.7778491973876953,0.050000011920928955,664000
7,2657,250,-50.29621124267578,-0.20118483901023865,2.876241445541382,0.050000011920928955,664250
7,2658,250,-53.60991287231445,-0.21443964540958405,2.786356210708618,0.050000011920928955,664500
7,2659,250,-47.435550689697266,-0.18974220752716064,2.789339303970337,0.050000011920928955,664750
7,2660,250,-39.49480056762695,-0.15797920525074005,2.812816858291626,0.050000011920928955,665000
7,2661,250,-35.47298049926758,-0.14189192652702332,2.8844823837280273,0.050000011920928955,665250
7,2662,250,66.3102798461914,0.2652411162853241,2.816338300704956,0.050000011920928955,665500
7,2663,250,8.365882873535156,0.033463530242443085,2.686728000640869,0.050000011920928955,665750
7,2664,250,92.16546630859375,0.3686618506908417,2.6839544773101807,0.050000011920928955,666000
7,2665,250,-0.07965028285980225,-0.0003186011454090476,2.9189608097076416,0.050000011920928955,666250
7,2666,250,199.8504180908203,0.7994017004966736,2.735938310623169,0.050000011920928955,666500
7,2667,250,-29.26531410217285,-0.11706125736236572,2.8792662620544434,0.050000011920928955,666750
7,2668,250,6.608673095703125,0.02643469162285328,2.8178064823150635,0.050000011920928955,667000
7,2669,250,125.08624267578125,0.50034499168396,2.9843575954437256,0.050000011920928955,667250
7,2670,250,36.3912353515625,0.1455649435520172,2.901310920715332,0.050000011920928955,667500
7,2671,250,51.61429977416992,0.2064571976661682,2.897488832473755,0.050000011920928955,667750
7,2672,250,-35.05704116821289,-0.14022816717624664,2.9165258407592773,0.050000011920928955,668000
7,2673,250,124.13581085205078,0.4965432286262512,2.85788893699646,0.050000011920928955,668250
7,2674,250,-17.199954986572266,-0.06879982352256775,2.8989861011505127,0.050000011920928955,668500
7,2675,250,95.83394622802734,0.38333579897880554,2.936223268508911,0.050000011920928955,668750
7,2676,250,35.91777038574219,0.14367108047008514,2.8068299293518066,0.050000011920928955,669000
7,2677,250,110.17041778564453,0.44068166613578796,3.0917484760284424,0.050000011920928955,669250
7,2678,250,152.26235961914062,0.6090494394302368,2.9611613750457764,0.050000011920928955,669500
7,2679,250,66.40271759033203,0.26561087369918823,2.9578380584716797,0.050000011920928955,669750
7,2680,250,5.231613636016846,0.020926455035805702,2.9533562660217285,0.050000011920928955,670000
7,2681,250,15.35379409790039,0.0614151768386364,3.1088666915893555,0.050000011920928955,670250
7,2682,250,34.581581115722656,0.13832631707191467,3.1035099029541016,0.050000011920928955,670500
7,2683,250,113.71403503417969,0.45485612750053406,3.162611961364746,0.050000011920928955,670750
7,2684,250,8.31302547454834,0.03325210139155388,3.0701828002929688,0.050000011920928955,671000
7,2685,250,115.77674102783203,0.4631069600582123,3.0947635173797607,0.050000011920928955,671250
7,2686,250,108.31717681884766,0.4332686960697174,3.036815881729126,0.050000011920928955,671500
7,2687,250,16.057456970214844,0.06422983109951019,3.0604631900787354,0.050000011920928955,671750
7,2688,250,35.43502426147461,0.1417400985956192,3.2008185386657715,0.050000011920928955,672000
7,2689,250,-8.546302795410156,-0.03418521210551262,3.0382473468780518,0.050000011920928955,672250
7,2690,250,-25.010669708251953,-0.1000426784157753,3.1727030277252197,0.050000011920928955,672500
7,2691,250,74.05939483642578,0.296237587928772,3.0367183685302734,0.050000011920928955,672750
7,2692,250,0.3551619052886963,0.0014206476043909788,3.133405923843384,0.050000011920928955,673000
7,2693,250,253.29237365722656,1.013169527053833,3.3751962184906006,0.050000011920928955,673250
7,2694,250,116.01079559326172,0.46404317021369934,3.209712028503418,0.050000011920928955,673500
7,2695,250,70.23211669921875,0.28092846274375916,3.1157078742980957,0.050000011920928955,673750
7,2696,250,28.853782653808594,0.11541513353586197,3.128026008605957,0.050000011920928955,674000
7,2697,250,260.3297424316406,1.0413190126419067,3.2491769790649414,0.050000011920928955,674250
7,2698,250,91.92369079589844,0.36769476532936096,3.1499156951904297,0.050000011920928955,674500
7,2699,250,85.14737701416016,0.3405894935131073,3.327547788619995,0.050000011920928955,674750
7,2700,250,60.207916259765625,0.240831658244133,3.29065203666687,0.050000011920928955,675000
7,2701,250,118.9149169921875,0.47565966844558716,3.274710178375244,0.050000011920928955,675250
7,2702,250,80.95223236083984,0.3238089382648468,3.231180191040039,0.050000011920928955,675500
7,2703,250,202.3389434814453,0.8093557953834534,3.30224347114563,0.050000011920928955,675750
7,2704,250,270.51837158203125,1.082073450088501,3.2406325340270996,0.050000011920928955,676000
7,2705,250,80.95695495605469,0.3238278329372406,3.384115219116211,0.050000011920928955,676250
7,2706,250,101.14846801757812,0.40459388494491577,3.1819214820861816,0.050000011920928955,676500
7,2707,250,114.6627197265625,0.4586508870124817,3.1883156299591064,0.050000011920928955,676750
7,2708,250,103.16288757324219,0.41265153884887695,3.326627254486084,0.050000011920928955,677000
7,2709,250,62.39520263671875,0.24958081543445587,3.4151487350463867,0.050000011920928955,677250
7,2710,250,37.09408187866211,0.14837633073329926,3.241487741470337,0.050000011920928955,677500
7,2711,250,206.5022430419922,0.8260089755058289,3.280726671218872,0.050000011920928955,677750
7,2712,250,137.89732360839844,0.55158931016922,3.346721887588501,0.050000011920928955,678000
7,2713,250,243.37115478515625,0.9734846353530884,3.296156883239746,0.050000011920928955,678250
7,2714,250,48.525550842285156,0.1941021978855133,3.1607019901275635,0.050000011920928955,678500
7,2715,250,62.234615325927734,0.2489384561777115,3.3012359142303467,0.050000011920928955,678750
7,2716,250,76.07585144042969,0.3043034076690674,3.2306578159332275,0.050000011920928955,679000
7,2717,250,46.933494567871094,0.1877339780330658,3.445225715637207,0.050000011920928955,679250
7,2718,250,94.62923431396484,0.37851694226264954,3.4217846393585205,0.050000011920928955,679500
7,2719,250,77.12372589111328,0.30849489569664,3.23744535446167,0.050000011920928955,679750
7,2720,250,67.06816864013672,0.26827266812324524,3.4344353675842285,0.050000011920928955,680000
7,2721,250,3.944068431854248,0.015776272863149643,3.433281660079956,0.050000011920928955,680250
7,2722,250,45.32890701293945,0.18131563067436218,3.3369264602661133,0.050000011920928955,680500
7,2723,250,9.16724681854248,0.036668986082077026,3.238382339477539,0.050000011920928955,680750
7,2724,250,110.97382354736328,0.44389528036117554,3.302713394165039,0.050000011920928955,681000
7,2725,250,133.64523315429688,0.5345809459686279,3.635215997695923,0.050000011920928955,681250
7,2726,250,122.54466247558594,0.490178644657135,3.4268078804016113,0.050000011920928955,681500
7,2727,250,64.2701416015625,0.2570805549621582,3.246598720550537,0.050000011920928955,681750
7,2728,250,101.63932800292969,0.4065573215484619,3.3925206661224365,0.050000011920928955,682000
7,2729,250,53.43822479248047,0.2137528955936432,3.4827897548675537,0.050000011920928955,682250
7,2730,250,21.53364372253418,0.08613457530736923,3.4528863430023193,0.050000011920928955,682500
7,2731,250,20.93698501586914,0.08374793827533722,3.442734479904175,0.050000011920928955,682750
7,2732,250,62.56261444091797,0.2502504587173462,3.2240500450134277,0.050000011920928955,683000
7,2733,250,71.16024017333984,0.28464096784591675,3.5614013671875,0.050000011920928955,683250
7,2734,250,58.610595703125,0.23444238305091858,3.3047432899475098,0.050000011920928955,683500
7,2735,250,142.43661499023438,0.5697464346885681,3.3428332805633545,0.050000011920928955,683750
7,2736,250,38.69963836669922,0.15479855239391327,3.2878005504608154,0.050000011920928955,684000
7,2737,250,61.28579330444336,0.24514317512512207,3.544511318206787,0.050000011920928955,684250
7,2738,250,27.42084312438965,0.10968337208032608,3.4905991554260254,0.050000011920928955,684500
7,2739,250,90.2925033569336,0.3611700236797333,3.457399606704712,0.050000011920928955,684750
7,2740,250,48.99382400512695,0.19597528874874115,3.2968881130218506,0.050000011920928955,685000
7,2741,250,18.89189910888672,0.07556759566068649,3.455484390258789,0.050000011920928955,685250
7,2742,250,66.43417358398438,0.2657366991043091,3.2479724884033203,0.050000011920928955,685500
7,2743,250,127.38904571533203,0.5095561742782593,3.312136650085449,0.050000011920928955,685750
7,2744,250,63.03717041015625,0.25214868783950806,3.228123188018799,0.050000011920928955,686000
7,2745,250,79.51498413085938,0.3180599510669708,3.3405165672302246,0.050000011920928955,686250
7,2746,250,98.87028503417969,0.395481139421463,3.0976247787475586,0.050000011920928955,686500
7,2747,250,53.0887336730957,0.21235492825508118,3.3256115913391113,0.050000011920928955,686750
7,2748,250,324.23736572265625,1.2969495058059692,3.2426810264587402,0.050000011920928955,687000
7,2749,250,286.48260498046875,1.1459304094314575,3.325648307800293,0.050000011920928955,687250
7,2750,250,179.92063903808594,0.7196825742721558,3.2963128089904785,0.050000011920928955,687500
7,2751,250,90.58277130126953,0.3623310923576355,3.243049144744873,0.050000011920928955,687750
7,2752,250,109.08272552490234,0.4363309144973755,3.2851788997650146,0.050000011920928955,688000
7,2753,250,93.23979949951172,0.3729591965675354,3.1147711277008057,0.050000011920928955,688250
7,2754,250,96.19503784179688,0.3847801387310028,3.117170572280884,0.050000011920928955,688500
7,2755,250,61.6689567565918,0.24667583405971527,3.153977155685425,0.050000011920928955,688750
7,2756,250,53.0781364440918,0.21231254935264587,3.120497703552246,0.050000011920928955,689000
7,2757,250,72.0733642578125,0.2882934510707855,3.2009646892547607,0.050000011920928955,689250
7,2758,250,45.60924530029297,0.1824369877576828,3.1611928939819336,0.050000011920928955,689500
7,2759,250,82.00865936279297,0.3280346393585205,3.119208574295044,0.050000011920928955,689750
7,2760,250,91.32340240478516,0.36529362201690674,3.1048359870910645,0.050000011920928955,690000
7,2761,250,113.99952697753906,0.45599812269210815,3.2435660362243652,0.050000011920928955,690250
7,2762,250,73.38346862792969,0.2935338616371155,3.0423269271850586,0.050000011920928955,690500
7,2763,250,107.0971908569336,0.428388774394989,3.054086923599243,0.050000011920928955,690750
7,2764,250,142.27896118164062,0.5691158175468445,3.00211501121521,0.050000011920928955,691000
7,2765,250,127.10904693603516,0.5084362030029297,3.083895206451416,0.050000011920928955,691250
7,2766,250,67.76001739501953,0.27104008197784424,3.098965644836426,0.050000011920928955,691500
7,2767,250,155.09593200683594,0.6203837394714355,3.1412391662597656,0.050000011920928955,691750
7,2768,250,119.76493072509766,0.47905972599983215,3.023493528366089,0.050000011920928955,692000
7,2769,250,65.05184936523438,0.2602073848247528,3.061661720275879,0.050000011920928955,692250
7,2770,250,87.23280334472656,0.348931223154068,3.000211715698242,0.050000011920928955,692500
7,2771,250,104.23751068115234,0.4169500470161438,3.0948779582977295,0.050000011920928955,692750
7,2772,250,91.9045181274414,0.3676180839538574,2.9058194160461426,0.050000011920928955,693000
7,2773,250,91.56298065185547,0.3662519156932831,3.1258373260498047,0.050000011920928955,693250
7,2774,250,23.702491760253906,0.09480996429920197,2.996675729751587,0.050000011920928955,693500
7,2775,250,262.416259765625,1.049665093421936,3.040390729904175,0.050000011920928955,693750
7,2776,250,80.75653076171875,0.3230261206626892,2.9427928924560547,0.050000011920928955,694000
7,2777,250,92.15969848632812,0.3686387836933136,3.135134696960449,0.050000011920928955,694250
7,2778,250,92.49516296386719,0.36998066306114197,3.0293819904327393,0.050000011920928955,694500
7,2779,250,69.69867706298828,0.27879470586776733,2.9986023902893066,0.050000011920928955,694750
7,2780,250,45.84020233154297,0.18336081504821777,2.8996479511260986,0.050000011920928955,695000
7,2781,250,64.92945098876953,0.25971779227256775,3.029524326324463,0.050000011920928955,695250
7,2782,250,55.18570327758789,0.22074280679225922,2.864004135131836,0.050000011920928955,695500
7,2783,250,26.391782760620117,0.10556712746620178,2.8461575508117676,0.050000011920928955,695750
7,2784,250,44.83729553222656,0.17934918403625488,2.8394296169281006,0.050000011920928955,696000
7,2785,250,83.07660675048828,0.3323064148426056,2.8945374488830566,0.050000011920928955,696250
7,2786,250,31.606287002563477,0.1264251470565796,2.7978670597076416,0.050000011920928955,696500
7,2787,250,79.35857391357422,0.31743428111076355,2.755873441696167,0.050000011920928955,696750
7,2788,250,48.993568420410156,0.19597427546977997,2.811793088912964,0.050000011920928955,697000
7,2789,250,18.164201736450195,0.07265681028366089,2.6914663314819336,0.050000011920928955,697250
7,2790,250,41.4472770690918,0.16578911244869232,2.5790817737579346,0.050000011920928955,697500
7,2791,250,48.4694938659668,0.19387798011302948,2.593343496322632,0.050000011920928955,697750
7,2792,250,62.50484085083008,0.250019371509552,2.529057741165161,0.050000011920928955,698000
7,2793,250,59.95844650268555,0.2398337870836258,2.646580696105957,0.050000011920928955,698250
7,2794,250,133.67637634277344,0.5347055196762085,2.643883466720581,0.050000011920928955,698500
7,2795,250,88.66136932373047,0.3546454906463623,2.6181766986846924,0.050000011920928955,698750
7,2796,250,45.151573181152344,0.18060629069805145,2.455759286880493,0.050000011920928955,699000
7,2797,250,72.2417221069336,0.2889668941497803,2.5550291538238525,0.050000011920928955,699250
7,2798,250,102.13311767578125,0.4085324704647064,2.519674301147461,0.050000011920928955,699500
7,2799,250,62.30803298950195,0.24923212826251984,2.59871244430542,0.050000011920928955,699750
7,2800,250,92.9281234741211,0.37171250581741333,2.52445912361145,0.050000011920928955,700000
7,2801,250,83.02127838134766,0.33208510279655457,2.5741350650787354,0.050000011920928955,700250
7,2802,250,100.61228942871094,0.4024491608142853,2.5118863582611084,0.050000011920928955,700500
7,2803,250,110.06657409667969,0.44026631116867065,2.5789339542388916,0.050000011920928955,700750
7,2804,250,113.37825012207031,0.4535129964351654,2.4558942317962646,0.050000011920928955,701000
7,2805,250,46.368019104003906,0.18547207117080688,2.4391896724700928,0.050000011920928955,701250
7,2806,250,144.89175415039062,0.579567015171051,2.4246716499328613,0.050000011920928955,701500
7,2807,250,166.2781524658203,0.6651126146316528,2.3689157962799072,0.050000011920928955,701750
7,2808,250,30.480140686035156,0.12192056328058243,2.4336938858032227,0.050000011920928955,702000
7,2809,250,79.94523620605469,0.31978094577789307,2.4036448001861572,0.050000011920928955,702250
7,2810,250,212.6127471923828,0.8504509925842285,2.5141170024871826,0.050000011920928955,702500
7,2811,250,58.72541046142578,0.23490163683891296,2.4632203578948975,0.050000011920928955,702750
7,2812,250,66.11257934570312,0.2644503116607666,2.5923829078674316,0.050000011920928955,703000
7,2813,250,35.11898422241211,0.14047594368457794,2.574793815612793,0.050000011920928955,703250
7,2814,250,135.37400817871094,0.5414960384368896,2.5507776737213135,0.050000011920928955,703500
7,2815,250,-21.461200714111328,-0.08584479987621307,2.4086174964904785,0.050000011920928955,703750
7,2816,250,50.67591857910156,0.20270366966724396,2.5903525352478027,0.050000011920928955,704000
7,2817,250,-42.01667022705078,-0.16806668043136597,2.6565256118774414,0.050000011920928955,704250
7,2818,250,-10.357867240905762,-0.04143146798014641,2.71541166305542,0.050000011920928955,704500
7,2819,250,125.41588592529297,0.5016635656356812,2.7471814155578613,0.050000011920928955,704750
7,2820,250,111.57640838623047,0.44630563259124756,2.7689709663391113,0.050000011920928955,705000
7,2821,250,103.6137466430664,0.41445499658584595,2.8120455741882324,0.050000011920928955,705250
7,2822,250,76.19803619384766,0.3047921359539032,2.744680166244507,0.050000011920928955,705500
7,2823,250,-132.50778198242188,-0.530031144618988,2.8323020935058594,0.050000011920928955,705750
7,2824,250,36.157772064208984,0.14463108777999878,2.7968122959136963,0.050000011920928955,706000
7,2825,250,183.1082305908203,0.7324329018592834,2.9342386722564697,0.050000011920928955,706250
7,2826,250,199.28387451171875,0.7971354722976685,2.8678410053253174,0.050000011920928955,706500
7,2827,250,-21.001140594482422,-0.08400456607341766,3.014059066772461,0.050000011920928955,706750
7,2828,250,85.61583709716797,0.34246334433555603,2.8763177394866943,0.050000011920928955,707000
7,2829,250,110.18453216552734,0.44073814153671265,3.0626578330993652,0.050000011920928955,707250
7,2830,250,110.10289001464844,0.4404115676879883,2.933326005935669,0.050000011920928955,707500
7,2831,250,-66.36056518554688,-0.26544225215911865,2.943267345428467,0.050000011920928955,707750
7,2832,250,30.215457916259766,0.12086182832717896,3.005872964859009,0.050000011920928955,708000
7,2833,250,6.002589225769043,0.02401035651564598,3.1018712520599365,0.050000011920928955,708250
7,2834,250,92.11117553710938,0.3684447109699249,3.160754680633545,0.050000011920928955,708500
7,2835,250,174.29666137695312,0.6971866488456726,3.0569205284118652,0.050000011920928955,708750
7,2836,250,154.00364685058594,0.6160145998001099,3.087143898010254,0.050000011920928955,709000
7,2837,250,143.774169921875,0.5750966668128967,3.203866720199585,0.050000011920928955,709250
7,2838,250,169.57579040527344,0.6783031821250916,3.259040594100952,0.050000011920928955,709500
7,2839,250,168.5322723388672,0.674129068851471,3.199768304824829,0.050000011920928955,709750
7,2840,250,204.74822998046875,0.8189929127693176,3.185345411300659,0.050000011920928955,710000
7,2841,250,56.997344970703125,0.22798937559127808,3.3874456882476807,0.050000011920928955,710250
7,2842,250,123.00695037841797,0.49202778935432434,3.1762194633483887,0.050000011920928955,710500
7,2843,250,151.28794860839844,0.6051517724990845,3.1440699100494385,0.050000011920928955,710750
7,2844,250,78.21458435058594,0.31285834312438965,3.210134267807007,0.050000011920928955,711000
7,2845,250,86.36915588378906,0.3454766273498535,3.5698304176330566,0.050000011920928955,711250
7,2846,250,69.79248046875,0.2791699171066284,3.3320531845092773,0.050000011920928955,711500
7,2847,250,5.6221089363098145,0.022488435730338097,3.4234583377838135,0.050000011920928955,711750
7,2848,250,50.63456726074219,0.20253826677799225,3.4373040199279785,0.050000011920928955,712000
7,2849,250,65.54427337646484,0.26217707991600037,3.6865086555480957,0.050000011920928955,712250
7,2850,250,166.49195861816406,0.6659678220748901,3.6143112182617188,0.050000011920928955,712500
7,2851,250,178.0257568359375,0.712103009223938,3.4731743335723877,0.050000011920928955,712750
7,2852,250,102.04962158203125,0.4081984758377075,3.382159471511841,0.050000011920928955,713000
7,2853,250,91.6526870727539,0.36661073565483093,3.6443064212799072,0.050000011920928955,713250
7,2854,250,34.41716384887695,0.1376686543226242,3.5083346366882324,0.050000011920928955,713500
7,2855,250,78.55448150634766,0.3142179250717163,3.442267894744873,0.050000011920928955,713750
7,2856,250,85.79823303222656,0.3431929349899292,3.484236717224121,0.050000011920928955,714000
7,2857,250,157.67337036132812,0.6306934952735901,3.7142527103424072,0.050000011920928955,714250
7,2858,250,212.43374633789062,0.8497349619865417,3.4650187492370605,0.050000011920928955,714500
7,2859,250,198.76951599121094,0.7950780391693115,3.3866546154022217,0.050000011920928955,714750
7,2860,250,118.16560363769531,0.47266241908073425,3.408435344696045,0.050000011920928955,715000
7,2861,250,230.73997497558594,0.9229599237442017,3.5175254344940186,0.050000011920928955,715250
7,2862,250,216.55035400390625,0.8662014007568359,3.407014846801758,0.050000011920928955,715500
7,2863,250,99.07279205322266,0.39629116654396057,3.4373655319213867,0.050000011920928955,715750
7,2864,250,115.7171401977539,0.4628685712814331,3.4416394233703613,0.050000011920928955,716000
7,2865,250,274.044189453125,1.0961767435073853,3.485154390335083,0.050000011920928955,716250
7,2866,250,75.42909240722656,0.3017163574695587,3.6292402744293213,0.050000011920928955,716500
7,2867,250,141.1652374267578,0.5646609663963318,3.4053122997283936,0.050000011920928955,716750
7,2868,250,91.54879760742188,0.3661952018737793,3.610173225402832,0.050000011920928955,717000
7,2869,250,96.83186340332031,0.3873274624347687,3.5839359760284424,0.050000011920928955,717250
7,2870,250,116.03649139404297,0.4641459584236145,3.499312162399292,0.050000011920928955,717500
7,2871,250,251.33299255371094,1.0053319931030273,3.3274474143981934,0.050000011920928955,717750
7,2872,250,71.62086486816406,0.2864834666252136,3.333817481994629,0.050000011920928955,718000
7,2873,250,52.8247184753418,0.211298868060112,3.57419490814209,0.050000011920928955,718250
7,2874,250,109.56073760986328,0.43824294209480286,3.4242351055145264,0.050000011920928955,718500
7,2875,250,207.10052490234375,0.8284021019935608,3.3606786727905273,0.050000011920928955,718750
7,2876,250,30.824886322021484,0.12329954653978348,3.4515349864959717,0.050000011920928955,719000
7,2877,250,90.61164855957031,0.3624466061592102,3.5504331588745117,0.050000011920928955,719250
7,2878,250,75.8504409790039,0.30340176820755005,3.4365074634552,0.050000011920928955,719500
7,2879,250,0.7200925350189209,0.002880370244383812,3.352356195449829,0.050000011920928955,719750
7,2880,250,194.70372009277344,0.7788148522377014,3.343971014022827,0.050000011920928955,720000
7,2881,250,47.8374137878418,0.19134965538978577,3.5152695178985596,0.050000011920928955,720250
7,2882,250,-21.87465476989746,-0.08749862015247345,3.434962511062622,0.050000011920928955,720500
7,2883,250,287.2975158691406,1.149190068244934,3.4212615489959717,0.050000011920928955,720750
7,2884,250,127.02183532714844,0.5080873370170593,3.4225151538848877,0.050000011920928955,721000
7,2885,250,321.1264953613281,1.2845059633255005,3.6750214099884033,0.050000011920928955,721250
7,2886,250,139.99290466308594,0.5599716305732727,3.467233896255493,0.050000011920928955,721500
7,2887,250,301.1422119140625,1.204568862915039,3.3976261615753174,0.050000011920928955,721750
7,2888,250,47.87771224975586,0.1915108561515808,3.3913934230804443,0.050000011920928955,722000
7,2889,250,132.71560668945312,0.5308624505996704,3.6403369903564453,0.050000011920928955,722250
7,2890,250,31.394845962524414,0.12557938694953918,3.567312717437744,0.050000011920928955,722500
7,2891,250,94.90576934814453,0.37962308526039124,3.480740785598755,0.050000011920928955,722750
7,2892,250,60.948551177978516,0.24379420280456543,3.468273401260376,0.050000011920928955,723000
7,2893,250,212.05673217773438,0.8482269048690796,3.610598564147949,0.050000011920928955,723250
7,2894,250,179.47865295410156,0.7179146409034729,3.4468994140625,0.050000011920928955,723500
7,2895,250,129.84461975097656,0.5193784832954407,3.400350332260132,0.050000011920928955,723750
7,2896,250,198.56422424316406,0.7942569255828857,3.3986761569976807,0.050000011920928955,724000
7,2897,250,226.41616821289062,0.9056646823883057,3.6035218238830566,0.050000011920928955,724250
7,2898,250,77.44501495361328,0.3097800612449646,3.552175998687744,0.050000011920928955,724500
7,2899,250,83.36062622070312,0.3334425091743469,3.5537099838256836,0.050000011920928955,724750
7,2900,250,92.86383056640625,0.3714553117752075,3.512465476989746,0.050000011920928955,725000
7,2901,250,31.778268814086914,0.12711307406425476,3.6148900985717773,0.050000011920928955,725250
7,2902,250,250.55284118652344,1.002211332321167,3.6630454063415527,0.050000011920928955,725500
7,2903,250,186.1295623779297,0.7445182204246521,3.416330575942993,0.050000011920928955,725750
7,2904,250,111.0479736328125,0.44419190287590027,3.315486431121826,0.050000011920928955,726000
7,2905,250,92.92255401611328,0.37169021368026733,3.5695204734802246,0.050000011920928955,726250
7,2906,250,345.1653137207031,1.3806612491607666,3.4111709594726562,0.050000011920928955,726500
7,2907,250,119.85702514648438,0.47942811250686646,3.3754847049713135,0.050000011920928955,726750
7,2908,250,135.97726440429688,0.5439090728759766,3.256127119064331,0.050000011920928955,727000
7,2909,250,258.59246826171875,1.0343698263168335,3.518573760986328,0.050000011920928955,727250
7,2910,250,162.89830017089844,0.6515932083129883,3.431192398071289,0.050000011920928955,727500
7,2911,250,123.95462036132812,0.49581849575042725,3.367284059524536,0.050000011920928955,727750
7,2912,250,204.7364959716797,0.8189460039138794,3.271921157836914,0.050000011920928955,728000
7,2913,250,172.3994903564453,0.6895979642868042,3.319020986557007,0.050000011920928955,728250
7,2914,250,92.29277038574219,0.3691710829734802,3.254805564880371,0.050000011920928955,728500
7,2915,250,189.8792724609375,0.7595170736312866,3.169086456298828,0.050000011920928955,728750
7,2916,250,216.48147583007812,0.8659259080886841,3.115194320678711,0.050000011920928955,729000
7,2917,250,238.31631469726562,0.9532652497291565,3.403299570083618,0.050000011920928955,729250
7,2918,250,221.49185180664062,0.8859674334526062,3.2964072227478027,0.050000011920928955,729500
7,2919,250,92.6423110961914,0.37056925892829895,3.2278075218200684,0.050000011920928955,729750
7,2920,250,109.4375228881836,0.43775010108947754,3.0249876976013184,0.050000011920928955,730000
7,2921,250,95.34355163574219,0.38137421011924744,3.2536680698394775,0.050000011920928955,730250
7,2922,250,142.134033203125,0.5685361623764038,3.221708059310913,0.050000011920928955,730500
7,2923,250,162.0096893310547,0.6480387449264526,3.0602591037750244,0.050000011920928955,730750
7,2924,250,117.29051971435547,0.46916207671165466,2.95729660987854,0.050000011920928955,731000
7,2925,250,198.01724243164062,0.7920689582824707,3.2098681926727295,0.050000011920928955,731250
7,2926,250,224.88107299804688,0.8995242714881897,2.9961342811584473,0.050000011920928955,731500
7,2927,250,130.01351928710938,0.5200541019439697,2.9898478984832764,0.050000011920928955,731750
7,2928,250,157.44131469726562,0.6297652721405029,2.951841115951538,0.050000011920928955,732000
7,2929,250,201.81663513183594,0.8072665333747864,3.425527334213257,0.050000011920928955,732250
7,2930,250,86.3017807006836,0.3452071249485016,3.119363784790039,0.050000011920928955,732500
7,2931,250,118.11457061767578,0.47245827317237854,3.0247836112976074,0.050000011920928955,732750
7,2932,250,138.20355224609375,0.5528141856193542,2.9643328189849854,0.050000011920928955,733000
7,2933,250,84.49857330322266,0.3379943072795868,3.3625214099884033,0.050000011920928955,733250
7,2934,250,87.55168914794922,0.35020676255226135,3.2177672386169434,0.050000011920928955,733500
7,2935,250,142.9933624267578,0.571973443031311,3.09574031829834,0.050000011920928955,733750
7,2936,250,191.1548614501953,0.7646194696426392,3.016822576522827,0.050000011920928955,734000
7,2937,250,112.70641326904297,0.45082566142082214,3.4972739219665527,0.050000011920928955,734250
7,2938,250,107.91632080078125,0.4316652715206146,3.327998638153076,0.050000011920928955,734500
7,2939,250,291.6554870605469,1.1666219234466553,3.3012285232543945,0.050000011920928955,734750
7,2940,250,112.7990493774414,0.45119619369506836,3.327918529510498,0.050000011920928955,735000
7,2941,250,117.05521392822266,0.46822085976600647,3.586034059524536,0.050000011920928955,735250
7,2942,250,274.5999755859375,1.0983998775482178,3.5177762508392334,0.050000011920928955,735500
7,2943,250,107.86162567138672,0.43144649267196655,3.5440385341644287,0.050000011920928955,735750
7,2944,250,141.10916137695312,0.564436674118042,3.497990369796753,0.050000011920928955,736000
7,2945,250,135.4799041748047,0.5419195890426636,3.738182544708252,0.050000011920928955,736250
7,2946,250,107.93389892578125,0.4317356050014496,3.6433956623077393,0.050000011920928955,736500
7,2947,250,210.988037109375,0.8439521193504333,3.4507813453674316,0.050000011920928955,736750
7,2948,250,121.20262908935547,0.4848105311393738,3.4423232078552246,0.050000011920928955,737000
7,2949,250,79.45230865478516,0.31780922412872314,3.6187236309051514,0.050000011920928955,737250
7,2950,250,283.2977294921875,1.1331908702850342,3.5226871967315674,0.050000011920928955,737500
7,2951,250,165.47650146484375,0.6619060039520264,3.417837381362915,0.050000011920928955,737750
7,2952,250,65.51792907714844,0.26207172870635986,3.521883964538574,0.050000011920928955,738000
7,2953,250,139.34878540039062,0.5573951601982117,3.6633827686309814,0.050000011920928955,738250
7,2954,250,101.57131958007812,0.40628528594970703,3.562673330307007,0.050000011920928955,738500
7,2955,250,80.79358673095703,0.3231743574142456,3.3978049755096436,0.050000011920928955,738750
7,2956,250,63.97665786743164,0.2559066414833069,3.382017135620117,0.050000011920928955,739000
7,2957,250,84.99005889892578,0.3399602472782135,3.3838489055633545,0.050000011920928955,739250
7,2958,250,107.40447235107422,0.42961788177490234,3.1740822792053223,0.050000011920928955,739500
7,2959,250,164.34402465820312,0.6573761105537415,3.0823779106140137,0.050000011920928955,739750
7,2960,250,70.01947784423828,0.28007790446281433,3.1545071601867676,0.050000011920928955,740000
7,2961,250,106.13812255859375,0.4245525002479553,3.125056266784668,0.050000011920928955,740250
7,2962,250,268.5355529785156,1.0741422176361084,3.013171672821045,0.050000011920928955,740500
7,2963,250,150.86412048339844,0.6034564971923828,3.0434184074401855,0.050000011920928955,740750
7,2964,250,66.35105895996094,0.26540422439575195,2.959890842437744,0.050000011920928955,741000
7,2965,250,104.60072326660156,0.41840288043022156,3.070383310317993,0.050000011920928955,741250
7,2966,250,72.48779296875,0.2899511754512787,2.8344621658325195,0.050000011920928955,741500
7,2967,250,232.31666564941406,0.9292666912078857,2.874671697616577,0.050000011920928955,741750
7,2968,250,128.53602600097656,0.5141441226005554,2.6420016288757324,0.050000011920928955,742000
7,2969,250,110.40723419189453,0.44162893295288086,2.6789283752441406,0.050000011920928955,742250
7,2970,250,58.705108642578125,0.2348204404115677,2.6140151023864746,0.050000011920928955,742500
7,2971,250,183.00038146972656,0.732001543045044,2.7416563034057617,0.050000011920928955,742750
7,2972,250,59.540409088134766,0.23816163837909698,2.6440513134002686,0.050000011920928955,743000
7,2973,250,384.5389099121094,1.5381556749343872,2.716531991958618,0.050000011920928955,743250
7,2974,250,71.81669616699219,0.2872667908668518,2.62910795211792,0.050000011920928955,743500
7,2975,250,67.95105743408203,0.27180424332618713,2.4542558193206787,0.050000011920928955,743750
7,2976,250,288.4485168457031,1.1537940502166748,2.5327203273773193,0.050000011920928955,744000
7,2977,250,71.82270812988281,0.2872908413410187,2.6721668243408203,0.050000011920928955,744250
7,2978,250,67.81362915039062,0.2712545096874237,2.602982759475708,0.050000011920928955,744500
7,2979,250,272.0476379394531,1.0881905555725098,2.5168139934539795,0.050000011920928955,744750
7,2980,250,513.642578125,2.054570198059082,2.483057737350464,0.050000011920928955,745000
7,2981,250,-68.385498046875,-0.27354198694229126,2.617194175720215,0.050000011920928955,745250
7,2982,250,219.93321228027344,0.8797328472137451,2.484711170196533,0.050000011920928955,745500
7,2983,250,70.70459747314453,0.28281837701797485,2.450659990310669,0.050000011920928955,745750
7,2984,250,63.95207214355469,0.2558082938194275,2.4382762908935547,0.050000011920928955,746000
7,2985,250,72.35245513916016,0.2894098162651062,2.5630764961242676,0.050000011920928955,746250
7,2986,250,309.5820007324219,1.238327980041504,2.5230629444122314,0.050000011920928955,746500
7,2987,250,554.3790283203125,2.2175161838531494,2.603956937789917,0.050000011920928955,746750
7,2988,250,68.36534118652344,0.27346137166023254,2.5001351833343506,0.050000011920928955,747000
7,2989,250,136.18521118164062,0.5447408556938171,2.481693744659424,0.050000011920928955,747250
7,2990,250,58.09675979614258,0.23238703608512878,2.3789918422698975,0.050000011920928955,747500
7,2991,250,104.6290054321289,0.41851601004600525,2.385556936264038,0.050000011920928955,747750
7,2992,250,508.4842529296875,2.0339369773864746,2.395874500274658,0.050000011920928955,748000
7,2993,250,141.08712768554688,0.5643485188484192,2.4534010887145996,0.050000011920928955,748250
7,2994,250,692.837646484375,2.771350622177124,2.4005789756774902,0.050000011920928955,748500
7,2995,250,58.954437255859375,0.23581774532794952,2.4152753353118896,0.050000011920928955,748750
7,2996,250,84.7947998046875,0.3391791880130768,2.408384323120117,0.050000011920928955,749000
7,2997,250,1185.9857177734375,4.743942737579346,2.416459321975708,0.050000011920928955,749250
7,2998,250,1383.982421875,5.5359296798706055,2.4137556552886963,0.050000011920928955,749500
7,2999,250,75.1094741821289,0.30043789744377136,2.4441747665405273,0.050000011920928955,749750
7,3000,250,102.3817138671875,0.40952685475349426,2.3642919063568115,0.050000011920928955,750000
7,3001,250,1072.8212890625,4.291285037994385,2.4717142581939697,0.050000011920928955,750250
7,3002,250,1230.039794921875,4.920159339904785,2.4770748615264893,0.050000011920928955,750500
7,3003,250,115.53770446777344,0.46215081214904785,2.4054949283599854,0.050000011920928955,750750
7,3004,250,779.64111328125,3.1185643672943115,2.4548094272613525,0.050000011920928955,751000
7,3005,250,371.016357421875,1.4840654134750366,2.4951350688934326,0.050000011920928955,751250
7,3006,250,1334.4952392578125,5.3379807472229,2.4031670093536377,0.050000011920928955,751500
7,3007,250,981.014404296875,3.924057722091675,2.425398111343384,0.050000011920928955,751750
7,3008,250,691.4912719726562,2.765964984893799,2.3788883686065674,0.050000011920928955,752000
7,3009,250,1112.0985107421875,4.448393821716309,2.5161919593811035,0.050000011920928955,752250
7,3010,250,1347.0399169921875,5.38815975189209,2.444913864135742,0.050000011920928955,752500
7,3011,250,1388.05810546875,5.552232265472412,2.4223759174346924,0.050000011920928955,752750
7,3012,250,631.560546875,2.526242256164551,2.3602771759033203,0.050000011920928955,753000
7,3013,250,1358.8206787109375,5.4352827072143555,2.4941084384918213,0.050000011920928955,753250
7,3014,250,1176.7493896484375,4.706997394561768,2.3841450214385986,0.050000011920928955,753500
7,3015,250,389.0476989746094,1.556190848350525,2.3067688941955566,0.050000011920928955,753750
7,3016,250,110.96501922607422,0.44386008381843567,2.349702835083008,0.050000011920928955,754000
7,3017,250,1047.2147216796875,4.188858985900879,2.4047110080718994,0.050000011920928955,754250
7,3018,250,93.6859359741211,0.3747437298297882,2.3812525272369385,0.050000011920928955,754500
7,3019,250,1040.32177734375,4.161287307739258,2.341904401779175,0.050000011920928955,754750
7,3020,250,533.6644287109375,2.134657621383667,2.310035228729248,0.050000011920928955,755000
7,3021,250,740.4887084960938,2.9619548320770264,2.5119426250457764,0.050000011920928955,755250
7,3022,250,1034.988037109375,4.139952182769775,2.3869783878326416,0.050000011920928955,755500
7,3023,250,305.7319030761719,1.2229275703430176,2.4170947074890137,0.050000011920928955,755750
7,3024,250,107.2898941040039,0.42915958166122437,2.360792398452759,0.050000011920928955,756000
7,3025,250,487.2762451171875,1.9491050243377686,2.5975639820098877,0.050000011920928955,756250
7,3026,250,474.0631408691406,1.8962525129318237,2.501612901687622,0.050000011920928955,756500
7,3027,250,442.618896484375,1.7704756259918213,2.4285783767700195,0.050000011920928955,756750
7,3028,250,109.10844421386719,0.4364337623119354,2.342743158340454,0.050000011920928955,757000
7,3029,250,250.5007781982422,1.0020030736923218,2.73287296295166,0.050000011920928955,757250
7,3030,250,84.12520599365234,0.3365008234977722,2.627138614654541,0.050000011920928955,757500
7,3031,250,239.7862091064453,0.9591448307037354,2.602667808532715,0.050000011920928955,757750
7,3032,250,234.7980194091797,0.9391920566558838,2.5382726192474365,0.050000011920928955,758000
7,3033,250,290.4428405761719,1.1617714166641235,2.824631690979004,0.050000011920928955,758250
7,3034,250,974.5358276367188,3.8981432914733887,2.7707762718200684,0.050000011920928955,758500
7,3035,250,397.34478759765625,1.5893791913986206,2.5952632427215576,0.050000011920928955,758750
7,3036,250,475.98577880859375,1.9039430618286133,2.6420698165893555,0.050000011920928955,759000
7,3037,250,1193.03125,4.772124767303467,3.0261614322662354,0.050000011920928955,759250
7,3038,250,165.2946014404297,0.6611784100532532,2.987823963165283,0.050000011920928955,759500
7,3039,250,1216.0545654296875,4.864218235015869,2.78900408744812,0.050000011920928955,759750
7,3040,250,619.9942626953125,2.4799771308898926,2.7974750995635986,0.050000011920928955,760000
7,3041,250,360.3110656738281,1.4412442445755005,3.0351223945617676,0.050000011920928955,760250
7,3042,250,979.2615966796875,3.917046308517456,2.9606540203094482,0.050000011920928955,760500
7,3043,250,1090.79443359375,4.36317777633667,2.877591848373413,0.050000011920928955,760750
7,3044,250,750.53271484375,3.0021307468414307,2.981161117553711,0.050000011920928955,761000
7,3045,250,679.8056030273438,2.7192223072052,3.2777090072631836,0.050000011920928955,761250
7,3046,250,852.19677734375,3.4087870121002197,3.1051723957061768,0.050000011920928955,761500
7,3047,250,1000.3678588867188,4.001471519470215,3.151599645614624,0.050000011920928955,761750
7,3048,250,1113.3970947265625,4.453588485717773,2.9488019943237305,0.050000011920928955,762000
7,3049,250,925.5582885742188,3.702233076095581,3.2612833976745605,0.050000011920928955,762250
7,3050,250,217.4395294189453,0.869758129119873,3.2884669303894043,0.050000011920928955,762500
7,3051,250,711.2710571289062,2.8450841903686523,3.2436604499816895,0.050000011920928955,762750
7,3052,250,508.30267333984375,2.0332107543945312,3.253464698791504,0.050000011920928955,763000
7,3053,250,774.39306640625,3.0975723266601562,3.242361307144165,0.050000011920928955,763250
7,3054,250,1168.88134765625,4.675525188446045,3.2072019577026367,0.050000011920928955,763500
7,3055,250,914.5131225585938,3.658052444458008,3.221072196960449,0.050000011920928955,763750
7,3056,250,1036.147705078125,4.144590854644775,3.135920286178589,0.050000011920928955,764000
7,3057,250,1121.409912109375,4.485639572143555,3.4941959381103516,0.050000011920928955,764250
7,3058,250,1156.1092529296875,4.624436855316162,3.4548873901367188,0.050000011920928955,764500
7,3059,250,186.90994262695312,0.7476397752761841,3.4212899208068848,0.050000011920928955,764750
7,3060,250,727.3968505859375,2.9095873832702637,3.224360704421997,0.050000011920928955,765000
7,3061,250,1066.177734375,4.264710903167725,3.5880556106567383,0.050000011920928955,765250
7,3062,250,751.6323852539062,3.0065295696258545,3.370471477508545,0.050000011920928955,765500
7,3063,250,1742.218994140625,6.968875885009766,3.4484994411468506,0.050000011920928955,765750
7,3064,250,704.5650024414062,2.8182599544525146,3.394383430480957,0.050000011920928955,766000
7,3065,250,276.3381652832031,1.1053526401519775,3.597846508026123,0.050000011920928955,766250
7,3066,250,568.718505859375,2.274873971939087,3.4488894939422607,0.050000011920928955,766500
7,3067,250,545.0586547851562,2.180234670639038,3.380998373031616,0.050000011920928955,766750
7,3068,250,618.1016235351562,2.4724063873291016,3.313307523727417,0.050000011920928955,767000
7,3069,250,1702.4901123046875,6.80996036529541,3.681236743927002,0.050000011920928955,767250
7,3070,250,322.0439453125,1.2881758213043213,3.433253765106201,0.050000011920928955,767500
7,3071,250,221.70201110839844,0.8868080377578735,3.4855563640594482,0.050000011920928955,767750
7,3072,250,292.72393798828125,1.1708956956863403,3.3642141819000244,0.050000011920928955,768000
7,3073,250,248.96401977539062,0.9958561062812805,3.7041454315185547,0.050000011920928955,768250
7,3074,250,-98.93548583984375,-0.39574193954467773,3.6937358379364014,0.050000011920928955,768500
7,3075,250,492.51214599609375,1.9700485467910767,3.413530111312866,0.050000011920928955,768750
7,3076,250,43.60872268676758,0.17443488538265228,3.5206637382507324,0.050000011920928955,769000
7,3077,250,323.5644226074219,1.294257640838623,3.4816510677337646,0.050000011920928955,769250
7,3078,250,537.451416015625,2.1498055458068848,3.3716187477111816,0.050000011920928955,769500
7,3079,250,222.06813049316406,0.8882725238800049,3.388742685317993,0.050000011920928955,769750
7,3080,250,138.98934936523438,0.5559573769569397,3.2962634563446045,0.050000011920928955,770000
7,3081,250,1453.519287109375,5.814077377319336,3.5942115783691406,0.050000011920928955,770250
7,3082,250,162.0079345703125,0.6480317115783691,3.530426502227783,0.050000011920928955,770500
7,3083,250,360.54290771484375,1.442171573638916,3.3179931640625,0.050000011920928955,770750
7,3084,250,911.8870849609375,3.6475484371185303,3.234622001647949,0.050000011920928955,771000
7,3085,250,556.6435546875,2.226574182510376,3.6280908584594727,0.050000011920928955,771250
7,3086,250,549.675048828125,2.198700189590454,3.5806119441986084,0.050000011920928955,771500
7,3087,250,1646.0098876953125,6.584039688110352,3.5738062858581543,0.050000011920928955,771750
7,3088,250,294.6455078125,1.1785820722579956,3.65079665184021,0.050000011920928955,772000
7,3089,250,1445.7869873046875,5.783147811889648,4.091811656951904,0.050000011920928955,772250
7,3090,250,421.5086669921875,1.6860346794128418,3.840707540512085,0.050000011920928955,772500
7,3091,250,144.4696044921875,0.5778784155845642,3.63631010055542,0.050000011920928955,772750
7,3092,250,784.15576171875,3.1366231441497803,3.512702465057373,0.050000011920928955,773000
7,3093,250,285.0266418457031,1.1401065587997437,3.984941244125366,0.050000011920928955,773250
7,3094,250,284.6252746582031,1.1385010480880737,3.8846194744110107,0.050000011920928955,773500
7,3095,250,232.13558959960938,0.9285423755645752,3.619502067565918,0.050000011920928955,773750
7,3096,250,1276.416259765625,5.10566520690918,3.765850305557251,0.050000011920928955,774000
7,3097,250,1109.1348876953125,4.436539649963379,4.189446926116943,0.050000011920928955,774250
7,3098,250,1327.9508056640625,5.311803340911865,4.124852657318115,0.050000011920928955,774500
7,3099,250,1563.5052490234375,6.254021167755127,3.8745646476745605,0.050000011920928955,774750
7,3100,250,561.8468627929688,2.247387409210205,3.7830584049224854,0.050000011920928955,775000
7,3101,250,467.0530090332031,1.8682119846343994,4.111032962799072,0.050000011920928955,775250
7,3102,250,951.81494140625,3.8072597980499268,3.826237201690674,0.050000011920928955,775500
7,3103,250,895.9185180664062,3.5836739540100098,3.8282132148742676,0.050000011920928955,775750
7,3104,250,763.3685302734375,3.053474187850952,3.7540283203125,0.050000011920928955,776000
7,3105,250,1791.2266845703125,7.1649065017700195,3.9448633193969727,0.050000011920928955,776250
7,3106,250,1627.76220703125,6.511048793792725,3.818138599395752,0.050000011920928955,776500
7,3107,250,345.9617004394531,1.3838467597961426,3.9834303855895996,0.050000011920928955,776750
7,3108,250,267.3582763671875,1.0694330930709839,3.634639263153076,0.050000011920928955,777000
7,3109,250,1397.9307861328125,5.5917229652404785,3.9385457038879395,0.050000011920928955,777250
7,3110,250,1673.72412109375,6.694896697998047,3.91794490814209,0.050000011920928955,777500
7,3111,250,213.15414428710938,0.852616548538208,3.6709694862365723,0.050000011920928955,777750
7,3112,250,395.7701416015625,1.583080530166626,3.6936824321746826,0.050000011920928955,778000
7,3113,250,1768.1036376953125,7.072414398193359,4.014697551727295,0.050000011920928955,778250
7,3114,250,145.22311401367188,0.5808924436569214,3.7982921600341797,0.050000011920928955,778500
7,3115,250,684.3806762695312,2.737522602081299,3.6981711387634277,0.050000011920928955,778750
7,3116,250,761.1406860351562,3.044562816619873,3.5038859844207764,0.050000011920928955,779000
7,3117,250,1605.553466796875,6.422214031219482,4.056694030761719,0.050000011920928955,779250
7,3118,250,1691.6505126953125,6.766602039337158,3.851442337036133,0.050000011920928955,779500
7,3119,250,735.830078125,2.9433202743530273,3.934903144836426,0.050000011920928955,779750
7,3120,250,113.29175567626953,0.45316702127456665,3.7630562782287598,0.050000011920928955,780000
7,3121,250,140.27581787109375,0.5611032843589783,3.883962392807007,0.050000011920928955,780250
7,3122,250,172.8053741455078,0.6912214756011963,3.8390111923217773,0.050000011920928955,780500
7,3123,250,1636.7962646484375,6.547184944152832,3.7326953411102295,0.050000011920928955,780750
7,3124,250,226.5164031982422,0.9060655832290649,3.5367345809936523,0.050000011920928955,781000
7,3125,250,1086.30908203125,4.345236301422119,4.137325286865234,0.050000011920928955,781250
7,3126,250,566.4395751953125,2.2657582759857178,3.994654655456543,0.050000011920928955,781500
7,3127,250,844.5071411132812,3.378028631210327,4.08645486831665,0.050000011920928955,781750
7,3128,250,434.76788330078125,1.7390714883804321,3.9341957569122314,0.050000011920928955,782000
7,3129,250,1384.852294921875,5.539409160614014,4.053454875946045,0.050000011920928955,782250
7,3130,250,1378.958251953125,5.515832901000977,3.930351972579956,0.050000011920928955,782500
7,3131,250,1138.031494140625,4.552125930786133,3.882885217666626,0.050000011920928955,782750
7,3132,250,1686.85107421875,6.747404098510742,4.079243183135986,0.050000011920928955,783000
7,3133,250,1761.3494873046875,7.045397758483887,4.080951690673828,0.050000011920928955,783250
7,3134,250,255.4884796142578,1.0219539403915405,4.004355430603027,0.050000011920928955,783500
7,3135,250,1919.572265625,7.67828893661499,4.268537998199463,0.050000011920928955,783750
7,3136,250,1245.819091796875,4.9832763671875,3.906431198120117,0.050000011920928955,784000
7,3137,250,608.3475341796875,2.4333901405334473,4.345457077026367,0.050000011920928955,784250
7,3138,250,532.2282104492188,2.128912925720215,4.217575550079346,0.050000011920928955,784500
7,3139,250,462.8616638183594,1.8514466285705566,3.9311301708221436,0.050000011920928955,784750
7,3140,250,26.622303009033203,0.10648921132087708,4.118669509887695,0.050000011920928955,785000
7,3141,250,138.5828857421875,0.5543315410614014,4.364912509918213,0.050000011920928955,785250
7,3142,250,1433.41015625,5.733640670776367,4.475068092346191,0.050000011920928955,785500
7,3143,250,70.03215789794922,0.2801286280155182,4.414059638977051,0.050000011920928955,785750
7,3144,250,9.240117073059082,0.03696046769618988,4.4259257316589355,0.050000011920928955,786000
7,3145,250,948.9329223632812,3.795731782913208,4.744777202606201,0.050000011920928955,786250
7,3146,250,810.0804443359375,3.2403218746185303,4.781063079833984,0.050000011920928955,786500
7,3147,250,421.0700988769531,1.6842803955078125,4.789651393890381,0.050000011920928955,786750
7,3148,250,782.513916015625,3.1300556659698486,4.966217517852783,0.050000011920928955,787000
7,3149,250,1553.002197265625,6.212008953094482,5.388406753540039,0.050000011920928955,787250
7,3150,250,1138.3116455078125,4.55324649810791,5.048773765563965,0.050000011920928955,787500
7,3151,250,731.0429077148438,2.9241716861724854,5.210638999938965,0.050000011920928955,787750
7,3152,250,256.1081848144531,1.0244327783584595,4.92855978012085,0.050000011920928955,788000
7,3153,250,439.66107177734375,1.7586443424224854,5.089047431945801,0.050000011920928955,788250
7,3154,250,539.7394409179688,2.1589577198028564,5.192373752593994,0.050000011920928955,788500
7,3155,250,438.97540283203125,1.755901575088501,5.03682279586792,0.050000011920928955,788750
7,3156,250,775.9576416015625,3.103830575942993,5.062559127807617,0.050000011920928955,789000
7,3157,250,1082.7003173828125,4.330801486968994,5.540578365325928,0.050000011920928955,789250
7,3158,250,1237.61669921875,4.950466632843018,5.601141929626465,0.050000011920928955,789500
7,3159,250,1461.996337890625,5.84798526763916,5.556783199310303,0.050000011920928955,789750
7,3160,250,776.7828979492188,3.1071314811706543,5.332542896270752,0.050000011920928955,790000
7,3161,250,608.8189086914062,2.4352755546569824,5.650676250457764,0.050000011920928955,790250
7,3162,250,479.5924377441406,1.9183697700500488,5.234169960021973,0.050000011920928955,790500
7,3163,250,1198.3843994140625,4.793537616729736,5.33834171295166,0.050000011920928955,790750
7,3164,250,435.53277587890625,1.7421311140060425,5.3605875968933105,0.050000011920928955,791000
7,3165,250,205.67074584960938,0.8226829767227173,5.879612445831299,0.050000011920928955,791250
7,3166,250,1444.2086181640625,5.776834487915039,5.61549186706543,0.050000011920928955,791500
7,3167,250,713.60107421875,2.8544042110443115,5.826842308044434,0.050000011920928955,791750
7,3168,250,990.5496215820312,3.962198495864868,5.554458141326904,0.050000011920928955,792000
7,3169,250,1617.43359375,6.469734191894531,5.911741733551025,0.050000011920928955,792250
7,3170,250,520.1688232421875,2.0806753635406494,5.459317207336426,0.050000011920928955,792500
7,3171,250,709.4595947265625,2.8378384113311768,5.628586292266846,0.050000011920928955,792750
7,3172,250,457.1499938964844,1.8285999298095703,5.847020626068115,0.050000011920928955,793000
7,3173,250,1007.356201171875,4.029424667358398,6.270805358886719,0.050000011920928955,793250
7,3174,250,554.9343872070312,2.2197375297546387,6.219701766967773,0.050000011920928955,793500
7,3175,250,33.974708557128906,0.13589882850646973,5.820296287536621,0.050000011920928955,793750
7,3176,250,101.41535949707031,0.4056614339351654,5.671047210693359,0.050000011920928955,794000
7,3177,250,60.46638870239258,0.24186556041240692,6.321402072906494,0.050000011920928955,794250
7,3178,250,1099.967041015625,4.399868011474609,5.941975116729736,0.050000011920928955,794500
7,3179,250,558.944580078125,2.235778331756592,6.386550426483154,0.050000011920928955,794750
7,3180,250,591.09521484375,2.3643808364868164,5.95138692855835,0.050000011920928955,795000
7,3181,250,617.1047973632812,2.468419075012207,6.592130184173584,0.050000011920928955,795250
7,3182,250,1350.6292724609375,5.402517318725586,6.384102821350098,0.050000011920928955,795500
7,3183,250,485.0022277832031,1.9400088787078857,6.434354305267334,0.050000011920928955,795750
7,3184,250,392.0655212402344,1.5682621002197266,6.439901351928711,0.050000011920928955,796000
7,3185,250,498.0497131347656,1.9921988248825073,6.9410481452941895,0.050000011920928955,796250
7,3186,250,497.9628601074219,1.9918514490127563,6.699345111846924,0.050000011920928955,796500
7,3187,250,302.9389953613281,1.2117559909820557,6.566325664520264,0.050000011920928955,796750
7,3188,250,561.623046875,2.2464921474456787,6.670196056365967,0.050000011920928955,797000
7,3189,250,600.7442626953125,2.4029769897460938,7.319373607635498,0.050000011920928955,797250
7,3190,250,384.6632995605469,1.5386532545089722,7.236945152282715,0.050000011920928955,797500
7,3191,250,630.8569946289062,2.523427963256836,7.259072303771973,0.050000011920928955,797750
7,3192,250,651.4649658203125,2.6058597564697266,6.801839351654053,0.050000011920928955,798000
7,3193,250,895.3431396484375,3.5813724994659424,7.2792253494262695,0.050000011920928955,798250
7,3194,250,721.7840576171875,2.887136220932007,7.09880256652832,0.050000011920928955,798500
7,3195,250,1518.1644287109375,6.072657585144043,7.54157018661499,0.050000011920928955,798750
7,3196,250,529.3822021484375,2.1175289154052734,6.906739234924316,0.050000011920928955,799000
7,3197,250,1239.7177734375,4.958870887756348,7.564560890197754,0.050000011920928955,799250
7,3198,250,1463.2413330078125,5.852965354919434,7.764238357543945,0.050000011920928955,799500
7,3199,250,1129.5467529296875,4.518187046051025,7.750743389129639,0.050000011920928955,799750
7,3200,250,615.11962890625,2.4604785442352295,7.492518901824951,0.050000011920928955,800000
7,3201,250,1391.090576171875,5.564362525939941,7.933035373687744,0.050000011920928955,800250
7,3202,250,794.41162109375,3.1776463985443115,7.478687286376953,0.050000011920928955,800500
7,3203,250,1192.94384765625,4.771775245666504,7.4681782722473145,0.050000011920928955,800750
7,3204,250,492.03631591796875,1.9681452512741089,7.6332879066467285,0.050000011920928955,801000
7,3205,250,785.3259887695312,3.1413040161132812,8.068730354309082,0.050000011920928955,801250
7,3206,250,970.6868896484375,3.8827476501464844,8.372672080993652,0.050000011920928955,801500
7,3207,250,1087.7772216796875,4.351109027862549,7.646041393280029,0.050000011920928955,801750
7,3208,250,989.6783447265625,3.9587132930755615,7.406384468078613,0.050000011920928955,802000
7,3209,250,1365.758056640625,5.463032245635986,7.895678520202637,0.050000011920928955,802250
7,3210,250,1159.71044921875,4.63884162902832,7.946568489074707,0.050000011920928955,802500
7,3211,250,1005.3366088867188,4.021346569061279,7.280712604522705,0.050000011920928955,802750
7,3212,250,1199.8394775390625,4.799357891082764,7.206225872039795,0.050000011920928955,803000
7,3213,250,857.5057983398438,3.430023193359375,7.5639328956604,0.050000011920928955,803250
7,3214,250,1161.8623046875,4.647449016571045,7.292115211486816,0.050000011920928955,803500
7,3215,250,925.5075073242188,3.7020299434661865,7.433510780334473,0.050000011920928955,803750
7,3216,250,1212.3519287109375,4.84940767288208,7.216155052185059,0.050000011920928955,804000
7,3217,250,1208.8446044921875,4.835378646850586,7.950712203979492,0.050000011920928955,804250
7,3218,250,751.929931640625,3.0077197551727295,7.6877546310424805,0.050000011920928955,804500
7,3219,250,1291.549072265625,5.166196346282959,7.33471155166626,0.050000011920928955,804750
7,3220,250,1115.5213623046875,4.462085247039795,7.0615692138671875,0.050000011920928955,805000
7,3221,250,858.4016723632812,3.4336066246032715,7.531212329864502,0.050000011920928955,805250
7,3222,250,1352.568115234375,5.410272598266602,7.398749828338623,0.050000011920928955,805500
7,3223,250,1309.2738037109375,5.237095355987549,7.276369571685791,0.050000011920928955,805750
7,3224,250,1520.9130859375,6.083652496337891,7.210302829742432,0.050000011920928955,806000
7,3225,250,465.05322265625,1.8602129220962524,7.260891437530518,0.050000011920928955,806250
7,3226,250,582.7279663085938,2.330911874771118,6.706083297729492,0.050000011920928955,806500
7,3227,250,1082.25830078125,4.329033374786377,7.169350624084473,0.050000011920928955,806750
7,3228,250,1136.71826171875,4.546873092651367,6.694937705993652,0.050000011920928955,807000
7,3229,250,813.8785400390625,3.255514144897461,7.024003028869629,0.050000011920928955,807250
7,3230,250,494.6287536621094,1.9785150289535522,7.005316257476807,0.050000011920928955,807500
7,3231,250,642.5054931640625,2.570021867752075,6.9839701652526855,0.050000011920928955,807750
7,3232,250,319.14892578125,1.2765957117080688,6.723505973815918,0.050000011920928955,808000
7,3233,250,1292.6549072265625,5.170619487762451,7.237534046173096,0.050000011920928955,808250
7,3234,250,1644.068603515625,6.576274394989014,6.973728179931641,0.050000011920928955,808500
7,3235,250,1470.9188232421875,5.8836750984191895,6.715068340301514,0.050000011920928955,808750
7,3236,250,1172.933837890625,4.69173526763916,6.9305267333984375,0.050000011920928955,809000
7,3237,250,1276.2373046875,5.104948997497559,6.791638374328613,0.050000011920928955,809250
7,3238,250,1727.0089111328125,6.908035755157471,6.836319446563721,0.050000011920928955,809500
7,3239,250,590.50146484375,2.3620059490203857,6.887598514556885,0.050000011920928955,809750
7,3240,250,760.5160522460938,3.0420641899108887,7.053963661193848,0.050000011920928955,810000
7,3241,250,898.2537231445312,3.59301495552063,7.210261344909668,0.050000011920928955,810250
7,3242,250,522.401123046875,2.089604377746582,7.424783706665039,0.050000011920928955,810500
7,3243,250,1107.3564453125,4.4294257164001465,7.241542816162109,0.050000011920928955,810750
7,3244,250,549.3413696289062,2.1973655223846436,6.880330562591553,0.050000011920928955,811000
7,3245,250,841.3818969726562,3.365527629852295,7.0995588302612305,0.050000011920928955,811250
7,3246,250,625.097900390625,2.5003914833068848,6.964415550231934,0.050000011920928955,811500
7,3247,250,990.2230224609375,3.9608922004699707,7.046334266662598,0.050000011920928955,811750
7,3248,250,1311.965087890625,5.247860431671143,7.172164440155029,0.050000011920928955,812000
7,3249,250,315.2752685546875,1.2611011266708374,7.1999688148498535,0.050000011920928955,812250
7,3250,250,1314.4383544921875,5.257753372192383,7.426098823547363,0.050000011920928955,812500
7,3251,250,364.45574951171875,1.4578230381011963,7.3472700119018555,0.050000011920928955,812750
7,3252,250,854.7341918945312,3.4189367294311523,7.456270217895508,0.050000011920928955,813000
7,3253,250,1006.1668701171875,4.024667263031006,7.96467924118042,0.050000011920928955,813250
7,3254,250,757.0235595703125,3.0280942916870117,7.43700647354126,0.050000011920928955,813500
7,3255,250,332.65625,1.330625057220459,7.360135078430176,0.050000011920928955,813750
7,3256,250,954.2352294921875,3.816941022872925,7.472647190093994,0.050000011920928955,814000
7,3257,250,1295.18212890625,5.180728435516357,7.932763576507568,0.050000011920928955,814250
7,3258,250,561.7945556640625,2.247178316116333,7.7866997718811035,0.050000011920928955,814500
7,3259,250,344.43792724609375,1.3777517080307007,7.701881408691406,0.050000011920928955,814750
7,3260,250,316.41253662109375,1.2656501531600952,7.861819744110107,0.050000011920928955,815000
7,3261,250,510.75341796875,2.043013572692871,7.848262786865234,0.050000011920928955,815250
7,3262,250,420.3232727050781,1.6812931299209595,7.80722188949585,0.050000011920928955,815500
7,3263,250,862.3119506835938,3.4492478370666504,8.211216926574707,0.050000011920928955,815750
7,3264,250,917.9065551757812,3.671626329421997,7.7262067794799805,0.050000011920928955,816000
7,3265,250,704.098388671875,2.8163936138153076,8.377503395080566,0.050000011920928955,816250
7,3266,250,84.1455307006836,0.33658212423324585,8.264613151550293,0.050000011920928955,816500
7,3267,250,654.6939697265625,2.6187758445739746,8.492445945739746,0.050000011920928955,816750
7,3268,250,87.65908813476562,0.35063636302948,8.045278549194336,0.050000011920928955,817000
7,3269,250,431.0271301269531,1.7241085767745972,8.304971694946289,0.050000011920928955,817250
7,3270,250,97.07147216796875,0.38828587532043457,7.9030914306640625,0.050000011920928955,817500
7,3271,250,635.642333984375,2.542569398880005,8.08726978302002,0.050000011920928955,817750
7,3272,250,85.55660247802734,0.34222641587257385,8.03377914428711,0.050000011920928955,818000
7,3273,250,1514.989501953125,6.059957981109619,8.234359741210938,0.050000011920928955,818250
7,3274,250,84.61734771728516,0.33846938610076904,7.629805564880371,0.050000011920928955,818500
7,3275,250,963.7645263671875,3.855058193206787,7.8383708000183105,0.050000011920928955,818750
7,3276,250,365.8995361328125,1.4635981321334839,8.107236862182617,0.050000011920928955,819000
7,3277,250,45.90037155151367,0.1836014837026596,8.631963729858398,0.050000011920928955,819250
7,3278,250,322.89495849609375,1.2915798425674438,7.750987529754639,0.050000011920928955,819500
7,3279,250,765.7697143554688,3.0630788803100586,8.11902141571045,0.050000011920928955,819750
7,3280,250,1253.7593994140625,5.015037536621094,8.323966026306152,0.050000011920928955,820000
7,3281,250,1654.5213623046875,6.6180853843688965,8.714469909667969,0.050000011920928955,820250
7,3282,250,54.21851348876953,0.21687404811382294,8.261474609375,0.050000011920928955,820500
7,3283,250,1478.1990966796875,5.912796497344971,7.928654670715332,0.050000011920928955,820750
7,3284,250,1936.373779296875,7.745495319366455,7.495845794677734,0.050000011920928955,821000
7,3285,250,-53.02341079711914,-0.21209363639354706,7.774842739105225,0.050000011920928955,821250
7,3286,250,1042.0986328125,4.168394565582275,7.656996726989746,0.050000011920928955,821500
7,3287,250,1938.52490234375,7.7540998458862305,7.068058967590332,0.050000011920928955,821750
7,3288,250,1878.1683349609375,7.512673377990723,7.096985816955566,0.050000011920928955,822000
7,3289,250,104.65547180175781,0.41862189769744873,7.8722333908081055,0.050000011920928955,822250
7,3290,250,-47.35674285888672,-0.1894269734621048,7.364539623260498,0.050000011920928955,822500
7,3291,250,360.52947998046875,1.4421179294586182,7.409963130950928,0.050000011920928955,822750
7,3292,250,528.7809448242188,2.115123748779297,7.485949516296387,0.050000011920928955,823000
7,3293,250,78.38212585449219,0.31352850794792175,7.976162433624268,0.050000011920928955,823250
7,3294,250,65.51172637939453,0.2620469033718109,7.919241428375244,0.050000011920928955,823500
7,3295,250,9.002123832702637,0.03600849583745003,7.294187068939209,0.050000011920928955,823750
7,3296,250,334.0562744140625,1.336225152015686,7.220790386199951,0.050000011920928955,824000
7,3297,250,47.57640075683594,0.19030560553073883,7.843456745147705,0.050000011920928955,824250
7,3298,250,257.3266906738281,1.0293067693710327,7.67370080947876,0.050000011920928955,824500
7,3299,250,113.97798919677734,0.4559119641780853,7.602182388305664,0.050000011920928955,824750
7,3300,250,112.14986419677734,0.4485994577407837,7.621749401092529,0.050000011920928955,825000
7,3301,250,338.0303039550781,1.3521212339401245,7.989288806915283,0.050000011920928955,825250
7,3302,250,-38.43905258178711,-0.15375621616840363,7.525880336761475,0.050000011920928955,825500
7,3303,250,340.35638427734375,1.361425518989563,7.665079116821289,0.050000011920928955,825750
7,3304,250,480.08355712890625,1.9203342199325562,7.785157680511475,0.050000011920928955,826000
7,3305,250,799.8802490234375,3.199521064758301,7.838161468505859,0.050000011920928955,826250
7,3306,250,1161.5489501953125,4.646195888519287,7.845008373260498,0.050000011920928955,826500
7,3307,250,1552.4365234375,6.20974588394165,7.609192848205566,0.050000011920928955,826750
7,3308,250,1729.302978515625,6.917212009429932,7.186768054962158,0.050000011920928955,827000
7,3309,250,1292.2156982421875,5.168862819671631,8.252664566040039,0.050000011920928955,827250
7,3310,250,1440.846435546875,5.763385772705078,7.615170478820801,0.050000011920928955,827500
7,3311,250,1529.660400390625,6.118641376495361,7.591442108154297,0.050000011920928955,827750
7,3312,250,1709.3336181640625,6.837334632873535,7.75840950012207,0.050000011920928955,828000
7,3313,250,1705.1798095703125,6.820719242095947,7.407645225524902,0.050000011920928955,828250
7,3314,250,1843.005859375,7.372023582458496,7.196681022644043,0.050000011920928955,828500
7,3315,250,1362.9974365234375,5.451989650726318,7.252830982208252,0.050000011920928955,828750
7,3316,250,1542.3287353515625,6.169314861297607,7.086700916290283,0.050000011920928955,829000
7,3317,250,1706.53759765625,6.826150417327881,6.866970062255859,0.050000011920928955,829250
7,3318,250,1853.0484619140625,7.412193775177002,6.898943901062012,0.050000011920928955,829500
7,3319,250,1875.69287109375,7.502771377563477,6.517551422119141,0.050000011920928955,829750
7,3320,250,1633.3011474609375,6.533204555511475,6.269533157348633,0.050000011920928955,830000
7,3321,250,1632.1121826171875,6.528448581695557,6.192283630371094,0.050000011920928955,830250
7,3322,250,1869.2490234375,7.476995944976807,5.850260257720947,0.050000011920928955,830500
7,3323,250,1535.48046875,6.1419219970703125,5.9943952560424805,0.050000011920928955,830750
7,3324,250,1492.4678955078125,5.969871520996094,5.495172023773193,0.050000011920928955,831000
7,3325,250,1676.1953125,6.7047810554504395,6.14098596572876,0.050000011920928955,831250
7,3326,250,1406.3355712890625,5.62534236907959,5.9969635009765625,0.050000011920928955,831500
7,3327,250,1568.72509765625,6.274900436401367,5.825265407562256,0.050000011920928955,831750
7,3328,250,1811.9404296875,7.2477617263793945,5.82630729675293,0.050000011920928955,832000
7,3329,250,1556.7215576171875,6.22688627243042,5.717555999755859,0.050000011920928955,832250
7,3330,250,1686.9234619140625,6.74769401550293,5.520049571990967,0.050000011920928955,832500
7,3331,250,1619.5841064453125,6.478336334228516,5.322518825531006,0.050000011920928955,832750
7,3332,250,1628.81591796875,6.515263557434082,5.279000282287598,0.050000011920928955,833000
7,3333,250,1657.057861328125,6.628231525421143,5.278048515319824,0.050000011920928955,833250
7,3334,250,1562.8353271484375,6.251341342926025,5.271280765533447,0.050000011920928955,833500
7,3335,250,1389.1717529296875,5.556686878204346,5.206507682800293,0.050000011920928955,833750
7,3336,250,1809.736572265625,7.238946437835693,4.9615864753723145,0.050000011920928955,834000
7,3337,250,1867.1683349609375,7.468673229217529,4.945192813873291,0.050000011920928955,834250
7,3338,250,1644.04736328125,6.5761895179748535,4.612759590148926,0.050000011920928955,834500
7,3339,250,1914.116943359375,7.656467914581299,4.354958534240723,0.050000011920928955,834750
7,3340,250,1641.20751953125,6.564830303192139,4.22134256362915,0.050000011920928955,835000
7,3341,250,1926.025146484375,7.704100608825684,4.590358257293701,0.050000011920928955,835250
7,3342,250,1581.235107421875,6.324940204620361,4.147799491882324,0.050000011920928955,835500
7,3343,250,1599.406982421875,6.397627830505371,4.221596717834473,0.050000011920928955,835750
7,3344,250,1557.000244140625,6.228001117706299,3.8462142944335938,0.050000011920928955,836000
7,3345,250,1599.283935546875,6.3971357345581055,3.835226535797119,0.050000011920928955,836250
7,3346,250,1839.587158203125,7.358348846435547,3.5658376216888428,0.050000011920928955,836500
7,3347,250,1532.040283203125,6.1281609535217285,3.461888313293457,0.050000011920928955,836750
7,3348,250,1861.63037109375,7.446521282196045,3.596637487411499,0.050000011920928955,837000
7,3349,250,1620.756103515625,6.483024597167969,3.5716660022735596,0.050000011920928955,837250
7,3350,250,1598.83349609375,6.395333766937256,3.282458782196045,0.050000011920928955,837500
7,3351,250,1877.1826171875,7.508730411529541,3.2314112186431885,0.050000011920928955,837750
7,3352,250,1710.12548828125,6.84050178527832,3.0707156658172607,0.050000011920928955,838000
7,3353,250,1577.4005126953125,6.3096022605896,3.289308786392212,0.050000011920928955,838250
7,3354,250,1670.4034423828125,6.681613922119141,3.2538886070251465,0.050000011920928955,838500
7,3355,250,1830.0576171875,7.320230484008789,3.300426959991455,0.050000011920928955,838750
7,3356,250,1826.6668701171875,7.306667327880859,2.968693494796753,0.050000011920928955,839000
7,3357,250,1930.92724609375,7.7237091064453125,3.4594478607177734,0.050000011920928955,839250
7,3358,250,1721.4503173828125,6.885801315307617,3.348527431488037,0.050000011920928955,839500
7,3359,250,1707.428955078125,6.829715728759766,3.173473596572876,0.050000011920928955,839750
7,3360,250,1692.618408203125,6.770473480224609,3.010815143585205,0.050000011920928955,840000
7,3361,250,1916.014892578125,7.664059638977051,3.3773536682128906,0.050000011920928955,840250
7,3362,250,1582.5296630859375,6.330118656158447,3.3012945652008057,0.050000011920928955,840500
7,3363,250,1550.4532470703125,6.201813220977783,3.010488510131836,0.050000011920928955,840750
7,3364,250,1750.5390625,7.0021562576293945,3.003279685974121,0.050000011920928955,841000
7,3365,250,1515.5447998046875,6.062179088592529,3.2301321029663086,0.050000011920928955,841250
7,3366,250,1485.8756103515625,5.943502426147461,3.008466958999634,0.050000011920928955,841500
7,3367,250,1707.9493408203125,6.8317975997924805,3.0959692001342773,0.050000011920928955,841750
7,3368,250,1917.885498046875,7.671542167663574,2.8598556518554688,0.050000011920928955,842000
7,3369,250,1471.4852294921875,5.885941028594971,3.103583335876465,0.050000011920928955,842250
7,3370,250,953.370849609375,3.813483476638794,3.070894241333008,0.050000011920928955,842500
7,3371,250,1021.54150390625,4.086165904998779,3.264302968978882,0.050000011920928955,842750
7,3372,250,1922.532958984375,7.690131664276123,3.189539670944214,0.050000011920928955,843000
7,3373,250,1659.74560546875,6.63898229598999,3.4128592014312744,0.050000011920928955,843250
7,3374,250,1735.8309326171875,6.943323612213135,3.413217782974243,0.050000011920928955,843500
7,3375,250,1179.1951904296875,4.716780662536621,3.180420160293579,0.050000011920928955,843750
7,3376,250,1478.777587890625,5.9151105880737305,3.159419298171997,0.050000011920928955,844000
7,3377,250,1744.8631591796875,6.979452610015869,3.5297930240631104,0.050000011920928955,844250
7,3378,250,1897.920166015625,7.591680526733398,3.415788173675537,0.050000011920928955,844500
7,3379,250,1702.6043701171875,6.810417652130127,3.231292247772217,0.050000011920928955,844750
7,3380,250,1630.512939453125,6.522051811218262,3.03482723236084,0.050000011920928955,845000
7,3381,250,1906.593017578125,7.62637186050415,3.2179524898529053,0.050000011920928955,845250
7,3382,250,1711.1563720703125,6.844625473022461,3.1276397705078125,0.050000011920928955,845500
7,3383,250,1708.91455078125,6.835658073425293,2.992481231689453,0.050000011920928955,845750
7,3384,250,1658.3416748046875,6.633366584777832,2.855090379714966,0.050000011920928955,846000
7,3385,250,1885.5592041015625,7.542236804962158,3.0885608196258545,0.050000011920928955,846250
7,3386,250,1557.07275390625,6.228291034698486,2.9692111015319824,0.050000011920928955,846500
7,3387,250,1619.234130859375,6.476936340332031,3.1678669452667236,0.050000011920928955,846750
7,3388,250,1697.3118896484375,6.789247512817383,3.048448085784912,0.050000011920928955,847000
7,3389,250,1620.17724609375,6.480709075927734,3.1649065017700195,0.050000011920928955,847250
7,3390,250,1632.0867919921875,6.528347015380859,3.210540533065796,0.050000011920928955,847500
7,3391,250,1678.535400390625,6.714141368865967,3.095348834991455,0.050000011920928955,847750
7,3392,250,1399.1904296875,5.596761703491211,3.168440580368042,0.050000011920928955,848000
7,3393,250,1583.99267578125,6.335970878601074,3.375891923904419,0.050000011920928955,848250
7,3394,250,1867.447021484375,7.469788074493408,3.0002052783966064,0.050000011920928955,848500
7,3395,250,1866.1156005859375,7.4644622802734375,2.850205659866333,0.050000011920928955,848750
7,3396,250,1588.443603515625,6.353774547576904,3.3032469749450684,0.050000011920928955,849000
7,3397,250,1614.849609375,6.45939826965332,3.230846405029297,0.050000011920928955,849250
7,3398,250,1780.381591796875,7.12152624130249,3.0477280616760254,0.050000011920928955,849500
7,3399,250,1833.683349609375,7.334733486175537,3.091360330581665,0.050000011920928955,849750
7,3400,250,1810.8951416015625,7.243580341339111,2.9767518043518066,0.050000011920928955,850000
7,3401,250,27.330259323120117,0.10932103544473648,3.176234006881714,0.050000011920928955,850250
7,3402,250,1862.8814697265625,7.451525688171387,3.3807642459869385,0.050000011920928955,850500
7,3403,250,1570.312744140625,6.281250953674316,3.312596559524536,0.050000011920928955,850750
7,3404,250,-12.933758735656738,-0.051735036075115204,3.40164852142334,0.050000011920928955,851000
7,3405,250,-17.496212005615234,-0.06998484581708908,3.699899196624756,0.050000011920928955,851250
7,3406,250,-46.04833221435547,-0.18419332802295685,3.47782826423645,0.050000011920928955,851500
7,3407,250,-53.03604507446289,-0.2121441811323166,3.8274710178375244,0.050000011920928955,851750
7,3408,250,-63.06068801879883,-0.2522427439689636,4.059452533721924,0.050000011920928955,852000
7,3409,250,-59.762474060058594,-0.23904989659786224,4.647759914398193,0.050000011920928955,852250
7,3410,250,-54.782649993896484,-0.21913060545921326,4.5976762771606445,0.050000011920928955,852500
7,3411,250,1898.5679931640625,7.594272136688232,4.345698833465576,0.050000011920928955,852750
7,3412,250,-41.475120544433594,-0.16590048372745514,4.507763862609863,0.050000011920928955,853000
7,3413,250,-40.47138214111328,-0.16188552975654602,5.527849197387695,0.050000011920928955,853250
7,3414,250,-63.382179260253906,-0.2535287141799927,5.244655132293701,0.050000011920928955,853500
7,3415,250,-59.688262939453125,-0.2387530505657196,5.063663482666016,0.050000011920928955,853750
7,3416,250,-145.4339141845703,-0.5817356705665588,5.348180294036865,0.050000011920928955,854000
7,3417,250,-41.414268493652344,-0.16565707325935364,6.034882068634033,0.050000011920928955,854250
7,3418,250,-29.27433967590332,-0.11709735542535782,5.891443729400635,0.050000011920928955,854500
7,3419,250,-27.201881408691406,-0.1088075265288353,5.8702592849731445,0.050000011920928955,854750
7,3420,250,0.7149932384490967,0.002859972883015871,5.781006813049316,0.050000011920928955,855000
7,3421,250,-10.930488586425781,-0.04372195526957512,7.211676597595215,0.050000011920928955,855250
7,3422,250,22.7626895904541,0.09105075895786285,6.4803948402404785,0.050000011920928955,855500
7,3423,250,1873.298095703125,7.493192195892334,6.639247894287109,0.050000011920928955,855750
7,3424,250,1686.367431640625,6.745469570159912,6.2565693855285645,0.050000011920928955,856000
7,3425,250,181.1405029296875,0.7245619893074036,6.822432041168213,0.050000011920928955,856250
7,3426,250,1202.3544921875,4.809418201446533,6.5324859619140625,0.050000011920928955,856500
7,3427,250,1412.319091796875,5.649276256561279,6.421156406402588,0.050000011920928955,856750
7,3428,250,1430.733154296875,5.722932815551758,5.901176929473877,0.050000011920928955,857000
7,3429,250,1282.11962890625,5.128478527069092,6.862637996673584,0.050000011920928955,857250
7,3430,250,1017.447509765625,4.069789886474609,6.362257957458496,0.050000011920928955,857500
7,3431,250,1353.55126953125,5.414205074310303,5.948150634765625,0.050000011920928955,857750
7,3432,250,1012.8016357421875,4.051206588745117,5.672856330871582,0.050000011920928955,858000
7,3433,250,1630.2867431640625,6.521146774291992,7.044490814208984,0.050000011920928955,858250
7,3434,250,1635.859130859375,6.543436527252197,6.33057975769043,0.050000011920928955,858500
7,3435,250,1544.4564208984375,6.177825450897217,6.196789741516113,0.050000011920928955,858750
7,3436,250,109.33988952636719,0.4373595714569092,5.946300506591797,0.050000011920928955,859000
7,3437,250,1072.1680908203125,4.28867244720459,7.117371559143066,0.050000011920928955,859250
7,3438,250,72.54439544677734,0.290177583694458,6.630857467651367,0.050000011920928955,859500
7,3439,250,1632.084716796875,6.52833890914917,6.493081092834473,0.050000011920928955,859750
7,3440,250,1229.093994140625,4.916376113891602,6.303910255432129,0.050000011920928955,860000
7,3441,250,1262.787353515625,5.051149368286133,7.366153240203857,0.050000011920928955,860250
7,3442,250,1027.9208984375,4.111683368682861,6.6713714599609375,0.050000011920928955,860500
7,3443,250,1099.3153076171875,4.397261142730713,6.679442405700684,0.050000011920928955,860750
7,3444,250,1370.3043212890625,5.481217384338379,6.475894451141357,0.050000011920928955,861000
7,3445,250,1004.3832397460938,4.017532825469971,7.706260681152344,0.050000011920928955,861250
7,3446,250,955.449462890625,3.8217978477478027,6.913578510284424,0.050000011920928955,861500
7,3447,250,-62.718284606933594,-0.2508731484413147,6.811655044555664,0.050000011920928955,861750
7,3448,250,-8.93903923034668,-0.03575615584850311,6.898024559020996,0.050000011920928955,862000
7,3449,250,-50.91265106201172,-0.2036506086587906,7.8030219078063965,0.050000011920928955,862250
7,3450,250,-42.31475067138672,-0.1692589968442917,7.58895206451416,0.050000011920928955,862500
7,3451,250,-43.877349853515625,-0.17550939321517944,7.257654666900635,0.050000011920928955,862750
7,3452,250,-49.308250427246094,-0.19723300635814667,7.4364705085754395,0.050000011920928955,863000
7,3453,250,1125.962158203125,4.503848552703857,8.411486625671387,0.050000011920928955,863250
7,3454,250,1342.3719482421875,5.369487762451172,7.769427299499512,0.050000011920928955,863500
7,3455,250,-40.030189514160156,-0.16012075543403625,7.773094654083252,0.050000011920928955,863750
7,3456,250,60.81565856933594,0.2432626336812973,7.587125301361084,0.050000011920928955,864000
7,3457,250,-22.3716983795166,-0.08948679268360138,7.836777687072754,0.050000011920928955,864250
7,3458,250,-7.716670989990234,-0.030866684392094612,7.878262042999268,0.050000011920928955,864500
7,3459,250,1205.7734375,4.823093891143799,7.838630199432373,0.050000011920928955,864750
7,3460,250,1267.30322265625,5.069212913513184,7.489877223968506,0.050000011920928955,865000
7,3461,250,1236.0704345703125,4.944281578063965,7.351654529571533,0.050000011920928955,865250
7,3462,250,-45.65681838989258,-0.18262727558612823,7.23838472366333,0.050000011920928955,865500
7,3463,250,1677.073974609375,6.708295822143555,6.9273362159729,0.050000011920928955,865750
7,3464,250,1899.429443359375,7.597717761993408,7.127275466918945,0.050000011920928955,866000
7,3465,250,1049.38134765625,4.197525501251221,7.641047954559326,0.050000011920928955,866250
7,3466,250,1314.4437255859375,5.257774829864502,6.784652233123779,0.050000011920928955,866500
7,3467,250,1695.8701171875,6.783480644226074,6.824569225311279,0.050000011920928955,866750
7,3468,250,1693.3984375,6.773593902587891,6.459890365600586,0.050000011920928955,867000
7,3469,250,32.45050048828125,0.12980200350284576,7.045051574707031,0.050000011920928955,867250
7,3470,250,631.3509521484375,2.5254037380218506,6.853438854217529,0.050000011920928955,867500
7,3471,250,1633.6683349609375,6.53467321395874,6.649824142456055,0.050000011920928955,867750
7,3472,250,-15.66747760772705,-0.06266991049051285,6.391742706298828,0.050000011920928955,868000
7,3473,250,-31.13455581665039,-0.12453822046518326,7.338721752166748,0.050000011920928955,868250
7,3474,250,1715.66259765625,6.862650394439697,6.956614971160889,0.050000011920928955,868500
7,3475,250,-4.436964988708496,-0.01774786040186882,6.323984622955322,0.050000011920928955,868750
7,3476,250,1836.97607421875,7.347904205322266,6.2152228355407715,0.050000011920928955,869000
7,3477,250,-35.98468780517578,-0.14393875002861023,6.873836994171143,0.050000011920928955,869250
7,3478,250,1830.439453125,7.321757793426514,6.537968158721924,0.050000011920928955,869500
7,3479,250,158.498291015625,0.6339931488037109,6.384726047515869,0.050000011920928955,869750
7,3480,250,41.218894958496094,0.1648755818605423,6.394161224365234,0.050000011920928955,870000
7,3481,250,-59.79579544067383,-0.2391831874847412,7.38008451461792,0.050000011920928955,870250
7,3482,250,1026.71142578125,4.106845855712891,6.777552127838135,0.050000011920928955,870500
7,3483,250,-54.58686065673828,-0.2183474451303482,6.478970527648926,0.050000011920928955,870750
7,3484,250,768.73193359375,3.074927806854248,6.619645595550537,0.050000011920928955,871000
7,3485,250,1069.968505859375,4.279873847961426,7.181767463684082,0.050000011920928955,871250
7,3486,250,1314.0003662109375,5.2560014724731445,7.024377346038818,0.050000011920928955,871500
7,3487,250,38.28224182128906,0.1531289666891098,6.652375221252441,0.050000011920928955,871750
7,3488,250,-20.226119995117188,-0.08090447634458542,6.66702938079834,0.050000011920928955,872000
7,3489,250,1208.8282470703125,4.835312843322754,7.388670444488525,0.050000011920928955,872250
7,3490,250,-52.701271057128906,-0.21080508828163147,6.914483070373535,0.050000011920928955,872500
7,3491,250,-5.822589874267578,-0.0232903603464365,6.665616989135742,0.050000011920928955,872750
7,3492,250,854.4785766601562,3.417914390563965,6.6118340492248535,0.050000011920928955,873000
7,3493,250,714.0604858398438,2.8562419414520264,7.50215482711792,0.050000011920928955,873250
7,3494,250,875.8900756835938,3.5035603046417236,6.729458332061768,0.050000011920928955,873500
7,3495,250,2.5780725479125977,0.01031228993088007,6.86032247543335,0.050000011920928955,873750
7,3496,250,765.1810913085938,3.0607242584228516,6.819917678833008,0.050000011920928955,874000
7,3497,250,900.7232666015625,3.602893114089966,7.23429012298584,0.050000011920928955,874250
7,3498,250,725.37548828125,2.9015018939971924,7.130092620849609,0.050000011920928955,874500
7,3499,250,242.3050079345703,0.9692200422286987,6.802676200866699,0.050000011920928955,874750
7,3500,250,902.8826293945312,3.6115305423736572,6.719112873077393,0.050000011920928955,875000
7,3501,250,543.98291015625,2.175931692123413,7.798194408416748,0.050000011920928955,875250
7,3502,250,535.9808959960938,2.14392352104187,7.382871627807617,0.050000011920928955,875500
7,3503,250,27.810518264770508,0.11124207079410553,7.298308849334717,0.050000011920928955,875750
7,3504,250,25.148292541503906,0.10059317201375961,7.25093412399292,0.050000011920928955,876000
7,3505,250,55.476478576660156,0.221905916929245,7.958641052246094,0.050000011920928955,876250
7,3506,250,29.2287540435791,0.1169150173664093,7.651614189147949,0.050000011920928955,876500
7,3507,250,-38.55028533935547,-0.15420113503932953,7.739602565765381,0.050000011920928955,876750
7,3508,250,447.7198791503906,1.790879487991333,7.77622127532959,0.050000011920928955,877000
7,3509,250,330.8934020996094,1.3235735893249512,8.82264518737793,0.050000011920928955,877250
7,3510,250,-87.2891845703125,-0.3491567373275757,8.145641326904297,0.050000011920928955,877500
7,3511,250,57.35516357421875,0.22942064702510834,8.341285705566406,0.050000011920928955,877750
7,3512,250,-17.196565628051758,-0.06878626346588135,8.047502517700195,0.050000011920928955,878000
7,3513,250,-30.20787811279297,-0.12083151191473007,9.107260704040527,0.050000011920928955,878250
7,3514,250,87.7082748413086,0.35083308815956116,8.670816421508789,0.050000011920928955,878500
7,3515,250,78.0653076171875,0.3122612237930298,8.626031875610352,0.050000011920928955,878750
7,3516,250,258.88922119140625,1.0355569124221802,8.468605995178223,0.050000011920928955,879000
7,3517,250,-42.02701187133789,-0.1681080460548401,9.925263404846191,0.050000011920928955,879250
7,3518,250,490.58349609375,1.9623340368270874,9.45356559753418,0.050000011920928955,879500
7,3519,250,80.89216613769531,0.3235686719417572,9.462118148803711,0.050000011920928955,879750
7,3520,250,239.9250946044922,0.9597004055976868,9.072251319885254,0.050000011920928955,880000
7,3521,250,221.222900390625,0.8848916292190552,10.441718101501465,0.050000011920928955,880250
7,3522,250,177.66201782226562,0.7106480598449707,10.21214771270752,0.050000011920928955,880500
7,3523,250,258.58770751953125,1.034350872039795,9.886713027954102,0.050000011920928955,880750
7,3524,250,149.0965576171875,0.5963862538337708,9.634772300720215,0.050000011920928955,881000
7,3525,250,251.0023193359375,1.0040092468261719,11.228438377380371,0.050000011920928955,881250
7,3526,250,137.31825256347656,0.5492730140686035,10.908361434936523,0.050000011920928955,881500
7,3527,250,128.9341583251953,0.5157366394996643,10.903286933898926,0.050000011920928955,881750
7,3528,250,158.00067138671875,0.6320027112960815,10.462251663208008,0.050000011920928955,882000
7,3529,250,121.57112121582031,0.4862844944000244,12.03200626373291,0.050000011920928955,882250
7,3530,250,36.18483352661133,0.1447393298149109,11.519621849060059,0.050000011920928955,882500
7,3531,250,58.41727828979492,0.23366911709308624,11.709226608276367,0.050000011920928955,882750
7,3532,250,289.8258361816406,1.1593033075332642,11.850762367248535,0.050000011920928955,883000
7,3533,250,541.026611328125,2.1641063690185547,12.467547416687012,0.050000011920928955,883250
7,3534,250,133.5505828857422,0.5342023372650146,12.613130569458008,0.050000011920928955,883500
7,3535,250,338.8213806152344,1.3552855253219604,12.54999828338623,0.050000011920928955,883750
7,3536,250,66.775146484375,0.26710057258605957,11.798309326171875,0.050000011920928955,884000
7,3537,250,469.1317443847656,1.876526951789856,13.102127075195312,0.050000011920928955,884250
7,3538,250,107.75578308105469,0.43102312088012695,12.944870948791504,0.050000011920928955,884500
7,3539,250,207.37342834472656,0.8294937014579773,12.297937393188477,0.050000011920928955,884750
7,3540,250,42.8306999206543,0.1713227927684784,12.094429016113281,0.050000011920928955,885000
7,3541,250,68.15001678466797,0.27260005474090576,12.692864418029785,0.050000011920928955,885250
7,3542,250,138.03843688964844,0.5521537661552429,12.628046989440918,0.050000011920928955,885500
7,3543,250,266.23968505859375,1.0649586915969849,12.494458198547363,0.050000011920928955,885750
7,3544,250,692.6111450195312,2.770444631576538,12.61941909790039,0.050000011920928955,886000
7,3545,250,8.974115371704102,0.035896461457014084,13.04746150970459,0.050000011920928955,886250
7,3546,250,43.598731994628906,0.17439493536949158,12.573291778564453,0.050000011920928955,886500
7,3547,250,120.47942352294922,0.48191767930984497,12.149813652038574,0.050000011920928955,886750
7,3548,250,73.86776733398438,0.29547107219696045,12.069581031799316,0.050000011920928955,887000
7,3549,250,27.879718780517578,0.11151887476444244,12.976390838623047,0.050000011920928955,887250
7,3550,250,91.55595397949219,0.3662238121032715,11.666886329650879,0.050000011920928955,887500
7,3551,250,36.82899475097656,0.14731597900390625,11.549806594848633,0.050000011920928955,887750
7,3552,250,90.99935913085938,0.3639974296092987,11.588172912597656,0.050000011920928955,888000
7,3553,250,24.13172149658203,0.09652688354253769,11.5416259765625,0.050000011920928955,888250
7,3554,250,61.725589752197266,0.24690236151218414,11.746024131774902,0.050000011920928955,888500
7,3555,250,81.79817199707031,0.3271926939487457,11.400202751159668,0.050000011920928955,888750
7,3556,250,-24.231830596923828,-0.09692732244729996,10.941045761108398,0.050000011920928955,889000
7,3557,250,225.30308532714844,0.9012123346328735,10.972101211547852,0.050000011920928955,889250
7,3558,250,180.38270568847656,0.7215307950973511,10.839509963989258,0.050000011920928955,889500
7,3559,250,298.607666015625,1.1944307088851929,10.406378746032715,0.050000011920928955,889750
7,3560,250,312.5223083496094,1.2500892877578735,10.233943939208984,0.050000011920928955,890000
7,3561,250,206.30799865722656,0.8252319693565369,10.171724319458008,0.050000011920928955,890250
7,3562,250,87.78527069091797,0.351141095161438,10.18281364440918,0.050000011920928955,890500
7,3563,250,361.773193359375,1.4470927715301514,9.97282600402832,0.050000011920928955,890750
7,3564,250,228.2526092529297,0.9130104184150696,9.558979988098145,0.050000011920928955,891000
7,3565,250,396.6900634765625,1.5867602825164795,10.438187599182129,0.050000011920928955,891250
7,3566,250,427.9005432128906,1.7116022109985352,10.002559661865234,0.050000011920928955,891500
7,3567,250,483.74176025390625,1.934967041015625,9.915884971618652,0.050000011920928955,891750
7,3568,250,761.1294555664062,3.044517755508423,9.657342910766602,0.050000011920928955,892000
7,3569,250,884.320556640625,3.5372822284698486,9.721118927001953,0.050000011920928955,892250
7,3570,250,474.0791015625,1.896316409111023,9.21285343170166,0.050000011920928955,892500
7,3571,250,154.11903381347656,0.6164761185646057,9.564330101013184,0.050000011920928955,892750
7,3572,250,21.786884307861328,0.0871475338935852,9.03109073638916,0.050000011920928955,893000
7,3573,250,-32.040897369384766,-0.12816359102725983,9.500085830688477,0.050000011920928955,893250
7,3574,250,-22.475753784179688,-0.08990301191806793,9.46078872680664,0.050000011920928955,893500
7,3575,250,-22.26097297668457,-0.08904389292001724,9.51412296295166,0.050000011920928955,893750
7,3576,250,-18.50513458251953,-0.07402053475379944,9.04223346710205,0.050000011920928955,894000
7,3577,250,-9.444737434387207,-0.03777895122766495,9.953075408935547,0.050000011920928955,894250
7,3578,250,-17.033336639404297,-0.06813334673643112,9.819427490234375,0.050000011920928955,894500
7,3579,250,-7.860559463500977,-0.03144223615527153,9.703800201416016,0.050000011920928955,894750
7,3580,250,-33.49629592895508,-0.13398517668247223,9.577744483947754,0.050000011920928955,895000
7,3581,250,-19.646135330200195,-0.07858454436063766,10.295825004577637,0.050000011920928955,895250
7,3582,250,-29.221349716186523,-0.11688540130853653,9.928478240966797,0.050000011920928955,895500
7,3583,250,-16.538772583007812,-0.0661550909280777,9.790608406066895,0.050000011920928955,895750
7,3584,250,-0.12183427810668945,-0.00048733712173998356,9.24971866607666,0.050000011920928955,896000
7,3585,250,-8.402645111083984,-0.03361057862639427,10.101168632507324,0.050000011920928955,896250
7,3586,250,19.6125545501709,0.07845021784305573,9.672298431396484,0.050000011920928955,896500
7,3587,250,27.019733428955078,0.10807893425226212,9.126298904418945,0.050000011920928955,896750
7,3588,250,31.973379135131836,0.12789352238178253,9.472574234008789,0.050000011920928955,897000
7,3589,250,59.38596725463867,0.23754386603832245,9.715397834777832,0.050000011920928955,897250
7,3590,250,90.69338989257812,0.3627735674381256,9.234611511230469,0.050000011920928955,897500
7,3591,250,88.99131774902344,0.355965256690979,9.118492126464844,0.050000011920928955,897750
7,3592,250,123.68240356445312,0.494729608297348,8.993739128112793,0.050000011920928955,898000
7,3593,250,154.17733764648438,0.6167093515396118,9.344500541687012,0.050000011920928955,898250
7,3594,250,145.68507385253906,0.582740306854248,9.255488395690918,0.050000011920928955,898500
7,3595,250,14.800151824951172,0.05920060724020004,8.839456558227539,0.050000011920928955,898750
7,3596,250,193.97418212890625,0.7758967280387878,8.537088394165039,0.050000011920928955,899000
7,3597,250,203.57850646972656,0.8143140077590942,8.862114906311035,0.050000011920928955,899250
7,3598,250,228.63650512695312,0.914546012878418,8.345243453979492,0.050000011920928955,899500
7,3599,250,143.35455322265625,0.5734182000160217,8.047306060791016,0.050000011920928955,899750
7,3600,250,189.6171417236328,0.7584685683250427,8.495708465576172,0.050000011920928955,900000
7,3601,250,128.11944580078125,0.5124777555465698,8.443742752075195,0.050000011920928955,900250
7,3602,250,159.18289184570312,0.6367315649986267,8.221452713012695,0.050000011920928955,900500
7,3603,250,165.50564575195312,0.662022590637207,8.358604431152344,0.050000011920928955,900750
7,3604,250,146.85081481933594,0.5874032378196716,7.9435577392578125,0.050000011920928955,901000
7,3605,250,411.9298095703125,1.6477192640304565,8.582228660583496,0.050000011920928955,901250
7,3606,250,185.11996459960938,0.7404798865318298,8.21189022064209,0.050000011920928955,901500
7,3607,250,237.8067626953125,0.951227068901062,8.142339706420898,0.050000011920928955,901750
7,3608,250,233.05160522460938,0.932206392288208,7.9922356605529785,0.050000011920928955,902000
7,3609,250,1255.480712890625,5.021923065185547,8.367448806762695,0.050000011920928955,902250
7,3610,250,1518.448974609375,6.073795795440674,7.9630231857299805,0.050000011920928955,902500
7,3611,250,1460.591796875,5.842367172241211,7.586910247802734,0.050000011920928955,902750
7,3612,250,-26.793020248413086,-0.10717207938432693,7.599910259246826,0.050000011920928955,903000
7,3613,250,1376.677978515625,5.506711959838867,7.525389671325684,0.050000011920928955,903250
7,3614,250,309.57586669921875,1.2383034229278564,7.787335395812988,0.050000011920928955,903500
7,3615,250,590.9238891601562,2.3636956214904785,7.40214204788208,0.050000011920928955,903750
7,3616,250,579.48583984375,2.3179433345794678,7.260928153991699,0.050000011920928955,904000
7,3617,250,467.21246337890625,1.8688498735427856,7.320313453674316,0.050000011920928955,904250
7,3618,250,1358.7471923828125,5.434988975524902,7.204379081726074,0.050000011920928955,904500
7,3619,250,1491.427490234375,5.965710163116455,7.173717498779297,0.050000011920928955,904750
7,3620,250,13.805049896240234,0.05522019788622856,6.7453083992004395,0.050000011920928955,905000
7,3621,250,1341.3409423828125,5.365363597869873,6.899987697601318,0.050000011920928955,905250
7,3622,250,839.1974487304688,3.3567898273468018,6.831096172332764,0.050000011920928955,905500
7,3623,250,1244.0809326171875,4.97632360458374,6.929403781890869,0.050000011920928955,905750
7,3624,250,-15.943767547607422,-0.06377507001161575,6.45134973526001,0.050000011920928955,906000
7,3625,250,1283.4959716796875,5.133984088897705,6.992018222808838,0.050000011920928955,906250
7,3626,250,-0.7754650115966797,-0.0031018599402159452,6.568972587585449,0.050000011920928955,906500
7,3627,250,1508.11474609375,6.032458782196045,6.733328819274902,0.050000011920928955,906750
7,3628,250,1299.5244140625,5.1980977058410645,6.465029716491699,0.050000011920928955,907000
7,3629,250,1326.2506103515625,5.305002212524414,6.822105407714844,0.050000011920928955,907250
7,3630,250,1312.1702880859375,5.24868106842041,6.23215389251709,0.050000011920928955,907500
7,3631,250,1283.0128173828125,5.132051467895508,6.352035999298096,0.050000011920928955,907750
7,3632,250,1157.3023681640625,4.629209518432617,6.308224201202393,0.050000011920928955,908000
7,3633,250,1583.0340576171875,6.332136154174805,6.188026428222656,0.050000011920928955,908250
7,3634,250,1191.8607177734375,4.76744270324707,6.080352783203125,0.050000011920928955,908500
7,3635,250,1308.4478759765625,5.233791351318359,6.170183181762695,0.050000011920928955,908750
7,3636,250,1358.9840087890625,5.435935974121094,5.9479899406433105,0.050000011920928955,909000
7,3637,250,1280.12548828125,5.12050199508667,5.8659563064575195,0.050000011920928955,909250
7,3638,250,794.74951171875,3.1789979934692383,5.725707530975342,0.050000011920928955,909500
7,3639,250,1283.52880859375,5.134115219116211,5.351437568664551,0.050000011920928955,909750
7,3640,250,1269.8697509765625,5.079479217529297,5.416967391967773,0.050000011920928955,910000
7,3641,250,1409.12646484375,5.636506080627441,5.404911041259766,0.050000011920928955,910250
7,3642,250,1443.5703125,5.774281024932861,5.102891445159912,0.050000011920928955,910500
7,3643,250,1333.4736328125,5.333894729614258,4.887584686279297,0.050000011920928955,910750
7,3644,250,1399.602294921875,5.598409175872803,4.779037952423096,0.050000011920928955,911000
7,3645,250,1368.904541015625,5.475618362426758,4.8373541831970215,0.050000011920928955,911250
7,3646,250,1167.3424072265625,4.669369697570801,4.616458892822266,0.050000011920928955,911500
7,3647,250,1496.5130615234375,5.9860520362854,4.305497646331787,0.050000011920928955,911750
7,3648,250,54.636871337890625,0.21854747831821442,4.338545322418213,0.050000011920928955,912000
7,3649,250,-69.52401733398438,-0.278096079826355,4.521215438842773,0.050000011920928955,912250
7,3650,250,1141.7408447265625,4.566963195800781,4.554898262023926,0.050000011920928955,912500
7,3651,250,871.5015869140625,3.486006259918213,4.589175701141357,0.050000011920928955,912750
7,3652,250,-27.54936981201172,-0.11019747704267502,4.218881607055664,0.050000011920928955,913000
7,3653,250,1656.0560302734375,6.6242241859436035,4.465969562530518,0.050000011920928955,913250
7,3654,250,-24.58727264404297,-0.09834908694028854,4.406330108642578,0.050000011920928955,913500
7,3655,250,-55.874935150146484,-0.22349974513053894,4.6911821365356445,0.050000011920928955,913750
7,3656,250,1335.077392578125,5.3403096199035645,4.66707181930542,0.050000011920928955,914000
7,3657,250,1668.617431640625,6.674469947814941,4.740887641906738,0.050000011920928955,914250
7,3658,250,-54.90217208862305,-0.21960869431495667,4.740474224090576,0.050000011920928955,914500
7,3659,250,1679.89501953125,6.719580173492432,4.654483318328857,0.050000011920928955,914750
7,3660,250,-53.42456817626953,-0.21369826793670654,4.519200325012207,0.050000011920928955,915000
7,3661,250,1644.443115234375,6.577772617340088,4.822439193725586,0.050000011920928955,915250
7,3662,250,1703.4471435546875,6.813788414001465,4.643031120300293,0.050000011920928955,915500
7,3663,250,1657.3165283203125,6.629266262054443,4.452609062194824,0.050000011920928955,915750
7,3664,250,1399.9794921875,5.599917888641357,4.5764946937561035,0.050000011920928955,916000
7,3665,250,1564.439453125,6.257757663726807,4.423765182495117,0.050000011920928955,916250
7,3666,250,1526.645751953125,6.106583118438721,4.473270416259766,0.050000011920928955,916500
7,3667,250,592.8760375976562,2.371504068374634,4.369007110595703,0.050000011920928955,916750
7,3668,250,345.7295227050781,1.382918119430542,4.263072967529297,0.050000011920928955,917000
7,3669,250,170.37258911132812,0.6814903616905212,4.456937313079834,0.050000011920928955,917250
7,3670,250,1426.558837890625,5.706235408782959,4.476184844970703,0.050000011920928955,917500
7,3671,250,542.0516357421875,2.1682064533233643,4.756473541259766,0.050000011920928955,917750
7,3672,250,729.3995971679688,2.9175984859466553,4.762314319610596,0.050000011920928955,918000
7,3673,250,282.46368408203125,1.129854679107666,4.814751625061035,0.050000011920928955,918250
7,3674,250,1465.71484375,5.86285924911499,4.688065052032471,0.050000011920928955,918500
7,3675,250,14.284138679504395,0.05713655427098274,4.808052062988281,0.050000011920928955,918750
7,3676,250,1306.9327392578125,5.227730751037598,5.023738384246826,0.050000011920928955,919000
7,3677,250,1725.36279296875,6.901451110839844,4.831742286682129,0.050000011920928955,919250
7,3678,250,1728.2694091796875,6.9130778312683105,4.7385478019714355,0.050000011920928955,919500
7,3679,250,1764.597412109375,7.058389663696289,4.713338375091553,0.050000011920928955,919750
7,3680,250,1879.818115234375,7.519272327423096,4.886940956115723,0.050000011920928955,920000
7,3681,250,-59.94068145751953,-0.23976272344589233,5.048899173736572,0.050000011920928955,920250
7,3682,250,1544.6544189453125,6.178617477416992,4.9514031410217285,0.050000011920928955,920500
7,3683,250,1622.0582275390625,6.4882330894470215,4.690124988555908,0.050000011920928955,920750
7,3684,250,1374.4483642578125,5.497793674468994,4.904491901397705,0.050000011920928955,921000
7,3685,250,-30.7264404296875,-0.12290576100349426,5.13484525680542,0.050000011920928955,921250
7,3686,250,-14.282421112060547,-0.05712968483567238,5.081755638122559,0.050000011920928955,921500
7,3687,250,1105.72900390625,4.422915935516357,5.152029991149902,0.050000011920928955,921750
7,3688,250,215.4649200439453,0.8618596792221069,5.114675998687744,0.050000011920928955,922000
7,3689,250,57.65657043457031,0.23062628507614136,5.479857444763184,0.050000011920928955,922250
7,3690,250,1329.629638671875,5.31851863861084,5.419219970703125,0.050000011920928955,922500
7,3691,250,519.6692504882812,2.07867693901062,5.302132606506348,0.050000011920928955,922750
7,3692,250,66.34346771240234,0.2653738856315613,5.483074188232422,0.050000011920928955,923000
7,3693,250,924.440185546875,3.697760820388794,5.432863712310791,0.050000011920928955,923250
7,3694,250,855.7816772460938,3.423126697540283,5.547654151916504,0.050000011920928955,923500
7,3695,250,436.02105712890625,1.7440842390060425,5.515801906585693,0.050000011920928955,923750
7,3696,250,23.416837692260742,0.09366735070943832,5.292200088500977,0.050000011920928955,924000
7,3697,250,200.0465545654297,0.8001862168312073,6.096242904663086,0.050000011920928955,924250
7,3698,250,50.566776275634766,0.2022671103477478,6.073906421661377,0.050000011920928955,924500
7,3699,250,215.9561309814453,0.8638245463371277,5.89396858215332,0.050000011920928955,924750
7,3700,250,8.686564445495605,0.034746259450912476,6.167025566101074,0.050000011920928955,925000
7,3701,250,107.3028564453125,0.42921143770217896,6.3374834060668945,0.050000011920928955,925250
7,3702,250,212.6903533935547,0.8507614135742188,6.437199592590332,0.050000011920928955,925500
7,3703,250,183.4304656982422,0.7337218523025513,6.27727746963501,0.050000011920928955,925750
7,3704,250,39.03220748901367,0.15612882375717163,6.429171085357666,0.050000011920928955,926000
7,3705,250,88.71098327636719,0.35484394431114197,7.427462577819824,0.050000011920928955,926250
7,3706,250,452.03289794921875,1.8081315755844116,7.116578578948975,0.050000011920928955,926500
7,3707,250,717.2655639648438,2.8690621852874756,7.27739953994751,0.050000011920928955,926750
7,3708,250,118.59567260742188,0.4743826985359192,7.1290459632873535,0.050000011920928955,927000
7,3709,250,55.935821533203125,0.2237432897090912,7.594511985778809,0.050000011920928955,927250
7,3710,250,163.5399169921875,0.654159665107727,7.47489595413208,0.050000011920928955,927500
7,3711,250,125.83743286132812,0.5033497214317322,7.6695451736450195,0.050000011920928955,927750
7,3712,250,195.50119018554688,0.7820047736167908,7.3347249031066895,0.050000011920928955,928000
7,3713,250,254.46804809570312,1.0178722143173218,7.785240173339844,0.050000011920928955,928250
7,3714,250,521.870849609375,2.0874834060668945,7.859734535217285,0.050000011920928955,928500
7,3715,250,182.787109375,0.7311484217643738,7.464949131011963,0.050000011920928955,928750
7,3716,250,324.6656494140625,1.298662543296814,7.974987030029297,0.050000011920928955,929000
7,3717,250,542.5031127929688,2.1700124740600586,8.72438907623291,0.050000011920928955,929250
7,3718,250,362.04315185546875,1.4481725692749023,8.478869438171387,0.050000011920928955,929500
7,3719,250,253.89585876464844,1.0155833959579468,8.101898193359375,0.050000011920928955,929750
7,3720,250,66.19956970214844,0.26479828357696533,8.241813659667969,0.050000011920928955,930000
7,3721,250,214.881591796875,0.8595263957977295,8.4636869430542,0.050000011920928955,930250
7,3722,250,198.9088592529297,0.795635461807251,8.32354736328125,0.050000011920928955,930500
7,3723,250,171.1581268310547,0.6846324801445007,8.382062911987305,0.050000011920928955,930750
7,3724,250,376.11566162109375,1.5044625997543335,8.689441680908203,0.050000011920928955,931000
7,3725,250,175.0443878173828,0.7001775503158569,9.548796653747559,0.050000011920928955,931250
7,3726,250,553.3294067382812,2.213317632675171,8.963776588439941,0.050000011920928955,931500
7,3727,250,120.95144653320312,0.483805775642395,8.808907508850098,0.050000011920928955,931750
7,3728,250,157.9217071533203,0.631686806678772,8.957181930541992,0.050000011920928955,932000
7,3729,250,227.59971618652344,0.9103988409042358,9.22435474395752,0.050000011920928955,932250
7,3730,250,135.64010620117188,0.5425603985786438,8.969697952270508,0.050000011920928955,932500
7,3731,250,348.8004455566406,1.3952018022537231,8.85114574432373,0.050000011920928955,932750
7,3732,250,146.43113708496094,0.5857245326042175,9.02647590637207,0.050000011920928955,933000
7,3733,250,-20.959796905517578,-0.08383918553590775,9.086913108825684,0.050000011920928955,933250
7,3734,250,111.51158905029297,0.4460463523864746,9.116069793701172,0.050000011920928955,933500
7,3735,250,105.33148193359375,0.4213259220123291,8.601581573486328,0.050000011920928955,933750
7,3736,250,422.4920654296875,1.689968228340149,8.950511932373047,0.050000011920928955,934000
7,3737,250,15.82998275756836,0.06331992894411087,9.580086708068848,0.050000011920928955,934250
7,3738,250,37.81715774536133,0.1512686312198639,9.206598281860352,0.050000011920928955,934500
7,3739,250,218.3095245361328,0.8732380867004395,9.094605445861816,0.050000011920928955,934750
7,3740,250,115.72319030761719,0.4628927707672119,8.739668846130371,0.050000011920928955,935000
7,3741,250,150.66981506347656,0.6026792526245117,9.186838150024414,0.050000011920928955,935250
7,3742,250,241.34344482421875,0.9653737545013428,8.946545600891113,0.050000011920928955,935500
7,3743,250,141.0028076171875,0.5640112161636353,8.834802627563477,0.050000011920928955,935750
7,3744,250,150.05392456054688,0.6002156734466553,8.709982872009277,0.050000011920928955,936000
7,3745,250,133.59767150878906,0.5343906879425049,9.065958023071289,0.050000011920928955,936250
7,3746,250,99.63984680175781,0.3985593914985657,8.737165451049805,0.050000011920928955,936500
7,3747,250,205.478759765625,0.8219150304794312,8.61378288269043,0.050000011920928955,936750
7,3748,250,218.7379913330078,0.874951958656311,8.677276611328125,0.050000011920928955,937000
7,3749,250,223.0034637451172,0.8920138478279114,8.959807395935059,0.050000011920928955,937250
7,3750,250,192.41407775878906,0.7696563005447388,8.867718696594238,0.050000011920928955,937500
7,3751,250,280.42279052734375,1.121691107749939,8.797566413879395,0.050000011920928955,937750
7,3752,250,294.01904296875,1.1760761737823486,8.786698341369629,0.050000011920928955,938000
7,3753,250,137.81126403808594,0.5512450337409973,8.968754768371582,0.050000011920928955,938250
7,3754,250,190.99615478515625,0.7639846205711365,9.078550338745117,0.050000011920928955,938500
7,3755,250,293.64947509765625,1.1745978593826294,8.938565254211426,0.050000011920928955,938750
7,3756,250,149.14694213867188,0.5965877771377563,8.571130752563477,0.050000011920928955,939000
7,3757,250,89.65985870361328,0.3586394488811493,9.180780410766602,0.050000011920928955,939250
7,3758,250,45.06616973876953,0.1802646815776825,8.93262004852295,0.050000011920928955,939500
7,3759,250,214.7531280517578,0.8590124845504761,8.710434913635254,0.050000011920928955,939750
7,3760,250,41.786468505859375,0.16714587807655334,8.426187515258789,0.050000011920928955,940000
7,3761,250,117.77522277832031,0.47110089659690857,9.314230918884277,0.050000011920928955,940250
7,3762,250,88.8829116821289,0.35553163290023804,8.972095489501953,0.050000011920928955,940500
7,3763,250,95.20428466796875,0.38081714510917664,9.047306060791016,0.050000011920928955,940750
7,3764,250,150.61976623535156,0.6024790406227112,8.650117874145508,0.050000011920928955,941000
7,3765,250,150.90585327148438,0.6036233901977539,9.575400352478027,0.050000011920928955,941250
7,3766,250,84.14158630371094,0.33656635880470276,9.35442066192627,0.050000011920928955,941500
7,3767,250,143.0333251953125,0.5721333026885986,9.179167747497559,0.050000011920928955,941750
7,3768,250,-123.56976318359375,-0.49427905678749084,8.802861213684082,0.050000011920928955,942000
7,3769,250,68.71288299560547,0.274851530790329,9.378707885742188,0.050000011920928955,942250
7,3770,250,160.46527099609375,0.641861081123352,9.408304214477539,0.050000011920928955,942500
7,3771,250,50.27653503417969,0.20110614597797394,8.847456932067871,0.050000011920928955,942750
7,3772,250,54.872337341308594,0.21948935091495514,8.986374855041504,0.050000011920928955,943000
7,3773,250,75.28312683105469,0.3011325001716614,9.474920272827148,0.050000011920928955,943250
7,3774,250,43.26955795288086,0.1730782389640808,9.216510772705078,0.050000011920928955,943500
7,3775,250,52.990203857421875,0.2119608223438263,9.34716510772705,0.050000011920928955,943750
7,3776,250,7.147388458251953,0.028589554131031036,8.5674467086792,0.050000011920928955,944000
7,3777,250,107.11711120605469,0.4284684360027313,9.390095710754395,0.050000011920928955,944250
7,3778,250,242.3046417236328,0.9692185521125793,8.950935363769531,0.050000011920928955,944500
7,3779,250,299.019287109375,1.1960771083831787,9.047355651855469,0.050000011920928955,944750
7,3780,250,390.4714050292969,1.5618855953216553,8.852654457092285,0.050000011920928955,945000
7,3781,250,393.6673583984375,1.5746694803237915,8.881495475769043,0.050000011920928955,945250
7,3782,250,353.6058654785156,1.4144234657287598,8.946531295776367,0.050000011920928955,945500
7,3783,250,265.57586669921875,1.0623034238815308,8.848398208618164,0.050000011920928955,945750
7,3784,250,34.30618667602539,0.13722474873065948,9.144977569580078,0.050000011920928955,946000
7,3785,250,183.11428833007812,0.732457160949707,9.154694557189941,0.050000011920928955,946250
7,3786,250,96.73294830322266,0.38693180680274963,8.709227561950684,0.050000011920928955,946500
7,3787,250,74.32682037353516,0.2973072826862335,8.537771224975586,0.050000011920928955,946750
7,3788,250,118.11907196044922,0.4724762737751007,8.521153450012207,0.050000011920928955,947000
7,3789,250,76.01346588134766,0.3040538728237152,8.479168891906738,0.050000011920928955,947250
7,3790,250,69.30620574951172,0.2772248089313507,8.893331527709961,0.050000011920928955,947500
7,3791,250,103.97439575195312,0.41589757800102234,8.84960651397705,0.050000011920928955,947750
7,3792,250,109.41027069091797,0.43764108419418335,8.57435417175293,0.050000011920928955,948000
7,3793,250,101.42353820800781,0.4056941568851471,8.746820449829102,0.050000011920928955,948250
7,3794,250,454.7425842285156,1.8189703226089478,8.901659965515137,0.050000011920928955,948500
7,3795,250,655.8973999023438,2.623589515686035,8.410284042358398,0.050000011920928955,948750
7,3796,250,784.0361328125,3.1361446380615234,8.196412086486816,0.050000011920928955,949000
7,3797,250,517.76904296875,2.0710761547088623,8.580343246459961,0.050000011920928955,949250
7,3798,250,416.974609375,1.667898416519165,8.286760330200195,0.050000011920928955,949500
7,3799,250,622.4363403320312,2.4897453784942627,8.15530014038086,0.050000011920928955,949750
7,3800,250,147.1958770751953,0.5887835025787354,7.9223833084106445,0.050000011920928955,950000
7,3801,250,847.4998168945312,3.3899991512298584,8.269054412841797,0.050000011920928955,950250
7,3802,250,210.70535278320312,0.8428214192390442,8.169593811035156,0.050000011920928955,950500
7,3803,250,793.048583984375,3.172194242477417,8.015557289123535,0.050000011920928955,950750
7,3804,250,983.3827514648438,3.9335310459136963,7.952073574066162,0.050000011920928955,951000
7,3805,250,524.8561401367188,2.0994246006011963,7.696012496948242,0.050000011920928955,951250
7,3806,250,643.8294677734375,2.575317859649658,7.631409168243408,0.050000011920928955,951500
7,3807,250,655.4534912109375,2.621814012527466,7.53615140914917,0.050000011920928955,951750
7,3808,250,648.635986328125,2.594543933868408,7.235060214996338,0.050000011920928955,952000
7,3809,250,700.0389404296875,2.8001558780670166,7.806949615478516,0.050000011920928955,952250
7,3810,250,917.8920288085938,3.6715681552886963,7.225944995880127,0.050000011920928955,952500
7,3811,250,1035.1427001953125,4.140570640563965,7.267104625701904,0.050000011920928955,952750
7,3812,250,1146.232421875,4.584929466247559,6.913964748382568,0.050000011920928955,953000
7,3813,250,1602.4844970703125,6.409937858581543,7.067512035369873,0.050000011920928955,953250
7,3814,250,1303.123779296875,5.21249532699585,6.749035835266113,0.050000011920928955,953500
7,3815,250,1490.7762451171875,5.963105201721191,6.851322650909424,0.050000011920928955,953750
7,3816,250,1644.7994384765625,6.579197883605957,6.6659746170043945,0.050000011920928955,954000
7,3817,250,1645.6868896484375,6.582747459411621,6.748666286468506,0.050000011920928955,954250
7,3818,250,1638.967041015625,6.555868148803711,6.632006645202637,0.050000011920928955,954500
7,3819,250,1550.4459228515625,6.201783657073975,6.678807735443115,0.050000011920928955,954750
7,3820,250,1188.4317626953125,4.753726959228516,6.609219551086426,0.050000011920928955,955000
7,3821,250,1578.1845703125,6.312738418579102,6.818296432495117,0.050000011920928955,955250
7,3822,250,1690.0679931640625,6.760272026062012,6.415858268737793,0.050000011920928955,955500
7,3823,250,1151.647705078125,4.606590747833252,6.533812522888184,0.050000011920928955,955750
7,3824,250,1511.3673095703125,6.045469284057617,6.274514675140381,0.050000011920928955,956000
7,3825,250,1552.3856201171875,6.209542274475098,6.529869556427002,0.050000011920928955,956250
7,3826,250,1342.394775390625,5.369579315185547,6.307247161865234,0.050000011920928955,956500
7,3827,250,1458.5499267578125,5.834199905395508,6.076312065124512,0.050000011920928955,956750
7,3828,250,1447.664794921875,5.790658950805664,5.921609878540039,0.050000011920928955,957000
7,3829,250,1575.5052490234375,6.302021026611328,5.8276190757751465,0.050000011920928955,957250
7,3830,250,1443.3238525390625,5.7732954025268555,5.7201056480407715,0.050000011920928955,957500
7,3831,250,1389.9415283203125,5.5597662925720215,5.581876277923584,0.050000011920928955,957750
7,3832,250,1751.3433837890625,7.005373477935791,5.178164482116699,0.050000011920928955,958000
7,3833,250,1657.53076171875,6.630123138427734,5.167057037353516,0.050000011920928955,958250
7,3834,250,1815.629638671875,7.262518405914307,4.896526336669922,0.050000011920928955,958500
7,3835,250,1609.6961669921875,6.438784599304199,4.582840919494629,0.050000011920928955,958750
7,3836,250,1702.2020263671875,6.808808326721191,4.511395454406738,0.050000011920928955,959000
7,3837,250,1710.2197265625,6.840878963470459,4.444721698760986,0.050000011920928955,959250
7,3838,250,1690.529052734375,6.762116432189941,4.271605491638184,0.050000011920928955,959500
7,3839,250,1796.238037109375,7.184952259063721,4.264552116394043,0.050000011920928955,959750
7,3840,250,1464.235595703125,5.856942176818848,4.210936546325684,0.050000011920928955,960000
7,3841,250,1674.0234375,6.696093559265137,4.1179423332214355,0.050000011920928955,960250
7,3842,250,1734.751953125,6.939007759094238,4.093283176422119,0.050000011920928955,960500
7,3843,250,1621.09521484375,6.484380722045898,3.8369855880737305,0.050000011920928955,960750
7,3844,250,1670.943115234375,6.683772563934326,3.5708670616149902,0.050000011920928955,961000
7,3845,250,1638.79296875,6.555171966552734,3.9283206462860107,0.050000011920928955,961250
7,3846,250,1491.62353515625,5.966494083404541,3.731079339981079,0.050000011920928955,961500
7,3847,250,1388.626220703125,5.554504871368408,3.657196283340454,0.050000011920928955,961750
7,3848,250,1451.5269775390625,5.806107997894287,3.4782533645629883,0.050000011920928955,962000
7,3849,250,1643.38818359375,6.57355260848999,3.399174213409424,0.050000011920928955,962250
7,3850,250,1601.762451171875,6.407049655914307,3.301133155822754,0.050000011920928955,962500
7,3851,250,1682.77001953125,6.731080055236816,3.3720412254333496,0.050000011920928955,962750
7,3852,250,1628.208251953125,6.512833118438721,3.1348767280578613,0.050000011920928955,963000
7,3853,250,1546.59765625,6.186390399932861,2.8966786861419678,0.050000011920928955,963250
7,3854,250,1674.9287109375,6.699714660644531,2.8455984592437744,0.050000011920928955,963500
7,3855,250,1593.60546875,6.374422073364258,2.765061140060425,0.050000011920928955,963750
7,3856,250,1577.13037109375,6.308521270751953,2.731349229812622,0.050000011920928955,964000
7,3857,250,1642.2108154296875,6.568843364715576,2.7076902389526367,0.050000011920928955,964250
7,3858,250,1637.02099609375,6.548083782196045,2.6684746742248535,0.050000011920928955,964500
7,3859,250,1598.763916015625,6.395055770874023,2.582693099975586,0.050000011920928955,964750
7,3860,250,1607.5841064453125,6.4303364753723145,2.575592041015625,0.050000011920928955,965000
7,3861,250,1638.301025390625,6.55320405960083,2.5580193996429443,0.050000011920928955,965250
7,3862,250,1580.0679931640625,6.320271968841553,2.4916415214538574,0.050000011920928955,965500
7,3863,250,1644.9278564453125,6.579711437225342,2.457813024520874,0.050000011920928955,965750
7,3864,250,1341.354248046875,5.365417003631592,2.465050220489502,0.050000011920928955,966000
7,3865,250,1712.69287109375,6.850771427154541,2.4954164028167725,0.050000011920928955,966250
7,3866,250,1457.4442138671875,5.829776763916016,2.4820029735565186,0.050000011920928955,966500
7,3867,250,1427.1568603515625,5.708627223968506,2.486528158187866,0.050000011920928955,966750
7,3868,250,1625.109130859375,6.500436305999756,2.3206095695495605,0.050000011920928955,967000
7,3869,250,1717.3447265625,6.869379043579102,2.5572714805603027,0.050000011920928955,967250
7,3870,250,1655.994873046875,6.623979568481445,2.5983757972717285,0.050000011920928955,967500
7,3871,250,1136.275146484375,4.545100688934326,2.450763702392578,0.050000011920928955,967750
7,3872,250,1714.6138916015625,6.858455657958984,2.4899442195892334,0.050000011920928955,968000
7,3873,250,1693.865478515625,6.7754621505737305,2.658813714981079,0.050000011920928955,968250
7,3874,250,1670.711669921875,6.682846546173096,2.5977814197540283,0.050000011920928955,968500
7,3875,250,1727.3973388671875,6.9095892906188965,2.5459015369415283,0.050000011920928955,968750
7,3876,250,1645.102294921875,6.580409049987793,2.473581075668335,0.050000011920928955,969000
7,3877,250,1322.894287109375,5.291577339172363,2.8384621143341064,0.050000011920928955,969250
7,3878,250,1695.996826171875,6.783987522125244,2.5635268688201904,0.050000011920928955,969500
7,3879,250,1644.8155517578125,6.5792622566223145,2.7057690620422363,0.050000011920928955,969750
7,3880,250,1675.1385498046875,6.700554370880127,2.5532872676849365,0.050000011920928955,970000
7,3881,250,1705.7303466796875,6.822921276092529,2.5576138496398926,0.050000011920928955,970250
7,3882,250,1700.0477294921875,6.8001909255981445,2.649604082107544,0.050000011920928955,970500
7,3883,250,1708.188232421875,6.832752704620361,2.451561212539673,0.050000011920928955,970750
7,3884,250,1657.06884765625,6.628275394439697,2.6123735904693604,0.050000011920928955,971000
7,3885,250,1033.5155029296875,4.134061813354492,2.582315444946289,0.050000011920928955,971250
7,3886,250,62.7689323425293,0.25107571482658386,2.664594888687134,0.050000011920928955,971500
7,3887,250,1683.4271240234375,6.733708381652832,2.722585678100586,0.050000011920928955,971750
7,3888,250,1809.9547119140625,7.239819049835205,2.5906870365142822,0.050000011920928955,972000
7,3889,250,1457.34765625,5.829390525817871,2.5614821910858154,0.050000011920928955,972250
7,3890,250,1560.5167236328125,6.242066860198975,2.4287500381469727,0.050000011920928955,972500
7,3891,250,1623.0863037109375,6.492345333099365,2.5256097316741943,0.050000011920928955,972750
7,3892,250,1612.9827880859375,6.451930999755859,2.414349317550659,0.050000011920928955,973000
7,3893,250,1395.19873046875,5.580794811248779,2.703974723815918,0.050000011920928955,973250
7,3894,250,1729.7930908203125,6.919172286987305,2.448565721511841,0.050000011920928955,973500
7,3895,250,1464.8360595703125,5.859344005584717,2.617501735687256,0.050000011920928955,973750
7,3896,250,1208.5634765625,4.834253787994385,2.602771520614624,0.050000011920928955,974000
7,3897,250,1863.36767578125,7.453470706939697,2.8766324520111084,0.050000011920928955,974250
7,3898,250,1904.562744140625,7.618250846862793,2.9125542640686035,0.050000011920928955,974500
7,3899,250,1439.815185546875,5.759260654449463,2.758070945739746,0.050000011920928955,974750
7,3900,250,1384.548095703125,5.538192272186279,2.622615337371826,0.050000011920928955,975000
7,3901,250,1530.8040771484375,6.123216152191162,2.8870840072631836,0.050000011920928955,975250
7,3902,250,81.40652465820312,0.32562610507011414,2.8222270011901855,0.050000011920928955,975500
7,3903,250,1079.8544921875,4.319417953491211,2.9679484367370605,0.050000011920928955,975750
7,3904,250,1923.6005859375,7.69440221786499,2.9833426475524902,0.050000011920928955,976000
7,3905,250,1659.963134765625,6.639852523803711,3.149179220199585,0.050000011920928955,976250
7,3906,250,1700.5771484375,6.802308559417725,2.8944222927093506,0.050000011920928955,976500
7,3907,250,1508.69091796875,6.034763813018799,2.780060291290283,0.050000011920928955,976750
7,3908,250,1349.265869140625,5.397063255310059,2.808786392211914,0.050000011920928955,977000
7,3909,250,1601.2864990234375,6.40514612197876,3.2073357105255127,0.050000011920928955,977250
7,3910,250,1701.2957763671875,6.805182933807373,2.893770933151245,0.050000011920928955,977500
7,3911,250,1611.895263671875,6.4475812911987305,2.894871950149536,0.050000011920928955,977750
7,3912,250,1421.815673828125,5.687262535095215,2.924081325531006,0.050000011920928955,978000
7,3913,250,1430.9642333984375,5.7238569259643555,2.8377974033355713,0.050000011920928955,978250
7,3914,250,253.49215698242188,1.013968586921692,2.9260458946228027,0.050000011920928955,978500
7,3915,250,1523.797119140625,6.095188617706299,2.996900796890259,0.050000011920928955,978750
7,3916,250,1608.938720703125,6.435754776000977,2.8081867694854736,0.050000011920928955,979000
7,3917,250,1247.95458984375,4.991818428039551,3.049129009246826,0.050000011920928955,979250
7,3918,250,1789.83642578125,7.159345626831055,3.1420698165893555,0.050000011920928955,979500
7,3919,250,1750.4517822265625,7.00180721282959,3.0125434398651123,0.050000011920928955,979750
7,3920,250,1660.043701171875,6.640174865722656,3.0396816730499268,0.050000011920928955,980000
7,3921,250,1278.224365234375,5.1128973960876465,3.24419903755188,0.050000011920928955,980250
7,3922,250,1821.344482421875,7.2853779792785645,3.1602907180786133,0.050000011920928955,980500
7,3923,250,1635.854248046875,6.543416976928711,3.1004598140716553,0.050000011920928955,980750
7,3924,250,1662.650390625,6.650601387023926,3.1601550579071045,0.050000011920928955,981000
7,3925,250,1561.1474609375,6.244589805603027,3.210958242416382,0.050000011920928955,981250
7,3926,250,1467.8758544921875,5.8715033531188965,3.084771156311035,0.050000011920928955,981500
7,3927,250,1695.325439453125,6.781301975250244,3.045825242996216,0.050000011920928955,981750
7,3928,250,1677.9798583984375,6.71191930770874,2.8782548904418945,0.050000011920928955,982000
7,3929,250,1748.044677734375,6.992178916931152,3.198845148086548,0.050000011920928955,982250
7,3930,250,1735.541259765625,6.942164897918701,2.999884843826294,0.050000011920928955,982500
7,3931,250,1716.53759765625,6.866150379180908,3.1195526123046875,0.050000011920928955,982750
7,3932,250,1650.991943359375,6.603967666625977,2.835831642150879,0.050000011920928955,983000
7,3933,250,1672.32373046875,6.689294815063477,3.279426097869873,0.050000011920928955,983250
7,3934,250,1887.384033203125,7.549536228179932,3.0971176624298096,0.050000011920928955,983500
7,3935,250,1730.5518798828125,6.922207355499268,2.963325262069702,0.050000011920928955,983750
7,3936,250,78.91039276123047,0.3156415820121765,2.9937613010406494,0.050000011920928955,984000
7,3937,250,1714.744873046875,6.85897970199585,3.128080368041992,0.050000011920928955,984250
7,3938,250,1581.337158203125,6.325348854064941,3.013230562210083,0.050000011920928955,984500
7,3939,250,1672.7763671875,6.691105365753174,3.2167654037475586,0.050000011920928955,984750
7,3940,250,1533.8699951171875,6.135479927062988,3.07208251953125,0.050000011920928955,985000
7,3941,250,1734.885986328125,6.939543724060059,3.174927234649658,0.050000011920928955,985250
7,3942,250,1672.468017578125,6.6898722648620605,3.0329365730285645,0.050000011920928955,985500
7,3943,250,1522.45654296875,6.0898261070251465,2.8547842502593994,0.050000011920928955,985750
7,3944,250,1676.9365234375,6.7077460289001465,2.989295721054077,0.050000011920928955,986000
7,3945,250,1664.1343994140625,6.6565375328063965,2.919163942337036,0.050000011920928955,986250
7,3946,250,1543.371826171875,6.173487186431885,3.075108528137207,0.050000011920928955,986500
7,3947,250,1750.365234375,7.001461029052734,2.981423854827881,0.050000011920928955,986750
7,3948,250,1741.07861328125,6.9643144607543945,2.959332227706909,0.050000011920928955,987000
7,3949,250,1704.269287109375,6.817077159881592,2.9366042613983154,0.050000011920928955,987250
7,3950,250,1464.5699462890625,5.858279705047607,2.8084583282470703,0.050000011920928955,987500
7,3951,250,1409.99267578125,5.639970779418945,2.9198451042175293,0.050000011920928955,987750
7,3952,250,1621.009033203125,6.484035968780518,2.705080270767212,0.050000011920928955,988000
7,3953,250,1300.8740234375,5.203495979309082,3.185184955596924,0.050000011920928955,988250
7,3954,250,1567.34521484375,6.269381046295166,2.8596129417419434,0.050000011920928955,988500
7,3955,250,1159.7513427734375,4.639005184173584,2.9070279598236084,0.050000011920928955,988750
7,3956,250,1459.6712646484375,5.838685035705566,2.7364494800567627,0.050000011920928955,989000
7,3957,250,1452.668212890625,5.810672760009766,2.9548757076263428,0.050000011920928955,989250
7,3958,250,1705.4666748046875,6.821866512298584,2.7875115871429443,0.050000011920928955,989500
7,3959,250,1691.59765625,6.766390800476074,2.700343608856201,0.050000011920928955,989750
7,3960,250,1383.403564453125,5.533614158630371,2.6991260051727295,0.050000011920928955,990000
7,3961,250,1726.3458251953125,6.905383110046387,2.8505289554595947,0.050000011920928955,990250
7,3962,250,1726.02783203125,6.904111385345459,2.5804436206817627,0.050000011920928955,990500
7,3963,250,1705.53271484375,6.8221306800842285,2.8029985427856445,0.050000011920928955,990750
7,3964,250,86.69337463378906,0.34677350521087646,2.8966610431671143,0.050000011920928955,991000
7,3965,250,1722.33251953125,6.88932991027832,3.0102477073669434,0.050000011920928955,991250
7,3966,250,1457.140380859375,5.828561305999756,2.8353617191314697,0.050000011920928955,991500
7,3967,250,1677.9202880859375,6.711681365966797,2.718463182449341,0.050000011920928955,991750
7,3968,250,1292.4931640625,5.1699724197387695,2.949704885482788,0.050000011920928955,992000
7,3969,250,1606.366455078125,6.4254655838012695,2.947518825531006,0.050000011920928955,992250
7,3970,250,1429.43505859375,5.717740058898926,2.9370906352996826,0.050000011920928955,992500
7,3971,250,1339.5244140625,5.358097553253174,2.937438488006592,0.050000011920928955,992750
7,3972,250,1842.4779052734375,7.3699116706848145,2.8400487899780273,0.050000011920928955,993000
7,3973,250,1527.978515625,6.111914157867432,3.0941061973571777,0.050000011920928955,993250
7,3974,250,1593.8165283203125,6.375266075134277,2.891906499862671,0.050000011920928955,993500
7,3975,250,1643.7471923828125,6.574988842010498,2.680624485015869,0.050000011920928955,993750
7,3976,250,1707.485107421875,6.829940319061279,2.8516311645507812,0.050000011920928955,994000
7,3977,250,1617.875,6.471499919891357,2.6914966106414795,0.050000011920928955,994250
7,3978,250,54.51090621948242,0.21804362535476685,2.7233996391296387,0.050000011920928955,994500
7,3979,250,34.53328323364258,0.13813313841819763,2.882746934890747,0.050000011920928955,994750
7,3980,250,1710.6763916015625,6.842705726623535,2.910649299621582,0.050000011920928955,995000
7,3981,250,28.99803352355957,0.11599213629961014,3.2344186305999756,0.050000011920928955,995250
7,3982,250,1658.172119140625,6.632688522338867,3.1255900859832764,0.050000011920928955,995500
7,3983,250,1686.4114990234375,6.745645999908447,2.953909158706665,0.050000011920928955,995750
7,3984,250,1548.417724609375,6.193670749664307,2.95894455909729,0.050000011920928955,996000
7,3985,250,1619.4921875,6.477968692779541,3.2907540798187256,0.050000011920928955,996250
7,3986,250,1508.8934326171875,6.035573959350586,3.027388334274292,0.050000011920928955,996500
7,3987,250,1480.979736328125,5.923918724060059,2.8623523712158203,0.050000011920928955,996750
7,3988,250,1525.1224365234375,6.100489616394043,2.777799129486084,0.050000011920928955,997000
7,3989,250,1583.0552978515625,6.332221031188965,3.143298625946045,0.050000011920928955,997250
7,3990,250,46.06792068481445,0.1842716783285141,3.0227842330932617,0.050000011920928955,997500
7,3991,250,1897.390869140625,7.589563369750977,2.9990978240966797,0.050000011920928955,997750
7,3992,250,1809.7772216796875,7.239109039306641,3.1104092597961426,0.050000011920928955,998000
7,3993,250,1597.5311279296875,6.390124320983887,3.302637815475464,0.050000011920928955,998250
7,3994,250,1865.8001708984375,7.463200569152832,3.327280044555664,0.050000011920928955,998500
7,3995,250,1614.0732421875,6.456293106079102,3.017282724380493,0.050000011920928955,998750
7,3996,250,1709.052734375,6.83621072769165,3.0699310302734375,0.050000011920928955,999000
7,3997,250,1920.2630615234375,7.681052207946777,3.135493516921997,0.050000011920928955,999250
7,3998,250,1839.7008056640625,7.3588032722473145,2.9380862712860107,0.050000011920928955,999500
7,3999,250,1916.9632568359375,7.667852878570557,3.0528886318206787,0.050000011920928955,999750
7,4000,250,1901.25244140625,7.60500955581665,2.856259346008301,0.050000011920928955,1000000
7,4001,250,1787.7816162109375,7.151126384735107,3.083833932876587,0.050000011920928955,1000250
7,4002,250,1623.1728515625,6.492691516876221,2.985316038131714,0.050000011920928955,1000500
7,4003,250,1790.820068359375,7.163280487060547,3.0185298919677734,0.050000011920928955,1000750
7,4004,250,1672.296875,6.689187526702881,3.025923013687134,0.050000011920928955,1001000
7,4005,250,1787.5999755859375,7.150399684906006,3.021740198135376,0.050000011920928955,1001250
7,4006,250,1587.565673828125,6.350262641906738,2.912980079650879,0.050000011920928955,1001500
7,4007,250,1615.8875732421875,6.463550090789795,2.906507968902588,0.050000011920928955,1001750
7,4008,250,1915.559326171875,7.662237167358398,2.9372735023498535,0.050000011920928955,1002000
7,4009,250,1905.493408203125,7.621973514556885,3.003298044204712,0.050000011920928955,1002250
7,4010,250,1329.9532470703125,5.319812774658203,2.8592424392700195,0.050000011920928955,1002500
7,4011,250,1590.89208984375,6.363568305969238,2.855286121368408,0.050000011920928955,1002750
7,4012,250,1707.3663330078125,6.829465389251709,2.927938938140869,0.050000011920928955,1003000
7,4013,250,1947.2215576171875,7.788886070251465,3.0279812812805176,0.050000011920928955,1003250
7,4014,250,1575.87841796875,6.303513526916504,2.7677009105682373,0.050000011920928955,1003500
7,4015,250,1843.59619140625,7.374384880065918,2.7863101959228516,0.050000011920928955,1003750
7,4016,250,1879.169189453125,7.516676902770996,2.731450080871582,0.050000011920928955,1004000
7,4017,250,1638.472412109375,6.553889751434326,2.987790584564209,0.050000011920928955,1004250
7,4018,250,1911.3707275390625,7.645483016967773,2.8566887378692627,0.050000011920928955,1004500
7,4019,250,1910.149169921875,7.640596866607666,2.882662057876587,0.050000011920928955,1004750
7,4020,250,1920.179443359375,7.680717945098877,2.5898020267486572,0.050000011920928955,1005000
7,4021,250,1661.2576904296875,6.645030975341797,2.58042311668396,0.050000011920928955,1005250
7,4022,250,1717.751953125,6.871007919311523,2.6855928897857666,0.050000011920928955,1005500
7,4023,250,1925.4378662109375,7.701751232147217,2.5514256954193115,0.050000011920928955,1005750
7,4024,250,1911.9287109375,7.647714614868164,2.404052257537842,0.050000011920928955,1006000
7,4025,250,1641.6561279296875,6.566624641418457,2.902846336364746,0.050000011920928955,1006250
7,4026,250,1828.6900634765625,7.314760208129883,2.515373468399048,0.050000011920928955,1006500
7,4027,250,1690.0120849609375,6.7600483894348145,2.6107521057128906,0.050000011920928955,1006750
7,4028,250,1639.0089111328125,6.55603551864624,2.303281307220459,0.050000011920928955,1007000
7,4029,250,1129.0772705078125,4.5163092613220215,2.693035364151001,0.050000011920928955,1007250
7,4030,250,1464.4163818359375,5.857665538787842,2.5287563800811768,0.050000011920928955,1007500
7,4031,250,1606.0623779296875,6.424249649047852,2.462949275970459,0.050000011920928955,1007750
7,4032,250,1734.62060546875,6.938482284545898,2.373460531234741,0.050000011920928955,1008000
7,4033,250,1367.802001953125,5.471208095550537,2.588941812515259,0.050000011920928955,1008250
7,4034,250,1419.3101806640625,5.67724084854126,2.463625192642212,0.050000011920928955,1008500
7,4035,250,1588.5462646484375,6.354185104370117,2.719226598739624,0.050000011920928955,1008750
7,4036,250,1658.0224609375,6.632089614868164,2.5842196941375732,0.050000011920928955,1009000
7,4037,250,1038.556640625,4.154226779937744,2.7062389850616455,0.050000011920928955,1009250
7,4038,250,1680.47265625,6.721890449523926,2.830409288406372,0.050000011920928955,1009500
7,4039,250,1731.9393310546875,6.927757263183594,2.799187421798706,0.050000011920928955,1009750
7,4040,250,1704.7137451171875,6.818854808807373,2.5260987281799316,0.050000011920928955,1010000
7,4041,250,1367.3485107421875,5.469394207000732,2.7304587364196777,0.050000011920928955,1010250
7,4042,250,1718.70458984375,6.874818325042725,2.6754560470581055,0.050000011920928955,1010500
7,4043,250,1579.2637939453125,6.3170552253723145,2.578545093536377,0.050000011920928955,1010750
7,4044,250,1642.1993408203125,6.568797588348389,2.701043128967285,0.050000011920928955,1011000
7,4045,250,1611.5098876953125,6.44603967666626,2.7593724727630615,0.050000011920928955,1011250
7,4046,250,1778.013427734375,7.112053871154785,2.680283784866333,0.050000011920928955,1011500
7,4047,250,1593.7314453125,6.37492561340332,2.6126091480255127,0.050000011920928955,1011750
7,4048,250,1690.3330078125,6.761332035064697,2.8009068965911865,0.050000011920928955,1012000
7,4049,250,1693.3897705078125,6.773559093475342,2.6138734817504883,0.050000011920928955,1012250
7,4050,250,1521.20458984375,6.084818363189697,2.6006722450256348,0.050000011920928955,1012500
7,4051,250,1681.259765625,6.725039005279541,2.6050264835357666,0.050000011920928955,1012750
7,4052,250,1779.069580078125,7.116278171539307,2.454314708709717,0.050000011920928955,1013000
7,4053,250,1611.46728515625,6.445868968963623,2.651249408721924,0.050000011920928955,1013250
7,4054,250,1759.28955078125,7.037158012390137,2.5427045822143555,0.050000011920928955,1013500
7,4055,250,1455.520751953125,5.822082996368408,2.537792921066284,0.050000011920928955,1013750
7,4056,250,1864.1617431640625,7.456646919250488,2.5159056186676025,0.050000011920928955,1014000
7,4057,250,1638.8385009765625,6.555354118347168,2.604776620864868,0.050000011920928955,1014250
7,4058,250,1558.144775390625,6.232579231262207,2.5731444358825684,0.050000011920928955,1014500
7,4059,250,1387.271240234375,5.5490851402282715,2.6848766803741455,0.050000011920928955,1014750
7,4060,250,2000.16064453125,8.000642776489258,2.4881489276885986,0.050000011920928955,1015000
7,4061,250,1699.828125,6.799312591552734,2.763796329498291,0.050000011920928955,1015250
7,4062,250,1649.845703125,6.5993828773498535,2.592132806777954,0.050000011920928955,1015500
7,4063,250,1639.86962890625,6.559478282928467,2.5782949924468994,0.050000011920928955,1015750
7,4064,250,1238.2972412109375,4.953188896179199,2.568486213684082,0.050000011920928955,1016000
7,4065,250,1628.09814453125,6.512392520904541,2.6953773498535156,0.050000011920928955,1016250
7,4066,250,1694.0955810546875,6.7763824462890625,2.7325758934020996,0.050000011920928955,1016500
7,4067,250,1891.995361328125,7.567981243133545,2.6104230880737305,0.050000011920928955,1016750
7,4068,250,1420.26318359375,5.6810526847839355,2.612332582473755,0.050000011920928955,1017000
7,4069,250,1816.2122802734375,7.2648491859436035,2.698723793029785,0.050000011920928955,1017250
7,4070,250,1635.03369140625,6.540134906768799,2.548246383666992,0.050000011920928955,1017500
7,4071,250,1708.898193359375,6.835592746734619,2.6507532596588135,0.050000011920928955,1017750
7,4072,250,1188.0908203125,4.752363204956055,2.4802536964416504,0.050000011920928955,1018000
7,4073,250,1732.9722900390625,6.931889057159424,2.5840280055999756,0.050000011920928955,1018250
7,4074,250,27.485933303833008,0.10994373261928558,2.6333227157592773,0.050000011920928955,1018500
7,4075,250,36.117427825927734,0.1444697082042694,2.6973702907562256,0.050000011920928955,1018750
7,4076,250,30.003032684326172,0.12001213431358337,2.9573872089385986,0.050000011920928955,1019000
7,4077,250,1821.33203125,7.285327911376953,3.186856269836426,0.050000011920928955,1019250
7,4078,250,1816.3768310546875,7.265507221221924,3.0590336322784424,0.050000011920928955,1019500
7,4079,250,1117.1773681640625,4.468709468841553,3.0577189922332764,0.050000011920928955,1019750
7,4080,250,1629.217041015625,6.5168681144714355,3.107273817062378,0.050000011920928955,1020000
7,4081,250,1881.594482421875,7.526378154754639,3.185926914215088,0.050000011920928955,1020250
7,4082,250,1715.5936279296875,6.862374305725098,3.2132177352905273,0.050000011920928955,1020500
7,4083,250,1637.4736328125,6.549894332885742,3.1345136165618896,0.050000011920928955,1020750
7,4084,250,1383.325439453125,5.533301830291748,3.0766079425811768,0.050000011920928955,1021000
7,4085,250,1696.181640625,6.784726619720459,3.1956465244293213,0.050000011920928955,1021250
7,4086,250,1597.9190673828125,6.391676425933838,3.4177420139312744,0.050000011920928955,1021500
7,4087,250,1383.224853515625,5.532899379730225,3.1074984073638916,0.050000011920928955,1021750
7,4088,250,1736.0460205078125,6.944184303283691,3.135375738143921,0.050000011920928955,1022000
7,4089,250,1777.382568359375,7.109530448913574,3.399351119995117,0.050000011920928955,1022250
7,4090,250,1694.1964111328125,6.776785850524902,3.284281015396118,0.050000011920928955,1022500
7,4091,250,1748.9425048828125,6.99576997756958,3.3421425819396973,0.050000011920928955,1022750
7,4092,250,1744.156982421875,6.976627826690674,3.2553141117095947,0.050000011920928955,1023000
7,4093,250,1604.80322265625,6.419212818145752,3.315539598464966,0.050000011920928955,1023250
7,4094,250,1697.962646484375,6.791850566864014,3.2197418212890625,0.050000011920928955,1023500
7,4095,250,1687.585693359375,6.750342845916748,3.170607805252075,0.050000011920928955,1023750
7,4096,250,1728.2698974609375,6.913079738616943,2.951634645462036,0.050000011920928955,1024000
7,4097,250,1738.243408203125,6.95297384262085,3.052671194076538,0.050000011920928955,1024250
7,4098,250,1651.9150390625,6.607660293579102,2.932299852371216,0.050000011920928955,1024500
7,4099,250,1723.13037109375,6.892521381378174,2.8729164600372314,0.050000011920928955,1024750
7,4100,250,1726.69921875,6.906796932220459,2.722728967666626,0.050000011920928955,1025000
7,4101,250,1730.8133544921875,6.923253536224365,3.305244207382202,0.050000011920928955,1025250
7,4102,250,1626.66650390625,6.50666618347168,2.846538782119751,0.050000011920928955,1025500
7,4103,250,1735.373291015625,6.941493034362793,2.9455389976501465,0.050000011920928955,1025750
7,4104,250,6.660250186920166,0.02664100006222725,2.8760056495666504,0.050000011920928955,1026000
7,4105,250,1734.408203125,6.937633037567139,3.2725651264190674,0.050000011920928955,1026250
7,4106,250,1742.375,6.9695000648498535,2.9624791145324707,0.050000011920928955,1026500
7,4107,250,1740.5318603515625,6.962127208709717,3.017747640609741,0.050000011920928955,1026750
7,4108,250,1572.5751953125,6.2903008460998535,2.9514992237091064,0.050000011920928955,1027000
7,4109,250,1674.337158203125,6.697348594665527,3.1180946826934814,0.050000011920928955,1027250
7,4110,250,1682.481689453125,6.729926586151123,2.9084298610687256,0.050000011920928955,1027500
7,4111,250,1152.89501953125,4.611579895019531,2.882157564163208,0.050000011920928955,1027750
7,4112,250,1419.933837890625,5.67973518371582,2.8803632259368896,0.050000011920928955,1028000
7,4113,250,1753.888916015625,7.0155558586120605,2.9444689750671387,0.050000011920928955,1028250
7,4114,250,1735.675048828125,6.942700386047363,2.925408363342285,0.050000011920928955,1028500
7,4115,250,1723.528564453125,6.8941144943237305,2.6288700103759766,0.050000011920928955,1028750
7,4116,250,2075.675537109375,8.302701950073242,2.5865824222564697,0.050000011920928955,1029000
7,4117,250,1766.321044921875,7.065284252166748,2.6859991550445557,0.050000011920928955,1029250
7,4118,250,1477.396728515625,5.9095869064331055,2.8457400798797607,0.050000011920928955,1029500
7,4119,250,1689.074951171875,6.75629997253418,2.525144338607788,0.050000011920928955,1029750
7,4120,250,1527.72265625,6.1108903884887695,2.3469207286834717,0.050000011920928955,1030000
7,4121,250,118.10637664794922,0.47242552042007446,2.8649845123291016,0.050000011920928955,1030250
7,4122,250,1383.0465087890625,5.532186031341553,2.7417149543762207,0.050000011920928955,1030500
7,4123,250,1726.248291015625,6.904993057250977,2.711764335632324,0.050000011920928955,1030750
7,4124,250,1721.5948486328125,6.886379241943359,2.7199809551239014,0.050000011920928955,1031000
7,4125,250,451.68853759765625,1.8067541122436523,2.9446730613708496,0.050000011920928955,1031250
7,4126,250,1744.0743408203125,6.976297378540039,2.9515609741210938,0.050000011920928955,1031500
7,4127,250,367.7110595703125,1.4708442687988281,2.9391977787017822,0.050000011920928955,1031750
7,4128,250,1774.24560546875,7.096982479095459,3.005483388900757,0.050000011920928955,1032000
7,4129,250,1765.8446044921875,7.06337833404541,3.087171792984009,0.050000011920928955,1032250
7,4130,250,1753.85205078125,7.015408039093018,2.8765742778778076,0.050000011920928955,1032500
7,4131,250,1727.8406982421875,6.911362648010254,2.8579697608947754,0.050000011920928955,1032750
7,4132,250,1677.9619140625,6.71184778213501,2.9476633071899414,0.050000011920928955,1033000
7,4133,250,1704.49169921875,6.817966938018799,2.9827983379364014,0.050000011920928955,1033250
7,4134,250,23.218198776245117,0.09287279844284058,3.0022547245025635,0.050000011920928955,1033500
7,4135,250,37.310325622558594,0.14924129843711853,3.206944704055786,0.050000011920928955,1033750
7,4136,250,-30.3590145111084,-0.12143605947494507,2.985106945037842,0.050000011920928955,1034000
7,4137,250,-23.048547744750977,-0.09219419211149216,3.443146228790283,0.050000011920928955,1034250
7,4138,250,1671.346923828125,6.68538761138916,3.665168285369873,0.050000011920928955,1034500
7,4139,250,142.43960571289062,0.569758415222168,3.5044116973876953,0.050000011920928955,1034750
7,4140,250,1693.9117431640625,6.775647163391113,3.6591053009033203,0.050000011920928955,1035000
7,4141,250,1724.8575439453125,6.899430274963379,3.774299144744873,0.050000011920928955,1035250
7,4142,250,1739.88720703125,6.9595489501953125,3.926077127456665,0.050000011920928955,1035500
7,4143,250,1189.346923828125,4.757387638092041,3.794618606567383,0.050000011920928955,1035750
7,4144,250,1707.3671875,6.829468727111816,3.651507616043091,0.050000011920928955,1036000
7,4145,250,390.65576171875,1.5626230239868164,3.870910167694092,0.050000011920928955,1036250
7,4146,250,1709.336181640625,6.837344646453857,3.861938953399658,0.050000011920928955,1036500
7,4147,250,1568.5885009765625,6.274353981018066,3.8395514488220215,0.050000011920928955,1036750
7,4148,250,1692.075439453125,6.768301963806152,3.7434418201446533,0.050000011920928955,1037000
7,4149,250,1640.5205078125,6.562081813812256,4.209925651550293,0.050000011920928955,1037250
7,4150,250,1689.6148681640625,6.758459568023682,3.9381983280181885,0.050000011920928955,1037500
7,4151,250,1623.47265625,6.493890762329102,3.832707166671753,0.050000011920928955,1037750
7,4152,250,1616.902099609375,6.467608451843262,3.695829391479492,0.050000011920928955,1038000
7,4153,250,1303.93359375,5.215734481811523,4.086193561553955,0.050000011920928955,1038250
7,4154,250,1300.455322265625,5.201821327209473,4.113067150115967,0.050000011920928955,1038500
7,4155,250,1314.8096923828125,5.2592387199401855,3.8338441848754883,0.050000011920928955,1038750
7,4156,250,1746.69384765625,6.9867753982543945,3.92728590965271,0.050000011920928955,1039000
7,4157,250,1649.88525390625,6.599541187286377,3.9857354164123535,0.050000011920928955,1039250
7,4158,250,1496.029052734375,5.984116077423096,3.9542269706726074,0.050000011920928955,1039500
7,4159,250,1638.905029296875,6.555620193481445,3.713970184326172,0.050000011920928955,1039750
7,4160,250,1720.4228515625,6.8816914558410645,3.8142499923706055,0.050000011920928955,1040000
7,4161,250,1674.6361083984375,6.698544502258301,3.947925567626953,0.050000011920928955,1040250
7,4162,250,1718.0567626953125,6.872227191925049,3.7482879161834717,0.050000011920928955,1040500
7,4163,250,1495.1409912109375,5.980564117431641,3.598160743713379,0.050000011920928955,1040750
7,4164,250,1711.34130859375,6.845365047454834,3.680494785308838,0.050000011920928955,1041000
7,4165,250,1716.348876953125,6.865395545959473,3.7559452056884766,0.050000011920928955,1041250
7,4166,250,1717.5802001953125,6.870320796966553,3.7115838527679443,0.050000011920928955,1041500
7,4167,250,1562.587646484375,6.250350475311279,3.4527812004089355,0.050000011920928955,1041750
7,4168,250,1708.461181640625,6.8338446617126465,3.423271656036377,0.050000011920928955,1042000
7,4169,250,1357.91845703125,5.431674003601074,3.5883593559265137,0.050000011920928955,1042250
7,4170,250,1721.0155029296875,6.884061813354492,3.4766242504119873,0.050000011920928955,1042500
7,4171,250,1678.7784423828125,6.715113639831543,3.3208529949188232,0.050000011920928955,1042750
7,4172,250,1675.729736328125,6.702919006347656,3.3808774948120117,0.050000011920928955,1043000
7,4173,250,1707.5858154296875,6.830343246459961,3.573225736618042,0.050000011920928955,1043250
7,4174,250,1794.563720703125,7.178255081176758,3.417958974838257,0.050000011920928955,1043500
7,4175,250,1544.7413330078125,6.1789655685424805,3.086277961730957,0.050000011920928955,1043750
7,4176,250,1590.753173828125,6.363012790679932,2.869077205657959,0.050000011920928955,1044000
7,4177,250,1792.5589599609375,7.170235633850098,2.764172077178955,0.050000011920928955,1044250
7,4178,250,1756.168701171875,7.024674892425537,2.4903790950775146,0.050000011920928955,1044500
7,4179,250,1818.71044921875,7.274841785430908,2.521754503250122,0.050000011920928955,1044750
7,4180,250,1036.1614990234375,4.144646167755127,2.4756295680999756,0.050000011920928955,1045000
7,4181,250,1745.8707275390625,6.983482837677002,2.5867745876312256,0.050000011920928955,1045250
7,4182,250,48.66268539428711,0.19465073943138123,2.723076820373535,0.050000011920928955,1045500
7,4183,250,12.23789119720459,0.048951566219329834,2.6921756267547607,0.050000011920928955,1045750
7,4184,250,14.64183521270752,0.058567341417074203,2.918332815170288,0.050000011920928955,1046000
7,4185,250,36.32808303833008,0.1453123390674591,3.046727418899536,0.050000011920928955,1046250
7,4186,250,14.081686973571777,0.05632674694061279,3.1103897094726562,0.050000011920928955,1046500
7,4187,250,1669.883544921875,6.679533958435059,3.1484107971191406,0.050000011920928955,1046750
7,4188,250,1727.43701171875,6.909748077392578,2.9948275089263916,0.050000011920928955,1047000
7,4189,250,1878.061279296875,7.512245178222656,3.2330923080444336,0.050000011920928955,1047250
7,4190,250,1893.7657470703125,7.5750627517700195,3.1178812980651855,0.050000011920928955,1047500
7,4191,250,1866.16650390625,7.46466588973999,3.0908167362213135,0.050000011920928955,1047750
7,4192,250,1887.750732421875,7.5510029792785645,3.0431394577026367,0.050000011920928955,1048000
7,4193,250,1826.005859375,7.304023265838623,3.2317824363708496,0.050000011920928955,1048250
7,4194,250,1878.4549560546875,7.513819694519043,3.041193962097168,0.050000011920928955,1048500
7,4195,250,1863.379638671875,7.453518390655518,2.9990932941436768,0.050000011920928955,1048750
7,4196,250,2.940462112426758,0.01176184881478548,3.0612947940826416,0.050000011920928955,1049000
7,4197,250,1894.1937255859375,7.576775074005127,3.4702510833740234,0.050000011920928955,1049250
7,4198,250,1763.9967041015625,7.0559868812561035,3.3422398567199707,0.050000011920928955,1049500
7,4199,250,-14.26700496673584,-0.05706802010536194,3.4700753688812256,0.050000011920928955,1049750
7,4200,250,1892.4517822265625,7.569807052612305,3.5053887367248535,0.050000011920928955,1050000
7,4201,250,-62.078338623046875,-0.24831335246562958,3.8443291187286377,0.050000011920928955,1050250
7,4202,250,1907.081787109375,7.628327369689941,3.8572239875793457,0.050000011920928955,1050500
7,4203,250,1898.80615234375,7.595224380493164,3.8574275970458984,0.050000011920928955,1050750
7,4204,250,1926.0372314453125,7.704148769378662,3.8150651454925537,0.050000011920928955,1051000
7,4205,250,1582.5908203125,6.3303632736206055,4.087449550628662,0.050000011920928955,1051250
7,4206,250,1827.0384521484375,7.3081536293029785,3.7435927391052246,0.050000011920928955,1051500
7,4207,250,-22.866361618041992,-0.09146544337272644,3.9744021892547607,0.050000011920928955,1051750
7,4208,250,-19.35243034362793,-0.07740972191095352,4.022278308868408,0.050000011920928955,1052000
7,4209,250,1859.918212890625,7.439672946929932,4.310610771179199,0.050000011920928955,1052250
7,4210,250,-54.079864501953125,-0.21631945669651031,4.311799049377441,0.050000011920928955,1052500
7,4211,250,-23.464372634887695,-0.09385748952627182,4.283727169036865,0.050000011920928955,1052750
7,4212,250,1837.95556640625,7.351822376251221,4.484759330749512,0.050000011920928955,1053000
7,4213,250,-11.219290733337402,-0.04487716406583786,4.468896389007568,0.050000011920928955,1053250
7,4214,250,1891.60986328125,7.566439628601074,4.393789768218994,0.050000011920928955,1053500
7,4215,250,1910.45947265625,7.641838073730469,4.293729782104492,0.050000011920928955,1053750
7,4216,250,-32.62294387817383,-0.13049177825450897,4.427149295806885,0.050000011920928955,1054000
7,4217,250,-26.21299171447754,-0.10485196858644485,4.491461277008057,0.050000011920928955,1054250
7,4218,250,1884.9998779296875,7.539999485015869,4.418748378753662,0.050000011920928955,1054500
7,4219,250,-31.29473114013672,-0.12517891824245453,4.544210433959961,0.050000011920928955,1054750
7,4220,250,-38.399078369140625,-0.15359631180763245,4.346826076507568,0.050000011920928955,1055000
7,4221,250,-25.307445526123047,-0.10122977942228317,5.031041622161865,0.050000011920928955,1055250
7,4222,250,1885.68212890625,7.542728424072266,4.820918083190918,0.050000011920928955,1055500
7,4223,250,1801.800048828125,7.207200050354004,4.485848426818848,0.050000011920928955,1055750
7,4224,250,1748.4295654296875,6.993718147277832,4.240335464477539,0.050000011920928955,1056000
7,4225,250,1575.554443359375,6.302217960357666,4.326601505279541,0.050000011920928955,1056250
7,4226,250,1478.048583984375,5.91219425201416,3.809767007827759,0.050000011920928955,1056500
7,4227,250,1856.4827880859375,7.425930976867676,3.824521541595459,0.050000011920928955,1056750
7,4228,250,1816.7156982421875,7.266862869262695,3.564199209213257,0.050000011920928955,1057000
7,4229,250,1822.961669921875,7.291846752166748,3.925119161605835,0.050000011920928955,1057250
7,4230,250,1391.0802001953125,5.5643205642700195,3.69329833984375,0.050000011920928955,1057500
7,4231,250,1840.783203125,7.363132953643799,3.5599615573883057,0.050000011920928955,1057750
7,4232,250,1575.109619140625,6.300438404083252,3.4766910076141357,0.050000011920928955,1058000
7,4233,250,1833.06591796875,7.332263469696045,3.874296188354492,0.050000011920928955,1058250
7,4234,250,1759.298095703125,7.037192344665527,3.5931637287139893,0.050000011920928955,1058500
7,4235,250,1023.5132446289062,4.094052791595459,3.5966668128967285,0.050000011920928955,1058750
7,4236,250,1676.008056640625,6.7040324211120605,3.659794330596924,0.050000011920928955,1059000
7,4237,250,1669.5279541015625,6.678112030029297,3.9182586669921875,0.050000011920928955,1059250
7,4238,250,1643.4688720703125,6.573875427246094,3.5968849658966064,0.050000011920928955,1059500
7,4239,250,1619.413330078125,6.477653503417969,3.755150556564331,0.050000011920928955,1059750
7,4240,250,1700.350341796875,6.801401138305664,3.1831881999969482,0.050000011920928955,1060000
7,4241,250,769.205078125,3.0768203735351562,3.8687689304351807,0.050000011920928955,1060250
7,4242,250,1518.4573974609375,6.073829650878906,3.802747964859009,0.050000011920928955,1060500
7,4243,250,1231.5469970703125,4.926187992095947,3.85542631149292,0.050000011920928955,1060750
7,4244,250,1053.070556640625,4.212282180786133,3.5814156532287598,0.050000011920928955,1061000
7,4245,250,1850.2264404296875,7.400905609130859,4.347531318664551,0.050000011920928955,1061250
7,4246,250,1631.0040283203125,6.5240159034729,4.009664535522461,0.050000011920928955,1061500
7,4247,250,182.13807678222656,0.7285522818565369,3.7123918533325195,0.050000011920928955,1061750
7,4248,250,1872.3433837890625,7.489373683929443,3.8691627979278564,0.050000011920928955,1062000
7,4249,250,1288.73095703125,5.154923915863037,4.121084213256836,0.050000011920928955,1062250
7,4250,250,53.00528335571289,0.2120211273431778,3.897742509841919,0.050000011920928955,1062500
7,4251,250,291.302978515625,1.1652119159698486,3.94368577003479,0.050000011920928955,1062750
7,4252,250,921.3465576171875,3.6853861808776855,3.8360543251037598,0.050000011920928955,1063000
7,4253,250,6.615403175354004,0.026461612433195114,4.609314918518066,0.050000011920928955,1063250
7,4254,250,48.1879997253418,0.19275200366973877,4.398595333099365,0.050000011920928955,1063500
7,4255,250,-11.419605255126953,-0.04567842185497284,4.429864406585693,0.050000011920928955,1063750
7,4256,250,1877.812255859375,7.51124906539917,4.253520488739014,0.050000011920928955,1064000
7,4257,250,-30.257057189941406,-0.12102822959423065,5.162229537963867,0.050000011920928955,1064250
7,4258,250,-0.5591371655464172,-0.0022365485783666372,4.8932342529296875,0.050000011920928955,1064500
7,4259,250,1879.5599365234375,7.518239974975586,4.733980655670166,0.050000011920928955,1064750
7,4260,250,-48.54542541503906,-0.19418169558048248,4.646590709686279,0.050000011920928955,1065000
7,4261,250,25.58778190612793,0.1023511290550232,5.15324592590332,0.050000011920928955,1065250
7,4262,250,200.86907958984375,0.8034763336181641,4.7815399169921875,0.050000011920928955,1065500
7,4263,250,0.10178685188293457,0.0004071473958902061,4.717900276184082,0.050000011920928955,1065750
7,4264,250,892.1461181640625,3.568584442138672,4.947908878326416,0.050000011920928955,1066000
7,4265,250,174.85057067871094,0.6994022727012634,5.602932929992676,0.050000011920928955,1066250
7,4266,250,22.870975494384766,0.09148389846086502,5.319573879241943,0.050000011920928955,1066500
7,4267,250,43.4429931640625,0.17377197742462158,5.309545993804932,0.050000011920928955,1066750
7,4268,250,11.54412841796875,0.04617651551961899,5.522305965423584,0.050000011920928955,1067000
7,4269,250,-1.0120971202850342,-0.004048388451337814,6.469653129577637,0.050000011920928955,1067250
7,4270,250,40.04800033569336,0.16019199788570404,6.151739120483398,0.050000011920928955,1067500
7,4271,250,1720.92578125,6.883703231811523,5.885838985443115,0.050000011920928955,1067750
7,4272,250,1757.1990966796875,7.028796195983887,5.918778419494629,0.050000011920928955,1068000
7,4273,250,9.801338195800781,0.03920535370707512,6.786872863769531,0.050000011920928955,1068250
7,4274,250,1709.482421875,6.837929725646973,6.4894118309021,0.050000011920928955,1068500
7,4275,250,74.38273620605469,0.2975309491157532,6.208155155181885,0.050000011920928955,1068750
7,4276,250,1697.064697265625,6.7882585525512695,6.207653522491455,0.050000011920928955,1069000
7,4277,250,456.52777099609375,1.826111078262329,7.1163763999938965,0.050000011920928955,1069250
7,4278,250,1610.9066162109375,6.443626403808594,6.816956043243408,0.050000011920928955,1069500
7,4279,250,1683.824462890625,6.735297679901123,6.823116779327393,0.050000011920928955,1069750
7,4280,250,1694.70654296875,6.7788262367248535,6.829958438873291,0.050000011920928955,1070000
7,4281,250,1739.54736328125,6.958189487457275,7.385429859161377,0.050000011920928955,1070250
7,4282,250,1692.524169921875,6.770096778869629,6.998022556304932,0.050000011920928955,1070500
7,4283,250,1628.813232421875,6.515253067016602,6.694141387939453,0.050000011920928955,1070750
7,4284,250,1533.393798828125,6.133574962615967,6.667261123657227,0.050000011920928955,1071000
7,4285,250,1738.715576171875,6.954862117767334,7.207806587219238,0.050000011920928955,1071250
7,4286,250,1736.69482421875,6.946779251098633,7.113759994506836,0.050000011920928955,1071500
7,4287,250,714.2036743164062,2.8568146228790283,7.021415710449219,0.050000011920928955,1071750
7,4288,250,1658.6956787109375,6.634782791137695,6.672144412994385,0.050000011920928955,1072000
7,4289,250,1687.9375,6.7517499923706055,6.794238090515137,0.050000011920928955,1072250
7,4290,250,1750.148193359375,7.0005927085876465,6.460743427276611,0.050000011920928955,1072500
7,4291,250,1710.9727783203125,6.843891143798828,6.260433197021484,0.050000011920928955,1072750
7,4292,250,1355.18359375,5.420734405517578,5.707648754119873,0.050000011920928955,1073000
7,4293,250,-40.370361328125,-0.16148144006729126,6.80163049697876,0.050000011920928955,1073250
7,4294,250,-13.486629486083984,-0.053946517407894135,6.508923530578613,0.050000011920928955,1073500
7,4295,250,1652.387451171875,6.6095499992370605,6.142368793487549,0.050000011920928955,1073750
7,4296,250,1673.012451171875,6.692049980163574,6.258725166320801,0.050000011920928955,1074000
7,4297,250,-39.56863784790039,-0.1582745462656021,6.097512722015381,0.050000011920928955,1074250
7,4298,250,-50.33208465576172,-0.2013283371925354,6.086429119110107,0.050000011920928955,1074500
7,4299,250,-55.58781814575195,-0.22235126793384552,6.270359039306641,0.050000011920928955,1074750
7,4300,250,-12.778701782226562,-0.05111480876803398,6.295819282531738,0.050000011920928955,1075000
7,4301,250,-48.17644500732422,-0.19270578026771545,6.568855285644531,0.050000011920928955,1075250
7,4302,250,-66.37789916992188,-0.2655116021633148,6.222662448883057,0.050000011920928955,1075500
7,4303,250,-73.58159637451172,-0.29432639479637146,6.101391315460205,0.050000011920928955,1075750
7,4304,250,-31.255632400512695,-0.1250225305557251,6.010465145111084,0.050000011920928955,1076000
7,4305,250,-100.96578216552734,-0.4038631319999695,7.1024065017700195,0.050000011920928955,1076250
7,4306,250,-52.57668685913086,-0.21030674874782562,6.756834983825684,0.050000011920928955,1076500
7,4307,250,1657.2452392578125,6.628981113433838,6.342227935791016,0.050000011920928955,1076750
7,4308,250,1111.4171142578125,4.4456682205200195,6.445176124572754,0.050000011920928955,1077000
7,4309,250,-15.775529861450195,-0.0631021186709404,7.003211498260498,0.050000011920928955,1077250
7,4310,250,-12.899040222167969,-0.05159616097807884,6.765439510345459,0.050000011920928955,1077500
7,4311,250,-6.399447441101074,-0.025597790256142616,6.56080436706543,0.050000011920928955,1077750
7,4312,250,-9.63176441192627,-0.03852705657482147,6.427184104919434,0.050000011920928955,1078000
7,4313,250,-58.50440216064453,-0.23401761054992676,7.385810852050781,0.050000011920928955,1078250
7,4314,250,-11.587376594543457,-0.046349506825208664,7.210176944732666,0.050000011920928955,1078500
7,4315,250,-61.188907623291016,-0.24475562572479248,7.329297065734863,0.050000011920928955,1078750
7,4316,250,14.224056243896484,0.05689622461795807,6.990264415740967,0.050000011920928955,1079000
7,4317,250,2.9994144439697266,0.01199765782803297,7.769242763519287,0.050000011920928955,1079250
7,4318,250,689.621337890625,2.7584853172302246,7.308798313140869,0.050000011920928955,1079500
7,4319,250,999.54150390625,3.998166084289551,7.291684627532959,0.050000011920928955,1079750
7,4320,250,749.9188842773438,2.9996755123138428,7.020058631896973,0.050000011920928955,1080000
7,4321,250,23.159961700439453,0.09263984858989716,8.188426971435547,0.050000011920928955,1080250
7,4322,250,696.370361328125,2.7854814529418945,8.000411987304688,0.050000011920928955,1080500
7,4323,250,1616.93017578125,6.4677205085754395,7.87060546875,0.050000011920928955,1080750
7,4324,250,58.436458587646484,0.23374582827091217,7.54300594329834,0.050000011920928955,1081000
7,4325,250,881.1837158203125,3.5247349739074707,7.81199312210083,0.050000011920928955,1081250
7,4326,250,65.90261840820312,0.26361048221588135,7.737160682678223,0.050000011920928955,1081500
7,4327,250,144.02816772460938,0.576112687587738,7.753530502319336,0.050000011920928955,1081750
7,4328,250,1742.7257080078125,6.970902919769287,7.5663228034973145,0.050000011920928955,1082000
7,4329,250,1771.0479736328125,7.084191799163818,7.694395065307617,0.050000011920928955,1082250
7,4330,250,1634.0244140625,6.536097526550293,7.483272552490234,0.050000011920928955,1082500
7,4331,250,1849.264892578125,7.397059440612793,7.2261576652526855,0.050000011920928955,1082750
7,4332,250,1609.1090087890625,6.436436176300049,6.768185138702393,0.050000011920928955,1083000
7,4333,250,24.89206314086914,0.09956825524568558,7.498457908630371,0.050000011920928955,1083250
7,4334,250,-28.17490577697754,-0.11269962042570114,7.307870864868164,0.050000011920928955,1083500
7,4335,250,61.593841552734375,0.24637536704540253,7.11414909362793,0.050000011920928955,1083750
7,4336,250,-338.9359130859375,-1.355743646621704,6.87710428237915,0.050000011920928955,1084000
7,4337,250,32.6163330078125,0.1304653286933899,7.598130702972412,0.050000011920928955,1084250
7,4338,250,29.381969451904297,0.11752787977457047,7.502533912658691,0.050000011920928955,1084500
7,4339,250,40.52414321899414,0.16209657490253448,6.904935359954834,0.050000011920928955,1084750
7,4340,250,58.423851013183594,0.2336954027414322,6.849822044372559,0.050000011920928955,1085000
7,4341,250,72.36851501464844,0.2894740700721741,7.231888771057129,0.050000011920928955,1085250
7,4342,250,1935.62451171875,7.74249792098999,6.9113264083862305,0.050000011920928955,1085500
7,4343,250,1942.5130615234375,7.770052433013916,6.202376842498779,0.050000011920928955,1085750
7,4344,250,23.25761604309082,0.09303046762943268,6.055800914764404,0.050000011920928955,1086000
7,4345,250,1133.01904296875,4.532076358795166,6.730522155761719,0.050000011920928955,1086250
7,4346,250,-43.42346954345703,-0.17369388043880463,6.269619941711426,0.050000011920928955,1086500
7,4347,250,1800.366455078125,7.201465606689453,6.26595401763916,0.050000011920928955,1086750
7,4348,250,1896.74267578125,7.586970806121826,5.946837902069092,0.050000011920928955,1087000
7,4349,250,873.4859008789062,3.493943691253662,6.322536945343018,0.050000011920928955,1087250
7,4350,250,1905.9013671875,7.623605251312256,6.070913791656494,0.050000011920928955,1087500
7,4351,250,1655.974365234375,6.623897552490234,5.660507678985596,0.050000011920928955,1087750
7,4352,250,-24.365297317504883,-0.09746118634939194,5.578060626983643,0.050000011920928955,1088000
7,4353,250,-39.052268981933594,-0.1562090814113617,6.211016654968262,0.050000011920928955,1088250
7,4354,250,-23.388187408447266,-0.09355275332927704,5.736450672149658,0.050000011920928955,1088500
7,4355,250,25.280799865722656,0.10112319886684418,5.71035099029541,0.050000011920928955,1088750
7,4356,250,1811.639892578125,7.2465596199035645,5.877387046813965,0.050000011920928955,1089000
7,4357,250,1910.654052734375,7.642616271972656,5.872802257537842,0.050000011920928955,1089250
7,4358,250,1912.6044921875,7.650417804718018,5.53773832321167,0.050000011920928955,1089500
7,4359,250,1938.08203125,7.752327919006348,5.085336685180664,0.050000011920928955,1089750
7,4360,250,1767.0452880859375,7.068181037902832,5.342373371124268,0.050000011920928955,1090000
7,4361,250,1723.0242919921875,6.892096996307373,5.441944122314453,0.050000011920928955,1090250
7,4362,250,32.33583450317383,0.12934333086013794,5.314868927001953,0.050000011920928955,1090500
7,4363,250,1876.9068603515625,7.507627487182617,5.363949298858643,0.050000011920928955,1090750
7,4364,250,1866.9967041015625,7.467986583709717,5.273332118988037,0.050000011920928955,1091000
7,4365,250,1660.6298828125,6.642519474029541,5.2756266593933105,0.050000011920928955,1091250
7,4366,250,1860.0955810546875,7.440382480621338,5.0911335945129395,0.050000011920928955,1091500
7,4367,250,419.78839111328125,1.679153561592102,5.122793197631836,0.050000011920928955,1091750
7,4368,250,28.454893112182617,0.11381956934928894,5.064631462097168,0.050000011920928955,1092000
7,4369,250,1671.17529296875,6.684700965881348,5.302805423736572,0.050000011920928955,1092250
7,4370,250,1733.672119140625,6.934688568115234,5.162115097045898,0.050000011920928955,1092500
7,4371,250,1709.00927734375,6.8360371589660645,5.395000457763672,0.050000011920928955,1092750
7,4372,250,1482.3917236328125,5.929566860198975,5.331739902496338,0.050000011920928955,1093000
7,4373,250,1709.6121826171875,6.838448524475098,5.749573707580566,0.050000011920928955,1093250
7,4374,250,670.1905517578125,2.68076229095459,5.445680618286133,0.050000011920928955,1093500
7,4375,250,1699.76025390625,6.799040794372559,5.087652683258057,0.050000011920928955,1093750
7,4376,250,1748.208740234375,6.99283504486084,4.951668739318848,0.050000011920928955,1094000
7,4377,250,1615.6815185546875,6.46272611618042,5.026465892791748,0.050000011920928955,1094250
7,4378,250,1719.306884765625,6.877227306365967,5.133638381958008,0.050000011920928955,1094500
7,4379,250,1748.9256591796875,6.995702743530273,4.771337032318115,0.050000011920928955,1094750
7,4380,250,1677.413330078125,6.709653377532959,4.752323627471924,0.050000011920928955,1095000
7,4381,250,1648.453125,6.593812465667725,4.7974138259887695,0.050000011920928955,1095250
7,4382,250,1588.535400390625,6.354141712188721,4.709164619445801,0.050000011920928955,1095500
7,4383,250,-26.326793670654297,-0.10530717670917511,4.594710826873779,0.050000011920928955,1095750
7,4384,250,1600.417724609375,6.401670932769775,4.894633769989014,0.050000011920928955,1096000
7,4385,250,1716.040771484375,6.864162921905518,4.7846455574035645,0.050000011920928955,1096250
7,4386,250,1850.921630859375,7.4036865234375,4.456302165985107,0.050000011920928955,1096500
7,4387,250,72.11753845214844,0.28847014904022217,4.637178897857666,0.050000011920928955,1096750
7,4388,250,35.088130950927734,0.1403525173664093,4.699202060699463,0.050000011920928955,1097000
7,4389,250,-109.66434478759766,-0.43865737318992615,4.9444475173950195,0.050000011920928955,1097250
7,4390,250,1703.51171875,6.814046859741211,4.658936977386475,0.050000011920928955,1097500
7,4391,250,1744.383544921875,6.977534294128418,4.61488676071167,0.050000011920928955,1097750
7,4392,250,1707.3009033203125,6.8292036056518555,4.460628986358643,0.050000011920928955,1098000
7,4393,250,1761.289794921875,7.045159339904785,4.427804946899414,0.050000011920928955,1098250
7,4394,250,1441.52197265625,5.766088008880615,4.355891227722168,0.050000011920928955,1098500
7,4395,250,1696.6612548828125,6.78664493560791,4.409517288208008,0.050000011920928955,1098750
7,4396,250,1766.7261962890625,7.0669050216674805,4.1656928062438965,0.050000011920928955,1099000
7,4397,250,-20.984603881835938,-0.08393841236829758,4.1628217697143555,0.050000011920928955,1099250
7,4398,250,-37.764366149902344,-0.15105746686458588,4.45850944519043,0.050000011920928955,1099500
7,4399,250,1425.011962890625,5.700047969818115,4.407097816467285,0.050000011920928955,1099750
7,4400,250,30.40534210205078,0.12162137031555176,4.413345813751221,0.050000011920928955,1100000
7,4401,250,-49.13239669799805,-0.1965295821428299,4.783174991607666,0.050000011920928955,1100250
7,4402,250,1849.108154296875,7.396432399749756,4.701134204864502,0.050000011920928955,1100500
7,4403,250,-36.52554702758789,-0.1461021900177002,4.646378040313721,0.050000011920928955,1100750
7,4404,250,-38.453983306884766,-0.15381594002246857,4.775035381317139,0.050000011920928955,1101000
7,4405,250,1296.79931640625,5.187197208404541,5.231104373931885,0.050000011920928955,1101250
7,4406,250,1895.4775390625,7.581910133361816,4.791327953338623,0.050000011920928955,1101500
7,4407,250,-5.033392906188965,-0.020133571699261665,5.150905132293701,0.050000011920928955,1101750
7,4408,250,-16.297069549560547,-0.06518828123807907,5.004295825958252,0.050000011920928955,1102000
7,4409,250,-45.09734344482422,-0.1803893744945526,4.998310565948486,0.050000011920928955,1102250
7,4410,250,15.874321937561035,0.06349729001522064,4.9121856689453125,0.050000011920928955,1102500
7,4411,250,1916.0869140625,7.6643476486206055,4.9654765129089355,0.050000011920928955,1102750
7,4412,250,-22.476043701171875,-0.08990417420864105,5.023766994476318,0.050000011920928955,1103000
7,4413,250,1901.5107421875,7.606042861938477,5.171839714050293,0.050000011920928955,1103250
7,4414,250,24.39971160888672,0.0975988432765007,5.258343696594238,0.050000011920928955,1103500
7,4415,250,1761.697509765625,7.04679012298584,5.188932418823242,0.050000011920928955,1103750
7,4416,250,1770.5982666015625,7.082393169403076,4.950375080108643,0.050000011920928955,1104000
7,4417,250,88.74199676513672,0.35496798157691956,5.325372219085693,0.050000011920928955,1104250
7,4418,250,9.579239845275879,0.03831695765256882,5.290663719177246,0.050000011920928955,1104500
7,4419,250,1890.134033203125,7.560535907745361,5.440223693847656,0.050000011920928955,1104750
7,4420,250,1876.0968017578125,7.504387378692627,5.421380996704102,0.050000011920928955,1105000
7,4421,250,1795.623779296875,7.1824951171875,5.356705188751221,0.050000011920928955,1105250
7,4422,250,1793.0584716796875,7.172234058380127,5.243570804595947,0.050000011920928955,1105500
7,4423,250,55.296966552734375,0.22118785977363586,5.108595848083496,0.050000011920928955,1105750
7,4424,250,1839.4112548828125,7.357645034790039,5.216294765472412,0.050000011920928955,1106000
7,4425,250,1913.8345947265625,7.655338287353516,5.267611026763916,0.050000011920928955,1106250
7,4426,250,1712.45751953125,6.849830150604248,5.178858280181885,0.050000011920928955,1106500
7,4427,250,1841.8385009765625,7.367353916168213,5.03396463394165,0.050000011920928955,1106750
7,4428,250,1855.2374267578125,7.420949935913086,5.072716236114502,0.050000011920928955,1107000
7,4429,250,1945.0701904296875,7.780280590057373,5.167491436004639,0.050000011920928955,1107250
7,4430,250,1897.6761474609375,7.590704441070557,4.741860866546631,0.050000011920928955,1107500
7,4431,250,1808.991943359375,7.235967636108398,5.01002311706543,0.050000011920928955,1107750
7,4432,250,1866.342529296875,7.465370178222656,4.858448505401611,0.050000011920928955,1108000
7,4433,250,1918.0975341796875,7.672389984130859,4.815421104431152,0.050000011920928955,1108250
7,4434,250,1891.4501953125,7.565800666809082,4.9414238929748535,0.050000011920928955,1108500
7,4435,250,1881.99609375,7.527984142303467,4.6041693687438965,0.050000011920928955,1108750
7,4436,250,1751.42919921875,7.005716800689697,4.731601715087891,0.050000011920928955,1109000
7,4437,250,1799.9429931640625,7.199771881103516,4.8474249839782715,0.050000011920928955,1109250
7,4438,250,1800.7457275390625,7.2029829025268555,4.5943756103515625,0.050000011920928955,1109500
7,4439,250,1880.151611328125,7.520606517791748,4.363293647766113,0.050000011920928955,1109750
7,4440,250,1846.565673828125,7.386262893676758,4.40582275390625,0.050000011920928955,1110000
7,4441,250,1579.5919189453125,6.3183674812316895,4.700345039367676,0.050000011920928955,1110250
7,4442,250,1659.5181884765625,6.638072967529297,4.454440593719482,0.050000011920928955,1110500
7,4443,250,1734.74462890625,6.938978672027588,4.313776016235352,0.050000011920928955,1110750
7,4444,250,1872.7001953125,7.490800857543945,4.0449676513671875,0.050000011920928955,1111000
7,4445,250,1695.796875,6.783187389373779,4.155681133270264,0.050000011920928955,1111250
7,4446,250,1887.4417724609375,7.549767017364502,4.028039932250977,0.050000011920928955,1111500
7,4447,250,1590.7861328125,6.363144397735596,3.952258348464966,0.050000011920928955,1111750
7,4448,250,1741.4609375,6.965843677520752,3.8300893306732178,0.050000011920928955,1112000
7,4449,250,1611.5921630859375,6.44636869430542,4.015125274658203,0.050000011920928955,1112250
7,4450,250,1720.5528564453125,6.882211208343506,3.9083001613616943,0.050000011920928955,1112500
7,4451,250,1706.4581298828125,6.825832366943359,3.58844256401062,0.050000011920928955,1112750
7,4452,250,1780.01025390625,7.1200408935546875,3.69720458984375,0.050000011920928955,1113000
7,4453,250,1585.9635009765625,6.343853950500488,4.021005153656006,0.050000011920928955,1113250
7,4454,250,1832.1265869140625,7.3285064697265625,3.7207021713256836,0.050000011920928955,1113500
7,4455,250,1834.404541015625,7.337618350982666,3.3540000915527344,0.050000011920928955,1113750
7,4456,250,1680.9473876953125,6.723789691925049,3.6357152462005615,0.050000011920928955,1114000
7,4457,250,1689.415771484375,6.757663249969482,3.396517276763916,0.050000011920928955,1114250
7,4458,250,1608.704345703125,6.434817314147949,3.066772222518921,0.050000011920928955,1114500
7,4459,250,1852.331298828125,7.409325122833252,2.974850654602051,0.050000011920928955,1114750
7,4460,250,1641.841552734375,6.567366123199463,2.998725414276123,0.050000011920928955,1115000
7,4461,250,1888.84619140625,7.555384635925293,2.9724626541137695,0.050000011920928955,1115250
7,4462,250,1560.2467041015625,6.2409868240356445,2.994946241378784,0.050000011920928955,1115500
7,4463,250,1703.1827392578125,6.81273078918457,2.918591260910034,0.050000011920928955,1115750
7,4464,250,1503.062255859375,6.012248992919922,2.545414447784424,0.050000011920928955,1116000
7,4465,250,1636.1702880859375,6.544681072235107,2.869661331176758,0.050000011920928955,1116250
7,4466,250,1401.0162353515625,5.60406494140625,2.766176462173462,0.050000011920928955,1116500
7,4467,250,1239.60888671875,4.958435535430908,2.737633466720581,0.050000011920928955,1116750
7,4468,250,1518.335205078125,6.073340892791748,2.698751449584961,0.050000011920928955,1117000
7,4469,250,1582.3934326171875,6.329573631286621,3.0619256496429443,0.050000011920928955,1117250
7,4470,250,1454.978759765625,5.819914817810059,2.8227756023406982,0.050000011920928955,1117500
7,4471,250,1654.722900390625,6.618891716003418,2.780123710632324,0.050000011920928955,1117750
7,4472,250,1457.00390625,5.8280158042907715,2.9080886840820312,0.050000011920928955,1118000
7,4473,250,443.3854064941406,1.7735415697097778,2.933276414871216,0.050000011920928955,1118250
7,4474,250,1623.8638916015625,6.495455741882324,3.1532113552093506,0.050000011920928955,1118500
7,4475,250,1892.7218017578125,7.570887088775635,2.9190142154693604,0.050000011920928955,1118750
7,4476,250,1743.026123046875,6.972104549407959,3.012362241744995,0.050000011920928955,1119000
7,4477,250,10.473997116088867,0.04189598932862282,3.362001657485962,0.050000011920928955,1119250
7,4478,250,1911.67724609375,7.646708965301514,3.3738372325897217,0.050000011920928955,1119500
7,4479,250,31.72049331665039,0.12688197195529938,3.3771708011627197,0.050000011920928955,1119750
7,4480,250,-24.64777374267578,-0.09859109669923782,3.643228769302368,0.050000011920928955,1120000
7,4481,250,1942.30029296875,7.769201278686523,3.875776767730713,0.050000011920928955,1120250
7,4482,250,1457.6798095703125,5.830719470977783,3.7252118587493896,0.050000011920928955,1120500
7,4483,250,1922.3466796875,7.68938684463501,3.636270761489868,0.050000011920928955,1120750
7,4484,250,1951.4698486328125,7.805879592895508,3.62715744972229,0.050000011920928955,1121000
7,4485,250,1939.3922119140625,7.757568836212158,3.7813611030578613,0.050000011920928955,1121250
7,4486,250,1891.4830322265625,7.565932273864746,3.7762868404388428,0.050000011920928955,1121500
7,4487,250,1959.969970703125,7.839879989624023,3.6111550331115723,0.050000011920928955,1121750
7,4488,250,1860.24072265625,7.440962791442871,3.4972972869873047,0.050000011920928955,1122000
7,4489,250,1829.4735107421875,7.317893981933594,3.9188952445983887,0.050000011920928955,1122250
7,4490,250,1906.5458984375,7.62618350982666,3.680727243423462,0.050000011920928955,1122500
7,4491,250,1966.0684814453125,7.864274024963379,3.5029795169830322,0.050000011920928955,1122750
7,4492,250,1885.7503662109375,7.543001651763916,3.345369815826416,0.050000011920928955,1123000
7,4493,250,1946.239013671875,7.784955978393555,3.7954838275909424,0.050000011920928955,1123250
7,4494,250,1960.6243896484375,7.8424973487854,3.583631753921509,0.050000011920928955,1123500
7,4495,250,1977.7828369140625,7.911131381988525,3.3571743965148926,0.050000011920928955,1123750
7,4496,250,-43.68789291381836,-0.17475156486034393,3.7472164630889893,0.050000011920928955,1124000
7,4497,250,-4.475927352905273,-0.017903709784150124,4.260954856872559,0.050000011920928955,1124250
7,4498,250,-60.077022552490234,-0.24030809104442596,4.450732707977295,0.050000011920928955,1124500
7,4499,250,1918.3206787109375,7.673282623291016,4.407577991485596,0.050000011920928955,1124750
7,4500,250,-86.41157531738281,-0.34564629197120667,4.035467624664307,0.050000011920928955,1125000
7,4501,250,-104.69523620605469,-0.41878095269203186,4.836310386657715,0.050000011920928955,1125250
7,4502,250,1944.304443359375,7.777217864990234,4.670772552490234,0.050000011920928955,1125500
7,4503,250,-96.18916320800781,-0.3847566545009613,4.568769931793213,0.050000011920928955,1125750
7,4504,250,683.949951171875,2.735799789428711,5.184064865112305,0.050000011920928955,1126000
7,4505,250,1880.87548828125,7.523501873016357,5.326022624969482,0.050000011920928955,1126250
7,4506,250,-102.05158233642578,-0.40820634365081787,5.500214099884033,0.050000011920928955,1126500
7,4507,250,1629.4747314453125,6.517899036407471,5.183183193206787,0.050000011920928955,1126750
7,4508,250,-48.14142990112305,-0.19256572425365448,5.188888072967529,0.050000011920928955,1127000
7,4509,250,1760.8748779296875,7.04349946975708,5.911403179168701,0.050000011920928955,1127250
7,4510,250,1783.8062744140625,7.135225296020508,5.787199974060059,0.050000011920928955,1127500
7,4511,250,-77.314208984375,-0.30925682187080383,5.5772480964660645,0.050000011920928955,1127750
7,4512,250,1766.7257080078125,7.0669026374816895,5.695962429046631,0.050000011920928955,1128000
7,4513,250,-78.28981018066406,-0.3131592273712158,6.140709400177002,0.050000011920928955,1128250
7,4514,250,1683.3212890625,6.733284950256348,5.813432693481445,0.050000011920928955,1128500
7,4515,250,1845.1082763671875,7.380433082580566,5.768472671508789,0.050000011920928955,1128750
7,4516,250,-79.6857681274414,-0.3187430799007416,5.84290075302124,0.050000011920928955,1129000
7,4517,250,1731.781005859375,6.9271240234375,6.489543914794922,0.050000011920928955,1129250
7,4518,250,1599.3609619140625,6.397443771362305,5.919464588165283,0.050000011920928955,1129500
7,4519,250,1715.584716796875,6.862339019775391,5.84564208984375,0.050000011920928955,1129750
7,4520,250,-136.45626831054688,-0.5458250641822815,5.56223726272583,0.050000011920928955,1130000
7,4521,250,1783.1002197265625,7.132400989532471,5.659681797027588,0.050000011920928955,1130250
7,4522,250,444.9117126464844,1.779646873474121,5.629728317260742,0.050000011920928955,1130500
7,4523,250,1292.917724609375,5.171670913696289,5.4730658531188965,0.050000011920928955,1130750
7,4524,250,800.015625,3.2000625133514404,5.497471809387207,0.050000011920928955,1131000
7,4525,250,1124.870849609375,4.499483585357666,6.056215286254883,0.050000011920928955,1131250
7,4526,250,1141.7861328125,4.567144393920898,5.512502670288086,0.050000011920928955,1131500
7,4527,250,1192.0859375,4.768343925476074,5.61965799331665,0.050000011920928955,1131750
7,4528,250,1229.7459716796875,4.9189839363098145,5.8533854484558105,0.050000011920928955,1132000
7,4529,250,1673.973876953125,6.695895671844482,6.019416809082031,0.050000011920928955,1132250
7,4530,250,1336.6959228515625,5.346783638000488,5.817577838897705,0.050000011920928955,1132500
7,4531,250,1554.3388671875,6.217355251312256,5.86073112487793,0.050000011920928955,1132750
7,4532,250,1561.36181640625,6.245447158813477,5.639608383178711,0.050000011920928955,1133000
7,4533,250,1409.329833984375,5.637319564819336,6.197211742401123,0.050000011920928955,1133250
7,4534,250,1546.822021484375,6.187288284301758,5.889541149139404,0.050000011920928955,1133500
7,4535,250,-7.34933614730835,-0.02939734421670437,6.022444725036621,0.050000011920928955,1133750
7,4536,250,1690.552978515625,6.762211799621582,5.964720726013184,0.050000011920928955,1134000
7,4537,250,1761.290771484375,7.045163154602051,5.8365864753723145,0.050000011920928955,1134250
7,4538,250,-63.89973831176758,-0.2555989623069763,5.656216144561768,0.050000011920928955,1134500
7,4539,250,-67.81895446777344,-0.2712758183479309,5.513726711273193,0.050000011920928955,1134750
7,4540,250,1712.5076904296875,6.850030899047852,5.379265308380127,0.050000011920928955,1135000
7,4541,250,1547.8668212890625,6.19146728515625,5.5882062911987305,0.050000011920928955,1135250
7,4542,250,1660.0731201171875,6.640292644500732,5.337595462799072,0.050000011920928955,1135500
7,4543,250,1663.20751953125,6.652830123901367,5.0186991691589355,0.050000011920928955,1135750
7,4544,250,1572.5848388671875,6.290339469909668,4.792588233947754,0.050000011920928955,1136000
7,4545,250,1739.492431640625,6.957969665527344,5.23241662979126,0.050000011920928955,1136250
7,4546,250,1603.4705810546875,6.413882255554199,4.6728081703186035,0.050000011920928955,1136500
7,4547,250,1764.242431640625,7.05696964263916,4.762534141540527,0.050000011920928955,1136750
7,4548,250,1732.218994140625,6.928875923156738,4.487041473388672,0.050000011920928955,1137000
7,4549,250,1491.14892578125,5.964595794677734,4.544527530670166,0.050000011920928955,1137250
7,4550,250,1607.241943359375,6.4289679527282715,4.537431716918945,0.050000011920928955,1137500
7,4551,250,1619.32666015625,6.477306842803955,4.597989559173584,0.050000011920928955,1137750
7,4552,250,1691.3441162109375,6.765376567840576,4.3274946212768555,0.050000011920928955,1138000
7,4553,250,1794.4833984375,7.177933692932129,4.502004623413086,0.050000011920928955,1138250
7,4554,250,1580.03857421875,6.320154190063477,4.315863132476807,0.050000011920928955,1138500
7,4555,250,1765.483154296875,7.061932563781738,4.112391471862793,0.050000011920928955,1138750
7,4556,250,1499.900146484375,5.999600410461426,4.328867435455322,0.050000011920928955,1139000
7,4557,250,-47.7327766418457,-0.19093111157417297,4.247125625610352,0.050000011920928955,1139250
7,4558,250,-42.46709060668945,-0.1698683649301529,4.566255569458008,0.050000011920928955,1139500
7,4559,250,-80.24948120117188,-0.3209979236125946,4.579283237457275,0.050000011920928955,1139750
7,4560,250,1567.99951171875,6.271997928619385,4.730267524719238,0.050000011920928955,1140000
7,4561,250,1573.876708984375,6.295506954193115,4.807301998138428,0.050000011920928955,1140250
7,4562,250,1750.88818359375,7.0035529136657715,4.495986461639404,0.050000011920928955,1140500
7,4563,250,1579.48388671875,6.317935466766357,4.5565571784973145,0.050000011920928955,1140750
7,4564,250,-77.05772399902344,-0.3082309067249298,4.82341194152832,0.050000011920928955,1141000
7,4565,250,1593.6162109375,6.374464988708496,4.472786903381348,0.050000011920928955,1141250
7,4566,250,-77.55375671386719,-0.310215026140213,4.510580062866211,0.050000011920928955,1141500
7,4567,250,1715.822021484375,6.863287925720215,4.468522071838379,0.050000011920928955,1141750
7,4568,250,1517.3800048828125,6.069519996643066,4.36242151260376,0.050000011920928955,1142000
7,4569,250,1544.6903076171875,6.178761005401611,4.799088001251221,0.050000011920928955,1142250
7,4570,250,1707.7723388671875,6.831089496612549,4.472502708435059,0.050000011920928955,1142500
7,4571,250,1763.783447265625,7.055133819580078,4.434628009796143,0.050000011920928955,1142750
7,4572,250,1709.3094482421875,6.83723783493042,4.597061634063721,0.050000011920928955,1143000
7,4573,250,1613.503173828125,6.454012870788574,4.336319923400879,0.050000011920928955,1143250
7,4574,250,65.88677215576172,0.2635470926761627,4.890635967254639,0.050000011920928955,1143500
7,4575,250,1804.6441650390625,7.218576431274414,4.56838321685791,0.050000011920928955,1143750
7,4576,250,-59.23286056518555,-0.2369314432144165,4.201216220855713,0.050000011920928955,1144000
7,4577,250,-56.27035140991211,-0.2250813990831375,4.763224124908447,0.050000011920928955,1144250
7,4578,250,1882.23828125,7.5289530754089355,4.778264045715332,0.050000011920928955,1144500
7,4579,250,1938.74267578125,7.754970550537109,4.362454891204834,0.050000011920928955,1144750
7,4580,250,-61.551307678222656,-0.24620522558689117,4.504587650299072,0.050000011920928955,1145000
7,4581,250,1936.040771484375,7.7441630363464355,4.756525039672852,0.050000011920928955,1145250
7,4582,250,1949.7396240234375,7.7989583015441895,4.5646281242370605,0.050000011920928955,1145500
7,4583,250,-58.27269744873047,-0.23309078812599182,4.887716770172119,0.050000011920928955,1145750
7,4584,250,1917.5545654296875,7.670218467712402,4.774045467376709,0.050000011920928955,1146000
7,4585,250,1829.017333984375,7.31606912612915,4.854249477386475,0.050000011920928955,1146250
7,4586,250,1962.611572265625,7.8504462242126465,4.569779872894287,0.050000011920928955,1146500
7,4587,250,1824.264892578125,7.297059535980225,4.776492595672607,0.050000011920928955,1146750
7,4588,250,1732.7047119140625,6.930819034576416,4.679847240447998,0.050000011920928955,1147000
7,4589,250,1672.9661865234375,6.691864967346191,5.079265117645264,0.050000011920928955,1147250
7,4590,250,1962.283935546875,7.849135875701904,4.839758396148682,0.050000011920928955,1147500
7,4591,250,-36.89594650268555,-0.14758378267288208,4.9275407791137695,0.050000011920928955,1147750
7,4592,250,91.42462921142578,0.36569851636886597,4.881453037261963,0.050000011920928955,1148000
7,4593,250,1715.1904296875,6.860761642456055,5.147148132324219,0.050000011920928955,1148250
7,4594,250,1754.1483154296875,7.0165934562683105,5.224761962890625,0.050000011920928955,1148500
7,4595,250,1947.462890625,7.789851665496826,5.138545989990234,0.050000011920928955,1148750
7,4596,250,1956.0587158203125,7.824234962463379,5.061348915100098,0.050000011920928955,1149000
7,4597,250,-50.616798400878906,-0.2024671882390976,5.037281036376953,0.050000011920928955,1149250
7,4598,250,1748.6103515625,6.994441509246826,4.81467342376709,0.050000011920928955,1149500
7,4599,250,1785.6490478515625,7.142596244812012,4.498054027557373,0.050000011920928955,1149750
7,4600,250,1803.61328125,7.214453220367432,4.1925435066223145,0.050000011920928955,1150000
7,4601,250,1759.32373046875,7.037294864654541,4.550345420837402,0.050000011920928955,1150250
7,4602,250,-70.23046112060547,-0.2809218466281891,4.305249214172363,0.050000011920928955,1150500
7,4603,250,1735.96630859375,6.9438652992248535,4.548099040985107,0.050000011920928955,1150750
7,4604,250,1480.3055419921875,5.92122220993042,4.395999908447266,0.050000011920928955,1151000
7,4605,250,-21.779178619384766,-0.08711671084165573,4.3939642906188965,0.050000011920928955,1151250
7,4606,250,1743.249267578125,6.972997188568115,4.581183910369873,0.050000011920928955,1151500
7,4607,250,1782.9326171875,7.131730556488037,4.456725120544434,0.050000011920928955,1151750
7,4608,250,1949.0555419921875,7.79622220993042,4.374300956726074,0.050000011920928955,1152000
7,4609,250,1757.139404296875,7.028557777404785,4.326869487762451,0.050000011920928955,1152250
7,4610,250,-13.535913467407227,-0.05414365231990814,4.108347415924072,0.050000011920928955,1152500
7,4611,250,1808.0831298828125,7.232332706451416,4.348989486694336,0.050000011920928955,1152750
7,4612,250,1796.1387939453125,7.1845550537109375,4.3880295753479,0.050000011920928955,1153000
7,4613,250,1746.6751708984375,6.986700534820557,4.502843856811523,0.050000011920928955,1153250
7,4614,250,1930.937744140625,7.723751068115234,4.363527774810791,0.050000011920928955,1153500
7,4615,250,1719.3721923828125,6.877488613128662,4.354848861694336,0.050000011920928955,1153750
7,4616,250,1641.498291015625,6.565993309020996,4.292408466339111,0.050000011920928955,1154000
7,4617,250,1816.3919677734375,7.265567779541016,4.192537784576416,0.050000011920928955,1154250
7,4618,250,1888.562255859375,7.554248809814453,4.319217205047607,0.050000011920928955,1154500
7,4619,250,1859.912353515625,7.43964958190918,4.104298114776611,0.050000011920928955,1154750
7,4620,250,1732.373779296875,6.929495334625244,4.0103678703308105,0.050000011920928955,1155000
7,4621,250,1805.970458984375,7.223881721496582,3.841881275177002,0.050000011920928955,1155250
7,4622,250,1777.413330078125,7.109653472900391,4.022846221923828,0.050000011920928955,1155500
7,4623,250,1701.439453125,6.805757999420166,3.9600682258605957,0.050000011920928955,1155750
7,4624,250,1875.391845703125,7.501567363739014,3.614086389541626,0.050000011920928955,1156000
7,4625,250,1832.6422119140625,7.330568790435791,3.882964611053467,0.050000011920928955,1156250
7,4626,250,1870.634033203125,7.482536315917969,3.7162845134735107,0.050000011920928955,1156500
7,4627,250,1821.025634765625,7.284102439880371,3.7301647663116455,0.050000011920928955,1156750
7,4628,250,1826.4603271484375,7.305841445922852,3.642995834350586,0.050000011920928955,1157000
7,4629,250,-33.841678619384766,-0.13536670804023743,3.5573084354400635,0.050000011920928955,1157250
7,4630,250,1914.28173828125,7.6571269035339355,3.863560914993286,0.050000011920928955,1157500
7,4631,250,1665.889892578125,6.663559436798096,3.5868139266967773,0.050000011920928955,1157750
7,4632,250,1778.844970703125,7.115379810333252,3.561823844909668,0.050000011920928955,1158000
7,4633,250,237.24935913085938,0.948997437953949,3.592634439468384,0.050000011920928955,1158250
7,4634,250,1684.1798095703125,6.736719131469727,3.913858413696289,0.050000011920928955,1158500
7,4635,250,1767.965087890625,7.071860313415527,3.517908811569214,0.050000011920928955,1158750
7,4636,250,1775.822998046875,7.103291988372803,3.559828519821167,0.050000011920928955,1159000
7,4637,250,1678.6201171875,6.714480400085449,3.4817750453948975,0.050000011920928955,1159250
7,4638,250,1730.35498046875,6.921420097351074,3.3725717067718506,0.050000011920928955,1159500
7,4639,250,1837.8802490234375,7.351521015167236,3.5737431049346924,0.050000011920928955,1159750
7,4640,250,1679.87060546875,6.719482421875,3.4580278396606445,0.050000011920928955,1160000
7,4641,250,727.6254272460938,2.910501718521118,3.8267459869384766,0.050000011920928955,1160250
7,4642,250,1788.0889892578125,7.152356147766113,3.797029972076416,0.050000011920928955,1160500
7,4643,250,1788.0784912109375,7.152314186096191,3.4737651348114014,0.050000011920928955,1160750
7,4644,250,1824.05712890625,7.296228408813477,3.4064645767211914,0.050000011920928955,1161000
7,4645,250,1783.6429443359375,7.134571552276611,3.4839861392974854,0.050000011920928955,1161250
7,4646,250,1874.77783203125,7.499111175537109,3.483832836151123,0.050000011920928955,1161500
7,4647,250,1829.5172119140625,7.318068981170654,3.485515594482422,0.050000011920928955,1161750
7,4648,250,1855.8011474609375,7.42320442199707,3.496314287185669,0.050000011920928955,1162000
7,4649,250,1844.4505615234375,7.37780237197876,3.733144998550415,0.050000011920928955,1162250
7,4650,250,1854.7772216796875,7.419108867645264,3.2071964740753174,0.050000011920928955,1162500
7,4651,250,1828.4739990234375,7.313896179199219,3.2064688205718994,0.050000011920928955,1162750
7,4652,250,1872.5230712890625,7.4900922775268555,3.066746711730957,0.050000011920928955,1163000
7,4653,250,1818.5516357421875,7.274206638336182,3.0482633113861084,0.050000011920928955,1163250
7,4654,250,1851.2432861328125,7.404973030090332,2.983971357345581,0.050000011920928955,1163500
7,4655,250,1772.5662841796875,7.090265274047852,2.948310375213623,0.050000011920928955,1163750
7,4656,250,1757.726318359375,7.030905246734619,3.1284515857696533,0.050000011920928955,1164000
7,4657,250,1863.099609375,7.452398300170898,2.958531141281128,0.050000011920928955,1164250
7,4658,250,1724.1011962890625,6.89640474319458,3.162975788116455,0.050000011920928955,1164500
7,4659,250,1817.4627685546875,7.269851207733154,3.2183444499969482,0.050000011920928955,1164750
7,4660,250,1840.92578125,7.36370325088501,2.8772196769714355,0.050000011920928955,1165000
7,4661,250,1955.7330322265625,7.822932243347168,3.13374400138855,0.050000011920928955,1165250
7,4662,250,1835.289794921875,7.341159343719482,3.0938639640808105,0.050000011920928955,1165500
7,4663,250,1950.5452880859375,7.802181243896484,3.0842418670654297,0.050000011920928955,1165750
7,4664,250,1621.5103759765625,6.48604154586792,2.905730724334717,0.050000011920928955,1166000
7,4665,250,1707.44384765625,6.829775333404541,2.8494274616241455,0.050000011920928955,1166250
7,4666,250,1716.091552734375,6.864366054534912,3.0098917484283447,0.050000011920928955,1166500
7,4667,250,1744.8095703125,6.979238510131836,2.938121795654297,0.050000011920928955,1166750
7,4668,250,1716.604248046875,6.866416931152344,2.942000150680542,0.050000011920928955,1167000
7,4669,250,1736.736083984375,6.946944236755371,2.733393669128418,0.050000011920928955,1167250
7,4670,250,1697.8817138671875,6.791526794433594,2.704659938812256,0.050000011920928955,1167500
7,4671,250,1748.2833251953125,6.993133068084717,2.738480567932129,0.050000011920928955,1167750
7,4672,250,1698.55029296875,6.794201374053955,2.606424570083618,0.050000011920928955,1168000
7,4673,250,1754.9805908203125,7.019922256469727,2.5786733627319336,0.050000011920928955,1168250
7,4674,250,1861.3316650390625,7.445326805114746,2.566514253616333,0.050000011920928955,1168500
7,4675,250,1699.86474609375,6.799458980560303,2.4483726024627686,0.050000011920928955,1168750
7,4676,250,1520.939453125,6.0837578773498535,2.372088670730591,0.050000011920928955,1169000
7,4677,250,1862.31884765625,7.449275493621826,2.454765796661377,0.050000011920928955,1169250
7,4678,250,1685.5927734375,6.742371082305908,2.691575050354004,0.050000011920928955,1169500
7,4679,250,1899.8348388671875,7.599339485168457,2.6821322441101074,0.050000011920928955,1169750
7,4680,250,1244.52587890625,4.9781036376953125,2.410928726196289,0.050000011920928955,1170000
7,4681,250,1821.4305419921875,7.285722255706787,2.667462110519409,0.050000011920928955,1170250
7,4682,250,1769.8819580078125,7.079527854919434,2.647639513015747,0.050000011920928955,1170500
7,4683,250,1885.056640625,7.540226459503174,2.3509557247161865,0.050000011920928955,1170750
7,4684,250,1732.8251953125,6.931300640106201,2.4224228858947754,0.050000011920928955,1171000
7,4685,250,1896.236083984375,7.584944248199463,2.5551156997680664,0.050000011920928955,1171250
7,4686,250,1873.050048828125,7.4922003746032715,2.5849523544311523,0.050000011920928955,1171500
7,4687,250,1509.3223876953125,6.037289619445801,2.7489514350891113,0.050000011920928955,1171750
7,4688,250,1656.93896484375,6.627755641937256,2.6580212116241455,0.050000011920928955,1172000
7,4689,250,1838.154541015625,7.352618217468262,2.7034387588500977,0.050000011920928955,1172250
7,4690,250,1754.323486328125,7.017293930053711,2.620615243911743,0.050000011920928955,1172500
7,4691,250,1772.407958984375,7.089632034301758,2.785892963409424,0.050000011920928955,1172750
7,4692,250,1703.6944580078125,6.814777851104736,2.5203657150268555,0.050000011920928955,1173000
7,4693,250,1674.08154296875,6.69632625579834,2.92048716545105,0.050000011920928955,1173250
7,4694,250,1746.712158203125,6.986848831176758,2.9845147132873535,0.050000011920928955,1173500
7,4695,250,1671.726806640625,6.6869072914123535,2.704484701156616,0.050000011920928955,1173750
7,4696,250,1732.0377197265625,6.928150653839111,2.7097203731536865,0.050000011920928955,1174000
7,4697,250,1429.716552734375,5.718866348266602,2.7548649311065674,0.050000011920928955,1174250
7,4698,250,1726.1846923828125,6.904738903045654,2.842221736907959,0.050000011920928955,1174500
7,4699,250,1707.890380859375,6.83156156539917,2.690335512161255,0.050000011920928955,1174750
7,4700,250,1782.4698486328125,7.129879474639893,3.0263853073120117,0.050000011920928955,1175000
7,4701,250,1750.318359375,7.0012736320495605,3.3729350566864014,0.050000011920928955,1175250
7,4702,250,1748.001220703125,6.992004871368408,2.795194387435913,0.050000011920928955,1175500
7,4703,250,1710.3138427734375,6.841255187988281,2.951221227645874,0.050000011920928955,1175750
7,4704,250,1669.316650390625,6.677266597747803,2.691617488861084,0.050000011920928955,1176000
7,4705,250,1467.131103515625,5.868524551391602,3.016557455062866,0.050000011920928955,1176250
7,4706,250,868.2816162109375,3.4731264114379883,3.1348016262054443,0.050000011920928955,1176500
7,4707,250,1743.30859375,6.973234176635742,2.93464994430542,0.050000011920928955,1176750
7,4708,250,649.26513671875,2.597060441970825,3.0293779373168945,0.050000011920928955,1177000
7,4709,250,736.0767822265625,2.9443070888519287,3.307506799697876,0.050000011920928955,1177250
7,4710,250,1754.6002197265625,7.0184006690979,3.3179571628570557,0.050000011920928955,1177500
7,4711,250,-44.0969123840332,-0.17638765275478363,3.6137595176696777,0.050000011920928955,1177750
7,4712,250,-55.8995246887207,-0.22359809279441833,3.6430225372314453,0.050000011920928955,1178000
7,4713,250,1583.46142578125,6.333845615386963,4.376444339752197,0.050000011920928955,1178250
7,4714,250,-28.516019821166992,-0.11406408250331879,4.400646686553955,0.050000011920928955,1178500
7,4715,250,1792.6697998046875,7.170679092407227,4.61757230758667,0.050000011920928955,1178750
7,4716,250,1629.656982421875,6.518628120422363,4.470645904541016,0.050000011920928955,1179000
7,4717,250,1763.76806640625,7.05507230758667,4.533144474029541,0.050000011920928955,1179250
7,4718,250,2037.720703125,8.150882720947266,4.627664089202881,0.050000011920928955,1179500
7,4719,250,-56.25857925415039,-0.22503431141376495,4.617499828338623,0.050000011920928955,1179750
7,4720,250,2077.40087890625,8.309603691101074,4.883317470550537,0.050000011920928955,1180000
7,4721,250,1707.400390625,6.829601764678955,4.986607074737549,0.050000011920928955,1180250
7,4722,250,-49.9668083190918,-0.19986723363399506,4.780561923980713,0.050000011920928955,1180500
7,4723,250,-57.426578521728516,-0.2297063171863556,4.777157783508301,0.050000011920928955,1180750
7,4724,250,-49.12093734741211,-0.19648374617099762,5.16838264465332,0.050000011920928955,1181000
7,4725,250,-41.3916015625,-0.16556639969348907,5.69527006149292,0.050000011920928955,1181250
7,4726,250,1782.489990234375,7.129960060119629,5.728029251098633,0.050000011920928955,1181500
7,4727,250,-58.51532745361328,-0.2340613156557083,6.019446849822998,0.050000011920928955,1181750
7,4728,250,-54.470245361328125,-0.217880979180336,6.168981075286865,0.050000011920928955,1182000
7,4729,250,-19.741687774658203,-0.07896675169467926,6.793288707733154,0.050000011920928955,1182250
7,4730,250,-2.032282829284668,-0.00812913104891777,6.958566665649414,0.050000011920928955,1182500
7,4731,250,-45.98411560058594,-0.1839364618062973,7.070528984069824,0.050000011920928955,1182750
7,4732,250,1.4195661544799805,0.005678264424204826,6.8007683753967285,0.050000011920928955,1183000
7,4733,250,-17.838932037353516,-0.07135573029518127,7.413733959197998,0.050000011920928955,1183250
7,4734,250,1957.9208984375,7.83168363571167,7.144073486328125,0.050000011920928955,1183500
7,4735,250,1757.3173828125,7.029269695281982,7.047523498535156,0.050000011920928955,1183750
7,4736,250,-30.1148738861084,-0.12045949697494507,7.060199737548828,0.050000011920928955,1184000
7,4737,250,1905.1607666015625,7.620643138885498,7.545337200164795,0.050000011920928955,1184250
7,4738,250,-15.276754379272461,-0.06110701709985733,6.893232345581055,0.050000011920928955,1184500
7,4739,250,1934.5465087890625,7.738185882568359,7.285110950469971,0.050000011920928955,1184750
7,4740,250,1.8565082550048828,0.007426032796502113,6.872199535369873,0.050000011920928955,1185000
7,4741,250,1585.8563232421875,6.343425273895264,7.634740352630615,0.050000011920928955,1185250
7,4742,250,1913.381103515625,7.653524398803711,7.2945075035095215,0.050000011920928955,1185500
7,4743,250,1934.2459716796875,7.736983776092529,7.095220565795898,0.050000011920928955,1185750
7,4744,250,-9.281731605529785,-0.037126924842596054,7.534114837646484,0.050000011920928955,1186000
7,4745,250,1978.6339111328125,7.9145355224609375,7.309970855712891,0.050000011920928955,1186250
7,4746,250,1699.38671875,6.797546863555908,6.7422966957092285,0.050000011920928955,1186500
7,4747,250,433.7048645019531,1.7348194122314453,6.473208904266357,0.050000011920928955,1186750
7,4748,250,1845.460693359375,7.381842613220215,6.3553314208984375,0.050000011920928955,1187000
7,4749,250,1878.314697265625,7.513258934020996,6.434814453125,0.050000011920928955,1187250
7,4750,250,1801.770263671875,7.207080841064453,5.998682498931885,0.050000011920928955,1187500
7,4751,250,1951.458984375,7.805835723876953,6.0875725746154785,0.050000011920928955,1187750
7,4752,250,1794.50927734375,7.178037166595459,5.733919620513916,0.050000011920928955,1188000
7,4753,250,1777.738525390625,7.110954284667969,5.774903297424316,0.050000011920928955,1188250
7,4754,250,1820.480712890625,7.281922817230225,5.345149040222168,0.050000011920928955,1188500
7,4755,250,1821.666259765625,7.286664962768555,5.111843109130859,0.050000011920928955,1188750
7,4756,250,1871.069091796875,7.484276294708252,5.337741851806641,0.050000011920928955,1189000
7,4757,250,1901.3984375,7.605593681335449,5.291281223297119,0.050000011920928955,1189250
7,4758,250,1976.123291015625,7.90449333190918,5.302158355712891,0.050000011920928955,1189500
7,4759,250,1933.551025390625,7.734204292297363,4.958512783050537,0.050000011920928955,1189750
7,4760,250,1993.4437255859375,7.9737749099731445,5.20255708694458,0.050000011920928955,1190000
7,4761,250,1989.3592529296875,7.957437038421631,5.2510085105896,0.050000011920928955,1190250
7,4762,250,1996.570068359375,7.98628044128418,5.018958568572998,0.050000011920928955,1190500
7,4763,250,1963.293212890625,7.853172779083252,4.683626651763916,0.050000011920928955,1190750
7,4764,250,1948.146484375,7.792585849761963,4.524359703063965,0.050000011920928955,1191000
7,4765,250,1882.81640625,7.531265735626221,4.655548572540283,0.050000011920928955,1191250
7,4766,250,1917.201904296875,7.668807506561279,4.243469715118408,0.050000011920928955,1191500
7,4767,250,1963.9007568359375,7.855603218078613,4.363290309906006,0.050000011920928955,1191750
7,4768,250,1886.9896240234375,7.5479583740234375,3.9281423091888428,0.050000011920928955,1192000
7,4769,250,1891.975830078125,7.567903518676758,4.204489231109619,0.050000011920928955,1192250
7,4770,250,1863.336181640625,7.453344821929932,3.9408905506134033,0.050000011920928955,1192500
7,4771,250,1883.33349609375,7.533333778381348,3.7226150035858154,0.050000011920928955,1192750
7,4772,250,1920.62646484375,7.682506084442139,3.417937755584717,0.050000011920928955,1193000
7,4773,250,-23.277231216430664,-0.09310892224311829,3.2616524696350098,0.050000011920928955,1193250
7,4774,250,-46.53642654418945,-0.18614570796489716,3.2160186767578125,0.050000011920928955,1193500
7,4775,250,1802.664794921875,7.210659027099609,3.426485300064087,0.050000011920928955,1193750
7,4776,250,1887.806884765625,7.551227569580078,3.3124661445617676,0.050000011920928955,1194000
7,4777,250,1887.1533203125,7.54861307144165,3.2769405841827393,0.050000011920928955,1194250
7,4778,250,1905.4503173828125,7.621801376342773,3.0696451663970947,0.050000011920928955,1194500
7,4779,250,1961.50537109375,7.84602165222168,3.0627012252807617,0.050000011920928955,1194750
7,4780,250,1886.613525390625,7.546453952789307,2.9832005500793457,0.050000011920928955,1195000
7,4781,250,1916.675048828125,7.66670036315918,2.8073484897613525,0.050000011920928955,1195250
7,4782,250,1957.832763671875,7.831331253051758,2.952890157699585,0.050000011920928955,1195500
7,4783,250,1879.772705078125,7.51909065246582,2.7897253036499023,0.050000011920928955,1195750
7,4784,250,1986.49951171875,7.945998191833496,2.760737419128418,0.050000011920928955,1196000
7,4785,250,1913.339111328125,7.653356552124023,2.9592132568359375,0.050000011920928955,1196250
7,4786,250,1921.1583251953125,7.684633255004883,2.5754716396331787,0.050000011920928955,1196500
7,4787,250,1786.474853515625,7.145899295806885,2.583596706390381,0.050000011920928955,1196750
7,4788,250,1870.27734375,7.481109142303467,2.5930960178375244,0.050000011920928955,1197000
7,4789,250,1999.08251953125,7.996330261230469,2.7582521438598633,0.050000011920928955,1197250
7,4790,250,1899.777587890625,7.599110126495361,2.615105152130127,0.050000011920928955,1197500
7,4791,250,1848.780029296875,7.395120143890381,2.5204946994781494,0.050000011920928955,1197750
7,4792,250,1771.2735595703125,7.085094451904297,2.4386355876922607,0.050000011920928955,1198000
7,4793,250,1708.1844482421875,6.832737922668457,2.881465435028076,0.050000011920928955,1198250
7,4794,250,1853.55322265625,7.414212703704834,2.5729968547821045,0.050000011920928955,1198500
7,4795,250,1855.35009765625,7.421400547027588,2.777254581451416,0.050000011920928955,1198750
7,4796,250,1833.204345703125,7.332817554473877,2.784467935562134,0.050000011920928955,1199000
7,4797,250,1851.3583984375,7.405433654785156,2.7584078311920166,0.050000011920928955,1199250
7,4798,250,1877.338134765625,7.509352684020996,2.7818617820739746,0.050000011920928955,1199500
7,4799,250,1820.4832763671875,7.281933307647705,2.5649216175079346,0.050000011920928955,1199750
7,4800,250,1840.7862548828125,7.363144874572754,2.6570725440979004,0.050000011920928955,1200000
7,4801,250,1923.2032470703125,7.692812919616699,2.695592164993286,0.050000011920928955,1200250
7,4802,250,1909.6041259765625,7.638416290283203,2.5589957237243652,0.050000011920928955,1200500
7,4803,250,1887.527099609375,7.550108432769775,2.6693761348724365,0.050000011920928955,1200750
7,4804,250,1909.855712890625,7.63942289352417,2.6570260524749756,0.050000011920928955,1201000
7,4805,250,1888.044677734375,7.552178859710693,2.5393993854522705,0.050000011920928955,1201250
7,4806,250,1963.0770263671875,7.85230827331543,2.740079641342163,0.050000011920928955,1201500
7,4807,250,1537.9248046875,6.151699066162109,2.830940008163452,0.050000011920928955,1201750
7,4808,250,1803.7103271484375,7.214841365814209,2.7660722732543945,0.050000011920928955,1202000
7,4809,250,3.3970189094543457,0.013588075526058674,3.033968448638916,0.050000011920928955,1202250
7,4810,250,49.55558395385742,0.1982223391532898,2.954803705215454,0.050000011920928955,1202500
7,4811,250,1857.899658203125,7.431598663330078,3.2103271484375,0.050000011920928955,1202750
7,4812,250,1884.066162109375,7.536264419555664,3.1501176357269287,0.050000011920928955,1203000
7,4813,250,1928.1009521484375,7.712403774261475,3.388758659362793,0.050000011920928955,1203250
7,4814,250,1880.8907470703125,7.523562908172607,3.06289005279541,0.050000011920928955,1203500
7,4815,250,1880.197265625,7.52078914642334,2.7712302207946777,0.050000011920928955,1203750
7,4816,250,1874.619873046875,7.49847936630249,2.876431703567505,0.050000011920928955,1204000
7,4817,250,1964.4840087890625,7.857935905456543,2.783888101577759,0.050000011920928955,1204250
7,4818,250,1936.2640380859375,7.74505615234375,2.8533215522766113,0.050000011920928955,1204500
7,4819,250,1953.5771484375,7.8143086433410645,2.835193157196045,0.050000011920928955,1204750
7,4820,250,1950.134033203125,7.800536155700684,2.771336555480957,0.050000011920928955,1205000
7,4821,250,-15.670982360839844,-0.06268393248319626,2.921424150466919,0.050000011920928955,1205250
7,4822,250,-16.71538734436035,-0.06686154752969742,3.1396913528442383,0.050000011920928955,1205500
7,4823,250,2009.853515625,8.039414405822754,3.3403704166412354,0.050000011920928955,1205750
7,4824,250,1962.3876953125,7.849550724029541,3.211094617843628,0.050000011920928955,1206000
7,4825,250,1939.7540283203125,7.759016036987305,3.4790754318237305,0.050000011920928955,1206250
7,4826,250,1717.2852783203125,6.869141101837158,3.3380298614501953,0.050000011920928955,1206500
7,4827,250,1964.2086181640625,7.856834411621094,3.572587490081787,0.050000011920928955,1206750
7,4828,250,1917.716552734375,7.670866012573242,3.3049676418304443,0.050000011920928955,1207000
7,4829,250,1946.331787109375,7.785326957702637,3.2326371669769287,0.050000011920928955,1207250
7,4830,250,1854.3365478515625,7.417346000671387,3.1768548488616943,0.050000011920928955,1207500
7,4831,250,1932.0589599609375,7.728235721588135,3.2514991760253906,0.050000011920928955,1207750
7,4832,250,1895.3994140625,7.581597805023193,3.1787116527557373,0.050000011920928955,1208000
7,4833,250,208.50112915039062,0.8340045213699341,3.374221086502075,0.050000011920928955,1208250
7,4834,250,1740.92138671875,6.963685512542725,3.2730867862701416,0.050000011920928955,1208500
7,4835,250,1961.5008544921875,7.846003532409668,3.087301731109619,0.050000011920928955,1208750
7,4836,250,1718.099609375,6.872398376464844,3.298733711242676,0.050000011920928955,1209000
7,4837,250,1877.20654296875,7.50882625579834,3.202754259109497,0.050000011920928955,1209250
7,4838,250,1326.26806640625,5.30507230758667,3.189666748046875,0.050000011920928955,1209500
7,4839,250,1919.381103515625,7.677524566650391,3.5286753177642822,0.050000011920928955,1209750
7,4840,250,1866.1622314453125,7.464648723602295,3.477339744567871,0.050000011920928955,1210000
7,4841,250,1728.55517578125,6.914220809936523,3.731684684753418,0.050000011920928955,1210250
7,4842,250,1763.135009765625,7.052539825439453,3.696133613586426,0.050000011920928955,1210500
7,4843,250,1966.7032470703125,7.8668131828308105,3.451850414276123,0.050000011920928955,1210750
7,4844,250,1802.390869140625,7.209563255310059,3.453705072402954,0.050000011920928955,1211000
7,4845,250,1712.476806640625,6.849907398223877,3.5996286869049072,0.050000011920928955,1211250
7,4846,250,1740.725341796875,6.962901592254639,3.7530808448791504,0.050000011920928955,1211500
7,4847,250,1733.7236328125,6.934894561767578,3.7481915950775146,0.050000011920928955,1211750
7,4848,250,1772.317138671875,7.089268684387207,3.6523756980895996,0.050000011920928955,1212000
7,4849,250,1809.2945556640625,7.237178325653076,3.778594970703125,0.050000011920928955,1212250
7,4850,250,1694.643798828125,6.778575420379639,3.5824637413024902,0.050000011920928955,1212500
7,4851,250,1439.8309326171875,5.759323596954346,3.305152416229248,0.050000011920928955,1212750
7,4852,250,1551.7913818359375,6.207165718078613,3.1428298950195312,0.050000011920928955,1213000
7,4853,250,1709.47314453125,6.837892532348633,3.283860206604004,0.050000011920928955,1213250
7,4854,250,1679.83837890625,6.719353675842285,3.3797385692596436,0.050000011920928955,1213500
7,4855,250,1621.5789794921875,6.486315727233887,3.2350943088531494,0.050000011920928955,1213750
7,4856,250,1496.55029296875,5.986201286315918,3.267418384552002,0.050000011920928955,1214000
7,4857,250,1739.7979736328125,6.959191799163818,3.3183438777923584,0.050000011920928955,1214250
7,4858,250,1681.5379638671875,6.726151943206787,3.3201069831848145,0.050000011920928955,1214500
7,4859,250,1942.835205078125,7.771340847015381,3.330540418624878,0.050000011920928955,1214750
7,4860,250,1736.16259765625,6.944650173187256,3.141663074493408,0.050000011920928955,1215000
7,4861,250,1749.147705078125,6.996590614318848,3.3777952194213867,0.050000011920928955,1215250
7,4862,250,1770.50341796875,7.0820136070251465,2.9446053504943848,0.050000011920928955,1215500
7,4863,250,1760.9986572265625,7.043994426727295,3.00460147857666,0.050000011920928955,1215750
7,4864,250,1712.0843505859375,6.848337173461914,2.763962745666504,0.050000011920928955,1216000
7,4865,250,1724.0078125,6.896031379699707,2.9918954372406006,0.050000011920928955,1216250
7,4866,250,1565.132568359375,6.260530471801758,2.96132230758667,0.050000011920928955,1216500
7,4867,250,1766.146484375,7.064586162567139,2.8167216777801514,0.050000011920928955,1216750
7,4868,250,1741.612548828125,6.966450214385986,2.869842767715454,0.050000011920928955,1217000
7,4869,250,1615.323486328125,6.461294174194336,3.070094108581543,0.050000011920928955,1217250
7,4870,250,1737.605712890625,6.950422763824463,2.9151790142059326,0.050000011920928955,1217500
7,4871,250,1838.49462890625,7.353978633880615,2.8151402473449707,0.050000011920928955,1217750
7,4872,250,1659.1640625,6.636656284332275,2.779379367828369,0.050000011920928955,1218000
7,4873,250,1932.03564453125,7.728142738342285,2.9231107234954834,0.050000011920928955,1218250
7,4874,250,1877.1160888671875,7.508464336395264,2.834414005279541,0.050000011920928955,1218500
7,4875,250,1699.0120849609375,6.796048164367676,2.7284018993377686,0.050000011920928955,1218750
7,4876,250,1992.8133544921875,7.971253395080566,2.7213222980499268,0.050000011920928955,1219000
7,4877,250,32.60276412963867,0.1304110586643219,2.8984880447387695,0.050000011920928955,1219250
7,4878,250,1802.753173828125,7.211012840270996,2.9553394317626953,0.050000011920928955,1219500
7,4879,250,1873.1552734375,7.492620944976807,2.9767937660217285,0.050000011920928955,1219750
7,4880,250,1894.448486328125,7.577794075012207,2.712101936340332,0.050000011920928955,1220000
7,4881,250,1830.2197265625,7.320878982543945,3.0414276123046875,0.050000011920928955,1220250
7,4882,250,1896.7645263671875,7.587058067321777,2.937291383743286,0.050000011920928955,1220500
7,4883,250,1864.7308349609375,7.45892333984375,3.047171115875244,0.050000011920928955,1220750
7,4884,250,1733.6278076171875,6.934511184692383,3.231710910797119,0.050000011920928955,1221000
7,4885,250,1889.96826171875,7.559873104095459,3.093433141708374,0.050000011920928955,1221250
7,4886,250,-15.551980972290039,-0.06220792233943939,3.254460096359253,0.050000011920928955,1221500
7,4887,250,1843.485595703125,7.3739423751831055,3.295769691467285,0.050000011920928955,1221750
7,4888,250,1841.103759765625,7.364415168762207,3.2643511295318604,0.050000011920928955,1222000
7,4889,250,1837.26953125,7.349078178405762,3.4982221126556396,0.050000011920928955,1222250
7,4890,250,-23.01921844482422,-0.092076875269413,3.716575860977173,0.050000011920928955,1222500
7,4891,250,1933.8616943359375,7.735446929931641,3.451904296875,0.050000011920928955,1222750
7,4892,250,878.3798828125,3.513519525527954,3.5839788913726807,0.050000011920928955,1223000
7,4893,250,2009.890625,8.039562225341797,3.863966226577759,0.050000011920928955,1223250
7,4894,250,916.1078491210938,3.66443133354187,3.732818126678467,0.050000011920928955,1223500
7,4895,250,1886.02978515625,7.544119358062744,3.846297025680542,0.050000011920928955,1223750
7,4896,250,1893.924072265625,7.5756964683532715,3.7219598293304443,0.050000011920928955,1224000
7,4897,250,1944.7374267578125,7.778949737548828,3.827497720718384,0.050000011920928955,1224250
7,4898,250,1897.9813232421875,7.591925144195557,4.028876781463623,0.050000011920928955,1224500
7,4899,250,1905.131591796875,7.620526313781738,3.635650157928467,0.050000011920928955,1224750
7,4900,250,1898.015625,7.592062473297119,3.5620083808898926,0.050000011920928955,1225000
7,4901,250,-11.6644287109375,-0.04665771499276161,3.7221598625183105,0.050000011920928955,1225250
7,4902,250,1779.206298828125,7.116825103759766,4.094938278198242,0.050000011920928955,1225500
7,4903,250,1979.6142578125,7.91845703125,3.930483102798462,0.050000011920928955,1225750
7,4904,250,1712.237548828125,6.848950386047363,3.879608392715454,0.050000011920928955,1226000
7,4905,250,1936.2119140625,7.744847774505615,3.983428716659546,0.050000011920928955,1226250
7,4906,250,1887.18310546875,7.548732280731201,4.164540767669678,0.050000011920928955,1226500
7,4907,250,1911.4752197265625,7.645900726318359,4.078696250915527,0.050000011920928955,1226750
7,4908,250,1906.93798828125,7.62775182723999,4.101799488067627,0.050000011920928955,1227000
7,4909,250,1686.0184326171875,6.744073867797852,4.005361557006836,0.050000011920928955,1227250
7,4910,250,1943.3350830078125,7.773340225219727,3.994809150695801,0.050000011920928955,1227500
7,4911,250,1924.837158203125,7.699348449707031,4.233963489532471,0.050000011920928955,1227750
7,4912,250,1767.364990234375,7.069459915161133,3.756925582885742,0.050000011920928955,1228000
7,4913,250,1770.160888671875,7.080643653869629,3.8052589893341064,0.050000011920928955,1228250
7,4914,250,1735.93505859375,6.943740367889404,3.986294746398926,0.050000011920928955,1228500
7,4915,250,1958.1455078125,7.832581996917725,3.9517409801483154,0.050000011920928955,1228750
7,4916,250,1595.5738525390625,6.382295608520508,4.108893394470215,0.050000011920928955,1229000
7,4917,250,1823.734130859375,7.294936656951904,3.9345152378082275,0.050000011920928955,1229250
7,4918,250,1895.771484375,7.583086013793945,3.6212751865386963,0.050000011920928955,1229500
7,4919,250,1333.9708251953125,5.335883140563965,3.660501480102539,0.050000011920928955,1229750
7,4920,250,1909.869384765625,7.639477729797363,3.5642294883728027,0.050000011920928955,1230000
7,4921,250,1908.9119873046875,7.635647773742676,3.9038970470428467,0.050000011920928955,1230250
7,4922,250,42.46138381958008,0.16984553635120392,4.042075157165527,0.050000011920928955,1230500
7,4923,250,1832.9342041015625,7.331737041473389,4.019876480102539,0.050000011920928955,1230750
7,4924,250,1891.047119140625,7.564188480377197,3.763956069946289,0.050000011920928955,1231000
7,4925,250,1884.052490234375,7.536210060119629,4.128293991088867,0.050000011920928955,1231250
7,4926,250,31.56522560119629,0.126260906457901,3.870166301727295,0.050000011920928955,1231500
7,4927,250,122.76673126220703,0.49106693267822266,3.9815433025360107,0.050000011920928955,1231750
7,4928,250,1830.950927734375,7.323803901672363,3.994372844696045,0.050000011920928955,1232000
7,4929,250,-19.161231994628906,-0.07664492726325989,4.331417083740234,0.050000011920928955,1232250
7,4930,250,350.7876892089844,1.4031507968902588,4.492732524871826,0.050000011920928955,1232500
7,4931,250,1836.783447265625,7.347133636474609,4.47804069519043,0.050000011920928955,1232750
7,4932,250,66.36231231689453,0.26544925570487976,4.568516254425049,0.050000011920928955,1233000
7,4933,250,93.57313537597656,0.3742925524711609,4.830208778381348,0.050000011920928955,1233250
7,4934,250,1879.196044921875,7.516784191131592,4.9498796463012695,0.050000011920928955,1233500
7,4935,250,1070.474365234375,4.28189754486084,4.70489501953125,0.050000011920928955,1233750
7,4936,250,54.157997131347656,0.21663199365139008,4.971881866455078,0.050000011920928955,1234000
7,4937,250,1796.3797607421875,7.185519218444824,5.333649635314941,0.050000011920928955,1234250
7,4938,250,1913.26220703125,7.653048992156982,5.449947357177734,0.050000011920928955,1234500
7,4939,250,1315.9173583984375,5.263669490814209,5.264327049255371,0.050000011920928955,1234750
7,4940,250,-39.59053421020508,-0.15836213529109955,5.332584857940674,0.050000011920928955,1235000
7,4941,250,1993.228759765625,7.972915172576904,5.347480297088623,0.050000011920928955,1235250
7,4942,250,1928.314697265625,7.713258743286133,4.916657447814941,0.050000011920928955,1235500
7,4943,250,1891.049560546875,7.564198017120361,4.890679836273193,0.050000011920928955,1235750
7,4944,250,1891.20751953125,7.564830303192139,4.762831211090088,0.050000011920928955,1236000
7,4945,250,1863.729248046875,7.454916954040527,4.563853740692139,0.050000011920928955,1236250
7,4946,250,1488.5374755859375,5.9541497230529785,4.598675727844238,0.050000011920928955,1236500
7,4947,250,1871.5338134765625,7.486135482788086,4.47773551940918,0.050000011920928955,1236750
7,4948,250,1898.84912109375,7.595396518707275,4.665362358093262,0.050000011920928955,1237000
7,4949,250,1852.3209228515625,7.409283638000488,4.643428325653076,0.050000011920928955,1237250
7,4950,250,2040.9906005859375,8.163962364196777,4.745048999786377,0.050000011920928955,1237500
7,4951,250,1851.2066650390625,7.404826641082764,4.511845588684082,0.050000011920928955,1237750
7,4952,250,1900.766357421875,7.603065490722656,4.7006449699401855,0.050000011920928955,1238000
7,4953,250,1909.0174560546875,7.6360697746276855,4.435733795166016,0.050000011920928955,1238250
7,4954,250,1879.3197021484375,7.517278671264648,4.514456748962402,0.050000011920928955,1238500
7,4955,250,1950.4139404296875,7.8016557693481445,4.354207515716553,0.050000011920928955,1238750
7,4956,250,1887.67578125,7.550703048706055,4.128995895385742,0.050000011920928955,1239000
7,4957,250,1920.922607421875,7.683690547943115,4.533097267150879,0.050000011920928955,1239250
7,4958,250,999.66015625,3.998640537261963,4.752767086029053,0.050000011920928955,1239500
7,4959,250,1892.8043212890625,7.571217060089111,4.126560211181641,0.050000011920928955,1239750
7,4960,250,1915.625732421875,7.662502765655518,4.521590232849121,0.050000011920928955,1240000
7,4961,250,1892.875244140625,7.571500778198242,4.521685600280762,0.050000011920928955,1240250
7,4962,250,1944.82421875,7.779296875,4.362837314605713,0.050000011920928955,1240500
7,4963,250,76.31961059570312,0.3052784502506256,4.012197017669678,0.050000011920928955,1240750
7,4964,250,21.829421997070312,0.08731769025325775,4.461302280426025,0.050000011920928955,1241000
7,4965,250,31.279809951782227,0.12511923909187317,4.860659599304199,0.050000011920928955,1241250
7,4966,250,1862.045166015625,7.448180675506592,4.888762950897217,0.050000011920928955,1241500
7,4967,250,1893.1788330078125,7.5727152824401855,4.75894832611084,0.050000011920928955,1241750
7,4968,250,1417.73388671875,5.67093563079834,4.359851360321045,0.050000011920928955,1242000
7,4969,250,1885.7142333984375,7.5428571701049805,4.83322286605835,0.050000011920928955,1242250
7,4970,250,1919.366943359375,7.6774678230285645,4.5549821853637695,0.050000011920928955,1242500
7,4971,250,21.728233337402344,0.08691293001174927,4.1645121574401855,0.050000011920928955,1242750
7,4972,250,1929.6842041015625,7.71873664855957,4.658163070678711,0.050000011920928955,1243000
7,4973,250,1838.7447509765625,7.354979038238525,4.443593978881836,0.050000011920928955,1243250
7,4974,250,1902.710205078125,7.610840797424316,4.290772914886475,0.050000011920928955,1243500
7,4975,250,1949.5533447265625,7.798213481903076,3.842531204223633,0.050000011920928955,1243750
7,4976,250,1937.4632568359375,7.749853134155273,3.7034082412719727,0.050000011920928955,1244000
7,4977,250,1842.3155517578125,7.369262218475342,3.7675726413726807,0.050000011920928955,1244250
7,4978,250,1736.5166015625,6.946066379547119,3.8226895332336426,0.050000011920928955,1244500
7,4979,250,1707.721923828125,6.830887794494629,3.536088228225708,0.050000011920928955,1244750
7,4980,250,1681.9752197265625,6.727900981903076,3.3741414546966553,0.050000011920928955,1245000
7,4981,250,1758.2640380859375,7.033056259155273,3.3105380535125732,0.050000011920928955,1245250
7,4982,250,1331.172119140625,5.32468843460083,3.257406711578369,0.050000011920928955,1245500
7,4983,250,1588.3388671875,6.353355407714844,3.208043336868286,0.050000011920928955,1245750
7,4984,250,1884.364013671875,7.537456035614014,3.233905553817749,0.050000011920928955,1246000
7,4985,250,1741.8377685546875,6.967350959777832,3.3390262126922607,0.050000011920928955,1246250
7,4986,250,917.5298461914062,3.670119285583496,3.3513376712799072,0.050000011920928955,1246500
7,4987,250,1928.1048583984375,7.712419509887695,3.4508817195892334,0.050000011920928955,1246750
7,4988,250,1844.03759765625,7.376150608062744,3.306318759918213,0.050000011920928955,1247000
7,4989,250,1747.7646484375,6.991058826446533,3.625654458999634,0.050000011920928955,1247250
7,4990,250,1742.65087890625,6.9706034660339355,3.4681637287139893,0.050000011920928955,1247500
7,4991,250,1698.86962890625,6.795478343963623,3.5485177040100098,0.050000011920928955,1247750
7,4992,250,1764.6944580078125,7.058777809143066,3.582336187362671,0.050000011920928955,1248000
7,4993,250,1368.019775390625,5.472079277038574,3.7597973346710205,0.050000011920928955,1248250
7,4994,250,-4.9252028465271,-0.01970081217586994,3.575432777404785,0.050000011920928955,1248500
7,4995,250,1757.9989013671875,7.03199577331543,3.6269500255584717,0.050000011920928955,1248750
7,4996,250,1777.3447265625,7.109378814697266,3.5805418491363525,0.050000011920928955,1249000
7,4997,250,1558.3505859375,6.233402252197266,3.9315025806427,0.050000011920928955,1249250
7,4998,250,-3.4198877811431885,-0.01367955096065998,3.7553517818450928,0.050000011920928955,1249500
7,4999,250,1774.7674560546875,7.099069595336914,3.8332343101501465,0.050000011920928955,1249750
7,5000,250,1806.902099609375,7.2276082038879395,3.7381837368011475,0.050000011920928955,1250000
7,5001,250,1782.3193359375,7.129277229309082,3.8849995136260986,0.050000011920928955,1250250
7,5002,250,1920.003662109375,7.680014610290527,3.9441866874694824,0.050000011920928955,1250500
7,5003,250,1817.353759765625,7.269414901733398,3.902495861053467,0.050000011920928955,1250750
7,5004,250,1708.8919677734375,6.835567951202393,3.682040214538574,0.050000011920928955,1251000
7,5005,250,1767.74072265625,7.070962905883789,3.755847454071045,0.050000011920928955,1251250
7,5006,250,1622.723876953125,6.4908952713012695,3.6579222679138184,0.050000011920928955,1251500
7,5007,250,1616.8238525390625,6.4672956466674805,3.472503185272217,0.050000011920928955,1251750
7,5008,250,1774.56201171875,7.09824800491333,3.359712839126587,0.050000011920928955,1252000
7,5009,250,1773.71728515625,7.094869136810303,3.4233386516571045,0.050000011920928955,1252250
7,5010,250,1781.337890625,7.125351428985596,3.5071308612823486,0.050000011920928955,1252500
7,5011,250,1615.1781005859375,6.460712432861328,3.3429248332977295,0.050000011920928955,1252750
7,5012,250,1490.375,5.96150016784668,3.0366199016571045,0.050000011920928955,1253000
7,5013,250,1756.915771484375,7.027663230895996,3.108304977416992,0.050000011920928955,1253250
7,5014,250,1326.90380859375,5.307615280151367,3.2531485557556152,0.050000011920928955,1253500
7,5015,250,1729.0325927734375,6.916130542755127,3.118934154510498,0.050000011920928955,1253750
7,5016,250,1614.891357421875,6.45956563949585,3.090402126312256,0.050000011920928955,1254000
7,5017,250,1399.31396484375,5.597255706787109,3.3701043128967285,0.050000011920928955,1254250
7,5018,250,1526.267333984375,6.105069160461426,3.050022840499878,0.050000011920928955,1254500
7,5019,250,1428.0833740234375,5.712333679199219,3.084322452545166,0.050000011920928955,1254750
7,5020,250,1816.817138671875,7.267268657684326,3.2478275299072266,0.050000011920928955,1255000
7,5021,250,1811.979248046875,7.247917175292969,3.25740909576416,0.050000011920928955,1255250
7,5022,250,1540.239501953125,6.1609578132629395,3.3563895225524902,0.050000011920928955,1255500
7,5023,250,1720.02587890625,6.880103588104248,3.103053092956543,0.050000011920928955,1255750
7,5024,250,1678.81396484375,6.7152557373046875,2.902355670928955,0.050000011920928955,1256000
7,5025,250,1826.8199462890625,7.307279586791992,3.261974334716797,0.050000011920928955,1256250
7,5026,250,1260.840087890625,5.043360233306885,3.092771530151367,0.050000011920928955,1256500
7,5027,250,1896.448974609375,7.585795879364014,3.0520427227020264,0.050000011920928955,1256750
7,5028,250,1021.9794921875,4.087917804718018,2.988574266433716,0.050000011920928955,1257000
7,5029,250,1695.064208984375,6.780256748199463,3.334926128387451,0.050000011920928955,1257250
7,5030,250,1929.8853759765625,7.719541549682617,3.0818967819213867,0.050000011920928955,1257500
7,5031,250,1832.3804931640625,7.329522132873535,3.160717010498047,0.050000011920928955,1257750
7,5032,250,1684.5606689453125,6.7382426261901855,2.9253039360046387,0.050000011920928955,1258000
7,5033,250,1563.448486328125,6.253793716430664,3.211839199066162,0.050000011920928955,1258250
7,5034,250,1934.24365234375,7.736974716186523,3.2227783203125,0.050000011920928955,1258500
7,5035,250,1961.6300048828125,7.846519947052002,2.834294319152832,0.050000011920928955,1258750
7,5036,250,1923.082275390625,7.692328929901123,2.878871440887451,0.050000011920928955,1259000
7,5037,250,1828.723388671875,7.31489372253418,2.9230294227600098,0.050000011920928955,1259250
7,5038,250,49.43222427368164,0.19772890210151672,3.094968795776367,0.050000011920928955,1259500
7,5039,250,1961.7161865234375,7.846864700317383,3.0028841495513916,0.050000011920928955,1259750
7,5040,250,1952.734619140625,7.810938358306885,2.94746732711792,0.050000011920928955,1260000
7,5041,250,1914.57177734375,7.658287048339844,3.1771271228790283,0.050000011920928955,1260250
7,5042,250,1394.210205078125,5.576840877532959,2.967452049255371,0.050000011920928955,1260500
7,5043,250,1878.031982421875,7.512127876281738,2.8925178050994873,0.050000011920928955,1260750
7,5044,250,117.90602111816406,0.47162407636642456,3.1546053886413574,0.050000011920928955,1261000
7,5045,250,1860.141845703125,7.440567493438721,3.484196424484253,0.050000011920928955,1261250
7,5046,250,1745.3994140625,6.981597423553467,3.5428450107574463,0.050000011920928955,1261500
7,5047,250,1764.319580078125,7.057278156280518,3.2729365825653076,0.050000011920928955,1261750
7,5048,250,1773.185791015625,7.092743396759033,3.2795827388763428,0.050000011920928955,1262000
7,5049,250,1750.4683837890625,7.00187349319458,3.438316583633423,0.050000011920928955,1262250
7,5050,250,1858.1016845703125,7.432406902313232,3.253077983856201,0.050000011920928955,1262500
7,5051,250,1782.269287109375,7.129076957702637,3.2798993587493896,0.050000011920928955,1262750
7,5052,250,1783.118408203125,7.132473468780518,3.16196608543396,0.050000011920928955,1263000
7,5053,250,1865.7681884765625,7.463072776794434,3.084285259246826,0.050000011920928955,1263250
7,5054,250,1181.798828125,4.7271952629089355,3.12151837348938,0.050000011920928955,1263500
7,5055,250,1903.5823974609375,7.614329814910889,3.399669885635376,0.050000011920928955,1263750
7,5056,250,1916.4228515625,7.665691375732422,3.251929521560669,0.050000011920928955,1264000
7,5057,250,1914.35107421875,7.65740442276001,3.282078504562378,0.050000011920928955,1264250
7,5058,250,1729.784423828125,6.919137477874756,3.2372639179229736,0.050000011920928955,1264500
7,5059,250,1522.2764892578125,6.08910608291626,3.2728607654571533,0.050000011920928955,1264750
7,5060,250,1808.749267578125,7.234997272491455,3.375868558883667,0.050000011920928955,1265000
7,5061,250,1142.7322998046875,4.570929050445557,3.2815773487091064,0.050000011920928955,1265250
7,5062,250,1639.3994140625,6.557597637176514,3.1943764686584473,0.050000011920928955,1265500
7,5063,250,1887.4892578125,7.549956798553467,3.235445976257324,0.050000011920928955,1265750
7,5064,250,1908.8172607421875,7.6352691650390625,3.1360113620758057,0.050000011920928955,1266000
7,5065,250,1892.4779052734375,7.569911479949951,3.2452244758605957,0.050000011920928955,1266250
7,5066,250,1587.1888427734375,6.348755359649658,3.163085460662842,0.050000011920928955,1266500
7,5067,250,1922.5234375,7.690093517303467,3.076282024383545,0.050000011920928955,1266750
7,5068,250,1790.15625,7.160624980926514,3.010891914367676,0.050000011920928955,1267000
7,5069,250,1917.787841796875,7.671151161193848,3.1938791275024414,0.050000011920928955,1267250
7,5070,250,1908.370849609375,7.633483409881592,3.1297338008880615,0.050000011920928955,1267500
7,5071,250,1824.9979248046875,7.299991607666016,3.2229645252227783,0.050000011920928955,1267750
7,5072,250,1883.063720703125,7.532254695892334,2.955469846725464,0.050000011920928955,1268000
7,5073,250,1906.6129150390625,7.62645149230957,3.0897321701049805,0.050000011920928955,1268250
7,5074,250,1875.4530029296875,7.501811981201172,3.0615925788879395,0.050000011920928955,1268500
7,5075,250,1883.08935546875,7.532357215881348,2.9194421768188477,0.050000011920928955,1268750
7,5076,250,1901.4058837890625,7.605623722076416,3.0001955032348633,0.050000011920928955,1269000
7,5077,250,1920.845703125,7.683382987976074,3.1813745498657227,0.050000011920928955,1269250
7,5078,250,1890.9847412109375,7.563939094543457,2.882347345352173,0.050000011920928955,1269500
7,5079,250,1827.3109130859375,7.309243679046631,3.0500550270080566,0.050000011920928955,1269750
7,5080,250,1889.29541015625,7.5571818351745605,2.807612419128418,0.050000011920928955,1270000
7,5081,250,1859.5126953125,7.438050746917725,2.925489664077759,0.050000011920928955,1270250
7,5082,250,35.76348876953125,0.14305394887924194,2.869668960571289,0.050000011920928955,1270500
7,5083,250,1493.5584716796875,5.974234104156494,2.9279651641845703,0.050000011920928955,1270750
7,5084,250,83.33507537841797,0.33334028720855713,2.8656325340270996,0.050000011920928955,1271000
7,5085,250,1525.4696044921875,6.101878643035889,3.024388313293457,0.050000011920928955,1271250
7,5086,250,1914.69482421875,7.658779144287109,3.0121564865112305,0.050000011920928955,1271500
7,5087,250,1870.510498046875,7.482041835784912,2.914069652557373,0.050000011920928955,1271750
7,5088,250,57.79148864746094,0.23116596043109894,2.9851794242858887,0.050000011920928955,1272000
7,5089,250,63.63804626464844,0.2545521855354309,3.5259852409362793,0.050000011920928955,1272250
7,5090,250,1823.1737060546875,7.292695045471191,3.4102659225463867,0.050000011920928955,1272500
7,5091,250,50.7935676574707,0.20317426323890686,3.455976724624634,0.050000011920928955,1272750
7,5092,250,70.6754379272461,0.2827017605304718,3.694033145904541,0.050000011920928955,1273000
7,5093,250,82.39189910888672,0.3295676112174988,4.157308101654053,0.050000011920928955,1273250
7,5094,250,466.24188232421875,1.8649675846099854,3.9328229427337646,0.050000011920928955,1273500
7,5095,250,1876.34619140625,7.505384922027588,3.8192946910858154,0.050000011920928955,1273750
7,5096,250,1926.1416015625,7.704566478729248,3.8613405227661133,0.050000011920928955,1274000
7,5097,250,1852.9083251953125,7.411633491516113,4.49815559387207,0.050000011920928955,1274250
7,5098,250,1729.7330322265625,6.91893196105957,4.203442096710205,0.050000011920928955,1274500
7,5099,250,1806.280029296875,7.2251200675964355,3.9689857959747314,0.050000011920928955,1274750
7,5100,250,1929.596435546875,7.718385696411133,3.8176443576812744,0.050000011920928955,1275000
7,5101,250,1465.52587890625,5.862103462219238,4.159942150115967,0.050000011920928955,1275250
7,5102,250,916.045654296875,3.664182662963867,4.145883083343506,0.050000011920928955,1275500
7,5103,250,1754.8240966796875,7.019296169281006,4.0575995445251465,0.050000011920928955,1275750
7,5104,250,1859.0013427734375,7.436005592346191,4.090076923370361,0.050000011920928955,1276000
7,5105,250,1930.272216796875,7.721088886260986,4.525270938873291,0.050000011920928955,1276250
7,5106,250,1903.346923828125,7.613387584686279,4.240785121917725,0.050000011920928955,1276500
7,5107,250,1748.66015625,6.994640827178955,4.080385208129883,0.050000011920928955,1276750
7,5108,250,1923.275634765625,7.6931023597717285,4.1147942543029785,0.050000011920928955,1277000
7,5109,250,1896.830078125,7.587320327758789,4.326585292816162,0.050000011920928955,1277250
7,5110,250,1875.588134765625,7.502352714538574,4.242186069488525,0.050000011920928955,1277500
7,5111,250,1898.67724609375,7.5947089195251465,4.2691473960876465,0.050000011920928955,1277750
7,5112,250,1762.064697265625,7.0482587814331055,4.198831558227539,0.050000011920928955,1278000
7,5113,250,1814.941650390625,7.259766578674316,4.428584575653076,0.050000011920928955,1278250
7,5114,250,1891.95068359375,7.567802906036377,4.455129623413086,0.050000011920928955,1278500
7,5115,250,1916.1307373046875,7.664523124694824,4.265662670135498,0.050000011920928955,1278750
7,5116,250,1776.42431640625,7.105697154998779,4.424973487854004,0.050000011920928955,1279000
7,5117,250,1602.4150390625,6.409660339355469,4.461947917938232,0.050000011920928955,1279250
7,5118,250,1850.5435791015625,7.402174472808838,4.424345970153809,0.050000011920928955,1279500
7,5119,250,1745.1859130859375,6.980743885040283,4.378905773162842,0.050000011920928955,1279750
7,5120,250,1901.281982421875,7.605127811431885,4.386478900909424,0.050000011920928955,1280000
7,5121,250,1789.54345703125,7.15817403793335,4.499197006225586,0.050000011920928955,1280250
7,5122,250,1861.68212890625,7.446728706359863,4.345760822296143,0.050000011920928955,1280500
7,5123,250,1683.373046875,6.733492374420166,3.820072650909424,0.050000011920928955,1280750
7,5124,250,1877.316162109375,7.5092644691467285,4.041668891906738,0.050000011920928955,1281000
7,5125,250,1851.3963623046875,7.405585289001465,3.9261114597320557,0.050000011920928955,1281250
7,5126,250,1697.9410400390625,6.791764259338379,4.164997100830078,0.050000011920928955,1281500
7,5127,250,1643.09521484375,6.572381019592285,4.0869035720825195,0.050000011920928955,1281750
7,5128,250,1722.407958984375,6.889631748199463,3.8652665615081787,0.050000011920928955,1282000
7,5129,250,1384.967041015625,5.539868354797363,4.1102471351623535,0.050000011920928955,1282250
7,5130,250,1673.9974365234375,6.695989608764648,3.7879767417907715,0.050000011920928955,1282500
7,5131,250,1661.1182861328125,6.644473075866699,3.729116916656494,0.050000011920928955,1282750
7,5132,250,1841.781494140625,7.367125988006592,3.2737648487091064,0.050000011920928955,1283000
7,5133,250,1839.8037109375,7.359214782714844,3.4211459159851074,0.050000011920928955,1283250
7,5134,250,1877.28125,7.509125232696533,2.9812543392181396,0.050000011920928955,1283500
7,5135,250,1676.3956298828125,6.705582618713379,2.8833420276641846,0.050000011920928955,1283750
7,5136,250,1862.149169921875,7.448596477508545,2.8470265865325928,0.050000011920928955,1284000
7,5137,250,1923.8438720703125,7.695375442504883,3.1924495697021484,0.050000011920928955,1284250
7,5138,250,1856.8681640625,7.4274725914001465,2.8403432369232178,0.050000011920928955,1284500
7,5139,250,1910.881103515625,7.643524646759033,3.0002291202545166,0.050000011920928955,1284750
7,5140,250,1883.428466796875,7.5337138175964355,2.7688663005828857,0.050000011920928955,1285000
7,5141,250,80.3161392211914,0.3212645649909973,3.2223379611968994,0.050000011920928955,1285250
7,5142,250,1772.2506103515625,7.08900260925293,3.056412935256958,0.050000011920928955,1285500
7,5143,250,1867.8568115234375,7.4714274406433105,2.755476951599121,0.050000011920928955,1285750
7,5144,250,64.23662567138672,0.25694650411605835,2.83017635345459,0.050000011920928955,1286000
7,5145,250,1877.2137451171875,7.508854866027832,3.2817208766937256,0.050000011920928955,1286250
7,5146,250,1925.3336181640625,7.701334476470947,3.4334115982055664,0.050000011920928955,1286500
7,5147,250,1789.7271728515625,7.158908843994141,3.3461203575134277,0.050000011920928955,1286750
7,5148,250,1668.05908203125,6.672236442565918,3.3498849868774414,0.050000011920928955,1287000
7,5149,250,1873.737548828125,7.494950294494629,3.4806759357452393,0.050000011920928955,1287250
7,5150,250,1813.04443359375,7.252177715301514,3.443122386932373,0.050000011920928955,1287500
7,5151,250,1843.35546875,7.373421669006348,3.202759027481079,0.050000011920928955,1287750
7,5152,250,1609.794921875,6.43917989730835,3.358454465866089,0.050000011920928955,1288000
7,5153,250,1905.835205078125,7.623340606689453,3.499457597732544,0.050000011920928955,1288250
7,5154,250,86.62577819824219,0.3465031087398529,3.5094997882843018,0.050000011920928955,1288500
7,5155,250,1843.55908203125,7.374236106872559,3.5499155521392822,0.050000011920928955,1288750
7,5156,250,1596.6163330078125,6.386465549468994,3.609844446182251,0.050000011920928955,1289000
7,5157,250,1758.545654296875,7.034182548522949,3.7150821685791016,0.050000011920928955,1289250
7,5158,250,1883.77490234375,7.535099506378174,3.689450263977051,0.050000011920928955,1289500
7,5159,250,1888.3740234375,7.55349588394165,3.4665727615356445,0.050000011920928955,1289750
7,5160,250,1911.7596435546875,7.647038459777832,3.7003862857818604,0.050000011920928955,1290000
7,5161,250,1863.72607421875,7.454904079437256,3.738335132598877,0.050000011920928955,1290250
7,5162,250,1723.78466796875,6.895138740539551,3.9789011478424072,0.050000011920928955,1290500
7,5163,250,1743.36572265625,6.97346305847168,3.6137540340423584,0.050000011920928955,1290750
7,5164,250,1726.4716796875,6.905886650085449,3.7431399822235107,0.050000011920928955,1291000
7,5165,250,1734.8984375,6.93959379196167,3.7143611907958984,0.050000011920928955,1291250
7,5166,250,-76.61470794677734,-0.30645883083343506,3.759019613265991,0.050000011920928955,1291500
7,5167,250,-8.595108032226562,-0.03438043221831322,4.124550819396973,0.050000011920928955,1291750
7,5168,250,1953.4493408203125,7.813797473907471,4.237184047698975,0.050000011920928955,1292000
7,5169,250,1658.696533203125,6.634786128997803,4.307867527008057,0.050000011920928955,1292250
7,5170,250,1738.6126708984375,6.954450607299805,4.074685573577881,0.050000011920928955,1292500
7,5171,250,1905.219482421875,7.620877742767334,4.344427585601807,0.050000011920928955,1292750
7,5172,250,1540.20556640625,6.16082239151001,4.043026924133301,0.050000011920928955,1293000
7,5173,250,711.0403442382812,2.84416127204895,4.118913650512695,0.050000011920928955,1293250
7,5174,250,1698.6474609375,6.794589996337891,3.9388341903686523,0.050000011920928955,1293500
7,5175,250,1709.253662109375,6.837014675140381,3.973875045776367,0.050000011920928955,1293750
7,5176,250,1825.910400390625,7.3036417961120605,3.876061201095581,0.050000011920928955,1294000
7,5177,250,1847.5863037109375,7.390345096588135,4.276812553405762,0.050000011920928955,1294250
7,5178,250,1723.8984375,6.895593643188477,3.723414421081543,0.050000011920928955,1294500
7,5179,250,1303.5787353515625,5.214314937591553,3.991187572479248,0.050000011920928955,1294750
7,5180,250,671.2666015625,2.6850664615631104,3.91286301612854,0.050000011920928955,1295000
7,5181,250,1548.391357421875,6.193565368652344,4.140257358551025,0.050000011920928955,1295250
7,5182,250,1557.73486328125,6.2309393882751465,3.8112714290618896,0.050000011920928955,1295500
7,5183,250,1363.648193359375,5.454592704772949,3.9689602851867676,0.050000011920928955,1295750
7,5184,250,1442.6419677734375,5.770567893981934,3.941192388534546,0.050000011920928955,1296000
7,5185,250,1304.399658203125,5.2175984382629395,3.693812608718872,0.050000011920928955,1296250
7,5186,250,1545.702392578125,6.182809352874756,3.6608974933624268,0.050000011920928955,1296500
7,5187,250,1936.0985107421875,7.744393825531006,3.6672236919403076,0.050000011920928955,1296750
7,5188,250,1864.0777587890625,7.456311225891113,3.626199960708618,0.050000011920928955,1297000
7,5189,250,1915.8984375,7.663593769073486,3.8914334774017334,0.050000011920928955,1297250
7,5190,250,1695.523193359375,6.782092571258545,3.507233142852783,0.050000011920928955,1297500
7,5191,250,1705.624267578125,6.8224968910217285,3.718834638595581,0.050000011920928955,1297750
7,5192,250,1577.9071044921875,6.311628341674805,3.581023931503296,0.050000011920928955,1298000
7,5193,250,1921.321533203125,7.685286045074463,3.694439649581909,0.050000011920928955,1298250
7,5194,250,1913.851318359375,7.655405044555664,3.3573408126831055,0.050000011920928955,1298500
7,5195,250,1777.217529296875,7.108870029449463,3.2735135555267334,0.050000011920928955,1298750
7,5196,250,1905.018798828125,7.620075225830078,3.4338488578796387,0.050000011920928955,1299000
7,5197,250,1862.532958984375,7.450131893157959,3.5905044078826904,0.050000011920928955,1299250
7,5198,250,1745.540283203125,6.982161045074463,3.5139496326446533,0.050000011920928955,1299500
7,5199,250,1887.333740234375,7.54933500289917,3.3792917728424072,0.050000011920928955,1299750
7,5200,250,1582.4462890625,6.329785346984863,3.461043357849121,0.050000011920928955,1300000
7,5201,250,1602.4222412109375,6.409688949584961,3.5301403999328613,0.050000011920928955,1300250
7,5202,250,1851.059814453125,7.404239177703857,3.224691390991211,0.050000011920928955,1300500
7,5203,250,1909.2286376953125,7.6369147300720215,3.1683831214904785,0.050000011920928955,1300750
7,5204,250,1679.127685546875,6.716510772705078,3.326549768447876,0.050000011920928955,1301000
7,5205,250,600.7228393554688,2.4028913974761963,3.5849854946136475,0.050000011920928955,1301250
7,5206,250,1753.53662109375,7.014146327972412,3.444733142852783,0.050000011920928955,1301500
7,5207,250,1794.331298828125,7.177325248718262,3.0160470008850098,0.050000011920928955,1301750
7,5208,250,1198.6912841796875,4.794764995574951,2.991945743560791,0.050000011920928955,1302000
7,5209,250,1900.532470703125,7.602129936218262,3.14136004447937,0.050000011920928955,1302250
7,5210,250,1424.4873046875,5.697949409484863,2.7694473266601562,0.050000011920928955,1302500
7,5211,250,1709.57373046875,6.838294982910156,2.958446741104126,0.050000011920928955,1302750
7,5212,250,1705.366943359375,6.821467876434326,2.8544325828552246,0.050000011920928955,1303000
7,5213,250,1740.5689697265625,6.962275981903076,3.005486011505127,0.050000011920928955,1303250
7,5214,250,1451.4588623046875,5.805835247039795,2.9048638343811035,0.050000011920928955,1303500
7,5215,250,1705.4210205078125,6.821683883666992,2.5998499393463135,0.050000011920928955,1303750
7,5216,250,1646.9169921875,6.587667942047119,2.70672869682312,0.050000011920928955,1304000
7,5217,250,1465.4185791015625,5.8616743087768555,3.005861282348633,0.050000011920928955,1304250
7,5218,250,1647.2310791015625,6.588924407958984,2.9143526554107666,0.050000011920928955,1304500
7,5219,250,1744.63720703125,6.978549003601074,2.831383228302002,0.050000011920928955,1304750
7,5220,250,1887.5513916015625,7.550205707550049,2.7590131759643555,0.050000011920928955,1305000
7,5221,250,1878.7064208984375,7.514825820922852,2.7032077312469482,0.050000011920928955,1305250
7,5222,250,1888.22607421875,7.55290412902832,2.7932159900665283,0.050000011920928955,1305500
7,5223,250,1878.8143310546875,7.515257358551025,2.5800211429595947,0.050000011920928955,1305750
7,5224,250,1905.542724609375,7.622170925140381,2.418036937713623,0.050000011920928955,1306000
7,5225,250,1882.0830078125,7.528332233428955,2.489802837371826,0.050000011920928955,1306250
7,5226,250,1504.3421630859375,6.017368793487549,2.539750337600708,0.050000011920928955,1306500
7,5227,250,1783.6793212890625,7.1347174644470215,2.4725122451782227,0.050000011920928955,1306750
7,5228,250,1883.7216796875,7.534886837005615,2.5110461711883545,0.050000011920928955,1307000
7,5229,250,1824.5616455078125,7.298246383666992,2.5468850135803223,0.050000011920928955,1307250
7,5230,250,1626.63037109375,6.506521701812744,2.526794910430908,0.050000011920928955,1307500
7,5231,250,1884.213134765625,7.5368523597717285,2.7079789638519287,0.050000011920928955,1307750
7,5232,250,1931.514892578125,7.726059436798096,2.558598756790161,0.050000011920928955,1308000
7,5233,250,1887.138671875,7.54855489730835,2.6714415550231934,0.050000011920928955,1308250
7,5234,250,1854.99853515625,7.419994354248047,2.3157804012298584,0.050000011920928955,1308500
7,5235,250,1605.1922607421875,6.420769214630127,2.487307548522949,0.050000011920928955,1308750
7,5236,250,1863.691162109375,7.4547648429870605,2.453461170196533,0.050000011920928955,1309000
7,5237,250,1880.0399169921875,7.520159721374512,2.4878182411193848,0.050000011920928955,1309250
7,5238,250,1634.446044921875,6.537784099578857,2.2853684425354004,0.050000011920928955,1309500
7,5239,250,1728.6627197265625,6.914650917053223,2.4080374240875244,0.050000011920928955,1309750
7,5240,250,1911.0810546875,7.64432430267334,2.414841413497925,0.050000011920928955,1310000
7,5241,250,1629.430908203125,6.517723560333252,2.615696907043457,0.050000011920928955,1310250
7,5242,250,1842.8995361328125,7.371598243713379,2.554757833480835,0.050000011920928955,1310500
7,5243,250,1852.31201171875,7.409247875213623,2.503370761871338,0.050000011920928955,1310750
7,5244,250,1905.3604736328125,7.621441841125488,2.317359209060669,0.050000011920928955,1311000
7,5245,250,1628.3369140625,6.513347625732422,2.622006893157959,0.050000011920928955,1311250
7,5246,250,1911.0281982421875,7.644112586975098,2.5075693130493164,0.050000011920928955,1311500
7,5247,250,1931.705810546875,7.726823329925537,2.522372245788574,0.050000011920928955,1311750
7,5248,250,1878.2882080078125,7.513152599334717,2.473065137863159,0.050000011920928955,1312000
7,5249,250,1994.6480712890625,7.978592395782471,2.7168633937835693,0.050000011920928955,1312250
7,5250,250,1859.573486328125,7.438293933868408,2.4402267932891846,0.050000011920928955,1312500
7,5251,250,1861.7598876953125,7.447039604187012,2.41528058052063,0.050000011920928955,1312750
7,5252,250,1810.7701416015625,7.2430806159973145,2.374929904937744,0.050000011920928955,1313000
7,5253,250,1947.4644775390625,7.789857864379883,2.6365556716918945,0.050000011920928955,1313250
7,5254,250,1816.306396484375,7.265225410461426,2.335514783859253,0.050000011920928955,1313500
7,5255,250,1907.736328125,7.630945205688477,2.4649765491485596,0.050000011920928955,1313750
7,5256,250,2036.7353515625,8.146941184997559,2.279407262802124,0.050000011920928955,1314000
7,5257,250,1797.7728271484375,7.191091537475586,2.4295496940612793,0.050000011920928955,1314250
7,5258,250,1654.8087158203125,6.619235038757324,2.4469425678253174,0.050000011920928955,1314500
7,5259,250,1630.851318359375,6.523405075073242,2.3282065391540527,0.050000011920928955,1314750
7,5260,250,1542.947021484375,6.171788215637207,2.310260534286499,0.050000011920928955,1315000
7,5261,250,1708.064453125,6.8322577476501465,2.530949354171753,0.050000011920928955,1315250
7,5262,250,1560.826904296875,6.243307590484619,2.651459217071533,0.050000011920928955,1315500
7,5263,250,1882.88427734375,7.531537055969238,2.385617733001709,0.050000011920928955,1315750
7,5264,250,413.4210205078125,1.653684139251709,2.5760083198547363,0.050000011920928955,1316000
7,5265,250,1714.2388916015625,6.856955528259277,2.7892239093780518,0.050000011920928955,1316250
7,5266,250,1343.8330078125,5.375331878662109,2.8898885250091553,0.050000011920928955,1316500
7,5267,250,1730.25,6.921000003814697,2.522412061691284,0.050000011920928955,1316750
7,5268,250,1836.742919921875,7.34697151184082,2.598782539367676,0.050000011920928955,1317000
7,5269,250,1803.2684326171875,7.21307373046875,2.7513844966888428,0.050000011920928955,1317250
7,5270,250,1690.7900390625,6.763160228729248,2.578951835632324,0.050000011920928955,1317500
7,5271,250,954.7435302734375,3.818974018096924,2.8589789867401123,0.050000011920928955,1317750
7,5272,250,101.05013275146484,0.4042005240917206,2.880326747894287,0.050000011920928955,1318000
7,5273,250,1906.5555419921875,7.626222133636475,3.1874568462371826,0.050000011920928955,1318250
7,5274,250,1657.8800048828125,6.631519794464111,3.3204474449157715,0.050000011920928955,1318500
7,5275,250,15.01440143585205,0.06005760654807091,3.3644583225250244,0.050000011920928955,1318750
7,5276,250,19.7757625579834,0.07910305261611938,3.7019639015197754,0.050000011920928955,1319000
7,5277,250,1872.050048828125,7.4882001876831055,4.211564540863037,0.050000011920928955,1319250
7,5278,250,1904.671630859375,7.618686676025391,3.861285924911499,0.050000011920928955,1319500
7,5279,250,1885.6737060546875,7.542695045471191,3.8165910243988037,0.050000011920928955,1319750
7,5280,250,1931.851318359375,7.727405071258545,3.9972105026245117,0.050000011920928955,1320000
7,5281,250,1846.5140380859375,7.386055946350098,4.199215888977051,0.050000011920928955,1320250
7,5282,250,1662.8831787109375,6.6515326499938965,4.071595191955566,0.050000011920928955,1320500
7,5283,250,-3.7390451431274414,-0.014956180937588215,4.000192165374756,0.050000011920928955,1320750
7,5284,250,4.2718000411987305,0.01708720065653324,4.228217601776123,0.050000011920928955,1321000
7,5285,250,-22.741247177124023,-0.09096498787403107,5.1382551193237305,0.050000011920928955,1321250
7,5286,250,-38.110477447509766,-0.15244190394878387,5.609522819519043,0.050000011920928955,1321500
7,5287,250,1725.31005859375,6.901240348815918,5.221527576446533,0.050000011920928955,1321750
7,5288,250,1726.549072265625,6.906196117401123,5.51260232925415,0.050000011920928955,1322000
7,5289,250,1887.7841796875,7.551136493682861,5.806772708892822,0.050000011920928955,1322250
7,5290,250,-32.4573860168457,-0.129829540848732,5.681192874908447,0.050000011920928955,1322500
7,5291,250,-24.805747985839844,-0.09922299534082413,5.933449745178223,0.050000011920928955,1322750
7,5292,250,1877.3887939453125,7.509555339813232,5.986128330230713,0.050000011920928955,1323000
7,5293,250,1743.880126953125,6.975520610809326,7.236928462982178,0.050000011920928955,1323250
7,5294,250,-20.928264617919922,-0.08371306210756302,6.450760841369629,0.050000011920928955,1323500
7,5295,250,-5.070131301879883,-0.02028052508831024,6.8443474769592285,0.050000011920928955,1323750
7,5296,250,1800.6368408203125,7.202547550201416,6.69428825378418,0.050000011920928955,1324000
7,5297,250,-29.386280059814453,-0.11754512041807175,7.161238670349121,0.050000011920928955,1324250
7,5298,250,-29.938907623291016,-0.11975563317537308,6.987278938293457,0.050000011920928955,1324500
7,5299,250,1781.447265625,7.125789165496826,7.1208109855651855,0.050000011920928955,1324750
7,5300,250,-13.6402006149292,-0.05456080287694931,7.124148368835449,0.050000011920928955,1325000
7,5301,250,1743.9974365234375,6.975989818572998,8.088709831237793,0.050000011920928955,1325250
7,5302,250,1756.2755126953125,7.025102138519287,7.200321197509766,0.050000011920928955,1325500
7,5303,250,1905.228271484375,7.620913028717041,7.0125250816345215,0.050000011920928955,1325750
7,5304,250,1884.256591796875,7.537026405334473,7.037563323974609,0.050000011920928955,1326000
7,5305,250,11.69243335723877,0.04676973447203636,7.950942516326904,0.050000011920928955,1326250
7,5306,250,1802.2655029296875,7.209062099456787,7.5117411613464355,0.050000011920928955,1326500
7,5307,250,1870.9161376953125,7.483664512634277,7.309229850769043,0.050000011920928955,1326750
7,5308,250,1915.9443359375,7.6637773513793945,6.938991546630859,0.050000011920928955,1327000
7,5309,250,1872.3438720703125,7.489375591278076,8.099498748779297,0.050000011920928955,1327250
7,5310,250,1761.739501953125,7.046957969665527,7.440784454345703,0.050000011920928955,1327500
7,5311,250,1867.80029296875,7.471200942993164,7.0907063484191895,0.050000011920928955,1327750
7,5312,250,1903.999267578125,7.615996837615967,6.655367851257324,0.050000011920928955,1328000
7,5313,250,1204.253662109375,4.817014694213867,7.44305419921875,0.050000011920928955,1328250
7,5314,250,1551.04736328125,6.204189300537109,7.206981182098389,0.050000011920928955,1328500
7,5315,250,1873.682861328125,7.494731426239014,6.872980117797852,0.050000011920928955,1328750
7,5316,250,1475.1778564453125,5.900711536407471,6.113026142120361,0.050000011920928955,1329000
7,5317,250,1834.77392578125,7.339095592498779,6.844610691070557,0.050000011920928955,1329250
7,5318,250,2004.5244140625,8.018097877502441,6.77049446105957,0.050000011920928955,1329500
7,5319,250,1587.235107421875,6.348940372467041,6.345387935638428,0.050000011920928955,1329750
7,5320,250,-38.28242111206055,-0.1531296819448471,5.869635105133057,0.050000011920928955,1330000
7,5321,250,1918.7191162109375,7.674876689910889,6.855462551116943,0.050000011920928955,1330250
7,5322,250,-81.1385498046875,-0.3245542049407959,6.518214225769043,0.050000011920928955,1330500
7,5323,250,1851.6824951171875,7.4067301750183105,6.693918228149414,0.050000011920928955,1330750
7,5324,250,1627.4951171875,6.50998067855835,6.053501129150391,0.050000011920928955,1331000
7,5325,250,106.9844970703125,0.42793798446655273,6.359683990478516,0.050000011920928955,1331250
7,5326,250,1760.1500244140625,7.040600299835205,5.684824466705322,0.050000011920928955,1331500
7,5327,250,-68.2065658569336,-0.27282625436782837,6.0044989585876465,0.050000011920928955,1331750
7,5328,250,1678.45751953125,6.71382999420166,5.809055805206299,0.050000011920928955,1332000
7,5329,250,-48.183937072753906,-0.19273574650287628,6.442443370819092,0.050000011920928955,1332250
7,5330,250,-25.103853225708008,-0.1004154160618782,6.089775562286377,0.050000011920928955,1332500
7,5331,250,1807.888427734375,7.231553554534912,5.864999771118164,0.050000011920928955,1332750
7,5332,250,41.16651153564453,0.1646660417318344,5.890444278717041,0.050000011920928955,1333000
7,5333,250,2053.65087890625,8.214603424072266,6.642813682556152,0.050000011920928955,1333250
7,5334,250,1887.4029541015625,7.549612045288086,6.170681476593018,0.050000011920928955,1333500
7,5335,250,1889.08837890625,7.556353569030762,5.723313331604004,0.050000011920928955,1333750
7,5336,250,1891.072509765625,7.5642900466918945,5.522687911987305,0.050000011920928955,1334000
7,5337,250,1887.82666015625,7.55130672454834,5.628300666809082,0.050000011920928955,1334250
7,5338,250,1807.66796875,7.2306718826293945,5.075296878814697,0.050000011920928955,1334500
7,5339,250,1920.66162109375,7.68264627456665,4.786867141723633,0.050000011920928955,1334750
7,5340,250,27.740598678588867,0.1109623983502388,4.562403678894043,0.050000011920928955,1335000
7,5341,250,1921.6357421875,7.686542987823486,5.229288101196289,0.050000011920928955,1335250
7,5342,250,1879.29296875,7.517171859741211,4.874126434326172,0.050000011920928955,1335500
7,5343,250,1936.884765625,7.747539043426514,4.385777473449707,0.050000011920928955,1335750
7,5344,250,1924.515380859375,7.698061466217041,4.5906171798706055,0.050000011920928955,1336000
7,5345,250,2054.794921875,8.2191801071167,4.622722148895264,0.050000011920928955,1336250
7,5346,250,1776.481689453125,7.105926990509033,4.314693927764893,0.050000011920928955,1336500
7,5347,250,1865.0130615234375,7.460052013397217,4.27431583404541,0.050000011920928955,1336750
7,5348,250,1830.7069091796875,7.3228278160095215,4.139021873474121,0.050000011920928955,1337000
7,5349,250,1943.2945556640625,7.7731781005859375,4.750083923339844,0.050000011920928955,1337250
7,5350,250,1913.303955078125,7.6532158851623535,4.476832389831543,0.050000011920928955,1337500
7,5351,250,1954.326416015625,7.817305564880371,4.290599822998047,0.050000011920928955,1337750
7,5352,250,1933.392333984375,7.733569145202637,4.491127967834473,0.050000011920928955,1338000
7,5353,250,1901.949462890625,7.607797622680664,4.685253620147705,0.050000011920928955,1338250
7,5354,250,1927.116943359375,7.708467960357666,4.285478115081787,0.050000011920928955,1338500
7,5355,250,1910.3045654296875,7.641218185424805,4.396620750427246,0.050000011920928955,1338750
7,5356,250,1927.65380859375,7.710615158081055,4.263089656829834,0.050000011920928955,1339000
7,5357,250,1452.0440673828125,5.808176040649414,4.407813549041748,0.050000011920928955,1339250
7,5358,250,1862.885009765625,7.451539993286133,4.496028423309326,0.050000011920928955,1339500
7,5359,250,1919.18017578125,7.67672061920166,4.164620399475098,0.050000011920928955,1339750
7,5360,250,1910.363525390625,7.641454219818115,4.437623977661133,0.050000011920928955,1340000
7,5361,250,1906.8988037109375,7.6275954246521,4.506625652313232,0.050000011920928955,1340250
7,5362,250,1805.30029296875,7.221200942993164,4.107316493988037,0.050000011920928955,1340500
7,5363,250,1405.746826171875,5.622987270355225,3.9823899269104004,0.050000011920928955,1340750
7,5364,250,1372.4156494140625,5.4896626472473145,3.92273211479187,0.050000011920928955,1341000
7,5365,250,1944.313232421875,7.777253150939941,3.968822956085205,0.050000011920928955,1341250
7,5366,250,1856.11474609375,7.424458980560303,3.814903497695923,0.050000011920928955,1341500
7,5367,250,1958.6507568359375,7.8346028327941895,3.6720869541168213,0.050000011920928955,1341750
7,5368,250,1989.5450439453125,7.958179950714111,3.38604998588562,0.050000011920928955,1342000
7,5369,250,1903.552490234375,7.61421012878418,3.6379053592681885,0.050000011920928955,1342250
7,5370,250,1939.840576171875,7.75936222076416,3.4152681827545166,0.050000011920928955,1342500
7,5371,250,1882.5673828125,7.530269622802734,3.2484285831451416,0.050000011920928955,1342750
7,5372,250,1680.912353515625,6.723649501800537,2.6583685874938965,0.050000011920928955,1343000
7,5373,250,1846.250732421875,7.385003089904785,2.958597183227539,0.050000011920928955,1343250
7,5374,250,1634.662841796875,6.538651466369629,3.236851930618286,0.050000011920928955,1343500
7,5375,250,2082.11572265625,8.328462600708008,3.157501459121704,0.050000011920928955,1343750
7,5376,250,1681.3365478515625,6.725346088409424,2.909078598022461,0.050000011920928955,1344000
7,5377,250,1724.339599609375,6.897358417510986,3.2131500244140625,0.050000011920928955,1344250
7,5378,250,541.9267578125,2.1677069664001465,3.1892893314361572,0.050000011920928955,1344500
7,5379,250,1910.1429443359375,7.640571594238281,3.1187527179718018,0.050000011920928955,1344750
7,5380,250,2078.1318359375,8.312527656555176,3.002836227416992,0.050000011920928955,1345000
7,5381,250,1829.92724609375,7.319708824157715,2.8380894660949707,0.050000011920928955,1345250
7,5382,250,1901.382568359375,7.605530261993408,2.8838908672332764,0.050000011920928955,1345500
7,5383,250,1724.477783203125,6.897911071777344,2.881394147872925,0.050000011920928955,1345750
7,5384,250,1120.95166015625,4.483806610107422,3.03657865524292,0.050000011920928955,1346000
7,5385,250,1946.396728515625,7.785586833953857,3.1548423767089844,0.050000011920928955,1346250
7,5386,250,1371.01513671875,5.484060764312744,2.9918346405029297,0.050000011920928955,1346500
7,5387,250,1983.171875,7.932687282562256,3.0609867572784424,0.050000011920928955,1346750
7,5388,250,1447.3345947265625,5.7893385887146,3.03495717048645,0.050000011920928955,1347000
7,5389,250,1944.36083984375,7.7774434089660645,3.5476601123809814,0.050000011920928955,1347250
7,5390,250,1837.6873779296875,7.350749492645264,3.1040401458740234,0.050000011920928955,1347500
7,5391,250,536.515380859375,2.146061420440674,3.646198272705078,0.050000011920928955,1347750
7,5392,250,1957.0196533203125,7.828078746795654,3.1247072219848633,0.050000011920928955,1348000
7,5393,250,1036.53125,4.146124839782715,3.7618885040283203,0.050000011920928955,1348250
7,5394,250,1942.4310302734375,7.769723892211914,3.6256399154663086,0.050000011920928955,1348500
7,5395,250,1920.903076171875,7.68361234664917,3.5501832962036133,0.050000011920928955,1348750
7,5396,250,1876.396484375,7.50558614730835,3.539240598678589,0.050000011920928955,1349000
7,5397,250,1800.024169921875,7.200096607208252,3.4309842586517334,0.050000011920928955,1349250
7,5398,250,1802.592041015625,7.2103681564331055,3.4848554134368896,0.050000011920928955,1349500
7,5399,250,1968.1986083984375,7.8727946281433105,3.438839912414551,0.050000011920928955,1349750
7,5400,250,1544.9886474609375,6.179954528808594,3.3763418197631836,0.050000011920928955,1350000
7,5401,250,1948.146240234375,7.7925848960876465,3.4525458812713623,0.050000011920928955,1350250
7,5402,250,1751.5902099609375,7.00636100769043,3.5269312858581543,0.050000011920928955,1350500
7,5403,250,1744.3111572265625,6.977244853973389,3.1815569400787354,0.050000011920928955,1350750
7,5404,250,1924.79345703125,7.699173927307129,3.5674986839294434,0.050000011920928955,1351000
7,5405,250,1775.511962890625,7.102047920227051,3.660066604614258,0.050000011920928955,1351250
7,5406,250,1718.8134765625,6.875253677368164,3.34497332572937,0.050000011920928955,1351500
7,5407,250,1931.7529296875,7.727011680603027,3.271003484725952,0.050000011920928955,1351750
7,5408,250,1702.3243408203125,6.809297561645508,3.3212838172912598,0.050000011920928955,1352000
7,5409,250,1765.825439453125,7.0633015632629395,3.5000078678131104,0.050000011920928955,1352250
7,5410,250,1750.0255126953125,7.0001020431518555,3.4548094272613525,0.050000011920928955,1352500
7,5411,250,1120.3203125,4.481281280517578,3.486529588699341,0.050000011920928955,1352750
7,5412,250,1776.280517578125,7.105122089385986,3.3834540843963623,0.050000011920928955,1353000
7,5413,250,1744.582763671875,6.978331089019775,3.7849693298339844,0.050000011920928955,1353250
7,5414,250,1717.5892333984375,6.870357036590576,3.445580005645752,0.050000011920928955,1353500
7,5415,250,1710.085205078125,6.840340614318848,3.517582893371582,0.050000011920928955,1353750
7,5416,250,1629.6268310546875,6.518507480621338,3.6740381717681885,0.050000011920928955,1354000
7,5417,250,1256.115234375,5.024460792541504,3.429901599884033,0.050000011920928955,1354250
7,5418,250,1694.3681640625,6.777472496032715,3.595566511154175,0.050000011920928955,1354500
7,5419,250,1731.376953125,6.92550802230835,3.489478588104248,0.050000011920928955,1354750
7,5420,250,1689.1441650390625,6.7565765380859375,3.607419967651367,0.050000011920928955,1355000
7,5421,250,1874.5078125,7.498031139373779,3.4860808849334717,0.050000011920928955,1355250
7,5422,250,777.083251953125,3.108333110809326,3.788350820541382,0.050000011920928955,1355500
7,5423,250,1888.19189453125,7.552767753601074,3.7346012592315674,0.050000011920928955,1355750
7,5424,250,1674.69580078125,6.6987833976745605,3.453141927719116,0.050000011920928955,1356000
7,5425,250,1636.29736328125,6.545189380645752,3.7324132919311523,0.050000011920928955,1356250
7,5426,250,1942.4630126953125,7.769852161407471,3.5783798694610596,0.050000011920928955,1356500
7,5427,250,1200.2783203125,4.801113128662109,3.6484875679016113,0.050000011920928955,1356750
7,5428,250,1763.6495361328125,7.054598331451416,3.5092363357543945,0.050000011920928955,1357000
7,5429,250,1651.2569580078125,6.605027675628662,3.6024508476257324,0.050000011920928955,1357250
7,5430,250,563.9834594726562,2.2559337615966797,3.3756566047668457,0.050000011920928955,1357500
7,5431,250,406.4265441894531,1.6257061958312988,3.6612679958343506,0.050000011920928955,1357750
7,5432,250,1660.57666015625,6.642306804656982,3.36247181892395,0.050000011920928955,1358000
7,5433,250,1873.22265625,7.49289083480835,3.8240952491760254,0.050000011920928955,1358250
7,5434,250,1340.809814453125,5.363239288330078,3.422384262084961,0.050000011920928955,1358500
7,5435,250,1793.4676513671875,7.17387056350708,3.733865976333618,0.050000011920928955,1358750
7,5436,250,1615.4776611328125,6.461910724639893,3.6479508876800537,0.050000011920928955,1359000
7,5437,250,1716.902587890625,6.867610454559326,3.645082712173462,0.050000011920928955,1359250
7,5438,250,1593.5467529296875,6.374186992645264,3.6294455528259277,0.050000011920928955,1359500
7,5439,250,1989.666748046875,7.958666801452637,3.6318507194519043,0.050000011920928955,1359750
7,5440,250,2022.577880859375,8.090311050415039,3.7045669555664062,0.050000011920928955,1360000
7,5441,250,1626.5374755859375,6.506149768829346,3.6278791427612305,0.050000011920928955,1360250
7,5442,250,728.132080078125,2.9125282764434814,3.67647647857666,0.050000011920928955,1360500
7,5443,250,1443.1580810546875,5.772632122039795,3.632866859436035,0.050000011920928955,1360750
7,5444,250,1672.1064453125,6.6884260177612305,3.9272358417510986,0.050000011920928955,1361000
7,5445,250,1822.021240234375,7.288084983825684,3.7538840770721436,0.050000011920928955,1361250
7,5446,250,1557.88427734375,6.231537342071533,3.616880178451538,0.050000011920928955,1361500
7,5447,250,1804.4459228515625,7.2177839279174805,3.672006845474243,0.050000011920928955,1361750
7,5448,250,1636.1549072265625,6.544619560241699,3.6437032222747803,0.050000011920928955,1362000
7,5449,250,1884.5377197265625,7.538150787353516,3.540921688079834,0.050000011920928955,1362250
7,5450,250,1124.9652099609375,4.499860763549805,3.8351309299468994,0.050000011920928955,1362500
7,5451,250,1545.2337646484375,6.180934906005859,3.545369863510132,0.050000011920928955,1362750
7,5452,250,98.53008270263672,0.39412033557891846,3.536928415298462,0.050000011920928955,1363000
7,5453,250,1632.6494140625,6.530597686767578,3.825551748275757,0.050000011920928955,1363250
7,5454,250,1712.0712890625,6.84828519821167,3.6739554405212402,0.050000011920928955,1363500
7,5455,250,71.22628784179688,0.28490516543388367,3.543976068496704,0.050000011920928955,1363750
7,5456,250,1725.605712890625,6.902422904968262,3.653000593185425,0.050000011920928955,1364000
7,5457,250,1808.58447265625,7.23433780670166,3.6040050983428955,0.050000011920928955,1364250
7,5458,250,92.98712158203125,0.3719484806060791,3.469419240951538,0.050000011920928955,1364500
7,5459,250,1916.1881103515625,7.66475248336792,3.564380407333374,0.050000011920928955,1364750
7,5460,250,1890.13916015625,7.560556411743164,3.7881460189819336,0.050000011920928955,1365000
7,5461,250,1968.894775390625,7.875578880310059,3.883894443511963,0.050000011920928955,1365250
7,5462,250,1877.025634765625,7.5081024169921875,3.619032621383667,0.050000011920928955,1365500
7,5463,250,130.60044860839844,0.5224018096923828,3.9650685787200928,0.050000011920928955,1365750
7,5464,250,44.83163833618164,0.17932654917240143,3.76196551322937,0.050000011920928955,1366000
7,5465,250,1884.3096923828125,7.537238597869873,4.176657676696777,0.050000011920928955,1366250
7,5466,250,1771.3167724609375,7.085267066955566,4.241678714752197,0.050000011920928955,1366500
7,5467,250,1923.36669921875,7.693466663360596,4.135122776031494,0.050000011920928955,1366750
7,5468,250,1834.47509765625,7.337900161743164,3.998814582824707,0.050000011920928955,1367000
7,5469,250,1792.228271484375,7.168912887573242,4.100984573364258,0.050000011920928955,1367250
7,5470,250,1878.01904296875,7.512076377868652,3.6131021976470947,0.050000011920928955,1367500
7,5471,250,1810.54345703125,7.242173671722412,3.756753444671631,0.050000011920928955,1367750
7,5472,250,1892.74365234375,7.570974826812744,3.783435583114624,0.050000011920928955,1368000
7,5473,250,57.420101165771484,0.2296804040670395,3.8056814670562744,0.050000011920928955,1368250
7,5474,250,1907.085205078125,7.628340721130371,3.5416207313537598,0.050000011920928955,1368500
7,5475,250,1721.872314453125,6.887489318847656,3.6746883392333984,0.050000011920928955,1368750
7,5476,250,1840.457275390625,7.3618292808532715,3.6677985191345215,0.050000011920928955,1369000
7,5477,250,1515.1319580078125,6.060527801513672,4.131662845611572,0.050000011920928955,1369250
7,5478,250,178.90545654296875,0.715621829032898,3.6995790004730225,0.050000011920928955,1369500
7,5479,250,178.74456787109375,0.7149782776832581,3.9206738471984863,0.050000011920928955,1369750
7,5480,250,1888.955810546875,7.55582332611084,3.7641100883483887,0.050000011920928955,1370000
7,5481,250,1929.78369140625,7.71913480758667,4.201642036437988,0.050000011920928955,1370250
7,5482,250,1889.09765625,7.556390762329102,4.3037943840026855,0.050000011920928955,1370500
7,5483,250,1486.746337890625,5.946985244750977,4.1085920333862305,0.050000011920928955,1370750
7,5484,250,989.5643310546875,3.9582574367523193,4.046167850494385,0.050000011920928955,1371000
7,5485,250,1124.596435546875,4.498385906219482,4.093371391296387,0.050000011920928955,1371250
7,5486,250,1934.4833984375,7.73793363571167,4.386263370513916,0.050000011920928955,1371500
7,5487,250,1936.106689453125,7.744426727294922,3.8772740364074707,0.050000011920928955,1371750
7,5488,250,1915.622802734375,7.662491321563721,3.9553487300872803,0.050000011920928955,1372000
7,5489,250,1916.88232421875,7.667529106140137,4.235001564025879,0.050000011920928955,1372250
7,5490,250,1685.6239013671875,6.742495536804199,4.290180683135986,0.050000011920928955,1372500
7,5491,250,1922.7701416015625,7.691080570220947,3.777581214904785,0.050000011920928955,1372750
7,5492,250,1588.4276123046875,6.353710651397705,3.867905616760254,0.050000011920928955,1373000
7,5493,250,56.344451904296875,0.22537781298160553,4.352876663208008,0.050000011920928955,1373250
7,5494,250,1920.1279296875,7.680511951446533,4.192139625549316,0.050000011920928955,1373500
7,5495,250,1922.636474609375,7.690546035766602,4.022615909576416,0.050000011920928955,1373750
7,5496,250,1915.937744140625,7.663751125335693,3.84287166595459,0.050000011920928955,1374000
7,5497,250,1920.912353515625,7.68364953994751,4.14556884765625,0.050000011920928955,1374250
7,5498,250,1844.59375,7.378375053405762,4.043856620788574,0.050000011920928955,1374500
7,5499,250,1141.0560302734375,4.5642242431640625,3.622736692428589,0.050000011920928955,1374750
7,5500,250,1499.8360595703125,5.999344348907471,3.9870011806488037,0.050000011920928955,1375000
7,5501,250,1787.0791015625,7.148316383361816,4.165796756744385,0.050000011920928955,1375250
7,5502,250,1818.8623046875,7.275449275970459,3.8809993267059326,0.050000011920928955,1375500
7,5503,250,559.9710083007812,2.2398841381073,3.857637405395508,0.050000011920928955,1375750
7,5504,250,1044.5142822265625,4.1780571937561035,3.932075262069702,0.050000011920928955,1376000
7,5505,250,1511.3658447265625,6.045463562011719,4.033442974090576,0.050000011920928955,1376250
7,5506,250,132.2941436767578,0.5291765928268433,4.113500595092773,0.050000011920928955,1376500
7,5507,250,1000.8842163085938,4.003536701202393,4.047163009643555,0.050000011920928955,1376750
7,5508,250,1894.4044189453125,7.577617645263672,3.7728400230407715,0.050000011920928955,1377000
7,5509,250,1791.6387939453125,7.166555404663086,4.197121620178223,0.050000011920928955,1377250
7,5510,250,33.842430114746094,0.13536971807479858,4.145358085632324,0.050000011920928955,1377500
7,5511,250,1463.70703125,5.854828357696533,4.226782321929932,0.050000011920928955,1377750
7,5512,250,1257.469970703125,5.029880046844482,4.5567803382873535,0.050000011920928955,1378000
7,5513,250,1437.696533203125,5.750786304473877,4.4133172035217285,0.050000011920928955,1378250
7,5514,250,1885.2315673828125,7.540926456451416,4.01874303817749,0.050000011920928955,1378500
7,5515,250,1644.809814453125,6.579239368438721,4.242502212524414,0.050000011920928955,1378750
7,5516,250,1664.5693359375,6.65827751159668,4.104949474334717,0.050000011920928955,1379000
7,5517,250,1140.001953125,4.5600080490112305,4.303341865539551,0.050000011920928955,1379250
7,5518,250,1900.516845703125,7.602067470550537,4.384557723999023,0.050000011920928955,1379500
7,5519,250,1242.939208984375,4.971756935119629,4.290754318237305,0.050000011920928955,1379750
7,5520,250,1851.131103515625,7.404524326324463,3.831451416015625,0.050000011920928955,1380000
7,5521,250,142.02655029296875,0.5681061744689941,4.385134696960449,0.050000011920928955,1380250
7,5522,250,1654.752685546875,6.619010925292969,4.65243673324585,0.050000011920928955,1380500
7,5523,250,118.97798156738281,0.4759119153022766,4.487133979797363,0.050000011920928955,1380750
7,5524,250,1773.1007080078125,7.092402935028076,4.71290922164917,0.050000011920928955,1381000
7,5525,250,1918.8961181640625,7.675584316253662,4.895007610321045,0.050000011920928955,1381250
7,5526,250,694.030029296875,2.776120185852051,4.824540615081787,0.050000011920928955,1381500
7,5527,250,1425.6048583984375,5.702419281005859,4.828193664550781,0.050000011920928955,1381750
7,5528,250,1536.603515625,6.146414279937744,5.120360851287842,0.050000011920928955,1382000
7,5529,250,91.4854965209961,0.36594197154045105,5.079908847808838,0.050000011920928955,1382250
7,5530,250,1616.006591796875,6.46402645111084,5.312892913818359,0.050000011920928955,1382500
7,5531,250,1587.349853515625,6.349399566650391,4.981603145599365,0.050000011920928955,1382750
7,5532,250,1875.7119140625,7.502847671508789,5.343588829040527,0.050000011920928955,1383000
7,5533,250,1673.5040283203125,6.694015979766846,5.550215244293213,0.050000011920928955,1383250
7,5534,250,92.03104400634766,0.36812418699264526,5.778766632080078,0.050000011920928955,1383500
7,5535,250,1735.071533203125,6.940286159515381,5.847980976104736,0.050000011920928955,1383750
7,5536,250,1793.615966796875,7.174463748931885,5.5549445152282715,0.050000011920928955,1384000
7,5537,250,87.9833755493164,0.3519335091114044,6.234285354614258,0.050000011920928955,1384250
7,5538,250,1767.4501953125,7.069800853729248,6.252382755279541,0.050000011920928955,1384500
7,5539,250,76.84164428710938,0.30736657977104187,6.312255382537842,0.050000011920928955,1384750
7,5540,250,1767.2452392578125,7.068981170654297,6.208935260772705,0.050000011920928955,1385000
7,5541,250,1876.69091796875,7.506763458251953,6.688327312469482,0.050000011920928955,1385250
7,5542,250,1858.845703125,7.435382843017578,6.813974380493164,0.050000011920928955,1385500
7,5543,250,1897.9068603515625,7.591627597808838,6.545289039611816,0.050000011920928955,1385750
7,5544,250,62.8158073425293,0.25126323103904724,6.354389190673828,0.050000011920928955,1386000
7,5545,250,1458.624755859375,5.834498882293701,7.313930988311768,0.050000011920928955,1386250
7,5546,250,1640.6986083984375,6.562794208526611,7.290929794311523,0.050000011920928955,1386500
7,5547,250,1654.8905029296875,6.619562149047852,7.139518737792969,0.050000011920928955,1386750
7,5548,250,31.973434448242188,0.12789373099803925,6.932417869567871,0.050000011920928955,1387000
7,5549,250,1721.10888671875,6.884435653686523,7.939243793487549,0.050000011920928955,1387250
7,5550,250,1630.5164794921875,6.522066116333008,7.745040416717529,0.050000011920928955,1387500
7,5551,250,1884.97021484375,7.539880752563477,7.3312578201293945,0.050000011920928955,1387750
7,5552,250,11.692590713500977,0.0467703640460968,7.228542327880859,0.050000011920928955,1388000
7,5553,250,192.65130615234375,0.770605206489563,8.033872604370117,0.050000011920928955,1388250
7,5554,250,1319.7498779296875,5.278999328613281,7.652467250823975,0.050000011920928955,1388500
7,5555,250,1736.2784423828125,6.945113658905029,8.010554313659668,0.050000011920928955,1388750
7,5556,250,-18.721256256103516,-0.07488502562046051,7.668051719665527,0.050000011920928955,1389000
7,5557,250,1544.0765380859375,6.176306247711182,8.164759635925293,0.050000011920928955,1389250
7,5558,250,1211.7950439453125,4.847180366516113,8.55202865600586,0.050000011920928955,1389500
7,5559,250,1079.9412841796875,4.319765090942383,8.045202255249023,0.050000011920928955,1389750
7,5560,250,-13.846362113952637,-0.05538544803857803,8.250787734985352,0.050000011920928955,1390000
7,5561,250,22.838104248046875,0.0913524180650711,8.478696823120117,0.050000011920928955,1390250
7,5562,250,1723.39453125,6.893578052520752,8.290162086486816,0.050000011920928955,1390500
7,5563,250,1761.232666015625,7.044930458068848,7.918249130249023,0.050000011920928955,1390750
7,5564,250,1775.42529296875,7.101701259613037,7.884012699127197,0.050000011920928955,1391000
7,5565,250,1496.0950927734375,5.98438024520874,8.484353065490723,0.050000011920928955,1391250
7,5566,250,1535.126220703125,6.140504837036133,8.345380783081055,0.050000011920928955,1391500
7,5567,250,1554.536376953125,6.218145370483398,8.01714038848877,0.050000011920928955,1391750
7,5568,250,1556.535888671875,6.2261433601379395,8.115240097045898,0.050000011920928955,1392000
7,5569,250,1566.81787109375,6.267271518707275,7.811131954193115,0.050000011920928955,1392250
7,5570,250,1525.475830078125,6.101903438568115,7.323957443237305,0.050000011920928955,1392500
7,5571,250,1535.798828125,6.143195152282715,7.294175624847412,0.050000011920928955,1392750
7,5572,250,1663.896484375,6.655585765838623,7.024465084075928,0.050000011920928955,1393000
7,5573,250,93.67697143554688,0.3747078776359558,7.833467960357666,0.050000011920928955,1393250
7,5574,250,1479.3055419921875,5.917222023010254,7.515486717224121,0.050000011920928955,1393500
7,5575,250,1468.35009765625,5.8734002113342285,7.302367210388184,0.050000011920928955,1393750
7,5576,250,1459.5582275390625,5.83823299407959,6.7684221267700195,0.050000011920928955,1394000
7,5577,250,1533.459716796875,6.133838653564453,6.7388691902160645,0.050000011920928955,1394250
7,5578,250,1441.1441650390625,5.764576435089111,7.010087966918945,0.050000011920928955,1394500
7,5579,250,1664.53857421875,6.658154487609863,6.33665132522583,0.050000011920928955,1394750
7,5580,250,50.85931396484375,0.20343725383281708,5.929921627044678,0.050000011920928955,1395000
7,5581,250,1718.730712890625,6.874922752380371,6.617873668670654,0.050000011920928955,1395250
7,5582,250,42.30902862548828,0.16923610866069794,6.848058223724365,0.050000011920928955,1395500
7,5583,250,1454.941650390625,5.819766521453857,6.988885879516602,0.050000011920928955,1395750
7,5584,250,34.39006042480469,0.13756024837493896,6.709463596343994,0.050000011920928955,1396000
7,5585,250,1407.908447265625,5.631633758544922,7.0101189613342285,0.050000011920928955,1396250
7,5586,250,1563.7244873046875,6.2548980712890625,7.224971771240234,0.050000011920928955,1396500
7,5587,250,1828.99365234375,7.315974712371826,7.123562812805176,0.050000011920928955,1396750
7,5588,250,1583.890625,6.335562705993652,6.649845123291016,0.050000011920928955,1397000
7,5589,250,1848.137939453125,7.392551898956299,6.414135932922363,0.050000011920928955,1397250
7,5590,250,1497.147705078125,5.988590717315674,6.3187761306762695,0.050000011920928955,1397500
7,5591,250,1571.0087890625,6.2840352058410645,6.263677597045898,0.050000011920928955,1397750
7,5592,250,1585.04150390625,6.340166091918945,6.350625991821289,0.050000011920928955,1398000
7,5593,250,1860.438232421875,7.441752910614014,5.883194446563721,0.050000011920928955,1398250
7,5594,250,1579.045654296875,6.316182613372803,5.805681228637695,0.050000011920928955,1398500
7,5595,250,1929.824951171875,7.719299793243408,5.8564043045043945,0.050000011920928955,1398750
7,5596,250,1832.6015625,7.330406188964844,5.116144180297852,0.050000011920928955,1399000
7,5597,250,1879.3212890625,7.517285346984863,5.91117000579834,0.050000011920928955,1399250
7,5598,250,1703.38232421875,6.8135294914245605,5.448669910430908,0.050000011920928955,1399500
7,5599,250,1915.1552734375,7.660621166229248,5.796725273132324,0.050000011920928955,1399750
7,5600,250,1865.5660400390625,7.462264060974121,5.474161148071289,0.050000011920928955,1400000
7,5601,250,1813.62353515625,7.2544941902160645,5.505457401275635,0.050000011920928955,1400250
7,5602,250,1788.70458984375,7.154818534851074,5.08017110824585,0.050000011920928955,1400500
7,5603,250,1849.917724609375,7.3996710777282715,4.769952297210693,0.050000011920928955,1400750
7,5604,250,1819.5687255859375,7.278275012969971,4.814665794372559,0.050000011920928955,1401000
7,5605,250,1833.1566162109375,7.3326263427734375,4.848979473114014,0.050000011920928955,1401250
7,5606,250,1871.511474609375,7.486045837402344,4.8465895652771,0.050000011920928955,1401500
7,5607,250,1877.51708984375,7.510068416595459,5.079197883605957,0.050000011920928955,1401750
7,5608,250,1844.3697509765625,7.377479076385498,4.785354137420654,0.050000011920928955,1402000
7,5609,250,1840.565673828125,7.362262725830078,5.122010231018066,0.050000011920928955,1402250
7,5610,250,1886.5111083984375,7.54604434967041,4.809624671936035,0.050000011920928955,1402500
7,5611,250,1925.59765625,7.702390670776367,4.856547832489014,0.050000011920928955,1402750
7,5612,250,1690.3890380859375,6.761556148529053,4.908496856689453,0.050000011920928955,1403000
7,5613,250,1904.17138671875,7.616685390472412,5.168582439422607,0.050000011920928955,1403250
7,5614,250,1746.22900390625,6.9849162101745605,4.475186347961426,0.050000011920928955,1403500
7,5615,250,1888.560546875,7.554242134094238,4.519042491912842,0.050000011920928955,1403750
7,5616,250,1872.464599609375,7.489858627319336,4.487395763397217,0.050000011920928955,1404000
7,5617,250,1887.207275390625,7.548829078674316,4.851138591766357,0.050000011920928955,1404250
7,5618,250,1639.681884765625,6.558727741241455,4.666718482971191,0.050000011920928955,1404500
7,5619,250,1819.633056640625,7.278532028198242,4.555653095245361,0.050000011920928955,1404750
7,5620,250,1907.0521240234375,7.628208637237549,4.483840465545654,0.050000011920928955,1405000
7,5621,250,1908.1776123046875,7.6327104568481445,4.6951704025268555,0.050000011920928955,1405250
7,5622,250,1893.304443359375,7.573217868804932,4.020171165466309,0.050000011920928955,1405500
7,5623,250,1883.6376953125,7.534550666809082,3.9669406414031982,0.050000011920928955,1405750
7,5624,250,1888.5958251953125,7.554383277893066,3.708953619003296,0.050000011920928955,1406000
7,5625,250,1915.18896484375,7.660755634307861,3.5782527923583984,0.050000011920928955,1406250
7,5626,250,1856.6531982421875,7.426612854003906,3.515113353729248,0.050000011920928955,1406500
7,5627,250,1840.485107421875,7.361940383911133,3.4930717945098877,0.050000011920928955,1406750
7,5628,250,1709.8509521484375,6.8394036293029785,3.705552101135254,0.050000011920928955,1407000
7,5629,250,1571.27490234375,6.285099506378174,3.447141170501709,0.050000011920928955,1407250
7,5630,250,1802.2225341796875,7.208889961242676,3.3085246086120605,0.050000011920928955,1407500
7,5631,250,1659.879150390625,6.639516830444336,3.312501907348633,0.050000011920928955,1407750
7,5632,250,1625.041015625,6.500164031982422,2.988363027572632,0.050000011920928955,1408000
7,5633,250,1886.3349609375,7.545340061187744,3.1759748458862305,0.050000011920928955,1408250
7,5634,250,1628.6685791015625,6.514674186706543,3.090118646621704,0.050000011920928955,1408500
7,5635,250,1720.823486328125,6.883294105529785,3.1773955821990967,0.050000011920928955,1408750
7,5636,250,1702.834716796875,6.811338901519775,3.137197732925415,0.050000011920928955,1409000
7,5637,250,1786.9102783203125,7.147641181945801,3.2004103660583496,0.050000011920928955,1409250
7,5638,250,1873.647216796875,7.494588851928711,3.0105650424957275,0.050000011920928955,1409500
7,5639,250,1679.968994140625,6.719875812530518,2.9881999492645264,0.050000011920928955,1409750
7,5640,250,1934.097412109375,7.736389636993408,2.9909656047821045,0.050000011920928955,1410000
7,5641,250,1922.322998046875,7.689291954040527,2.984807252883911,0.050000011920928955,1410250
7,5642,250,-34.488372802734375,-0.1379534900188446,3.1092464923858643,0.050000011920928955,1410500
7,5643,250,1937.910888671875,7.751643657684326,3.2069435119628906,0.050000011920928955,1410750
7,5644,250,1901.119140625,7.604476451873779,3.2549638748168945,0.050000011920928955,1411000
7,5645,250,309.454345703125,1.237817406654358,3.681382656097412,0.050000011920928955,1411250
7,5646,250,-0.4515739977359772,-0.0018062959425151348,3.668426036834717,0.050000011920928955,1411500
7,5647,250,15.793695449829102,0.0631747841835022,4.183595180511475,0.050000011920928955,1411750
7,5648,250,-2.8741095066070557,-0.011496437713503838,4.6624836921691895,0.050000011920928955,1412000
7,5649,250,1775.94580078125,7.103783130645752,5.102602005004883,0.050000011920928955,1412250
7,5650,250,1506.828369140625,6.027313709259033,4.694753170013428,0.050000011920928955,1412500
7,5651,250,0.7539618015289307,0.0030158471781760454,4.691105365753174,0.050000011920928955,1412750
7,5652,250,1677.349853515625,6.709399223327637,5.06663703918457,0.050000011920928955,1413000
7,5653,250,1976.649169921875,7.906596660614014,4.894311904907227,0.050000011920928955,1413250
7,5654,250,1806.0419921875,7.224167823791504,5.033968925476074,0.050000011920928955,1413500
7,5655,250,1955.044921875,7.820179462432861,4.643176078796387,0.050000011920928955,1413750
7,5656,250,-31.5156192779541,-0.12606248259544373,4.471575736999512,0.050000011920928955,1414000
7,5657,250,-19.661495208740234,-0.0786459818482399,5.498229026794434,0.050000011920928955,1414250
7,5658,250,1913.60498046875,7.654419898986816,5.415684223175049,0.050000011920928955,1414500
7,5659,250,-21.324871063232422,-0.08529948443174362,4.918544292449951,0.050000011920928955,1414750
7,5660,250,-3.1870546340942383,-0.012748218141496181,5.186642169952393,0.050000011920928955,1415000
7,5661,250,15.241351127624512,0.0609654039144516,6.139457702636719,0.050000011920928955,1415250
7,5662,250,1635.2593994140625,6.541037559509277,6.009947299957275,0.050000011920928955,1415500
7,5663,250,1953.86328125,7.815453052520752,5.817130088806152,0.050000011920928955,1415750
7,5664,250,1669.93212890625,6.6797285079956055,5.74118185043335,0.050000011920928955,1416000
7,5665,250,1935.31396484375,7.741255760192871,6.83133602142334,0.050000011920928955,1416250
7,5666,250,1624.785888671875,6.499143600463867,6.044950485229492,0.050000011920928955,1416500
7,5667,250,1684.8031005859375,6.739212512969971,5.858850955963135,0.050000011920928955,1416750
7,5668,250,-48.554161071777344,-0.19421663880348206,5.662060737609863,0.050000011920928955,1417000
7,5669,250,1905.7784423828125,7.623113632202148,6.611777305603027,0.050000011920928955,1417250
7,5670,250,1655.78759765625,6.62315034866333,6.500634670257568,0.050000011920928955,1417500
7,5671,250,1942.615234375,7.770461082458496,6.365340232849121,0.050000011920928955,1417750
7,5672,250,1518.4658203125,6.073863506317139,6.298752307891846,0.050000011920928955,1418000
7,5673,250,1912.65673828125,7.650627136230469,6.309168815612793,0.050000011920928955,1418250
7,5674,250,-17.87053871154785,-0.07148215174674988,6.343695640563965,0.050000011920928955,1418500
7,5675,250,1453.35791015625,5.813431739807129,6.220561504364014,0.050000011920928955,1418750
7,5676,250,1856.8602294921875,7.427441120147705,6.040141582489014,0.050000011920928955,1419000
7,5677,250,1715.288330078125,6.8611531257629395,6.118264675140381,0.050000011920928955,1419250
7,5678,250,1681.81494140625,6.727259635925293,5.857271671295166,0.050000011920928955,1419500
7,5679,250,1937.67822265625,7.750712871551514,5.603903770446777,0.050000011920928955,1419750
7,5680,250,1924.4422607421875,7.6977691650390625,5.287696361541748,0.050000011920928955,1420000
7,5681,250,781.65771484375,3.1266307830810547,5.817417144775391,0.050000011920928955,1420250
7,5682,250,993.1995849609375,3.9727983474731445,5.671461582183838,0.050000011920928955,1420500
7,5683,250,1553.6910400390625,6.21476411819458,5.576608180999756,0.050000011920928955,1420750
7,5684,250,-21.38067626953125,-0.08552270382642746,5.5867085456848145,0.050000011920928955,1421000
7,5685,250,1901.68896484375,7.60675573348999,6.409178256988525,0.050000011920928955,1421250
7,5686,250,-11.12216854095459,-0.04448867589235306,5.940016746520996,0.050000011920928955,1421500
7,5687,250,1607.1807861328125,6.428723335266113,5.465569496154785,0.050000011920928955,1421750
7,5688,250,1618.554443359375,6.474217891693115,5.754421710968018,0.050000011920928955,1422000
7,5689,250,1811.843505859375,7.247374057769775,5.680328845977783,0.050000011920928955,1422250
7,5690,250,1863.931640625,7.455726623535156,5.330777645111084,0.050000011920928955,1422500
7,5691,250,-59.00157165527344,-0.23600628972053528,5.151355743408203,0.050000011920928955,1422750
7,5692,250,1934.9771728515625,7.739908695220947,5.084250450134277,0.050000011920928955,1423000
7,5693,250,-41.276611328125,-0.16510644555091858,5.3585076332092285,0.050000011920928955,1423250
7,5694,250,1909.1876220703125,7.6367506980896,5.347818851470947,0.050000011920928955,1423500
7,5695,250,-50.88943862915039,-0.20355775952339172,5.3857340812683105,0.050000011920928955,1423750
7,5696,250,-64.6865463256836,-0.2587461769580841,5.2940802574157715,0.050000011920928955,1424000
7,5697,250,13.595193862915039,0.05438077449798584,6.023927688598633,0.050000011920928955,1424250
7,5698,250,1954.18701171875,7.816748142242432,5.4242777824401855,0.050000011920928955,1424500
7,5699,250,1777.95654296875,7.111825942993164,5.131534099578857,0.050000011920928955,1424750
7,5700,250,-55.983619689941406,-0.22393447160720825,5.132681846618652,0.050000011920928955,1425000
7,5701,250,1714.467529296875,6.857870101928711,5.796802043914795,0.050000011920928955,1425250
7,5702,250,-38.281654357910156,-0.15312661230564117,5.058288097381592,0.050000011920928955,1425500
7,5703,250,1999.07568359375,7.996302604675293,5.301609516143799,0.050000011920928955,1425750
7,5704,250,-72.43719482421875,-0.28974878787994385,4.7552809715271,0.050000011920928955,1426000
7,5705,250,-68.84432983398438,-0.2753773331642151,5.940828323364258,0.050000011920928955,1426250
7,5706,250,-49.31208038330078,-0.19724832475185394,5.471527576446533,0.050000011920928955,1426500
7,5707,250,1734.7342529296875,6.938937187194824,5.216006755828857,0.050000011920928955,1426750
7,5708,250,1680.527099609375,6.722108364105225,5.044475555419922,0.050000011920928955,1427000
7,5709,250,-65.39578247070312,-0.2615831196308136,5.572555065155029,0.050000011920928955,1427250
7,5710,250,1917.807373046875,7.671229362487793,5.254472255706787,0.050000011920928955,1427500
7,5711,250,-25.646160125732422,-0.10258463770151138,5.606659889221191,0.050000011920928955,1427750
7,5712,250,1638.3660888671875,6.553464412689209,5.014316558837891,0.050000011920928955,1428000
7,5713,250,-65.46078491210938,-0.26184314489364624,5.8905134201049805,0.050000011920928955,1428250
7,5714,250,-40.996524810791016,-0.16398610174655914,5.850300312042236,0.050000011920928955,1428500
7,5715,250,1481.3883056640625,5.925553321838379,5.363645553588867,0.050000011920928955,1428750
7,5716,250,1615.42724609375,6.461709022521973,5.3393025398254395,0.050000011920928955,1429000
7,5717,250,863.0628662109375,3.452251434326172,6.209791660308838,0.050000011920928955,1429250
7,5718,250,1756.427490234375,7.025710105895996,5.6900410652160645,0.050000011920928955,1429500
7,5719,250,1759.1390380859375,7.036556243896484,5.469250679016113,0.050000011920928955,1429750
7,5720,250,1729.1390380859375,6.916556358337402,5.532059669494629,0.050000011920928955,1430000
7,5721,250,-76.9576644897461,-0.30783066153526306,6.115653038024902,0.050000011920928955,1430250
7,5722,250,530.7846069335938,2.123138427734375,6.249696731567383,0.050000011920928955,1430500
7,5723,250,1813.530029296875,7.254120349884033,5.9822211265563965,0.050000011920928955,1430750
7,5724,250,1861.2427978515625,7.444971084594727,5.375609874725342,0.050000011920928955,1431000
7,5725,250,1641.9970703125,6.567988395690918,6.435492515563965,0.050000011920928955,1431250
7,5726,250,1866.5792236328125,7.4663166999816895,5.7618727684021,0.050000011920928955,1431500
7,5727,250,23.264995574951172,0.0930599793791771,5.947039604187012,0.050000011920928955,1431750
7,5728,250,1777.7276611328125,7.110910415649414,5.897510051727295,0.050000011920928955,1432000
7,5729,250,1692.22314453125,6.768892765045166,6.641332626342773,0.050000011920928955,1432250
7,5730,250,-74.63141632080078,-0.2985256612300873,6.571380138397217,0.050000011920928955,1432500
7,5731,250,1665.129638671875,6.660518646240234,6.421288967132568,0.050000011920928955,1432750
7,5732,250,1765.998046875,7.063992023468018,6.485033988952637,0.050000011920928955,1433000
7,5733,250,-93.4231948852539,-0.3736927807331085,7.084646224975586,0.050000011920928955,1433250
7,5734,250,6.9217529296875,0.027687011286616325,7.002476215362549,0.050000011920928955,1433500
7,5735,250,1927.39306640625,7.7095723152160645,7.1261725425720215,0.050000011920928955,1433750
7,5736,250,1620.301025390625,6.481204032897949,7.1503825187683105,0.050000011920928955,1434000
7,5737,250,1693.908447265625,6.775633811950684,7.337492942810059,0.050000011920928955,1434250
7,5738,250,1914.7523193359375,7.6590094566345215,7.1079230308532715,0.050000011920928955,1434500
7,5739,250,1896.454833984375,7.585819244384766,6.724804401397705,0.050000011920928955,1434750
7,5740,250,1655.191650390625,6.620766639709473,6.563573837280273,0.050000011920928955,1435000
7,5741,250,1934.6044921875,7.738418102264404,7.572176456451416,0.050000011920928955,1435250
7,5742,250,1588.1534423828125,6.352613925933838,7.0072550773620605,0.050000011920928955,1435500
7,5743,250,1944.01708984375,7.776068210601807,6.616763114929199,0.050000011920928955,1435750
7,5744,250,1682.72265625,6.73089075088501,6.760665416717529,0.050000011920928955,1436000
7,5745,250,1478.828857421875,5.915315628051758,7.087531089782715,0.050000011920928955,1436250
7,5746,250,1547.0980224609375,6.188392162322998,6.637914180755615,0.050000011920928955,1436500
7,5747,250,1649.55712890625,6.598228454589844,6.9546027183532715,0.050000011920928955,1436750
7,5748,250,-60.52980041503906,-0.2421192079782486,6.903354167938232,0.050000011920928955,1437000
7,5749,250,99.43292236328125,0.3977316915988922,7.288378715515137,0.050000011920928955,1437250
7,5750,250,1617.041259765625,6.468164920806885,7.233603477478027,0.050000011920928955,1437500
7,5751,250,-75.91015625,-0.3036406338214874,7.428359508514404,0.050000011920928955,1437750
7,5752,250,-50.95485305786133,-0.2038194090127945,7.075345039367676,0.050000011920928955,1438000
7,5753,250,1925.7442626953125,7.702977180480957,8.021353721618652,0.050000011920928955,1438250
7,5754,250,1878.123291015625,7.512493133544922,7.177779674530029,0.050000011920928955,1438500
7,5755,250,1866.897705078125,7.467590808868408,7.384078502655029,0.050000011920928955,1438750
7,5756,250,1469.632080078125,5.878528118133545,7.073354721069336,0.050000011920928955,1439000
7,5757,250,1664.2899169921875,6.657159805297852,7.330780506134033,0.050000011920928955,1439250
7,5758,250,1917.1348876953125,7.668539524078369,6.91536808013916,0.050000011920928955,1439500
7,5759,250,1870.3426513671875,7.481370449066162,7.047200679779053,0.050000011920928955,1439750
7,5760,250,-67.59661102294922,-0.2703864574432373,7.107441425323486,0.050000011920928955,1440000
7,5761,250,-59.67665481567383,-0.23870661854743958,7.146101951599121,0.050000011920928955,1440250
7,5762,250,-95.40772247314453,-0.38163089752197266,7.5732197761535645,0.050000011920928955,1440500
7,5763,250,1711.203857421875,6.844815254211426,7.355252742767334,0.050000011920928955,1440750
7,5764,250,1894.036376953125,7.576145648956299,7.122684955596924,0.050000011920928955,1441000
7,5765,250,1183.984619140625,4.735938549041748,7.512552738189697,0.050000011920928955,1441250
7,5766,250,-66.59461212158203,-0.2663784623146057,7.248981475830078,0.050000011920928955,1441500
7,5767,250,-51.43207931518555,-0.20572832226753235,7.046605587005615,0.050000011920928955,1441750
7,5768,250,1523.484130859375,6.093936443328857,6.660264015197754,0.050000011920928955,1442000
7,5769,250,-65.3266372680664,-0.2613065540790558,7.454513072967529,0.050000011920928955,1442250
7,5770,250,4.519784927368164,0.018079139292240143,7.045751094818115,0.050000011920928955,1442500
7,5771,250,1884.70654296875,7.538825988769531,6.884272575378418,0.050000011920928955,1442750
7,5772,250,-26.291240692138672,-0.10516496002674103,6.96569299697876,0.050000011920928955,1443000
7,5773,250,-217.6687774658203,-0.8706750869750977,7.141235828399658,0.050000011920928955,1443250
7,5774,250,1512.7120361328125,6.050848007202148,6.618167400360107,0.050000011920928955,1443500
7,5775,250,1759.66552734375,7.038661956787109,6.208084583282471,0.050000011920928955,1443750
7,5776,250,-15.710440635681152,-0.06284176558256149,6.2937188148498535,0.050000011920928955,1444000
7,5777,250,1842.94482421875,7.371779441833496,6.357142448425293,0.050000011920928955,1444250
7,5778,250,-28.883419036865234,-0.11553367972373962,6.172825813293457,0.050000011920928955,1444500
7,5779,250,1727.895751953125,6.911582946777344,6.019376277923584,0.050000011920928955,1444750
7,5780,250,1718.67431640625,6.874697208404541,5.884871006011963,0.050000011920928955,1445000
7,5781,250,1827.8017578125,7.311206817626953,5.962221145629883,0.050000011920928955,1445250
7,5782,250,1888.121826171875,7.552487373352051,5.632851600646973,0.050000011920928955,1445500
7,5783,250,-46.4687385559082,-0.18587495386600494,5.650294303894043,0.050000011920928955,1445750
7,5784,250,-58.33205795288086,-0.23332823812961578,5.345367431640625,0.050000011920928955,1446000
7,5785,250,-52.25825500488281,-0.2090330272912979,5.967806816101074,0.050000011920928955,1446250
7,5786,250,-62.05885696411133,-0.24823543429374695,5.415370464324951,0.050000011920928955,1446500
7,5787,250,-66.09664916992188,-0.2643865942955017,5.506372451782227,0.050000011920928955,1446750
7,5788,250,-68.81847381591797,-0.2752738893032074,5.231736660003662,0.050000011920928955,1447000
7,5789,250,-51.546417236328125,-0.20618566870689392,6.234622478485107,0.050000011920928955,1447250
7,5790,250,-55.902713775634766,-0.22361084818840027,5.648975372314453,0.050000011920928955,1447500
7,5791,250,1906.4095458984375,7.625638008117676,5.485711574554443,0.050000011920928955,1447750
7,5792,250,-56.77402877807617,-0.22709611058235168,5.27077579498291,0.050000011920928955,1448000
7,5793,250,-42.52775573730469,-0.1701110303401947,6.308659553527832,0.050000011920928955,1448250
7,5794,250,1610.4971923828125,6.441988945007324,5.844751834869385,0.050000011920928955,1448500
7,5795,250,-89.27811431884766,-0.35711246728897095,5.512341022491455,0.050000011920928955,1448750
7,5796,250,-61.618316650390625,-0.2464732676744461,5.603984355926514,0.050000011920928955,1449000
7,5797,250,1690.258056640625,6.7610321044921875,7.027019023895264,0.050000011920928955,1449250
7,5798,250,-15.224899291992188,-0.06089959666132927,6.057528972625732,0.050000011920928955,1449500
7,5799,250,-89.92018127441406,-0.359680712223053,6.275388717651367,0.050000011920928955,1449750
7,5800,250,-56.126121520996094,-0.2245044857263565,5.644041061401367,0.050000011920928955,1450000
7,5801,250,-76.73072052001953,-0.30692288279533386,6.909233093261719,0.050000011920928955,1450250
7,5802,250,-93.82023620605469,-0.3752809464931488,6.298685550689697,0.050000011920928955,1450500
7,5803,250,-81.31450653076172,-0.3252580165863037,5.965764999389648,0.050000011920928955,1450750
7,5804,250,-81.1514892578125,-0.3246059715747833,5.958207607269287,0.050000011920928955,1451000
7,5805,250,-86.92988586425781,-0.34771955013275146,7.478341102600098,0.050000011920928955,1451250
7,5806,250,-96.09105682373047,-0.38436421751976013,6.493054389953613,0.050000011920928955,1451500
7,5807,250,-100.41893768310547,-0.4016757607460022,6.493359565734863,0.050000011920928955,1451750
7,5808,250,1667.20654296875,6.668826103210449,6.213326454162598,0.050000011920928955,1452000
7,5809,250,-65.31470489501953,-0.2612588107585907,7.276372909545898,0.050000011920928955,1452250
7,5810,250,1805.7264404296875,7.22290563583374,6.391994476318359,0.050000011920928955,1452500
7,5811,250,-92.35948181152344,-0.36943793296813965,6.411330223083496,0.050000011920928955,1452750
7,5812,250,1798.975341796875,7.195901393890381,6.2256317138671875,0.050000011920928955,1453000
7,5813,250,1841.1551513671875,7.364620685577393,6.8444294929504395,0.050000011920928955,1453250
7,5814,250,1755.623046875,7.022492408752441,6.355434417724609,0.050000011920928955,1453500
7,5815,250,1887.242431640625,7.548969745635986,6.22021484375,0.050000011920928955,1453750
7,5816,250,-34.07065200805664,-0.13628260791301727,6.199894428253174,0.050000011920928955,1454000
7,5817,250,-30.597190856933594,-0.12238876521587372,7.188269138336182,0.050000011920928955,1454250
7,5818,250,1834.2779541015625,7.337111949920654,6.377879619598389,0.050000011920928955,1454500
7,5819,250,-52.34061813354492,-0.2093624770641327,6.472623348236084,0.050000011920928955,1454750
7,5820,250,-57.2591667175293,-0.22903667390346527,6.049232006072998,0.050000011920928955,1455000
7,5821,250,-44.945220947265625,-0.17978088557720184,7.035114765167236,0.050000011920928955,1455250
7,5822,250,1831.188232421875,7.3247528076171875,6.234670162200928,0.050000011920928955,1455500
7,5823,250,-60.52568817138672,-0.2421027570962906,6.162008762359619,0.050000011920928955,1455750
7,5824,250,-79.18763732910156,-0.31675055623054504,6.103635787963867,0.050000011920928955,1456000
7,5825,250,-75.9031753540039,-0.30361270904541016,7.0624566078186035,0.050000011920928955,1456250
7,5826,250,-78.5523681640625,-0.3142094612121582,6.489005088806152,0.050000011920928955,1456500
7,5827,250,-74.92041015625,-0.2996816337108612,6.477724552154541,0.050000011920928955,1456750
7,5828,250,-91.48808288574219,-0.36595234274864197,6.34799861907959,0.050000011920928955,1457000
7,5829,250,-103.19287872314453,-0.4127715229988098,6.860671520233154,0.050000011920928955,1457250
7,5830,250,-66.42401123046875,-0.26569604873657227,6.337672710418701,0.050000011920928955,1457500
7,5831,250,-65.63336181640625,-0.2625334560871124,5.9705491065979,0.050000011920928955,1457750
7,5832,250,-68.84947967529297,-0.275397926568985,6.0702643394470215,0.050000011920928955,1458000
7,5833,250,1497.81640625,5.991265773773193,6.579998970031738,0.050000011920928955,1458250
7,5834,250,1352.9453125,5.411781311035156,6.253072738647461,0.050000011920928955,1458500
7,5835,250,1395.2158203125,5.5808634757995605,6.091273784637451,0.050000011920928955,1458750
7,5836,250,1278.725830078125,5.114903450012207,5.837369918823242,0.050000011920928955,1459000
7,5837,250,1087.068603515625,4.348274230957031,6.314249038696289,0.050000011920928955,1459250
7,5838,250,1598.0921630859375,6.392368793487549,6.001886367797852,0.050000011920928955,1459500
7,5839,250,1338.40869140625,5.353634834289551,5.745207786560059,0.050000011920928955,1459750
7,5840,250,1347.83251953125,5.391330242156982,5.6186957359313965,0.050000011920928955,1460000
7,5841,250,1363.52978515625,5.4541192054748535,6.381372451782227,0.050000011920928955,1460250
7,5842,250,1479.4984130859375,5.917993545532227,5.881991863250732,0.050000011920928955,1460500
7,5843,250,1323.9322509765625,5.295729160308838,5.832614421844482,0.050000011920928955,1460750
7,5844,250,549.84423828125,2.1993770599365234,5.96533203125,0.050000011920928955,1461000
7,5845,250,1369.5909423828125,5.478363990783691,6.531533718109131,0.050000011920928955,1461250
7,5846,250,-87.22225952148438,-0.3488890528678894,5.983553886413574,0.050000011920928955,1461500
7,5847,250,1490.51806640625,5.962072372436523,6.027016639709473,0.050000011920928955,1461750
7,5848,250,-79.48820495605469,-0.31795281171798706,5.593801498413086,0.050000011920928955,1462000
7,5849,250,1405.4527587890625,5.6218109130859375,6.236645221710205,0.050000011920928955,1462250
7,5850,250,-102.93199157714844,-0.4117279648780823,5.7922892570495605,0.050000011920928955,1462500
7,5851,250,1565.428466796875,6.261713981628418,5.731848239898682,0.050000011920928955,1462750
7,5852,250,1553.144775390625,6.212579250335693,5.6114349365234375,0.050000011920928955,1463000
7,5853,250,-142.27130126953125,-0.5690851807594299,6.216781139373779,0.050000011920928955,1463250
7,5854,250,-103.94903564453125,-0.4157961308956146,6.049134254455566,0.050000011920928955,1463500
7,5855,250,1656.0677490234375,6.624270915985107,6.078630447387695,0.050000011920928955,1463750
7,5856,250,-70.75491333007812,-0.28301966190338135,5.8755106925964355,0.050000011920928955,1464000
7,5857,250,1814.638671875,7.258554458618164,6.256381511688232,0.050000011920928955,1464250
7,5858,250,1845.9295654296875,7.383718490600586,5.774782180786133,0.050000011920928955,1464500
7,5859,250,-69.86544799804688,-0.2794618010520935,5.709506034851074,0.050000011920928955,1464750
7,5860,250,1762.248046875,7.048992156982422,5.419275283813477,0.050000011920928955,1465000
7,5861,250,1173.2559814453125,4.693024158477783,6.124809265136719,0.050000011920928955,1465250
7,5862,250,1833.919189453125,7.335676670074463,5.696156024932861,0.050000011920928955,1465500
7,5863,250,1700.916259765625,6.8036651611328125,5.439236164093018,0.050000011920928955,1465750
7,5864,250,1873.274658203125,7.493098735809326,5.445474624633789,0.050000011920928955,1466000
7,5865,250,-58.16556930541992,-0.23266227543354034,5.944386005401611,0.050000011920928955,1466250
7,5866,250,-87.91416931152344,-0.3516566753387451,5.446701526641846,0.050000011920928955,1466500
7,5867,250,1854.938232421875,7.419753074645996,5.386983871459961,0.050000011920928955,1466750
7,5868,250,1838.2711181640625,7.353084564208984,5.291691303253174,0.050000011920928955,1467000
7,5869,250,1608.131591796875,6.432526588439941,5.70976448059082,0.050000011920928955,1467250
7,5870,250,-66.0438003540039,-0.2641752064228058,5.5179338455200195,0.050000011920928955,1467500
7,5871,250,1645.9296875,6.583718776702881,5.5186357498168945,0.050000011920928955,1467750
7,5872,250,-67.79816436767578,-0.27119266986846924,5.300490856170654,0.050000011920928955,1468000
7,5873,250,1536.633544921875,6.146533966064453,5.607050895690918,0.050000011920928955,1468250
7,5874,250,1846.0849609375,7.384339809417725,5.318070411682129,0.050000011920928955,1468500
7,5875,250,-76.27676391601562,-0.305107057094574,5.382824420928955,0.050000011920928955,1468750
7,5876,250,1672.4462890625,6.689785003662109,5.545131683349609,0.050000011920928955,1469000
7,5877,250,1350.554443359375,5.402217864990234,5.995466709136963,0.050000011920928955,1469250
7,5878,250,1634.99169921875,6.539966583251953,5.468143463134766,0.050000011920928955,1469500
7,5879,250,1849.12939453125,7.396517753601074,5.713508129119873,0.050000011920928955,1469750
7,5880,250,1855.600830078125,7.422403335571289,5.4744439125061035,0.050000011920928955,1470000
7,5881,250,1594.42236328125,6.377689361572266,5.922751426696777,0.050000011920928955,1470250
7,5882,250,1508.25830078125,6.03303337097168,5.7456159591674805,0.050000011920928955,1470500
7,5883,250,1802.77978515625,7.211119174957275,5.555882930755615,0.050000011920928955,1470750
7,5884,250,1676.867919921875,6.70747184753418,5.183911323547363,0.050000011920928955,1471000
7,5885,250,1711.9254150390625,6.847701549530029,5.479456424713135,0.050000011920928955,1471250
7,5886,250,1840.7900390625,7.363160133361816,5.664153575897217,0.050000011920928955,1471500
7,5887,250,1860.5538330078125,7.442215442657471,5.059748649597168,0.050000011920928955,1471750
7,5888,250,1578.2325439453125,6.312930107116699,5.345045566558838,0.050000011920928955,1472000
7,5889,250,1631.7176513671875,6.5268707275390625,5.162169456481934,0.050000011920928955,1472250
7,5890,250,1569.958251953125,6.27983283996582,5.139804363250732,0.050000011920928955,1472500
7,5891,250,1594.9658203125,6.379863262176514,5.243344783782959,0.050000011920928955,1472750
7,5892,250,1481.6876220703125,5.926750659942627,5.273769855499268,0.050000011920928955,1473000
7,5893,250,1444.48046875,5.777921676635742,5.378833770751953,0.050000011920928955,1473250
7,5894,250,1842.037109375,7.368148326873779,5.329476833343506,0.050000011920928955,1473500
7,5895,250,1883.34521484375,7.53338098526001,5.125051021575928,0.050000011920928955,1473750
7,5896,250,1504.202880859375,6.016811370849609,4.724947929382324,0.050000011920928955,1474000
7,5897,250,1823.4088134765625,7.293635368347168,5.243697166442871,0.050000011920928955,1474250
7,5898,250,1753.1319580078125,7.012527942657471,4.99174690246582,0.050000011920928955,1474500
7,5899,250,1623.1605224609375,6.492641925811768,5.165402412414551,0.050000011920928955,1474750
7,5900,250,1791.5279541015625,7.166111946105957,4.918034076690674,0.050000011920928955,1475000
7,5901,250,1714.136962890625,6.856547832489014,5.337984561920166,0.050000011920928955,1475250
7,5902,250,1667.4071044921875,6.669628620147705,4.851015567779541,0.050000011920928955,1475500
7,5903,250,1450.4595947265625,5.801838397979736,4.71393346786499,0.050000011920928955,1475750
7,5904,250,1484.1656494140625,5.936662673950195,5.113926887512207,0.050000011920928955,1476000
7,5905,250,1787.085205078125,7.148340702056885,5.3232808113098145,0.050000011920928955,1476250
7,5906,250,1917.3974609375,7.669589996337891,5.232073783874512,0.050000011920928955,1476500
7,5907,250,1541.4644775390625,6.165857791900635,5.059572219848633,0.050000011920928955,1476750
7,5908,250,1421.895751953125,5.687582969665527,5.091115474700928,0.050000011920928955,1477000
7,5909,250,1765.417236328125,7.061668872833252,5.278477191925049,0.050000011920928955,1477250
7,5910,250,1566.248779296875,6.264995098114014,5.436468124389648,0.050000011920928955,1477500
7,5911,250,-68.86478424072266,-0.2754591405391693,5.113304615020752,0.050000011920928955,1477750
7,5912,250,1624.816650390625,6.499266624450684,4.94138765335083,0.050000011920928955,1478000
7,5913,250,1933.189453125,7.732758045196533,5.635540962219238,0.050000011920928955,1478250
7,5914,250,1771.513427734375,7.086053848266602,5.160305023193359,0.050000011920928955,1478500
7,5915,250,1878.6007080078125,7.514402866363525,4.818408012390137,0.050000011920928955,1478750
7,5916,250,1620.486572265625,6.4819464683532715,4.852644920349121,0.050000011920928955,1479000
7,5917,250,1921.6412353515625,7.686564922332764,5.273556709289551,0.050000011920928955,1479250
7,5918,250,-7.530085563659668,-0.03012034296989441,4.833348751068115,0.050000011920928955,1479500
7,5919,250,1519.9351806640625,6.079740524291992,5.006272792816162,0.050000011920928955,1479750
7,5920,250,1677.2708740234375,6.709083557128906,5.370956897735596,0.050000011920928955,1480000
7,5921,250,1365.88818359375,5.463552951812744,5.455466270446777,0.050000011920928955,1480250
7,5922,250,1380.058349609375,5.520233631134033,5.793885231018066,0.050000011920928955,1480500
7,5923,250,-108.39424133300781,-0.4335769712924957,5.739526748657227,0.050000011920928955,1480750
7,5924,250,1657.7659912109375,6.631063938140869,6.233987808227539,0.050000011920928955,1481000
7,5925,250,1580.9390869140625,6.323756217956543,6.215887069702148,0.050000011920928955,1481250
7,5926,250,1634.287109375,6.537148475646973,6.252191066741943,0.050000011920928955,1481500
7,5927,250,1780.3245849609375,7.121298313140869,5.93920373916626,0.050000011920928955,1481750
7,5928,250,-96.43260192871094,-0.38573041558265686,6.403858661651611,0.050000011920928955,1482000
7,5929,250,-117.73262786865234,-0.4709305167198181,7.53301477432251,0.050000011920928955,1482250
7,5930,250,1818.63427734375,7.274537086486816,7.475254535675049,0.050000011920928955,1482500
7,5931,250,1485.267822265625,5.941071510314941,7.114778995513916,0.050000011920928955,1482750
7,5932,250,1707.7125244140625,6.830850124359131,7.108959674835205,0.050000011920928955,1483000
7,5933,250,1680.4854736328125,6.721941947937012,7.979578495025635,0.050000011920928955,1483250
7,5934,250,-155.37330627441406,-0.6214932203292847,7.7461113929748535,0.050000011920928955,1483500
7,5935,250,1640.5347900390625,6.56213903427124,7.682699203491211,0.050000011920928955,1483750
7,5936,250,1843.2386474609375,7.372954368591309,7.789758205413818,0.050000011920928955,1484000
7,5937,250,1669.3433837890625,6.67737340927124,8.35766887664795,0.050000011920928955,1484250
7,5938,250,1720.114013671875,6.88045597076416,7.861490726470947,0.050000011920928955,1484500
7,5939,250,-90.20369720458984,-0.36081477999687195,7.499799728393555,0.050000011920928955,1484750
7,5940,250,1787.6910400390625,7.150763988494873,8.259363174438477,0.050000011920928955,1485000
7,5941,250,1874.1280517578125,7.496512413024902,8.851953506469727,0.050000011920928955,1485250
7,5942,250,1692.105224609375,6.768420696258545,7.930912494659424,0.050000011920928955,1485500
7,5943,250,1708.5029296875,6.834011554718018,7.549713611602783,0.050000011920928955,1485750
7,5944,250,-97.80821990966797,-0.3912328779697418,7.80892276763916,0.050000011920928955,1486000
7,5945,250,-149.66757202148438,-0.5986703038215637,8.366325378417969,0.050000011920928955,1486250
7,5946,250,-75.55171966552734,-0.3022068738937378,8.126935005187988,0.050000011920928955,1486500
7,5947,250,-87.90123748779297,-0.3516049385070801,8.181018829345703,0.050000011920928955,1486750
7,5948,250,-79.27082061767578,-0.3170832693576813,8.413050651550293,0.050000011920928955,1487000
7,5949,250,-54.38114929199219,-0.21752460300922394,9.269661903381348,0.050000011920928955,1487250
7,5950,250,16.33709144592285,0.06534836441278458,8.642251014709473,0.050000011920928955,1487500
7,5951,250,1535.8385009765625,6.1433539390563965,8.85063648223877,0.050000011920928955,1487750
7,5952,250,1355.2490234375,5.420996189117432,8.349518775939941,0.050000011920928955,1488000
7,5953,250,-285.0884704589844,-1.1403539180755615,9.907931327819824,0.050000011920928955,1488250
7,5954,250,1543.423095703125,6.173692226409912,8.885382652282715,0.050000011920928955,1488500
7,5955,250,1875.911865234375,7.503647327423096,8.43714427947998,0.050000011920928955,1488750
7,5956,250,1795.810302734375,7.183241367340088,8.855107307434082,0.050000011920928955,1489000
7,5957,250,1689.837890625,6.75935173034668,10.506890296936035,0.050000011920928955,1489250
7,5958,250,1280.9779052734375,5.1239118576049805,9.30971622467041,0.050000011920928955,1489500
7,5959,250,1892.4078369140625,7.569631576538086,8.989774703979492,0.050000011920928955,1489750
7,5960,250,-106.18502807617188,-0.42474010586738586,8.691208839416504,0.050000011920928955,1490000
7,5961,250,1637.5225830078125,6.550090312957764,10.432429313659668,0.050000011920928955,1490250
7,5962,250,1814.5869140625,7.258347511291504,9.374774932861328,0.050000011920928955,1490500
7,5963,250,1831.1629638671875,7.324651718139648,9.18086051940918,0.050000011920928955,1490750
7,5964,250,1714.2093505859375,6.856837272644043,8.804271697998047,0.050000011920928955,1491000
7,5965,250,-27.185840606689453,-0.10874336212873459,10.35066032409668,0.050000011920928955,1491250
7,5966,250,1815.0911865234375,7.260364532470703,9.91600227355957,0.050000011920928955,1491500
7,5967,250,1679.8017578125,6.719206809997559,9.750676155090332,0.050000011920928955,1491750
7,5968,250,1679.184814453125,6.716739177703857,8.817873001098633,0.050000011920928955,1492000
7,5969,250,1642.220458984375,6.568881988525391,10.985347747802734,0.050000011920928955,1492250
7,5970,250,1678.925537109375,6.715702056884766,9.216887474060059,0.050000011920928955,1492500
7,5971,250,1649.5775146484375,6.5983099937438965,9.613860130310059,0.050000011920928955,1492750
7,5972,250,1490.7559814453125,5.963024139404297,9.471632957458496,0.050000011920928955,1493000
7,5973,250,1326.7442626953125,5.306977272033691,11.079652786254883,0.050000011920928955,1493250
7,5974,250,1651.799560546875,6.607198238372803,9.711346626281738,0.050000011920928955,1493500
7,5975,250,1649.2066650390625,6.596826553344727,10.054862976074219,0.050000011920928955,1493750
7,5976,250,1594.832763671875,6.379331111907959,9.506165504455566,0.050000011920928955,1494000
7,5977,250,1566.716064453125,6.26686429977417,10.728861808776855,0.050000011920928955,1494250
7,5978,250,1526.8260498046875,6.107304096221924,9.950613021850586,0.050000011920928955,1494500
7,5979,250,1435.602783203125,5.742411136627197,9.429697036743164,0.050000011920928955,1494750
7,5980,250,1532.4698486328125,6.129879474639893,8.81975269317627,0.050000011920928955,1495000
7,5981,250,1267.3060302734375,5.0692243576049805,10.847426414489746,0.050000011920928955,1495250
7,5982,250,1567.099365234375,6.268397331237793,9.652649879455566,0.050000011920928955,1495500
7,5983,250,-68.59747314453125,-0.2743898928165436,9.909767150878906,0.050000011920928955,1495750
7,5984,250,1572.35400390625,6.2894158363342285,9.54550552368164,0.050000011920928955,1496000
7,5985,250,-52.5837287902832,-0.210334911942482,10.542679786682129,0.050000011920928955,1496250
7,5986,250,1554.755126953125,6.219020366668701,9.641792297363281,0.050000011920928955,1496500
7,5987,250,1652.121337890625,6.608485221862793,8.973546028137207,0.050000011920928955,1496750
7,5988,250,1239.6844482421875,4.958737850189209,8.367427825927734,0.050000011920928955,1497000
7,5989,250,1272.686279296875,5.090744972229004,9.000367164611816,0.050000011920928955,1497250
7,5990,250,1320.017578125,5.2800703048706055,8.00080394744873,0.050000011920928955,1497500
7,5991,250,1668.8580322265625,6.675432205200195,7.416690826416016,0.050000011920928955,1497750
7,5992,250,1671.4580078125,6.6858320236206055,7.229945659637451,0.050000011920928955,1498000
7,5993,250,1448.34326171875,5.793373107910156,7.886730194091797,0.050000011920928955,1498250
7,5994,250,1458.407958984375,5.833631992340088,7.280518054962158,0.050000011920928955,1498500
7,5995,250,0.9655964374542236,0.0038623856380581856,6.782609939575195,0.050000011920928955,1498750
7,5996,250,1481.5113525390625,5.9260454177856445,7.382292747497559,0.050000011920928955,1499000
7,5997,250,1391.1859130859375,5.564743518829346,7.544925212860107,0.050000011920928955,1499250
7,5998,250,1336.31201171875,5.345248222351074,7.617472171783447,0.050000011920928955,1499500
7,5999,250,1416.5994873046875,5.666398048400879,7.394784927368164,0.050000011920928955,1499750
7,6000,250,1379.390869140625,5.517563343048096,6.6741042137146,0.050000011920928955,1500000
7,6001,250,1551.848876953125,6.207395553588867,7.4194865226745605,0.050000011920928955,1500250
7,6002,250,1480.0704345703125,5.920281887054443,7.191588878631592,0.050000011920928955,1500500
7,6003,250,1350.5040283203125,5.4020161628723145,6.944618225097656,0.050000011920928955,1500750
7,6004,250,1586.431640625,6.345726490020752,6.939447402954102,0.050000011920928955,1501000
7,6005,250,1172.55322265625,4.690212726593018,7.762813091278076,0.050000011920928955,1501250
7,6006,250,1743.9375,6.975749969482422,6.933239459991455,0.050000011920928955,1501500
7,6007,250,1203.2789306640625,4.81311559677124,6.430272579193115,0.050000011920928955,1501750
7,6008,250,-467.98602294921875,-1.8719440698623657,6.741738796234131,0.050000011920928955,1502000
7,6009,250,-78.63316345214844,-0.31453266739845276,7.366132736206055,0.050000011920928955,1502250
7,6010,250,-50.766944885253906,-0.20306777954101562,8.19328498840332,0.050000011920928955,1502500
7,6011,250,1831.4468994140625,7.325787544250488,8.42247200012207,0.050000011920928955,1502750
7,6012,250,1853.3155517578125,7.413262367248535,7.906627655029297,0.050000011920928955,1503000
7,6013,250,1629.90478515625,6.519618988037109,8.665705680847168,0.050000011920928955,1503250
7,6014,250,1764.3197021484375,7.057278633117676,9.050697326660156,0.050000011920928955,1503500
7,6015,250,1194.0614013671875,4.776245594024658,8.185392379760742,0.050000011920928955,1503750
7,6016,250,1822.156005859375,7.288623809814453,8.621257781982422,0.050000011920928955,1504000
7,6017,250,1780.832275390625,7.123329162597656,9.189475059509277,0.050000011920928955,1504250
7,6018,250,1620.8411865234375,6.483364582061768,8.468764305114746,0.050000011920928955,1504500
7,6019,250,1802.5809326171875,7.210323810577393,8.176949501037598,0.050000011920928955,1504750
7,6020,250,1896.589111328125,7.5863566398620605,8.236676216125488,0.050000011920928955,1505000
7,6021,250,1.6026561260223389,0.006410624366253614,9.105293273925781,0.050000011920928955,1505250
7,6022,250,-32.01631546020508,-0.12806525826454163,9.111818313598633,0.050000011920928955,1505500
7,6023,250,1789.485107421875,7.15794038772583,9.173511505126953,0.050000011920928955,1505750
7,6024,250,-66.64688110351562,-0.2665875256061554,8.116745948791504,0.050000011920928955,1506000
7,6025,250,1856.34716796875,7.425388813018799,9.869668006896973,0.050000011920928955,1506250
7,6026,250,-80.22506713867188,-0.3209002614021301,8.91926383972168,0.050000011920928955,1506500
7,6027,250,-81.5187759399414,-0.32607510685920715,9.664016723632812,0.050000011920928955,1506750
7,6028,250,1778.8485107421875,7.115394115447998,9.645999908447266,0.050000011920928955,1507000
7,6029,250,1672.5345458984375,6.690138339996338,10.58592700958252,0.050000011920928955,1507250
7,6030,250,-85.63357543945312,-0.34253430366516113,9.808046340942383,0.050000011920928955,1507500
7,6031,250,-79.036865234375,-0.31614744663238525,10.157647132873535,0.050000011920928955,1507750
7,6032,250,15.451160430908203,0.0618046410381794,9.672015190124512,0.050000011920928955,1508000
7,6033,250,-295.5794372558594,-1.1823177337646484,11.621875762939453,0.050000011920928955,1508250
7,6034,250,1686.637939453125,6.746551990509033,10.8881196975708,0.050000011920928955,1508500
7,6035,250,8.863795280456543,0.03545518219470978,10.39555835723877,0.050000011920928955,1508750
7,6036,250,-29.73834228515625,-0.11895336955785751,9.983264923095703,0.050000011920928955,1509000
7,6037,250,-12.263204574584961,-0.04905281960964203,12.79671573638916,0.050000011920928955,1509250
7,6038,250,1058.869140625,4.235476493835449,11.807581901550293,0.050000011920928955,1509500
7,6039,250,1796.7171630859375,7.186868667602539,10.831822395324707,0.050000011920928955,1509750
7,6040,250,-24.693729400634766,-0.09877491742372513,11.171164512634277,0.050000011920928955,1510000
7,6041,250,1560.7376708984375,6.242950916290283,13.088170051574707,0.050000011920928955,1510250
7,6042,250,-1.7759363651275635,-0.007103745359927416,12.355494499206543,0.050000011920928955,1510500
7,6043,250,1700.2353515625,6.800941467285156,12.012628555297852,0.050000011920928955,1510750
7,6044,250,1821.325927734375,7.285303592681885,11.888876914978027,0.050000011920928955,1511000
7,6045,250,-19.33222007751465,-0.0773288831114769,13.692605972290039,0.050000011920928955,1511250
7,6046,250,-20.645166397094727,-0.08258066326379776,12.364729881286621,0.050000011920928955,1511500
7,6047,250,1455.1475830078125,5.820590496063232,12.687858581542969,0.050000011920928955,1511750
7,6048,250,-7.104057788848877,-0.028416231274604797,12.443668365478516,0.050000011920928955,1512000
7,6049,250,-78.5434799194336,-0.3141739070415497,14.498743057250977,0.050000011920928955,1512250
7,6050,250,1368.0264892578125,5.472105979919434,13.467961311340332,0.050000011920928955,1512500
7,6051,250,1666.506591796875,6.666026592254639,12.138059616088867,0.050000011920928955,1512750
7,6052,250,1503.0662841796875,6.012265205383301,11.73403549194336,0.050000011920928955,1513000
7,6053,250,1623.0263671875,6.492105484008789,13.5813570022583,0.050000011920928955,1513250
7,6054,250,1397.21142578125,5.588845729827881,12.642651557922363,0.050000011920928955,1513500
7,6055,250,1476.78125,5.907124996185303,12.00363826751709,0.050000011920928955,1513750
7,6056,250,-451.57244873046875,-1.806289792060852,11.099149703979492,0.050000011920928955,1514000
7,6057,250,538.2518920898438,2.1530075073242188,13.671838760375977,0.050000011920928955,1514250
7,6058,250,824.2520141601562,3.2970080375671387,12.470670700073242,0.050000011920928955,1514500
7,6059,250,661.9295043945312,2.6477179527282715,12.516877174377441,0.050000011920928955,1514750
7,6060,250,1228.428955078125,4.913715839385986,12.287507057189941,0.050000011920928955,1515000
7,6061,250,1629.23828125,6.516952991485596,12.915112495422363,0.050000011920928955,1515250
7,6062,250,1404.4410400390625,5.617763996124268,11.6317720413208,0.050000011920928955,1515500
7,6063,250,1429.201904296875,5.716807842254639,10.614988327026367,0.050000011920928955,1515750
7,6064,250,1530.59326171875,6.122373104095459,10.085610389709473,0.050000011920928955,1516000
7,6065,250,1232.4580078125,4.9298319816589355,11.384977340698242,0.050000011920928955,1516250
7,6066,250,-448.9935607910156,-1.7959742546081543,10.077618598937988,0.050000011920928955,1516500
7,6067,250,1394.3380126953125,5.577352046966553,9.414692878723145,0.050000011920928955,1516750
7,6068,250,-1.3067734241485596,-0.005227093584835529,9.014904975891113,0.050000011920928955,1517000
7,6069,250,17.898630142211914,0.07159452140331268,10.717733383178711,0.050000011920928955,1517250
7,6070,250,62.78860092163086,0.2511543929576874,10.26919937133789,0.050000011920928955,1517500
7,6071,250,1696.8104248046875,6.7872419357299805,10.084932327270508,0.050000011920928955,1517750
7,6072,250,1830.068359375,7.320273399353027,9.442879676818848,0.050000011920928955,1518000
7,6073,250,65.84907531738281,0.263396292924881,10.913095474243164,0.050000011920928955,1518250
7,6074,250,1648.6630859375,6.59465217590332,10.069876670837402,0.050000011920928955,1518500
7,6075,250,46.166419982910156,0.18466567993164062,10.511564254760742,0.050000011920928955,1518750
7,6076,250,1839.232177734375,7.356928825378418,9.787875175476074,0.050000011920928955,1519000
7,6077,250,1878.6898193359375,7.514759063720703,10.423304557800293,0.050000011920928955,1519250
7,6078,250,1662.55859375,6.650234222412109,9.315435409545898,0.050000011920928955,1519500
7,6079,250,1904.113525390625,7.616454124450684,8.92080307006836,0.050000011920928955,1519750
7,6080,250,1880.7373046875,7.52294921875,8.659692764282227,0.050000011920928955,1520000
7,6081,250,1842.915771484375,7.3716630935668945,10.039360046386719,0.050000011920928955,1520250
7,6082,250,1656.7613525390625,6.627045631408691,8.647754669189453,0.050000011920928955,1520500
7,6083,250,-43.103240966796875,-0.1724129617214203,8.695891380310059,0.050000011920928955,1520750
7,6084,250,-62.64883804321289,-0.250595360994339,8.752409934997559,0.050000011920928955,1521000
7,6085,250,1758.7640380859375,7.035056114196777,10.075840950012207,0.050000011920928955,1521250
7,6086,250,1546.5487060546875,6.186194896697998,8.915299415588379,0.050000011920928955,1521500
7,6087,250,1737.72021484375,6.950881004333496,7.913451194763184,0.050000011920928955,1521750
7,6088,250,1761.9814453125,7.04792594909668,8.249353408813477,0.050000011920928955,1522000
7,6089,250,1860.5709228515625,7.442283630371094,8.81330680847168,0.050000011920928955,1522250
7,6090,250,1725.482666015625,6.901930809020996,8.581396102905273,0.050000011920928955,1522500
7,6091,250,1870.815673828125,7.483262538909912,8.48280143737793,0.050000011920928955,1522750
7,6092,250,1694.044921875,6.776179790496826,7.854745388031006,0.050000011920928955,1523000
7,6093,250,1513.2567138671875,6.0530266761779785,9.271495819091797,0.050000011920928955,1523250
7,6094,250,1665.115478515625,6.660461902618408,8.164505958557129,0.050000011920928955,1523500
7,6095,250,1829.246337890625,7.316985130310059,8.213582038879395,0.050000011920928955,1523750
7,6096,250,1703.70361328125,6.814814567565918,8.245256423950195,0.050000011920928955,1524000
7,6097,250,1627.655029296875,6.5106201171875,8.647293090820312,0.050000011920928955,1524250
7,6098,250,1330.520263671875,5.322081089019775,8.168951988220215,0.050000011920928955,1524500
7,6099,250,1761.9520263671875,7.0478081703186035,7.616740703582764,0.050000011920928955,1524750
7,6100,250,1712.096435546875,6.848385810852051,7.308399200439453,0.050000011920928955,1525000
7,6101,250,1839.395751953125,7.357583045959473,7.685969829559326,0.050000011920928955,1525250
7,6102,250,1819.5445556640625,7.2781782150268555,7.745738983154297,0.050000011920928955,1525500
7,6103,250,1781.5281982421875,7.126112937927246,7.189709663391113,0.050000011920928955,1525750
7,6104,250,1551.140869140625,6.204563617706299,7.056065082550049,0.050000011920928955,1526000
7,6105,250,1892.0848388671875,7.5683393478393555,7.477985858917236,0.050000011920928955,1526250
7,6106,250,1736.241455078125,6.944965839385986,7.156630992889404,0.050000011920928955,1526500
7,6107,250,1764.6396484375,7.058558464050293,7.15172815322876,0.050000011920928955,1526750
7,6108,250,1739.13818359375,6.956552505493164,6.467557907104492,0.050000011920928955,1527000
7,6109,250,1623.54931640625,6.494197368621826,7.045046329498291,0.050000011920928955,1527250
7,6110,250,1782.1346435546875,7.128538608551025,6.724365234375,0.050000011920928955,1527500
7,6111,250,1693.883544921875,6.775534152984619,6.223017692565918,0.050000011920928955,1527750
7,6112,250,-469.6461486816406,-1.878584623336792,5.654952049255371,0.050000011920928955,1528000
7,6113,250,-472.3221435546875,-1.8892885446548462,6.2963995933532715,0.050000011920928955,1528250
7,6114,250,1841.5811767578125,7.3663249015808105,5.892444610595703,0.050000011920928955,1528500
7,6115,250,296.0164794921875,1.1840659379959106,5.411330223083496,0.050000011920928955,1528750
7,6116,250,1454.34130859375,5.8173651695251465,5.261022567749023,0.050000011920928955,1529000
7,6117,250,1782.217529296875,7.128870010375977,5.505554676055908,0.050000011920928955,1529250
7,6118,250,1862.0439453125,7.44817590713501,5.392481803894043,0.050000011920928955,1529500
7,6119,250,33.37473678588867,0.13349895179271698,5.5174241065979,0.050000011920928955,1529750
7,6120,250,48.806880950927734,0.1952275186777115,5.840864658355713,0.050000011920928955,1530000
7,6121,250,24.17711639404297,0.09670846909284592,6.785933494567871,0.050000011920928955,1530250
7,6122,250,76.40352630615234,0.3056141138076782,6.599673748016357,0.050000011920928955,1530500
7,6123,250,1881.7579345703125,7.527031898498535,6.730170249938965,0.050000011920928955,1530750
7,6124,250,1669.6678466796875,6.678671360015869,6.528407573699951,0.050000011920928955,1531000
7,6125,250,-25.506132125854492,-0.10202452540397644,6.713836193084717,0.050000011920928955,1531250
7,6126,250,-43.89669418334961,-0.1755867749452591,6.452277660369873,0.050000011920928955,1531500
7,6127,250,16.840246200561523,0.06736098229885101,7.31400728225708,0.050000011920928955,1531750
7,6128,250,28.819377899169922,0.11527751386165619,7.2000603675842285,0.050000011920928955,1532000
7,6129,250,1830.1781005859375,7.320712566375732,8.098430633544922,0.050000011920928955,1532250
7,6130,250,1746.4173583984375,6.9856696128845215,7.73740291595459,0.050000011920928955,1532500
7,6131,250,-9.641327857971191,-0.03856531158089638,7.3253912925720215,0.050000011920928955,1532750
7,6132,250,-27.52999496459961,-0.11011998355388641,7.464046001434326,0.050000011920928955,1533000
7,6133,250,-34.81422424316406,-0.13925689458847046,8.280149459838867,0.050000011920928955,1533250
7,6134,250,-19.718965530395508,-0.07887586206197739,8.26844596862793,0.050000011920928955,1533500
7,6135,250,1857.2222900390625,7.428889274597168,8.712099075317383,0.050000011920928955,1533750
7,6136,250,1851.574462890625,7.40629768371582,8.124104499816895,0.050000011920928955,1534000
7,6137,250,1732.6436767578125,6.930574893951416,8.763143539428711,0.050000011920928955,1534250
7,6138,250,1873.80615234375,7.495224475860596,8.26374626159668,0.050000011920928955,1534500
7,6139,250,1673.3856201171875,6.69354248046875,8.096807479858398,0.050000011920928955,1534750
7,6140,250,1639.529296875,6.558117389678955,8.141173362731934,0.050000011920928955,1535000
7,6141,250,1907.77783203125,7.631111145019531,8.196355819702148,0.050000011920928955,1535250
7,6142,250,-3.359245538711548,-0.013436982408165932,7.746870040893555,0.050000011920928955,1535500
7,6143,250,-6.833217620849609,-0.027332870289683342,8.36515998840332,0.050000011920928955,1535750
7,6144,250,0.7795535326004028,0.0031182141974568367,7.9568705558776855,0.050000011920928955,1536000
7,6145,250,-2.725389003753662,-0.010901556350290775,9.3316650390625,0.050000011920928955,1536250
7,6146,250,1.4404408931732178,0.005761763546615839,9.228419303894043,0.050000011920928955,1536500
7,6147,250,1855.073486328125,7.420293807983398,9.324344635009766,0.050000011920928955,1536750
7,6148,250,1879.4588623046875,7.51783561706543,8.747550964355469,0.050000011920928955,1537000
7,6149,250,1918.8994140625,7.675597667694092,9.791825294494629,0.050000011920928955,1537250
7,6150,250,1857.57421875,7.430296897888184,9.23102855682373,0.050000011920928955,1537500
7,6151,250,1888.58056640625,7.554322242736816,8.603574752807617,0.050000011920928955,1537750
7,6152,250,18.185224533081055,0.07274089753627777,8.651410102844238,0.050000011920928955,1538000
7,6153,250,1878.9158935546875,7.5156636238098145,9.405721664428711,0.050000011920928955,1538250
7,6154,250,-33.6036376953125,-0.13441455364227295,8.869022369384766,0.050000011920928955,1538500
7,6155,250,1846.884521484375,7.387537956237793,8.81911849975586,0.050000011920928955,1538750
7,6156,250,1903.3531494140625,7.613412380218506,8.845794677734375,0.050000011920928955,1539000
7,6157,250,1908.3370361328125,7.633347988128662,9.471711158752441,0.050000011920928955,1539250
7,6158,250,-59.894378662109375,-0.239577516913414,9.832667350769043,0.050000011920928955,1539500
7,6159,250,-61.13576889038086,-0.24454307556152344,8.615708351135254,0.050000011920928955,1539750
7,6160,250,-73.30162048339844,-0.29320648312568665,9.130875587463379,0.050000011920928955,1540000
7,6161,250,-102.18270111083984,-0.40873080492019653,9.527111053466797,0.050000011920928955,1540250
7,6162,250,-62.96249771118164,-0.2518499791622162,9.067533493041992,0.050000011920928955,1540500
7,6163,250,-70.58619689941406,-0.282344788312912,9.329486846923828,0.050000011920928955,1540750
7,6164,250,-86.31504821777344,-0.3452602028846741,9.352025985717773,0.050000011920928955,1541000
7,6165,250,23.775056838989258,0.09510022401809692,10.660223007202148,0.050000011920928955,1541250
7,6166,250,-72.73306274414062,-0.29093223810195923,9.830721855163574,0.050000011920928955,1541500
7,6167,250,20.24972915649414,0.08099891990423203,9.017826080322266,0.050000011920928955,1541750
7,6168,250,-60.945648193359375,-0.24378259479999542,8.912858009338379,0.050000011920928955,1542000
7,6169,250,34.535064697265625,0.1381402611732483,10.637864112854004,0.050000011920928955,1542250
7,6170,250,1727.503662109375,6.910014629364014,9.91968822479248,0.050000011920928955,1542500
7,6171,250,-55.58579635620117,-0.22234319150447845,9.687678337097168,0.050000011920928955,1542750
7,6172,250,1711.025390625,6.844101428985596,9.581897735595703,0.050000011920928955,1543000
7,6173,250,1.7391705513000488,0.006956682074815035,10.617562294006348,0.050000011920928955,1543250
7,6174,250,-14.147542953491211,-0.05659017339348793,9.58985424041748,0.050000011920928955,1543500
7,6175,250,-53.93998718261719,-0.21575994789600372,9.69811725616455,0.050000011920928955,1543750
7,6176,250,-63.4934196472168,-0.25397369265556335,10.09363842010498,0.050000011920928955,1544000
7,6177,250,-39.487548828125,-0.15795019268989563,11.153196334838867,0.050000011920928955,1544250
7,6178,250,-69.64663696289062,-0.2785865366458893,10.64297103881836,0.050000011920928955,1544500
7,6179,250,-59.363685607910156,-0.23745474219322205,10.692473411560059,0.050000011920928955,1544750
7,6180,250,-52.888275146484375,-0.21155309677124023,10.514862060546875,0.050000011920928955,1545000
7,6181,250,-38.47793960571289,-0.153911754488945,12.134191513061523,0.050000011920928955,1545250
7,6182,250,-67.65098571777344,-0.2706039547920227,10.968222618103027,0.050000011920928955,1545500
7,6183,250,-67.62434387207031,-0.2704973816871643,10.208491325378418,0.050000011920928955,1545750
7,6184,250,-64.66529083251953,-0.258661150932312,10.079710960388184,0.050000011920928955,1546000
7,6185,250,-47.36064147949219,-0.18944256007671356,11.058335304260254,0.050000011920928955,1546250
7,6186,250,-74.1583480834961,-0.29663339257240295,9.452138900756836,0.050000011920928955,1546500
7,6187,250,-74.37618255615234,-0.297504723072052,9.122905731201172,0.050000011920928955,1546750
7,6188,250,-50.9856071472168,-0.2039424329996109,8.917455673217773,0.050000011920928955,1547000
7,6189,250,-23.346912384033203,-0.0933876484632492,10.221955299377441,0.050000011920928955,1547250
7,6190,250,-28.54852294921875,-0.11419409513473511,9.342031478881836,0.050000011920928955,1547500
7,6191,250,-72.8127212524414,-0.29125088453292847,8.678786277770996,0.050000011920928955,1547750
7,6192,250,-64.1812744140625,-0.25672510266304016,8.581340789794922,0.050000011920928955,1548000
7,6193,250,-76.38473510742188,-0.30553895235061646,10.17909049987793,0.050000011920928955,1548250
7,6194,250,-19.185199737548828,-0.0767408013343811,9.080078125,0.050000011920928955,1548500
7,6195,250,-33.641136169433594,-0.13456454873085022,8.957268714904785,0.050000011920928955,1548750
7,6196,250,-72.63452911376953,-0.29053810238838196,8.9036865234375,0.050000011920928955,1549000
7,6197,250,-19.065887451171875,-0.07626354694366455,10.943257331848145,0.050000011920928955,1549250
7,6198,250,-18.83598518371582,-0.07534394413232803,9.792550086975098,0.050000011920928955,1549500
7,6199,250,1582.686279296875,6.330745220184326,9.918985366821289,0.050000011920928955,1549750
7,6200,250,-51.72647476196289,-0.20690590143203735,9.658113479614258,0.050000011920928955,1550000
7,6201,250,-24.417953491210938,-0.09767181426286697,10.724340438842773,0.050000011920928955,1550250
7,6202,250,-39.91816711425781,-0.15967266261577606,9.805675506591797,0.050000011920928955,1550500
7,6203,250,1560.277587890625,6.241110324859619,9.305913925170898,0.050000011920928955,1550750
7,6204,250,-61.24576950073242,-0.24498307704925537,9.150422096252441,0.050000011920928955,1551000
7,6205,250,-49.116943359375,-0.19646777212619781,10.554906845092773,0.050000011920928955,1551250
7,6206,250,-82.84465026855469,-0.33137860894203186,9.188681602478027,0.050000011920928955,1551500
7,6207,250,-23.518781661987305,-0.09407512843608856,9.328462600708008,0.050000011920928955,1551750
7,6208,250,-96.7642822265625,-0.3870571255683899,8.919240951538086,0.050000011920928955,1552000
7,6209,250,-88.23841094970703,-0.35295364260673523,10.080277442932129,0.050000011920928955,1552250
7,6210,250,-50.687286376953125,-0.20274914801120758,9.267621040344238,0.050000011920928955,1552500
7,6211,250,-64.67211151123047,-0.25868844985961914,9.050148010253906,0.050000011920928955,1552750
7,6212,250,-13.931163787841797,-0.05572465434670448,8.859945297241211,0.050000011920928955,1553000
7,6213,250,-49.82521057128906,-0.1993008404970169,10.012330055236816,0.050000011920928955,1553250
7,6214,250,-45.81060028076172,-0.18324239552021027,9.010961532592773,0.050000011920928955,1553500
7,6215,250,-69.74453735351562,-0.2789781391620636,8.750781059265137,0.050000011920928955,1553750
7,6216,250,-56.92679977416992,-0.22770719230175018,8.956189155578613,0.050000011920928955,1554000
7,6217,250,-50.68836212158203,-0.2027534544467926,9.632978439331055,0.050000011920928955,1554250
7,6218,250,-73.4086685180664,-0.29363468289375305,8.86530876159668,0.050000011920928955,1554500
7,6219,250,-67.06507110595703,-0.26826027035713196,8.721115112304688,0.050000011920928955,1554750
7,6220,250,-68.5793228149414,-0.27431729435920715,8.526505470275879,0.050000011920928955,1555000
7,6221,250,-79.97258758544922,-0.3198903501033783,9.635430335998535,0.050000011920928955,1555250
7,6222,250,-64.62339782714844,-0.2584936022758484,8.638230323791504,0.050000011920928955,1555500
7,6223,250,-78.42628479003906,-0.3137051463127136,8.260275840759277,0.050000011920928955,1555750
7,6224,250,-78.46939086914062,-0.31387755274772644,8.262317657470703,0.050000011920928955,1556000
7,6225,250,-62.53555679321289,-0.2501422166824341,9.637752532958984,0.050000011920928955,1556250
7,6226,250,-32.263572692871094,-0.12905429303646088,8.959056854248047,0.050000011920928955,1556500
7,6227,250,-74.35700225830078,-0.2974280118942261,8.485823631286621,0.050000011920928955,1556750
7,6228,250,1620.333251953125,6.481332778930664,8.572406768798828,0.050000011920928955,1557000
7,6229,250,-57.80386734008789,-0.2312154620885849,9.500998497009277,0.050000011920928955,1557250
7,6230,250,-67.54759979248047,-0.27019038796424866,8.593804359436035,0.050000011920928955,1557500
7,6231,250,-73.3318099975586,-0.2933272421360016,8.508394241333008,0.050000011920928955,1557750
7,6232,250,-43.123252868652344,-0.17249301075935364,8.034258842468262,0.050000011920928955,1558000
7,6233,250,-86.21927642822266,-0.34487709403038025,9.359474182128906,0.050000011920928955,1558250
7,6234,250,-40.77454376220703,-0.16309817135334015,8.404500007629395,0.050000011920928955,1558500
7,6235,250,1552.257568359375,6.2090301513671875,7.94730806350708,0.050000011920928955,1558750
7,6236,250,-32.70425796508789,-0.13081702589988708,8.00485610961914,0.050000011920928955,1559000
7,6237,250,-76.70352172851562,-0.3068140745162964,8.78253173828125,0.050000011920928955,1559250
7,6238,250,-55.47867202758789,-0.22191469371318817,7.793001174926758,0.050000011920928955,1559500
7,6239,250,-64.63025665283203,-0.25852102041244507,8.063013076782227,0.050000011920928955,1559750
7,6240,250,-49.667999267578125,-0.19867199659347534,8.121180534362793,0.050000011920928955,1560000
7,6241,250,-16.07839012145996,-0.06431356072425842,8.872842788696289,0.050000011920928955,1560250
7,6242,250,-38.66897201538086,-0.15467588603496552,8.05759334564209,0.050000011920928955,1560500
7,6243,250,-44.93321228027344,-0.17973284423351288,7.846035957336426,0.050000011920928955,1560750
7,6244,250,-50.941226959228516,-0.2037649005651474,7.7884016036987305,0.050000011920928955,1561000
7,6245,250,-70.9577865600586,-0.2838311493396759,8.374119758605957,0.050000011920928955,1561250
7,6246,250,-51.097774505615234,-0.20439109206199646,7.569459438323975,0.050000011920928955,1561500
7,6247,250,-59.21278762817383,-0.23685115575790405,7.491518020629883,0.050000011920928955,1561750
7,6248,250,1409.0618896484375,5.636247634887695,7.189784049987793,0.050000011920928955,1562000
7,6249,250,-68.01297760009766,-0.2720519006252289,7.835571765899658,0.050000011920928955,1562250
7,6250,250,425.8391418457031,1.7033566236495972,7.060731887817383,0.050000011920928955,1562500
7,6251,250,19.943470001220703,0.07977388054132462,7.346920490264893,0.050000011920928955,1562750
7,6252,250,1696.7926025390625,6.78717041015625,7.220320224761963,0.050000011920928955,1563000
7,6253,250,-47.11077880859375,-0.1884431093931198,8.603765487670898,0.050000011920928955,1563250
7,6254,250,13.732484817504883,0.0549299381673336,8.205914497375488,0.050000011920928955,1563500
7,6255,250,-69.0553207397461,-0.27622127532958984,7.89691162109375,0.050000011920928955,1563750
7,6256,250,1601.586181640625,6.406344890594482,7.920140266418457,0.050000011920928955,1564000
7,6257,250,-51.830955505371094,-0.20732381939888,8.972227096557617,0.050000011920928955,1564250
7,6258,250,-58.32252883911133,-0.23329012095928192,8.307549476623535,0.050000011920928955,1564500
7,6259,250,-76.53450775146484,-0.3061380386352539,8.095693588256836,0.050000011920928955,1564750
7,6260,250,-66.09539031982422,-0.2643815577030182,7.911327838897705,0.050000011920928955,1565000
7,6261,250,-51.269859313964844,-0.20507943630218506,9.357075691223145,0.050000011920928955,1565250
7,6262,250,-41.76026916503906,-0.16704107820987701,8.450613021850586,0.050000011920928955,1565500
7,6263,250,1768.5322265625,7.074129104614258,8.415447235107422,0.050000011920928955,1565750
7,6264,250,-52.26699447631836,-0.20906797051429749,7.857114791870117,0.050000011920928955,1566000
7,6265,250,1359.05419921875,5.436216831207275,9.561304092407227,0.050000011920928955,1566250
7,6266,250,1645.7069091796875,6.582827568054199,8.388106346130371,0.050000011920928955,1566500
7,6267,250,1562.09765625,6.2483906745910645,8.266292572021484,0.050000011920928955,1566750
7,6268,250,-16.136926651000977,-0.06454771012067795,8.087857246398926,0.050000011920928955,1567000
7,6269,250,18.99269676208496,0.07597078382968903,8.587865829467773,0.050000011920928955,1567250
7,6270,250,-3.3911097049713135,-0.013564438559114933,8.032893180847168,0.050000011920928955,1567500
7,6271,250,1408.25048828125,5.633001804351807,7.7978081703186035,0.050000011920928955,1567750
7,6272,250,-33.44775390625,-0.1337910145521164,7.621891021728516,0.050000011920928955,1568000
7,6273,250,-14.849503517150879,-0.05939801409840584,8.347782135009766,0.050000011920928955,1568250
7,6274,250,-26.34271812438965,-0.10537087172269821,7.775288105010986,0.050000011920928955,1568500
7,6275,250,-27.606142044067383,-0.11042457073926926,7.801133632659912,0.050000011920928955,1568750
7,6276,250,1623.5111083984375,6.494044303894043,7.812720775604248,0.050000011920928955,1569000
7,6277,250,1523.2015380859375,6.092806339263916,8.299973487854004,0.050000011920928955,1569250
7,6278,250,-33.44263458251953,-0.13377054035663605,7.870300769805908,0.050000011920928955,1569500
7,6279,250,-25.212963104248047,-0.10085184872150421,8.101442337036133,0.050000011920928955,1569750
7,6280,250,19.066884994506836,0.0762675404548645,8.281728744506836,0.050000011920928955,1570000
7,6281,250,-31.846097946166992,-0.12738439440727234,8.903947830200195,0.050000011920928955,1570250
7,6282,250,17.910505294799805,0.07164201885461807,8.149951934814453,0.050000011920928955,1570500
7,6283,250,-46.121856689453125,-0.18448743224143982,8.420295715332031,0.050000011920928955,1570750
7,6284,250,1708.0341796875,6.832136631011963,8.27789306640625,0.050000011920928955,1571000
7,6285,250,10.807432174682617,0.04322972893714905,8.609696388244629,0.050000011920928955,1571250
7,6286,250,-44.57444381713867,-0.17829777300357819,8.472894668579102,0.050000011920928955,1571500
7,6287,250,-21.779138565063477,-0.0871165543794632,8.377445220947266,0.050000011920928955,1571750
7,6288,250,-40.93218231201172,-0.163728728890419,8.164679527282715,0.050000011920928955,1572000
7,6289,250,-44.36878967285156,-0.17747515439987183,9.141294479370117,0.050000011920928955,1572250
7,6290,250,-23.594011306762695,-0.09437604248523712,8.31700325012207,0.050000011920928955,1572500
7,6291,250,1706.07275390625,6.824291229248047,8.189116477966309,0.050000011920928955,1572750
7,6292,250,-52.24291229248047,-0.20897164940834045,7.722559452056885,0.050000011920928955,1573000
7,6293,250,-43.66990661621094,-0.17467962205410004,8.121981620788574,0.050000011920928955,1573250
7,6294,250,-39.55776596069336,-0.15823106467723846,7.822982311248779,0.050000011920928955,1573500
7,6295,250,-32.50921630859375,-0.130036860704422,7.507364749908447,0.050000011920928955,1573750
7,6296,250,-25.268077850341797,-0.10107231140136719,7.292942523956299,0.050000011920928955,1574000
7,6297,250,-37.991111755371094,-0.1519644409418106,8.271340370178223,0.050000011920928955,1574250
7,6298,250,-45.225093841552734,-0.18090038001537323,7.778903007507324,0.050000011920928955,1574500
7,6299,250,-50.994117736816406,-0.20397646725177765,7.498359680175781,0.050000011920928955,1574750
7,6300,250,-46.71693801879883,-0.18686775863170624,7.547903060913086,0.050000011920928955,1575000
7,6301,250,-85.0080795288086,-0.34003230929374695,8.69027042388916,0.050000011920928955,1575250
7,6302,250,-28.583261489868164,-0.11433304846286774,8.55666732788086,0.050000011920928955,1575500
7,6303,250,1493.9678955078125,5.975871562957764,7.987300872802734,0.050000011920928955,1575750
7,6304,250,-20.183815002441406,-0.08073525875806808,8.072318077087402,0.050000011920928955,1576000
7,6305,250,-15.754037857055664,-0.06301615387201309,9.413330078125,0.050000011920928955,1576250
7,6306,250,-35.40171813964844,-0.141606867313385,8.774396896362305,0.050000011920928955,1576500
7,6307,250,-274.64056396484375,-1.098562240600586,8.458986282348633,0.050000011920928955,1576750
7,6308,250,-3.9230990409851074,-0.015692396089434624,8.699979782104492,0.050000011920928955,1577000
7,6309,250,1657.9647216796875,6.631858825683594,9.562716484069824,0.050000011920928955,1577250
7,6310,250,-68.03113555908203,-0.2721245288848877,8.936487197875977,0.050000011920928955,1577500
7,6311,250,1588.604736328125,6.354418754577637,8.427427291870117,0.050000011920928955,1577750
7,6312,250,8.91311264038086,0.03565245121717453,8.757184982299805,0.050000011920928955,1578000
7,6313,250,-3.1157431602478027,-0.012462972663342953,8.970755577087402,0.050000011920928955,1578250
7,6314,250,-42.41817855834961,-0.16967271268367767,9.16303539276123,0.050000011920928955,1578500
7,6315,250,63.353031158447266,0.253412127494812,8.716961860656738,0.050000011920928955,1578750
7,6316,250,1647.907470703125,6.591629981994629,8.36685562133789,0.050000011920928955,1579000
7,6317,250,1807.62646484375,7.23050594329834,8.901674270629883,0.050000011920928955,1579250
7,6318,250,1606.5401611328125,6.42616081237793,8.276679039001465,0.050000011920928955,1579500
7,6319,250,1555.971435546875,6.223885536193848,8.107906341552734,0.050000011920928955,1579750
7,6320,250,-66.07699584960938,-0.26430797576904297,7.780436992645264,0.050000011920928955,1580000
7,6321,250,-27.542587280273438,-0.11017034947872162,8.31718921661377,0.050000011920928955,1580250
7,6322,250,1666.398681640625,6.665594577789307,7.968386173248291,0.050000011920928955,1580500
7,6323,250,-0.7381730079650879,-0.002952692098915577,7.698418140411377,0.050000011920928955,1580750
7,6324,250,6.571433067321777,0.02628573216497898,7.683169364929199,0.050000011920928955,1581000
7,6325,250,1766.204833984375,7.0648193359375,8.220922470092773,0.050000011920928955,1581250
7,6326,250,-40.26087188720703,-0.16104349493980408,7.476102828979492,0.050000011920928955,1581500
7,6327,250,-48.737342834472656,-0.19494937360286713,8.086318016052246,0.050000011920928955,1581750
7,6328,250,-61.16852569580078,-0.24467410147190094,7.903023719787598,0.050000011920928955,1582000
7,6329,250,-41.10599899291992,-0.16442400217056274,8.581863403320312,0.050000011920928955,1582250
7,6330,250,-20.800823211669922,-0.08320329338312149,8.041751861572266,0.050000011920928955,1582500
7,6331,250,2013.9814453125,8.055925369262695,7.753944396972656,0.050000011920928955,1582750
7,6332,250,-25.126001358032227,-0.10050400346517563,7.820214748382568,0.050000011920928955,1583000
7,6333,250,-12.979279518127441,-0.05191711708903313,8.475793838500977,0.050000011920928955,1583250
7,6334,250,-34.41999053955078,-0.13767996430397034,7.884152889251709,0.050000011920928955,1583500
7,6335,250,-42.05638122558594,-0.16822552680969238,7.854553699493408,0.050000011920928955,1583750
7,6336,250,-37.791778564453125,-0.1511671096086502,7.6106977462768555,0.050000011920928955,1584000
7,6337,250,6.280179023742676,0.02512071654200554,8.62277889251709,0.050000011920928955,1584250
7,6338,250,-46.87760543823242,-0.1875104159116745,7.980203628540039,0.050000011920928955,1584500
7,6339,250,1658.2933349609375,6.63317346572876,7.823546886444092,0.050000011920928955,1584750
7,6340,250,-36.621219635009766,-0.1464848816394806,7.422823905944824,0.050000011920928955,1585000
7,6341,250,-5.86646842956543,-0.023465873673558235,8.26101016998291,0.050000011920928955,1585250
7,6342,250,-5.450864791870117,-0.021803459152579308,7.298619747161865,0.050000011920928955,1585500
7,6343,250,-18.85869598388672,-0.07543478161096573,7.450744152069092,0.050000011920928955,1585750
7,6344,250,-0.7352640628814697,-0.002941056154668331,7.259644031524658,0.050000011920928955,1586000
7,6345,250,36.20866012573242,0.14483463764190674,8.070635795593262,0.050000011920928955,1586250
7,6346,250,25.830291748046875,0.10332116484642029,7.509237289428711,0.050000011920928955,1586500
7,6347,250,40.450408935546875,0.16180163621902466,7.645606994628906,0.050000011920928955,1586750
7,6348,250,30.767948150634766,0.12307178974151611,7.580308437347412,0.050000011920928955,1587000
7,6349,250,51.58381271362305,0.20633524656295776,7.828785419464111,0.050000011920928955,1587250
7,6350,250,1705.3033447265625,6.821213245391846,7.486234664916992,0.050000011920928955,1587500
7,6351,250,59.887298583984375,0.2395491898059845,7.337979316711426,0.050000011920928955,1587750
7,6352,250,41.48161697387695,0.1659264713525772,7.415747165679932,0.050000011920928955,1588000
7,6353,250,58.6650390625,0.23466016352176666,8.4042329788208,0.050000011920928955,1588250
7,6354,250,59.621952056884766,0.23848780989646912,7.756552219390869,0.050000011920928955,1588500
7,6355,250,44.40249252319336,0.17760996520519257,7.631173133850098,0.050000011920928955,1588750
7,6356,250,51.316810607910156,0.20526723563671112,7.471609115600586,0.050000011920928955,1589000
7,6357,250,36.935020446777344,0.14774008095264435,8.045572280883789,0.050000011920928955,1589250
7,6358,250,43.96603775024414,0.17586414515972137,7.81342077255249,0.050000011920928955,1589500
7,6359,250,45.263031005859375,0.18105211853981018,7.704788684844971,0.050000011920928955,1589750
7,6360,250,44.47954177856445,0.17791816592216492,7.73445987701416,0.050000011920928955,1590000
7,6361,250,-62.040550231933594,-0.2481621950864792,8.348584175109863,0.050000011920928955,1590250
7,6362,250,1607.3021240234375,6.429208278656006,8.21552562713623,0.050000011920928955,1590500
7,6363,250,55.17804718017578,0.22071218490600586,7.983771800994873,0.050000011920928955,1590750
7,6364,250,8.092838287353516,0.03237135335803032,7.59059476852417,0.050000011920928955,1591000
7,6365,250,29.614166259765625,0.11845666170120239,8.128835678100586,0.050000011920928955,1591250
7,6366,250,31.728092193603516,0.12691237032413483,7.755136013031006,0.050000011920928955,1591500
7,6367,250,26.257381439208984,0.10502952337265015,7.737918376922607,0.050000011920928955,1591750
7,6368,250,74.951171875,0.2998046875,7.614649295806885,0.050000011920928955,1592000
7,6369,250,48.882911682128906,0.19553165137767792,7.887698173522949,0.050000011920928955,1592250
7,6370,250,-32.26430130004883,-0.12905719876289368,7.60017728805542,0.050000011920928955,1592500
7,6371,250,1345.1080322265625,5.38043212890625,7.850412845611572,0.050000011920928955,1592750
7,6372,250,36.007904052734375,0.1440316140651703,7.5235066413879395,0.050000011920928955,1593000
7,6373,250,-6.778373718261719,-0.027113495394587517,8.100772857666016,0.050000011920928955,1593250
7,6374,250,52.397361755371094,0.20958945155143738,7.9285197257995605,0.050000011920928955,1593500
7,6375,250,1282.94970703125,5.13179874420166,7.904788494110107,0.050000011920928955,1593750
7,6376,250,1201.6158447265625,4.806463241577148,7.747220993041992,0.050000011920928955,1594000
7,6377,250,54.11857986450195,0.21647432446479797,8.109270095825195,0.050000011920928955,1594250
7,6378,250,51.513893127441406,0.20605556666851044,8.054754257202148,0.050000011920928955,1594500
7,6379,250,-95.38543701171875,-0.38154175877571106,8.253565788269043,0.050000011920928955,1594750
7,6380,250,-0.5433647036552429,-0.0021734589245170355,8.254648208618164,0.050000011920928955,1595000
7,6381,250,-23.7402400970459,-0.09496095776557922,8.495004653930664,0.050000011920928955,1595250
7,6382,250,1273.4207763671875,5.093683242797852,8.18100643157959,0.050000011920928955,1595500
7,6383,250,-31.004817962646484,-0.12401927262544632,7.852087497711182,0.050000011920928955,1595750
7,6384,250,-36.61406707763672,-0.1464562714099884,7.9668803215026855,0.050000011920928955,1596000
7,6385,250,-25.360095977783203,-0.10144038498401642,8.194866180419922,0.050000011920928955,1596250
7,6386,250,-44.00634002685547,-0.1760253608226776,8.269447326660156,0.050000011920928955,1596500
7,6387,250,-30.845447540283203,-0.12338179349899292,8.044229507446289,0.050000011920928955,1596750
7,6388,250,1590.8045654296875,6.363218307495117,8.00809383392334,0.050000011920928955,1597000
7,6389,250,-61.94737243652344,-0.24778948724269867,8.493769645690918,0.050000011920928955,1597250
7,6390,250,-33.48215103149414,-0.1339285969734192,8.171525955200195,0.050000011920928955,1597500
7,6391,250,-58.975067138671875,-0.23590026795864105,8.402620315551758,0.050000011920928955,1597750
7,6392,250,-36.86094665527344,-0.14744378626346588,8.336484909057617,0.050000011920928955,1598000
7,6393,250,-35.523155212402344,-0.14209261536598206,8.817617416381836,0.050000011920928955,1598250
7,6394,250,-4.11959171295166,-0.016478367149829865,8.527993202209473,0.050000011920928955,1598500
7,6395,250,1671.8778076171875,6.687511444091797,8.168497085571289,0.050000011920928955,1598750
7,6396,250,-54.12498092651367,-0.216499924659729,8.512762069702148,0.050000011920928955,1599000
7,6397,250,1360.7769775390625,5.443108081817627,8.62434196472168,0.050000011920928955,1599250
7,6398,250,-77.28893280029297,-0.30915573239326477,8.203794479370117,0.050000011920928955,1599500
7,6399,250,1367.464111328125,5.469856262207031,8.21410083770752,0.050000011920928955,1599750
7,6400,250,1299.1558837890625,5.1966233253479,8.30032730102539,0.050000011920928955,1600000
7,6401,250,1164.3682861328125,4.657473087310791,8.320993423461914,0.050000011920928955,1600250
7,6402,250,1347.8951416015625,5.391580581665039,7.93340539932251,0.050000011920928955,1600500
7,6403,250,1370.619140625,5.482476711273193,7.608565807342529,0.050000011920928955,1600750
7,6404,250,1339.439453125,5.357758045196533,7.627292633056641,0.050000011920928955,1601000
7,6405,250,1333.20751953125,5.33282995223999,7.7688212394714355,0.050000011920928955,1601250
7,6406,250,1356.9635009765625,5.427854061126709,7.738605976104736,0.050000011920928955,1601500
7,6407,250,1370.911865234375,5.483647346496582,7.743976593017578,0.050000011920928955,1601750
7,6408,250,1277.2020263671875,5.1088080406188965,7.506261348724365,0.050000011920928955,1602000
7,6409,250,1308.7879638671875,5.235151767730713,7.197196960449219,0.050000011920928955,1602250
7,6410,250,1364.0709228515625,5.4562835693359375,6.940023899078369,0.050000011920928955,1602500
7,6411,250,751.2591552734375,3.0050365924835205,6.904129505157471,0.050000011920928955,1602750
7,6412,250,1263.0899658203125,5.0523600578308105,6.827297210693359,0.050000011920928955,1603000
7,6413,250,-195.10572814941406,-0.7804229259490967,7.509303569793701,0.050000011920928955,1603250
7,6414,250,1317.1141357421875,5.26845645904541,7.034206390380859,0.050000011920928955,1603500
7,6415,250,-26.814743041992188,-0.10725897550582886,6.919466972351074,0.050000011920928955,1603750
7,6416,250,1373.6722412109375,5.494688987731934,7.56261682510376,0.050000011920928955,1604000
7,6417,250,1324.818603515625,5.299274444580078,7.220707893371582,0.050000011920928955,1604250
7,6418,250,1368.697998046875,5.474792003631592,6.727997779846191,0.050000011920928955,1604500
7,6419,250,7.0735626220703125,0.02829425036907196,6.898612976074219,0.050000011920928955,1604750
7,6420,250,1396.51708984375,5.586068153381348,7.041055679321289,0.050000011920928955,1605000
7,6421,250,-152.33995056152344,-0.6093598008155823,7.148582935333252,0.050000011920928955,1605250
7,6422,250,1354.6680908203125,5.418672561645508,6.988214492797852,0.050000011920928955,1605500
7,6423,250,1112.46142578125,4.449845790863037,6.911724090576172,0.050000011920928955,1605750
7,6424,250,-32.45716094970703,-0.12982864677906036,6.641505718231201,0.050000011920928955,1606000
7,6425,250,1342.797119140625,5.371188640594482,6.607905387878418,0.050000011920928955,1606250
7,6426,250,1413.216552734375,5.652866363525391,6.755524158477783,0.050000011920928955,1606500
7,6427,250,-32.467857360839844,-0.1298714280128479,6.084218502044678,0.050000011920928955,1606750
7,6428,250,1403.7177734375,5.614871025085449,6.416751384735107,0.050000011920928955,1607000
7,6429,250,1311.861083984375,5.247444152832031,6.648411273956299,0.050000011920928955,1607250
7,6430,250,1391.1025390625,5.564410209655762,6.712027072906494,0.050000011920928955,1607500
7,6431,250,1304.755615234375,5.219022274017334,6.174076080322266,0.050000011920928955,1607750
7,6432,250,1250.3233642578125,5.001293659210205,5.900196075439453,0.050000011920928955,1608000
7,6433,250,1332.58251953125,5.330329895019531,6.287239074707031,0.050000011920928955,1608250
7,6434,250,1341.0386962890625,5.364154815673828,6.030726909637451,0.050000011920928955,1608500
7,6435,250,12.423080444335938,0.04969232156872749,6.139053821563721,0.050000011920928955,1608750
7,6436,250,1385.00244140625,5.54000997543335,6.158014297485352,0.050000011920928955,1609000
7,6437,250,1274.7261962890625,5.098904609680176,6.139683723449707,0.050000011920928955,1609250
7,6438,250,37.927345275878906,0.15170937776565552,5.7936601638793945,0.050000011920928955,1609500
7,6439,250,17.079286575317383,0.06831714510917664,5.787938594818115,0.050000011920928955,1609750
7,6440,250,1329.8179931640625,5.319272041320801,5.648682594299316,0.050000011920928955,1610000
7,6441,250,1283.353271484375,5.133413314819336,5.873569488525391,0.050000011920928955,1610250
7,6442,250,190.37557983398438,0.7615023255348206,6.621347904205322,0.050000011920928955,1610500
7,6443,250,1344.7557373046875,5.37902307510376,6.399550437927246,0.050000011920928955,1610750
7,6444,250,1375.2337646484375,5.500935077667236,6.236039161682129,0.050000011920928955,1611000
7,6445,250,1370.032958984375,5.48013162612915,6.545135021209717,0.050000011920928955,1611250
7,6446,250,1429.975341796875,5.7199015617370605,6.343352794647217,0.050000011920928955,1611500
7,6447,250,1342.0819091796875,5.368327617645264,6.1994547843933105,0.050000011920928955,1611750
7,6448,250,1059.301513671875,4.237205982208252,6.271916389465332,0.050000011920928955,1612000
7,6449,250,1426.9903564453125,5.707961559295654,5.810452938079834,0.050000011920928955,1612250
7,6450,250,1372.1837158203125,5.488734722137451,6.046473026275635,0.050000011920928955,1612500
7,6451,250,78.07955169677734,0.31231820583343506,5.911679744720459,0.050000011920928955,1612750
7,6452,250,1362.4715576171875,5.449886322021484,6.517271518707275,0.050000011920928955,1613000
7,6453,250,1442.72216796875,5.770888805389404,6.17943000793457,0.050000011920928955,1613250
7,6454,250,45.82085418701172,0.18328341841697693,5.846286296844482,0.050000011920928955,1613500
7,6455,250,1421.6072998046875,5.686429023742676,5.9826436042785645,0.050000011920928955,1613750
7,6456,250,79.28276824951172,0.31713107228279114,5.991545677185059,0.050000011920928955,1614000
7,6457,250,1448.2518310546875,5.7930073738098145,6.046322822570801,0.050000011920928955,1614250
7,6458,250,1415.538818359375,5.6621551513671875,5.980839252471924,0.050000011920928955,1614500
7,6459,250,1394.7879638671875,5.579151630401611,6.0897417068481445,0.050000011920928955,1614750
7,6460,250,1360.04345703125,5.440173625946045,5.834008693695068,0.050000011920928955,1615000
7,6461,250,79.89671325683594,0.319586843252182,5.915528774261475,0.050000011920928955,1615250
7,6462,250,1436.9039306640625,5.747615814208984,5.894341945648193,0.050000011920928955,1615500
7,6463,250,65.01246643066406,0.26004987955093384,5.935283660888672,0.050000011920928955,1615750
7,6464,250,29.296720504760742,0.11718688160181046,6.185767650604248,0.050000011920928955,1616000
7,6465,250,10.406850814819336,0.04162740334868431,6.160962104797363,0.050000011920928955,1616250
7,6466,250,18.837879180908203,0.07535151392221451,6.016480922698975,0.050000011920928955,1616500
7,6467,250,657.8184814453125,2.6312739849090576,6.565423488616943,0.050000011920928955,1616750
7,6468,250,34.85841751098633,0.13943366706371307,6.317326068878174,0.050000011920928955,1617000
7,6469,250,429.01947021484375,1.7160779237747192,6.757380962371826,0.050000011920928955,1617250
7,6470,250,224.85763549804688,0.899430513381958,6.354862213134766,0.050000011920928955,1617500
7,6471,250,1194.5701904296875,4.778280735015869,6.767977714538574,0.050000011920928955,1617750
7,6472,250,1401.0565185546875,5.604226112365723,6.619088172912598,0.050000011920928955,1618000
7,6473,250,567.1307373046875,2.2685229778289795,6.841719150543213,0.050000011920928955,1618250
7,6474,250,1569.0780029296875,6.276311874389648,6.898921489715576,0.050000011920928955,1618500
7,6475,250,1586.0238037109375,6.344095230102539,6.532623291015625,0.050000011920928955,1618750
7,6476,250,1656.7467041015625,6.626986980438232,6.236479759216309,0.050000011920928955,1619000
7,6477,250,1533.6883544921875,6.134753227233887,6.82319450378418,0.050000011920928955,1619250
7,6478,250,876.0098876953125,3.5040395259857178,6.586386680603027,0.050000011920928955,1619500
7,6479,250,40.34392547607422,0.16137570142745972,6.737443923950195,0.050000011920928955,1619750
7,6480,250,1543.5426025390625,6.17417049407959,6.674017906188965,0.050000011920928955,1620000
7,6481,250,1684.1968994140625,6.736787796020508,6.356122016906738,0.050000011920928955,1620250
7,6482,250,25.057687759399414,0.10023075342178345,6.346455097198486,0.050000011920928955,1620500
7,6483,250,67.66594696044922,0.2706637978553772,6.646267414093018,0.050000011920928955,1620750
7,6484,250,1722.9716796875,6.8918867111206055,6.315228462219238,0.050000011920928955,1621000
7,6485,250,1782.94677734375,7.131787300109863,6.490446090698242,0.050000011920928955,1621250
7,6486,250,1662.7242431640625,6.650897026062012,6.1342315673828125,0.050000011920928955,1621500
7,6487,250,63.845977783203125,0.2553839087486267,6.280327320098877,0.050000011920928955,1621750
7,6488,250,1732.3690185546875,6.929476261138916,6.388631343841553,0.050000011920928955,1622000
7,6489,250,9.599542617797852,0.03839816898107529,6.833562850952148,0.050000011920928955,1622250
7,6490,250,36.287376403808594,0.14514949917793274,6.9765214920043945,0.050000011920928955,1622500
7,6491,250,1703.8990478515625,6.815596103668213,6.530418395996094,0.050000011920928955,1622750
7,6492,250,45.743534088134766,0.18297412991523743,6.593191623687744,0.050000011920928955,1623000
7,6493,250,-49.765602111816406,-0.19906240701675415,7.160132884979248,0.050000011920928955,1623250
7,6494,250,-45.42924499511719,-0.18171697854995728,7.157947063446045,0.050000011920928955,1623500
7,6495,250,-20.709171295166016,-0.08283668756484985,7.019349098205566,0.050000011920928955,1623750
7,6496,250,6.562414169311523,0.026249656453728676,7.0816497802734375,0.050000011920928955,1624000
7,6497,250,1655.341064453125,6.621364116668701,7.521193504333496,0.050000011920928955,1624250
7,6498,250,1792.987060546875,7.171948432922363,7.280206203460693,0.050000011920928955,1624500
7,6499,250,1690.7532958984375,6.7630133628845215,6.916793346405029,0.050000011920928955,1624750
7,6500,250,2085.401611328125,8.341606140136719,7.229642391204834,0.050000011920928955,1625000
7,6501,250,409.320556640625,1.6372822523117065,7.1948041915893555,0.050000011920928955,1625250
7,6502,250,1716.5638427734375,6.866255283355713,7.119997978210449,0.050000011920928955,1625500
7,6503,250,1757.0709228515625,7.028283596038818,6.929487228393555,0.050000011920928955,1625750
7,6504,250,26.134984970092773,0.10453993827104568,6.5677995681762695,0.050000011920928955,1626000
7,6505,250,86.57976531982422,0.3463190495967865,7.32919454574585,0.050000011920928955,1626250
7,6506,250,1770.092529296875,7.08036994934082,6.980571746826172,0.050000011920928955,1626500
7,6507,250,1792.110107421875,7.168440341949463,7.056596279144287,0.050000011920928955,1626750
7,6508,250,1746.0546875,6.984218597412109,6.715078830718994,0.050000011920928955,1627000
7,6509,250,1099.77587890625,4.39910364151001,6.641867637634277,0.050000011920928955,1627250
7,6510,250,1857.499267578125,7.429996967315674,6.580611228942871,0.050000011920928955,1627500
7,6511,250,1738.328857421875,6.953315258026123,6.210237979888916,0.050000011920928955,1627750
7,6512,250,59.896400451660156,0.23958560824394226,6.107120037078857,0.050000011920928955,1628000
7,6513,250,86.2928695678711,0.3451714813709259,6.693450450897217,0.050000011920928955,1628250
7,6514,250,111.47563171386719,0.4459025263786316,6.821217060089111,0.050000011920928955,1628500
7,6515,250,157.9752960205078,0.631901204586029,6.746110439300537,0.050000011920928955,1628750
7,6516,250,59.687294006347656,0.2387491762638092,6.79905891418457,0.050000011920928955,1629000
7,6517,250,1176.7138671875,4.706855297088623,7.041930675506592,0.050000011920928955,1629250
7,6518,250,1717.2880859375,6.869152545928955,6.893926620483398,0.050000011920928955,1629500
7,6519,250,111.8027572631836,0.44721102714538574,6.976712703704834,0.050000011920928955,1629750
7,6520,250,96.8150405883789,0.38726016879081726,6.815316677093506,0.050000011920928955,1630000
7,6521,250,1799.0306396484375,7.196122646331787,7.481199264526367,0.050000011920928955,1630250
7,6522,250,1715.361328125,6.861445426940918,7.139643669128418,0.050000011920928955,1630500
7,6523,250,1741.8228759765625,6.967291355133057,6.719579219818115,0.050000011920928955,1630750
7,6524,250,158.06729125976562,0.6322691440582275,6.8924665451049805,0.050000011920928955,1631000
7,6525,250,1820.5439453125,7.2821760177612305,6.954721450805664,0.050000011920928955,1631250
7,6526,250,68.51119232177734,0.27404478192329407,7.165811538696289,0.050000011920928955,1631500
7,6527,250,1833.072265625,7.332289218902588,7.071234703063965,0.050000011920928955,1631750
7,6528,250,1713.185302734375,6.852741241455078,6.659723281860352,0.050000011920928955,1632000
7,6529,250,92.13856506347656,0.3685542643070221,7.1552414894104,0.050000011920928955,1632250
7,6530,250,54.15399932861328,0.21661600470542908,6.523946762084961,0.050000011920928955,1632500
7,6531,250,1721.1058349609375,6.88442325592041,6.641027450561523,0.050000011920928955,1632750
7,6532,250,1612.654296875,6.45061731338501,6.574831485748291,0.050000011920928955,1633000
7,6533,250,1093.5849609375,4.374340057373047,6.653251647949219,0.050000011920928955,1633250
7,6534,250,1615.1884765625,6.460753917694092,6.354632377624512,0.050000011920928955,1633500
7,6535,250,1677.056640625,6.708226680755615,6.404238224029541,0.050000011920928955,1633750
7,6536,250,1091.8895263671875,4.367558002471924,6.100975513458252,0.050000011920928955,1634000
7,6537,250,81.5347671508789,0.32613906264305115,6.566085338592529,0.050000011920928955,1634250
7,6538,250,1954.4180908203125,7.817672252655029,6.712054252624512,0.050000011920928955,1634500
7,6539,250,1701.26123046875,6.805045127868652,6.746013164520264,0.050000011920928955,1634750
7,6540,250,1863.400634765625,7.453602313995361,6.627299785614014,0.050000011920928955,1635000
7,6541,250,1183.2862548828125,4.733145236968994,6.831352710723877,0.050000011920928955,1635250
7,6542,250,61.70632553100586,0.24682530760765076,6.4820756912231445,0.050000011920928955,1635500
7,6543,250,48.24833297729492,0.19299332797527313,6.756431579589844,0.050000011920928955,1635750
7,6544,250,1991.6856689453125,7.966742515563965,6.284542560577393,0.050000011920928955,1636000
7,6545,250,1617.54296875,6.470171928405762,6.480146884918213,0.050000011920928955,1636250
7,6546,250,52.643367767333984,0.2105734646320343,6.154137134552002,0.050000011920928955,1636500
7,6547,250,1753.2244873046875,7.012897968292236,6.240391254425049,0.050000011920928955,1636750
7,6548,250,1648.24365234375,6.592974662780762,6.244885444641113,0.050000011920928955,1637000
7,6549,250,107.57122039794922,0.43028488755226135,6.605138778686523,0.050000011920928955,1637250
7,6550,250,1778.42529296875,7.113701343536377,6.185573101043701,0.050000011920928955,1637500
7,6551,250,1312.8782958984375,5.2515130043029785,6.419893741607666,0.050000011920928955,1637750
7,6552,250,1687.6800537109375,6.750720024108887,6.495289325714111,0.050000011920928955,1638000
7,6553,250,1745.410400390625,6.98164176940918,6.586033821105957,0.050000011920928955,1638250
7,6554,250,-254.5998992919922,-1.0183995962142944,6.281875133514404,0.050000011920928955,1638500
7,6555,250,34.93282699584961,0.139731302857399,6.267721176147461,0.050000011920928955,1638750
7,6556,250,64.7109375,0.2588437497615814,6.148115634918213,0.050000011920928955,1639000
7,6557,250,378.3671875,1.5134687423706055,6.287971019744873,0.050000011920928955,1639250
7,6558,250,1808.7598876953125,7.235039710998535,6.161026954650879,0.050000011920928955,1639500
7,6559,250,1740.67236328125,6.962689399719238,6.191391468048096,0.050000011920928955,1639750
7,6560,250,1669.2315673828125,6.676926136016846,5.843075752258301,0.050000011920928955,1640000
7,6561,250,17.493642807006836,0.06997457146644592,6.3443498611450195,0.050000011920928955,1640250
7,6562,250,-0.7185063362121582,-0.0028740253765136003,6.295782566070557,0.050000011920928955,1640500
7,6563,250,-35.07209777832031,-0.14028839766979218,6.405801296234131,0.050000011920928955,1640750
7,6564,250,-14.350844383239746,-0.05740337818861008,6.650714874267578,0.050000011920928955,1641000
7,6565,250,1804.791259765625,7.219164848327637,6.839864253997803,0.050000011920928955,1641250
7,6566,250,73.91853332519531,0.2956741452217102,6.985836505889893,0.050000011920928955,1641500
7,6567,250,-22.27674102783203,-0.0891069620847702,6.509438991546631,0.050000011920928955,1641750
7,6568,250,866.3412475585938,3.465364933013916,6.882106304168701,0.050000011920928955,1642000
7,6569,250,1302.13134765625,5.20852518081665,7.277255058288574,0.050000011920928955,1642250
7,6570,250,-5.060256481170654,-0.02024102583527565,7.143757343292236,0.050000011920928955,1642500
7,6571,250,1638.029296875,6.552117347717285,6.953012943267822,0.050000011920928955,1642750
7,6572,250,25.97125244140625,0.10388500988483429,7.237692356109619,0.050000011920928955,1643000
7,6573,250,13.967000007629395,0.055867999792099,7.55414342880249,0.050000011920928955,1643250
7,6574,250,-20.480560302734375,-0.08192224055528641,7.016613006591797,0.050000011920928955,1643500
7,6575,250,1742.7567138671875,6.97102689743042,7.273335933685303,0.050000011920928955,1643750
7,6576,250,1700.9063720703125,6.803625583648682,7.341548919677734,0.050000011920928955,1644000
7,6577,250,-23.701702117919922,-0.09480680525302887,7.02813196182251,0.050000011920928955,1644250
7,6578,250,1757.1810302734375,7.028724193572998,7.223668575286865,0.050000011920928955,1644500
7,6579,250,1704.7877197265625,6.819150924682617,7.148061752319336,0.050000011920928955,1644750
7,6580,250,1805.0947265625,7.220378875732422,7.065598964691162,0.050000011920928955,1645000
7,6581,250,1680.8365478515625,6.72334623336792,7.5230536460876465,0.050000011920928955,1645250
7,6582,250,1707.3326416015625,6.8293304443359375,7.074382781982422,0.050000011920928955,1645500
7,6583,250,1672.660888671875,6.690643787384033,6.80404806137085,0.050000011920928955,1645750
7,6584,250,1708.0635986328125,6.832254409790039,6.741927623748779,0.050000011920928955,1646000
7,6585,250,1730.06982421875,6.920279502868652,7.115460395812988,0.050000011920928955,1646250
7,6586,250,1691.557861328125,6.766231536865234,6.790603160858154,0.050000011920928955,1646500
7,6587,250,391.2108154296875,1.5648432970046997,6.723875045776367,0.050000011920928955,1646750
7,6588,250,1731.4658203125,6.925863265991211,7.133971214294434,0.050000011920928955,1647000
7,6589,250,1733.672119140625,6.934688568115234,7.142110824584961,0.050000011920928955,1647250
7,6590,250,1457.80126953125,5.831204891204834,6.905971050262451,0.050000011920928955,1647500
7,6591,250,1633.2581787109375,6.5330328941345215,6.743086338043213,0.050000011920928955,1647750
7,6592,250,1759.598388671875,7.038393497467041,6.8014116287231445,0.050000011920928955,1648000
7,6593,250,611.9268798828125,2.447707414627075,6.8165459632873535,0.050000011920928955,1648250
7,6594,250,1682.53955078125,6.73015832901001,6.879289150238037,0.050000011920928955,1648500
7,6595,250,1720.43603515625,6.881743907928467,7.123575687408447,0.050000011920928955,1648750
7,6596,250,9.49767780303955,0.03799071162939072,6.813521862030029,0.050000011920928955,1649000
7,6597,250,-8.977263450622559,-0.035909052938222885,7.046987533569336,0.050000011920928955,1649250
7,6598,250,19.46978759765625,0.0778791531920433,6.891079425811768,0.050000011920928955,1649500
7,6599,250,8.467026710510254,0.033868107944726944,6.872897624969482,0.050000011920928955,1649750
7,6600,250,1047.3526611328125,4.18941068649292,7.478731632232666,0.050000011920928955,1650000
7,6601,250,16.794584274291992,0.06717833876609802,7.414941787719727,0.050000011920928955,1650250
7,6602,250,-0.4044661521911621,-0.0016178645892068744,7.6327619552612305,0.050000011920928955,1650500
7,6603,250,1731.4150390625,6.925660133361816,7.297671318054199,0.050000011920928955,1650750
7,6604,250,15.301464080810547,0.06120585650205612,6.902622222900391,0.050000011920928955,1651000
7,6605,250,34.98397445678711,0.13993589580059052,7.602056980133057,0.050000011920928955,1651250
7,6606,250,45.66205978393555,0.18264824151992798,7.608126163482666,0.050000011920928955,1651500
7,6607,250,777.9601440429688,3.1118404865264893,7.4901838302612305,0.050000011920928955,1651750
7,6608,250,1551.5157470703125,6.2060627937316895,7.173711776733398,0.050000011920928955,1652000
7,6609,250,1747.0042724609375,6.9880170822143555,7.331379413604736,0.050000011920928955,1652250
7,6610,250,1638.35498046875,6.553420066833496,7.3116912841796875,0.050000011920928955,1652500
7,6611,250,1414.29345703125,5.6571736335754395,6.749869346618652,0.050000011920928955,1652750
7,6612,250,1743.2584228515625,6.973033905029297,6.659181594848633,0.050000011920928955,1653000
7,6613,250,1622.808837890625,6.491235256195068,6.730989933013916,0.050000011920928955,1653250
7,6614,250,1673.92236328125,6.695689678192139,6.432043075561523,0.050000011920928955,1653500
7,6615,250,56.73720169067383,0.2269488126039505,6.211581707000732,0.050000011920928955,1653750
7,6616,250,1612.296875,6.449187278747559,6.566935062408447,0.050000011920928955,1654000
7,6617,250,100.40369415283203,0.401614785194397,6.685763359069824,0.050000011920928955,1654250
7,6618,250,1763.52099609375,7.054083824157715,6.415127754211426,0.050000011920928955,1654500
7,6619,250,805.5550537109375,3.2222201824188232,6.333652496337891,0.050000011920928955,1654750
7,6620,250,1568.8101806640625,6.275240898132324,6.459716796875,0.050000011920928955,1655000
7,6621,250,1405.6854248046875,5.62274169921875,7.025445938110352,0.050000011920928955,1655250
7,6622,250,1823.0150146484375,7.292059898376465,6.488748550415039,0.050000011920928955,1655500
7,6623,250,982.1141357421875,3.9284565448760986,7.126063346862793,0.050000011920928955,1655750
7,6624,250,1750.7647705078125,7.003058910369873,6.516841411590576,0.050000011920928955,1656000
7,6625,250,1701.90087890625,6.807603359222412,6.8274736404418945,0.050000011920928955,1656250
7,6626,250,760.059326171875,3.0402371883392334,6.772953033447266,0.050000011920928955,1656500
7,6627,250,297.705322265625,1.1908212900161743,6.839503765106201,0.050000011920928955,1656750
7,6628,250,96.36898040771484,0.38547593355178833,6.7494587898254395,0.050000011920928955,1657000
7,6629,250,1551.868896484375,6.207475662231445,6.995131492614746,0.050000011920928955,1657250
7,6630,250,1787.457763671875,7.1498308181762695,7.3364338874816895,0.050000011920928955,1657500
7,6631,250,1635.294921875,6.541179656982422,6.969754695892334,0.050000011920928955,1657750
7,6632,250,1750.60302734375,7.00241231918335,7.166009902954102,0.050000011920928955,1658000
7,6633,250,550.2914428710938,2.2011656761169434,7.0451273918151855,0.050000011920928955,1658250
7,6634,250,1192.335693359375,4.76934289932251,7.513556480407715,0.050000011920928955,1658500
7,6635,250,266.1162109375,1.064464807510376,7.615419864654541,0.050000011920928955,1658750
7,6636,250,1203.308837890625,4.813235282897949,7.457118511199951,0.050000011920928955,1659000
7,6637,250,1550.9334716796875,6.203733921051025,7.395069122314453,0.050000011920928955,1659250
7,6638,250,1785.3839111328125,7.141535758972168,7.793041229248047,0.050000011920928955,1659500
7,6639,250,1018.334716796875,4.073338985443115,7.68891716003418,0.050000011920928955,1659750
7,6640,250,1081.081298828125,4.324325084686279,7.290780544281006,0.050000011920928955,1660000
7,6641,250,566.4041137695312,2.2656164169311523,7.216224670410156,0.050000011920928955,1660250
7,6642,250,319.83001708984375,1.2793201208114624,7.85081672668457,0.050000011920928955,1660500
7,6643,250,748.177734375,2.992710828781128,7.375235557556152,0.050000011920928955,1660750
7,6644,250,976.6644897460938,3.9066579341888428,7.325377941131592,0.050000011920928955,1661000
7,6645,250,1669.97998046875,6.679919719696045,7.681556701660156,0.050000011920928955,1661250
7,6646,250,1542.289306640625,6.169157028198242,7.273699760437012,0.050000011920928955,1661500
7,6647,250,1649.267333984375,6.597069263458252,7.120168209075928,0.050000011920928955,1661750
7,6648,250,1648.8502197265625,6.595400810241699,6.9248833656311035,0.050000011920928955,1662000
7,6649,250,1414.1590576171875,5.6566362380981445,7.006733417510986,0.050000011920928955,1662250
7,6650,250,1377.928466796875,5.511713981628418,7.133409023284912,0.050000011920928955,1662500
7,6651,250,1638.94580078125,6.555783271789551,7.208205223083496,0.050000011920928955,1662750
7,6652,250,1381.256591796875,5.525026321411133,7.06444787979126,0.050000011920928955,1663000
7,6653,250,1636.628662109375,6.546514511108398,7.238483428955078,0.050000011920928955,1663250
7,6654,250,1740.048583984375,6.960194110870361,7.308670520782471,0.050000011920928955,1663500
7,6655,250,1709.8148193359375,6.839259147644043,7.084261894226074,0.050000011920928955,1663750
7,6656,250,1802.44482421875,7.209779262542725,7.175811290740967,0.050000011920928955,1664000
7,6657,250,1697.1053466796875,6.788421154022217,7.442475318908691,0.050000011920928955,1664250
7,6658,250,1797.40234375,7.189609527587891,7.133561611175537,0.050000011920928955,1664500
7,6659,250,1020.7752075195312,4.08310079574585,7.296819686889648,0.050000011920928955,1664750
7,6660,250,1382.39697265625,5.529587745666504,6.88748025894165,0.050000011920928955,1665000
7,6661,250,1757.648193359375,7.030592918395996,7.335402011871338,0.050000011920928955,1665250
7,6662,250,1778.6494140625,7.114597797393799,7.248376369476318,0.050000011920928955,1665500
7,6663,250,33.013755798339844,0.13205502927303314,7.725050449371338,0.050000011920928955,1665750
7,6664,250,1692.0074462890625,6.768029689788818,7.451590538024902,0.050000011920928955,1666000
7,6665,250,19.398025512695312,0.07759210467338562,7.813244342803955,0.050000011920928955,1666250
7,6666,250,1481.145751953125,5.9245829582214355,7.804767608642578,0.050000011920928955,1666500
7,6667,250,1718.41064453125,6.873642444610596,7.66119384765625,0.050000011920928955,1666750
7,6668,250,10.430919647216797,0.04172367975115776,7.04910135269165,0.050000011920928955,1667000
7,6669,250,1760.9583740234375,7.0438337326049805,7.497254371643066,0.050000011920928955,1667250
7,6670,250,1793.3822021484375,7.173528671264648,7.103585243225098,0.050000011920928955,1667500
7,6671,250,-36.78744888305664,-0.14714980125427246,7.567902088165283,0.050000011920928955,1667750
7,6672,250,6.673952102661133,0.02669580839574337,7.610718250274658,0.050000011920928955,1668000
7,6673,250,1719.4256591796875,6.877702713012695,8.326459884643555,0.050000011920928955,1668250
7,6674,250,-26.333587646484375,-0.10533434897661209,8.300678253173828,0.050000011920928955,1668500
7,6675,250,1725.43408203125,6.901736259460449,7.896576881408691,0.050000011920928955,1668750
7,6676,250,10.752235412597656,0.043008942157030106,8.124629974365234,0.050000011920928955,1669000
7,6677,250,-40.102333068847656,-0.1604093313217163,8.084662437438965,0.050000011920928955,1669250
7,6678,250,1829.504638671875,7.318018436431885,7.87138557434082,0.050000011920928955,1669500
7,6679,250,1721.0745849609375,6.884298324584961,7.600293159484863,0.050000011920928955,1669750
7,6680,250,1791.4244384765625,7.1656975746154785,7.548628807067871,0.050000011920928955,1670000
7,6681,250,-14.098579406738281,-0.056394316256046295,7.394814968109131,0.050000011920928955,1670250
7,6682,250,1734.105224609375,6.936420917510986,7.025008201599121,0.050000011920928955,1670500
7,6683,250,2032.95751953125,8.131830215454102,6.8400959968566895,0.050000011920928955,1670750
7,6684,250,1777.1749267578125,7.108699798583984,7.3184614181518555,0.050000011920928955,1671000
7,6685,250,1722.06396484375,6.888256072998047,6.991165637969971,0.050000011920928955,1671250
7,6686,250,1942.9580078125,7.77183198928833,6.230366230010986,0.050000011920928955,1671500
7,6687,250,1971.84228515625,7.887369155883789,6.501227378845215,0.050000011920928955,1671750
7,6688,250,22.649234771728516,0.09059693664312363,6.2688798904418945,0.050000011920928955,1672000
7,6689,250,1950.2880859375,7.801152229309082,6.93630838394165,0.050000011920928955,1672250
7,6690,250,1735.2509765625,6.941003799438477,6.125411510467529,0.050000011920928955,1672500
7,6691,250,1739.645263671875,6.95858097076416,6.024535179138184,0.050000011920928955,1672750
7,6692,250,1807.7247314453125,7.230898857116699,5.998335838317871,0.050000011920928955,1673000
7,6693,250,1808.817626953125,7.2352705001831055,6.737696647644043,0.050000011920928955,1673250
7,6694,250,1838.75634765625,7.355025291442871,6.503933429718018,0.050000011920928955,1673500
7,6695,250,1956.238525390625,7.824954032897949,6.186712265014648,0.050000011920928955,1673750
7,6696,250,1831.685546875,7.326742172241211,5.894257068634033,0.050000011920928955,1674000
7,6697,250,1916.8599853515625,7.667439937591553,6.55179500579834,0.050000011920928955,1674250
7,6698,250,1954.669921875,7.8186798095703125,6.401354789733887,0.050000011920928955,1674500
7,6699,250,1867.785888671875,7.47114372253418,6.229663848876953,0.050000011920928955,1674750
7,6700,250,1957.7073974609375,7.830829620361328,5.848087310791016,0.050000011920928955,1675000
7,6701,250,1967.1767578125,7.868707180023193,6.691864967346191,0.050000011920928955,1675250
7,6702,250,1743.3070068359375,6.9732279777526855,6.094965934753418,0.050000011920928955,1675500
7,6703,250,1731.962158203125,6.927848815917969,6.248955249786377,0.050000011920928955,1675750
7,6704,250,1804.495849609375,7.217983245849609,5.894210338592529,0.050000011920928955,1676000
7,6705,250,1572.7939453125,6.291175842285156,6.532341003417969,0.050000011920928955,1676250
7,6706,250,1773.31640625,7.093265533447266,5.89187479019165,0.050000011920928955,1676500
7,6707,250,1819.48974609375,7.277958869934082,5.630738258361816,0.050000011920928955,1676750
7,6708,250,1767.163330078125,7.068653106689453,5.264867782592773,0.050000011920928955,1677000
7,6709,250,1716.631103515625,6.8665242195129395,6.049253463745117,0.050000011920928955,1677250
7,6710,250,1886.16845703125,7.544673919677734,5.209976673126221,0.050000011920928955,1677500
7,6711,250,1880.6519775390625,7.522607803344727,5.193033218383789,0.050000011920928955,1677750
7,6712,250,1787.814697265625,7.151258945465088,5.001419544219971,0.050000011920928955,1678000
7,6713,250,1825.8935546875,7.303574085235596,5.112913131713867,0.050000011920928955,1678250
7,6714,250,1759.895751953125,7.039583206176758,4.639337539672852,0.050000011920928955,1678500
7,6715,250,1675.5206298828125,6.702082633972168,5.017297744750977,0.050000011920928955,1678750
7,6716,250,1791.0587158203125,7.164234638214111,4.89644718170166,0.050000011920928955,1679000
7,6717,250,1686.803466796875,6.747213840484619,4.585277557373047,0.050000011920928955,1679250
7,6718,250,1931.128662109375,7.724514484405518,4.3176398277282715,0.050000011920928955,1679500
7,6719,250,1651.5869140625,6.606347560882568,4.388327121734619,0.050000011920928955,1679750
7,6720,250,1809.373779296875,7.237494945526123,4.235330104827881,0.050000011920928955,1680000
7,6721,250,1783.17529296875,7.132701396942139,4.439792633056641,0.050000011920928955,1680250
7,6722,250,1588.568603515625,6.354274272918701,4.150771141052246,0.050000011920928955,1680500
7,6723,250,1677.237060546875,6.708948135375977,4.162006378173828,0.050000011920928955,1680750
7,6724,250,1892.26708984375,7.569068431854248,4.047999382019043,0.050000011920928955,1681000
7,6725,250,1713.057861328125,6.852231502532959,4.401553630828857,0.050000011920928955,1681250
7,6726,250,1766.5098876953125,7.066039562225342,4.548422336578369,0.050000011920928955,1681500
7,6727,250,1948.830810546875,7.795323371887207,4.195827960968018,0.050000011920928955,1681750
7,6728,250,1764.1875,7.0567498207092285,3.9660918712615967,0.050000011920928955,1682000
7,6729,250,1926.927490234375,7.707709789276123,4.042525291442871,0.050000011920928955,1682250
7,6730,250,1674.7491455078125,6.698996543884277,4.145864009857178,0.050000011920928955,1682500
7,6731,250,1756.159912109375,7.02463960647583,3.6669838428497314,0.050000011920928955,1682750
7,6732,250,1777.5126953125,7.110050678253174,3.793684244155884,0.050000011920928955,1683000
7,6733,250,1594.28173828125,6.377127170562744,4.097564220428467,0.050000011920928955,1683250
7,6734,250,1768.8985595703125,7.075594425201416,4.29325008392334,0.050000011920928955,1683500
7,6735,250,1623.87841796875,6.495513439178467,3.9187140464782715,0.050000011920928955,1683750
7,6736,250,1787.662841796875,7.150651454925537,4.026376247406006,0.050000011920928955,1684000
7,6737,250,1765.9150390625,7.063660144805908,4.318478584289551,0.050000011920928955,1684250
7,6738,250,1690.517822265625,6.762071132659912,4.31788969039917,0.050000011920928955,1684500
7,6739,250,1629.9072265625,6.519629001617432,3.822901487350464,0.050000011920928955,1684750
7,6740,250,1723.9359130859375,6.8957438468933105,4.069736003875732,0.050000011920928955,1685000
7,6741,250,1703.3153076171875,6.813261032104492,4.621325969696045,0.050000011920928955,1685250
7,6742,250,1709.278076171875,6.8371124267578125,4.084716796875,0.050000011920928955,1685500
7,6743,250,1770.82080078125,7.083283424377441,4.647985458374023,0.050000011920928955,1685750
7,6744,250,1694.2471923828125,6.776988983154297,4.001856803894043,0.050000011920928955,1686000
7,6745,250,1943.135498046875,7.7725419998168945,4.488661766052246,0.050000011920928955,1686250
7,6746,250,1673.032470703125,6.692130088806152,4.389763355255127,0.050000011920928955,1686500
7,6747,250,47.44167709350586,0.18976670503616333,4.224371910095215,0.050000011920928955,1686750
7,6748,250,111.64934539794922,0.4465973675251007,4.775753498077393,0.050000011920928955,1687000
7,6749,250,1797.34765625,7.189390659332275,5.096468925476074,0.050000011920928955,1687250
7,6750,250,1786.8885498046875,7.147554397583008,5.285711288452148,0.050000011920928955,1687500
7,6751,250,1698.674560546875,6.794698238372803,5.2072434425354,0.050000011920928955,1687750
7,6752,250,1685.243408203125,6.740973472595215,4.987956523895264,0.050000011920928955,1688000
7,6753,250,9.254043579101562,0.03701617568731308,4.998602867126465,0.050000011920928955,1688250
7,6754,250,1859.69873046875,7.43879508972168,5.497292518615723,0.050000011920928955,1688500
7,6755,250,1708.601806640625,6.834407329559326,5.699288368225098,0.050000011920928955,1688750
7,6756,250,1840.0986328125,7.360394477844238,5.209754467010498,0.050000011920928955,1689000
7,6757,250,1814.838134765625,7.259352684020996,5.807057857513428,0.050000011920928955,1689250
7,6758,250,1752.90625,7.011624813079834,5.35952615737915,0.050000011920928955,1689500
7,6759,250,1695.593994140625,6.782375812530518,5.373960018157959,0.050000011920928955,1689750
7,6760,250,1643.1890869140625,6.572756290435791,5.38192081451416,0.050000011920928955,1690000
7,6761,250,1689.3216552734375,6.757286548614502,5.493928909301758,0.050000011920928955,1690250
7,6762,250,1798.9134521484375,7.195653915405273,5.146853446960449,0.050000011920928955,1690500
7,6763,250,-54.83641815185547,-0.21934567391872406,5.378610610961914,0.050000011920928955,1690750
7,6764,250,1783.5238037109375,7.134095191955566,5.4154052734375,0.050000011920928955,1691000
7,6765,250,1776.7867431640625,7.107146739959717,5.513627529144287,0.050000011920928955,1691250
7,6766,250,-76.74488830566406,-0.30697956681251526,5.678936004638672,0.050000011920928955,1691500
7,6767,250,1804.5386962890625,7.2181549072265625,5.650145053863525,0.050000011920928955,1691750
7,6768,250,1754.37451171875,7.017498016357422,5.90115213394165,0.050000011920928955,1692000
7,6769,250,1686.382080078125,6.745528221130371,5.8850016593933105,0.050000011920928955,1692250
7,6770,250,1822.7142333984375,7.290856838226318,6.3216376304626465,0.050000011920928955,1692500
7,6771,250,1789.4879150390625,7.157951831817627,5.8326945304870605,0.050000011920928955,1692750
7,6772,250,1767.92333984375,7.071693420410156,5.825191974639893,0.050000011920928955,1693000
7,6773,250,1763.2696533203125,7.053078651428223,5.976503372192383,0.050000011920928955,1693250
7,6774,250,1723.814453125,6.895257949829102,6.0184326171875,0.050000011920928955,1693500
7,6775,250,1759.719970703125,7.038879871368408,6.044000148773193,0.050000011920928955,1693750
7,6776,250,1826.8197021484375,7.307278633117676,5.696317672729492,0.050000011920928955,1694000
7,6777,250,1717.6776123046875,6.870710372924805,6.0155205726623535,0.050000011920928955,1694250
7,6778,250,1918.970703125,7.675882816314697,6.055771350860596,0.050000011920928955,1694500
7,6779,250,3.291914939880371,0.013167659752070904,6.013152599334717,0.050000011920928955,1694750
7,6780,250,1762.7086181640625,7.050834655761719,6.109528541564941,0.050000011920928955,1695000
7,6781,250,1871.008544921875,7.484034061431885,6.508103847503662,0.050000011920928955,1695250
7,6782,250,1657.636474609375,6.6305460929870605,5.928279876708984,0.050000011920928955,1695500
7,6783,250,1448.334716796875,5.793338775634766,6.130598068237305,0.050000011920928955,1695750
7,6784,250,1670.6009521484375,6.682404041290283,5.979753494262695,0.050000011920928955,1696000
7,6785,250,1791.544921875,7.166179656982422,6.513991832733154,0.050000011920928955,1696250
7,6786,250,1806.574462890625,7.226297855377197,6.118673324584961,0.050000011920928955,1696500
7,6787,250,7.79666805267334,0.031186671927571297,6.184443950653076,0.050000011920928955,1696750
7,6788,250,1885.7352294921875,7.542941093444824,6.284068584442139,0.050000011920928955,1697000
7,6789,250,-31.458871841430664,-0.12583549320697784,6.508127689361572,0.050000011920928955,1697250
7,6790,250,1620.90234375,6.483609199523926,6.660065650939941,0.050000011920928955,1697500
7,6791,250,1629.833740234375,6.51933479309082,6.543389797210693,0.050000011920928955,1697750
7,6792,250,1922.6605224609375,7.6906418800354,6.567516326904297,0.050000011920928955,1698000
7,6793,250,1664.5137939453125,6.658055305480957,6.868536949157715,0.050000011920928955,1698250
7,6794,250,1694.1983642578125,6.776793479919434,6.489935398101807,0.050000011920928955,1698500
7,6795,250,-27.095474243164062,-0.10838189721107483,6.286555290222168,0.050000011920928955,1698750
7,6796,250,1713.010498046875,6.852042198181152,6.433981418609619,0.050000011920928955,1699000
7,6797,250,1810.990234375,7.243960857391357,6.814494609832764,0.050000011920928955,1699250
7,6798,250,1675.834716796875,6.703339099884033,6.744985580444336,0.050000011920928955,1699500
7,6799,250,1744.4517822265625,6.97780704498291,6.337667942047119,0.050000011920928955,1699750
7,6800,250,10.489897727966309,0.04195959120988846,6.592565536499023,0.050000011920928955,1700000
7,6801,250,1770.090087890625,7.080360412597656,6.818807601928711,0.050000011920928955,1700250
7,6802,250,904.6734008789062,3.6186935901641846,7.254215240478516,0.050000011920928955,1700500
7,6803,250,1920.68212890625,7.682728290557861,6.548298358917236,0.050000011920928955,1700750
7,6804,250,-12.812784194946289,-0.051251135766506195,6.712736129760742,0.050000011920928955,1701000
7,6805,250,15.340518951416016,0.06136207655072212,7.242944240570068,0.050000011920928955,1701250
7,6806,250,1664.1973876953125,6.656789779663086,6.830294609069824,0.050000011920928955,1701500
7,6807,250,2035.496337890625,8.141984939575195,6.719429016113281,0.050000011920928955,1701750
7,6808,250,7.709474563598633,0.030837899073958397,6.1416850090026855,0.050000011920928955,1702000
7,6809,250,1580.520751953125,6.322082996368408,7.0042195320129395,0.050000011920928955,1702250
7,6810,250,1724.788330078125,6.899153232574463,6.781980037689209,0.050000011920928955,1702500
7,6811,250,52.36665725708008,0.20946663618087769,6.731351852416992,0.050000011920928955,1702750
7,6812,250,20.4953556060791,0.08198142051696777,6.796511173248291,0.050000011920928955,1703000
7,6813,250,1919.2872314453125,7.677148818969727,6.838925361633301,0.050000011920928955,1703250
7,6814,250,2021.588623046875,8.08635425567627,6.833366870880127,0.050000011920928955,1703500
7,6815,250,1658.4637451171875,6.633854866027832,7.068844318389893,0.050000011920928955,1703750
7,6816,250,21.159278869628906,0.0846371129155159,6.703784942626953,0.050000011920928955,1704000
7,6817,250,1947.65771484375,7.79063081741333,6.77141809463501,0.050000011920928955,1704250
7,6818,250,1631.2449951171875,6.524980068206787,6.751842975616455,0.050000011920928955,1704500
7,6819,250,1965.7130126953125,7.862852096557617,6.86482572555542,0.050000011920928955,1704750
7,6820,250,2045.5933837890625,8.182374000549316,6.369918346405029,0.050000011920928955,1705000
7,6821,250,1963.3118896484375,7.85324764251709,6.7766242027282715,0.050000011920928955,1705250
7,6822,250,1743.271240234375,6.973084926605225,6.506218433380127,0.050000011920928955,1705500
7,6823,250,1718.287109375,6.873148441314697,6.405942440032959,0.050000011920928955,1705750
7,6824,250,1754.9339599609375,7.019735813140869,6.493505477905273,0.050000011920928955,1706000
7,6825,250,-13.63602352142334,-0.05454409494996071,6.9043474197387695,0.050000011920928955,1706250
7,6826,250,1698.52783203125,6.794111251831055,6.784842014312744,0.050000011920928955,1706500
7,6827,250,1684.09326171875,6.736372947692871,6.723394393920898,0.050000011920928955,1706750
7,6828,250,1697.41064453125,6.789642810821533,6.562158107757568,0.050000011920928955,1707000
7,6829,250,1668.9930419921875,6.675971984863281,6.8597283363342285,0.050000011920928955,1707250
7,6830,250,1692.7098388671875,6.770839214324951,6.516842842102051,0.050000011920928955,1707500
7,6831,250,1693.4892578125,6.773957252502441,6.151581764221191,0.050000011920928955,1707750
7,6832,250,1617.9482421875,6.471793174743652,6.456174373626709,0.050000011920928955,1708000
7,6833,250,-35.658809661865234,-0.14263524115085602,6.815937519073486,0.050000011920928955,1708250
7,6834,250,1727.82861328125,6.911314487457275,7.212615489959717,0.050000011920928955,1708500
7,6835,250,1670.716064453125,6.682864189147949,6.740417957305908,0.050000011920928955,1708750
7,6836,250,1725.4896240234375,6.901958465576172,6.3731689453125,0.050000011920928955,1709000
7,6837,250,1641.773193359375,6.5670928955078125,6.7856364250183105,0.050000011920928955,1709250
7,6838,250,2031.311767578125,8.12524700164795,6.847215175628662,0.050000011920928955,1709500
7,6839,250,1781.933837890625,7.127735137939453,6.821323394775391,0.050000011920928955,1709750
7,6840,250,1755.3272705078125,7.021308898925781,5.9292073249816895,0.050000011920928955,1710000
7,6841,250,1851.60693359375,7.40642786026001,6.507059097290039,0.050000011920928955,1710250
7,6842,250,1726.126220703125,6.904504776000977,6.357121467590332,0.050000011920928955,1710500
7,6843,250,-4.9362688064575195,-0.019745076075196266,6.64453649520874,0.050000011920928955,1710750
7,6844,250,1752.134765625,7.008539199829102,6.470081806182861,0.050000011920928955,1711000
7,6845,250,1678.55615234375,6.714224815368652,6.587800025939941,0.050000011920928955,1711250
7,6846,250,1708.262451171875,6.833049774169922,6.203647613525391,0.050000011920928955,1711500
7,6847,250,-42.71173858642578,-0.17084695398807526,6.389416217803955,0.050000011920928955,1711750
7,6848,250,1704.273681640625,6.817094802856445,6.262585639953613,0.050000011920928955,1712000
7,6849,250,-36.84165954589844,-0.14736664295196533,6.928844451904297,0.050000011920928955,1712250
7,6850,250,1782.8128662109375,7.131251335144043,6.676190376281738,0.050000011920928955,1712500
7,6851,250,1746.392578125,6.985570430755615,6.34572172164917,0.050000011920928955,1712750
7,6852,250,1957.510009765625,7.830039978027344,6.043759822845459,0.050000011920928955,1713000
7,6853,250,1738.5050048828125,6.954020023345947,6.187129974365234,0.050000011920928955,1713250
7,6854,250,1419.2772216796875,5.6771087646484375,6.473012924194336,0.050000011920928955,1713500
7,6855,250,1763.456787109375,7.053827285766602,6.359307289123535,0.050000011920928955,1713750
7,6856,250,9.827892303466797,0.039311569184064865,6.038496971130371,0.050000011920928955,1714000
7,6857,250,1735.1102294921875,6.940441131591797,6.040200710296631,0.050000011920928955,1714250
7,6858,250,-5.691510200500488,-0.02276604063808918,6.450453281402588,0.050000011920928955,1714500
7,6859,250,1758.700439453125,7.034801959991455,6.403975009918213,0.050000011920928955,1714750
7,6860,250,18.308443069458008,0.07323377579450607,6.409519195556641,0.050000011920928955,1715000
7,6861,250,1760.640380859375,7.0425615310668945,6.779358386993408,0.050000011920928955,1715250
7,6862,250,1645.13037109375,6.580521583557129,6.3121418952941895,0.050000011920928955,1715500
7,6863,250,1774.732666015625,7.098930835723877,6.648509979248047,0.050000011920928955,1715750
7,6864,250,1718.3856201171875,6.873542308807373,6.719494342803955,0.050000011920928955,1716000
7,6865,250,1575.072265625,6.300289154052734,6.187537670135498,0.050000011920928955,1716250
7,6866,250,1675.6519775390625,6.702608108520508,6.188023090362549,0.050000011920928955,1716500
7,6867,250,1715.342529296875,6.861370086669922,6.455488681793213,0.050000011920928955,1716750
7,6868,250,1689.283203125,6.7571330070495605,5.819538593292236,0.050000011920928955,1717000
7,6869,250,1729.44580078125,6.917783260345459,6.104307174682617,0.050000011920928955,1717250
7,6870,250,1666.2001953125,6.664800643920898,6.235445499420166,0.050000011920928955,1717500
7,6871,250,1684.7406005859375,6.738962173461914,6.561453342437744,0.050000011920928955,1717750
7,6872,250,1634.044921875,6.536179542541504,6.067507266998291,0.050000011920928955,1718000
7,6873,250,1636.328857421875,6.545315265655518,6.557544231414795,0.050000011920928955,1718250
7,6874,250,1725.7529296875,6.903011798858643,5.8611884117126465,0.050000011920928955,1718500
7,6875,250,1661.424560546875,6.645698070526123,6.315874099731445,0.050000011920928955,1718750
7,6876,250,1730.57763671875,6.9223103523254395,6.205556869506836,0.050000011920928955,1719000
7,6877,250,1767.834716796875,7.071338653564453,6.344864845275879,0.050000011920928955,1719250
7,6878,250,1656.5615234375,6.626245975494385,6.311816692352295,0.050000011920928955,1719500
7,6879,250,1595.107421875,6.380429744720459,6.511504173278809,0.050000011920928955,1719750
7,6880,250,1702.53662109375,6.810146331787109,6.176615238189697,0.050000011920928955,1720000
7,6881,250,1704.3134765625,6.817254066467285,6.271354675292969,0.050000011920928955,1720250
7,6882,250,1659.4638671875,6.637855529785156,6.042068004608154,0.050000011920928955,1720500
7,6883,250,1650.45849609375,6.601833820343018,6.045743465423584,0.050000011920928955,1720750
7,6884,250,709.2610473632812,2.8370442390441895,6.024627208709717,0.050000011920928955,1721000
7,6885,250,1715.5250244140625,6.862100124359131,5.903968811035156,0.050000011920928955,1721250
7,6886,250,1623.46484375,6.49385929107666,6.365634441375732,0.050000011920928955,1721500
7,6887,250,2007.457275390625,8.029829025268555,5.976382255554199,0.050000011920928955,1721750
7,6888,250,1542.5986328125,6.170394420623779,5.581188201904297,0.050000011920928955,1722000
7,6889,250,1527.9825439453125,6.1119303703308105,5.700261116027832,0.050000011920928955,1722250
7,6890,250,1631.33447265625,6.5253376960754395,5.27590274810791,0.050000011920928955,1722500
7,6891,250,1732.66259765625,6.930650234222412,5.5450239181518555,0.050000011920928955,1722750
7,6892,250,1639.70654296875,6.558825969696045,5.05495023727417,0.050000011920928955,1723000
7,6893,250,1706.907958984375,6.827631950378418,5.339564800262451,0.050000011920928955,1723250
7,6894,250,1556.86279296875,6.227451324462891,4.777365207672119,0.050000011920928955,1723500
7,6895,250,1394.76513671875,5.5790605545043945,5.44764518737793,0.050000011920928955,1723750
7,6896,250,1749.10107421875,6.99640417098999,4.841704368591309,0.050000011920928955,1724000
7,6897,250,1536.931640625,6.147726535797119,5.043881416320801,0.050000011920928955,1724250
7,6898,250,1547.487548828125,6.189949989318848,5.04846715927124,0.050000011920928955,1724500
7,6899,250,1544.1875,6.176750183105469,4.85129451751709,0.050000011920928955,1724750
7,6900,250,1770.295654296875,7.081182479858398,4.584145545959473,0.050000011920928955,1725000
7,6901,250,1630.339111328125,6.521356582641602,4.613864898681641,0.050000011920928955,1725250
7,6902,250,1624.8614501953125,6.499445915222168,4.184216499328613,0.050000011920928955,1725500
7,6903,250,1262.16162109375,5.048646450042725,4.50663423538208,0.050000011920928955,1725750
7,6904,250,1614.6201171875,6.458480358123779,4.418776988983154,0.050000011920928955,1726000
7,6905,250,1749.594970703125,6.998379707336426,4.863256931304932,0.050000011920928955,1726250
7,6906,250,1653.901611328125,6.615606307983398,4.654216289520264,0.050000011920928955,1726500
7,6907,250,1123.8629150390625,4.4954514503479,4.546040058135986,0.050000011920928955,1726750
7,6908,250,1664.933837890625,6.659735202789307,4.51466178894043,0.050000011920928955,1727000
7,6909,250,1656.961181640625,6.62784481048584,4.7261061668396,0.050000011920928955,1727250
7,6910,250,1678.4949951171875,6.713980197906494,4.737772464752197,0.050000011920928955,1727500
7,6911,250,1644.72314453125,6.578892707824707,4.5138044357299805,0.050000011920928955,1727750
7,6912,250,834.058837890625,3.336235284805298,4.591841220855713,0.050000011920928955,1728000
7,6913,250,1130.1968994140625,4.520787715911865,4.799208641052246,0.050000011920928955,1728250
7,6914,250,1289.0626220703125,5.156250476837158,4.758523464202881,0.050000011920928955,1728500
7,6915,250,1128.408935546875,4.513635635375977,4.529362201690674,0.050000011920928955,1728750
7,6916,250,1688.0869140625,6.752347469329834,5.00206184387207,0.050000011920928955,1729000
7,6917,250,1523.6229248046875,6.094491481781006,5.270388603210449,0.050000011920928955,1729250
7,6918,250,1711.629638671875,6.846518516540527,4.8578619956970215,0.050000011920928955,1729500
7,6919,250,1249.802734375,4.999210834503174,4.988584518432617,0.050000011920928955,1729750
7,6920,250,1715.781982421875,6.863127708435059,5.0027899742126465,0.050000011920928955,1730000
7,6921,250,1748.8701171875,6.995480537414551,5.311944007873535,0.050000011920928955,1730250
7,6922,250,1690.087890625,6.760351657867432,5.047311305999756,0.050000011920928955,1730500
7,6923,250,851.8098754882812,3.4072394371032715,4.996647834777832,0.050000011920928955,1730750
7,6924,250,1736.595458984375,6.94638204574585,4.9089179039001465,0.050000011920928955,1731000
7,6925,250,1741.652587890625,6.966610431671143,5.123115539550781,0.050000011920928955,1731250
7,6926,250,1279.602294921875,5.118409156799316,4.947371959686279,0.050000011920928955,1731500
7,6927,250,1351.536376953125,5.4061455726623535,4.917859077453613,0.050000011920928955,1731750
7,6928,250,1672.4501953125,6.68980073928833,5.067977428436279,0.050000011920928955,1732000
7,6929,250,1686.0205078125,6.744081974029541,5.381882667541504,0.050000011920928955,1732250
7,6930,250,1626.28271484375,6.505130767822266,5.27435302734375,0.050000011920928955,1732500
7,6931,250,-5.2668352127075195,-0.021067339926958084,5.585464954376221,0.050000011920928955,1732750
7,6932,250,1654.01953125,6.616077899932861,5.2428154945373535,0.050000011920928955,1733000
7,6933,250,1774.5194091796875,7.098077774047852,5.258470058441162,0.050000011920928955,1733250
7,6934,250,1169.7149658203125,4.678859710693359,5.612607002258301,0.050000011920928955,1733500
7,6935,250,1747.55419921875,6.9902167320251465,5.600092887878418,0.050000011920928955,1733750
7,6936,250,1704.6064453125,6.81842565536499,5.286629676818848,0.050000011920928955,1734000
7,6937,250,1728.58154296875,6.914326190948486,5.576493263244629,0.050000011920928955,1734250
7,6938,250,1689.1656494140625,6.756662368774414,5.450547695159912,0.050000011920928955,1734500
7,6939,250,1738.5634765625,6.954253673553467,5.150026798248291,0.050000011920928955,1734750
7,6940,250,1706.9840087890625,6.827936172485352,5.558227062225342,0.050000011920928955,1735000
7,6941,250,-105.13484954833984,-0.42053940892219543,5.645971775054932,0.050000011920928955,1735250
7,6942,250,-100.02940368652344,-0.4001176059246063,5.969180583953857,0.050000011920928955,1735500
7,6943,250,1735.53759765625,6.942150592803955,6.058126926422119,0.050000011920928955,1735750
7,6944,250,-71.04879760742188,-0.2841951847076416,6.211223602294922,0.050000011920928955,1736000
7,6945,250,1752.574951171875,7.0102996826171875,6.265353202819824,0.050000011920928955,1736250
7,6946,250,1424.0938720703125,5.696375370025635,6.1361613273620605,0.050000011920928955,1736500
7,6947,250,1657.7579345703125,6.631031513214111,6.327877044677734,0.050000011920928955,1736750
7,6948,250,1303.5093994140625,5.2140374183654785,6.162474155426025,0.050000011920928955,1737000
7,6949,250,1830.9801025390625,7.323920249938965,6.541184425354004,0.050000011920928955,1737250
7,6950,250,-82.977294921875,-0.3319091796875,6.221963405609131,0.050000011920928955,1737500
7,6951,250,1461.880615234375,5.847522258758545,6.614723205566406,0.050000011920928955,1737750
7,6952,250,1764.01708984375,7.056068420410156,6.148738384246826,0.050000011920928955,1738000
7,6953,250,1715.970947265625,6.863883972167969,6.785576343536377,0.050000011920928955,1738250
7,6954,250,1807.823974609375,7.231296062469482,6.070178508758545,0.050000011920928955,1738500
7,6955,250,1775.9752197265625,7.103900909423828,6.067357540130615,0.050000011920928955,1738750
7,6956,250,1433.367919921875,5.733471870422363,6.072015762329102,0.050000011920928955,1739000
7,6957,250,1692.158447265625,6.768633842468262,6.134349346160889,0.050000011920928955,1739250
7,6958,250,1431.4949951171875,5.725979804992676,6.079840660095215,0.050000011920928955,1739500
7,6959,250,1806.7451171875,7.226980686187744,5.83821439743042,0.050000011920928955,1739750
7,6960,250,1734.749755859375,6.938999176025391,5.771146774291992,0.050000011920928955,1740000
7,6961,250,1054.879150390625,4.219516754150391,6.30607271194458,0.050000011920928955,1740250
7,6962,250,-84.11260986328125,-0.3364504277706146,5.9772186279296875,0.050000011920928955,1740500
7,6963,250,1414.26171875,5.657046794891357,6.128211498260498,0.050000011920928955,1740750
7,6964,250,-87.71517944335938,-0.35086071491241455,6.279569625854492,0.050000011920928955,1741000
7,6965,250,-92.88623046875,-0.3715449273586273,6.972076416015625,0.050000011920928955,1741250
7,6966,250,-73.79751586914062,-0.29519006609916687,6.697266578674316,0.050000011920928955,1741500
7,6967,250,1838.2091064453125,7.352836608886719,7.052326202392578,0.050000011920928955,1741750
7,6968,250,-117.91793823242188,-0.4716717600822449,6.664205074310303,0.050000011920928955,1742000
7,6969,250,1681.902099609375,6.7276082038879395,7.39897346496582,0.050000011920928955,1742250
7,6970,250,-68.26496887207031,-0.2730598747730255,7.142054557800293,0.050000011920928955,1742500
7,6971,250,1312.745361328125,5.250981330871582,6.807687759399414,0.050000011920928955,1742750
7,6972,250,-99.08312225341797,-0.3963325023651123,6.500546455383301,0.050000011920928955,1743000
7,6973,250,1779.8585205078125,7.119433879852295,7.320253849029541,0.050000011920928955,1743250
7,6974,250,-75.44893646240234,-0.30179575085639954,7.085268974304199,0.050000011920928955,1743500
7,6975,250,958.1923217773438,3.8327693939208984,6.75752592086792,0.050000011920928955,1743750
7,6976,250,1415.88232421875,5.663529396057129,7.045870780944824,0.050000011920928955,1744000
7,6977,250,-21.87226676940918,-0.0874890685081482,7.297499656677246,0.050000011920928955,1744250
7,6978,250,1443.657470703125,5.774630069732666,7.290868759155273,0.050000011920928955,1744500
7,6979,250,-463.79541015625,-1.8551816940307617,6.894160747528076,0.050000011920928955,1744750
7,6980,250,753.8540649414062,3.015416145324707,6.741788864135742,0.050000011920928955,1745000
7,6981,250,1005.9522094726562,4.02380895614624,7.221741676330566,0.050000011920928955,1745250
7,6982,250,264.1769104003906,1.0567076206207275,7.292421340942383,0.050000011920928955,1745500
7,6983,250,1357.81982421875,5.431279182434082,6.468722820281982,0.050000011920928955,1745750
7,6984,250,1312.128173828125,5.2485127449035645,6.314072608947754,0.050000011920928955,1746000
7,6985,250,1354.1134033203125,5.416453838348389,6.810539245605469,0.050000011920928955,1746250
7,6986,250,1378.62890625,5.514515399932861,6.532785415649414,0.050000011920928955,1746500
7,6987,250,921.6975708007812,3.6867902278900146,6.728470325469971,0.050000011920928955,1746750
7,6988,250,-97.94792938232422,-0.3917917311191559,6.813887596130371,0.050000011920928955,1747000
7,6989,250,926.3056640625,3.7052226066589355,7.351515293121338,0.050000011920928955,1747250
7,6990,250,-156.1175537109375,-0.6244702339172363,6.746738433837891,0.050000011920928955,1747500
7,6991,250,1349.4000244140625,5.397600173950195,6.822394847869873,0.050000011920928955,1747750
7,6992,250,516.6087646484375,2.0664350986480713,6.622106075286865,0.050000011920928955,1748000
7,6993,250,1306.0997314453125,5.224399089813232,7.05195951461792,0.050000011920928955,1748250
7,6994,250,1053.57373046875,4.214294910430908,7.120249271392822,0.050000011920928955,1748500
7,6995,250,1045.4830322265625,4.181931972503662,6.988443374633789,0.050000011920928955,1748750
7,6996,250,254.96026611328125,1.0198410749435425,7.064044952392578,0.050000011920928955,1749000
7,6997,250,-50.922874450683594,-0.2036914974451065,7.643280982971191,0.050000011920928955,1749250
7,6998,250,-12.071228981018066,-0.04828491434454918,7.630747318267822,0.050000011920928955,1749500
7,6999,250,1387.1728515625,5.548691272735596,7.450472354888916,0.050000011920928955,1749750
7,7000,250,-460.5574951171875,-1.842229962348938,7.48776912689209,0.050000011920928955,1750000
7,7001,250,1458.784912109375,5.835139751434326,7.712626934051514,0.050000011920928955,1750250
7,7002,250,-121.15404510498047,-0.4846161901950836,7.783663272857666,0.050000011920928955,1750500
7,7003,250,1396.97412109375,5.587896347045898,7.653886795043945,0.050000011920928955,1750750
7,7004,250,-60.282386779785156,-0.2411295473575592,7.616971015930176,0.050000011920928955,1751000
7,7005,250,-44.10327911376953,-0.17641311883926392,7.892502784729004,0.050000011920928955,1751250
7,7006,250,650.4227905273438,2.601691246032715,7.769643306732178,0.050000011920928955,1751500
7,7007,250,1.5580153465270996,0.006232061423361301,7.142307758331299,0.050000011920928955,1751750
7,7008,250,1441.955078125,5.767820358276367,7.591916084289551,0.050000011920928955,1752000
7,7009,250,279.5000915527344,1.1180003881454468,8.524771690368652,0.050000011920928955,1752250
7,7010,250,1345.0504150390625,5.380201816558838,8.041417121887207,0.050000011920928955,1752500
7,7011,250,1409.8946533203125,5.639578819274902,7.490748882293701,0.050000011920928955,1752750
7,7012,250,1398.7218017578125,5.5948872566223145,7.708123207092285,0.050000011920928955,1753000
7,7013,250,1382.346923828125,5.529387474060059,8.073229789733887,0.050000011920928955,1753250
7,7014,250,-85.24833679199219,-0.34099334478378296,7.785381317138672,0.050000011920928955,1753500
7,7015,250,1401.2735595703125,5.6050944328308105,7.812865257263184,0.050000011920928955,1753750
7,7016,250,1393.8194580078125,5.575277805328369,7.432568073272705,0.050000011920928955,1754000
7,7017,250,1773.26708984375,7.0930681228637695,8.060550689697266,0.050000011920928955,1754250
7,7018,250,708.23046875,2.8329219818115234,7.845865726470947,0.050000011920928955,1754500
7,7019,250,1156.3905029296875,4.6255621910095215,8.019421577453613,0.050000011920928955,1754750
7,7020,250,-39.483795166015625,-0.15793518722057343,7.854806900024414,0.050000011920928955,1755000
7,7021,250,-43.75750732421875,-0.17503002285957336,7.911032199859619,0.050000011920928955,1755250
7,7022,250,1420.1094970703125,5.680438041687012,7.85826301574707,0.050000011920928955,1755500
7,7023,250,1060.255126953125,4.241020679473877,7.7399210929870605,0.050000011920928955,1755750
7,7024,250,1483.544677734375,5.934178829193115,7.750654697418213,0.050000011920928955,1756000
7,7025,250,92.71012878417969,0.37084051966667175,7.776164531707764,0.050000011920928955,1756250
7,7026,250,1427.829833984375,5.711319446563721,8.442025184631348,0.050000011920928955,1756500
7,7027,250,1418.1273193359375,5.67250919342041,8.029500961303711,0.050000011920928955,1756750
7,7028,250,764.45068359375,3.057802677154541,7.841420650482178,0.050000011920928955,1757000
7,7029,250,739.0833129882812,2.9563331604003906,8.354897499084473,0.050000011920928955,1757250
7,7030,250,950.3342895507812,3.801337242126465,8.123437881469727,0.050000011920928955,1757500
7,7031,250,717.7531127929688,2.8710124492645264,7.985783576965332,0.050000011920928955,1757750
7,7032,250,956.4030151367188,3.8256120681762695,8.21858024597168,0.050000011920928955,1758000
7,7033,250,490.0171203613281,1.9600684642791748,8.688014030456543,0.050000011920928955,1758250
7,7034,250,-406.7964172363281,-1.6271857023239136,8.189385414123535,0.050000011920928955,1758500
7,7035,250,303.5262451171875,1.2141050100326538,8.131662368774414,0.050000011920928955,1758750
7,7036,250,941.8937377929688,3.7675750255584717,8.152351379394531,0.050000011920928955,1759000
7,7037,250,874.8793334960938,3.4995174407958984,8.709174156188965,0.050000011920928955,1759250
7,7038,250,1138.3388671875,4.553355693817139,8.3325777053833,0.050000011920928955,1759500
7,7039,250,781.2193603515625,3.124877452850342,8.35220718383789,0.050000011920928955,1759750
7,7040,250,572.0088500976562,2.2880353927612305,8.100086212158203,0.050000011920928955,1760000
7,7041,250,1184.85693359375,4.73942756652832,8.4483642578125,0.050000011920928955,1760250
7,7042,250,349.7989196777344,1.399195671081543,8.183579444885254,0.050000011920928955,1760500
7,7043,250,291.8735656738281,1.167494297027588,8.101479530334473,0.050000011920928955,1760750
7,7044,250,798.2654418945312,3.1930618286132812,7.635504722595215,0.050000011920928955,1761000
7,7045,250,906.9348754882812,3.627739429473877,8.435931205749512,0.050000011920928955,1761250
7,7046,250,696.04052734375,2.7841620445251465,7.76551628112793,0.050000011920928955,1761500
7,7047,250,534.947021484375,2.1397881507873535,7.525015354156494,0.050000011920928955,1761750
7,7048,250,-151.62625122070312,-0.6065049767494202,7.723707675933838,0.050000011920928955,1762000
7,7049,250,893.4138793945312,3.573655605316162,7.723568916320801,0.050000011920928955,1762250
7,7050,250,1021.6907348632812,4.08676290512085,7.605945110321045,0.050000011920928955,1762500
7,7051,250,675.8624267578125,2.7034497261047363,7.594059944152832,0.050000011920928955,1762750
7,7052,250,946.1431274414062,3.7845726013183594,7.521934986114502,0.050000011920928955,1763000
7,7053,250,604.67236328125,2.418689489364624,7.609322547912598,0.050000011920928955,1763250
7,7054,250,884.4015502929688,3.5376062393188477,7.709744453430176,0.050000011920928955,1763500
7,7055,250,969.916748046875,3.879667043685913,7.286721706390381,0.050000011920928955,1763750
7,7056,250,912.329833984375,3.6493194103240967,7.667763710021973,0.050000011920928955,1764000
7,7057,250,29.104080200195312,0.1164163202047348,7.686448097229004,0.050000011920928955,1764250
7,7058,250,957.538818359375,3.830155372619629,7.729100227355957,0.050000011920928955,1764500
7,7059,250,779.2731323242188,3.1170926094055176,7.419705867767334,0.050000011920928955,1764750
7,7060,250,595.7006225585938,2.3828024864196777,7.730530261993408,0.050000011920928955,1765000
7,7061,250,1201.796630859375,4.807186603546143,7.537397861480713,0.050000011920928955,1765250
7,7062,250,3.982452392578125,0.0159298088401556,7.1833391189575195,0.050000011920928955,1765500
7,7063,250,-76.59005737304688,-0.3063602149486542,7.4308295249938965,0.050000011920928955,1765750
7,7064,250,1296.7183837890625,5.186873435974121,7.645002841949463,0.050000011920928955,1766000
7,7065,250,965.1243896484375,3.86049747467041,7.6562395095825195,0.050000011920928955,1766250
7,7066,250,581.00927734375,2.3240370750427246,7.540825843811035,0.050000011920928955,1766500
7,7067,250,1329.693359375,5.31877326965332,7.373439311981201,0.050000011920928955,1766750
7,7068,250,-82.11126708984375,-0.32844507694244385,7.040005207061768,0.050000011920928955,1767000
7,7069,250,-355.87310791015625,-1.423492431640625,7.798427581787109,0.050000011920928955,1767250
7,7070,250,-114.73050689697266,-0.45892202854156494,7.725961685180664,0.050000011920928955,1767500
7,7071,250,1385.11279296875,5.5404510498046875,8.010924339294434,0.050000011920928955,1767750
7,7072,250,-62.3526725769043,-0.2494106888771057,7.519911289215088,0.050000011920928955,1768000
7,7073,250,1391.951416015625,5.567805767059326,8.2504301071167,0.050000011920928955,1768250
7,7074,250,1196.83203125,4.787328243255615,7.8909149169921875,0.050000011920928955,1768500
7,7075,250,-162.85910034179688,-0.6514363884925842,7.818365097045898,0.050000011920928955,1768750
7,7076,250,-106.57324981689453,-0.4262929856777191,8.042515754699707,0.050000011920928955,1769000
7,7077,250,1280.587890625,5.12235164642334,8.378835678100586,0.050000011920928955,1769250
7,7078,250,-100.3353042602539,-0.4013412296772003,8.143953323364258,0.050000011920928955,1769500
7,7079,250,1010.7727661132812,4.043091297149658,8.437735557556152,0.050000011920928955,1769750
7,7080,250,-64.95079803466797,-0.2598032057285309,8.00719165802002,0.050000011920928955,1770000
7,7081,250,1280.900390625,5.12360143661499,8.158370971679688,0.050000011920928955,1770250
7,7082,250,1423.032958984375,5.692131996154785,8.0625638961792,0.050000011920928955,1770500
7,7083,250,1384.6319580078125,5.538527965545654,7.86121129989624,0.050000011920928955,1770750
7,7084,250,-101.7569808959961,-0.407027930021286,7.765335559844971,0.050000011920928955,1771000
7,7085,250,-14.597841262817383,-0.05839136615395546,8.233416557312012,0.050000011920928955,1771250
7,7086,250,-62.952392578125,-0.25180956721305847,8.29454517364502,0.050000011920928955,1771500
7,7087,250,-12.72140121459961,-0.050885606557130814,8.290797233581543,0.050000011920928955,1771750
7,7088,250,1360.5537109375,5.4422149658203125,8.293234825134277,0.050000011920928955,1772000
7,7089,250,-8.765464782714844,-0.03506185859441757,8.532706260681152,0.050000011920928955,1772250
7,7090,250,712.3092041015625,2.8492367267608643,8.265297889709473,0.050000011920928955,1772500
7,7091,250,1084.0819091796875,4.33632755279541,8.25808048248291,0.050000011920928955,1772750
7,7092,250,1479.014892578125,5.916059494018555,8.00088119506836,0.050000011920928955,1773000
7,7093,250,1461.798828125,5.847195148468018,8.094805717468262,0.050000011920928955,1773250
7,7094,250,1453.6182861328125,5.8144731521606445,7.778017520904541,0.050000011920928955,1773500
7,7095,250,1409.7840576171875,5.63913631439209,7.766367435455322,0.050000011920928955,1773750
7,7096,250,1395.48095703125,5.581923961639404,7.485263824462891,0.050000011920928955,1774000
7,7097,250,1389.616455078125,5.558465957641602,7.706634998321533,0.050000011920928955,1774250
7,7098,250,1391.396728515625,5.565587043762207,7.481415748596191,0.050000011920928955,1774500
7,7099,250,970.8897705078125,3.883558988571167,7.073902130126953,0.050000011920928955,1774750
7,7100,250,1227.0694580078125,4.908277988433838,7.108145236968994,0.050000011920928955,1775000
7,7101,250,1068.87109375,4.275484561920166,7.0747199058532715,0.050000011920928955,1775250
7,7102,250,1421.999267578125,5.687996864318848,6.976661205291748,0.050000011920928955,1775500
7,7103,250,1429.783935546875,5.719135761260986,6.706814289093018,0.050000011920928955,1775750
7,7104,250,1374.0113525390625,5.4960455894470215,6.521689414978027,0.050000011920928955,1776000
7,7105,250,1442.6998291015625,5.770799160003662,6.656455039978027,0.050000011920928955,1776250
7,7106,250,1426.012451171875,5.704049587249756,6.359436511993408,0.050000011920928955,1776500
7,7107,250,1470.348388671875,5.8813934326171875,6.43838357925415,0.050000011920928955,1776750
7,7108,250,1470.152099609375,5.880608558654785,6.541420936584473,0.050000011920928955,1777000
7,7109,250,1669.10107421875,6.6764044761657715,6.666839599609375,0.050000011920928955,1777250
7,7110,250,1473.4375,5.893750190734863,6.491734504699707,0.050000011920928955,1777500
7,7111,250,1398.23486328125,5.592939376831055,6.39362907409668,0.050000011920928955,1777750
7,7112,250,1423.9300537109375,5.695720195770264,5.941854000091553,0.050000011920928955,1778000
7,7113,250,1447.143798828125,5.788575172424316,6.216309547424316,0.050000011920928955,1778250
7,7114,250,1502.76708984375,6.011068344116211,6.254513740539551,0.050000011920928955,1778500
7,7115,250,1727.680908203125,6.910723686218262,5.855229377746582,0.050000011920928955,1778750
7,7116,250,1431.8062744140625,5.727225303649902,5.958731174468994,0.050000011920928955,1779000
7,7117,250,1423.4599609375,5.693840026855469,5.976437568664551,0.050000011920928955,1779250
7,7118,250,1346.3719482421875,5.3854875564575195,6.023898601531982,0.050000011920928955,1779500
7,7119,250,1046.3505859375,4.1854023933410645,5.664043426513672,0.050000011920928955,1779750
7,7120,250,1387.3929443359375,5.549571990966797,5.500029563903809,0.050000011920928955,1780000
7,7121,250,1384.63671875,5.538547039031982,5.764008045196533,0.050000011920928955,1780250
7,7122,250,1339.2618408203125,5.3570475578308105,5.463573455810547,0.050000011920928955,1780500
7,7123,250,1421.0118408203125,5.684047222137451,5.32589864730835,0.050000011920928955,1780750
7,7124,250,1327.6334228515625,5.31053352355957,5.660844326019287,0.050000011920928955,1781000
7,7125,250,1401.604736328125,5.606419086456299,5.428874969482422,0.050000011920928955,1781250
7,7126,250,1448.41455078125,5.793658256530762,5.041215419769287,0.050000011920928955,1781500
7,7127,250,1305.0157470703125,5.220063209533691,5.034533500671387,0.050000011920928955,1781750
7,7128,250,1413.045166015625,5.6521806716918945,4.8995442390441895,0.050000011920928955,1782000
7,7129,250,1397.849609375,5.591398239135742,4.776111602783203,0.050000011920928955,1782250
7,7130,250,1379.2271728515625,5.516908645629883,4.558043479919434,0.050000011920928955,1782500
7,7131,250,1076.341552734375,4.305366039276123,4.744860649108887,0.050000011920928955,1782750
7,7132,250,1377.712890625,5.5108513832092285,4.90845251083374,0.050000011920928955,1783000
7,7133,250,509.4945068359375,2.037977933883667,4.895732402801514,0.050000011920928955,1783250
7,7134,250,1429.0145263671875,5.716058254241943,4.923173904418945,0.050000011920928955,1783500
7,7135,250,1322.592041015625,5.29036808013916,4.9527363777160645,0.050000011920928955,1783750
7,7136,250,1225.2515869140625,4.90100622177124,4.945897102355957,0.050000011920928955,1784000
7,7137,250,1422.87744140625,5.69150972366333,4.998330593109131,0.050000011920928955,1784250
7,7138,250,1450.5078125,5.80203104019165,4.867305278778076,0.050000011920928955,1784500
7,7139,250,1417.6119384765625,5.670447826385498,5.015870094299316,0.050000011920928955,1784750
7,7140,250,1410.90673828125,5.643627166748047,4.765860080718994,0.050000011920928955,1785000
7,7141,250,1132.8349609375,4.531339645385742,4.733925819396973,0.050000011920928955,1785250
7,7142,250,985.59375,3.9423749446868896,4.729593753814697,0.050000011920928955,1785500
7,7143,250,1140.0556640625,4.560222625732422,4.667726039886475,0.050000011920928955,1785750
7,7144,250,1340.47314453125,5.3618927001953125,4.717576026916504,0.050000011920928955,1786000
7,7145,250,1138.5133056640625,4.55405330657959,5.005058765411377,0.050000011920928955,1786250
7,7146,250,1203.53564453125,4.81414270401001,4.865201950073242,0.050000011920928955,1786500
7,7147,250,1422.955078125,5.69182014465332,4.965752601623535,0.050000011920928955,1786750
7,7148,250,1460.7508544921875,5.843003273010254,4.91782283782959,0.050000011920928955,1787000
7,7149,250,802.607177734375,3.2104287147521973,5.170111179351807,0.050000011920928955,1787250
7,7150,250,1390.95751953125,5.5638298988342285,4.91256856918335,0.050000011920928955,1787500
7,7151,250,1411.301513671875,5.645205974578857,4.846929550170898,0.050000011920928955,1787750
7,7152,250,1740.634033203125,6.962536334991455,4.986761569976807,0.050000011920928955,1788000
7,7153,250,1431.356201171875,5.725424766540527,5.156372547149658,0.050000011920928955,1788250
7,7154,250,1527.72998046875,6.110919952392578,5.102157115936279,0.050000011920928955,1788500
7,7155,250,1494.9420166015625,5.9797682762146,4.8498616218566895,0.050000011920928955,1788750
7,7156,250,1518.8184814453125,6.0752739906311035,4.696303844451904,0.050000011920928955,1789000
7,7157,250,1546.3143310546875,6.185257434844971,4.6040425300598145,0.050000011920928955,1789250
7,7158,250,1295.08642578125,5.18034553527832,4.673274993896484,0.050000011920928955,1789500
7,7159,250,1415.6739501953125,5.66269588470459,5.133179664611816,0.050000011920928955,1789750
7,7160,250,1367.7066650390625,5.470826625823975,5.100599765777588,0.050000011920928955,1790000
7,7161,250,1530.788330078125,6.123153209686279,4.985032558441162,0.050000011920928955,1790250
7,7162,250,1433.32275390625,5.733291149139404,5.191802501678467,0.050000011920928955,1790500
7,7163,250,1495.230224609375,5.980920791625977,4.968587875366211,0.050000011920928955,1790750
7,7164,250,1380.6865234375,5.5227460861206055,4.925983428955078,0.050000011920928955,1791000
7,7165,250,1343.161865234375,5.372647285461426,5.035842418670654,0.050000011920928955,1791250
7,7166,250,1444.0703125,5.776281356811523,4.902673721313477,0.050000011920928955,1791500
7,7167,250,1393.380859375,5.57352352142334,5.053382873535156,0.050000011920928955,1791750
7,7168,250,1435.8758544921875,5.743503570556641,5.03214168548584,0.050000011920928955,1792000
7,7169,250,1354.17626953125,5.416705131530762,4.81052303314209,0.050000011920928955,1792250
7,7170,250,1382.6103515625,5.5304412841796875,4.595380783081055,0.050000011920928955,1792500
7,7171,250,1195.4959716796875,4.781983852386475,4.883542537689209,0.050000011920928955,1792750
7,7172,250,1450.8392333984375,5.803357124328613,4.86612606048584,0.050000011920928955,1793000
7,7173,250,1476.6328125,5.90653133392334,4.707370281219482,0.050000011920928955,1793250
7,7174,250,1366.653076171875,5.466612339019775,4.390625953674316,0.050000011920928955,1793500
7,7175,250,1336.990966796875,5.347963809967041,4.286593437194824,0.050000011920928955,1793750
7,7176,250,1391.2645263671875,5.56505823135376,4.330902576446533,0.050000011920928955,1794000
7,7177,250,1359.3758544921875,5.437503337860107,4.579554557800293,0.050000011920928955,1794250
7,7178,250,1383.8712158203125,5.535484790802002,4.4944939613342285,0.050000011920928955,1794500
7,7179,250,1394.1651611328125,5.576660633087158,4.490148067474365,0.050000011920928955,1794750
7,7180,250,1143.3348388671875,4.573339462280273,4.644031047821045,0.050000011920928955,1795000
7,7181,250,1313.0450439453125,5.252180099487305,4.627666473388672,0.050000011920928955,1795250
7,7182,250,1426.07666015625,5.704306602478027,4.5698561668396,0.050000011920928955,1795500
7,7183,250,1138.73583984375,4.554943561553955,4.4016852378845215,0.050000011920928955,1795750
7,7184,250,1397.6756591796875,5.590702533721924,4.423366069793701,0.050000011920928955,1796000
7,7185,250,1376.37158203125,5.505486488342285,4.452984809875488,0.050000011920928955,1796250
7,7186,250,1087.5882568359375,4.350353240966797,4.426159858703613,0.050000011920928955,1796500
7,7187,250,1272.9666748046875,5.091866493225098,4.55501651763916,0.050000011920928955,1796750
7,7188,250,1408.66943359375,5.634677886962891,4.552966594696045,0.050000011920928955,1797000
7,7189,250,1377.8914794921875,5.511565685272217,4.619941234588623,0.050000011920928955,1797250
7,7190,250,967.5925903320312,3.870370388031006,4.511387348175049,0.050000011920928955,1797500
7,7191,250,1417.939697265625,5.671758651733398,4.504587173461914,0.050000011920928955,1797750
7,7192,250,1177.890869140625,4.711563587188721,4.668120384216309,0.050000011920928955,1798000
7,7193,250,1083.4300537109375,4.3337202072143555,4.671576499938965,0.050000011920928955,1798250
7,7194,250,110.99853515625,0.4439941346645355,4.514791488647461,0.050000011920928955,1798500
7,7195,250,1413.86669921875,5.6554670333862305,4.5833516120910645,0.050000011920928955,1798750
7,7196,250,1525.1943359375,6.1007771492004395,4.614217281341553,0.050000011920928955,1799000
7,7197,250,1037.7392578125,4.150957107543945,4.941656112670898,0.050000011920928955,1799250
7,7198,250,1266.476318359375,5.0659050941467285,4.4879631996154785,0.050000011920928955,1799500
7,7199,250,1138.5224609375,4.5540900230407715,4.449717998504639,0.050000011920928955,1799750
7,7200,250,1150.7940673828125,4.603176116943359,4.6391777992248535,0.050000011920928955,1800000
7,7201,250,1355.991455078125,5.423965930938721,4.658823013305664,0.050000011920928955,1800250
7,7202,250,1118.802734375,4.475211143493652,4.650251865386963,0.050000011920928955,1800500
7,7203,250,910.668212890625,3.6426727771759033,4.5988874435424805,0.050000011920928955,1800750
7,7204,250,1109.5592041015625,4.438236713409424,4.442931175231934,0.050000011920928955,1801000
7,7205,250,1137.535888671875,4.550143718719482,4.704579830169678,0.050000011920928955,1801250
7,7206,250,1210.7091064453125,4.842836380004883,4.7211103439331055,0.050000011920928955,1801500
7,7207,250,1298.164306640625,5.192656993865967,4.725160121917725,0.050000011920928955,1801750
7,7208,250,1065.25390625,4.26101541519165,4.580182075500488,0.050000011920928955,1802000
7,7209,250,1380.541748046875,5.522167205810547,4.576547145843506,0.050000011920928955,1802250
7,7210,250,935.0247802734375,3.7400991916656494,4.504892826080322,0.050000011920928955,1802500
7,7211,250,1386.403564453125,5.545614242553711,4.650760173797607,0.050000011920928955,1802750
7,7212,250,1369.336669921875,5.477346897125244,4.711269855499268,0.050000011920928955,1803000
7,7213,250,1232.776611328125,4.9311065673828125,4.537868976593018,0.050000011920928955,1803250
7,7214,250,1553.99951171875,6.21599817276001,4.647336483001709,0.050000011920928955,1803500
7,7215,250,1379.5040283203125,5.518016338348389,4.319576740264893,0.050000011920928955,1803750
7,7216,250,1340.568115234375,5.362272262573242,4.688061237335205,0.050000011920928955,1804000
7,7217,250,1517.724365234375,6.070897579193115,4.506547451019287,0.050000011920928955,1804250
7,7218,250,-64.98699188232422,-0.2599479556083679,4.751720428466797,0.050000011920928955,1804500
7,7219,250,1486.4757080078125,5.9459028244018555,5.3241143226623535,0.050000011920928955,1804750
7,7220,250,-62.784423828125,-0.25113770365715027,4.996163845062256,0.050000011920928955,1805000
7,7221,250,1241.527099609375,4.966108322143555,5.151604652404785,0.050000011920928955,1805250
7,7222,250,644.2861328125,2.5771446228027344,5.38087797164917,0.050000011920928955,1805500
7,7223,250,1352.87255859375,5.411490440368652,4.97288703918457,0.050000011920928955,1805750
7,7224,250,1478.6368408203125,5.914547443389893,5.160099029541016,0.050000011920928955,1806000
7,7225,250,1292.197265625,5.168788909912109,5.454376697540283,0.050000011920928955,1806250
7,7226,250,1388.861083984375,5.555444240570068,4.8397440910339355,0.050000011920928955,1806500
7,7227,250,1335.383056640625,5.341532230377197,5.236751079559326,0.050000011920928955,1806750
7,7228,250,852.60546875,3.410421848297119,5.139476776123047,0.050000011920928955,1807000
7,7229,250,1356.19873046875,5.424795150756836,5.530276298522949,0.050000011920928955,1807250
7,7230,250,1347.909912109375,5.391639709472656,5.065402984619141,0.050000011920928955,1807500
7,7231,250,1371.815673828125,5.487262725830078,5.4146952629089355,0.050000011920928955,1807750
7,7232,250,1357.702880859375,5.430811405181885,5.289639472961426,0.050000011920928955,1808000
7,7233,250,1432.156494140625,5.728625774383545,5.755130290985107,0.050000011920928955,1808250
7,7234,250,1333.07080078125,5.332283020019531,5.254129886627197,0.050000011920928955,1808500
7,7235,250,1320.1773681640625,5.280709266662598,5.444715976715088,0.050000011920928955,1808750
7,7236,250,1196.2613525390625,4.785045623779297,4.991957664489746,0.050000011920928955,1809000
7,7237,250,1464.0457763671875,5.856183052062988,5.317543983459473,0.050000011920928955,1809250
7,7238,250,1652.7568359375,6.611027240753174,5.082447052001953,0.050000011920928955,1809500
7,7239,250,1299.7088623046875,5.198835372924805,5.152148723602295,0.050000011920928955,1809750
7,7240,250,1333.56640625,5.33426570892334,5.327500343322754,0.050000011920928955,1810000
7,7241,250,1488.922119140625,5.9556884765625,5.094031810760498,0.050000011920928955,1810250
7,7242,250,1482.009765625,5.928039073944092,5.0648369789123535,0.050000011920928955,1810500
7,7243,250,1676.58447265625,6.706337928771973,4.848162651062012,0.050000011920928955,1810750
7,7244,250,1611.998046875,6.447992324829102,5.122475624084473,0.050000011920928955,1811000
7,7245,250,-65.3387680053711,-0.26135507225990295,5.073250770568848,0.050000011920928955,1811250
7,7246,250,1692.548095703125,6.7701921463012695,5.406328201293945,0.050000011920928955,1811500
7,7247,250,1299.2874755859375,5.197149753570557,5.063666343688965,0.050000011920928955,1811750
7,7248,250,-56.043209075927734,-0.22417283058166504,5.4756388664245605,0.050000011920928955,1812000
7,7249,250,687.295654296875,2.74918270111084,5.65642786026001,0.050000011920928955,1812250
7,7250,250,1659.3914794921875,6.637566089630127,5.448568820953369,0.050000011920928955,1812500
7,7251,250,1405.1923828125,5.620769500732422,5.381308078765869,0.050000011920928955,1812750
7,7252,250,1527.0467529296875,6.108187198638916,5.2981061935424805,0.050000011920928955,1813000
7,7253,250,1274.381591796875,5.097526550292969,5.759039402008057,0.050000011920928955,1813250
7,7254,250,922.1708374023438,3.688683271408081,5.505782604217529,0.050000011920928955,1813500
7,7255,250,1485.9544677734375,5.943818092346191,5.340035915374756,0.050000011920928955,1813750
7,7256,250,1530.0902099609375,6.120360851287842,5.4963274002075195,0.050000011920928955,1814000
7,7257,250,1315.498291015625,5.261992931365967,5.803573131561279,0.050000011920928955,1814250
7,7258,250,1526.3887939453125,6.105555057525635,5.391679763793945,0.050000011920928955,1814500
7,7259,250,1309.510498046875,5.238041877746582,5.126404762268066,0.050000011920928955,1814750
7,7260,250,1306.975830078125,5.227903366088867,5.117621898651123,0.050000011920928955,1815000
7,7261,250,1377.6016845703125,5.510406970977783,4.916031837463379,0.050000011920928955,1815250
7,7262,250,1536.1865234375,6.14474630355835,4.834465980529785,0.050000011920928955,1815500
7,7263,250,1492.7510986328125,5.971004486083984,4.68226432800293,0.050000011920928955,1815750
7,7264,250,1522.654541015625,6.090618133544922,4.733626842498779,0.050000011920928955,1816000
7,7265,250,1414.75390625,5.659015655517578,5.0517401695251465,0.050000011920928955,1816250
7,7266,250,1664.9609375,6.659843921661377,4.805166244506836,0.050000011920928955,1816500
7,7267,250,1295.3045654296875,5.181218147277832,4.680238723754883,0.050000011920928955,1816750
7,7268,250,1546.742431640625,6.186969757080078,4.6508049964904785,0.050000011920928955,1817000
7,7269,250,1356.98974609375,5.427958965301514,4.721555233001709,0.050000011920928955,1817250
7,7270,250,1434.685791015625,5.738743305206299,4.537159442901611,0.050000011920928955,1817500
7,7271,250,1434.90869140625,5.739634990692139,4.426079273223877,0.050000011920928955,1817750
7,7272,250,1725.183349609375,6.900733470916748,4.353824138641357,0.050000011920928955,1818000
7,7273,250,1707.162109375,6.828648567199707,4.4849724769592285,0.050000011920928955,1818250
7,7274,250,1311.893310546875,5.247573375701904,4.463642120361328,0.050000011920928955,1818500
7,7275,250,1558.6824951171875,6.234729766845703,4.282711029052734,0.050000011920928955,1818750
7,7276,250,1360.20703125,5.440828323364258,4.161756992340088,0.050000011920928955,1819000
7,7277,250,1632.615966796875,6.530463695526123,4.440159797668457,0.050000011920928955,1819250
7,7278,250,1250.0269775390625,5.000107765197754,4.549746990203857,0.050000011920928955,1819500
7,7279,250,1518.2464599609375,6.072985649108887,4.6168293952941895,0.050000011920928955,1819750
7,7280,250,1413.831298828125,5.655325412750244,4.0743632316589355,0.050000011920928955,1820000
7,7281,250,1559.9478759765625,6.239791393280029,4.683426856994629,0.050000011920928955,1820250
7,7282,250,1417.7733154296875,5.671093463897705,4.42636775970459,0.050000011920928955,1820500
7,7283,250,1617.1910400390625,6.468764305114746,4.29374361038208,0.050000011920928955,1820750
7,7284,250,1605.5550537109375,6.422220230102539,4.177713871002197,0.050000011920928955,1821000
7,7285,250,1251.201904296875,5.004807472229004,4.608236789703369,0.050000011920928955,1821250
7,7286,250,1547.142822265625,6.188571453094482,4.230431079864502,0.050000011920928955,1821500
7,7287,250,1703.4935302734375,6.813973903656006,4.474457263946533,0.050000011920928955,1821750
7,7288,250,1450.83154296875,5.80332612991333,4.072141170501709,0.050000011920928955,1822000
7,7289,250,1540.35595703125,6.161423683166504,4.154488563537598,0.050000011920928955,1822250
7,7290,250,1206.8128662109375,4.827251434326172,4.13054084777832,0.050000011920928955,1822500
7,7291,250,1232.880615234375,4.931522369384766,4.1113600730896,0.050000011920928955,1822750
7,7292,250,1266.94384765625,5.067775249481201,4.112670421600342,0.050000011920928955,1823000
7,7293,250,1559.71826171875,6.23887300491333,4.496992588043213,0.050000011920928955,1823250
7,7294,250,1741.1265869140625,6.964506149291992,4.172928810119629,0.050000011920928955,1823500
7,7295,250,1274.09228515625,5.09636926651001,4.0745368003845215,0.050000011920928955,1823750
7,7296,250,1531.1248779296875,6.124499320983887,3.678439140319824,0.050000011920928955,1824000
7,7297,250,1558.477294921875,6.2339091300964355,4.294186115264893,0.050000011920928955,1824250
7,7298,250,1421.1888427734375,5.684755325317383,4.10966682434082,0.050000011920928955,1824500
7,7299,250,1302.206787109375,5.208827018737793,3.8781113624572754,0.050000011920928955,1824750
7,7300,250,1276.303955078125,5.105216026306152,3.7860169410705566,0.050000011920928955,1825000
7,7301,250,1537.0927734375,6.14837121963501,4.1520867347717285,0.050000011920928955,1825250
7,7302,250,1322.724365234375,5.290897369384766,3.8787472248077393,0.050000011920928955,1825500
7,7303,250,1679.44970703125,6.717798709869385,3.8598499298095703,0.050000011920928955,1825750
7,7304,250,1542.5855712890625,6.170342445373535,3.8325395584106445,0.050000011920928955,1826000
7,7305,250,1622.0782470703125,6.4883131980896,3.9791340827941895,0.050000011920928955,1826250
7,7306,250,1459.119140625,5.8364763259887695,3.76839017868042,0.050000011920928955,1826500
7,7307,250,1512.931396484375,6.051725387573242,3.734792470932007,0.050000011920928955,1826750
7,7308,250,1494.416015625,5.977663993835449,3.8154704570770264,0.050000011920928955,1827000
7,7309,250,1369.4151611328125,5.477660655975342,3.7347257137298584,0.050000011920928955,1827250
7,7310,250,1590.4818115234375,6.361927032470703,3.7836756706237793,0.050000011920928955,1827500
7,7311,250,1715.821044921875,6.863284111022949,3.57478928565979,0.050000011920928955,1827750
7,7312,250,1470.581298828125,5.882325172424316,3.818474292755127,0.050000011920928955,1828000
7,7313,250,1742.19775390625,6.9687910079956055,3.690014123916626,0.050000011920928955,1828250
7,7314,250,1292.211669921875,5.168846607208252,3.8146774768829346,0.050000011920928955,1828500
7,7315,250,1623.1796875,6.492718696594238,3.606109142303467,0.050000011920928955,1828750
7,7316,250,1700.8363037109375,6.803345203399658,3.556530237197876,0.050000011920928955,1829000
7,7317,250,1722.72802734375,6.890912055969238,3.8954553604125977,0.050000011920928955,1829250
7,7318,250,1755.9287109375,7.023715019226074,3.5612549781799316,0.050000011920928955,1829500
7,7319,250,1568.147705078125,6.272590637207031,3.581641912460327,0.050000011920928955,1829750
7,7320,250,1717.782958984375,6.871131896972656,3.677370071411133,0.050000011920928955,1830000
7,7321,250,1737.171875,6.948687553405762,3.5216526985168457,0.050000011920928955,1830250
7,7322,250,1689.6297607421875,6.758519172668457,3.7310914993286133,0.050000011920928955,1830500
7,7323,250,1711.4534912109375,6.845813751220703,3.520206928253174,0.050000011920928955,1830750
7,7324,250,1726.494384765625,6.905977725982666,3.705874443054199,0.050000011920928955,1831000
7,7325,250,1695.1263427734375,6.780505180358887,3.5064353942871094,0.050000011920928955,1831250
7,7326,250,1765.1416015625,7.060566425323486,3.5871493816375732,0.050000011920928955,1831500
7,7327,250,1478.328857421875,5.913315296173096,3.491492986679077,0.050000011920928955,1831750
7,7328,250,1625.847900390625,6.503391742706299,3.374870538711548,0.050000011920928955,1832000
7,7329,250,1701.96142578125,6.807845592498779,3.3498191833496094,0.050000011920928955,1832250
7,7330,250,1470.74365234375,5.882974624633789,3.4154489040374756,0.050000011920928955,1832500
7,7331,250,1741.3785400390625,6.965514183044434,3.4250855445861816,0.050000011920928955,1832750
7,7332,250,1476.1121826171875,5.904448509216309,3.3116207122802734,0.050000011920928955,1833000
7,7333,250,1534.66650390625,6.138666152954102,3.5515201091766357,0.050000011920928955,1833250
7,7334,250,1657.8519287109375,6.631407737731934,3.557649850845337,0.050000011920928955,1833500
7,7335,250,1444.752197265625,5.779008865356445,3.31451416015625,0.050000011920928955,1833750
7,7336,250,1674.8157958984375,6.699263095855713,3.3692023754119873,0.050000011920928955,1834000
7,7337,250,1698.3394775390625,6.793357849121094,3.478633403778076,0.050000011920928955,1834250
7,7338,250,1681.8836669921875,6.727534770965576,3.507173538208008,0.050000011920928955,1834500
7,7339,250,1554.46240234375,6.2178497314453125,3.537630081176758,0.050000011920928955,1834750
7,7340,250,1695.4696044921875,6.781878471374512,3.339425802230835,0.050000011920928955,1835000
7,7341,250,1676.9423828125,6.707769393920898,3.5955278873443604,0.050000011920928955,1835250
7,7342,250,1648.302978515625,6.593212127685547,3.2923450469970703,0.050000011920928955,1835500
7,7343,250,1696.82421875,6.787296772003174,3.2609667778015137,0.050000011920928955,1835750
7,7344,250,1696.3953857421875,6.785581588745117,3.362130880355835,0.050000011920928955,1836000
7,7345,250,1645.3375244140625,6.581350326538086,3.303391218185425,0.050000011920928955,1836250
7,7346,250,1679.044677734375,6.716178894042969,3.3024682998657227,0.050000011920928955,1836500
7,7347,250,1466.22314453125,5.864892482757568,3.2914414405822754,0.050000011920928955,1836750
7,7348,250,1710.194580078125,6.840778350830078,3.5247232913970947,0.050000011920928955,1837000
7,7349,250,1565.48291015625,6.261931419372559,3.3903861045837402,0.050000011920928955,1837250
7,7350,250,1269.40380859375,5.077615261077881,3.4047768115997314,0.050000011920928955,1837500
7,7351,250,1710.6068115234375,6.8424272537231445,3.2851152420043945,0.050000011920928955,1837750
7,7352,250,1648.78125,6.595125198364258,3.2414743900299072,0.050000011920928955,1838000
7,7353,250,1645.1160888671875,6.5804643630981445,3.296954870223999,0.050000011920928955,1838250
7,7354,250,1681.082763671875,6.724330902099609,3.4892961978912354,0.050000011920928955,1838500
7,7355,250,1633.3984375,6.533593654632568,3.181976795196533,0.050000011920928955,1838750
7,7356,250,1693.824462890625,6.77529764175415,3.0676565170288086,0.050000011920928955,1839000
7,7357,250,1668.570556640625,6.674282073974609,3.340003490447998,0.050000011920928955,1839250
7,7358,250,1672.313720703125,6.6892547607421875,3.2729291915893555,0.050000011920928955,1839500
7,7359,250,1624.187744140625,6.496750831604004,3.2266671657562256,0.050000011920928955,1839750
7,7360,250,1647.63525390625,6.590540885925293,3.221339702606201,0.050000011920928955,1840000
7,7361,250,1510.916015625,6.04366397857666,3.256058931350708,0.050000011920928955,1840250
7,7362,250,1557.789794921875,6.231159210205078,3.2912933826446533,0.050000011920928955,1840500
7,7363,250,1453.8712158203125,5.815485000610352,3.1974360942840576,0.050000011920928955,1840750
7,7364,250,1647.05078125,6.588202953338623,3.292712926864624,0.050000011920928955,1841000
7,7365,250,1796.686279296875,7.1867451667785645,3.383150577545166,0.050000011920928955,1841250
7,7366,250,1796.97900390625,7.187915802001953,3.4389703273773193,0.050000011920928955,1841500
7,7367,250,1686.8919677734375,6.747567653656006,3.3738274574279785,0.050000011920928955,1841750
7,7368,250,1678.2784423828125,6.713113784790039,3.4569942951202393,0.050000011920928955,1842000
7,7369,250,1646.96630859375,6.587865352630615,3.362656831741333,0.050000011920928955,1842250
7,7370,250,1600.5947265625,6.402379035949707,3.365739107131958,0.050000011920928955,1842500
7,7371,250,1653.590576171875,6.6143622398376465,3.4070208072662354,0.050000011920928955,1842750
7,7372,250,1701.926025390625,6.807703971862793,3.2620508670806885,0.050000011920928955,1843000
7,7373,250,1729.0732421875,6.916293144226074,3.358534812927246,0.050000011920928955,1843250
7,7374,250,1727.871337890625,6.911485195159912,3.1491034030914307,0.050000011920928955,1843500
7,7375,250,1736.8853759765625,6.9475417137146,3.2020208835601807,0.050000011920928955,1843750
7,7376,250,1501.1767578125,6.004706859588623,3.2381410598754883,0.050000011920928955,1844000
7,7377,250,1473.1162109375,5.892464637756348,3.240185260772705,0.050000011920928955,1844250
7,7378,250,1504.8739013671875,6.019495487213135,3.173121929168701,0.050000011920928955,1844500
7,7379,250,1424.8382568359375,5.699353218078613,3.2029707431793213,0.050000011920928955,1844750
7,7380,250,1745.812255859375,6.983249187469482,3.2445099353790283,0.050000011920928955,1845000
7,7381,250,1739.649169921875,6.958596706390381,3.336129903793335,0.050000011920928955,1845250
7,7382,250,1710.3072509765625,6.84122896194458,3.4764292240142822,0.050000011920928955,1845500
7,7383,250,1755.064697265625,7.020258903503418,3.4987072944641113,0.050000011920928955,1845750
7,7384,250,1480.4046630859375,5.921618461608887,3.4872560501098633,0.050000011920928955,1846000
7,7385,250,1545.898193359375,6.183592796325684,3.6810896396636963,0.050000011920928955,1846250
7,7386,250,1716.141357421875,6.864565372467041,3.5861430168151855,0.050000011920928955,1846500
7,7387,250,1513.060791015625,6.052243232727051,3.426676034927368,0.050000011920928955,1846750
7,7388,250,1384.976806640625,5.539907455444336,3.426030397415161,0.050000011920928955,1847000
7,7389,250,1593.2301025390625,6.372920513153076,3.5791685581207275,0.050000011920928955,1847250
7,7390,250,1482.7490234375,5.930995941162109,3.6286869049072266,0.050000011920928955,1847500
7,7391,250,1612.9547119140625,6.451818943023682,3.4088306427001953,0.050000011920928955,1847750
7,7392,250,1521.798095703125,6.087192535400391,3.4446675777435303,0.050000011920928955,1848000
7,7393,250,1504.8232421875,6.019292831420898,3.6466355323791504,0.050000011920928955,1848250
7,7394,250,1482.402587890625,5.929610252380371,3.668135643005371,0.050000011920928955,1848500
7,7395,250,1654.4317626953125,6.617727279663086,3.572418451309204,0.050000011920928955,1848750
7,7396,250,1638.8599853515625,6.5554399490356445,3.57783842086792,0.050000011920928955,1849000
7,7397,250,1703.058837890625,6.812235355377197,3.7674448490142822,0.050000011920928955,1849250
7,7398,250,1237.550048828125,4.950200080871582,3.7499547004699707,0.050000011920928955,1849500
7,7399,250,1499.2425537109375,5.996970176696777,3.762502431869507,0.050000011920928955,1849750
7,7400,250,1469.0654296875,5.8762617111206055,3.794326066970825,0.050000011920928955,1850000
7,7401,250,1402.6925048828125,5.610770225524902,3.7343194484710693,0.050000011920928955,1850250
7,7402,250,1531.4835205078125,6.12593412399292,3.728670597076416,0.050000011920928955,1850500
7,7403,250,1392.86572265625,5.571463108062744,3.9415204524993896,0.050000011920928955,1850750
7,7404,250,1435.5146484375,5.742058753967285,3.85569429397583,0.050000011920928955,1851000
7,7405,250,1614.8206787109375,6.459282875061035,3.718441963195801,0.050000011920928955,1851250
7,7406,250,1616.586669921875,6.466346740722656,3.5685927867889404,0.050000011920928955,1851500
7,7407,250,1669.173583984375,6.676694393157959,3.4322261810302734,0.050000011920928955,1851750
7,7408,250,1433.54736328125,5.734189510345459,3.5115904808044434,0.050000011920928955,1852000
7,7409,250,1654.832763671875,6.619330883026123,3.6444737911224365,0.050000011920928955,1852250
7,7410,250,1546.4267578125,6.185707092285156,3.5822103023529053,0.050000011920928955,1852500
7,7411,250,1561.5330810546875,6.2461323738098145,3.6734023094177246,0.050000011920928955,1852750
7,7412,250,1239.39013671875,4.9575605392456055,3.6167397499084473,0.050000011920928955,1853000
7,7413,250,1211.54833984375,4.846193313598633,3.6714298725128174,0.050000011920928955,1853250
7,7414,250,1206.69580078125,4.826783180236816,3.7021613121032715,0.050000011920928955,1853500
7,7415,250,1570.05126953125,6.280205249786377,3.6959497928619385,0.050000011920928955,1853750
7,7416,250,1398.9638671875,5.595855236053467,3.879350423812866,0.050000011920928955,1854000
7,7417,250,1539.5682373046875,6.158272743225098,3.6646876335144043,0.050000011920928955,1854250
7,7418,250,1267.6802978515625,5.07072114944458,3.7317755222320557,0.050000011920928955,1854500
7,7419,250,1514.98046875,6.059921741485596,3.5643324851989746,0.050000011920928955,1854750
7,7420,250,1350.0400390625,5.400160312652588,3.576483964920044,0.050000011920928955,1855000
7,7421,250,1151.6689453125,4.606675624847412,3.784564733505249,0.050000011920928955,1855250
7,7422,250,930.9730834960938,3.7238924503326416,3.4587318897247314,0.050000011920928955,1855500
7,7423,250,303.6393737792969,1.2145575284957886,4.092937469482422,0.050000011920928955,1855750
7,7424,250,1356.639404296875,5.426557540893555,3.966454267501831,0.050000011920928955,1856000
7,7425,250,1074.42578125,4.297703266143799,4.663430213928223,0.050000011920928955,1856250
7,7426,250,1369.7164306640625,5.478865623474121,4.428117275238037,0.050000011920928955,1856500
7,7427,250,1499.8837890625,5.999535083770752,4.261501312255859,0.050000011920928955,1856750
7,7428,250,1590.7232666015625,6.362893104553223,4.150970458984375,0.050000011920928955,1857000
7,7429,250,1490.01904296875,5.960076332092285,4.273553371429443,0.050000011920928955,1857250
7,7430,250,1443.26171875,5.773046970367432,4.390750885009766,0.050000011920928955,1857500
7,7431,250,1404.79638671875,5.619185447692871,4.178660869598389,0.050000011920928955,1857750
7,7432,250,1019.3651733398438,4.077460765838623,4.22068452835083,0.050000011920928955,1858000
7,7433,250,1457.152099609375,5.828608512878418,4.221550464630127,0.050000011920928955,1858250
7,7434,250,1409.97314453125,5.639892578125,4.056148529052734,0.050000011920928955,1858500
7,7435,250,1232.26904296875,4.929076194763184,4.260967254638672,0.050000011920928955,1858750
7,7436,250,888.8031005859375,3.5552124977111816,4.235769271850586,0.050000011920928955,1859000
7,7437,250,1298.773193359375,5.195092678070068,4.015774726867676,0.050000011920928955,1859250
7,7438,250,1479.685546875,5.9187421798706055,4.006342887878418,0.050000011920928955,1859500
7,7439,250,1298.49951171875,5.193997859954834,4.045020580291748,0.050000011920928955,1859750
7,7440,250,1348.3572998046875,5.393429279327393,3.9813029766082764,0.050000011920928955,1860000
7,7441,250,1667.000244140625,6.668001174926758,4.293551921844482,0.050000011920928955,1860250
7,7442,250,1231.3887939453125,4.925555229187012,4.126844882965088,0.050000011920928955,1860500
7,7443,250,1338.956298828125,5.355825424194336,4.176102638244629,0.050000011920928955,1860750
7,7444,250,643.3187866210938,2.573275089263916,4.197371006011963,0.050000011920928955,1861000
7,7445,250,1174.4510498046875,4.697803974151611,4.1978983879089355,0.050000011920928955,1861250
7,7446,250,646.1644897460938,2.584657907485962,4.423355579376221,0.050000011920928955,1861500
7,7447,250,721.8876953125,2.8875508308410645,4.371015548706055,0.050000011920928955,1861750
7,7448,250,1303.4422607421875,5.21376895904541,4.388394355773926,0.050000011920928955,1862000
7,7449,250,900.4810791015625,3.601924419403076,4.508230209350586,0.050000011920928955,1862250
7,7450,250,250.56832885742188,1.0022733211517334,4.52984094619751,0.050000011920928955,1862500
7,7451,250,-14.870464324951172,-0.05948185548186302,4.737030029296875,0.050000011920928955,1862750
7,7452,250,734.8914794921875,2.939565896987915,5.0361785888671875,0.050000011920928955,1863000
7,7453,250,1035.599365234375,4.142397403717041,5.226049423217773,0.050000011920928955,1863250
7,7454,250,1229.6666259765625,4.918666362762451,5.116727352142334,0.050000011920928955,1863500
7,7455,250,616.6173706054688,2.4664695262908936,5.096734046936035,0.050000011920928955,1863750
7,7456,250,1156.7274169921875,4.6269097328186035,5.399864673614502,0.050000011920928955,1864000
7,7457,250,799.3181762695312,3.197272777557373,5.694668292999268,0.050000011920928955,1864250
7,7458,250,792.9971923828125,3.1719887256622314,5.5874834060668945,0.050000011920928955,1864500
7,7459,250,1014.524658203125,4.058098793029785,5.416980743408203,0.050000011920928955,1864750
7,7460,250,1039.7850341796875,4.159140110015869,5.467785835266113,0.050000011920928955,1865000
7,7461,250,915.4917602539062,3.6619670391082764,6.081765651702881,0.050000011920928955,1865250
7,7462,250,985.0908203125,3.9403631687164307,5.8068718910217285,0.050000011920928955,1865500
7,7463,250,1029.4088134765625,4.117635250091553,5.431138038635254,0.050000011920928955,1865750
7,7464,250,910.1376953125,3.6405508518218994,5.287149906158447,0.050000011920928955,1866000
7,7465,250,722.1699829101562,2.8886799812316895,5.808230876922607,0.050000011920928955,1866250
7,7466,250,1421.045166015625,5.684180736541748,5.620479106903076,0.050000011920928955,1866500
7,7467,250,1206.8431396484375,4.8273725509643555,5.81095552444458,0.050000011920928955,1866750
7,7468,250,881.970458984375,3.5278818607330322,5.750303268432617,0.050000011920928955,1867000
7,7469,250,552.8667602539062,2.2114670276641846,6.50720739364624,0.050000011920928955,1867250
7,7470,250,1021.8322143554688,4.087328910827637,6.4730963706970215,0.050000011920928955,1867500
7,7471,250,1442.269287109375,5.769077301025391,6.18112850189209,0.050000011920928955,1867750
7,7472,250,1167.359130859375,4.669436454772949,6.074853420257568,0.050000011920928955,1868000
7,7473,250,922.8543090820312,3.6914172172546387,6.5384016036987305,0.050000011920928955,1868250
7,7474,250,382.3966369628906,1.5295865535736084,6.711463451385498,0.050000011920928955,1868500
7,7475,250,1462.9344482421875,5.851737976074219,6.571139812469482,0.050000011920928955,1868750
7,7476,250,1368.4954833984375,5.473981857299805,6.347116947174072,0.050000011920928955,1869000
7,7477,250,858.1991577148438,3.4327967166900635,6.526723384857178,0.050000011920928955,1869250
7,7478,250,1395.22705078125,5.580908298492432,6.9623332023620605,0.050000011920928955,1869500
7,7479,250,1289.2535400390625,5.1570143699646,6.631822109222412,0.050000011920928955,1869750
7,7480,250,1378.6939697265625,5.51477575302124,6.694527626037598,0.050000011920928955,1870000
7,7481,250,498.9998474121094,1.9959993362426758,6.972943305969238,0.050000011920928955,1870250
7,7482,250,735.5551147460938,2.942220449447632,6.886990547180176,0.050000011920928955,1870500
7,7483,250,1142.6275634765625,4.570510387420654,6.899386882781982,0.050000011920928955,1870750
7,7484,250,1145.0794677734375,4.580317974090576,6.708949565887451,0.050000011920928955,1871000
7,7485,250,951.5642700195312,3.8062570095062256,7.205231189727783,0.050000011920928955,1871250
7,7486,250,1158.880126953125,4.6355204582214355,6.98175573348999,0.050000011920928955,1871500
7,7487,250,1226.1787109375,4.904715061187744,6.795773029327393,0.050000011920928955,1871750
7,7488,250,1200.7525634765625,4.8030104637146,6.513033390045166,0.050000011920928955,1872000
7,7489,250,1657.794189453125,6.631176948547363,7.086788177490234,0.050000011920928955,1872250
7,7490,250,1602.0242919921875,6.408097267150879,6.142965793609619,0.050000011920928955,1872500
7,7491,250,1836.99658203125,7.347986221313477,5.989099025726318,0.050000011920928955,1872750
7,7492,250,-2.5581648349761963,-0.010232659056782722,6.182456016540527,0.050000011920928955,1873000
7,7493,250,-15.592986106872559,-0.06237194314599037,6.726603984832764,0.050000011920928955,1873250
7,7494,250,1435.514892578125,5.742059707641602,6.337301731109619,0.050000011920928955,1873500
7,7495,250,-24.003000259399414,-0.09601200371980667,6.437307357788086,0.050000011920928955,1873750
7,7496,250,1880.19873046875,7.520794868469238,6.27856969833374,0.050000011920928955,1874000
7,7497,250,1630.4737548828125,6.521894931793213,6.48200798034668,0.050000011920928955,1874250
7,7498,250,1507.9400634765625,6.031760215759277,6.275818824768066,0.050000011920928955,1874500
7,7499,250,1372.94873046875,5.491795063018799,6.074146747589111,0.050000011920928955,1874750
7,7500,250,11.836230278015137,0.04734491929411888,6.256261825561523,0.050000011920928955,1875000
7,7501,250,40.168617248535156,0.16067446768283844,6.634624004364014,0.050000011920928955,1875250
7,7502,250,1829.0584716796875,7.316234111785889,6.209621429443359,0.050000011920928955,1875500
7,7503,250,39.705928802490234,0.15882371366024017,6.3184404373168945,0.050000011920928955,1875750
7,7504,250,1179.27490234375,4.717099666595459,6.287199974060059,0.050000011920928955,1876000
7,7505,250,47.45431137084961,0.18981724977493286,6.470080375671387,0.050000011920928955,1876250
7,7506,250,35.63616180419922,0.14254464209079742,6.52276086807251,0.050000011920928955,1876500
7,7507,250,1658.2593994140625,6.633037567138672,6.552056789398193,0.050000011920928955,1876750
7,7508,250,20.263614654541016,0.0810544565320015,6.293807506561279,0.050000011920928955,1877000
7,7509,250,1500.87353515625,6.0034942626953125,6.428978443145752,0.050000011920928955,1877250
7,7510,250,49.08140563964844,0.1963256299495697,6.00999641418457,0.050000011920928955,1877500
7,7511,250,1659.2877197265625,6.637150764465332,6.04747200012207,0.050000011920928955,1877750
7,7512,250,36.27425003051758,0.14509700238704681,6.11121940612793,0.050000011920928955,1878000
7,7513,250,1662.2454833984375,6.648982048034668,6.415158271789551,0.050000011920928955,1878250
7,7514,250,58.054256439208984,0.23221702873706818,6.037134170532227,0.050000011920928955,1878500
7,7515,250,1450.7568359375,5.803027153015137,6.128007888793945,0.050000011920928955,1878750
7,7516,250,1502.830810546875,6.01132345199585,6.2504353523254395,0.050000011920928955,1879000
7,7517,250,1213.8369140625,4.855347633361816,6.085151195526123,0.050000011920928955,1879250
7,7518,250,30.77880859375,0.12311523407697678,5.787557601928711,0.050000011920928955,1879500
7,7519,250,213.81272888183594,0.855250895023346,5.824925899505615,0.050000011920928955,1879750
7,7520,250,1143.787841796875,4.575151443481445,5.917052268981934,0.050000011920928955,1880000
7,7521,250,1387.199462890625,5.548798084259033,6.358021259307861,0.050000011920928955,1880250
7,7522,250,1355.1458740234375,5.420583724975586,6.0964202880859375,0.050000011920928955,1880500
7,7523,250,1388.3311767578125,5.5533246994018555,5.999519348144531,0.050000011920928955,1880750
7,7524,250,1397.169921875,5.588679790496826,5.959970951080322,0.050000011920928955,1881000
7,7525,250,1062.830810546875,4.251323223114014,6.363483905792236,0.050000011920928955,1881250
7,7526,250,194.7487030029297,0.7789947986602783,5.834443092346191,0.050000011920928955,1881500
7,7527,250,1034.065185546875,4.136260509490967,6.017791271209717,0.050000011920928955,1881750
7,7528,250,1427.5810546875,5.710324287414551,5.723116397857666,0.050000011920928955,1882000
7,7529,250,1433.4595947265625,5.7338385581970215,6.269834041595459,0.050000011920928955,1882250
7,7530,250,1455.424560546875,5.821698188781738,6.051449775695801,0.050000011920928955,1882500
7,7531,250,1092.1864013671875,4.368745803833008,5.956788063049316,0.050000011920928955,1882750
7,7532,250,1355.474853515625,5.421899318695068,5.864538669586182,0.050000011920928955,1883000
7,7533,250,1545.78369140625,6.18313455581665,5.99392557144165,0.050000011920928955,1883250
7,7534,250,944.7610473632812,3.7790441513061523,5.981057643890381,0.050000011920928955,1883500
7,7535,250,706.6151123046875,2.826460361480713,6.112838268280029,0.050000011920928955,1883750
7,7536,250,1487.705078125,5.950820446014404,5.84920072555542,0.050000011920928955,1884000
7,7537,250,899.74462890625,3.5989785194396973,6.226844310760498,0.050000011920928955,1884250
7,7538,250,425.0273742675781,1.7001094818115234,6.390382289886475,0.050000011920928955,1884500
7,7539,250,839.9151611328125,3.3596606254577637,6.420360565185547,0.050000011920928955,1884750
7,7540,250,633.9724731445312,2.5358898639678955,6.348032474517822,0.050000011920928955,1885000
7,7541,250,656.1597290039062,2.6246390342712402,6.651686668395996,0.050000011920928955,1885250
7,7542,250,708.8865966796875,2.8355464935302734,6.693028926849365,0.050000011920928955,1885500
7,7543,250,763.3032836914062,3.053213119506836,6.806415557861328,0.050000011920928955,1885750
7,7544,250,1153.6732177734375,4.614692687988281,6.763815879821777,0.050000011920928955,1886000
7,7545,250,798.2747192382812,3.193098783493042,6.628439426422119,0.050000011920928955,1886250
7,7546,250,751.9692993164062,3.0078771114349365,6.826900005340576,0.050000011920928955,1886500
7,7547,250,784.380126953125,3.1375205516815186,6.535073280334473,0.050000011920928955,1886750
7,7548,250,757.4066162109375,3.0296263694763184,6.611161708831787,0.050000011920928955,1887000
7,7549,250,949.3551635742188,3.7974207401275635,6.7789835929870605,0.050000011920928955,1887250
7,7550,250,837.7872314453125,3.351148843765259,6.594048976898193,0.050000011920928955,1887500
7,7551,250,731.4390869140625,2.9257564544677734,6.741550445556641,0.050000011920928955,1887750
7,7552,250,920.4347534179688,3.681739091873169,6.4548516273498535,0.050000011920928955,1888000
7,7553,250,1407.765625,5.6310625076293945,6.978283405303955,0.050000011920928955,1888250
7,7554,250,1098.8331298828125,4.395332336425781,6.438769340515137,0.050000011920928955,1888500
7,7555,250,1247.7578125,4.991031169891357,6.336151599884033,0.050000011920928955,1888750
7,7556,250,1043.76220703125,4.175048828125,6.205047130584717,0.050000011920928955,1889000
7,7557,250,1135.9400634765625,4.543760299682617,6.881803035736084,0.050000011920928955,1889250
7,7558,250,963.7261352539062,3.8549046516418457,6.520361423492432,0.050000011920928955,1889500
7,7559,250,1244.0313720703125,4.976125717163086,6.498508453369141,0.050000011920928955,1889750
7,7560,250,1007.7052001953125,4.030820846557617,5.937407970428467,0.050000011920928955,1890000
7,7561,250,1294.2464599609375,5.176985740661621,6.502424716949463,0.050000011920928955,1890250
7,7562,250,1031.8472900390625,4.127388954162598,6.2929558753967285,0.050000011920928955,1890500
7,7563,250,816.59716796875,3.2663886547088623,6.436119079589844,0.050000011920928955,1890750
7,7564,250,1008.3231811523438,4.033292770385742,6.33890438079834,0.050000011920928955,1891000
7,7565,250,562.0943603515625,2.2483773231506348,6.686165809631348,0.050000011920928955,1891250
7,7566,250,1290.199462890625,5.160798072814941,6.777803421020508,0.050000011920928955,1891500
7,7567,250,664.14794921875,2.6565918922424316,6.467351913452148,0.050000011920928955,1891750
7,7568,250,16.191755294799805,0.0647670179605484,6.352110862731934,0.050000011920928955,1892000
7,7569,250,190.07681274414062,0.760307252407074,6.938675880432129,0.050000011920928955,1892250
7,7570,250,175.5173797607422,0.7020695209503174,6.735171318054199,0.050000011920928955,1892500
7,7571,250,109.76338195800781,0.4390535354614258,6.933975696563721,0.050000011920928955,1892750
7,7572,250,170.85885620117188,0.6834354400634766,6.957968235015869,0.050000011920928955,1893000
7,7573,250,99.74431610107422,0.39897724986076355,7.648065567016602,0.050000011920928955,1893250
7,7574,250,102.58123016357422,0.41032493114471436,7.302582740783691,0.050000011920928955,1893500
7,7575,250,103.66287231445312,0.414651483297348,7.000123977661133,0.050000011920928955,1893750
7,7576,250,1105.25439453125,4.421017646789551,7.337059497833252,0.050000011920928955,1894000
7,7577,250,214.4022216796875,0.8576089143753052,7.90070104598999,0.050000011920928955,1894250
7,7578,250,-14.712316513061523,-0.0588492676615715,7.819743633270264,0.050000011920928955,1894500
7,7579,250,60.510555267333984,0.24204221367835999,7.870995998382568,0.050000011920928955,1894750
7,7580,250,374.5895080566406,1.4983580112457275,7.442546367645264,0.050000011920928955,1895000
7,7581,250,835.24755859375,3.3409903049468994,8.096234321594238,0.050000011920928955,1895250
7,7582,250,127.89746856689453,0.5115898847579956,7.844482421875,0.050000011920928955,1895500
7,7583,250,53.02687072753906,0.21210747957229614,7.81887149810791,0.050000011920928955,1895750
7,7584,250,855.2452392578125,3.420980930328369,7.87388801574707,0.050000011920928955,1896000
7,7585,250,880.6204833984375,3.522481918334961,8.239239692687988,0.050000011920928955,1896250
7,7586,250,1382.2313232421875,5.52892541885376,8.360248565673828,0.050000011920928955,1896500
7,7587,250,1251.1256103515625,5.004502296447754,8.307212829589844,0.050000011920928955,1896750
7,7588,250,1195.1026611328125,4.7804107666015625,8.059659004211426,0.050000011920928955,1897000
7,7589,250,1322.448486328125,5.289793968200684,8.43326187133789,0.050000011920928955,1897250
7,7590,250,1490.3826904296875,5.961530685424805,8.289545059204102,0.050000011920928955,1897500
7,7591,250,1319.5975341796875,5.278389930725098,8.37545394897461,0.050000011920928955,1897750
7,7592,250,1274.04345703125,5.0961737632751465,7.971574306488037,0.050000011920928955,1898000
7,7593,250,1639.2613525390625,6.5570454597473145,8.486676216125488,0.050000011920928955,1898250
7,7594,250,1578.536865234375,6.314147472381592,8.248912811279297,0.050000011920928955,1898500
7,7595,250,1355.141357421875,5.420565605163574,8.221421241760254,0.050000011920928955,1898750
7,7596,250,1622.2830810546875,6.489132404327393,7.92413854598999,0.050000011920928955,1899000
7,7597,250,1445.013671875,5.780054569244385,7.559291839599609,0.050000011920928955,1899250
7,7598,250,883.791259765625,3.5351650714874268,7.801141738891602,0.050000011920928955,1899500
7,7599,250,1283.8175048828125,5.135270118713379,7.761883735656738,0.050000011920928955,1899750
7,7600,250,1381.621337890625,5.526485443115234,7.680868625640869,0.050000011920928955,1900000
7,7601,250,1561.3944091796875,6.245577812194824,7.172664642333984,0.050000011920928955,1900250
7,7602,250,1631.758056640625,6.527032375335693,7.197620868682861,0.050000011920928955,1900500
7,7603,250,1462.9022216796875,5.851608753204346,7.210524559020996,0.050000011920928955,1900750
7,7604,250,1658.18359375,6.632734298706055,6.852043628692627,0.050000011920928955,1901000
7,7605,250,1392.003173828125,5.568012714385986,7.369777679443359,0.050000011920928955,1901250
7,7606,250,1630.5035400390625,6.522014141082764,6.790762424468994,0.050000011920928955,1901500
7,7607,250,1229.751708984375,4.919006824493408,6.423710346221924,0.050000011920928955,1901750
7,7608,250,1312.73486328125,5.25093936920166,6.405835151672363,0.050000011920928955,1902000
7,7609,250,1228.3863525390625,4.913545608520508,6.679548740386963,0.050000011920928955,1902250
7,7610,250,1642.530517578125,6.570122241973877,6.336277961730957,0.050000011920928955,1902500
7,7611,250,1603.220947265625,6.412883758544922,6.133363246917725,0.050000011920928955,1902750
7,7612,250,1268.3642578125,5.07345724105835,5.911314487457275,0.050000011920928955,1903000
7,7613,250,1442.9063720703125,5.771625518798828,5.761479377746582,0.050000011920928955,1903250
7,7614,250,1613.04248046875,6.452169895172119,5.739810466766357,0.050000011920928955,1903500
7,7615,250,928.0428466796875,3.7121713161468506,5.784391403198242,0.050000011920928955,1903750
7,7616,250,-12.582545280456543,-0.050330180674791336,5.453432083129883,0.050000011920928955,1904000
7,7617,250,1459.9530029296875,5.8398118019104,5.81314754486084,0.050000011920928955,1904250
7,7618,250,1129.423583984375,4.517694473266602,5.474899768829346,0.050000011920928955,1904500
7,7619,250,1354.95361328125,5.419814586639404,5.248783111572266,0.050000011920928955,1904750
7,7620,250,1587.146484375,6.348586082458496,5.109709739685059,0.050000011920928955,1905000
7,7621,250,40.104312896728516,0.16041725873947144,5.131889820098877,0.050000011920928955,1905250
7,7622,250,1721.49462890625,6.885978698730469,5.242194652557373,0.050000011920928955,1905500
7,7623,250,322.5382080078125,1.2901527881622314,4.956780910491943,0.050000011920928955,1905750
7,7624,250,1693.460205078125,6.77384090423584,4.909109115600586,0.050000011920928955,1906000
7,7625,250,1655.6395263671875,6.622558116912842,5.099514484405518,0.050000011920928955,1906250
7,7626,250,1629.099365234375,6.516397476196289,4.566704273223877,0.050000011920928955,1906500
7,7627,250,1692.4886474609375,6.769954681396484,4.493667125701904,0.050000011920928955,1906750
7,7628,250,1684.080810546875,6.736323356628418,4.546149253845215,0.050000011920928955,1907000
7,7629,250,1687.578369140625,6.7503132820129395,4.562418460845947,0.050000011920928955,1907250
7,7630,250,1679.4410400390625,6.717764377593994,4.3859052658081055,0.050000011920928955,1907500
7,7631,250,1681.158935546875,6.724635601043701,4.305102825164795,0.050000011920928955,1907750
7,7632,250,1675.6778564453125,6.702711582183838,4.072086811065674,0.050000011920928955,1908000
7,7633,250,1541.21142578125,6.1648454666137695,4.319361209869385,0.050000011920928955,1908250
7,7634,250,1740.7725830078125,6.963090419769287,4.2384443283081055,0.050000011920928955,1908500
7,7635,250,1655.061279296875,6.620244979858398,4.093808174133301,0.050000011920928955,1908750
7,7636,250,1262.751708984375,5.05100679397583,3.9148356914520264,0.050000011920928955,1909000
7,7637,250,1644.4642333984375,6.57785701751709,4.34873628616333,0.050000011920928955,1909250
7,7638,250,1694.3826904296875,6.777530670166016,4.098264217376709,0.050000011920928955,1909500
7,7639,250,1245.944091796875,4.983776569366455,3.8596184253692627,0.050000011920928955,1909750
7,7640,250,1693.3411865234375,6.773364543914795,4.0048065185546875,0.050000011920928955,1910000
7,7641,250,1276.25634765625,5.105025291442871,3.9654924869537354,0.050000011920928955,1910250
7,7642,250,1464.53857421875,5.858154296875,3.962153673171997,0.050000011920928955,1910500
7,7643,250,1611.6190185546875,6.446475982666016,3.9231417179107666,0.050000011920928955,1910750
7,7644,250,1553.546875,6.2141876220703125,4.004312992095947,0.050000011920928955,1911000
7,7645,250,1664.472412109375,6.6578898429870605,4.216391086578369,0.050000011920928955,1911250
7,7646,250,1689.227783203125,6.756911277770996,4.086213111877441,0.050000011920928955,1911500
7,7647,250,1671.0604248046875,6.684241771697998,3.908069372177124,0.050000011920928955,1911750
7,7648,250,1699.155517578125,6.796622276306152,3.7038047313690186,0.050000011920928955,1912000
7,7649,250,1512.5660400390625,6.050264358520508,4.114606857299805,0.050000011920928955,1912250
7,7650,250,1263.188232421875,5.05275297164917,4.143282413482666,0.050000011920928955,1912500
7,7651,250,1644.5902099609375,6.5783610343933105,4.077334403991699,0.050000011920928955,1912750
7,7652,250,1707.5367431640625,6.830146789550781,3.933398485183716,0.050000011920928955,1913000
7,7653,250,1285.663818359375,5.142655372619629,3.758617639541626,0.050000011920928955,1913250
7,7654,250,1302.859130859375,5.211436748504639,4.004466533660889,0.050000011920928955,1913500
7,7655,250,1072.96240234375,4.291849613189697,3.6955742835998535,0.050000011920928955,1913750
7,7656,250,1655.6614990234375,6.622645854949951,3.782815933227539,0.050000011920928955,1914000
7,7657,250,1603.3726806640625,6.4134907722473145,3.8385891914367676,0.050000011920928955,1914250
7,7658,250,1461.180908203125,5.844723701477051,3.5019476413726807,0.050000011920928955,1914500
7,7659,250,1274.5042724609375,5.09801721572876,3.609961748123169,0.050000011920928955,1914750
7,7660,250,1294.5771484375,5.178308486938477,3.580040693283081,0.050000011920928955,1915000
7,7661,250,1651.30029296875,6.605201244354248,3.611100435256958,0.050000011920928955,1915250
7,7662,250,1189.5625,4.7582502365112305,3.4239487648010254,0.050000011920928955,1915500
7,7663,250,1473.1649169921875,5.892659664154053,3.4614005088806152,0.050000011920928955,1915750
7,7664,250,1262.802490234375,5.051209926605225,3.4803905487060547,0.050000011920928955,1916000
7,7665,250,1260.1610107421875,5.04064416885376,3.392198085784912,0.050000011920928955,1916250
7,7666,250,1298.6097412109375,5.194438934326172,3.4786062240600586,0.050000011920928955,1916500
7,7667,250,1643.458251953125,6.573832988739014,3.3099615573883057,0.050000011920928955,1916750
7,7668,250,1644.885498046875,6.57954216003418,3.328158378601074,0.050000011920928955,1917000
7,7669,250,1267.183349609375,5.068733215332031,3.6206367015838623,0.050000011920928955,1917250
7,7670,250,1595.852294921875,6.383409023284912,3.3355422019958496,0.050000011920928955,1917500
7,7671,250,1303.4736328125,5.213894367218018,3.500788927078247,0.050000011920928955,1917750
7,7672,250,1592.614990234375,6.370460033416748,3.5711655616760254,0.050000011920928955,1918000
7,7673,250,1543.725341796875,6.174901485443115,3.4519662857055664,0.050000011920928955,1918250
7,7674,250,1665.4410400390625,6.661764144897461,3.5448739528656006,0.050000011920928955,1918500
7,7675,250,1591.3787841796875,6.365515232086182,3.313356399536133,0.050000011920928955,1918750
7,7676,250,1675.1798095703125,6.700719356536865,3.312875270843506,0.050000011920928955,1919000
7,7677,250,1649.330810546875,6.597323417663574,3.352461099624634,0.050000011920928955,1919250
7,7678,250,1626.354736328125,6.50541877746582,3.3506858348846436,0.050000011920928955,1919500
7,7679,250,609.6161499023438,2.438464641571045,3.4747633934020996,0.050000011920928955,1919750
7,7680,250,1677.134521484375,6.708538055419922,3.3319449424743652,0.050000011920928955,1920000
7,7681,250,1648.376953125,6.593507766723633,3.318986654281616,0.050000011920928955,1920250
7,7682,250,78.89057922363281,0.31556230783462524,3.1053431034088135,0.050000011920928955,1920500
7,7683,250,-23.306488037109375,-0.09322594851255417,3.5390446186065674,0.050000011920928955,1920750
7,7684,250,1275.0560302734375,5.100224018096924,3.623500108718872,0.050000011920928955,1921000
7,7685,250,1425.615234375,5.702460765838623,3.691758155822754,0.050000011920928955,1921250
7,7686,250,1658.2694091796875,6.633077621459961,3.646817207336426,0.050000011920928955,1921500
7,7687,250,302.83270263671875,1.211330771446228,3.7070319652557373,0.050000011920928955,1921750
7,7688,250,1450.576904296875,5.802307605743408,3.862100124359131,0.050000011920928955,1922000
7,7689,250,1639.73291015625,6.558931827545166,4.025903224945068,0.050000011920928955,1922250
7,7690,250,1524.591552734375,6.0983662605285645,3.9787890911102295,0.050000011920928955,1922500
7,7691,250,1608.182373046875,6.432729721069336,3.9553062915802,0.050000011920928955,1922750
7,7692,250,1646.6123046875,6.586449146270752,3.840583086013794,0.050000011920928955,1923000
7,7693,250,1546.1951904296875,6.184780597686768,4.264119625091553,0.050000011920928955,1923250
7,7694,250,1146.783447265625,4.587133884429932,4.131955623626709,0.050000011920928955,1923500
7,7695,250,1604.822998046875,6.419291973114014,4.0688886642456055,0.050000011920928955,1923750
7,7696,250,1599.533935546875,6.398135662078857,3.950856924057007,0.050000011920928955,1924000
7,7697,250,1454.054443359375,5.81621789932251,4.133792400360107,0.050000011920928955,1924250
7,7698,250,1561.0177001953125,6.244071006774902,4.037045478820801,0.050000011920928955,1924500
7,7699,250,1596.6134033203125,6.386453628540039,4.00809383392334,0.050000011920928955,1924750
7,7700,250,1218.5401611328125,4.8741607666015625,3.9637527465820312,0.050000011920928955,1925000
7,7701,250,1472.70068359375,5.89080286026001,4.249052047729492,0.050000011920928955,1925250
7,7702,250,1703.606689453125,6.814426898956299,4.184823989868164,0.050000011920928955,1925500
7,7703,250,1135.72314453125,4.5428924560546875,4.210606098175049,0.050000011920928955,1925750
7,7704,250,1603.953369140625,6.415813446044922,4.029489994049072,0.050000011920928955,1926000
7,7705,250,846.8252563476562,3.387300968170166,4.170467853546143,0.050000011920928955,1926250
7,7706,250,1361.5780029296875,5.446311950683594,4.301436424255371,0.050000011920928955,1926500
7,7707,250,1303.551513671875,5.214206218719482,4.254836559295654,0.050000011920928955,1926750
7,7708,250,111.45793914794922,0.4458317458629608,4.3990702629089355,0.050000011920928955,1927000
7,7709,250,815.6749267578125,3.262699604034424,4.78471040725708,0.050000011920928955,1927250
7,7710,250,55.624656677246094,0.22249862551689148,4.620038032531738,0.050000011920928955,1927500
7,7711,250,1540.36962890625,6.161478519439697,4.898038387298584,0.050000011920928955,1927750
7,7712,250,1651.08935546875,6.6043572425842285,4.916832447052002,0.050000011920928955,1928000
7,7713,250,1418.5816650390625,5.6743268966674805,5.103592395782471,0.050000011920928955,1928250
7,7714,250,1648.427001953125,6.593708038330078,4.91048002243042,0.050000011920928955,1928500
7,7715,250,1643.1380615234375,6.57255220413208,5.067694664001465,0.050000011920928955,1928750
7,7716,250,1607.125244140625,6.428501129150391,5.053186893463135,0.050000011920928955,1929000
7,7717,250,1616.0115966796875,6.464046478271484,5.317949295043945,0.050000011920928955,1929250
7,7718,250,1421.064453125,5.684257984161377,5.148252010345459,0.050000011920928955,1929500
7,7719,250,1197.9129638671875,4.791651725769043,5.028412342071533,0.050000011920928955,1929750
7,7720,250,1498.8505859375,5.9954023361206055,5.182242393493652,0.050000011920928955,1930000
7,7721,250,1669.8289794921875,6.67931604385376,5.726555824279785,0.050000011920928955,1930250
7,7722,250,1438.93798828125,5.755752086639404,5.209659576416016,0.050000011920928955,1930500
7,7723,250,1695.824951171875,6.783299922943115,4.959875583648682,0.050000011920928955,1930750
7,7724,250,1192.311767578125,4.769247055053711,4.787260055541992,0.050000011920928955,1931000
7,7725,250,1628.34228515625,6.513369083404541,5.0695881843566895,0.050000011920928955,1931250
7,7726,250,1287.6715087890625,5.150686264038086,4.935333251953125,0.050000011920928955,1931500
7,7727,250,1612.795654296875,6.451182842254639,4.632455825805664,0.050000011920928955,1931750
7,7728,250,1335.6265869140625,5.342506408691406,4.497914791107178,0.050000011920928955,1932000
7,7729,250,1266.283203125,5.0651326179504395,4.842070579528809,0.050000011920928955,1932250
7,7730,250,1318.2440185546875,5.272975921630859,5.107983589172363,0.050000011920928955,1932500
7,7731,250,1363.154052734375,5.452616214752197,5.001969814300537,0.050000011920928955,1932750
7,7732,250,1643.9495849609375,6.575798511505127,4.743117332458496,0.050000011920928955,1933000
7,7733,250,1141.99853515625,4.567994117736816,5.008197784423828,0.050000011920928955,1933250
7,7734,250,1499.4493408203125,5.99779748916626,5.125516414642334,0.050000011920928955,1933500
7,7735,250,1292.9339599609375,5.171735763549805,4.763491630554199,0.050000011920928955,1933750
7,7736,250,1562.208251953125,6.248833179473877,4.771233081817627,0.050000011920928955,1934000
7,7737,250,1418.00146484375,5.672005653381348,4.855118274688721,0.050000011920928955,1934250
7,7738,250,1313.479736328125,5.2539191246032715,4.7740864753723145,0.050000011920928955,1934500
7,7739,250,896.9571533203125,3.5878286361694336,4.860293388366699,0.050000011920928955,1934750
7,7740,250,1651.894775390625,6.607579231262207,4.8591485023498535,0.050000011920928955,1935000
7,7741,250,1661.2374267578125,6.644949913024902,4.712851524353027,0.050000011920928955,1935250
7,7742,250,1699.758544921875,6.799034118652344,4.762438774108887,0.050000011920928955,1935500
7,7743,250,1593.374755859375,6.373498916625977,4.389970779418945,0.050000011920928955,1935750
7,7744,250,1675.417236328125,6.701668739318848,4.605437278747559,0.050000011920928955,1936000
7,7745,250,483.32904052734375,1.9333161115646362,4.85007905960083,0.050000011920928955,1936250
7,7746,250,1721.17919921875,6.884716987609863,4.767914772033691,0.050000011920928955,1936500
7,7747,250,1667.510009765625,6.670040130615234,4.660249710083008,0.050000011920928955,1936750
7,7748,250,1837.250244140625,7.349000930786133,4.387639045715332,0.050000011920928955,1937000
7,7749,250,34.73530197143555,0.1389412134885788,4.379916191101074,0.050000011920928955,1937250
7,7750,250,1645.9473876953125,6.583789348602295,4.330572605133057,0.050000011920928955,1937500
7,7751,250,1747.8948974609375,6.991579532623291,3.9660282135009766,0.050000011920928955,1937750
7,7752,250,1834.1259765625,7.336503982543945,3.9277780055999756,0.050000011920928955,1938000
7,7753,250,140.02426147460938,0.5600970387458801,4.246020317077637,0.050000011920928955,1938250
7,7754,250,1914.29638671875,7.6571855545043945,4.243494510650635,0.050000011920928955,1938500
7,7755,250,1780.2578125,7.121031284332275,4.151487350463867,0.050000011920928955,1938750
7,7756,250,142.16326904296875,0.5686530470848083,4.328433036804199,0.050000011920928955,1939000
7,7757,250,71.26161193847656,0.28504645824432373,4.9613356590271,0.050000011920928955,1939250
7,7758,250,1817.39404296875,7.269576072692871,5.054042339324951,0.050000011920928955,1939500
7,7759,250,1895.8099365234375,7.583239555358887,4.853888034820557,0.050000011920928955,1939750
7,7760,250,1893.68017578125,7.574720859527588,4.759297847747803,0.050000011920928955,1940000
7,7761,250,1833.9976806640625,7.335990905761719,4.996718406677246,0.050000011920928955,1940250
7,7762,250,1812.130859375,7.248523235321045,4.7326250076293945,0.050000011920928955,1940500
7,7763,250,128.93930053710938,0.5157572031021118,4.55029296875,0.050000011920928955,1940750
7,7764,250,1814.7467041015625,7.258986949920654,4.7822113037109375,0.050000011920928955,1941000
7,7765,250,1921.5848388671875,7.686339378356934,5.1091532707214355,0.050000011920928955,1941250
7,7766,250,1951.8306884765625,7.807322978973389,4.941423416137695,0.050000011920928955,1941500
7,7767,250,1836.5711669921875,7.346284866333008,4.895072937011719,0.050000011920928955,1941750
7,7768,250,171.5038299560547,0.6860153079032898,4.689451217651367,0.050000011920928955,1942000
7,7769,250,1689.3486328125,6.757394313812256,5.298827171325684,0.050000011920928955,1942250
7,7770,250,133.698486328125,0.5347939729690552,5.486650466918945,0.050000011920928955,1942500
7,7771,250,1809.5732421875,7.238293170928955,5.18229341506958,0.050000011920928955,1942750
7,7772,250,-6.9807658195495605,-0.027923062443733215,5.0092926025390625,0.050000011920928955,1943000
7,7773,250,1640.2279052734375,6.560911655426025,5.714788436889648,0.050000011920928955,1943250
7,7774,250,-1.4338304996490479,-0.005735321901738644,5.880847930908203,0.050000011920928955,1943500
7,7775,250,1811.7923583984375,7.247169494628906,5.589700698852539,0.050000011920928955,1943750
7,7776,250,1202.3214111328125,4.809285640716553,5.68287992477417,0.050000011920928955,1944000
7,7777,250,1614.729736328125,6.458919048309326,5.741138935089111,0.050000011920928955,1944250
7,7778,250,-49.156951904296875,-0.19662781059741974,5.763360023498535,0.050000011920928955,1944500
7,7779,250,1822.009765625,7.288039207458496,5.789283275604248,0.050000011920928955,1944750
7,7780,250,-38.81477737426758,-0.15525910258293152,5.901154041290283,0.050000011920928955,1945000
7,7781,250,-33.662025451660156,-0.13464809954166412,6.647193431854248,0.050000011920928955,1945250
7,7782,250,-48.47049331665039,-0.19388197362422943,6.077879905700684,0.050000011920928955,1945500
7,7783,250,1664.9873046875,6.65994930267334,6.292690753936768,0.050000011920928955,1945750
7,7784,250,-45.96937561035156,-0.18387749791145325,6.269016265869141,0.050000011920928955,1946000
7,7785,250,1633.627685546875,6.534510612487793,6.6614603996276855,0.050000011920928955,1946250
7,7786,250,1660.6536865234375,6.642614841461182,6.782148361206055,0.050000011920928955,1946500
7,7787,250,1484.9425048828125,5.939770221710205,6.44288444519043,0.050000011920928955,1946750
7,7788,250,-14.77800178527832,-0.05911200866103172,6.377902984619141,0.050000011920928955,1947000
7,7789,250,-1.391870379447937,-0.005567481741309166,6.989080429077148,0.050000011920928955,1947250
7,7790,250,1374.362548828125,5.497450351715088,6.494174003601074,0.050000011920928955,1947500
7,7791,250,72.53487396240234,0.29013949632644653,6.658743381500244,0.050000011920928955,1947750
7,7792,250,1823.2540283203125,7.293015956878662,6.642024993896484,0.050000011920928955,1948000
7,7793,250,634.5337524414062,2.538135051727295,7.133101940155029,0.050000011920928955,1948250
7,7794,250,1498.8839111328125,5.995535850524902,6.872241020202637,0.050000011920928955,1948500
7,7795,250,1626.235107421875,6.504940509796143,6.961331844329834,0.050000011920928955,1948750
7,7796,250,-39.05091857910156,-0.15620367228984833,6.6697258949279785,0.050000011920928955,1949000
7,7797,250,1440.8575439453125,5.763430118560791,7.075265407562256,0.050000011920928955,1949250
7,7798,250,-74.39556884765625,-0.2975822687149048,6.842980861663818,0.050000011920928955,1949500
7,7799,250,1288.688232421875,5.154752731323242,6.972727298736572,0.050000011920928955,1949750
7,7800,250,-110.05928802490234,-0.4402371644973755,6.719942092895508,0.050000011920928955,1950000
7,7801,250,189.8596649169922,0.7594386339187622,7.510807991027832,0.050000011920928955,1950250
7,7802,250,-78.62484741210938,-0.3144993782043457,7.365170955657959,0.050000011920928955,1950500
7,7803,250,-87.1886978149414,-0.34875479340553284,7.37010383605957,0.050000011920928955,1950750
7,7804,250,533.447265625,2.1337890625,7.521698474884033,0.050000011920928955,1951000
7,7805,250,-161.60269165039062,-0.6464107632637024,7.7565999031066895,0.050000011920928955,1951250
7,7806,250,657.1759033203125,2.6287035942077637,7.826878547668457,0.050000011920928955,1951500
7,7807,250,-217.41912841796875,-0.8696765303611755,7.964033126831055,0.050000011920928955,1951750
7,7808,250,801.7975463867188,3.2071902751922607,8.026785850524902,0.050000011920928955,1952000
7,7809,250,-103.4922103881836,-0.4139688313007355,8.078475952148438,0.050000011920928955,1952250
7,7810,250,-156.0001220703125,-0.6240004897117615,8.073935508728027,0.050000011920928955,1952500
7,7811,250,-119.13475036621094,-0.4765390157699585,7.636044502258301,0.050000011920928955,1952750
7,7812,250,-50.80179977416992,-0.20320719480514526,7.5737996101379395,0.050000011920928955,1953000
7,7813,250,-72.86338806152344,-0.2914535403251648,8.162087440490723,0.050000011920928955,1953250
7,7814,250,113.88995361328125,0.4555598199367523,8.421854019165039,0.050000011920928955,1953500
7,7815,250,171.44659423828125,0.6857863664627075,7.930541038513184,0.050000011920928955,1953750
7,7816,250,428.4661560058594,1.7138645648956299,8.133889198303223,0.050000011920928955,1954000
7,7817,250,-99.48871612548828,-0.3979548513889313,8.579333305358887,0.050000011920928955,1954250
7,7818,250,-26.947649002075195,-0.10779059678316116,8.010904312133789,0.050000011920928955,1954500
7,7819,250,-96.84529876708984,-0.3873811960220337,8.172061920166016,0.050000011920928955,1954750
7,7820,250,-366.8412780761719,-1.4673651456832886,8.253776550292969,0.050000011920928955,1955000
7,7821,250,-55.210052490234375,-0.2208402156829834,8.255727767944336,0.050000011920928955,1955250
7,7822,250,1667.51953125,6.670078277587891,8.117573738098145,0.050000011920928955,1955500
7,7823,250,1516.117431640625,6.064469814300537,7.96412992477417,0.050000011920928955,1955750
7,7824,250,-45.6776123046875,-0.1827104538679123,7.969986438751221,0.050000011920928955,1956000
7,7825,250,-72.97608184814453,-0.2919043302536011,8.298636436462402,0.050000011920928955,1956250
7,7826,250,944.0569458007812,3.7762277126312256,8.090500831604004,0.050000011920928955,1956500
7,7827,250,1668.8553466796875,6.675421237945557,8.093538284301758,0.050000011920928955,1956750
7,7828,250,1391.1927490234375,5.5647711753845215,7.811680316925049,0.050000011920928955,1957000
7,7829,250,1608.46142578125,6.433845520019531,8.267132759094238,0.050000011920928955,1957250
7,7830,250,1426.010498046875,5.704041957855225,7.997741222381592,0.050000011920928955,1957500
7,7831,250,1453.0205078125,5.812081813812256,8.016985893249512,0.050000011920928955,1957750
7,7832,250,-20.814197540283203,-0.0832567885518074,7.433961391448975,0.050000011920928955,1958000
7,7833,250,1054.008056640625,4.216032028198242,7.916022777557373,0.050000011920928955,1958250
7,7834,250,1416.745849609375,5.666983604431152,7.777848243713379,0.050000011920928955,1958500
7,7835,250,2.1663575172424316,0.00866543035954237,7.667769908905029,0.050000011920928955,1958750
7,7836,250,800.9384155273438,3.203753709793091,7.60972261428833,0.050000011920928955,1959000
7,7837,250,-48.417572021484375,-0.19367028772830963,7.72931432723999,0.050000011920928955,1959250
7,7838,250,-20.80787467956543,-0.08323150128126144,7.637784957885742,0.050000011920928955,1959500
7,7839,250,1572.390869140625,6.2895636558532715,7.607568264007568,0.050000011920928955,1959750
7,7840,250,-11.896480560302734,-0.047585923224687576,7.147604942321777,0.050000011920928955,1960000
7,7841,250,-9.171323776245117,-0.03668529540300369,7.714493751525879,0.050000011920928955,1960250
7,7842,250,1624.391357421875,6.497565269470215,7.775410175323486,0.050000011920928955,1960500
7,7843,250,1424.8199462890625,5.69927978515625,7.356623649597168,0.050000011920928955,1960750
7,7844,250,1675.727783203125,6.702910900115967,7.086752891540527,0.050000011920928955,1961000
7,7845,250,-4.374298572540283,-0.017497194930911064,7.216494083404541,0.050000011920928955,1961250
7,7846,250,24.76380157470703,0.0990552082657814,6.849197864532471,0.050000011920928955,1961500
7,7847,250,-89.0665512084961,-0.35626620054244995,6.842253684997559,0.050000011920928955,1961750
7,7848,250,1735.815185546875,6.943260669708252,7.0504255294799805,0.050000011920928955,1962000
7,7849,250,17.899682998657227,0.07159873098134995,7.006721019744873,0.050000011920928955,1962250
7,7850,250,999.1853637695312,3.996741533279419,6.653268814086914,0.050000011920928955,1962500
7,7851,250,15.510711669921875,0.06204284727573395,6.752495765686035,0.050000011920928955,1962750
7,7852,250,-60.414859771728516,-0.24165943264961243,6.674807071685791,0.050000011920928955,1963000
7,7853,250,-40.92435073852539,-0.16369740664958954,6.871879577636719,0.050000011920928955,1963250
7,7854,250,1807.0736083984375,7.228294372558594,6.786067962646484,0.050000011920928955,1963500
7,7855,250,-23.671560287475586,-0.09468623995780945,6.581018447875977,0.050000011920928955,1963750
7,7856,250,-93.90760040283203,-0.3756304085254669,6.499408721923828,0.050000011920928955,1964000
7,7857,250,1866.510498046875,7.4660420417785645,6.853187084197998,0.050000011920928955,1964250
7,7858,250,1845.1146240234375,7.380458354949951,6.869093418121338,0.050000011920928955,1964500
7,7859,250,-95.10423278808594,-0.3804169297218323,6.519655227661133,0.050000011920928955,1964750
7,7860,250,1874.5546875,7.498218536376953,6.373598098754883,0.050000011920928955,1965000
7,7861,250,1562.150390625,6.24860143661499,6.961228370666504,0.050000011920928955,1965250
7,7862,250,-52.33726501464844,-0.20934906601905823,6.231135845184326,0.050000011920928955,1965500
7,7863,250,1771.9490966796875,7.087796211242676,6.25559663772583,0.050000011920928955,1965750
7,7864,250,-0.19260478019714355,-0.0007704191375523806,6.38720703125,0.050000011920928955,1966000
7,7865,250,-27.996994018554688,-0.11198797821998596,6.970487117767334,0.050000011920928955,1966250
7,7866,250,1374.691650390625,5.4987664222717285,6.555572986602783,0.050000011920928955,1966500
7,7867,250,530.749755859375,2.1229989528656006,6.661020755767822,0.050000011920928955,1966750
7,7868,250,1562.621337890625,6.250485420227051,6.838316917419434,0.050000011920928955,1967000
7,7869,250,1161.8646240234375,4.647458553314209,7.095483779907227,0.050000011920928955,1967250
7,7870,250,1585.822265625,6.343288898468018,6.790259838104248,0.050000011920928955,1967500
7,7871,250,1583.32275390625,6.333291053771973,6.700322151184082,0.050000011920928955,1967750
7,7872,250,1544.6650390625,6.1786603927612305,6.8529534339904785,0.050000011920928955,1968000
7,7873,250,737.2667236328125,2.9490668773651123,6.7880024909973145,0.050000011920928955,1968250
7,7874,250,1405.50146484375,5.622005939483643,6.782525539398193,0.050000011920928955,1968500
7,7875,250,148.7186279296875,0.5948745012283325,6.31498908996582,0.050000011920928955,1968750
7,7876,250,1563.024658203125,6.252098560333252,6.386556148529053,0.050000011920928955,1969000
7,7877,250,1258.8782958984375,5.035513401031494,6.690433502197266,0.050000011920928955,1969250
7,7878,250,1333.9586181640625,5.335834503173828,6.655961513519287,0.050000011920928955,1969500
7,7879,250,1049.045654296875,4.196182727813721,6.6498799324035645,0.050000011920928955,1969750
7,7880,250,-140.55819702148438,-0.5622327923774719,6.332959175109863,0.050000011920928955,1970000
7,7881,250,772.6492309570312,3.090596914291382,6.770803451538086,0.050000011920928955,1970250
7,7882,250,1128.7625732421875,4.515050411224365,6.529272556304932,0.050000011920928955,1970500
7,7883,250,1322.6439208984375,5.2905755043029785,6.900856971740723,0.050000011920928955,1970750
7,7884,250,1263.525390625,5.054101467132568,6.326202869415283,0.050000011920928955,1971000
7,7885,250,1257.9334716796875,5.031733989715576,6.78397798538208,0.050000011920928955,1971250
7,7886,250,1288.8900146484375,5.15556001663208,6.4177398681640625,0.050000011920928955,1971500
7,7887,250,747.3888549804688,2.9895553588867188,6.239978790283203,0.050000011920928955,1971750
7,7888,250,1297.22021484375,5.188880920410156,6.508151054382324,0.050000011920928955,1972000
7,7889,250,1066.451416015625,4.265805721282959,6.483005523681641,0.050000011920928955,1972250
7,7890,250,1121.05419921875,4.484216690063477,6.0711517333984375,0.050000011920928955,1972500
7,7891,250,1400.6201171875,5.602480411529541,6.031722068786621,0.050000011920928955,1972750
7,7892,250,1417.580078125,5.670320510864258,6.11721658706665,0.050000011920928955,1973000
7,7893,250,1352.7607421875,5.411043167114258,5.848943710327148,0.050000011920928955,1973250
7,7894,250,1277.7943115234375,5.111177444458008,5.948236465454102,0.050000011920928955,1973500
7,7895,250,1411.5533447265625,5.646213531494141,5.851676940917969,0.050000011920928955,1973750
7,7896,250,40.181114196777344,0.1607244610786438,5.672117233276367,0.050000011920928955,1974000
7,7897,250,1237.9224853515625,4.951689720153809,5.8799004554748535,0.050000011920928955,1974250
7,7898,250,1606.265869140625,6.425063610076904,6.007203578948975,0.050000011920928955,1974500
7,7899,250,1156.7000732421875,4.626800060272217,5.8867692947387695,0.050000011920928955,1974750
7,7900,250,1421.2099609375,5.684839725494385,5.703781604766846,0.050000011920928955,1975000
7,7901,250,1522.8878173828125,6.091551303863525,6.077653884887695,0.050000011920928955,1975250
7,7902,250,1360.487548828125,5.44195032119751,6.009057998657227,0.050000011920928955,1975500
7,7903,250,1656.0986328125,6.624394416809082,5.765589237213135,0.050000011920928955,1975750
7,7904,250,1569.0712890625,6.276285171508789,5.4613037109375,0.050000011920928955,1976000
7,7905,250,1686.0662841796875,6.744265079498291,5.609440803527832,0.050000011920928955,1976250
7,7906,250,1716.818603515625,6.867274284362793,5.673222541809082,0.050000011920928955,1976500
7,7907,250,1320.5450439453125,5.282180309295654,5.551496505737305,0.050000011920928955,1976750
7,7908,250,1205.42236328125,4.821689605712891,5.278628349304199,0.050000011920928955,1977000
7,7909,250,1679.1416015625,6.716566562652588,5.431310176849365,0.050000011920928955,1977250
7,7910,250,1615.8626708984375,6.463450908660889,5.27404260635376,0.050000011920928955,1977500
7,7911,250,1860.5692138671875,7.442276954650879,5.221704483032227,0.050000011920928955,1977750
7,7912,250,1572.3311767578125,6.289324760437012,5.034543037414551,0.050000011920928955,1978000
7,7913,250,1373.9298095703125,5.4957194328308105,5.211917877197266,0.050000011920928955,1978250
7,7914,250,1636.9451904296875,6.547780990600586,5.095127105712891,0.050000011920928955,1978500
7,7915,250,1395.4757080078125,5.581902980804443,4.94769811630249,0.050000011920928955,1978750
7,7916,250,1567.2347412109375,6.268939018249512,4.695976734161377,0.050000011920928955,1979000
7,7917,250,1818.8271484375,7.275308609008789,5.25784158706665,0.050000011920928955,1979250
7,7918,250,1498.949462890625,5.995797634124756,5.180181503295898,0.050000011920928955,1979500
7,7919,250,1118.9219970703125,4.4756879806518555,5.012304782867432,0.050000011920928955,1979750
7,7920,250,1398.3785400390625,5.5935139656066895,4.937087059020996,0.050000011920928955,1980000
7,7921,250,1808.8604736328125,7.2354416847229,4.8550944328308105,0.050000011920928955,1980250
7,7922,250,1396.2789306640625,5.585115909576416,4.786910057067871,0.050000011920928955,1980500
7,7923,250,1682.888916015625,6.731555461883545,4.7729716300964355,0.050000011920928955,1980750
7,7924,250,1135.3135986328125,4.54125452041626,4.789249420166016,0.050000011920928955,1981000
7,7925,250,66.70758056640625,0.26683032512664795,5.036154747009277,0.050000011920928955,1981250
7,7926,250,1645.59521484375,6.582380771636963,5.120005130767822,0.050000011920928955,1981500
7,7927,250,1804.2098388671875,7.21683931350708,4.926989555358887,0.050000011920928955,1981750
7,7928,250,1658.932373046875,6.6357293128967285,4.972019672393799,0.050000011920928955,1982000
7,7929,250,1462.1181640625,5.848472595214844,5.090062618255615,0.050000011920928955,1982250
7,7930,250,1407.0423583984375,5.628169536590576,5.003621578216553,0.050000011920928955,1982500
7,7931,250,65.87970733642578,0.2635188400745392,5.220598220825195,0.050000011920928955,1982750
7,7932,250,1353.865966796875,5.415463924407959,5.167051792144775,0.050000011920928955,1983000
7,7933,250,49.03092956542969,0.19612371921539307,5.610375881195068,0.050000011920928955,1983250
7,7934,250,1233.50732421875,4.9340291023254395,5.7284369468688965,0.050000011920928955,1983500
7,7935,250,1603.871337890625,6.415485382080078,5.944565773010254,0.050000011920928955,1983750
7,7936,250,62.476078033447266,0.2499043047428131,5.625299453735352,0.050000011920928955,1984000
7,7937,250,1281.401123046875,5.125604629516602,5.887253284454346,0.050000011920928955,1984250
7,7938,250,1392.7637939453125,5.5710554122924805,5.665039539337158,0.050000011920928955,1984500
7,7939,250,60.95111083984375,0.2438044399023056,5.661813259124756,0.050000011920928955,1984750
7,7940,250,58.07102584838867,0.23228409886360168,5.958410739898682,0.050000011920928955,1985000
7,7941,250,61.59855651855469,0.24639423191547394,6.844295501708984,0.050000011920928955,1985250
7,7942,250,35.56887435913086,0.14227549731731415,6.800512313842773,0.050000011920928955,1985500
7,7943,250,87.73816680908203,0.3509526550769806,6.969700813293457,0.050000011920928955,1985750
7,7944,250,41.12996292114258,0.16451984643936157,6.842965602874756,0.050000011920928955,1986000
7,7945,250,76.76210021972656,0.30704841017723083,7.53096342086792,0.050000011920928955,1986250
7,7946,250,130.82101440429688,0.5232840776443481,7.83390474319458,0.050000011920928955,1986500
7,7947,250,31.603851318359375,0.1264154016971588,8.222549438476562,0.050000011920928955,1986750
7,7948,250,473.37255859375,1.893490195274353,7.9171142578125,0.050000011920928955,1987000
7,7949,250,-45.63017654418945,-0.18252070248126984,8.820272445678711,0.050000011920928955,1987250
7,7950,250,-74.68235778808594,-0.29872941970825195,8.708492279052734,0.050000011920928955,1987500
7,7951,250,20.751615524291992,0.08300646394491196,8.823710441589355,0.050000011920928955,1987750
7,7952,250,-7.349222183227539,-0.029396887868642807,8.93606948852539,0.050000011920928955,1988000
7,7953,250,-27.451597213745117,-0.10980638861656189,9.642391204833984,0.050000011920928955,1988250
7,7954,250,228.59573364257812,0.9143829345703125,9.679986000061035,0.050000011920928955,1988500
7,7955,250,1298.87060546875,5.19548225402832,9.080610275268555,0.050000011920928955,1988750
7,7956,250,1426.290771484375,5.70516300201416,9.033381462097168,0.050000011920928955,1989000
7,7957,250,-42.829551696777344,-0.1713182032108307,10.383488655090332,0.050000011920928955,1989250
7,7958,250,1315.80517578125,5.26322078704834,10.058063507080078,0.050000011920928955,1989500
7,7959,250,1612.8245849609375,6.451298236846924,9.732037544250488,0.050000011920928955,1989750
7,7960,250,1297.8623046875,5.191449165344238,9.568875312805176,0.050000011920928955,1990000
7,7961,250,1257.254150390625,5.029016494750977,10.376791954040527,0.050000011920928955,1990250
7,7962,250,36.66117858886719,0.1466447114944458,10.08685302734375,0.050000011920928955,1990500
7,7963,250,57.98979568481445,0.23195917904376984,9.991377830505371,0.050000011920928955,1990750
7,7964,250,1614.200439453125,6.456801891326904,10.029735565185547,0.050000011920928955,1991000
7,7965,250,1562.1944580078125,6.248777866363525,10.727070808410645,0.050000011920928955,1991250
7,7966,250,1692.9342041015625,6.7717366218566895,9.934398651123047,0.050000011920928955,1991500
7,7967,250,1677.035400390625,6.708141803741455,9.757857322692871,0.050000011920928955,1991750
7,7968,250,27.856042861938477,0.11142417043447495,9.067496299743652,0.050000011920928955,1992000
7,7969,250,3.7427592277526855,0.014971036463975906,10.605853080749512,0.050000011920928955,1992250
7,7970,250,26.510740280151367,0.10604295879602432,9.944831848144531,0.050000011920928955,1992500
7,7971,250,56.77641296386719,0.22710564732551575,9.890446662902832,0.050000011920928955,1992750
7,7972,250,560.1632080078125,2.2406527996063232,9.482181549072266,0.050000011920928955,1993000
7,7973,250,719.0811767578125,2.8763246536254883,10.315023422241211,0.050000011920928955,1993250
7,7974,250,1694.006591796875,6.776026248931885,9.666937828063965,0.050000011920928955,1993500
7,7975,250,381.7967529296875,1.5271869897842407,9.53388786315918,0.050000011920928955,1993750
7,7976,250,11.040531158447266,0.04416212439537048,9.3084716796875,0.050000011920928955,1994000
7,7977,250,1464.093017578125,5.856371879577637,10.235214233398438,0.050000011920928955,1994250
7,7978,250,1633.17431640625,6.5326972007751465,9.843098640441895,0.050000011920928955,1994500
7,7979,250,551.656494140625,2.2066259384155273,9.097582817077637,0.050000011920928955,1994750
7,7980,250,1229.3338623046875,4.917335510253906,8.823809623718262,0.050000011920928955,1995000
7,7981,250,897.7655029296875,3.591062068939209,9.093655586242676,0.050000011920928955,1995250
7,7982,250,18.857091903686523,0.07542836666107178,8.728654861450195,0.050000011920928955,1995500
7,7983,250,1643.5322265625,6.574129104614258,8.4439115524292,0.050000011920928955,1995750
7,7984,250,19.51839256286621,0.07807356864213943,8.126893997192383,0.050000011920928955,1996000
7,7985,250,1844.406494140625,7.377625942230225,8.244438171386719,0.050000011920928955,1996250
7,7986,250,854.5204467773438,3.418081760406494,7.916749000549316,0.050000011920928955,1996500
7,7987,250,1808.9879150390625,7.2359514236450195,7.653451919555664,0.050000011920928955,1996750
7,7988,250,1877.503662109375,7.510014533996582,7.686009407043457,0.050000011920928955,1997000
7,7989,250,1709.9775390625,6.83991003036499,7.791069984436035,0.050000011920928955,1997250
7,7990,250,1064.112548828125,4.256450176239014,7.030209064483643,0.050000011920928955,1997500
7,7991,250,1680.324951171875,6.721299648284912,6.859358787536621,0.050000011920928955,1997750
7,7992,250,1274.48193359375,5.097927570343018,6.493586540222168,0.050000011920928955,1998000
7,7993,250,56.817440032958984,0.2272697538137436,7.111546039581299,0.050000011920928955,1998250
7,7994,250,98.65825653076172,0.394633024930954,6.574697017669678,0.050000011920928955,1998500
7,7995,250,32.03078842163086,0.12812314927577972,6.208835124969482,0.050000011920928955,1998750
7,7996,250,305.634765625,1.2225390672683716,6.579276084899902,0.050000011920928955,1999000
7,7997,250,1743.008544921875,6.972033977508545,6.5616278648376465,0.050000011920928955,1999250
7,7998,250,1851.6767578125,7.406706809997559,6.4906392097473145,0.050000011920928955,1999500
7,7999,250,1829.07275390625,7.316290855407715,6.378856658935547,0.050000011920928955,1999750
7,8000,250,1836.3455810546875,7.345382213592529,6.25583028793335,0.050000011920928955,2000000
