seed,episode,episode_length,total_reward,average_reward_per_step,average_absolute_td_error,epsilon,timesteps
12,1,250,-487.72515869140625,-1.950900673866272,0.0,1.0,250
12,2,250,-481.18121337890625,-1.924724817276001,0.0,0.9996041655540466,500
12,3,250,-489.0069885253906,-1.9560279846191406,0.0,0.9992083311080933,750
12,4,250,-494.568359375,-1.9782733917236328,0.0,0.9988124966621399,1000
12,5,250,-485.4167785644531,-1.941667079925537,0.42628371715545654,0.9984166622161865,1250
12,6,250,-493.53448486328125,-1.9741379022598267,0.04166760295629501,0.9980208277702332,1500
12,7,250,-474.82403564453125,-1.8992961645126343,0.04156571999192238,0.9976249933242798,1750
12,8,250,-473.10345458984375,-1.892413854598999,0.03444945812225342,0.9972291588783264,2000
12,9,250,-485.7737731933594,-1.943095088005066,0.0766303688287735,0.996833324432373,2250
12,10,250,-492.25921630859375,-1.9690368175506592,0.030373409390449524,0.9964374899864197,2500
12,11,250,-459.59515380859375,-1.8383805751800537,0.023931948468089104,0.9960416555404663,2750
12,12,250,-488.2248840332031,-1.9528995752334595,0.022213835269212723,0.9956458210945129,3000
12,13,250,-464.7915954589844,-1.8591663837432861,0.0600532628595829,0.9952499866485596,3250
12,14,250,-472.0532531738281,-1.888213038444519,0.026274897158145905,0.9948541522026062,3500
12,15,250,-429.34173583984375,-1.7173669338226318,0.025761498138308525,0.9944583177566528,3750
12,16,250,-480.8153076171875,-1.923261284828186,0.02554643340408802,0.9940624833106995,4000
12,17,250,-477.56146240234375,-1.9102458953857422,0.0641593337059021,0.9936666488647461,4250
12,18,250,-479.4813537597656,-1.9179253578186035,0.03315962478518486,0.9932708144187927,4500
12,19,250,-465.64288330078125,-1.8625714778900146,0.028610991314053535,0.9928749799728394,4750
12,20,250,-469.79473876953125,-1.8791790008544922,0.026496008038520813,0.992479145526886,5000
12,21,250,-425.09967041015625,-1.7003986835479736,0.0681205540895462,0.9920833110809326,5250
12,22,250,-497.55950927734375,-1.990238070487976,0.03994010388851166,0.9916874766349792,5500
12,23,250,-429.8493957519531,-1.7193975448608398,0.032343730330467224,0.9912916421890259,5750
12,24,250,-461.6853332519531,-1.8467413187026978,0.034099332988262177,0.9908958077430725,6000
12,25,250,-434.03961181640625,-1.7361584901809692,0.07710658758878708,0.9904999732971191,6250
12,26,250,-430.4537048339844,-1.7218148708343506,0.04696723818778992,0.9901041388511658,6500
12,27,250,-483.112060546875,-1.9324482679367065,0.04157961905002594,0.9897083044052124,6750
12,28,250,-483.070556640625,-1.9322822093963623,0.03861107677221298,0.9893125295639038,7000
12,29,250,-465.9498291015625,-1.8637993335723877,0.08294319361448288,0.9889166951179504,7250
12,30,250,-494.9404602050781,-1.9797618389129639,0.050848837941884995,0.9885208606719971,7500
12,31,250,-471.812255859375,-1.8872489929199219,0.04683903977274895,0.9881250262260437,7750
12,32,250,-494.1858215332031,-1.9767433404922485,0.04252595454454422,0.9877291917800903,8000
12,33,250,-372.0528259277344,-1.4882112741470337,0.0880943164229393,0.987333357334137,8250
12,34,250,-451.1170654296875,-1.8044682741165161,0.06743598729372025,0.9869375228881836,8500
12,35,250,-463.16326904296875,-1.8526530265808105,0.06091633811593056,0.9865416884422302,8750
12,36,250,-467.655517578125,-1.8706220388412476,0.05969179794192314,0.9861458539962769,9000
12,37,250,-324.2013244628906,-1.2968052625656128,0.10949825495481491,0.9857500195503235,9250
12,38,250,-470.1015930175781,-1.880406379699707,0.08189184218645096,0.9853541851043701,9500
12,39,250,-455.7474670410156,-1.822989821434021,0.07704626023769379,0.9849583506584167,9750
12,40,250,-480.054931640625,-1.9202197790145874,0.0787464827299118,0.9845625162124634,10000
12,41,250,-464.10498046875,-1.8564199209213257,0.1361042708158493,0.98416668176651,10250
12,42,250,-424.2950439453125,-1.697180151939392,0.10054374486207962,0.9837708473205566,10500
12,43,250,-494.3486633300781,-1.977394700050354,0.09446540474891663,0.9833750128746033,10750
12,44,250,-465.4504089355469,-1.8618016242980957,0.09330487251281738,0.9829791784286499,11000
12,45,250,-428.8261413574219,-1.7153046131134033,0.1646421104669571,0.9825833439826965,11250
12,46,250,-486.2282409667969,-1.9449129104614258,0.11069116741418839,0.9821875095367432,11500
12,47,250,-437.4588623046875,-1.74983549118042,0.11274780333042145,0.9817916750907898,11750
12,48,250,-429.2139587402344,-1.7168558835983276,0.10889585316181183,0.9813958406448364,12000
12,49,250,-468.4407958984375,-1.8737632036209106,0.18717564642429352,0.9810000061988831,12250
12,50,250,-378.1785583496094,-1.5127142667770386,0.13470767438411713,0.9806041717529297,12500
12,51,250,-476.8345947265625,-1.9073383808135986,0.131236270070076,0.9802083373069763,12750
12,52,250,-472.27471923828125,-1.889098882675171,0.1281285285949707,0.979812502861023,13000
12,53,250,-459.092529296875,-1.8363701105117798,0.21399466693401337,0.9794166684150696,13250
12,54,250,-416.8620910644531,-1.6674484014511108,0.1583230197429657,0.9790208339691162,13500
12,55,250,-371.6974792480469,-1.4867899417877197,0.1519583761692047,0.9786249995231628,13750
12,56,250,-493.2796936035156,-1.973118782043457,0.14146605134010315,0.9782291650772095,14000
12,57,250,-491.041748046875,-1.9641669988632202,0.2577914595603943,0.9778333306312561,14250
12,58,250,-416.25555419921875,-1.6650222539901733,0.1869262307882309,0.9774374961853027,14500
12,59,250,-435.57684326171875,-1.742307424545288,0.17975862324237823,0.9770416617393494,14750
12,60,250,-426.68414306640625,-1.7067365646362305,0.16934111714363098,0.976645827293396,15000
12,61,250,-438.68194580078125,-1.754727840423584,0.2966698408126831,0.9762499928474426,15250
12,62,250,-451.27764892578125,-1.8051105737686157,0.20797863602638245,0.9758541584014893,15500
12,63,250,-478.72418212890625,-1.9148967266082764,0.19248497486114502,0.9754583239555359,15750
12,64,250,-483.98870849609375,-1.9359548091888428,0.1827269047498703,0.9750624895095825,16000
12,65,250,-443.70001220703125,-1.7748000621795654,0.2957850694656372,0.9746666550636292,16250
12,66,250,-469.66912841796875,-1.8786765336990356,0.21295778453350067,0.9742708206176758,16500
12,67,250,-450.1575622558594,-1.8006302118301392,0.1978602558374405,0.9738749861717224,16750
12,68,250,-465.7745666503906,-1.8630982637405396,0.1965600848197937,0.973479151725769,17000
12,69,250,-472.4718933105469,-1.8898875713348389,0.31212618947029114,0.9730833172798157,17250
12,70,250,-383.3917236328125,-1.533566951751709,0.23931589722633362,0.9726874828338623,17500
12,71,250,-480.7998352050781,-1.9231992959976196,0.2224639505147934,0.9722916483879089,17750
12,72,250,-357.81060791015625,-1.4312424659729004,0.20846423506736755,0.9718958139419556,18000
12,73,250,-472.7366638183594,-1.890946626663208,0.3357641398906708,0.9714999794960022,18250
12,74,250,-460.02838134765625,-1.8401135206222534,0.26514118909835815,0.9711041450500488,18500
12,75,250,-459.2005615234375,-1.8368022441864014,0.2320595532655716,0.9707083106040955,18750
12,76,250,-436.22283935546875,-1.7448914051055908,0.22400081157684326,0.9703124761581421,19000
12,77,250,-492.7135925292969,-1.97085440158844,0.3135546147823334,0.9699166417121887,19250
12,78,250,-447.7551574707031,-1.7910206317901611,0.2321345955133438,0.9695208072662354,19500
12,79,250,-394.02947998046875,-1.5761178731918335,0.21852461993694305,0.969124972820282,19750
12,80,250,-431.3887634277344,-1.7255550622940063,0.20944276452064514,0.9687291383743286,20000
12,81,250,-384.6689453125,-1.5386757850646973,0.3237653374671936,0.96833336353302,20250
12,82,250,-485.606201171875,-1.9424247741699219,0.2482111006975174,0.9679374694824219,20500
12,83,250,-480.93609619140625,-1.9237444400787354,0.24809835851192474,0.9675416946411133,20750
12,84,250,-390.1606140136719,-1.5606424808502197,0.23119498789310455,0.9671458601951599,21000
12,85,250,-476.7278137207031,-1.9069112539291382,0.3260910212993622,0.9667500257492065,21250
12,86,250,-412.74755859375,-1.6509902477264404,0.2691551446914673,0.9663541913032532,21500
12,87,250,-490.9405822753906,-1.9637622833251953,0.2645629942417145,0.9659583568572998,21750
12,88,250,-451.0482177734375,-1.8041929006576538,0.2458115518093109,0.9655625224113464,22000
12,89,250,-454.3337097167969,-1.8173348903656006,0.3428252339363098,0.9651666879653931,22250
12,90,250,-398.72265625,-1.5948905944824219,0.26944848895072937,0.9647708535194397,22500
12,91,250,-427.37298583984375,-1.7094919681549072,0.2602671682834625,0.9643750190734863,22750
12,92,250,-454.04486083984375,-1.8161793947219849,0.26690563559532166,0.963979184627533,23000
12,93,250,-469.81817626953125,-1.879272699356079,0.3611832857131958,0.9635833501815796,23250
12,94,250,-475.4418640136719,-1.9017674922943115,0.2827897369861603,0.9631875157356262,23500
12,95,250,-440.65313720703125,-1.7626125812530518,0.26123443245887756,0.9627916812896729,23750
12,96,250,-479.91485595703125,-1.9196593761444092,0.25069183111190796,0.9623958468437195,24000
12,97,250,-483.3625183105469,-1.9334501028060913,0.377105176448822,0.9620000123977661,24250
12,98,250,-461.8199768066406,-1.8472799062728882,0.29829925298690796,0.9616041779518127,24500
12,99,250,-482.43475341796875,-1.929738998413086,0.29362642765045166,0.9612083435058594,24750
12,100,250,-432.7978210449219,-1.7311912775039673,0.2686769962310791,0.960812509059906,25000
12,101,250,-409.75982666015625,-1.6390392780303955,0.38098397850990295,0.9604166746139526,25250
12,102,250,-460.298583984375,-1.8411943912506104,0.31209883093833923,0.9600208401679993,25500
12,103,250,-362.2087707519531,-1.4488351345062256,0.28928080201148987,0.9596250057220459,25750
12,104,250,-467.4761047363281,-1.8699043989181519,0.29589948058128357,0.9592291712760925,26000
12,105,250,-484.5338439941406,-1.9381353855133057,0.41960617899894714,0.9588333368301392,26250
12,106,250,-464.18377685546875,-1.856735110282898,0.321222186088562,0.9584375023841858,26500
12,107,250,-444.45672607421875,-1.7778269052505493,0.3125693202018738,0.9580416679382324,26750
12,108,250,-468.3276062011719,-1.8733104467391968,0.30458390712738037,0.957645833492279,27000
12,109,250,-445.54376220703125,-1.782175064086914,0.4485284686088562,0.9572499990463257,27250
12,110,250,-389.230712890625,-1.5569227933883667,0.3684978485107422,0.9568541646003723,27500
12,111,250,-472.77130126953125,-1.891085147857666,0.31414884328842163,0.956458330154419,27750
12,112,250,-446.1678161621094,-1.7846713066101074,0.29612985253334045,0.9560624957084656,28000
12,113,250,-353.60284423828125,-1.4144114255905151,0.44772154092788696,0.9556666612625122,28250
12,114,250,-460.42529296875,-1.8417011499404907,0.34733274579048157,0.9552708268165588,28500
12,115,250,-480.2310791015625,-1.9209243059158325,0.320641428232193,0.9548749923706055,28750
12,116,250,-458.55841064453125,-1.8342336416244507,0.3029332756996155,0.9544791579246521,29000
12,117,250,-437.7039794921875,-1.7508158683776855,0.47256913781166077,0.9540833234786987,29250
12,118,250,-463.1007385253906,-1.852402925491333,0.39134088158607483,0.9536874890327454,29500
12,119,250,-427.8342590332031,-1.7113370895385742,0.3481611907482147,0.953291654586792,29750
12,120,250,-482.0679016113281,-1.9282716512680054,0.32963645458221436,0.9528958201408386,30000
12,121,250,-413.4488220214844,-1.6537952423095703,0.5036644339561462,0.9524999856948853,30250
12,122,250,-428.71075439453125,-1.7148430347442627,0.39716634154319763,0.9521041512489319,30500
12,123,250,-459.1310119628906,-1.8365240097045898,0.36901769042015076,0.9517083168029785,30750
12,124,250,-462.65582275390625,-1.8506232500076294,0.35670799016952515,0.9513124823570251,31000
12,125,250,-466.4740905761719,-1.8658963441848755,0.49550339579582214,0.9509166479110718,31250
12,126,250,-478.03082275390625,-1.9121233224868774,0.423669695854187,0.9505208134651184,31500
12,127,250,-411.6372985839844,-1.6465492248535156,0.3872963786125183,0.950124979019165,31750
12,128,250,-470.8182373046875,-1.8832730054855347,0.3804372549057007,0.9497291445732117,32000
12,129,250,-472.7578430175781,-1.8910313844680786,0.5269986391067505,0.9493333101272583,32250
12,130,250,-465.37841796875,-1.861513614654541,0.4574827253818512,0.9489374756813049,32500
12,131,250,-455.06939697265625,-1.8202775716781616,0.4475316107273102,0.9485416412353516,32750
12,132,250,-399.6860046386719,-1.5987440347671509,0.4028838872909546,0.9481458067893982,33000
12,133,250,-488.6705322265625,-1.9546821117401123,0.5279301404953003,0.9477499723434448,33250
12,134,250,-456.530029296875,-1.826120138168335,0.45998135209083557,0.9473541975021362,33500
12,135,250,-435.1906433105469,-1.7407625913619995,0.44791197776794434,0.9469583034515381,33750
12,136,250,-459.1858215332031,-1.8367432355880737,0.42627274990081787,0.9465625286102295,34000
12,137,250,-467.6402282714844,-1.870560884475708,0.5794908404350281,0.9461666345596313,34250
12,138,250,-444.5360412597656,-1.778144121170044,0.49182093143463135,0.9457708597183228,34500
12,139,250,-347.9226379394531,-1.3916904926300049,0.46804505586624146,0.9453750252723694,34750
12,140,250,-444.4518127441406,-1.7778072357177734,0.46765217185020447,0.944979190826416,35000
12,141,250,-415.9566650390625,-1.6638267040252686,0.6121556758880615,0.9445833563804626,35250
12,142,250,-455.1541748046875,-1.8206167221069336,0.5149773955345154,0.9441875219345093,35500
12,143,250,-402.20123291015625,-1.6088049411773682,0.49409952759742737,0.9437916874885559,35750
12,144,250,-396.0098571777344,-1.5840394496917725,0.4822770953178406,0.9433958530426025,36000
12,145,250,-411.36572265625,-1.6454628705978394,0.6543459296226501,0.9430000185966492,36250
12,146,250,-418.072998046875,-1.6722919940948486,0.5417133569717407,0.9426041841506958,36500
12,147,250,-297.54931640625,-1.190197229385376,0.5186268091201782,0.9422083497047424,36750
12,148,250,-374.84295654296875,-1.4993717670440674,0.5330106019973755,0.9418125152587891,37000
12,149,250,-445.8308410644531,-1.7833234071731567,0.7026563882827759,0.9414166808128357,37250
12,150,250,-479.86920166015625,-1.9194767475128174,0.5928719639778137,0.9410208463668823,37500
12,151,250,-333.8564758300781,-1.335425853729248,0.5760172605514526,0.940625011920929,37750
12,152,250,-475.8063659667969,-1.9032254219055176,0.5636195540428162,0.9402291774749756,38000
12,153,250,-471.56048583984375,-1.8862419128417969,0.7401629090309143,0.9398333430290222,38250
12,154,250,-435.91729736328125,-1.7436691522598267,0.6301848888397217,0.9394375085830688,38500
12,155,250,-469.9261169433594,-1.879704475402832,0.5960248112678528,0.9390416741371155,38750
12,156,250,-284.8525390625,-1.139410138130188,0.5811106562614441,0.9386458396911621,39000
12,157,250,-465.1822204589844,-1.8607288599014282,0.7564699649810791,0.9382500052452087,39250
12,158,250,-349.8650207519531,-1.3994600772857666,0.6224752068519592,0.9378541707992554,39500
12,159,250,-449.78350830078125,-1.7991340160369873,0.6191332936286926,0.937458336353302,39750
12,160,250,-365.12603759765625,-1.460504174232483,0.6231644153594971,0.9370625019073486,40000
12,161,250,-450.99920654296875,-1.8039968013763428,0.7681511640548706,0.9366666674613953,40250
12,162,250,-287.8481750488281,-1.1513926982879639,0.6443082690238953,0.9362708330154419,40500
12,163,250,-443.2257995605469,-1.7729032039642334,0.6719306707382202,0.9358749985694885,40750
12,164,250,-294.3006591796875,-1.177202582359314,0.6553853154182434,0.9354791641235352,41000
12,165,250,-350.5829772949219,-1.4023319482803345,0.8335677981376648,0.9350833296775818,41250
12,166,250,-396.84161376953125,-1.5873664617538452,0.7233211994171143,0.9346874952316284,41500
12,167,250,-389.2660217285156,-1.5570640563964844,0.6727797389030457,0.934291660785675,41750
12,168,250,-434.5682373046875,-1.7382729053497314,0.6631912589073181,0.9338958263397217,42000
12,169,250,-473.4455871582031,-1.893782377243042,0.8490418195724487,0.9334999918937683,42250
12,170,250,-334.3873596191406,-1.3375494480133057,0.715831458568573,0.9331041574478149,42500
12,171,250,-450.81951904296875,-1.8032780885696411,0.6666271090507507,0.9327083230018616,42750
12,172,250,-411.7298278808594,-1.6469193696975708,0.6497293710708618,0.9323124885559082,43000
12,173,250,-407.7449645996094,-1.6309798955917358,0.8223997950553894,0.9319166541099548,43250
12,174,250,-418.34002685546875,-1.6733601093292236,0.6860445141792297,0.9315208196640015,43500
12,175,250,-372.298095703125,-1.4891923666000366,0.6469346284866333,0.9311249852180481,43750
12,176,250,-374.3782653808594,-1.4975130558013916,0.6053944230079651,0.9307291507720947,44000
12,177,250,-469.08575439453125,-1.876343011856079,0.8214723467826843,0.9303333163261414,44250
12,178,250,-378.03363037109375,-1.5121345520019531,0.6764734387397766,0.929937481880188,44500
12,179,250,-434.34881591796875,-1.7373952865600586,0.6497713923454285,0.9295416474342346,44750
12,180,250,-426.4111328125,-1.7056444883346558,0.6092748045921326,0.9291458129882812,45000
12,181,250,-491.86932373046875,-1.9674773216247559,0.7874155640602112,0.9287499785423279,45250
12,182,250,-405.31878662109375,-1.6212751865386963,0.6667457222938538,0.9283541440963745,45500
12,183,250,-369.3330993652344,-1.477332353591919,0.6184890270233154,0.9279583096504211,45750
12,184,250,-355.2542419433594,-1.4210169315338135,0.6154472231864929,0.9275624752044678,46000
12,185,250,-376.12725830078125,-1.5045090913772583,0.8174939155578613,0.9271666407585144,46250
12,186,250,-321.5465393066406,-1.2861860990524292,0.6716462969779968,0.926770806312561,46500
12,187,250,-480.3849182128906,-1.9215396642684937,0.66953045129776,0.9263750314712524,46750
12,188,250,-446.3449401855469,-1.7853797674179077,0.626981258392334,0.9259791374206543,47000
12,189,250,-322.713623046875,-1.2908544540405273,0.8181136846542358,0.9255833625793457,47250
12,190,250,-321.3015441894531,-1.2852061986923218,0.6908265948295593,0.9251874685287476,47500
12,191,250,-425.7205810546875,-1.7028822898864746,0.6511126756668091,0.924791693687439,47750
12,192,250,-415.8620910644531,-1.6634483337402344,0.6400328278541565,0.9243958592414856,48000
12,193,250,-348.1784362792969,-1.3927137851715088,0.870594322681427,0.9240000247955322,48250
12,194,250,-419.86077880859375,-1.679443120956421,0.7413085103034973,0.9236041903495789,48500
12,195,250,-482.1563415527344,-1.9286253452301025,0.7177127599716187,0.9232083559036255,48750
12,196,250,-490.3546447753906,-1.961418628692627,0.6743257641792297,0.9228125214576721,49000
12,197,250,-444.5799865722656,-1.7783199548721313,0.9126303791999817,0.9224166870117188,49250
12,198,250,-478.7600402832031,-1.915040135383606,0.766771137714386,0.9220208525657654,49500
12,199,250,-458.22412109375,-1.8328964710235596,0.7184963822364807,0.921625018119812,49750
12,200,250,-422.2088623046875,-1.6888355016708374,0.7064972519874573,0.9212291836738586,50000
12,201,250,-474.1645812988281,-1.8966583013534546,0.944370687007904,0.9208333492279053,50250
12,202,250,-432.6581115722656,-1.7306324243545532,0.7756690382957458,0.9204375147819519,50500
12,203,250,-211.34027099609375,-0.8453611135482788,0.7211753726005554,0.9200416803359985,50750
12,204,250,-296.5576171875,-1.1862304210662842,0.7293153405189514,0.9196458458900452,51000
12,205,250,-368.83123779296875,-1.4753249883651733,0.9583112001419067,0.9192500114440918,51250
12,206,250,-309.9125061035156,-1.239650011062622,0.7934049367904663,0.9188541769981384,51500
12,207,250,-461.96270751953125,-1.8478507995605469,0.769506573677063,0.9184583425521851,51750
12,208,250,-198.48780822753906,-0.7939512133598328,0.7435959577560425,0.9180625081062317,52000
12,209,250,-373.17425537109375,-1.49269700050354,1.1099112033843994,0.9176666736602783,52250
12,210,250,-438.04376220703125,-1.7521750926971436,0.8641694188117981,0.917270839214325,52500
12,211,250,-212.8157501220703,-0.8512629866600037,0.8264889121055603,0.9168750047683716,52750
12,212,250,-406.2097473144531,-1.624838948249817,0.8172401189804077,0.9164791703224182,53000
12,213,250,-328.09393310546875,-1.312375783920288,1.1902743577957153,0.9160833358764648,53250
12,214,250,-386.8594665527344,-1.5474379062652588,0.896732747554779,0.9156875014305115,53500
12,215,250,-413.4927062988281,-1.6539708375930786,0.8588532209396362,0.9152916669845581,53750
12,216,250,-256.3315124511719,-1.0253260135650635,0.8411036729812622,0.9148958325386047,54000
12,217,250,-391.5792236328125,-1.566316843032837,1.2442021369934082,0.9144999980926514,54250
12,218,250,-463.5094909667969,-1.8540380001068115,0.9508516192436218,0.914104163646698,54500
12,219,250,-221.2938995361328,-0.8851755857467651,0.8925744295120239,0.9137083292007446,54750
12,220,250,-465.4322509765625,-1.8617290258407593,0.8662294149398804,0.9133124947547913,55000
12,221,250,-420.37359619140625,-1.6814943552017212,1.289550542831421,0.9129166603088379,55250
12,222,250,-395.4544677734375,-1.581817865371704,0.9727707505226135,0.9125208258628845,55500
12,223,250,-350.1467590332031,-1.4005870819091797,0.9146101474761963,0.9121249914169312,55750
12,224,250,-445.11199951171875,-1.7804479598999023,0.8986111283302307,0.9117291569709778,56000
12,225,250,-432.6968994140625,-1.7307876348495483,1.28817617893219,0.9113333225250244,56250
12,226,250,-348.1934814453125,-1.3927738666534424,0.959598958492279,0.910937488079071,56500
12,227,250,-354.88348388671875,-1.4195339679718018,0.9051471948623657,0.9105416536331177,56750
12,228,250,-272.54290771484375,-1.0901715755462646,0.8722877502441406,0.9101458191871643,57000
12,229,250,-437.5842590332031,-1.75033700466156,1.2572236061096191,0.9097499847412109,57250
12,230,250,-89.11685180664062,-0.3564673960208893,0.9899710416793823,0.9093541502952576,57500
12,231,250,-275.22882080078125,-1.1009153127670288,0.9316178560256958,0.9089583158493042,57750
12,232,250,-431.7638854980469,-1.727055549621582,0.9137475490570068,0.9085624814033508,58000
12,233,250,-368.7622985839844,-1.4750491380691528,1.2629611492156982,0.9081666469573975,58250
12,234,250,-460.4408264160156,-1.8417632579803467,1.012925148010254,0.9077708125114441,58500
12,235,250,-397.41455078125,-1.589658260345459,0.9436387419700623,0.9073749780654907,58750
12,236,250,-347.6729431152344,-1.3906917572021484,0.8684180378913879,0.9069791436195374,59000
12,237,250,-377.6879577636719,-1.5107518434524536,1.2596462965011597,0.906583309173584,59250
12,238,250,-423.4087219238281,-1.6936348676681519,1.003911018371582,0.9061874747276306,59500
12,239,250,-362.6824951171875,-1.4507299661636353,0.9246566891670227,0.9057916402816772,59750
12,240,250,-396.33648681640625,-1.585345983505249,0.9061154723167419,0.9053958654403687,60000
12,241,250,-423.30596923828125,-1.6932238340377808,1.2383242845535278,0.9049999713897705,60250
12,242,250,-397.53424072265625,-1.590137004852295,1.036595344543457,0.9046041965484619,60500
12,243,250,-403.185791015625,-1.6127431392669678,0.9549225568771362,0.9042083024978638,60750
12,244,250,-349.2256164550781,-1.3969024419784546,0.8847841024398804,0.9038125276565552,61000
12,245,250,-459.81500244140625,-1.8392599821090698,1.2076106071472168,0.9034166932106018,61250
12,246,250,-436.2449645996094,-1.7449798583984375,0.9356362819671631,0.9030208587646484,61500
12,247,250,-342.6720886230469,-1.3706883192062378,0.8232907056808472,0.9026250243186951,61750
12,248,250,-452.33563232421875,-1.8093425035476685,0.8239878416061401,0.9022291898727417,62000
12,249,250,-308.460693359375,-1.2338427305221558,1.201865315437317,0.9018333554267883,62250
12,250,250,-346.6503601074219,-1.386601448059082,0.9711568355560303,0.901437520980835,62500
12,251,250,-326.6882629394531,-1.3067530393600464,0.8976083993911743,0.9010416865348816,62750
12,252,250,-467.0679016113281,-1.8682715892791748,0.8233123421669006,0.9006458520889282,63000
12,253,250,-432.5130920410156,-1.7300523519515991,1.2945187091827393,0.9002500176429749,63250
12,254,250,-243.0153045654297,-0.9720612168312073,0.9635412693023682,0.8998541831970215,63500
12,255,250,-444.2969055175781,-1.7771875858306885,0.9495623111724854,0.8994583487510681,63750
12,256,250,-365.85821533203125,-1.4634329080581665,0.8595343828201294,0.8990625143051147,64000
12,257,250,-253.21310424804688,-1.012852430343628,1.2856221199035645,0.8986666798591614,64250
12,258,250,-388.00750732421875,-1.552030086517334,1.0442496538162231,0.898270845413208,64500
12,259,250,-434.4812316894531,-1.7379249334335327,0.9576302170753479,0.8978750109672546,64750
12,260,250,-260.98907470703125,-1.0439562797546387,0.9200332760810852,0.8974791765213013,65000
12,261,250,-404.2742004394531,-1.6170967817306519,1.406038522720337,0.8970833420753479,65250
12,262,250,-174.31600952148438,-0.6972640156745911,1.0976139307022095,0.8966875076293945,65500
12,263,250,-339.1436462402344,-1.356574535369873,1.0344319343566895,0.8962916731834412,65750
12,264,250,-358.00054931640625,-1.4320021867752075,0.9764849543571472,0.8958958387374878,66000
12,265,250,-331.779052734375,-1.3271162509918213,1.459367275238037,0.8955000042915344,66250
12,266,250,-399.7059631347656,-1.59882390499115,1.1283522844314575,0.895104169845581,66500
12,267,250,-333.02972412109375,-1.3321188688278198,1.0333491563796997,0.8947083353996277,66750
12,268,250,-375.9667663574219,-1.5038670301437378,0.998015820980072,0.8943125009536743,67000
12,269,250,-469.73626708984375,-1.8789451122283936,1.534312129020691,0.893916666507721,67250
12,270,250,-442.57720947265625,-1.7703088521957397,1.1559405326843262,0.8935208320617676,67500
12,271,250,-253.92738342285156,-1.0157095193862915,1.0714184045791626,0.8931249976158142,67750
12,272,250,-388.50933837890625,-1.55403733253479,1.0196595191955566,0.8927291631698608,68000
12,273,250,-309.8222961425781,-1.2392891645431519,1.5237935781478882,0.8923333287239075,68250
12,274,250,-382.02789306640625,-1.5281115770339966,1.2044401168823242,0.8919374942779541,68500
12,275,250,-467.48687744140625,-1.8699475526809692,1.097109317779541,0.8915416598320007,68750
12,276,250,-300.0418701171875,-1.2001675367355347,1.0440243482589722,0.8911458253860474,69000
12,277,250,-472.65850830078125,-1.8906340599060059,1.6571943759918213,0.890749990940094,69250
12,278,250,-336.7108459472656,-1.3468433618545532,1.3606380224227905,0.8903541564941406,69500
12,279,250,-214.06028747558594,-0.8562411665916443,1.2173830270767212,0.8899583220481873,69750
12,280,250,-416.8995666503906,-1.6675982475280762,1.141830325126648,0.8895624876022339,70000
12,281,250,-246.45823669433594,-0.985832929611206,1.8298808336257935,0.8891666531562805,70250
12,282,250,-376.2279968261719,-1.50491201877594,1.511234164237976,0.8887708187103271,70500
12,283,250,-466.6094665527344,-1.8664379119873047,1.356127142906189,0.8883749842643738,70750
12,284,250,-185.7002716064453,-0.7428010702133179,1.248770833015442,0.8879791498184204,71000
12,285,250,-200.80825805664062,-0.8032330274581909,1.9911848306655884,0.887583315372467,71250
12,286,250,-360.94342041015625,-1.443773627281189,1.5283515453338623,0.8871874809265137,71500
12,287,250,-416.4599914550781,-1.6658399105072021,1.3799264430999756,0.8867916464805603,71750
12,288,250,-341.6376647949219,-1.3665506839752197,1.3135383129119873,0.8863958120346069,72000
12,289,250,-255.94273376464844,-1.0237709283828735,2.0034310817718506,0.8860000371932983,72250
12,290,250,-428.49774169921875,-1.7139909267425537,1.567947506904602,0.8856041431427002,72500
12,291,250,-322.1758728027344,-1.288703441619873,1.4620825052261353,0.8852083683013916,72750
12,292,250,-467.6483459472656,-1.8705934286117554,1.3868905305862427,0.8848124742507935,73000
12,293,250,-392.2604064941406,-1.5690416097640991,2.055420160293579,0.8844166398048401,73250
12,294,250,-453.49163818359375,-1.8139665126800537,1.5861711502075195,0.8840208053588867,73500
12,295,250,-174.988037109375,-0.6999521255493164,1.463100790977478,0.8836250305175781,73750
12,296,250,-454.84686279296875,-1.819387435913086,1.3814715147018433,0.88322913646698,74000
12,297,250,-369.614501953125,-1.478458046913147,2.0419788360595703,0.8828333616256714,74250
12,298,250,-395.7850036621094,-1.5831400156021118,1.5827869176864624,0.8824374675750732,74500
12,299,250,-301.49322509765625,-1.2059729099273682,1.4771584272384644,0.8820416927337646,74750
12,300,250,-319.40167236328125,-1.277606725692749,1.41314697265625,0.8816458582878113,75000
12,301,250,-357.36199951171875,-1.4294480085372925,1.9615434408187866,0.8812500238418579,75250
12,302,250,-440.7525329589844,-1.7630101442337036,1.6103781461715698,0.8808541893959045,75500
12,303,250,-400.9263916015625,-1.6037055253982544,1.5004334449768066,0.8804583549499512,75750
12,304,250,-306.12603759765625,-1.2245041131973267,1.38673734664917,0.8800625205039978,76000
12,305,250,-408.1184387207031,-1.6324737071990967,1.882534384727478,0.8796666860580444,76250
12,306,250,-428.9878234863281,-1.7159513235092163,1.5223816633224487,0.8792708516120911,76500
12,307,250,-287.67523193359375,-1.1507009267807007,1.3632659912109375,0.8788750171661377,76750
12,308,250,-461.5523986816406,-1.8462096452713013,1.328426480293274,0.8784791827201843,77000
12,309,250,-461.6787109375,-1.8467148542404175,1.7133753299713135,0.878083348274231,77250
12,310,250,-382.59161376953125,-1.5303664207458496,1.3853389024734497,0.8776875138282776,77500
12,311,250,-269.8677673339844,-1.0794711112976074,1.2888115644454956,0.8772916793823242,77750
12,312,250,-453.3995056152344,-1.8135980367660522,1.238271951675415,0.8768958449363708,78000
12,313,250,-315.4099426269531,-1.2616397142410278,1.6868422031402588,0.8765000104904175,78250
12,314,250,-348.5514221191406,-1.3942056894302368,1.3491544723510742,0.8761041760444641,78500
12,315,250,-361.33544921875,-1.4453418254852295,1.2592694759368896,0.8757083415985107,78750
12,316,250,-318.3608703613281,-1.2734434604644775,1.2048449516296387,0.8753125071525574,79000
12,317,250,-411.54937744140625,-1.6461975574493408,1.8872544765472412,0.874916672706604,79250
12,318,250,-269.835693359375,-1.0793427228927612,1.3783674240112305,0.8745208382606506,79500
12,319,250,-271.7060852050781,-1.0868242979049683,1.30580735206604,0.8741250038146973,79750
12,320,250,-311.9820251464844,-1.2479281425476074,1.2339062690734863,0.8737291693687439,80000
12,321,250,-314.6338806152344,-1.2585355043411255,2.04697847366333,0.8733333349227905,80250
12,322,250,-147.1431884765625,-0.5885727405548096,1.442173719406128,0.8729375004768372,80500
12,323,250,-366.17041015625,-1.464681625366211,1.3551218509674072,0.8725416660308838,80750
12,324,250,-299.96417236328125,-1.1998566389083862,1.3040622472763062,0.8721458315849304,81000
12,325,250,-309.4345397949219,-1.2377381324768066,2.2561633586883545,0.871749997138977,81250
12,326,250,-432.8716735839844,-1.7314866781234741,1.5144531726837158,0.8713541626930237,81500
12,327,250,-467.9693603515625,-1.8718774318695068,1.399031400680542,0.8709583282470703,81750
12,328,250,-419.099609375,-1.6763983964920044,1.326301097869873,0.8705624938011169,82000
12,329,250,-433.83599853515625,-1.7353440523147583,2.309380054473877,0.8701666593551636,82250
12,330,250,-270.2407531738281,-1.0809630155563354,1.6502304077148438,0.8697708249092102,82500
12,331,250,-325.90850830078125,-1.3036340475082397,1.4779479503631592,0.8693749904632568,82750
12,332,250,-335.6484375,-1.342593789100647,1.4025918245315552,0.8689791560173035,83000
12,333,250,-304.4198303222656,-1.2176792621612549,2.469350814819336,0.8685833215713501,83250
12,334,250,-364.5088806152344,-1.4580354690551758,1.8546100854873657,0.8681874871253967,83500
12,335,250,-429.6755065917969,-1.7187020778656006,1.6863977909088135,0.8677916526794434,83750
12,336,250,-489.7488098144531,-1.9589952230453491,1.5087823867797852,0.86739581823349,84000
12,337,250,-402.8506774902344,-1.6114027500152588,2.5803749561309814,0.8669999837875366,84250
12,338,250,-376.4449768066406,-1.5057798624038696,2.137143611907959,0.8666041493415833,84500
12,339,250,-433.08526611328125,-1.7323410511016846,1.898475170135498,0.8662083148956299,84750
12,340,250,-301.3897399902344,-1.2055590152740479,1.6867570877075195,0.8658124804496765,85000
12,341,250,-49.58151626586914,-0.19832606613636017,2.781106948852539,0.8654166460037231,85250
12,342,250,-242.66616821289062,-0.9706646800041199,2.2427728176116943,0.8650208711624146,85500
12,343,250,-481.3456726074219,-1.9253827333450317,2.093468189239502,0.8646249771118164,85750
12,344,250,-247.69932556152344,-0.9907972812652588,1.9698219299316406,0.8642292022705078,86000
12,345,250,-337.5132751464844,-1.350053071975708,2.8153982162475586,0.8638333082199097,86250
12,346,250,-349.4147644042969,-1.3976590633392334,2.2395119667053223,0.8634375333786011,86500
12,347,250,-58.0805778503418,-0.2323223054409027,2.098156690597534,0.8630416393280029,86750
12,348,250,-221.3775634765625,-0.885510265827179,1.9540208578109741,0.8626458644866943,87000
12,349,250,-201.89671325683594,-0.8075868487358093,2.854226589202881,0.8622499704360962,87250
12,350,250,-260.26446533203125,-1.041057825088501,2.3934202194213867,0.8618541955947876,87500
12,351,250,-469.52203369140625,-1.878088116645813,2.2145984172821045,0.8614583611488342,87750
12,352,250,-296.5355529785156,-1.1861422061920166,2.1079864501953125,0.8610625267028809,88000
12,353,250,-386.0268249511719,-1.5441073179244995,2.9615519046783447,0.8606666922569275,88250
12,354,250,-286.8398742675781,-1.1473594903945923,2.493044137954712,0.8602708578109741,88500
12,355,250,-392.30853271484375,-1.5692341327667236,2.23138427734375,0.8598750233650208,88750
12,356,250,-155.87118530273438,-0.62348473072052,2.059995174407959,0.8594791889190674,89000
12,357,250,-334.83184814453125,-1.339327335357666,3.105679988861084,0.859083354473114,89250
12,358,250,-394.15045166015625,-1.5766018629074097,2.547064781188965,0.8586875200271606,89500
12,359,250,-138.8688507080078,-0.5554754137992859,2.327653408050537,0.8582916259765625,89750
12,360,250,-326.192138671875,-1.3047685623168945,2.294645071029663,0.8578958511352539,90000
12,361,250,-249.28187561035156,-0.9971274733543396,3.153172254562378,0.8575000166893005,90250
12,362,250,-144.31771850585938,-0.5772708654403687,2.8036770820617676,0.8571041822433472,90500
12,363,250,-374.492431640625,-1.4979697465896606,2.4331717491149902,0.8567083477973938,90750
12,364,250,-287.8390808105469,-1.1513563394546509,2.411166191101074,0.8563125133514404,91000
12,365,250,-291.60662841796875,-1.1664265394210815,3.0991854667663574,0.8559166789054871,91250
12,366,250,-393.6626892089844,-1.574650764465332,2.665433645248413,0.8555208444595337,91500
12,367,250,-358.8975830078125,-1.435590386390686,2.4936118125915527,0.8551250100135803,91750
12,368,250,-79.8480453491211,-0.3193921744823456,2.451479911804199,0.854729175567627,92000
12,369,250,-400.0869140625,-1.600347638130188,3.110841989517212,0.8543333411216736,92250
12,370,250,-232.61680603027344,-0.9304672479629517,2.6376357078552246,0.8539375066757202,92500
12,371,250,-389.7064208984375,-1.5588257312774658,2.493056535720825,0.8535416722297668,92750
12,372,250,-401.6705017089844,-1.6066820621490479,2.419699192047119,0.8531458377838135,93000
12,373,250,-330.16015625,-1.3206406831741333,3.1423468589782715,0.8527500033378601,93250
12,374,250,-313.84442138671875,-1.2553776502609253,2.6402175426483154,0.8523541688919067,93500
12,375,250,-430.5576477050781,-1.7222305536270142,2.4419941902160645,0.8519583344459534,93750
12,376,250,-54.52412796020508,-0.2180965095758438,2.3891663551330566,0.8515625,94000
12,377,250,-203.52578735351562,-0.8141031265258789,3.1050400733947754,0.8511666655540466,94250
12,378,250,-392.68048095703125,-1.5707218647003174,2.708859443664551,0.8507708311080933,94500
12,379,250,-378.31756591796875,-1.5132702589035034,2.56125545501709,0.8503749966621399,94750
12,380,250,-327.8359375,-1.311343789100647,2.3828134536743164,0.8499791622161865,95000
12,381,250,-223.79736328125,-0.8951894640922546,3.014219284057617,0.8495833277702332,95250
12,382,250,-327.159912109375,-1.308639645576477,2.700205087661743,0.8491874933242798,95500
12,383,250,-427.59759521484375,-1.710390329360962,2.4542124271392822,0.8487916588783264,95750
12,384,250,-399.27587890625,-1.597103476524353,2.334296464920044,0.848395824432373,96000
12,385,250,-309.05712890625,-1.2362284660339355,2.970754623413086,0.8479999899864197,96250
12,386,250,-313.01788330078125,-1.252071499824524,2.508040428161621,0.8476041555404663,96500
12,387,250,-96.62932586669922,-0.38651731610298157,2.39144229888916,0.8472083210945129,96750
12,388,250,-377.8163757324219,-1.511265516281128,2.3254239559173584,0.8468124866485596,97000
12,389,250,-428.1038513183594,-1.7124154567718506,2.7756307125091553,0.8464166522026062,97250
12,390,250,-155.28672790527344,-0.6211469173431396,2.3159339427948,0.8460208177566528,97500
12,391,250,-425.5304260253906,-1.7021217346191406,2.2893881797790527,0.8456250429153442,97750
12,392,250,-253.94480895996094,-1.0157792568206787,2.1306793689727783,0.8452291488647461,98000
12,393,250,-220.7257537841797,-0.8829030394554138,2.6197023391723633,0.8448333740234375,98250
12,394,250,-111.66595458984375,-0.44666382670402527,2.2181167602539062,0.8444374799728394,98500
12,395,250,-70.41519165039062,-0.2816607654094696,2.1720850467681885,0.844041645526886,98750
12,396,250,-289.5140686035156,-1.1580562591552734,2.1245031356811523,0.8436458110809326,99000
12,397,250,-143.51918029785156,-0.5740767121315002,2.699323892593384,0.8432499766349792,99250
12,398,250,-209.97091674804688,-0.8398836851119995,2.2288224697113037,0.8428541421890259,99500
12,399,250,-370.0510559082031,-1.4802042245864868,2.2038652896881104,0.8424583077430725,99750
12,400,250,-300.72412109375,-1.2028964757919312,2.118112087249756,0.8420624732971191,100000
12,401,250,-251.16249084472656,-1.0046499967575073,2.75447940826416,0.8416666984558105,100250
12,402,250,-266.0683288574219,-1.0642733573913574,2.330968141555786,0.8412708044052124,100500
12,403,250,-99.35995483398438,-0.3974398076534271,2.111009359359741,0.8408750295639038,100750
12,404,250,-216.48480224609375,-0.865939199924469,2.0461277961730957,0.8404791355133057,101000
12,405,250,-341.0208435058594,-1.3640834093093872,2.8150110244750977,0.8400833606719971,101250
12,406,250,-124.06257629394531,-0.49625030159950256,2.485700845718384,0.8396874666213989,101500
12,407,250,-418.12359619140625,-1.6724944114685059,2.1905879974365234,0.8392916917800903,101750
12,408,250,-433.38330078125,-1.7335331439971924,2.110384702682495,0.8388957977294922,102000
12,409,250,-106.99711608886719,-0.4279884696006775,2.854079008102417,0.8385000228881836,102250
12,410,250,-161.04872131347656,-0.6441949009895325,2.3936469554901123,0.8381041884422302,102500
12,411,250,-221.14068603515625,-0.8845627307891846,2.228806495666504,0.8377083539962769,102750
12,412,250,-394.2022399902344,-1.5768089294433594,2.1974167823791504,0.8373125195503235,103000
12,413,250,-181.7321014404297,-0.7269284129142761,2.996086835861206,0.8369166851043701,103250
12,414,250,-231.87637329101562,-0.9275054931640625,2.3816919326782227,0.8365208506584167,103500
12,415,250,-235.72238159179688,-0.9428895115852356,2.2589304447174072,0.8361250162124634,103750
12,416,250,-201.58465576171875,-0.8063386082649231,2.1079165935516357,0.83572918176651,104000
12,417,250,-308.7528381347656,-1.235011339187622,2.9452126026153564,0.8353333473205566,104250
12,418,250,-294.35125732421875,-1.1774049997329712,2.335362434387207,0.8349375128746033,104500
12,419,250,-413.6510009765625,-1.6546039581298828,2.183140754699707,0.8345416784286499,104750
12,420,250,-159.91424560546875,-0.6396569609642029,2.010580062866211,0.8341458439826965,105000
12,421,250,-198.837890625,-0.7953515648841858,3.0123543739318848,0.8337500095367432,105250
12,422,250,-89.3358383178711,-0.3573433458805084,2.250281810760498,0.8333541750907898,105500
12,423,250,-170.56402587890625,-0.6822561025619507,2.138913631439209,0.8329583406448364,105750
12,424,250,-120.97944641113281,-0.483917772769928,2.1970343589782715,0.8325625061988831,106000
12,425,250,-336.2128601074219,-1.3448514938354492,3.245426654815674,0.8321666717529297,106250
12,426,250,-207.552978515625,-0.8302119374275208,2.390185832977295,0.8317708373069763,106500
12,427,250,-240.89794921875,-0.9635918140411377,2.2894551753997803,0.831375002861023,106750
12,428,250,-340.6787109375,-1.3627148866653442,2.089994430541992,0.8309791684150696,107000
12,429,250,-277.1852722167969,-1.108741044998169,3.4820380210876465,0.8305833339691162,107250
12,430,250,-406.3579406738281,-1.625431776046753,2.6126534938812256,0.8301874995231628,107500
12,431,250,-306.9862976074219,-1.2279452085494995,2.5254788398742676,0.8297916650772095,107750
12,432,250,-223.07528686523438,-0.8923011422157288,2.381542444229126,0.8293958306312561,108000
12,433,250,-209.94931030273438,-0.8397972583770752,3.6151671409606934,0.8289999961853027,108250
12,434,250,-213.7925567626953,-0.8551702499389648,3.0175251960754395,0.8286041617393494,108500
12,435,250,-131.0535888671875,-0.5242143273353577,2.7630858421325684,0.828208327293396,108750
12,436,250,-219.5023651123047,-0.8780094385147095,2.542192220687866,0.8278124928474426,109000
12,437,250,-187.00453186035156,-0.7480181455612183,4.039874076843262,0.8274166584014893,109250
12,438,250,-115.86705017089844,-0.46346819400787354,3.234182834625244,0.8270208239555359,109500
12,439,250,-150.4727020263672,-0.6018908023834229,3.120488405227661,0.8266249895095825,109750
12,440,250,-182.8181610107422,-0.7312726378440857,2.9267351627349854,0.8262291550636292,110000
12,441,250,-248.4858856201172,-0.9939435720443726,4.548583030700684,0.8258333206176758,110250
12,442,250,-24.63640785217285,-0.0985456332564354,3.773695230484009,0.8254374861717224,110500
12,443,250,-243.29544067382812,-0.9731817841529846,3.4870450496673584,0.825041651725769,110750
12,444,250,-244.37509155273438,-0.9775003790855408,3.3834285736083984,0.8246458172798157,111000
12,445,250,-243.1299285888672,-0.9725196957588196,4.750382900238037,0.8242499828338623,111250
12,446,250,-204.33380126953125,-0.8173351883888245,4.0788254737854,0.8238541483879089,111500
12,447,250,-244.3291778564453,-0.9773167371749878,3.6933178901672363,0.8234583139419556,111750
12,448,250,-107.64046478271484,-0.4305618703365326,3.7507784366607666,0.8230624794960022,112000
12,449,250,-244.48536682128906,-0.9779414534568787,5.129833698272705,0.8226666450500488,112250
12,450,250,-327.0046691894531,-1.308018684387207,4.406427383422852,0.8222708702087402,112500
12,451,250,-171.5977020263672,-0.6863908171653748,4.011606693267822,0.8218749761581421,112750
12,452,250,-313.837646484375,-1.2553505897521973,3.7748448848724365,0.8214792013168335,113000
12,453,250,-87.45941925048828,-0.34983769059181213,5.079140663146973,0.8210833072662354,113250
12,454,250,-313.446533203125,-1.2537860870361328,4.404566287994385,0.8206875324249268,113500
12,455,250,-127.32534790039062,-0.5093013644218445,4.160908222198486,0.8202916383743286,113750
12,456,250,-252.55206298828125,-1.010208249092102,4.061215877532959,0.81989586353302,114000
12,457,250,-176.78273010253906,-0.7071309089660645,5.132760524749756,0.8194999694824219,114250
12,458,250,-318.8945617675781,-1.275578260421753,4.269794940948486,0.8191041946411133,114500
12,459,250,-181.12350463867188,-0.7244940400123596,4.065329074859619,0.8187083601951599,114750
12,460,250,-393.2418212890625,-1.572967290878296,3.942864418029785,0.8183125257492065,115000
12,461,250,-213.96466064453125,-0.8558586239814758,5.127572059631348,0.8179166913032532,115250
12,462,250,-190.30197143554688,-0.7612078785896301,4.315500259399414,0.8175208568572998,115500
12,463,250,-209.2555694580078,-0.8370223045349121,4.135365009307861,0.8171250224113464,115750
12,464,250,-238.0731201171875,-0.9522925019264221,3.848623752593994,0.8167291879653931,116000
12,465,250,-83.84163665771484,-0.33536654710769653,5.169209957122803,0.8163333535194397,116250
12,466,250,-332.7103271484375,-1.330841302871704,4.41485595703125,0.8159375190734863,116500
12,467,250,-308.1219177246094,-1.232487678527832,3.8536717891693115,0.815541684627533,116750
12,468,250,-181.34658813476562,-0.725386381149292,3.7702324390411377,0.8151458501815796,117000
12,469,250,-270.6396179199219,-1.082558512687683,5.248903274536133,0.8147500157356262,117250
12,470,250,-97.46654510498047,-0.3898661732673645,4.39466667175293,0.8143541812896729,117500
12,471,250,-66.11016845703125,-0.2644406855106354,3.939875364303589,0.8139583468437195,117750
12,472,250,-189.38320922851562,-0.7575328350067139,3.818735122680664,0.8135625123977661,118000
12,473,250,-113.9939193725586,-0.4559756815433502,5.386709690093994,0.8131666779518127,118250
12,474,250,-158.208740234375,-0.6328349709510803,4.424240589141846,0.8127708435058594,118500
12,475,250,-322.6444091796875,-1.2905776500701904,3.938678026199341,0.812375009059906,118750
12,476,250,-282.8892517089844,-1.1315569877624512,3.6807711124420166,0.8119791746139526,119000
12,477,250,-70.50152587890625,-0.2820061147212982,5.356429100036621,0.8115833401679993,119250
12,478,250,-150.97274780273438,-0.6038910150527954,4.331659317016602,0.8111875057220459,119500
12,479,250,-58.23106384277344,-0.23292425274848938,4.0144476890563965,0.8107916712760925,119750
12,480,250,-147.07728576660156,-0.5883091688156128,3.8348493576049805,0.8103958368301392,120000
12,481,250,-162.706298828125,-0.6508252024650574,5.3818488121032715,0.8100000023841858,120250
12,482,250,-337.9599609375,-1.3518399000167847,4.38360595703125,0.8096041679382324,120500
12,483,250,-376.94793701171875,-1.5077917575836182,4.029668807983398,0.809208333492279,120750
12,484,250,-317.11492919921875,-1.268459677696228,3.6628241539001465,0.8088124990463257,121000
12,485,250,-105.7912368774414,-0.4231649339199066,5.420955657958984,0.8084166646003723,121250
12,486,250,-130.91360473632812,-0.5236544013023376,4.4518232345581055,0.808020830154419,121500
12,487,250,-160.14938354492188,-0.6405975222587585,4.088525295257568,0.8076249957084656,121750
12,488,250,-216.4804229736328,-0.865921676158905,3.773423433303833,0.8072291612625122,122000
12,489,250,-201.26954650878906,-0.8050782084465027,5.664757251739502,0.8068333268165588,122250
12,490,250,-166.5883026123047,-0.6663532257080078,4.850097179412842,0.8064374923706055,122500
12,491,250,-177.83619689941406,-0.7113447785377502,4.341131687164307,0.8060416579246521,122750
12,492,250,-239.794189453125,-0.959176778793335,4.071187496185303,0.8056458234786987,123000
12,493,250,8.445512771606445,0.033782050013542175,6.156181335449219,0.8052499890327454,123250
12,494,250,-137.71456909179688,-0.5508582592010498,5.185870170593262,0.804854154586792,123500
12,495,250,-220.4965057373047,-0.8819860219955444,4.691733360290527,0.8044583201408386,123750
12,496,250,-40.47408676147461,-0.16189634799957275,4.441468715667725,0.8040624856948853,124000
12,497,250,-88.04097747802734,-0.3521639108657837,6.191898345947266,0.8036666512489319,124250
12,498,250,-198.22535705566406,-0.7929014563560486,5.461145401000977,0.8032708168029785,124500
12,499,250,-144.2096405029297,-0.5768385529518127,5.043607711791992,0.8028750419616699,124750
12,500,250,-321.1572570800781,-1.284628987312317,4.715920448303223,0.8024791479110718,125000
12,501,250,-162.42205810546875,-0.6496882438659668,6.827598571777344,0.8020833730697632,125250
12,502,250,-173.87074279785156,-0.6954829692840576,6.015886306762695,0.801687479019165,125500
12,503,250,-167.50611877441406,-0.6700244545936584,5.329555988311768,0.8012917041778564,125750
12,504,250,-205.92958068847656,-0.8237183094024658,5.023877143859863,0.8008958101272583,126000
12,505,250,-98.77539825439453,-0.3951016068458557,6.878321170806885,0.8005000352859497,126250
12,506,250,-120.91707611083984,-0.4836682975292206,5.990235805511475,0.8001041412353516,126500
12,507,250,-177.12510681152344,-0.7085004448890686,5.627368927001953,0.799708366394043,126750
12,508,250,-214.8312225341797,-0.8593248724937439,5.1497015953063965,0.7993124723434448,127000
12,509,250,-188.37620544433594,-0.7535048127174377,7.062414646148682,0.7989166975021362,127250
12,510,250,-157.5186004638672,-0.6300743818283081,6.24285888671875,0.7985208034515381,127500
12,511,250,-285.23004150390625,-1.1409201622009277,5.849613666534424,0.7981250286102295,127750
12,512,250,-142.68948364257812,-0.5707579255104065,5.384029865264893,0.7977291345596313,128000
12,513,250,-158.28677368164062,-0.633147120475769,7.34910249710083,0.7973333597183228,128250
12,514,250,46.143714904785156,0.18457485735416412,6.313751220703125,0.7969374656677246,128500
12,515,250,-288.4278564453125,-1.1537114381790161,5.932059288024902,0.796541690826416,128750
12,516,250,54.4751091003418,0.21790044009685516,5.637449741363525,0.7961457967758179,129000
12,517,250,-290.052490234375,-1.1602100133895874,7.203763961791992,0.7957500219345093,129250
12,518,250,-288.3746032714844,-1.1534984111785889,6.664454460144043,0.7953541874885559,129500
12,519,250,-137.42247009277344,-0.5496898889541626,6.176586151123047,0.7949583530426025,129750
12,520,250,-70.99809265136719,-0.28399237990379333,5.8917341232299805,0.7945625185966492,130000
12,521,250,-124.90889739990234,-0.49963557720184326,7.3764448165893555,0.7941666841506958,130250
12,522,250,-182.944091796875,-0.7317763566970825,6.837993144989014,0.7937708497047424,130500
12,523,250,-162.09300231933594,-0.6483719944953918,6.476458549499512,0.7933750152587891,130750
12,524,250,-289.6881408691406,-1.1587525606155396,6.3117194175720215,0.7929791808128357,131000
12,525,250,-115.22173309326172,-0.4608869254589081,7.84928560256958,0.7925833463668823,131250
12,526,250,-148.18569946289062,-0.5927428007125854,7.130053997039795,0.792187511920929,131500
12,527,250,-184.61599731445312,-0.7384639978408813,6.660776615142822,0.7917916774749756,131750
12,528,250,-265.0540771484375,-1.0602163076400757,6.45444393157959,0.7913958430290222,132000
12,529,250,-63.923187255859375,-0.2556927502155304,7.863670825958252,0.7910000085830688,132250
12,530,250,-213.78834533691406,-0.8551533818244934,7.362790107727051,0.7906041741371155,132500
12,531,250,-225.33151245117188,-0.901326060295105,6.587815284729004,0.7902083396911621,132750
12,532,250,-66.6598892211914,-0.2666395604610443,6.606879234313965,0.7898125052452087,133000
12,533,250,-337.22454833984375,-1.34889817237854,8.07067584991455,0.7894166707992554,133250
12,534,250,-133.88162231445312,-0.5355265140533447,7.227014064788818,0.789020836353302,133500
12,535,250,-127.4830322265625,-0.5099321007728577,6.837409496307373,0.7886250019073486,133750
12,536,250,-260.84002685546875,-1.0433601140975952,6.665771007537842,0.7882291674613953,134000
12,537,250,-99.3685302734375,-0.39747411012649536,8.130803108215332,0.7878333330154419,134250
12,538,250,-376.5612487792969,-1.5062450170516968,7.235814571380615,0.7874374985694885,134500
12,539,250,-182.00743103027344,-0.728029727935791,6.874336242675781,0.7870416641235352,134750
12,540,250,-142.81591796875,-0.5712636709213257,6.526333808898926,0.7866458296775818,135000
12,541,250,-228.9424591064453,-0.9157698154449463,8.100568771362305,0.7862499952316284,135250
12,542,250,-227.61630249023438,-0.9104651808738708,6.77116584777832,0.785854160785675,135500
12,543,250,-195.7623748779297,-0.7830495238304138,6.459258079528809,0.7854583263397217,135750
12,544,250,-255.50982666015625,-1.0220392942428589,6.08936071395874,0.7850624918937683,136000
12,545,250,-76.41509246826172,-0.3056603670120239,7.565094947814941,0.7846666574478149,136250
12,546,250,-131.62481689453125,-0.5264992713928223,6.188107490539551,0.7842708230018616,136500
12,547,250,-66.95072174072266,-0.267802894115448,5.767637252807617,0.7838749885559082,136750
12,548,250,47.2231559753418,0.18889261782169342,5.489416599273682,0.7834791541099548,137000
12,549,250,-234.6671142578125,-0.938668429851532,7.433738708496094,0.7830833196640015,137250
12,550,250,-231.64947509765625,-0.9265978932380676,6.307159423828125,0.7826874852180481,137500
12,551,250,-199.83999633789062,-0.7993599772453308,5.77473783493042,0.7822916507720947,137750
12,552,250,-138.90968322753906,-0.5556387305259705,5.382416725158691,0.7818958163261414,138000
12,553,250,-113.52600860595703,-0.4541040360927582,7.511585235595703,0.781499981880188,138250
12,554,250,-233.54830932617188,-0.9341932535171509,5.950159072875977,0.7811041474342346,138500
12,555,250,-201.69219970703125,-0.8067687749862671,5.694772243499756,0.7807083129882812,138750
12,556,250,-70.3897933959961,-0.28155916929244995,5.180444240570068,0.7803124785423279,139000
12,557,250,82.67979431152344,0.3307191729545593,7.676882266998291,0.7799166440963745,139250
12,558,250,-86.8669204711914,-0.34746769070625305,6.4523844718933105,0.7795208692550659,139500
12,559,250,-219.5569305419922,-0.878227710723877,5.946678638458252,0.7791249752044678,139750
12,560,250,-159.2732696533203,-0.6370930671691895,5.6238226890563965,0.7787292003631592,140000
12,561,250,-220.41796875,-0.8816718459129333,7.874494552612305,0.778333306312561,140250
12,562,250,-111.75331115722656,-0.447013258934021,6.684654712677002,0.7779375314712524,140500
12,563,250,-149.0146942138672,-0.5960587859153748,6.109320163726807,0.7775416374206543,140750
12,564,250,-236.4708709716797,-0.9458835124969482,5.693700790405273,0.7771458625793457,141000
12,565,250,-167.2914276123047,-0.6691657304763794,8.325352668762207,0.7767499685287476,141250
12,566,250,-196.0302734375,-0.7841210961341858,6.7223992347717285,0.776354193687439,141500
12,567,250,-239.77728271484375,-0.9591091275215149,6.303943157196045,0.7759583592414856,141750
12,568,250,-143.4220733642578,-0.573688268661499,5.940646171569824,0.7755625247955322,142000
12,569,250,-139.34205627441406,-0.5573682188987732,8.346799850463867,0.7751666903495789,142250
12,570,250,-217.93405151367188,-0.8717362284660339,7.121004104614258,0.7747708559036255,142500
12,571,250,-100.11405944824219,-0.4004562497138977,6.568330764770508,0.7743750214576721,142750
12,572,250,-175.656005859375,-0.7026240229606628,6.199173450469971,0.7739791870117188,143000
12,573,250,-272.5973815917969,-1.0903894901275635,8.372220039367676,0.7735833525657654,143250
12,574,250,-188.17172241210938,-0.7526869177818298,7.553830146789551,0.773187518119812,143500
12,575,250,-207.83584594726562,-0.831343412399292,6.8970723152160645,0.7727916836738586,143750
12,576,250,-88.83745574951172,-0.3553498089313507,6.449704170227051,0.7723958492279053,144000
12,577,250,-168.80003356933594,-0.6752001047134399,9.025439262390137,0.7720000147819519,144250
12,578,250,-184.96511840820312,-0.739860475063324,8.09768295288086,0.7716041803359985,144500
12,579,250,-120.78495788574219,-0.48313984274864197,7.753006458282471,0.7712083458900452,144750
12,580,250,-183.54136657714844,-0.7341654896736145,6.8090081214904785,0.7708125114440918,145000
12,581,250,-121.00396728515625,-0.48401588201522827,9.189399719238281,0.7704166769981384,145250
12,582,250,-185.6426239013672,-0.7425705194473267,8.339937210083008,0.7700208425521851,145500
12,583,250,-218.3832244873047,-0.8735328912734985,7.937626838684082,0.7696250081062317,145750
12,584,250,-91.96026611328125,-0.36784106492996216,7.630446434020996,0.7692291736602783,146000
12,585,250,-171.13319396972656,-0.6845327615737915,9.66110610961914,0.768833339214325,146250
12,586,250,-287.1366882324219,-1.1485466957092285,8.612214088439941,0.7684375047683716,146500
12,587,250,-156.76121520996094,-0.6270448565483093,7.758561134338379,0.7680416703224182,146750
12,588,250,-168.26158142089844,-0.673046350479126,7.776771068572998,0.7676458358764648,147000
12,589,250,-143.88262939453125,-0.5755305290222168,9.979991912841797,0.7672500014305115,147250
12,590,250,-245.70217895507812,-0.9828087091445923,8.599603652954102,0.7668541669845581,147500
12,591,250,-107.66524505615234,-0.43066099286079407,8.126700401306152,0.7664583325386047,147750
12,592,250,-120.74781036376953,-0.4829912483692169,7.551572799682617,0.7660624980926514,148000
12,593,250,-33.75576400756836,-0.1350230574607849,9.376887321472168,0.765666663646698,148250
12,594,250,-129.86846923828125,-0.5194738507270813,8.753026008605957,0.7652708292007446,148500
12,595,250,-214.5673370361328,-0.8582693338394165,8.373674392700195,0.7648749947547913,148750
12,596,250,-153.23291015625,-0.6129316687583923,7.77291202545166,0.7644791603088379,149000
12,597,250,-132.9897003173828,-0.531958818435669,9.769593238830566,0.7640833258628845,149250
12,598,250,-197.0904083251953,-0.7883616089820862,8.477794647216797,0.7636874914169312,149500
12,599,250,-230.6929473876953,-0.9227718114852905,8.182659149169922,0.7632916569709778,149750
12,600,250,-47.0333251953125,-0.18813329935073853,7.831469535827637,0.7628958225250244,150000
12,601,250,-94.97076416015625,-0.3798830509185791,9.984097480773926,0.762499988079071,150250
12,602,250,-235.27841186523438,-0.9411136507987976,8.526001930236816,0.7621041536331177,150500
12,603,250,-128.80276489257812,-0.5152110457420349,8.247031211853027,0.7617083191871643,150750
12,604,250,-134.4776611328125,-0.5379106402397156,7.624371528625488,0.7613124847412109,151000
12,605,250,-281.1264953613281,-1.1245059967041016,10.006869316101074,0.7609166502952576,151250
12,606,250,-152.8359375,-0.6113437414169312,8.374726295471191,0.7605208158493042,151500
12,607,250,-164.67861938476562,-0.6587144732475281,7.7465291023254395,0.7601250410079956,151750
12,608,250,-104.07974243164062,-0.41631898283958435,7.326949596405029,0.7597291469573975,152000
12,609,250,-185.93019104003906,-0.7437207698822021,9.927800178527832,0.7593333721160889,152250
12,610,250,-183.47964477539062,-0.7339186072349548,7.725741386413574,0.7589374780654907,152500
12,611,250,-208.09927368164062,-0.8323971033096313,7.409352779388428,0.7585417032241821,152750
12,612,250,-132.23965454101562,-0.5289586186408997,6.921552658081055,0.758145809173584,153000
12,613,250,-148.14068603515625,-0.592562735080719,10.274735450744629,0.7577500343322754,153250
12,614,250,-197.6758575439453,-0.7907034158706665,7.931490898132324,0.7573541402816772,153500
12,615,250,-123.56243133544922,-0.49424973130226135,7.694262981414795,0.7569583654403687,153750
12,616,250,-197.2218475341797,-0.7888873815536499,7.169374465942383,0.7565625309944153,154000
12,617,250,-217.10585021972656,-0.8684234023094177,11.753588676452637,0.7561666965484619,154250
12,618,250,-75.44029235839844,-0.3017611801624298,9.359614372253418,0.7557708621025085,154500
12,619,250,-195.20480346679688,-0.7808192372322083,8.612024307250977,0.7553750276565552,154750
12,620,250,-182.4577178955078,-0.7298308610916138,8.195055961608887,0.7549791932106018,155000
12,621,250,-181.45191955566406,-0.7258076667785645,12.448812484741211,0.7545833587646484,155250
12,622,250,-121.23025512695312,-0.48492100834846497,10.511689186096191,0.7541875243186951,155500
12,623,250,-155.0734100341797,-0.6202936172485352,9.784757614135742,0.7537916898727417,155750
12,624,250,-230.95608520507812,-0.9238243699073792,9.097735404968262,0.7533958554267883,156000
12,625,250,-145.7160186767578,-0.5828640460968018,12.833761215209961,0.753000020980835,156250
12,626,250,-115.88865661621094,-0.46355462074279785,10.909867286682129,0.7526041865348816,156500
12,627,250,-185.48388671875,-0.7419355511665344,10.520984649658203,0.7522083520889282,156750
12,628,250,-247.57391357421875,-0.9902956485748291,9.984114646911621,0.7518125176429749,157000
12,629,250,-193.28616333007812,-0.7731446623802185,13.194730758666992,0.7514166831970215,157250
12,630,250,-156.15858459472656,-0.624634325504303,11.406426429748535,0.7510208487510681,157500
12,631,250,-108.71693420410156,-0.4348677396774292,11.146803855895996,0.7506250143051147,157750
12,632,250,-179.5692138671875,-0.718276858329773,10.492973327636719,0.7502291798591614,158000
12,633,250,-156.71681213378906,-0.6268672347068787,13.24582576751709,0.749833345413208,158250
12,634,250,-182.3873291015625,-0.7295492887496948,11.55117130279541,0.7494375109672546,158500
12,635,250,-85.209228515625,-0.34083691239356995,11.257226943969727,0.7490416765213013,158750
12,636,250,-134.36944580078125,-0.5374777913093567,11.208008766174316,0.7486458420753479,159000
12,637,250,-125.06741333007812,-0.5002696514129639,13.736509323120117,0.7482500076293945,159250
12,638,250,-309.975341796875,-1.2399014234542847,11.65390682220459,0.7478541731834412,159500
12,639,250,-199.423828125,-0.7976953387260437,11.1964111328125,0.7474583387374878,159750
12,640,250,-124.34111785888672,-0.49736446142196655,10.977736473083496,0.7470625042915344,160000
12,641,250,-149.52212524414062,-0.5980885028839111,13.029548645019531,0.746666669845581,160250
12,642,250,-38.210609436035156,-0.1528424322605133,11.384156227111816,0.7462708353996277,160500
12,643,250,-70.44575500488281,-0.28178301453590393,11.59719181060791,0.7458750009536743,160750
12,644,250,-139.5823516845703,-0.5583294034004211,10.606522560119629,0.745479166507721,161000
12,645,250,-171.2369842529297,-0.6849479079246521,12.64015007019043,0.7450833320617676,161250
12,646,250,-127.75826263427734,-0.5110330581665039,12.108654022216797,0.7446874976158142,161500
12,647,250,-320.5884094238281,-1.2823536396026611,10.845723152160645,0.7442916631698608,161750
12,648,250,-161.7517852783203,-0.647007167339325,11.31921100616455,0.7438958287239075,162000
12,649,250,-126.6630630493164,-0.5066522359848022,13.093585014343262,0.7434999942779541,162250
12,650,250,-55.97154235839844,-0.2238861620426178,11.636802673339844,0.7431041598320007,162500
12,651,250,-98.32991027832031,-0.39331963658332825,11.5026273727417,0.7427083253860474,162750
12,652,250,-99.77578735351562,-0.3991031348705292,11.120333671569824,0.742312490940094,163000
12,653,250,-119.88011932373047,-0.4795204699039459,13.33926010131836,0.7419166564941406,163250
12,654,250,-123.4560775756836,-0.493824303150177,12.077614784240723,0.7415208220481873,163500
12,655,250,-111.26313781738281,-0.4450525641441345,11.672389030456543,0.7411249876022339,163750
12,656,250,-96.57587432861328,-0.38630348443984985,11.228340148925781,0.7407291531562805,164000
12,657,250,-205.1460723876953,-0.8205842971801758,13.487298011779785,0.7403333187103271,164250
12,658,250,-51.52627944946289,-0.20610511302947998,12.383940696716309,0.7399374842643738,164500
12,659,250,-33.31074905395508,-0.13324299454689026,12.111329078674316,0.7395416498184204,164750
12,660,250,-125.76998901367188,-0.5030799508094788,11.659406661987305,0.7391458749771118,165000
12,661,250,-51.659263610839844,-0.20663705468177795,13.250699043273926,0.7387499809265137,165250
12,662,250,-86.2742919921875,-0.345097154378891,12.970857620239258,0.7383542060852051,165500
12,663,250,-155.32980346679688,-0.6213192343711853,12.362492561340332,0.7379583120346069,165750
12,664,250,-47.023258209228516,-0.18809303641319275,12.337252616882324,0.7375625371932983,166000
12,665,250,-135.83917236328125,-0.543356716632843,13.948318481445312,0.7371666431427002,166250
12,666,250,-316.24212646484375,-1.2649685144424438,12.918974876403809,0.7367708683013916,166500
12,667,250,-131.31405639648438,-0.5252562165260315,12.539936065673828,0.7363749742507935,166750
12,668,250,-99.6793441772461,-0.39871737360954285,12.570737838745117,0.7359791994094849,167000
12,669,250,-215.77484130859375,-0.8630993366241455,14.328625679016113,0.7355833053588867,167250
12,670,250,-122.82928466796875,-0.49131715297698975,12.92728042602539,0.7351875305175781,167500
12,671,250,-113.02356719970703,-0.45209425687789917,12.680828094482422,0.73479163646698,167750
12,672,250,-170.5714111328125,-0.6822856664657593,12.514863014221191,0.7343958616256714,168000
12,673,250,-57.548187255859375,-0.23019275069236755,13.988014221191406,0.7339999675750732,168250
12,674,250,-233.1527099609375,-0.9326108694076538,13.636162757873535,0.7336041927337646,168500
12,675,250,-70.49913024902344,-0.2819965183734894,13.031991958618164,0.7332082986831665,168750
12,676,250,-170.7342529296875,-0.6829370260238647,12.943142890930176,0.7328125238418579,169000
12,677,250,-192.2028045654297,-0.7688112258911133,14.143874168395996,0.7324166297912598,169250
12,678,250,-133.88473510742188,-0.535538911819458,13.365315437316895,0.7320208549499512,169500
12,679,250,-36.227657318115234,-0.14491063356399536,13.229355812072754,0.731624960899353,169750
12,680,250,-146.7002716064453,-0.5868011116981506,12.811321258544922,0.7312291860580444,170000
12,681,250,-186.6993865966797,-0.7467975616455078,14.529178619384766,0.7308333516120911,170250
12,682,250,141.87783813476562,0.5675113797187805,13.766289710998535,0.7304375171661377,170500
12,683,250,-209.111572265625,-0.8364462852478027,13.21223258972168,0.7300416827201843,170750
12,684,250,-185.1403045654297,-0.7405612468719482,13.106329917907715,0.729645848274231,171000
12,685,250,-242.642822265625,-0.9705712795257568,14.395051002502441,0.7292500138282776,171250
12,686,250,-167.74240112304688,-0.6709696054458618,13.254386901855469,0.7288541793823242,171500
12,687,250,-86.03284454345703,-0.34413138031959534,13.173526763916016,0.7284583449363708,171750
12,688,250,-86.22193908691406,-0.34488776326179504,12.67293643951416,0.7280625104904175,172000
12,689,250,-123.70957946777344,-0.49483832716941833,14.025550842285156,0.7276666760444641,172250
12,690,250,-107.689697265625,-0.4307587742805481,13.420889854431152,0.7272708415985107,172500
12,691,250,-78.57537078857422,-0.3143014907836914,13.20248794555664,0.7268750071525574,172750
12,692,250,-70.6772232055664,-0.28270888328552246,12.4342679977417,0.726479172706604,173000
12,693,250,-264.97052001953125,-1.0598820447921753,14.137680053710938,0.7260833382606506,173250
12,694,250,-257.19415283203125,-1.0287766456604004,13.282249450683594,0.7256875038146973,173500
12,695,250,-104.68890380859375,-0.4187556207180023,13.195292472839355,0.7252916693687439,173750
12,696,250,-90.89861297607422,-0.3635944426059723,12.547009468078613,0.7248958349227905,174000
12,697,250,-201.27630615234375,-0.8051052093505859,14.46630573272705,0.7245000004768372,174250
12,698,250,16.215476989746094,0.06486190855503082,13.290823936462402,0.7241041660308838,174500
12,699,250,-14.32186222076416,-0.05728744715452194,12.756328582763672,0.7237083315849304,174750
12,700,250,14.082160949707031,0.05632864311337471,12.482647895812988,0.723312497138977,175000
12,701,250,-211.46334838867188,-0.8458533883094788,14.019184112548828,0.7229167222976685,175250
12,702,250,-105.29145812988281,-0.4211658239364624,13.208687782287598,0.7225208282470703,175500
12,703,250,-180.2750244140625,-0.7211000919342041,13.1032133102417,0.7221250534057617,175750
12,704,250,-34.11879348754883,-0.13647517561912537,12.823009490966797,0.7217291593551636,176000
12,705,250,-96.10774993896484,-0.38443100452423096,13.832286834716797,0.721333384513855,176250
12,706,250,-108.50079345703125,-0.43400317430496216,13.073213577270508,0.7209374904632568,176500
12,707,250,-170.26654052734375,-0.6810661554336548,12.503993034362793,0.7205417156219482,176750
12,708,250,-157.3699188232422,-0.6294796466827393,12.051993370056152,0.7201458215713501,177000
12,709,250,126.77178955078125,0.5070871710777283,13.886087417602539,0.7197500467300415,177250
12,710,250,14.77613353729248,0.05910453572869301,12.625348091125488,0.7193541526794434,177500
12,711,250,-116.82073974609375,-0.4672829508781433,12.374122619628906,0.7189583778381348,177750
12,712,250,-101.46894073486328,-0.4058757722377777,11.603316307067871,0.7185624837875366,178000
12,713,250,-86.14884948730469,-0.34459540247917175,13.811784744262695,0.718166708946228,178250
12,714,250,-229.5411834716797,-0.9181647300720215,12.901611328125,0.7177708148956299,178500
12,715,250,-177.08848571777344,-0.7083539366722107,12.25343132019043,0.7173749804496765,178750
12,716,250,-101.07176208496094,-0.40428704023361206,11.889913558959961,0.7169791460037231,179000
12,717,250,-41.448265075683594,-0.1657930612564087,14.102076530456543,0.7165833115577698,179250
12,718,250,-209.09030151367188,-0.8363612294197083,12.832624435424805,0.7161874771118164,179500
12,719,250,-171.05032348632812,-0.6842013001441956,11.977054595947266,0.7157917022705078,179750
12,720,250,-67.62056732177734,-0.27048227190971375,11.739241600036621,0.7153958082199097,180000
12,721,250,-168.71502685546875,-0.6748601198196411,14.21657657623291,0.7150000333786011,180250
12,722,250,-159.5338592529297,-0.6381354331970215,13.077932357788086,0.7146041393280029,180500
12,723,250,-124.80226135253906,-0.49920904636383057,11.843259811401367,0.7142083644866943,180750
12,724,250,-106.38719940185547,-0.425548791885376,12.380875587463379,0.7138124704360962,181000
12,725,250,-136.2953338623047,-0.5451813340187073,14.097772598266602,0.7134166955947876,181250
12,726,250,-124.8100814819336,-0.49924033880233765,12.755156517028809,0.7130208015441895,181500
12,727,250,-174.7734375,-0.699093759059906,12.656599044799805,0.7126250267028809,181750
12,728,250,-87.85472106933594,-0.3514188826084137,12.380499839782715,0.7122291326522827,182000
12,729,250,-95.60479736328125,-0.3824191987514496,14.78250789642334,0.7118333578109741,182250
12,730,250,-166.4981689453125,-0.6659926772117615,13.772805213928223,0.711437463760376,182500
12,731,250,-118.97200775146484,-0.47588804364204407,13.282304763793945,0.7110416889190674,182750
12,732,250,-44.522525787353516,-0.17809011042118073,13.190964698791504,0.7106457948684692,183000
12,733,250,-139.3417205810547,-0.5573669075965881,15.291230201721191,0.7102500200271606,183250
12,734,250,-162.1859588623047,-0.6487438082695007,14.070662498474121,0.7098541259765625,183500
12,735,250,-121.87435913085938,-0.4874974489212036,13.855706214904785,0.7094583511352539,183750
12,736,250,-123.77799224853516,-0.49511197209358215,13.382351875305176,0.7090624570846558,184000
12,737,250,-55.277549743652344,-0.22111019492149353,16.254554748535156,0.7086666822433472,184250
12,738,250,-134.56082153320312,-0.538243293762207,15.081878662109375,0.708270788192749,184500
12,739,250,-202.59896850585938,-0.8103958964347839,14.311219215393066,0.7078750133514404,184750
12,740,250,21.95209503173828,0.08780837804079056,13.632528305053711,0.7074791789054871,185000
12,741,250,-137.81991577148438,-0.5512796640396118,16.496509552001953,0.7070833444595337,185250
12,742,250,-143.66357421875,-0.5746542811393738,15.501456260681152,0.7066875100135803,185500
12,743,250,-91.27333068847656,-0.36509332060813904,14.830940246582031,0.706291675567627,185750
12,744,250,-262.52496337890625,-1.0500998497009277,14.596467018127441,0.7058958411216736,186000
12,745,250,-157.85740661621094,-0.6314296126365662,16.360427856445312,0.7055000066757202,186250
12,746,250,-88.6104507446289,-0.3544417917728424,15.708626747131348,0.7051041722297668,186500
12,747,250,-57.25518798828125,-0.22902074456214905,15.094718933105469,0.7047083377838135,186750
12,748,250,-106.89987182617188,-0.4275994896888733,14.339188575744629,0.7043125033378601,187000
12,749,250,-330.5671691894531,-1.3222687244415283,17.230133056640625,0.7039166688919067,187250
12,750,250,-164.37294006347656,-0.6574917435646057,15.13300895690918,0.7035208344459534,187500
12,751,250,-64.34877014160156,-0.25739508867263794,15.55001163482666,0.703125,187750
12,752,250,-173.64706420898438,-0.6945882439613342,15.403655052185059,0.7027291655540466,188000
12,753,250,-130.45880126953125,-0.521835207939148,16.660715103149414,0.7023333311080933,188250
12,754,250,-106.30380249023438,-0.4252152144908905,15.70201301574707,0.7019374966621399,188500
12,755,250,-174.5491485595703,-0.6981965899467468,15.631091117858887,0.7015416622161865,188750
12,756,250,-144.9012451171875,-0.579604983329773,15.380899429321289,0.7011458277702332,189000
12,757,250,-110.12989807128906,-0.4405196011066437,16.926284790039062,0.7007499933242798,189250
12,758,250,-150.03729248046875,-0.6001491546630859,16.589792251586914,0.7003541588783264,189500
12,759,250,-65.90440368652344,-0.263617604970932,15.650918960571289,0.699958324432373,189750
12,760,250,-160.6246795654297,-0.6424987316131592,15.483881950378418,0.6995625495910645,190000
12,761,250,-79.03430938720703,-0.3161372244358063,17.837011337280273,0.6991666555404663,190250
12,762,250,-140.40994262695312,-0.5616397857666016,16.897178649902344,0.6987708806991577,190500
12,763,250,-42.0629997253418,-0.16825200617313385,16.611207962036133,0.6983749866485596,190750
12,764,250,-126.1791763305664,-0.504716694355011,16.04216194152832,0.697979211807251,191000
12,765,250,-71.37580871582031,-0.28550323843955994,17.968523025512695,0.6975833177566528,191250
12,766,250,-81.50300598144531,-0.3260120153427124,17.047624588012695,0.6971875429153442,191500
12,767,250,-101.01435852050781,-0.40405744314193726,16.54305648803711,0.6967916488647461,191750
12,768,250,-179.69869995117188,-0.7187948226928711,16.22097396850586,0.6963958740234375,192000
12,769,250,-24.39037322998047,-0.09756149351596832,18.103410720825195,0.6959999799728394,192250
12,770,250,-61.093666076660156,-0.24437466263771057,16.7491397857666,0.6956042051315308,192500
12,771,250,-73.22218322753906,-0.29288873076438904,16.037696838378906,0.6952083110809326,192750
12,772,250,-120.61143493652344,-0.48244574666023254,16.0850887298584,0.694812536239624,193000
12,773,250,-46.62012481689453,-0.18648049235343933,18.111572265625,0.6944166421890259,193250
12,774,250,-65.98858642578125,-0.2639543414115906,16.522586822509766,0.6940208673477173,193500
12,775,250,-206.12977600097656,-0.8245190978050232,16.93452262878418,0.6936249732971191,193750
12,776,250,-85.19136810302734,-0.34076547622680664,15.994283676147461,0.6932291984558105,194000
12,777,250,-28.059616088867188,-0.11223846673965454,18.80461883544922,0.6928333044052124,194250
12,778,250,-147.14903259277344,-0.5885961055755615,17.74423599243164,0.6924375295639038,194500
12,779,250,-72.03529357910156,-0.2881411612033844,17.15100860595703,0.6920416951179504,194750
12,780,250,-105.85408020019531,-0.4234163165092468,16.61322021484375,0.6916458606719971,195000
12,781,250,-138.00485229492188,-0.5520194172859192,18.508745193481445,0.6912500262260437,195250
12,782,250,-155.2432861328125,-0.6209731698036194,17.993732452392578,0.6908541917800903,195500
12,783,250,-108.28148651123047,-0.43312594294548035,16.865055084228516,0.690458357334137,195750
12,784,250,-81.58501434326172,-0.32634004950523376,17.518268585205078,0.6900625228881836,196000
12,785,250,-104.5374755859375,-0.4181498885154724,19.023143768310547,0.6896666884422302,196250
12,786,250,-265.7483825683594,-1.0629935264587402,18.105932235717773,0.6892708539962769,196500
12,787,250,-189.26632690429688,-0.7570652961730957,17.700040817260742,0.6888750195503235,196750
12,788,250,-196.5072021484375,-0.7860288023948669,17.08148765563965,0.6884791851043701,197000
12,789,250,-120.10429382324219,-0.4804171621799469,19.06587028503418,0.688083291053772,197250
12,790,250,-136.09381103515625,-0.5443752408027649,18.081153869628906,0.6876875162124634,197500
12,791,250,-147.16525268554688,-0.5886610150337219,17.322351455688477,0.6872916221618652,197750
12,792,250,-109.9502944946289,-0.4398011863231659,17.727222442626953,0.6868958473205566,198000
12,793,250,-82.56867218017578,-0.33027470111846924,19.059791564941406,0.6864999532699585,198250
12,794,250,-98.77151489257812,-0.39508605003356934,18.213109970092773,0.6861041784286499,198500
12,795,250,-133.4476776123047,-0.5337907075881958,18.184480667114258,0.6857082843780518,198750
12,796,250,-173.76036071777344,-0.6950414180755615,17.1586971282959,0.6853125095367432,199000
12,797,250,-148.47340393066406,-0.5938935875892639,19.273225784301758,0.684916615486145,199250
12,798,250,-102.52153778076172,-0.41008615493774414,17.756479263305664,0.6845208406448364,199500
12,799,250,-180.7866668701172,-0.7231466770172119,17.81600570678711,0.6841250061988831,199750
12,800,250,-94.91521453857422,-0.37966084480285645,18.0141544342041,0.6837291717529297,200000
12,801,250,-98.01948547363281,-0.3920779526233673,19.667024612426758,0.6833333373069763,200250
12,802,250,-78.33563232421875,-0.31334254145622253,17.812379837036133,0.682937502861023,200500
12,803,250,-133.71546936035156,-0.5348618626594543,17.807594299316406,0.6825416684150696,200750
12,804,250,-59.35980987548828,-0.23743924498558044,17.773971557617188,0.6821458339691162,201000
12,805,250,-234.1988067626953,-0.9367952346801758,19.89087677001953,0.6817499995231628,201250
12,806,250,-238.74244689941406,-0.9549697637557983,18.156648635864258,0.6813541650772095,201500
12,807,250,-132.9198760986328,-0.5316795110702515,17.30276870727539,0.6809583306312561,201750
12,808,250,-145.46226501464844,-0.5818490386009216,17.20948028564453,0.6805624961853027,202000
12,809,250,-76.52439880371094,-0.3060975968837738,19.059749603271484,0.6801666617393494,202250
12,810,250,-86.98876953125,-0.3479550778865814,17.976036071777344,0.679770827293396,202500
12,811,250,-327.1319274902344,-1.3085277080535889,18.43167495727539,0.6793749928474426,202750
12,812,250,-114.06583404541016,-0.45626333355903625,17.660097122192383,0.6789791584014893,203000
12,813,250,-134.87966918945312,-0.5395186543464661,19.666078567504883,0.6785833239555359,203250
12,814,250,-126.64018249511719,-0.506560742855072,17.964427947998047,0.6781874895095825,203500
12,815,250,-54.297698974609375,-0.21719080209732056,17.812965393066406,0.6777916550636292,203750
12,816,250,-185.54779052734375,-0.7421911358833313,17.87466049194336,0.6773958206176758,204000
12,817,250,-31.159671783447266,-0.12463868409395218,18.370859146118164,0.6769999861717224,204250
12,818,250,-120.77468872070312,-0.48309874534606934,18.09716796875,0.676604151725769,204500
12,819,250,-172.77316284179688,-0.6910926699638367,18.795963287353516,0.6762083768844604,204750
12,820,250,-120.24573516845703,-0.4809829294681549,18.035961151123047,0.6758124828338623,205000
12,821,250,-118.11860656738281,-0.47247442603111267,19.340591430664062,0.6754167079925537,205250
12,822,250,-118.00662994384766,-0.472026526927948,18.756969451904297,0.6750208139419556,205500
12,823,250,-108.27053833007812,-0.4330821633338928,17.901052474975586,0.674625039100647,205750
12,824,250,-267.0442199707031,-1.0681768655776978,17.512800216674805,0.6742291450500488,206000
12,825,250,78.6329345703125,0.31453174352645874,19.31886100769043,0.6738333702087402,206250
12,826,250,-41.06019973754883,-0.1642407923936844,18.34014320373535,0.6734374761581421,206500
12,827,250,-59.43571853637695,-0.23774287104606628,18.951175689697266,0.6730417013168335,206750
12,828,250,-9.145622253417969,-0.03658248856663704,18.584232330322266,0.6726458072662354,207000
12,829,250,-139.237548828125,-0.5569502115249634,19.81977653503418,0.6722500324249268,207250
12,830,250,-66.89250946044922,-0.26757004857063293,19.66121482849121,0.6718541383743286,207500
12,831,250,-40.97542190551758,-0.163901686668396,18.577070236206055,0.67145836353302,207750
12,832,250,-7.543849468231201,-0.03017539717257023,19.419809341430664,0.6710624694824219,208000
12,833,250,-74.36758422851562,-0.2974703311920166,19.950992584228516,0.6706666946411133,208250
12,834,250,-37.74205780029297,-0.15096822381019592,19.022802352905273,0.6702708005905151,208500
12,835,250,-63.991146087646484,-0.25596457719802856,18.76511001586914,0.6698750257492065,208750
12,836,250,-124.34083557128906,-0.4973633289337158,19.552494049072266,0.6694791316986084,209000
12,837,250,-92.20345306396484,-0.36881381273269653,21.714458465576172,0.6690833568572998,209250
12,838,250,-79.71871948242188,-0.31887486577033997,20.535146713256836,0.6686875224113464,209500
12,839,250,-104.60857391357422,-0.4184342920780182,19.490324020385742,0.6682916879653931,209750
12,840,250,-59.728458404541016,-0.23891383409500122,19.694778442382812,0.6678958535194397,210000
12,841,250,46.590572357177734,0.18636229634284973,21.727067947387695,0.6675000190734863,210250
12,842,250,-232.60719299316406,-0.9304287433624268,20.43489646911621,0.667104184627533,210500
12,843,250,-125.1971435546875,-0.5007885694503784,20.30808448791504,0.6667083501815796,210750
12,844,250,-90.17008972167969,-0.36068037152290344,20.353483200073242,0.6663125157356262,211000
12,845,250,-45.525177001953125,-0.18210071325302124,21.834308624267578,0.6659166812896729,211250
12,846,250,-116.88330078125,-0.4675332009792328,21.06951904296875,0.6655208468437195,211500
12,847,250,-50.91346740722656,-0.20365387201309204,20.9274959564209,0.6651250123977661,211750
12,848,250,-117.84649658203125,-0.47138598561286926,20.49732208251953,0.6647291779518127,212000
12,849,250,-58.58344268798828,-0.23433376848697662,22.034873962402344,0.6643333435058594,212250
12,850,250,-81.6057357788086,-0.32642292976379395,21.82415008544922,0.663937509059906,212500
12,851,250,-36.197120666503906,-0.1447884887456894,21.005826950073242,0.6635416746139526,212750
12,852,250,-117.53294372558594,-0.4701317846775055,20.676267623901367,0.6631458401679993,213000
12,853,250,-10.95219898223877,-0.043808795511722565,22.558673858642578,0.6627500057220459,213250
12,854,250,-247.3760223388672,-0.9895040988922119,20.91300392150879,0.6623541712760925,213500
12,855,250,-87.9111557006836,-0.3516446352005005,20.899635314941406,0.6619583368301392,213750
12,856,250,-90.45792388916016,-0.3618316948413849,21.356483459472656,0.6615625023841858,214000
12,857,250,-103.22341918945312,-0.412893682718277,23.41120147705078,0.6611666679382324,214250
12,858,250,-156.62109375,-0.6264843940734863,21.604618072509766,0.6607708930969238,214500
12,859,250,-151.2519989013672,-0.6050080060958862,21.65683364868164,0.6603749990463257,214750
12,860,250,-119.34652709960938,-0.47738611698150635,21.59975242614746,0.6599792242050171,215000
12,861,250,-134.2657012939453,-0.5370628237724304,22.233308792114258,0.659583330154419,215250
12,862,250,-32.37675094604492,-0.12950700521469116,22.37767219543457,0.6591875553131104,215500
12,863,250,-101.27641296386719,-0.4051056504249573,21.25719451904297,0.6587916612625122,215750
12,864,250,-57.085723876953125,-0.22834289073944092,21.70690155029297,0.6583958268165588,216000
12,865,250,-15.924367904663086,-0.06369747221469879,21.969186782836914,0.6579999923706055,216250
12,866,250,-69.84154510498047,-0.2793661952018738,22.295978546142578,0.6576041579246521,216500
12,867,250,-151.09600830078125,-0.6043840050697327,22.23569107055664,0.6572083234786987,216750
12,868,250,-60.38737487792969,-0.2415495067834854,22.17831802368164,0.6568124890327454,217000
12,869,250,-115.1285171508789,-0.4605140686035156,22.927833557128906,0.656416654586792,217250
12,870,250,-34.805641174316406,-0.13922256231307983,22.93517303466797,0.6560208201408386,217500
12,871,250,-86.3768081665039,-0.3455072343349457,21.462068557739258,0.6556249856948853,217750
12,872,250,-115.54722595214844,-0.4621888995170593,21.12318229675293,0.6552291512489319,218000
12,873,250,3.7567851543426514,0.015027140267193317,22.757265090942383,0.6548333168029785,218250
12,874,250,-46.774696350097656,-0.18709878623485565,23.24648666381836,0.6544374823570251,218500
12,875,250,-82.28140258789062,-0.32912561297416687,22.237890243530273,0.6540416479110718,218750
12,876,250,-63.292015075683594,-0.2531680464744568,22.163766860961914,0.6536458134651184,219000
12,877,250,-105.60016632080078,-0.42240065336227417,24.03406524658203,0.653249979019165,219250
12,878,250,66.13805389404297,0.26455220580101013,22.9859561920166,0.6528542041778564,219500
12,879,250,-113.27576446533203,-0.45310306549072266,22.097549438476562,0.6524583101272583,219750
12,880,250,-127.84795379638672,-0.511391818523407,21.99667739868164,0.6520625352859497,220000
12,881,250,-102.47620391845703,-0.409904807806015,23.387470245361328,0.6516666412353516,220250
12,882,250,-111.37306213378906,-0.4454922378063202,22.876596450805664,0.651270866394043,220500
12,883,250,-124.88700103759766,-0.4995480179786682,22.106569290161133,0.6508749723434448,220750
12,884,250,-49.208290100097656,-0.19683316349983215,22.540767669677734,0.6504791975021362,221000
12,885,250,-22.814661026000977,-0.09125864505767822,24.244335174560547,0.6500833034515381,221250
12,886,250,-57.5102424621582,-0.23004096746444702,23.509260177612305,0.6496875286102295,221500
12,887,250,-79.32586669921875,-0.31730347871780396,22.314781188964844,0.6492916345596313,221750
12,888,250,-35.23243713378906,-0.14092974364757538,22.909753799438477,0.6488958597183228,222000
12,889,250,-77.52423858642578,-0.31009694933891296,24.350725173950195,0.6484999656677246,222250
12,890,250,-126.32195281982422,-0.5052878260612488,23.193758010864258,0.648104190826416,222500
12,891,250,-10.396241188049316,-0.04158496484160423,24.009353637695312,0.6477082967758179,222750
12,892,250,-150.95040893554688,-0.6038016080856323,22.45492172241211,0.6473125219345093,223000
12,893,250,-147.3084259033203,-0.5892336964607239,24.628177642822266,0.6469166278839111,223250
12,894,250,-66.00054168701172,-0.2640021741390228,24.347217559814453,0.6465208530426025,223500
12,895,250,-94.47965240478516,-0.3779186010360718,23.118860244750977,0.6461249589920044,223750
12,896,250,-113.24708557128906,-0.4529883563518524,23.2581787109375,0.6457291841506958,224000
12,897,250,-78.98799896240234,-0.31595200300216675,24.91879653930664,0.6453333497047424,224250
12,898,250,-129.9170379638672,-0.5196681618690491,24.195764541625977,0.6449375152587891,224500
12,899,250,-166.75680541992188,-0.6670272350311279,23.67308235168457,0.6445416808128357,224750
12,900,250,-57.309288024902344,-0.2292371541261673,23.587169647216797,0.6441458463668823,225000
12,901,250,-93.19773864746094,-0.37279096245765686,25.14712905883789,0.643750011920929,225250
12,902,250,-164.39112854003906,-0.6575645208358765,24.775917053222656,0.6433541774749756,225500
12,903,250,-99.09343719482422,-0.3963737487792969,24.88945198059082,0.6429583430290222,225750
12,904,250,-119.92842864990234,-0.47971370816230774,23.293180465698242,0.6425625085830688,226000
12,905,250,-100.51408386230469,-0.40205633640289307,26.445743560791016,0.6421666741371155,226250
12,906,250,-65.29939270019531,-0.261197566986084,24.808855056762695,0.6417708396911621,226500
12,907,250,-148.7590789794922,-0.5950363278388977,24.89284324645996,0.6413750052452087,226750
12,908,250,-101.48656463623047,-0.4059462547302246,24.714401245117188,0.6409791707992554,227000
12,909,250,-59.007545471191406,-0.23603017628192902,26.13462257385254,0.640583336353302,227250
12,910,250,-145.95225524902344,-0.5838090181350708,24.6542911529541,0.6401875019073486,227500
12,911,250,-130.224365234375,-0.5208974480628967,25.082904815673828,0.6397916674613953,227750
12,912,250,-161.41505432128906,-0.6456602215766907,24.690397262573242,0.6393958330154419,228000
12,913,250,-28.972797393798828,-0.11589118838310242,25.414546966552734,0.6389999985694885,228250
12,914,250,-200.9856414794922,-0.8039425611495972,25.14127540588379,0.6386041641235352,228500
12,915,250,-234.91905212402344,-0.9396762251853943,24.59056854248047,0.6382083296775818,228750
12,916,250,-134.54769897460938,-0.5381907820701599,24.260730743408203,0.6378124952316284,229000
12,917,250,-159.0835723876953,-0.6363343000411987,26.32135581970215,0.6374167203903198,229250
12,918,250,-121.99173736572266,-0.48796695470809937,23.972707748413086,0.6370208263397217,229500
12,919,250,-68.40515899658203,-0.2736206352710724,24.243404388427734,0.6366250514984131,229750
12,920,250,-158.8502960205078,-0.63540118932724,23.847736358642578,0.6362291574478149,230000
12,921,250,-68.12577056884766,-0.2725030779838562,25.113033294677734,0.6358333826065063,230250
12,922,250,-80.76521301269531,-0.3230608403682709,23.82176399230957,0.6354374885559082,230500
12,923,250,-112.06424713134766,-0.4482569992542267,24.096853256225586,0.6350417137145996,230750
12,924,250,-125.52685546875,-0.5021074414253235,22.22188377380371,0.6346458196640015,231000
12,925,250,-40.65260696411133,-0.16261042654514313,25.562278747558594,0.6342500448226929,231250
12,926,250,-73.4547348022461,-0.29381895065307617,24.704849243164062,0.6338541507720947,231500
12,927,250,-99.97406005859375,-0.3998962342739105,23.472230911254883,0.6334583759307861,231750
12,928,250,-183.30865478515625,-0.7332346439361572,23.68822479248047,0.633062481880188,232000
12,929,250,-101.16644287109375,-0.4046657681465149,25.44340705871582,0.6326667070388794,232250
12,930,250,-90.21498107910156,-0.3608599305152893,24.292896270751953,0.6322708129882812,232500
12,931,250,-110.1845474243164,-0.4407382011413574,23.582763671875,0.6318750381469727,232750
12,932,250,-85.70214080810547,-0.3428085744380951,23.254920959472656,0.6314791440963745,233000
12,933,250,-69.41177368164062,-0.27764710783958435,24.962425231933594,0.6310833692550659,233250
12,934,250,-12.635293006896973,-0.05054117366671562,25.14783477783203,0.6306874752044678,233500
12,935,250,-97.97904968261719,-0.3919161856174469,24.104480743408203,0.6302917003631592,233750
12,936,250,-104.7280044555664,-0.41891202330589294,23.964801788330078,0.6298958659172058,234000
12,937,250,-98.5994873046875,-0.39439794421195984,25.927112579345703,0.6295000314712524,234250
12,938,250,-89.0937728881836,-0.3563750982284546,24.985427856445312,0.6291041970252991,234500
12,939,250,-147.3536376953125,-0.5894145369529724,24.686447143554688,0.6287083625793457,234750
12,940,250,61.67239761352539,0.2466895878314972,24.755823135375977,0.6283124685287476,235000
12,941,250,-70.57384490966797,-0.2822953760623932,24.801105499267578,0.627916693687439,235250
12,942,250,-113.68429565429688,-0.45473718643188477,24.787372589111328,0.6275207996368408,235500
12,943,250,-92.6339340209961,-0.3705357313156128,23.905872344970703,0.6271250247955322,235750
12,944,250,-184.15733337402344,-0.73662930727005,24.463581085205078,0.6267291307449341,236000
12,945,250,-85.42645263671875,-0.3417057991027832,25.482097625732422,0.6263333559036255,236250
12,946,250,-35.08106994628906,-0.14032427966594696,23.94408416748047,0.6259374618530273,236500
12,947,250,-59.25346374511719,-0.23701386153697968,24.675302505493164,0.6255416870117188,236750
12,948,250,-78.78107452392578,-0.3151243031024933,23.64893341064453,0.6251457929611206,237000
12,949,250,-81.56566619873047,-0.3262626528739929,26.0048828125,0.624750018119812,237250
12,950,250,-9.86771011352539,-0.039470840245485306,24.7648983001709,0.6243541240692139,237500
12,951,250,-49.31028366088867,-0.19724112749099731,25.339019775390625,0.6239583492279053,237750
12,952,250,-103.40454864501953,-0.41361820697784424,23.452096939086914,0.6235624551773071,238000
12,953,250,-69.45087432861328,-0.277803510427475,26.9245548248291,0.6231666803359985,238250
12,954,250,-67.91133880615234,-0.27164536714553833,25.440753936767578,0.6227707862854004,238500
12,955,250,-74.03278350830078,-0.2961311340332031,25.110679626464844,0.6223750114440918,238750
12,956,250,-51.277305603027344,-0.20510922372341156,25.361799240112305,0.6219791769981384,239000
12,957,250,-85.42637634277344,-0.3417055010795593,26.593950271606445,0.6215833425521851,239250
12,958,250,-3.434067964553833,-0.013736272230744362,25.439247131347656,0.6211875081062317,239500
12,959,250,-98.10317993164062,-0.3924127221107483,25.08283233642578,0.6207916736602783,239750
12,960,250,-70.96684265136719,-0.28386735916137695,24.908437728881836,0.620395839214325,240000
12,961,250,-116.32067108154297,-0.465282678604126,26.362503051757812,0.6200000047683716,240250
12,962,250,-134.67230224609375,-0.5386891961097717,25.977014541625977,0.6196041703224182,240500
12,963,250,-7.6693949699401855,-0.03067757934331894,25.3114013671875,0.6192083358764648,240750
12,964,250,-113.35035705566406,-0.4534014165401459,25.52741241455078,0.6188125014305115,241000
12,965,250,-74.11136627197266,-0.29644545912742615,26.676319122314453,0.6184166669845581,241250
12,966,250,-63.28578567504883,-0.2531431317329407,25.473934173583984,0.6180208325386047,241500
12,967,250,-60.666847229003906,-0.24266739189624786,25.80371856689453,0.6176249980926514,241750
12,968,250,-98.00392150878906,-0.3920156955718994,25.067340850830078,0.617229163646698,242000
12,969,250,-128.11378479003906,-0.5124551653862,25.6195125579834,0.6168333292007446,242250
12,970,250,-45.32585906982422,-0.18130344152450562,25.555400848388672,0.6164374947547913,242500
12,971,250,-56.66353225708008,-0.22665412724018097,25.330965042114258,0.6160416603088379,242750
12,972,250,-5.043914794921875,-0.020175660029053688,26.245807647705078,0.6156458258628845,243000
12,973,250,-43.03248596191406,-0.17212994396686554,26.603063583374023,0.6152499914169312,243250
12,974,250,-51.95921325683594,-0.20783685147762299,26.69551658630371,0.6148541569709778,243500
12,975,250,-16.32646369934082,-0.06530585139989853,25.8533878326416,0.6144583225250244,243750
12,976,250,-37.446449279785156,-0.14978580176830292,25.39558219909668,0.6140625476837158,244000
12,977,250,50.426151275634766,0.20170460641384125,27.148574829101562,0.6136666536331177,244250
12,978,250,-101.80838775634766,-0.4072335362434387,26.25254249572754,0.6132708787918091,244500
12,979,250,-117.71837615966797,-0.47087350487709045,26.753713607788086,0.6128749847412109,244750
12,980,250,-13.380955696105957,-0.053523823618888855,25.837099075317383,0.6124792098999023,245000
12,981,250,-22.385873794555664,-0.08954349160194397,26.848543167114258,0.6120833158493042,245250
12,982,250,-187.13677978515625,-0.7485471367835999,26.158641815185547,0.6116875410079956,245500
12,983,250,-45.458824157714844,-0.18183529376983643,25.740928649902344,0.6112916469573975,245750
12,984,250,-54.722843170166016,-0.21889136731624603,25.187299728393555,0.6108958721160889,246000
12,985,250,-43.74461364746094,-0.17497844994068146,26.058168411254883,0.6104999780654907,246250
12,986,250,-114.24964904785156,-0.4569985866546631,26.310691833496094,0.6101042032241821,246500
12,987,250,-12.512951850891113,-0.05005180835723877,25.97991371154785,0.609708309173584,246750
12,988,250,-55.259910583496094,-0.22103963792324066,25.872652053833008,0.6093125343322754,247000
12,989,250,-112.45304107666016,-0.4498121738433838,26.955368041992188,0.6089166402816772,247250
12,990,250,-86.63746643066406,-0.3465498685836792,26.23837661743164,0.6085208654403687,247500
12,991,250,-59.26700973510742,-0.2370680421590805,25.78032875061035,0.6081249713897705,247750
12,992,250,-118.34292602539062,-0.4733717143535614,25.102258682250977,0.6077291965484619,248000
12,993,250,-98.01163482666016,-0.3920465409755707,26.371519088745117,0.6073333024978638,248250
12,994,250,-104.20722198486328,-0.4168289005756378,25.964075088500977,0.6069375276565552,248500
12,995,250,-93.78193664550781,-0.37512773275375366,25.17344093322754,0.6065416932106018,248750
12,996,250,56.83470153808594,0.22733880579471588,24.917821884155273,0.6061458587646484,249000
12,997,250,-105.48633575439453,-0.42194533348083496,26.318653106689453,0.6057500243186951,249250
12,998,250,-30.628114700317383,-0.12251245975494385,26.52682113647461,0.6053541898727417,249500
12,999,250,-49.09560775756836,-0.19638243317604065,25.64809226989746,0.6049583554267883,249750
12,1000,250,-73.95760345458984,-0.2958304286003113,25.21318244934082,0.604562520980835,250000
12,1001,250,83.84980010986328,0.33539921045303345,26.71481704711914,0.6041666865348816,250250
12,1002,250,-140.14646911621094,-0.5605858564376831,25.708457946777344,0.6037708520889282,250500
12,1003,250,-27.557518005371094,-0.11023007333278656,25.612735748291016,0.6033750176429749,250750
12,1004,250,-95.35768127441406,-0.3814307153224945,25.981050491333008,0.6029791831970215,251000
12,1005,250,-23.346677780151367,-0.093386709690094,26.73666000366211,0.6025833487510681,251250
12,1006,250,-102.01748657226562,-0.4080699384212494,26.1256103515625,0.6021875143051147,251500
12,1007,250,-143.48684692382812,-0.5739473700523376,25.413002014160156,0.6017916798591614,251750
12,1008,250,-84.66710662841797,-0.33866843581199646,25.809890747070312,0.601395845413208,252000
12,1009,250,-66.96537017822266,-0.2678614854812622,27.624887466430664,0.6010000109672546,252250
12,1010,250,-125.70606994628906,-0.5028243064880371,26.183223724365234,0.6006041765213013,252500
12,1011,250,-50.51396179199219,-0.20205584168434143,25.24941635131836,0.6002083420753479,252750
12,1012,250,-83.78468322753906,-0.335138738155365,25.07783317565918,0.5998125076293945,253000
12,1013,250,-111.98465728759766,-0.44793862104415894,25.573993682861328,0.5994166731834412,253250
12,1014,250,-63.92047119140625,-0.2556818723678589,25.400339126586914,0.5990208387374878,253500
12,1015,250,-76.90515899658203,-0.307620644569397,25.15854835510254,0.5986250042915344,253750
12,1016,250,-47.5440788269043,-0.19017630815505981,25.00044059753418,0.598229169845581,254000
12,1017,250,-84.7314224243164,-0.33892568945884705,25.461036682128906,0.5978333353996277,254250
12,1018,250,-123.82211303710938,-0.4952884614467621,24.830833435058594,0.5974375009536743,254500
12,1019,250,-99.45120239257812,-0.39780479669570923,24.81032371520996,0.597041666507721,254750
12,1020,250,-37.6577262878418,-0.1506309062242508,24.995481491088867,0.5966458320617676,255000
12,1021,250,20.37776756286621,0.08151107281446457,25.384618759155273,0.5962499976158142,255250
12,1022,250,-89.5261001586914,-0.358104407787323,24.805809020996094,0.5958541631698608,255500
12,1023,250,-115.34447479248047,-0.461377888917923,25.14107894897461,0.5954583287239075,255750
12,1024,250,-94.54889678955078,-0.378195583820343,24.213260650634766,0.5950624942779541,256000
12,1025,250,52.470252990722656,0.2098810076713562,25.582366943359375,0.5946666598320007,256250
12,1026,250,-126.60546112060547,-0.5064218640327454,24.695093154907227,0.5942708253860474,256500
12,1027,250,-25.048059463500977,-0.10019224137067795,24.30820655822754,0.593874990940094,256750
12,1028,250,-70.09930419921875,-0.2803972065448761,23.764667510986328,0.5934791564941406,257000
12,1029,250,-63.255821228027344,-0.25302329659461975,25.173423767089844,0.5930833220481873,257250
12,1030,250,-127.23474884033203,-0.5089389681816101,23.84688949584961,0.5926874876022339,257500
12,1031,250,-121.62347412109375,-0.48649388551712036,24.02744483947754,0.5922916531562805,257750
12,1032,250,-68.8162841796875,-0.2752651274204254,23.818281173706055,0.5918958187103271,258000
12,1033,250,-62.484840393066406,-0.24993936717510223,24.356908798217773,0.5914999842643738,258250
12,1034,250,-128.8005828857422,-0.5152023434638977,24.08548927307129,0.5911041498184204,258500
12,1035,250,-90.30008697509766,-0.36120036244392395,22.874544143676758,0.5907083749771118,258750
12,1036,250,-170.69161987304688,-0.6827664971351624,23.276573181152344,0.5903124809265137,259000
12,1037,250,-65.7809829711914,-0.26312392950057983,24.325212478637695,0.5899167060852051,259250
12,1038,250,-74.77188873291016,-0.2990875542163849,23.488704681396484,0.5895208120346069,259500
12,1039,250,-56.05976104736328,-0.2242390513420105,23.935453414916992,0.5891250371932983,259750
12,1040,250,-99.83802032470703,-0.3993520736694336,22.429777145385742,0.5887291431427002,260000
12,1041,250,-76.52621459960938,-0.3061048686504364,24.266496658325195,0.5883333683013916,260250
12,1042,250,-13.517057418823242,-0.05406823009252548,23.505353927612305,0.5879374742507935,260500
12,1043,250,-134.8429718017578,-0.539371907711029,23.491352081298828,0.5875416994094849,260750
12,1044,250,-32.007530212402344,-0.12803012132644653,23.080013275146484,0.5871458053588867,261000
12,1045,250,-77.50517272949219,-0.31002068519592285,23.78776741027832,0.5867500305175781,261250
12,1046,250,-137.41526794433594,-0.5496610999107361,23.080196380615234,0.58635413646698,261500
12,1047,250,-181.37399291992188,-0.7254959940910339,23.141132354736328,0.5859583616256714,261750
12,1048,250,-42.53071212768555,-0.17012284696102142,22.57915496826172,0.5855624675750732,262000
12,1049,250,-60.63313674926758,-0.24253255128860474,22.82269859313965,0.5851666927337646,262250
12,1050,250,-86.99629974365234,-0.3479852080345154,22.74854850769043,0.5847707986831665,262500
12,1051,250,-46.10071563720703,-0.18440286815166473,23.05155372619629,0.5843750238418579,262750
12,1052,250,27.191875457763672,0.10876750200986862,22.514795303344727,0.5839791297912598,263000
12,1053,250,-64.72466278076172,-0.25889864563941956,23.035659790039062,0.5835833549499512,263250
12,1054,250,-62.60054016113281,-0.25040215253829956,23.124961853027344,0.5831875205039978,263500
12,1055,250,-69.47759246826172,-0.27791038155555725,21.933691024780273,0.5827916860580444,263750
12,1056,250,-60.24349594116211,-0.24097397923469543,21.935955047607422,0.5823958516120911,264000
12,1057,250,-59.02436828613281,-0.23609746992588043,22.97516632080078,0.5820000171661377,264250
12,1058,250,-60.8931999206543,-0.24357280135154724,22.401185989379883,0.5816041827201843,264500
12,1059,250,-95.53050231933594,-0.3821220099925995,22.50399398803711,0.581208348274231,264750
12,1060,250,-67.29057312011719,-0.26916229724884033,22.025453567504883,0.5808125138282776,265000
12,1061,250,-134.70443725585938,-0.5388177633285522,22.84415054321289,0.5804166793823242,265250
12,1062,250,-109.48805236816406,-0.4379522204399109,21.67339515686035,0.5800208449363708,265500
12,1063,250,-165.09132385253906,-0.6603652834892273,21.263835906982422,0.5796250104904175,265750
12,1064,250,-67.22293853759766,-0.26889175176620483,21.918319702148438,0.5792291760444641,266000
12,1065,250,-51.39585494995117,-0.20558342337608337,21.574485778808594,0.5788333415985107,266250
12,1066,250,-36.09966278076172,-0.14439864456653595,21.396249771118164,0.5784375071525574,266500
12,1067,250,-137.96380615234375,-0.551855206489563,20.8664493560791,0.578041672706604,266750
12,1068,250,-68.81016540527344,-0.2752406597137451,21.187498092651367,0.5776458382606506,267000
12,1069,250,-47.478515625,-0.1899140626192093,21.466819763183594,0.5772500038146973,267250
12,1070,250,-79.80413055419922,-0.3192165195941925,21.13678741455078,0.5768541693687439,267500
12,1071,250,-73.19795227050781,-0.29279181361198425,21.387771606445312,0.5764583349227905,267750
12,1072,250,-49.88360595703125,-0.19953443109989166,20.704591751098633,0.5760625004768372,268000
12,1073,250,-108.44242095947266,-0.43376967310905457,21.735008239746094,0.5756666660308838,268250
12,1074,250,-127.51587677001953,-0.5100635290145874,21.17490577697754,0.5752708911895752,268500
12,1075,250,-92.41342163085938,-0.3696536719799042,21.265405654907227,0.574874997138977,268750
12,1076,250,-69.46699523925781,-0.27786797285079956,20.3454647064209,0.5744792222976685,269000
12,1077,250,-132.52378845214844,-0.5300951600074768,21.12959098815918,0.5740833282470703,269250
12,1078,250,-20.159713745117188,-0.08063885569572449,20.808006286621094,0.5736875534057617,269500
12,1079,250,-74.64482879638672,-0.29857930541038513,20.158109664916992,0.5732916593551636,269750
12,1080,250,-25.316383361816406,-0.10126553475856781,21.1512393951416,0.572895884513855,270000
12,1081,250,46.80021286010742,0.18720084428787231,20.896852493286133,0.5724999904632568,270250
12,1082,250,-146.95635986328125,-0.5878254175186157,21.201190948486328,0.5721042156219482,270500
12,1083,250,-130.83949279785156,-0.5233579874038696,21.19186019897461,0.5717083215713501,270750
12,1084,250,-103.93965911865234,-0.4157586395740509,20.675989151000977,0.5713125467300415,271000
12,1085,250,-189.8672332763672,-0.7594689130783081,21.118310928344727,0.5709166526794434,271250
12,1086,250,-76.8419189453125,-0.3073676824569702,21.489215850830078,0.5705208778381348,271500
12,1087,250,16.58558464050293,0.06634233891963959,20.96379280090332,0.5701249837875366,271750
12,1088,250,-45.08159637451172,-0.18032638728618622,20.794021606445312,0.569729208946228,272000
12,1089,250,-120.58399963378906,-0.48233598470687866,20.728500366210938,0.5693333148956299,272250
12,1090,250,-38.92544937133789,-0.15570180118083954,20.505931854248047,0.5689374804496765,272500
12,1091,250,-52.70802688598633,-0.21083210408687592,20.216644287109375,0.5685416460037231,272750
12,1092,250,-49.13807678222656,-0.1965523064136505,20.598800659179688,0.5681458115577698,273000
12,1093,250,-74.64762878417969,-0.2985905110836029,20.903413772583008,0.5677499771118164,273250
12,1094,250,-99.63601684570312,-0.3985440731048584,21.325336456298828,0.5673542022705078,273500
12,1095,250,-132.3022918701172,-0.5292091965675354,20.869548797607422,0.5669583082199097,273750
12,1096,250,31.28520965576172,0.12514084577560425,20.368797302246094,0.5665625333786011,274000
12,1097,250,-49.700889587402344,-0.19880355894565582,21.157245635986328,0.5661666393280029,274250
12,1098,250,-66.60167694091797,-0.26640671491622925,20.139144897460938,0.5657708644866943,274500
12,1099,250,-60.64286804199219,-0.24257147312164307,20.321672439575195,0.5653749704360962,274750
12,1100,250,-112.65121459960938,-0.4506048560142517,20.881757736206055,0.5649791955947876,275000
12,1101,250,-63.240177154541016,-0.2529607117176056,20.340272903442383,0.5645833015441895,275250
12,1102,250,-68.0333023071289,-0.2721332013607025,20.134679794311523,0.5641875267028809,275500
12,1103,250,-47.943931579589844,-0.19177572429180145,19.727479934692383,0.5637916326522827,275750
12,1104,250,-114.12590789794922,-0.45650362968444824,20.36025047302246,0.5633958578109741,276000
12,1105,250,-123.70557403564453,-0.49482229351997375,20.407564163208008,0.562999963760376,276250
12,1106,250,-80.01127624511719,-0.3200451135635376,20.323720932006836,0.5626041889190674,276500
12,1107,250,-41.19767379760742,-0.16479068994522095,19.710912704467773,0.5622082948684692,276750
12,1108,250,-60.208553314208984,-0.24083420634269714,19.6676082611084,0.5618125200271606,277000
12,1109,250,-60.93186569213867,-0.24372746050357819,20.83035659790039,0.5614166259765625,277250
12,1110,250,-78.0051498413086,-0.31202059984207153,20.064416885375977,0.5610208511352539,277500
12,1111,250,-70.69368743896484,-0.28277474641799927,19.995681762695312,0.5606249570846558,277750
12,1112,250,-35.9019660949707,-0.14360786974430084,19.509180068969727,0.5602291822433472,278000
12,1113,250,-83.18717193603516,-0.332748681306839,20.608123779296875,0.5598333477973938,278250
12,1114,250,-56.95527648925781,-0.22782111167907715,19.758255004882812,0.5594375133514404,278500
12,1115,250,-95.82888793945312,-0.3833155632019043,19.49405288696289,0.5590416789054871,278750
12,1116,250,-84.69678497314453,-0.33878713846206665,20.021867752075195,0.5586458444595337,279000
12,1117,250,-106.11306762695312,-0.4244522750377655,20.038997650146484,0.5582500100135803,279250
12,1118,250,-53.290889739990234,-0.2131635546684265,19.546375274658203,0.557854175567627,279500
12,1119,250,-16.480226516723633,-0.06592090427875519,19.854734420776367,0.5574583411216736,279750
12,1120,250,-63.44212341308594,-0.2537685036659241,19.77674102783203,0.5570625066757202,280000
12,1121,250,-4.828780174255371,-0.019315119832754135,19.824026107788086,0.5566666722297668,280250
12,1122,250,-109.67512512207031,-0.43870049715042114,19.52680015563965,0.5562708377838135,280500
12,1123,250,3.045243263244629,0.012180972844362259,19.382539749145508,0.5558750033378601,280750
12,1124,250,-8.017663955688477,-0.03207065537571907,19.334218978881836,0.5554791688919067,281000
12,1125,250,-41.808082580566406,-0.16723233461380005,19.4649600982666,0.5550833344459534,281250
12,1126,250,-104.69132995605469,-0.4187653064727783,19.103185653686523,0.5546875,281500
12,1127,250,-68.07232666015625,-0.27228930592536926,19.446826934814453,0.5542916655540466,281750
12,1128,250,-95.19996643066406,-0.3807998597621918,18.720409393310547,0.5538958311080933,282000
12,1129,250,-80.32225799560547,-0.3212890326976776,19.16910743713379,0.5534999966621399,282250
12,1130,250,-70.49388122558594,-0.28197553753852844,19.562541961669922,0.5531041622161865,282500
12,1131,250,-37.468746185302734,-0.1498749852180481,19.392784118652344,0.5527083277702332,282750
12,1132,250,-103.68330383300781,-0.4147332012653351,18.842050552368164,0.5523124933242798,283000
12,1133,250,-55.71704864501953,-0.2228681892156601,19.011962890625,0.5519167184829712,283250
12,1134,250,-123.43214416503906,-0.4937285780906677,19.46637725830078,0.551520824432373,283500
12,1135,250,-75.23278045654297,-0.3009311258792877,18.498565673828125,0.5511250495910645,283750
12,1136,250,-16.95757484436035,-0.06783030182123184,18.65526580810547,0.5507291555404663,284000
12,1137,250,-41.908546447753906,-0.16763418912887573,19.131046295166016,0.5503333806991577,284250
12,1138,250,-63.6367301940918,-0.2545469105243683,19.331703186035156,0.5499374866485596,284500
12,1139,250,-120.7637939453125,-0.4830551743507385,18.763071060180664,0.549541711807251,284750
12,1140,250,-31.1321964263916,-0.12452878803014755,18.96729278564453,0.5491458177566528,285000
12,1141,250,-76.6369400024414,-0.30654776096343994,19.544031143188477,0.5487500429153442,285250
12,1142,250,-7.613537788391113,-0.030454151332378387,19.190237045288086,0.5483541488647461,285500
12,1143,250,-110.80521392822266,-0.443220853805542,19.31300926208496,0.5479583740234375,285750
12,1144,250,-46.357723236083984,-0.18543089926242828,19.559131622314453,0.5475624799728394,286000
12,1145,250,-78.97024536132812,-0.31588098406791687,18.526107788085938,0.5471667051315308,286250
12,1146,250,-84.83768463134766,-0.33935073018074036,19.245832443237305,0.5467708110809326,286500
12,1147,250,-79.48719787597656,-0.3179487884044647,19.070873260498047,0.546375036239624,286750
12,1148,250,-52.8663444519043,-0.21146537363529205,17.89400863647461,0.5459791421890259,287000
12,1149,250,-113.13494873046875,-0.4525398015975952,19.070287704467773,0.5455833673477173,287250
12,1150,250,-51.26990509033203,-0.20507961511611938,18.53839683532715,0.5451874732971191,287500
12,1151,250,-101.26163482666016,-0.4050465524196625,18.618072509765625,0.5447916984558105,287750
12,1152,250,-72.19916534423828,-0.28879666328430176,18.851808547973633,0.5443958044052124,288000
12,1153,250,-71.78890228271484,-0.2871555984020233,18.881790161132812,0.5440000295639038,288250
12,1154,250,-77.62617492675781,-0.3105047047138214,18.764720916748047,0.5436041951179504,288500
12,1155,250,-54.64919662475586,-0.21859678626060486,17.890241622924805,0.5432083606719971,288750
12,1156,250,3.5382659435272217,0.014153064228594303,18.15087127685547,0.5428125262260437,289000
12,1157,250,-85.85963439941406,-0.3434385359287262,18.87044334411621,0.5424166917800903,289250
12,1158,250,-61.93612289428711,-0.24774448573589325,17.85037612915039,0.542020857334137,289500
12,1159,250,-85.00780487060547,-0.3400312066078186,18.008943557739258,0.5416250228881836,289750
12,1160,250,-85.0438232421875,-0.3401753008365631,17.47449493408203,0.5412291884422302,290000
12,1161,250,-114.10939025878906,-0.4564375579357147,18.425682067871094,0.5408333539962769,290250
12,1162,250,-113.70769500732422,-0.45483076572418213,17.922618865966797,0.5404375195503235,290500
12,1163,250,-95.38140869140625,-0.3815256357192993,17.997100830078125,0.5400416851043701,290750
12,1164,250,-49.944557189941406,-0.1997782289981842,17.502826690673828,0.539645791053772,291000
12,1165,250,-63.8785514831543,-0.2555142045021057,18.253870010375977,0.5392500162124634,291250
12,1166,250,-182.27969360351562,-0.7291187644004822,17.753271102905273,0.5388541221618652,291500
12,1167,250,-63.00857162475586,-0.2520342767238617,17.848669052124023,0.5384583473205566,291750
12,1168,250,-68.21255493164062,-0.2728502154350281,17.16214942932129,0.5380624532699585,292000
12,1169,250,-61.7549934387207,-0.24701997637748718,17.743101119995117,0.5376666784286499,292250
12,1170,250,-90.42768859863281,-0.3617107570171356,16.767995834350586,0.5372707843780518,292500
12,1171,250,-95.29537200927734,-0.3811814785003662,17.26001739501953,0.5368750095367432,292750
12,1172,250,-121.6084213256836,-0.4864336848258972,17.068992614746094,0.5364791750907898,293000
12,1173,250,-109.25336456298828,-0.4370134472846985,16.813335418701172,0.5360833406448364,293250
12,1174,250,11.856972694396973,0.047427888959646225,17.241802215576172,0.5356875061988831,293500
12,1175,250,-60.562747955322266,-0.24225099384784698,17.008800506591797,0.5352916717529297,293750
12,1176,250,-29.775842666625977,-0.11910337209701538,16.82344627380371,0.5348958373069763,294000
12,1177,250,-153.2683868408203,-0.6130735278129578,17.031091690063477,0.534500002861023,294250
12,1178,250,-45.04166793823242,-0.18016667664051056,16.931100845336914,0.5341041684150696,294500
12,1179,250,-76.82405853271484,-0.3072962462902069,16.098342895507812,0.5337083339691162,294750
12,1180,250,-133.29893493652344,-0.5331957340240479,16.81520652770996,0.5333124995231628,295000
12,1181,250,-116.23091125488281,-0.4649236500263214,16.886869430541992,0.5329166650772095,295250
12,1182,250,-56.251670837402344,-0.22500668466091156,16.36219024658203,0.5325208306312561,295500
12,1183,250,-16.937397003173828,-0.06774958968162537,16.156187057495117,0.5321249961853027,295750
12,1184,250,-62.935611724853516,-0.2517424523830414,15.546728134155273,0.5317291617393494,296000
12,1185,250,-72.96910095214844,-0.2918764054775238,16.981637954711914,0.531333327293396,296250
12,1186,250,-67.10140228271484,-0.26840561628341675,16.201906204223633,0.5309374928474426,296500
12,1187,250,-61.07600402832031,-0.24430401623249054,16.216371536254883,0.5305416584014893,296750
12,1188,250,-72.16358184814453,-0.2886543273925781,15.733087539672852,0.5301458239555359,297000
12,1189,250,-68.93718719482422,-0.27574875950813293,16.652006149291992,0.5297499895095825,297250
12,1190,250,-96.34321594238281,-0.3853728771209717,16.002161026000977,0.5293541550636292,297500
12,1191,250,-112.00084686279297,-0.4480033814907074,16.269697189331055,0.5289583206176758,297750
12,1192,250,-114.0174789428711,-0.4560699164867401,16.282426834106445,0.5285625457763672,298000
12,1193,250,-57.93136978149414,-0.23172548413276672,16.26198387145996,0.528166651725769,298250
12,1194,250,-96.93900299072266,-0.38775601983070374,16.207622528076172,0.5277708768844604,298500
12,1195,250,-68.49083709716797,-0.2739633619785309,15.966530799865723,0.5273749828338623,298750
12,1196,250,-67.1221694946289,-0.26848867535591125,15.863149642944336,0.5269792079925537,299000
12,1197,250,-103.27010345458984,-0.4130804240703583,16.390119552612305,0.5265833139419556,299250
12,1198,250,-68.22132110595703,-0.2728852927684784,16.40599250793457,0.526187539100647,299500
12,1199,250,-145.47244262695312,-0.5818897485733032,16.027559280395508,0.5257916450500488,299750
12,1200,250,-44.195125579833984,-0.17678050696849823,16.48965072631836,0.5253958702087402,300000
12,1201,250,-120.58061981201172,-0.48232248425483704,16.594762802124023,0.5249999761581421,300250
12,1202,250,-30.842453002929688,-0.12336981296539307,16.805728912353516,0.5246041417121887,300500
12,1203,250,-104.82827758789062,-0.41931310296058655,16.195478439331055,0.5242083072662354,300750
12,1204,250,-52.55260467529297,-0.2102104127407074,16.775583267211914,0.523812472820282,301000
12,1205,250,-56.25228500366211,-0.22500914335250854,16.477951049804688,0.5234166383743286,301250
12,1206,250,-137.7796173095703,-0.5511184930801392,16.596323013305664,0.5230208039283752,301500
12,1207,250,-90.24666595458984,-0.3609866499900818,16.654541015625,0.5226249694824219,301750
12,1208,250,-46.98433303833008,-0.18793733417987823,16.473918914794922,0.5222291350364685,302000
12,1209,250,-123.51155090332031,-0.4940462112426758,16.917421340942383,0.5218333005905151,302250
12,1210,250,-118.72589874267578,-0.47490358352661133,16.550357818603516,0.5214375257492065,302500
12,1211,250,-31.849130630493164,-0.12739652395248413,16.861539840698242,0.5210416913032532,302750
12,1212,250,-20.779502868652344,-0.0831180140376091,16.3714542388916,0.5206458568572998,303000
12,1213,250,-101.04566192626953,-0.40418264269828796,17.29462242126465,0.5202500224113464,303250
12,1214,250,-131.99270629882812,-0.5279708504676819,17.025428771972656,0.5198541879653931,303500
12,1215,250,-61.42571258544922,-0.2457028478384018,16.599483489990234,0.5194583535194397,303750
12,1216,250,-84.99870300292969,-0.3399948179721832,16.312501907348633,0.5190625190734863,304000
12,1217,250,-68.18516540527344,-0.2727406620979309,17.80270004272461,0.518666684627533,304250
12,1218,250,-59.140499114990234,-0.23656199872493744,17.244184494018555,0.5182708501815796,304500
12,1219,250,-70.86221313476562,-0.28344884514808655,16.314664840698242,0.5178750157356262,304750
12,1220,250,-58.183223724365234,-0.232732892036438,16.357322692871094,0.5174791812896729,305000
12,1221,250,-59.924072265625,-0.23969629406929016,16.9041805267334,0.5170833468437195,305250
12,1222,250,-64.39506530761719,-0.2575802505016327,16.41815948486328,0.5166875123977661,305500
12,1223,250,-87.11161041259766,-0.34844642877578735,16.366518020629883,0.5162916779518127,305750
12,1224,250,-103.23933410644531,-0.4129573404788971,16.36079978942871,0.5158958435058594,306000
12,1225,250,-79.58148193359375,-0.318325936794281,16.714763641357422,0.515500009059906,306250
12,1226,250,-33.54212188720703,-0.13416849076747894,16.65209197998047,0.5151041746139526,306500
12,1227,250,-63.746944427490234,-0.25498777627944946,16.652725219726562,0.5147083401679993,306750
12,1228,250,-100.76101684570312,-0.40304407477378845,15.555780410766602,0.5143125057220459,307000
12,1229,250,-106.70121765136719,-0.42680487036705017,16.4451847076416,0.5139166712760925,307250
12,1230,250,-82.98038482666016,-0.3319215476512909,16.087369918823242,0.5135208368301392,307500
12,1231,250,-97.92851257324219,-0.39171403646469116,15.477828025817871,0.5131250619888306,307750
12,1232,250,-107.2118911743164,-0.4288475513458252,15.332907676696777,0.5127291679382324,308000
12,1233,250,-66.2177734375,-0.26487109065055847,15.846665382385254,0.5123333930969238,308250
12,1234,250,-46.73420715332031,-0.18693682551383972,15.508658409118652,0.5119374990463257,308500
12,1235,250,-114.42365264892578,-0.4576946198940277,15.754361152648926,0.5115417242050171,308750
12,1236,250,-85.16407012939453,-0.3406562805175781,15.162285804748535,0.511145830154419,309000
12,1237,250,-0.3942321538925171,-0.0015769286546856165,15.535757064819336,0.5107500553131104,309250
12,1238,250,-77.98750305175781,-0.3119499981403351,14.941567420959473,0.5103541612625122,309500
12,1239,250,3.78078031539917,0.015123121440410614,14.937108039855957,0.5099583864212036,309750
12,1240,250,-68.11627960205078,-0.2724651098251343,14.64651107788086,0.5095624923706055,310000
12,1241,250,-27.08001708984375,-0.10832006484270096,15.47757625579834,0.5091667175292969,310250
12,1242,250,-66.15940856933594,-0.26463764905929565,14.624380111694336,0.5087708234786987,310500
12,1243,250,-54.1139030456543,-0.2164556086063385,14.843663215637207,0.5083750486373901,310750
12,1244,250,-36.017242431640625,-0.14406897127628326,14.755155563354492,0.507979154586792,311000
12,1245,250,-137.69125366210938,-0.5507650375366211,14.901714324951172,0.5075833797454834,311250
12,1246,250,14.570782661437988,0.05828313156962395,14.043357849121094,0.5071874856948853,311500
12,1247,250,-91.80292510986328,-0.3672116994857788,14.324180603027344,0.5067917108535767,311750
12,1248,250,-97.99405670166016,-0.3919762372970581,14.259461402893066,0.5063958168029785,312000
12,1249,250,-105.35989379882812,-0.42143958806991577,14.671051979064941,0.5060000419616699,312250
12,1250,250,-62.14250564575195,-0.2485700249671936,14.454573631286621,0.5056041479110718,312500
12,1251,250,-60.24759292602539,-0.24099037051200867,13.8848237991333,0.5052083730697632,312750
12,1252,250,-71.98600769042969,-0.2879440188407898,14.136086463928223,0.504812479019165,313000
12,1253,250,-113.22330474853516,-0.4528932273387909,14.801955223083496,0.5044167041778564,313250
12,1254,250,-68.77205657958984,-0.27508822083473206,13.845961570739746,0.5040208101272583,313500
12,1255,250,-89.29096221923828,-0.35716384649276733,13.649310111999512,0.5036250352859497,313750
12,1256,250,-60.331600189208984,-0.24132640659809113,14.033459663391113,0.5032291412353516,314000
12,1257,250,-47.4529914855957,-0.18981195986270905,14.267848014831543,0.502833366394043,314250
12,1258,250,-102.14291381835938,-0.40857166051864624,14.104838371276855,0.5024374723434448,314500
12,1259,250,-76.94239044189453,-0.3077695667743683,14.010297775268555,0.5020416975021362,314750
12,1260,250,-75.836669921875,-0.3033466935157776,14.059349060058594,0.5016458034515381,315000
12,1261,250,-80.11825561523438,-0.3204730153083801,14.56630802154541,0.5012500286102295,315250
12,1262,250,-69.75237274169922,-0.27900949120521545,13.61092472076416,0.5008541345596313,315500
12,1263,250,-73.57329559326172,-0.29429319500923157,13.747109413146973,0.5004583597183228,315750
12,1264,250,-123.38959503173828,-0.4935583770275116,13.539789199829102,0.5000624656677246,316000
12,1265,250,-75.18106079101562,-0.30072423815727234,14.199119567871094,0.499666690826416,316250
12,1266,250,-89.786376953125,-0.35914552211761475,14.19150161743164,0.49927085638046265,316500
12,1267,250,-110.94440460205078,-0.4437776207923889,13.095159530639648,0.4988750219345093,316750
12,1268,250,-38.53110885620117,-0.1541244387626648,13.127158164978027,0.4984791874885559,317000
12,1269,250,-75.80992889404297,-0.30323970317840576,13.946059226989746,0.49808335304260254,317250
12,1270,250,-69.37934875488281,-0.2775174081325531,13.818891525268555,0.49768751859664917,317500
12,1271,250,-75.61161041259766,-0.3024464547634125,13.58220100402832,0.4972916841506958,317750
12,1272,250,-93.8936538696289,-0.37557461857795715,13.44279956817627,0.49689584970474243,318000
12,1273,250,-50.94746017456055,-0.2037898451089859,14.15455436706543,0.49650001525878906,318250
12,1274,250,-89.6099853515625,-0.35843995213508606,13.772665023803711,0.4961041808128357,318500
12,1275,250,-92.11920166015625,-0.3684768080711365,13.307822227478027,0.4957083463668823,318750
12,1276,250,-148.67037963867188,-0.5946815013885498,13.46083927154541,0.49531251192092896,319000
12,1277,250,-98.07730102539062,-0.3923092186450958,13.619586944580078,0.4949166178703308,319250
12,1278,250,-94.20742797851562,-0.37682971358299255,13.674890518188477,0.4945208430290222,319500
12,1279,250,-124.43350219726562,-0.497734010219574,13.102473258972168,0.49412500858306885,319750
12,1280,250,-70.79771423339844,-0.28319084644317627,13.456743240356445,0.4937291741371155,320000
12,1281,250,-57.87611389160156,-0.23150445520877838,13.201004981994629,0.4933333396911621,320250
12,1282,250,-97.38824462890625,-0.3895529806613922,13.004812240600586,0.49293750524520874,320500
12,1283,250,-84.2384262084961,-0.33695369958877563,12.62278938293457,0.49254167079925537,320750
12,1284,250,-107.54718780517578,-0.43018874526023865,12.928058624267578,0.492145836353302,321000
12,1285,250,-70.70986938476562,-0.28283947706222534,13.366515159606934,0.49175000190734863,321250
12,1286,250,-66.79779815673828,-0.26719120144844055,12.413939476013184,0.49135416746139526,321500
12,1287,250,-94.3133773803711,-0.3772535026073456,12.482361793518066,0.4909583330154419,321750
12,1288,250,-124.54631805419922,-0.49818527698516846,12.356498718261719,0.4905624985694885,322000
12,1289,250,-46.12077713012695,-0.1844831109046936,13.250444412231445,0.49016666412353516,322250
12,1290,250,-58.50670623779297,-0.23402681946754456,12.251330375671387,0.4897708296775818,322500
12,1291,250,-109.29391479492188,-0.4371756613254547,11.975531578063965,0.4893749952316284,322750
12,1292,250,-69.4246597290039,-0.2776986360549927,11.946727752685547,0.48897916078567505,323000
12,1293,250,-60.82227325439453,-0.24328909814357758,12.57435131072998,0.4885833263397217,323250
12,1294,250,-80.4973373413086,-0.32198935747146606,12.085962295532227,0.4881874918937683,323500
12,1295,250,-92.9615478515625,-0.37184619903564453,11.977619171142578,0.48779165744781494,323750
12,1296,250,-24.415372848510742,-0.09766148775815964,12.233479499816895,0.4873958230018616,324000
12,1297,250,-68.32594299316406,-0.2733037769794464,12.793569564819336,0.4869999885559082,324250
12,1298,250,-66.6783447265625,-0.26671338081359863,12.657931327819824,0.48660415410995483,324500
12,1299,250,-81.58732604980469,-0.32634931802749634,12.288959503173828,0.48620831966400146,324750
12,1300,250,-64.23453521728516,-0.2569381296634674,11.939539909362793,0.48581254482269287,325000
12,1301,250,-98.1552505493164,-0.3926210105419159,12.191764831542969,0.4854166507720947,325250
12,1302,250,-73.63818359375,-0.294552743434906,12.083612442016602,0.48502087593078613,325500
12,1303,250,-51.75922775268555,-0.20703691244125366,11.788946151733398,0.484624981880188,325750
12,1304,250,-10.558706283569336,-0.04223482683300972,11.851546287536621,0.4842292070388794,326000
12,1305,250,-70.21766662597656,-0.2808706760406494,12.185839653015137,0.48383331298828125,326250
12,1306,250,-89.40013885498047,-0.3576005697250366,11.688199996948242,0.48343753814697266,326500
12,1307,250,-10.149328231811523,-0.04059731215238571,11.640856742858887,0.4830416440963745,326750
12,1308,250,-90.20809936523438,-0.3608323931694031,10.93266487121582,0.4826458692550659,327000
12,1309,250,-72.21286010742188,-0.28885143995285034,12.480792045593262,0.4822499752044678,327250
12,1310,250,-114.43233489990234,-0.4577293395996094,11.766158103942871,0.4818542003631592,327500
12,1311,250,-43.10281753540039,-0.1724112629890442,11.474303245544434,0.48145830631256104,327750
12,1312,250,-63.99208068847656,-0.2559683322906494,11.109375,0.48106253147125244,328000
12,1313,250,35.59452438354492,0.1423780918121338,11.940467834472656,0.4806666374206543,328250
12,1314,250,-92.68390655517578,-0.37073561549186707,11.7530517578125,0.4802708625793457,328500
12,1315,250,-44.6845588684082,-0.17873823642730713,11.208586692810059,0.47987496852874756,328750
12,1316,250,-120.41609191894531,-0.48166435956954956,11.314455032348633,0.47947919368743896,329000
12,1317,250,-103.33870697021484,-0.4133548140525818,11.882362365722656,0.4790832996368408,329250
12,1318,250,-37.66210174560547,-0.15064840018749237,11.33361530303955,0.4786875247955322,329500
12,1319,250,-72.6890869140625,-0.29075634479522705,10.800345420837402,0.47829169034957886,329750
12,1320,250,-105.3247299194336,-0.42129892110824585,10.861252784729004,0.4778958559036255,330000
12,1321,250,-151.99810791015625,-0.60799241065979,11.874139785766602,0.4775000214576721,330250
12,1322,250,-30.279325485229492,-0.12111730128526688,10.872197151184082,0.47710418701171875,330500
12,1323,250,-115.7686996459961,-0.46307480335235596,11.236205101013184,0.4767083525657654,330750
12,1324,250,-117.34642791748047,-0.46938571333885193,11.04438304901123,0.476312518119812,331000
12,1325,250,-47.2719841003418,-0.18908794224262238,11.733805656433105,0.47591668367385864,331250
12,1326,250,-113.65866088867188,-0.4546346366405487,11.572303771972656,0.4755208492279053,331500
12,1327,250,-40.42247009277344,-0.1616898775100708,11.187644004821777,0.4751250147819519,331750
12,1328,250,-100.72467041015625,-0.4028986692428589,11.152322769165039,0.47472918033599854,332000
12,1329,250,-73.92961120605469,-0.2957184314727783,11.548991203308105,0.47433334589004517,332250
12,1330,250,-28.758384704589844,-0.11503353714942932,11.146463394165039,0.4739375114440918,332500
12,1331,250,-76.47135162353516,-0.3058854043483734,10.864034652709961,0.4735416769981384,332750
12,1332,250,-67.43097686767578,-0.26972392201423645,11.151124000549316,0.47314584255218506,333000
12,1333,250,-50.74351119995117,-0.20297405123710632,11.979849815368652,0.4727500081062317,333250
12,1334,250,-67.4898910522461,-0.26995956897735596,11.238847732543945,0.4723541736602783,333500
12,1335,250,-67.01566314697266,-0.26806265115737915,11.361403465270996,0.47195833921432495,333750
12,1336,250,-24.5006046295166,-0.09800241887569427,11.08135986328125,0.4715625047683716,334000
12,1337,250,-31.704853057861328,-0.1268194168806076,11.669364929199219,0.4711666703224182,334250
12,1338,250,-75.8089599609375,-0.30323582887649536,11.49160385131836,0.47077083587646484,334500
12,1339,250,-66.95263671875,-0.26781055331230164,11.435667991638184,0.4703750014305115,334750
12,1340,250,-111.2969741821289,-0.44518789649009705,11.164411544799805,0.4699792265892029,335000
12,1341,250,-96.15190887451172,-0.3846076428890228,11.93983268737793,0.46958333253860474,335250
12,1342,250,-64.8902816772461,-0.25956112146377563,11.301648139953613,0.46918755769729614,335500
12,1343,250,-110.04061889648438,-0.4401624798774719,11.255078315734863,0.468791663646698,335750
12,1344,250,-94.55863189697266,-0.37823453545570374,11.261870384216309,0.4683958888053894,336000
12,1345,250,-75.98186492919922,-0.3039274513721466,11.572933197021484,0.46799999475479126,336250
12,1346,250,-114.72360229492188,-0.45889440178871155,11.281379699707031,0.46760421991348267,336500
12,1347,250,-94.91702270507812,-0.37966808676719666,11.238255500793457,0.4672083258628845,336750
12,1348,250,-17.20973777770996,-0.06883895397186279,11.109942436218262,0.4668125510215759,337000
12,1349,250,-20.52629280090332,-0.08210517466068268,11.52525520324707,0.4664166569709778,337250
12,1350,250,-49.9249382019043,-0.1996997594833374,11.014023780822754,0.4660208821296692,337500
12,1351,250,-62.11907958984375,-0.2484763115644455,10.920589447021484,0.46562498807907104,337750
12,1352,250,-92.66458129882812,-0.37065833806991577,10.42237663269043,0.4652291536331177,338000
12,1353,250,-104.76335906982422,-0.41905343532562256,11.22685718536377,0.4648333191871643,338250
12,1354,250,-29.5904598236084,-0.11836183816194534,11.030309677124023,0.46443748474121094,338500
12,1355,250,5.324328899383545,0.021297315135598183,10.558966636657715,0.46404165029525757,338750
12,1356,250,-92.57957458496094,-0.37031829357147217,10.696723937988281,0.4636458158493042,339000
12,1357,250,-106.10332489013672,-0.4244132936000824,11.228548049926758,0.46324998140335083,339250
12,1358,250,-144.13705444335938,-0.5765482187271118,10.698101997375488,0.46285414695739746,339500
12,1359,250,-114.63682556152344,-0.45854729413986206,10.25365161895752,0.46245837211608887,339750
12,1360,250,-112.85453033447266,-0.4514181315898895,10.691648483276367,0.4620624780654907,340000
12,1361,250,-44.337738037109375,-0.1773509532213211,11.126361846923828,0.46166670322418213,340250
12,1362,250,-88.85369110107422,-0.3554147779941559,11.200789451599121,0.461270809173584,340500
12,1363,250,-55.44512939453125,-0.22178052365779877,10.538820266723633,0.4608750343322754,340750
12,1364,250,-105.01648712158203,-0.4200659394264221,10.234554290771484,0.46047914028167725,341000
12,1365,250,-46.672000885009766,-0.18668800592422485,10.73209285736084,0.46008336544036865,341250
12,1366,250,-57.044368743896484,-0.22817747294902802,10.448393821716309,0.4596874713897705,341500
12,1367,250,-72.30785369873047,-0.28923141956329346,10.170825958251953,0.4592916965484619,341750
12,1368,250,-46.55531311035156,-0.18622125685214996,10.333560943603516,0.45889580249786377,342000
12,1369,250,-65.2171401977539,-0.26086854934692383,11.140449523925781,0.4585000276565552,342250
12,1370,250,-93.41494750976562,-0.37365978956222534,10.61788558959961,0.45810413360595703,342500
12,1371,250,-64.2240219116211,-0.25689607858657837,10.154104232788086,0.45770835876464844,342750
12,1372,250,-9.888371467590332,-0.03955348581075668,10.25442886352539,0.4573124647140503,343000
12,1373,250,-83.13939666748047,-0.3325575888156891,11.262995719909668,0.4569166898727417,343250
12,1374,250,-96.10999298095703,-0.38443997502326965,10.5263671875,0.45652079582214355,343500
12,1375,250,-47.1123161315918,-0.18844926357269287,10.403762817382812,0.45612502098083496,343750
12,1376,250,-42.765663146972656,-0.1710626482963562,10.362308502197266,0.4557291269302368,344000
12,1377,250,-90.50692749023438,-0.36202770471572876,11.46729850769043,0.4553333520889282,344250
12,1378,250,-37.1075553894043,-0.1484302282333374,10.550395011901855,0.45493751764297485,344500
12,1379,250,-95.37709045410156,-0.38150835037231445,10.136492729187012,0.4545416831970215,344750
12,1380,250,-123.98780059814453,-0.49595120549201965,10.344051361083984,0.4541458487510681,345000
12,1381,250,-63.350364685058594,-0.2534014582633972,11.129419326782227,0.45375001430511475,345250
12,1382,250,-90.64054870605469,-0.3625622093677521,10.14636516571045,0.4533541798591614,345500
12,1383,250,-52.631778717041016,-0.21052712202072144,10.0297212600708,0.452958345413208,345750
12,1384,250,-105.50848388671875,-0.4220339357852936,10.018720626831055,0.45256251096725464,346000
12,1385,250,-162.5506134033203,-0.6502024531364441,10.754449844360352,0.45216667652130127,346250
12,1386,250,-25.090478897094727,-0.1003619134426117,9.983925819396973,0.4517708420753479,346500
12,1387,250,-92.52938079833984,-0.37011751532554626,9.813899993896484,0.45137500762939453,346750
12,1388,250,-129.12643432617188,-0.5165057182312012,10.083483695983887,0.45097917318344116,347000
12,1389,250,-64.03783416748047,-0.25615134835243225,10.810194969177246,0.4505833387374878,347250
12,1390,250,-55.09440994262695,-0.22037763893604279,10.31162166595459,0.4501875042915344,347500
12,1391,250,-136.5375213623047,-0.5461500883102417,10.02640151977539,0.44979166984558105,347750
12,1392,250,-107.45632934570312,-0.4298253059387207,9.764188766479492,0.4493958353996277,348000
12,1393,250,-34.756439208984375,-0.1390257626771927,10.46521282196045,0.4490000009536743,348250
12,1394,250,-71.89089965820312,-0.28756359219551086,9.84067153930664,0.44860416650772095,348500
12,1395,250,-151.80189514160156,-0.6072075963020325,9.985729217529297,0.4482083320617676,348750
12,1396,250,-81.27974700927734,-0.3251189887523651,9.890641212463379,0.4478124976158142,349000
12,1397,250,-100.45897674560547,-0.40183591842651367,10.453495025634766,0.44741666316986084,349250
12,1398,250,-110.11971282958984,-0.4404788613319397,9.712249755859375,0.44702082872390747,349500
12,1399,250,-35.412113189697266,-0.14164845645427704,9.235652923583984,0.4466250538825989,349750
12,1400,250,-53.52672576904297,-0.21410690248012543,9.293354988098145,0.44622915983200073,350000
12,1401,250,-149.9985809326172,-0.5999943017959595,9.666299819946289,0.44583338499069214,350250
12,1402,250,-89.74388122558594,-0.35897552967071533,9.524853706359863,0.445437490940094,350500
12,1403,250,-81.80664825439453,-0.32722657918930054,9.126747131347656,0.4450417160987854,350750
12,1404,250,-52.17868423461914,-0.20871473848819733,9.21057415008545,0.44464582204818726,351000
12,1405,250,-145.58099365234375,-0.5823239684104919,10.136240005493164,0.44425004720687866,351250
12,1406,250,-144.7639923095703,-0.5790559649467468,9.621275901794434,0.4438541531562805,351500
12,1407,250,-121.68164825439453,-0.4867265820503235,9.419319152832031,0.4434583783149719,351750
12,1408,250,-160.11611938476562,-0.6404644846916199,9.109297752380371,0.4430624842643738,352000
12,1409,250,-118.26712036132812,-0.4730684757232666,10.283731460571289,0.4426667094230652,352250
12,1410,250,-81.5973892211914,-0.3263895511627197,9.693703651428223,0.44227081537246704,352500
12,1411,250,-86.16468048095703,-0.3446587324142456,9.257731437683105,0.44187504053115845,352750
12,1412,250,-67.40544128417969,-0.26962175965309143,9.156355857849121,0.4414791464805603,353000
12,1413,250,-58.53842544555664,-0.23415370285511017,10.153286933898926,0.4410833716392517,353250
12,1414,250,-80.41592407226562,-0.3216637074947357,9.503602027893066,0.44068747758865356,353500
12,1415,250,-89.04508972167969,-0.3561803698539734,9.154698371887207,0.44029170274734497,353750
12,1416,250,-51.05178451538086,-0.2042071372270584,9.322919845581055,0.4398958086967468,354000
12,1417,250,-169.72610473632812,-0.6789044141769409,10.066115379333496,0.43950003385543823,354250
12,1418,250,-129.9935760498047,-0.5199742913246155,9.859103202819824,0.43910419940948486,354500
12,1419,250,-136.7877655029297,-0.5471510887145996,9.853985786437988,0.4387083649635315,354750
12,1420,250,-40.72756576538086,-0.16291026771068573,9.401724815368652,0.4383125305175781,355000
12,1421,250,-119.17337799072266,-0.4766935110092163,10.241793632507324,0.43791669607162476,355250
12,1422,250,-93.0443344116211,-0.3721773326396942,10.005804061889648,0.4375208616256714,355500
12,1423,250,-60.965084075927734,-0.24386033415794373,9.722823143005371,0.437125027179718,355750
12,1424,250,-57.853126525878906,-0.23141250014305115,9.59009075164795,0.43672919273376465,356000
12,1425,250,-71.75642395019531,-0.28702569007873535,10.129416465759277,0.4363333582878113,356250
12,1426,250,-24.90418815612793,-0.09961675107479095,9.760468482971191,0.4359375238418579,356500
12,1427,250,-93.92781066894531,-0.37571123242378235,9.508269309997559,0.43554162979125977,356750
12,1428,250,-66.643310546875,-0.2665732502937317,9.290559768676758,0.43514585494995117,357000
12,1429,250,-67.23825073242188,-0.26895299553871155,10.156519889831543,0.434749960899353,357250
12,1430,250,-65.77561950683594,-0.2631024718284607,9.920999526977539,0.43435418605804443,357500
12,1431,250,17.940645217895508,0.0717625841498375,9.721840858459473,0.4339582920074463,357750
12,1432,250,-76.16870880126953,-0.30467483401298523,9.390192031860352,0.4335625171661377,358000
12,1433,250,-71.730224609375,-0.2869209051132202,10.193802833557129,0.43316662311553955,358250
12,1434,250,-44.52406692504883,-0.17809626460075378,9.716597557067871,0.43277084827423096,358500
12,1435,250,-81.31053161621094,-0.32524213194847107,9.488033294677734,0.4323749542236328,358750
12,1436,250,-32.38414001464844,-0.12953655421733856,9.178252220153809,0.4319791793823242,359000
12,1437,250,-57.65732955932617,-0.2306293249130249,9.99177074432373,0.43158334493637085,359250
12,1438,250,-53.12349319458008,-0.21249397099018097,10.006311416625977,0.4311875104904175,359500
12,1439,250,-34.83964538574219,-0.13935858011245728,9.712693214416504,0.4307916760444641,359750
12,1440,250,-129.58038330078125,-0.5183215141296387,9.544556617736816,0.43039584159851074,360000
12,1441,250,-90.99443817138672,-0.3639777600765228,9.945188522338867,0.4300000071525574,360250
12,1442,250,-74.10831451416016,-0.2964332699775696,9.554944038391113,0.429604172706604,360500
12,1443,250,-104.4408187866211,-0.41776326298713684,9.066695213317871,0.42920833826065063,360750
12,1444,250,-8.667196273803711,-0.03466878458857536,9.514581680297852,0.42881250381469727,361000
12,1445,250,-115.16358184814453,-0.4606543183326721,10.113542556762695,0.4284166693687439,361250
12,1446,250,10.105921745300293,0.0404236875474453,9.704181671142578,0.4280208349227905,361500
12,1447,250,-103.9831314086914,-0.4159325361251831,9.772071838378906,0.42762500047683716,361750
12,1448,250,-73.45772552490234,-0.29383090138435364,9.576340675354004,0.4272291660308838,362000
12,1449,250,-29.037490844726562,-0.11614996194839478,10.531920433044434,0.4268333315849304,362250
12,1450,250,-30.642732620239258,-0.1225709319114685,10.083697319030762,0.42643749713897705,362500
12,1451,250,-41.36076736450195,-0.1654430627822876,9.787280082702637,0.4260416626930237,362750
12,1452,250,53.745147705078125,0.2149805873632431,9.899816513061523,0.4256458282470703,363000
12,1453,250,1.4325165748596191,0.0057300664484500885,10.884729385375977,0.42524999380111694,363250
12,1454,250,-70.01860046386719,-0.2800743877887726,10.816184997558594,0.4248541593551636,363500
12,1455,250,-19.578893661499023,-0.07831557095050812,10.504915237426758,0.4244583249092102,363750
12,1456,250,-85.33295440673828,-0.34133180975914,10.472723007202148,0.42406249046325684,364000
12,1457,250,-19.290372848510742,-0.07716149091720581,11.985682487487793,0.42366665601730347,364250
12,1458,250,40.62154769897461,0.16248619556427002,11.080354690551758,0.4232708811759949,364500
12,1459,250,-40.857933044433594,-0.16343173384666443,11.26600170135498,0.42287498712539673,364750
12,1460,250,-86.55532836914062,-0.34622132778167725,10.48768138885498,0.42247921228408813,365000
12,1461,250,20.121843338012695,0.08048737049102783,12.058870315551758,0.42208331823349,365250
12,1462,250,27.728055953979492,0.11091222614049911,11.8312406539917,0.4216875433921814,365500
12,1463,250,-58.18331527709961,-0.23273326456546783,11.686724662780762,0.42129164934158325,365750
12,1464,250,50.45036697387695,0.20180146396160126,11.889878273010254,0.42089587450027466,366000
12,1465,250,65.57747650146484,0.2623099088668823,13.180164337158203,0.4204999804496765,366250
12,1466,250,-22.505449295043945,-0.09002179652452469,12.964996337890625,0.4201042056083679,366500
12,1467,250,-68.67483520507812,-0.274699330329895,12.923772811889648,0.4197083115577698,366750
12,1468,250,8.74014949798584,0.03496059775352478,12.876212120056152,0.4193125367164612,367000
12,1469,250,-67.04750061035156,-0.2681899964809418,14.474506378173828,0.41891664266586304,367250
12,1470,250,-75.87338256835938,-0.30349352955818176,13.988842010498047,0.41852086782455444,367500
12,1471,250,5.9133148193359375,0.023653259500861168,13.042271614074707,0.4181249737739563,367750
12,1472,250,63.36814498901367,0.25347256660461426,12.512508392333984,0.4177291989326477,368000
12,1473,250,-66.34049987792969,-0.2653619945049286,14.634109497070312,0.41733330488204956,368250
12,1474,250,-99.30709838867188,-0.3972283899784088,13.141597747802734,0.41693753004074097,368500
12,1475,250,-59.826568603515625,-0.2393062710762024,13.12768268585205,0.4165416359901428,368750
12,1476,250,-39.49640655517578,-0.1579856276512146,13.184412956237793,0.41614586114883423,369000
12,1477,250,-91.14984130859375,-0.3645993769168854,13.825590133666992,0.41575002670288086,369250
12,1478,250,-77.17131042480469,-0.3086852431297302,13.61843490600586,0.4153541922569275,369500
12,1479,250,-83.8771743774414,-0.33550870418548584,13.11323070526123,0.4149583578109741,369750
12,1480,250,-14.311225891113281,-0.05724490433931351,13.023229598999023,0.41456252336502075,370000
12,1481,250,-161.04689025878906,-0.6441875696182251,14.275967597961426,0.4141666889190674,370250
12,1482,250,-103.92277526855469,-0.4156911075115204,13.146586418151855,0.413770854473114,370500
12,1483,250,-63.95844268798828,-0.25583377480506897,12.716991424560547,0.41337502002716064,370750
12,1484,250,-115.63200378417969,-0.4625280201435089,11.801661491394043,0.4129791855812073,371000
12,1485,250,-152.94346618652344,-0.6117738485336304,13.281167984008789,0.4125833511352539,371250
12,1486,250,-122.06021881103516,-0.4882408678531647,11.834096908569336,0.41218751668930054,371500
12,1487,250,-71.3739013671875,-0.2854956090450287,11.044120788574219,0.41179168224334717,371750
12,1488,250,-101.63375854492188,-0.4065350294113159,10.277750015258789,0.4113958477973938,372000
12,1489,250,-141.0668487548828,-0.5642673969268799,11.739415168762207,0.41100001335144043,372250
12,1490,250,-80.18148040771484,-0.3207259178161621,10.354753494262695,0.41060417890548706,372500
12,1491,250,-105.36023712158203,-0.4214409589767456,10.02554988861084,0.4102083444595337,372750
12,1492,250,-156.4110107421875,-0.6256440281867981,9.562874794006348,0.4098125100135803,373000
12,1493,250,-153.70713806152344,-0.6148285269737244,11.474492073059082,0.40941667556762695,373250
12,1494,250,-212.05198669433594,-0.848207950592041,10.36127758026123,0.4090208411216736,373500
12,1495,250,-145.96780395507812,-0.5838712453842163,9.641121864318848,0.4086250066757202,373750
12,1496,250,-88.851318359375,-0.3554052710533142,9.830619812011719,0.40822917222976685,374000
12,1497,250,-142.98463439941406,-0.5719385147094727,11.89710807800293,0.4078333377838135,374250
12,1498,250,-162.9036102294922,-0.6516144275665283,11.221183776855469,0.4074375629425049,374500
12,1499,250,-172.62356567382812,-0.6904942393302917,10.61121940612793,0.40704166889190674,374750
12,1500,250,-157.58944702148438,-0.6303578019142151,9.680809020996094,0.40664589405059814,375000
12,1501,250,-107.07444763183594,-0.4282977879047394,11.369450569152832,0.40625,375250
12,1502,250,-113.27957916259766,-0.45311832427978516,10.723929405212402,0.40585416555404663,375500
12,1503,250,-92.9671859741211,-0.37186872959136963,10.457221031188965,0.40545833110809326,375750
12,1504,250,-93.71562194824219,-0.3748624920845032,10.24631118774414,0.4050624966621399,376000
12,1505,250,-170.2747802734375,-0.6810991168022156,10.878083229064941,0.4046666622161865,376250
12,1506,250,-90.0741958618164,-0.3602967858314514,10.025300025939941,0.40427082777023315,376500
12,1507,250,-123.97328186035156,-0.49589312076568604,9.59000301361084,0.4038749933242798,376750
12,1508,250,-66.15736389160156,-0.26462945342063904,9.488123893737793,0.4034791588783264,377000
12,1509,250,-89.5278549194336,-0.3581114113330841,10.18401050567627,0.40308332443237305,377250
12,1510,250,-124.89897155761719,-0.49959588050842285,9.877269744873047,0.4026874899864197,377500
12,1511,250,-101.4959945678711,-0.40598398447036743,9.746603012084961,0.4022916555404663,377750
12,1512,250,-142.8039093017578,-0.5712156295776367,9.503210067749023,0.40189582109451294,378000
12,1513,250,-64.6788101196289,-0.2587152421474457,10.806631088256836,0.40149998664855957,378250
12,1514,250,-53.16301727294922,-0.2126520723104477,9.838186264038086,0.4011041522026062,378500
12,1515,250,7.243627071380615,0.028974508866667747,9.215723991394043,0.40070831775665283,378750
12,1516,250,-64.26258850097656,-0.25705036520957947,9.597506523132324,0.40031248331069946,379000
12,1517,250,-88.54146575927734,-0.35416585206985474,10.696063041687012,0.39991670846939087,379250
12,1518,250,-86.73152923583984,-0.34692612290382385,10.441288948059082,0.3995208144187927,379500
12,1519,250,-102.61244201660156,-0.4104497730731964,9.928692817687988,0.39912503957748413,379750
12,1520,250,-73.98265075683594,-0.2959305942058563,9.398383140563965,0.398729145526886,380000
12,1521,250,-59.476356506347656,-0.23790542781352997,10.939384460449219,0.3983333706855774,380250
12,1522,250,-138.21087646484375,-0.5528435111045837,9.992314338684082,0.39793747663497925,380500
12,1523,250,-99.82516479492188,-0.3993006646633148,9.692049980163574,0.39754170179367065,380750
12,1524,250,-80.38517761230469,-0.3215407133102417,9.290005683898926,0.3971458077430725,381000
12,1525,250,-40.62766647338867,-0.16251066327095032,11.15798568725586,0.3967500329017639,381250
12,1526,250,-134.97633361816406,-0.539905309677124,10.428593635559082,0.39635413885116577,381500
12,1527,250,-143.884521484375,-0.5755380988121033,10.060639381408691,0.3959583640098572,381750
12,1528,250,-117.60105895996094,-0.4704042375087738,9.672486305236816,0.39556246995925903,382000
12,1529,250,-120.57105255126953,-0.48228421807289124,11.39657974243164,0.39516669511795044,382250
12,1530,250,-111.86225128173828,-0.4474489986896515,10.329633712768555,0.3947708010673523,382500
12,1531,250,-93.52527618408203,-0.37410110235214233,10.063030242919922,0.3943750262260437,382750
12,1532,250,-103.67768859863281,-0.41471076011657715,9.534782409667969,0.39397913217544556,383000
12,1533,250,-106.89604187011719,-0.427584171295166,11.711080551147461,0.39358335733413696,383250
12,1534,250,-73.99203491210938,-0.2959681451320648,10.153352737426758,0.3931874632835388,383500
12,1535,250,-132.14125061035156,-0.528564989566803,10.031937599182129,0.3927916884422302,383750
12,1536,250,-32.36500930786133,-0.12946003675460815,9.447418212890625,0.39239585399627686,384000
12,1537,250,103.75552368164062,0.4150221049785614,11.276248931884766,0.3920000195503235,384250
12,1538,250,-105.87561798095703,-0.42350247502326965,10.30855655670166,0.3916041851043701,384500
12,1539,250,-95.01079559326172,-0.3800431787967682,9.932353019714355,0.39120835065841675,384750
12,1540,250,-83.29146575927734,-0.33316585421562195,9.433977127075195,0.3908125162124634,385000
12,1541,250,-28.785858154296875,-0.11514343321323395,11.543633460998535,0.39041668176651,385250
12,1542,250,-106.06525421142578,-0.4242610037326813,10.375406265258789,0.39002084732055664,385500
12,1543,250,-161.9971466064453,-0.6479885578155518,9.8655424118042,0.38962501287460327,385750
12,1544,250,-174.2008056640625,-0.6968032121658325,9.892334938049316,0.3892291784286499,386000
12,1545,250,-148.4630889892578,-0.5938523411750793,11.647624015808105,0.38883334398269653,386250
12,1546,250,-279.0999755859375,-1.116399884223938,10.623695373535156,0.38843750953674316,386500
12,1547,250,-15.64466381072998,-0.06257865577936172,10.114397048950195,0.3880416750907898,386750
12,1548,250,-107.71592712402344,-0.43086370825767517,9.78429126739502,0.3876458406448364,387000
12,1549,250,-85.65457916259766,-0.34261831641197205,11.379921913146973,0.38725000619888306,387250
12,1550,250,-139.1490478515625,-0.5565962195396423,10.552282333374023,0.3868541717529297,387500
12,1551,250,-176.47296142578125,-0.7058918476104736,9.811934471130371,0.3864583373069763,387750
12,1552,250,-132.8837890625,-0.5315351486206055,9.84454345703125,0.38606250286102295,388000
12,1553,250,-161.50634765625,-0.6460254192352295,11.276192665100098,0.3856666684150696,388250
12,1554,250,-172.29307556152344,-0.6891723275184631,10.646305084228516,0.3852708339691162,388500
12,1555,250,-27.221914291381836,-0.10888765752315521,9.774185180664062,0.38487499952316284,388750
12,1556,250,-130.54481506347656,-0.5221792459487915,9.557568550109863,0.3844791650772095,389000
12,1557,250,-80.28950500488281,-0.3211580216884613,10.810735702514648,0.3840833902359009,389250
12,1558,250,-65.42324829101562,-0.26169300079345703,9.510899543762207,0.38368749618530273,389500
12,1559,250,-65.84711456298828,-0.263388454914093,8.868948936462402,0.38329172134399414,389750
12,1560,250,-105.49002838134766,-0.42196011543273926,8.691475868225098,0.382895827293396,390000
12,1561,250,-92.9453353881836,-0.3717813491821289,9.981590270996094,0.3825000524520874,390250
12,1562,250,-119.20337677001953,-0.47681349515914917,9.293729782104492,0.38210415840148926,390500
12,1563,250,-79.71949005126953,-0.3188779652118683,8.959375381469727,0.38170838356018066,390750
12,1564,250,-97.922119140625,-0.3916884660720825,8.684853553771973,0.3813124895095825,391000
12,1565,250,-143.32164001464844,-0.5732865333557129,9.804024696350098,0.3809167146682739,391250
12,1566,250,-120.51268768310547,-0.48205074667930603,8.854559898376465,0.3805208206176758,391500
12,1567,250,-107.5902099609375,-0.4303608536720276,8.066344261169434,0.3801250457763672,391750
12,1568,250,-114.36892700195312,-0.4574757218360901,8.067965507507324,0.37972915172576904,392000
12,1569,250,-78.7537612915039,-0.31501504778862,8.667120933532715,0.37933337688446045,392250
12,1570,250,-83.07256317138672,-0.33229026198387146,8.186110496520996,0.3789374828338623,392500
12,1571,250,-58.56148147583008,-0.2342459261417389,7.806899070739746,0.3785417079925537,392750
12,1572,250,-45.87689971923828,-0.18350759148597717,7.553460121154785,0.37814581394195557,393000
12,1573,250,-24.716310501098633,-0.09886524081230164,8.612107276916504,0.377750039100647,393250
12,1574,250,-85.84341430664062,-0.3433736562728882,7.929229736328125,0.37735414505004883,393500
12,1575,250,-86.55191802978516,-0.3462076783180237,7.59440279006958,0.37695837020874023,393750
12,1576,250,-62.29319381713867,-0.24917277693748474,7.541379451751709,0.37656253576278687,394000
12,1577,250,-169.44981384277344,-0.6777992844581604,8.374373435974121,0.3761666417121887,394250
12,1578,250,-175.90396118164062,-0.7036158442497253,7.671593189239502,0.3757708668708801,394500
12,1579,250,-167.46859741210938,-0.669874370098114,7.393556594848633,0.375374972820282,394750
12,1580,250,-71.08086395263672,-0.28432345390319824,7.487948417663574,0.3749791979789734,395000
12,1581,250,-85.49358367919922,-0.3419743478298187,7.911792278289795,0.37458330392837524,395250
12,1582,250,-80.15349578857422,-0.3206139802932739,7.2259931564331055,0.37418752908706665,395500
12,1583,250,-95.11824035644531,-0.38047295808792114,7.176695823669434,0.3737916350364685,395750
12,1584,250,-71.0751953125,-0.2843007743358612,7.084844589233398,0.3733958601951599,396000
12,1585,250,-174.81884765625,-0.6992753744125366,7.999238014221191,0.37299996614456177,396250
12,1586,250,-98.77224731445312,-0.3950890004634857,7.572809219360352,0.3726041913032532,396500
12,1587,250,-64.43846130371094,-0.257753849029541,7.258945465087891,0.37220829725265503,396750
12,1588,250,-108.53925323486328,-0.43415701389312744,7.093127250671387,0.37181252241134644,397000
12,1589,250,-127.3287353515625,-0.5093149542808533,8.046289443969727,0.3714166283607483,397250
12,1590,250,-108.17652130126953,-0.4327060878276825,7.45882511138916,0.3710208535194397,397500
12,1591,250,-197.27676391601562,-0.789107084274292,7.558413028717041,0.37062495946884155,397750
12,1592,250,-48.91335678100586,-0.19565342366695404,7.4520463943481445,0.37022918462753296,398000
12,1593,250,-179.2292022705078,-0.7169167995452881,8.949298858642578,0.3698332905769348,398250
12,1594,250,-95.62893676757812,-0.3825157582759857,8.307123184204102,0.3694375157356262,398500
12,1595,250,-60.53966522216797,-0.2421586662530899,8.140549659729004,0.36904168128967285,398750
12,1596,250,-149.97288513183594,-0.5998915433883667,7.693912029266357,0.3686458468437195,399000
12,1597,250,-88.8934097290039,-0.3555736243724823,8.628511428833008,0.3682500123977661,399250
12,1598,250,-63.775814056396484,-0.2551032602787018,8.50751781463623,0.36785417795181274,399500
12,1599,250,-140.5235137939453,-0.5620940327644348,8.362117767333984,0.3674583435058594,399750
12,1600,250,-91.05345153808594,-0.3642137944698334,8.237200736999512,0.367062509059906,400000
12,1601,250,-92.76121520996094,-0.3710448741912842,9.323511123657227,0.36666667461395264,400250
12,1602,250,-77.60403442382812,-0.3104161322116852,8.7188081741333,0.36627084016799927,400500
12,1603,250,-98.45022583007812,-0.39380091428756714,8.656840324401855,0.3658750057220459,400750
12,1604,250,-60.31338119506836,-0.24125352501869202,8.416446685791016,0.36547917127609253,401000
12,1605,250,-62.6555061340332,-0.250622034072876,9.598409652709961,0.36508333683013916,401250
12,1606,250,-142.52096557617188,-0.5700838565826416,9.338367462158203,0.3646875023841858,401500
12,1607,250,-87.0814208984375,-0.3483256697654724,9.191055297851562,0.3642916679382324,401750
12,1608,250,-93.19585418701172,-0.3727834224700928,8.416709899902344,0.36389583349227905,402000
12,1609,250,-96.55448913574219,-0.38621795177459717,9.947460174560547,0.3634999990463257,402250
12,1610,250,-70.31328582763672,-0.2812531292438507,9.268494606018066,0.3631041646003723,402500
12,1611,250,-51.70630645751953,-0.20682522654533386,9.102707862854004,0.36270833015441895,402750
12,1612,250,-41.84318161010742,-0.16737273335456848,8.721123695373535,0.3623124957084656,403000
12,1613,250,-89.93601989746094,-0.3597440719604492,10.416563034057617,0.3619166612625122,403250
12,1614,250,-68.48780059814453,-0.2739512026309967,9.038792610168457,0.36152082681655884,403500
12,1615,250,-82.98103332519531,-0.3319241404533386,9.341614723205566,0.36112499237060547,403750
12,1616,250,-56.663909912109375,-0.22665563225746155,8.810396194458008,0.3607292175292969,404000
12,1617,250,-90.00536346435547,-0.3600214421749115,10.564554214477539,0.36033332347869873,404250
12,1618,250,-99.6106185913086,-0.39844247698783875,9.794384956359863,0.35993754863739014,404500
12,1619,250,-38.96711349487305,-0.15586845576763153,9.419089317321777,0.359541654586792,404750
12,1620,250,-97.65486145019531,-0.3906194567680359,8.756213188171387,0.3591458797454834,405000
12,1621,250,-61.40911102294922,-0.245636448264122,9.750785827636719,0.35874998569488525,405250
12,1622,250,-44.56114196777344,-0.17824456095695496,9.655521392822266,0.35835421085357666,405500
12,1623,250,-29.111913681030273,-0.11644765734672546,8.767701148986816,0.3579583168029785,405750
12,1624,250,-46.4489860534668,-0.18579594790935516,8.733415603637695,0.3575625419616699,406000
12,1625,250,-117.9560546875,-0.4718242287635803,10.261112213134766,0.3571666479110718,406250
12,1626,250,-63.405513763427734,-0.25362205505371094,9.518768310546875,0.3567708730697632,406500
12,1627,250,-70.44377899169922,-0.2817751169204712,8.735493659973145,0.35637497901916504,406750
12,1628,250,-72.39362335205078,-0.2895745038986206,8.966243743896484,0.35597920417785645,407000
12,1629,250,-84.09495544433594,-0.3363798260688782,9.58676528930664,0.3555833101272583,407250
12,1630,250,-130.45855712890625,-0.5218342542648315,8.851146697998047,0.3551875352859497,407500
12,1631,250,-78.58460235595703,-0.31433841586112976,8.801812171936035,0.35479164123535156,407750
12,1632,250,-61.555110931396484,-0.2462204396724701,8.937640190124512,0.35439586639404297,408000
12,1633,250,-148.50244140625,-0.5940097570419312,10.48305892944336,0.3539999723434448,408250
12,1634,250,-123.55279541015625,-0.4942111670970917,9.297246932983398,0.35360419750213623,408500
12,1635,250,-173.65676879882812,-0.694627046585083,8.867841720581055,0.35320836305618286,408750
12,1636,250,-97.58604431152344,-0.39034417271614075,8.970071792602539,0.3528125286102295,409000
12,1637,250,-118.92253875732422,-0.47569015622138977,10.411030769348145,0.3524166941642761,409250
12,1638,250,-78.74124908447266,-0.31496500968933105,9.554516792297363,0.35202085971832275,409500
12,1639,250,-91.06396484375,-0.3642558455467224,9.351011276245117,0.3516250252723694,409750
12,1640,250,-187.5525360107422,-0.750210165977478,9.159333229064941,0.351229190826416,410000
12,1641,250,-175.70872497558594,-0.7028349041938782,10.611576080322266,0.35083335638046265,410250
12,1642,250,-121.60208129882812,-0.4864083230495453,10.367372512817383,0.3504375219345093,410500
12,1643,250,-121.88440704345703,-0.4875376224517822,9.313833236694336,0.3500416874885559,410750
12,1644,250,-119.58760833740234,-0.478350430727005,9.580283164978027,0.34964585304260254,411000
12,1645,250,-305.0135803222656,-1.220054268836975,11.777503967285156,0.34925001859664917,411250
12,1646,250,-226.3875274658203,-0.9055501222610474,10.611234664916992,0.3488541841506958,411500
12,1647,250,-142.708251953125,-0.5708330273628235,10.17631721496582,0.34845834970474243,411750
12,1648,250,-146.3218536376953,-0.5852873921394348,10.106032371520996,0.34806251525878906,412000
12,1649,250,-350.8409729003906,-1.4033639430999756,11.769010543823242,0.3476666808128357,412250
12,1650,250,-179.96205139160156,-0.7198482155799866,11.004195213317871,0.3472708463668823,412500
12,1651,250,-188.46961975097656,-0.7538784742355347,10.673115730285645,0.34687501192092896,412750
12,1652,250,-198.63461303710938,-0.7945384383201599,10.30000114440918,0.3464791178703308,413000
12,1653,250,-112.10916900634766,-0.4484366774559021,12.605557441711426,0.3460833430290222,413250
12,1654,250,-75.9643325805664,-0.30385732650756836,12.00909423828125,0.34568750858306885,413500
12,1655,250,-67.281005859375,-0.26912403106689453,11.612241744995117,0.3452916741371155,413750
12,1656,250,-123.5068359375,-0.49402734637260437,10.585838317871094,0.3448958396911621,414000
12,1657,250,-138.13800048828125,-0.5525519847869873,13.216301918029785,0.34450000524520874,414250
12,1658,250,-137.4495391845703,-0.5497981309890747,11.662501335144043,0.34410417079925537,414500
12,1659,250,-76.58812713623047,-0.30635249614715576,11.703967094421387,0.343708336353302,414750
12,1660,250,-134.43409729003906,-0.5377364158630371,11.104179382324219,0.34331250190734863,415000
12,1661,250,-112.40936279296875,-0.44963744282722473,13.078584671020508,0.34291666746139526,415250
12,1662,250,-115.2135238647461,-0.46085408329963684,12.06919002532959,0.3425208330154419,415500
12,1663,250,-165.0352020263672,-0.6601408123970032,11.77554988861084,0.3421249985694885,415750
12,1664,250,-117.6611328125,-0.4706445336341858,11.150531768798828,0.34172916412353516,416000
12,1665,250,-187.0007781982422,-0.7480031251907349,13.639179229736328,0.3413333296775818,416250
12,1666,250,-108.38461303710938,-0.4335384666919708,12.322395324707031,0.3409374952316284,416500
12,1667,250,-89.51242065429688,-0.3580496907234192,12.002111434936523,0.34054166078567505,416750
12,1668,250,-95.43248748779297,-0.38172996044158936,11.723033905029297,0.3401458263397217,417000
12,1669,250,-112.45378112792969,-0.44981512427330017,13.918038368225098,0.3397499918937683,417250
12,1670,250,-200.24754333496094,-0.8009901642799377,12.697469711303711,0.33935415744781494,417500
12,1671,250,-108.60945129394531,-0.4344378113746643,12.219486236572266,0.3389583230018616,417750
12,1672,250,-173.37466430664062,-0.6934986710548401,11.189240455627441,0.3385624885559082,418000
12,1673,250,-118.31944274902344,-0.4732777774333954,13.525022506713867,0.33816665410995483,418250
12,1674,250,-115.79254913330078,-0.46317020058631897,12.483075141906738,0.33777081966400146,418500
12,1675,250,-111.18775177001953,-0.44475099444389343,11.983713150024414,0.33737504482269287,418750
12,1676,250,-100.2776870727539,-0.4011107385158539,11.318721771240234,0.3369791507720947,419000
12,1677,250,-121.80990600585938,-0.48723962903022766,13.477949142456055,0.33658337593078613,419250
12,1678,250,-81.57188415527344,-0.32628753781318665,12.089609146118164,0.336187481880188,419500
12,1679,250,-161.74293518066406,-0.6469717621803284,11.797781944274902,0.3357917070388794,419750
12,1680,250,-123.39319610595703,-0.49357277154922485,11.235689163208008,0.33539581298828125,420000
12,1681,250,-78.5342788696289,-0.3141371011734009,13.028956413269043,0.33500003814697266,420250
12,1682,250,-69.44635772705078,-0.27778542041778564,12.062979698181152,0.3346041440963745,420500
12,1683,250,-143.41859436035156,-0.5736743807792664,11.672664642333984,0.3342083692550659,420750
12,1684,250,-131.88833618164062,-0.5275533199310303,11.172014236450195,0.3338124752044678,421000
12,1685,250,-88.77653503417969,-0.3551061451435089,13.203739166259766,0.3334167003631592,421250
12,1686,250,-105.8110122680664,-0.42324405908584595,12.244132995605469,0.33302080631256104,421500
12,1687,250,-127.96367645263672,-0.5118547081947327,11.269896507263184,0.33262503147125244,421750
12,1688,250,-57.45918655395508,-0.22983674705028534,11.26840591430664,0.3322291374206543,422000
12,1689,250,20.47185707092285,0.08188743144273758,12.675914764404297,0.3318333625793457,422250
12,1690,250,-51.21723937988281,-0.20486895740032196,11.647679328918457,0.33143746852874756,422500
12,1691,250,-127.89170837402344,-0.5115668177604675,11.504463195800781,0.33104169368743896,422750
12,1692,250,-27.240928649902344,-0.10896371304988861,10.877714157104492,0.3306457996368408,423000
12,1693,250,-25.94721221923828,-0.1037888452410698,13.333942413330078,0.3302500247955322,423250
12,1694,250,-34.93971252441406,-0.1397588551044464,11.980280876159668,0.32985419034957886,423500
12,1695,250,18.370582580566406,0.07348232716321945,11.48891544342041,0.3294583559036255,423750
12,1696,250,-89.03655242919922,-0.3561462163925171,10.98301887512207,0.3290625214576721,424000
12,1697,250,-32.71918487548828,-0.13087673485279083,13.674432754516602,0.32866668701171875,424250
12,1698,250,75.96794128417969,0.303871750831604,12.583861351013184,0.3282708525657654,424500
12,1699,250,-86.83814239501953,-0.3473525643348694,12.05566692352295,0.327875018119812,424750
12,1700,250,-81.95892333984375,-0.32783567905426025,11.549067497253418,0.32747918367385864,425000
12,1701,250,-98.88970947265625,-0.39555883407592773,13.275805473327637,0.3270833492279053,425250
12,1702,250,-67.59994506835938,-0.2703997790813446,12.362415313720703,0.3266875147819519,425500
12,1703,250,-76.03424835205078,-0.3041369915008545,11.47696304321289,0.32629168033599854,425750
12,1704,250,-61.685333251953125,-0.24674133956432343,11.452232360839844,0.32589584589004517,426000
12,1705,250,-121.31857299804688,-0.4852742850780487,13.908976554870605,0.3255000114440918,426250
12,1706,250,41.22584915161133,0.1649034023284912,12.135722160339355,0.3251041769981384,426500
12,1707,250,-95.91046905517578,-0.3836418688297272,11.699769973754883,0.32470834255218506,426750
12,1708,250,1.4035181999206543,0.0056140730157494545,11.09111213684082,0.3243125081062317,427000
12,1709,250,-145.2788848876953,-0.5811155438423157,13.794286727905273,0.3239166736602783,427250
12,1710,250,-78.62267303466797,-0.3144907057285309,12.328269958496094,0.32352083921432495,427500
12,1711,250,-82.5582275390625,-0.3302329182624817,11.336013793945312,0.3231250047683716,427750
12,1712,250,-110.00141906738281,-0.44000568985939026,11.00342845916748,0.3227291703224182,428000
12,1713,250,-225.04656982421875,-0.90018630027771,13.700197219848633,0.32233333587646484,428250
12,1714,250,-89.7341537475586,-0.358936607837677,12.28574275970459,0.3219375014305115,428500
12,1715,250,-150.285400390625,-0.6011415719985962,11.750760078430176,0.3215417265892029,428750
12,1716,250,-83.09292602539062,-0.33237171173095703,11.23845386505127,0.32114583253860474,429000
12,1717,250,-134.87322998046875,-0.5394929051399231,13.962472915649414,0.32075005769729614,429250
12,1718,250,-47.26152038574219,-0.18904608488082886,12.437349319458008,0.320354163646698,429500
12,1719,250,-97.7270736694336,-0.39090830087661743,11.781410217285156,0.3199583888053894,429750
12,1720,250,-93.66179656982422,-0.37464720010757446,11.38179874420166,0.31956249475479126,430000
12,1721,250,-63.85067367553711,-0.25540268421173096,13.628714561462402,0.31916671991348267,430250
12,1722,250,-65.89488220214844,-0.26357951760292053,12.663713455200195,0.3187708258628845,430500
12,1723,250,-77.81481170654297,-0.3112592399120331,12.053024291992188,0.3183750510215759,430750
12,1724,250,-98.33783721923828,-0.39335134625434875,11.848206520080566,0.3179791569709778,431000
12,1725,250,-86.7162094116211,-0.34686484932899475,13.390603065490723,0.3175833821296692,431250
12,1726,250,24.120471954345703,0.09648188948631287,11.951804161071777,0.31718748807907104,431500
12,1727,250,-88.05221557617188,-0.35220885276794434,11.947668075561523,0.3167916536331177,431750
12,1728,250,-51.484214782714844,-0.20593686401844025,11.61463451385498,0.3163958191871643,432000
12,1729,250,-201.4228057861328,-0.8056912422180176,13.304891586303711,0.31599998474121094,432250
12,1730,250,-71.27716064453125,-0.28510865569114685,11.868816375732422,0.31560415029525757,432500
12,1731,250,-57.95085144042969,-0.23180340230464935,11.53392505645752,0.3152083158493042,432750
12,1732,250,-45.52954864501953,-0.18211819231510162,11.109230995178223,0.31481248140335083,433000
12,1733,250,-20.619163513183594,-0.0824766531586647,13.531621932983398,0.31441664695739746,433250
12,1734,250,-103.3782958984375,-0.41351318359375,11.936992645263672,0.31402087211608887,433500
12,1735,250,-56.28631591796875,-0.22514526546001434,11.648198127746582,0.3136249780654907,433750
12,1736,250,-52.20048904418945,-0.20880195498466492,11.288442611694336,0.31322920322418213,434000
12,1737,250,-63.875457763671875,-0.2555018365383148,12.996973991394043,0.312833309173584,434250
12,1738,250,-83.85638427734375,-0.3354255259037018,11.883477210998535,0.3124375343322754,434500
12,1739,250,-119.30596923828125,-0.47722387313842773,11.293283462524414,0.31204164028167725,434750
12,1740,250,-120.21918487548828,-0.48087674379348755,10.843911170959473,0.31164586544036865,435000
12,1741,250,-176.47482299804688,-0.7058992981910706,12.432726860046387,0.3112499713897705,435250
12,1742,250,-100.53773498535156,-0.4021509289741516,11.347344398498535,0.3108541965484619,435500
12,1743,250,35.52039337158203,0.14208157360553741,10.989856719970703,0.31045830249786377,435750
12,1744,250,-201.2457275390625,-0.8049829006195068,10.682442665100098,0.3100625276565552,436000
12,1745,250,-176.8859405517578,-0.7075437903404236,11.107965469360352,0.30966663360595703,436250
12,1746,250,-115.63137817382812,-0.46252551674842834,10.34559440612793,0.30927085876464844,436500
12,1747,250,-175.2264862060547,-0.7009059190750122,9.982316970825195,0.3088749647140503,436750
12,1748,250,-153.17393493652344,-0.6126957535743713,9.334736824035645,0.3084791898727417,437000
12,1749,250,-160.9215850830078,-0.6436863541603088,10.608660697937012,0.30808329582214355,437250
12,1750,250,-120.9051742553711,-0.48362070322036743,9.547426223754883,0.30768752098083496,437500
12,1751,250,23.840654373168945,0.09536261856555939,9.074996948242188,0.3072916269302368,437750
12,1752,250,-169.25253295898438,-0.6770101189613342,8.889512062072754,0.3068958520889282,438000
12,1753,250,-221.53028869628906,-0.8861211538314819,10.37840747833252,0.30650001764297485,438250
12,1754,250,-189.16946411132812,-0.7566778659820557,9.333320617675781,0.3061041831970215,438500
12,1755,250,-159.00961303710938,-0.6360384225845337,8.936205863952637,0.3057083487510681,438750
12,1756,250,-228.79428100585938,-0.9151771068572998,8.892566680908203,0.30531251430511475,439000
12,1757,250,-169.60935974121094,-0.6784374117851257,10.565113067626953,0.3049166798591614,439250
12,1758,250,-486.0881652832031,-1.944352626800537,9.395957946777344,0.304520845413208,439500
12,1759,250,-369.61505126953125,-1.4784601926803589,8.838900566101074,0.30412501096725464,439750
12,1760,250,17.923236846923828,0.07169295102357864,9.094409942626953,0.30372917652130127,440000
12,1761,250,-285.8961181640625,-1.1435844898223877,9.952699661254883,0.3033333420753479,440250
12,1762,250,-371.3747253417969,-1.4854989051818848,8.973615646362305,0.30293750762939453,440500
12,1763,250,-235.7864990234375,-0.9431459903717041,8.962294578552246,0.30254167318344116,440750
12,1764,250,-203.168212890625,-0.8126728534698486,8.905417442321777,0.3021458387374878,441000
12,1765,250,-487.2145080566406,-1.9488580226898193,9.606802940368652,0.3017500042915344,441250
12,1766,250,-247.4729766845703,-0.9898918867111206,8.872174263000488,0.30135416984558105,441500
12,1767,250,-142.5887908935547,-0.5703551769256592,8.426959037780762,0.3009583353996277,441750
12,1768,250,-218.79559326171875,-0.8751823902130127,8.562727928161621,0.3005625009536743,442000
12,1769,250,-308.50836181640625,-1.234033465385437,9.07557201385498,0.30016666650772095,442250
12,1770,250,-35.87112808227539,-0.14348451793193817,8.449373245239258,0.2997708320617676,442500
12,1771,250,-108.40046691894531,-0.43360185623168945,8.407821655273438,0.2993749976158142,442750
12,1772,250,-48.75306701660156,-0.19501227140426636,8.239079475402832,0.29897916316986084,443000
12,1773,250,-409.3736877441406,-1.6374948024749756,9.317231178283691,0.29858332872390747,443250
12,1774,250,-139.6060028076172,-0.5584239959716797,8.510674476623535,0.2981875538825989,443500
12,1775,250,-261.3052673339844,-1.0452210903167725,8.333643913269043,0.29779165983200073,443750
12,1776,250,-194.1775360107422,-0.7767101526260376,8.27781867980957,0.29739588499069214,444000
12,1777,250,-111.21582794189453,-0.44486331939697266,9.793770790100098,0.296999990940094,444250
12,1778,250,-94.2291030883789,-0.37691640853881836,8.393869400024414,0.2966042160987854,444500
12,1779,250,-267.77874755859375,-1.0711150169372559,8.486726760864258,0.29620832204818726,444750
12,1780,250,-125.27998352050781,-0.5011199116706848,8.398990631103516,0.29581254720687866,445000
12,1781,250,-340.2506408691406,-1.3610025644302368,9.5639066696167,0.2954166531562805,445250
12,1782,250,-145.37054443359375,-0.5814821720123291,8.782116889953613,0.2950208783149719,445500
12,1783,250,-153.70223999023438,-0.614808976650238,8.478888511657715,0.2946249842643738,445750
12,1784,250,-134.3075714111328,-0.5372303128242493,8.163969993591309,0.2942292094230652,446000
12,1785,250,-114.40771484375,-0.45763087272644043,9.934026718139648,0.29383331537246704,446250
12,1786,250,-218.39930725097656,-0.8735972046852112,9.324237823486328,0.29343754053115845,446500
12,1787,250,-135.40872192382812,-0.5416349172592163,8.73861312866211,0.2930416464805603,446750
12,1788,250,-125.33949279785156,-0.5013579726219177,8.693995475769043,0.2926458716392517,447000
12,1789,250,-149.20626831054688,-0.5968250632286072,10.43856430053711,0.29224997758865356,447250
12,1790,250,-115.53430938720703,-0.46213725209236145,9.708988189697266,0.29185420274734497,447500
12,1791,250,-98.25981140136719,-0.3930392563343048,9.476399421691895,0.2914583086967468,447750
12,1792,250,-126.59379577636719,-0.5063751935958862,9.014525413513184,0.29106253385543823,448000
12,1793,250,-117.42565155029297,-0.4697026014328003,10.903936386108398,0.29066669940948486,448250
12,1794,250,-158.0640869140625,-0.6322563290596008,10.076215744018555,0.2902708649635315,448500
12,1795,250,-62.63816833496094,-0.2505526840686798,9.439315795898438,0.2898750305175781,448750
12,1796,250,-78.01039123535156,-0.3120415508747101,8.940978050231934,0.28947919607162476,449000
12,1797,250,-78.97765350341797,-0.31591060757637024,11.07299518585205,0.2890833616256714,449250
12,1798,250,-103.8545150756836,-0.4154180586338043,10.121570587158203,0.288687527179718,449500
12,1799,250,-157.58258056640625,-0.6303303241729736,10.048582077026367,0.28829169273376465,449750
12,1800,250,-68.3296890258789,-0.2733187675476074,9.635658264160156,0.2878958582878113,450000
12,1801,250,-113.28523254394531,-0.4531409442424774,11.75523567199707,0.2875000238418579,450250
12,1802,250,-112.77733612060547,-0.4511093497276306,10.812406539916992,0.28710412979125977,450500
12,1803,250,-76.97012329101562,-0.3078804910182953,10.333041191101074,0.28670835494995117,450750
12,1804,250,-78.30140686035156,-0.31320562958717346,10.194766998291016,0.286312460899353,451000
12,1805,250,-59.71466827392578,-0.2388586699962616,11.868638038635254,0.28591668605804443,451250
12,1806,250,-52.62523651123047,-0.21050094068050385,11.115378379821777,0.2855207920074463,451500
12,1807,250,-93.48697662353516,-0.3739479184150696,10.589170455932617,0.2851250171661377,451750
12,1808,250,-152.63668823242188,-0.6105467677116394,10.20980167388916,0.28472912311553955,452000
12,1809,250,-114.3099136352539,-0.45723965764045715,12.118413925170898,0.28433334827423096,452250
12,1810,250,-96.37187194824219,-0.38548749685287476,11.62288761138916,0.2839375138282776,452500
12,1811,250,-63.74591827392578,-0.25498366355895996,11.082720756530762,0.2835416793823242,452750
12,1812,250,-129.87110900878906,-0.5194844603538513,10.7586669921875,0.28314584493637085,453000
12,1813,250,-119.80743408203125,-0.47922974824905396,12.61871337890625,0.2827500104904175,453250
12,1814,250,-150.35568237304688,-0.6014227271080017,11.80814266204834,0.2823541760444641,453500
12,1815,250,-84.7166976928711,-0.33886680006980896,11.432914733886719,0.28195834159851074,453750
12,1816,250,-80.30106353759766,-0.3212042450904846,10.822030067443848,0.2815625071525574,454000
12,1817,250,-95.44932556152344,-0.38179731369018555,12.732603073120117,0.281166672706604,454250
12,1818,250,-85.50680541992188,-0.3420272171497345,11.582378387451172,0.28077083826065063,454500
12,1819,250,-65.39725494384766,-0.26158902049064636,11.4422025680542,0.28037500381469727,454750
12,1820,250,-82.0466079711914,-0.32818642258644104,11.059149742126465,0.2799791693687439,455000
12,1821,250,1.1427247524261475,0.004570899065583944,13.201212882995605,0.2795833349227905,455250
12,1822,250,-141.99449157714844,-0.5679779648780823,12.471247673034668,0.27918750047683716,455500
12,1823,250,-84.62871551513672,-0.33851486444473267,12.07009506225586,0.2787916660308838,455750
12,1824,250,-99.00936889648438,-0.3960374891757965,11.053242683410645,0.2783958315849304,456000
12,1825,250,-169.80931091308594,-0.6792372465133667,13.746464729309082,0.27799999713897705,456250
12,1826,250,-156.4901123046875,-0.6259604692459106,12.429701805114746,0.2776041626930237,456500
12,1827,250,-169.123779296875,-0.6764951348304749,11.901886940002441,0.2772083282470703,456750
12,1828,250,-66.49810791015625,-0.2659924328327179,11.661131858825684,0.27681249380111694,457000
12,1829,250,-63.90232467651367,-0.25560930371284485,13.940607070922852,0.2764166593551636,457250
12,1830,250,-102.60279083251953,-0.41041114926338196,12.562649726867676,0.2760208249092102,457500
12,1831,250,-184.50096130371094,-0.7380038499832153,12.120745658874512,0.2756250500679016,457750
12,1832,250,-127.38223266601562,-0.5095289349555969,11.34850788116455,0.27522915601730347,458000
12,1833,250,-130.38796997070312,-0.5215519070625305,13.704560279846191,0.2748333811759949,458250
12,1834,250,-149.3819580078125,-0.5975278615951538,12.396141052246094,0.27443748712539673,458500
12,1835,250,80.99021911621094,0.3239608705043793,11.634483337402344,0.27404171228408813,458750
12,1836,250,-74.37456512451172,-0.29749825596809387,11.024068832397461,0.27364581823349,459000
12,1837,250,-483.0354309082031,-1.9321417808532715,12.83300495147705,0.2732500433921814,459250
12,1838,250,-62.128684997558594,-0.24851474165916443,11.749018669128418,0.27285414934158325,459500
12,1839,250,-53.46101379394531,-0.21384406089782715,10.882414817810059,0.27245837450027466,459750
12,1840,250,-63.21610641479492,-0.25286442041397095,10.68018627166748,0.2720624804496765,460000
12,1841,250,-57.96147155761719,-0.231845885515213,12.795886993408203,0.2716667056083679,460250
12,1842,250,-146.88607788085938,-0.587544322013855,11.44981861114502,0.2712708115577698,460500
12,1843,250,-93.65373229980469,-0.3746149241924286,10.400395393371582,0.2708750367164612,460750
12,1844,250,29.147409439086914,0.11658963561058044,10.263300895690918,0.27047914266586304,461000
12,1845,250,-25.50652313232422,-0.1020260900259018,12.02099323272705,0.27008336782455444,461250
12,1846,250,-142.4481201171875,-0.5697925090789795,10.730868339538574,0.2696874737739563,461500
12,1847,250,-96.4349594116211,-0.38573983311653137,10.31805419921875,0.2692916989326477,461750
12,1848,250,-158.57662963867188,-0.6343064904212952,10.06379508972168,0.26889580488204956,462000
12,1849,250,-101.54360961914062,-0.4061744511127472,11.463480949401855,0.26850003004074097,462250
12,1850,250,-28.3746337890625,-0.11349853873252869,9.876227378845215,0.2681041955947876,462500
12,1851,250,-92.72122955322266,-0.3708849251270294,9.63252067565918,0.26770836114883423,462750
12,1852,250,-65.83789825439453,-0.26335158944129944,9.110418319702148,0.26731252670288086,463000
12,1853,250,-118.3065414428711,-0.4732261598110199,11.0044527053833,0.2669166922569275,463250
12,1854,250,-215.76988220214844,-0.8630795478820801,10.549205780029297,0.2665208578109741,463500
12,1855,250,-168.52870178222656,-0.6741148233413696,9.788324356079102,0.26612502336502075,463750
12,1856,250,-81.20561218261719,-0.32482245564460754,9.415454864501953,0.2657291889190674,464000
12,1857,250,-149.97764587402344,-0.59991055727005,11.050827026367188,0.265333354473114,464250
12,1858,250,-92.46768951416016,-0.36987075209617615,10.142820358276367,0.26493752002716064,464500
12,1859,250,24.099292755126953,0.09639716893434525,9.753161430358887,0.2645416855812073,464750
12,1860,250,-41.307926177978516,-0.16523170471191406,9.519279479980469,0.2641458511352539,465000
12,1861,250,-53.514041900634766,-0.21405616402626038,10.535496711730957,0.26375001668930054,465250
12,1862,250,-82.82888793945312,-0.3313155472278595,9.714543342590332,0.26335418224334717,465500
12,1863,250,-52.05006790161133,-0.20820027589797974,9.167367935180664,0.2629583477973938,465750
12,1864,250,-17.8734073638916,-0.07149363309144974,8.888041496276855,0.26256251335144043,466000
12,1865,250,-64.67984771728516,-0.25871938467025757,11.058544158935547,0.26216667890548706,466250
12,1866,250,-60.44683074951172,-0.24178732931613922,10.410375595092773,0.2617708444595337,466500
12,1867,250,197.3786163330078,0.7895144820213318,9.603914260864258,0.2613750100135803,466750
12,1868,250,-56.625465393066406,-0.22650186717510223,9.37086296081543,0.26097917556762695,467000
12,1869,250,-30.935714721679688,-0.12374285608530045,11.354954719543457,0.2605833411216736,467250
12,1870,250,-96.92493438720703,-0.3876997232437134,10.47104549407959,0.2601875066757202,467500
12,1871,250,-38.263214111328125,-0.15305285155773163,10.004490852355957,0.2597917318344116,467750
12,1872,250,-103.61260986328125,-0.41445043683052063,9.739494323730469,0.2593958377838135,468000
12,1873,250,-187.2753448486328,-0.7491014003753662,11.039668083190918,0.2590000629425049,468250
12,1874,250,-57.56305694580078,-0.2302522212266922,10.94464111328125,0.25860416889190674,468500
12,1875,250,-56.09333419799805,-0.22437334060668945,10.175592422485352,0.25820839405059814,468750
12,1876,250,-51.278114318847656,-0.20511245727539062,10.121100425720215,0.2578125,469000
12,1877,250,-61.14529037475586,-0.2445811629295349,11.323025703430176,0.25741666555404663,469250
12,1878,250,12.721563339233398,0.050886254757642746,10.62218189239502,0.25702083110809326,469500
12,1879,250,-74.15258026123047,-0.2966103255748749,10.2634859085083,0.2566249966621399,469750
12,1880,250,-95.00348663330078,-0.38001394271850586,10.300457000732422,0.2562291622161865,470000
12,1881,250,-103.2348403930664,-0.4129393696784973,11.341938018798828,0.25583332777023315,470250
12,1882,250,-39.56046676635742,-0.158241868019104,10.560510635375977,0.2554374933242798,470500
12,1883,250,-39.843719482421875,-0.1593748778104782,10.190805435180664,0.2550416588783264,470750
12,1884,250,49.56963348388672,0.1982785314321518,9.691206932067871,0.25464582443237305,471000
12,1885,250,54.58070755004883,0.21832282841205597,11.071636199951172,0.2542499899864197,471250
12,1886,250,39.571720123291016,0.15828688442707062,10.617046356201172,0.2538541555404663,471500
12,1887,250,-44.9243049621582,-0.1796972155570984,10.195335388183594,0.25345832109451294,471750
12,1888,250,5.866854667663574,0.023467417806386948,9.979887008666992,0.25306248664855957,472000
12,1889,250,-16.056962966918945,-0.06422784924507141,11.192479133605957,0.2526666522026062,472250
12,1890,250,-4.236041069030762,-0.016944164410233498,10.690511703491211,0.2522708773612976,472500
12,1891,250,-95.69798278808594,-0.3827919363975525,10.410116195678711,0.25187498331069946,472750
12,1892,250,-60.095458984375,-0.24038183689117432,9.965498924255371,0.25147920846939087,473000
12,1893,250,-79.22078704833984,-0.3168831467628479,10.987770080566406,0.2510833144187927,473250
12,1894,250,-88.88459777832031,-0.35553839802742004,10.401874542236328,0.25068753957748413,473500
12,1895,250,-66.68326568603516,-0.2667330503463745,9.846256256103516,0.250291645526886,473750
12,1896,250,-74.4718017578125,-0.2978872060775757,9.771203994750977,0.2498958706855774,474000
12,1897,250,-88.34649658203125,-0.3533859848976135,10.489239692687988,0.24949997663497925,474250
12,1898,250,-103.7991943359375,-0.4151967763900757,10.037528991699219,0.24910420179367065,474500
12,1899,250,-103.91659545898438,-0.4156663715839386,9.858498573303223,0.2487083077430725,474750
12,1900,250,-93.47710418701172,-0.3739084303379059,9.45548152923584,0.24831253290176392,475000
12,1901,250,-142.1487579345703,-0.5685950517654419,10.063009262084961,0.24791663885116577,475250
12,1902,250,-90.81871032714844,-0.36327484250068665,9.51567554473877,0.24752086400985718,475500
12,1903,250,-133.97900390625,-0.5359160304069519,9.442890167236328,0.24712496995925903,475750
12,1904,250,-70.32719421386719,-0.28130877017974854,8.890045166015625,0.24672919511795044,476000
12,1905,250,-66.98441314697266,-0.26793766021728516,9.661794662475586,0.2463333010673523,476250
12,1906,250,-82.54730987548828,-0.33018922805786133,9.051076889038086,0.2459375262260437,476500
12,1907,250,-62.637996673583984,-0.2505519986152649,8.618566513061523,0.24554163217544556,476750
12,1908,250,-83.65534210205078,-0.3346213698387146,8.812949180603027,0.24514585733413696,477000
12,1909,250,-61.55424118041992,-0.24621696770191193,9.075931549072266,0.2447500228881836,477250
12,1910,250,-85.30520629882812,-0.34122082591056824,8.50556755065918,0.24435418844223022,477500
12,1911,250,73.9306640625,0.2957226634025574,8.264359474182129,0.24395835399627686,477750
12,1912,250,74.57572174072266,0.29830288887023926,8.072447776794434,0.2435625195503235,478000
12,1913,250,-28.894559860229492,-0.11557824164628983,8.863160133361816,0.24316668510437012,478250
12,1914,250,-154.07290649414062,-0.6162916421890259,8.127583503723145,0.24277085065841675,478500
12,1915,250,-88.10738372802734,-0.3524295389652252,7.933491230010986,0.24237501621246338,478750
12,1916,250,-60.10670471191406,-0.24042682349681854,7.7470855712890625,0.24197918176651,479000
12,1917,250,-105.60669708251953,-0.4224267899990082,8.562508583068848,0.24158334732055664,479250
12,1918,250,-91.20256042480469,-0.3648102283477783,7.839223861694336,0.24118751287460327,479500
12,1919,250,-98.83963775634766,-0.3953585624694824,7.927094459533691,0.2407916784286499,479750
12,1920,250,-112.70197296142578,-0.4508078992366791,7.438499927520752,0.24039584398269653,480000
12,1921,250,-193.36160278320312,-0.7734464406967163,8.56981086730957,0.24000000953674316,480250
12,1922,250,-208.0681610107422,-0.8322726488113403,8.160990715026855,0.2396041750907898,480500
12,1923,250,-254.02430725097656,-1.0160971879959106,7.9770073890686035,0.23920834064483643,480750
12,1924,250,-213.54946899414062,-0.8541978597640991,7.850709915161133,0.23881250619888306,481000
12,1925,250,-149.29689025878906,-0.5971875786781311,8.719883918762207,0.2384166717529297,481250
12,1926,250,-141.14892578125,-0.5645956993103027,8.382946968078613,0.23802083730697632,481500
12,1927,250,-134.1914825439453,-0.5367659330368042,8.11959457397461,0.23762500286102295,481750
12,1928,250,-192.26512145996094,-0.769060492515564,8.284955024719238,0.23722916841506958,482000
12,1929,250,-266.0355224609375,-1.064142107963562,8.780660629272461,0.2368333339691162,482250
12,1930,250,-130.85604858398438,-0.5234242081642151,8.078977584838867,0.23643755912780762,482500
12,1931,250,-304.6927490234375,-1.218770980834961,7.862704753875732,0.23604166507720947,482750
12,1932,250,-127.7750473022461,-0.511100172996521,8.051264762878418,0.23564589023590088,483000
12,1933,250,-168.345947265625,-0.6733837723731995,8.049413681030273,0.23524999618530273,483250
12,1934,250,-126.64803314208984,-0.5065921545028687,7.8264007568359375,0.23485422134399414,483500
12,1935,250,-106.77741241455078,-0.42710965871810913,7.6160888671875,0.234458327293396,483750
12,1936,250,-86.42858123779297,-0.3457143306732178,7.5950469970703125,0.2340625524520874,484000
12,1937,250,-135.9834747314453,-0.5439339280128479,8.277585983276367,0.23366665840148926,484250
12,1938,250,-151.78041076660156,-0.6071216464042664,7.9931745529174805,0.23327088356018066,484500
12,1939,250,-51.23217010498047,-0.2049286812543869,7.732962131500244,0.23287498950958252,484750
12,1940,250,-87.1240234375,-0.34849607944488525,7.734682083129883,0.23247921466827393,485000
12,1941,250,-149.1153106689453,-0.5964612364768982,8.09603500366211,0.23208332061767578,485250
12,1942,250,90.99932861328125,0.36399731040000916,7.469390392303467,0.2316875457763672,485500
12,1943,250,-67.03394317626953,-0.26813578605651855,7.88886022567749,0.23129165172576904,485750
12,1944,250,-44.44654846191406,-0.1777862012386322,7.412100791931152,0.23089587688446045,486000
12,1945,250,-93.5037841796875,-0.37401512265205383,8.175917625427246,0.2304999828338623,486250
12,1946,250,-102.6514892578125,-0.4106059670448303,7.667574882507324,0.2301042079925537,486500
12,1947,250,-89.49163818359375,-0.3579665422439575,7.726630210876465,0.22970831394195557,486750
12,1948,250,-107.84129333496094,-0.43136516213417053,7.661543369293213,0.22931253910064697,487000
12,1949,250,-43.74177551269531,-0.17496709525585175,8.525602340698242,0.2289167046546936,487250
12,1950,250,-87.10350036621094,-0.34841400384902954,8.152764320373535,0.22852087020874023,487500
12,1951,250,-44.94513702392578,-0.17978054285049438,8.206470489501953,0.22812503576278687,487750
12,1952,250,-76.62299346923828,-0.3064919710159302,7.914968967437744,0.22772914171218872,488000
12,1953,250,-76.15483093261719,-0.30461931228637695,8.37597942352295,0.22733336687088013,488250
12,1954,250,-73.3350830078125,-0.2933403253555298,8.046855926513672,0.22693747282028198,488500
12,1955,250,140.77462768554688,0.5630984902381897,7.8103508949279785,0.2265416979789734,488750
12,1956,250,46.4743537902832,0.18589740991592407,7.942127227783203,0.22614580392837524,489000
12,1957,250,-10.703879356384277,-0.042815517634153366,8.139877319335938,0.22575002908706665,489250
12,1958,250,-89.51223754882812,-0.3580489456653595,8.024893760681152,0.2253541350364685,489500
12,1959,250,-11.212728500366211,-0.0448509156703949,7.641141414642334,0.2249583601951599,489750
12,1960,250,-32.22610092163086,-0.12890440225601196,7.672301769256592,0.22456246614456177,490000
12,1961,250,-90.65715026855469,-0.36262860894203186,8.871047973632812,0.22416669130325317,490250
12,1962,250,-34.35407638549805,-0.1374163031578064,8.014760971069336,0.22377079725265503,490500
12,1963,250,-51.04607391357422,-0.20418429374694824,8.054577827453613,0.22337502241134644,490750
12,1964,250,-83.49385070800781,-0.3339754045009613,7.8346686363220215,0.2229791283607483,491000
12,1965,250,-10.705087661743164,-0.04282034933567047,8.291844367980957,0.2225833535194397,491250
12,1966,250,-82.27812194824219,-0.3291124999523163,8.294729232788086,0.22218745946884155,491500
12,1967,250,-51.122352600097656,-0.20448940992355347,7.858364105224609,0.22179168462753296,491750
12,1968,250,-102.4307861328125,-0.4097231328487396,7.842572212219238,0.2213958501815796,492000
12,1969,250,44.123085021972656,0.1764923334121704,7.889993667602539,0.22100001573562622,492250
12,1970,250,21.723501205444336,0.08689400553703308,7.5766801834106445,0.22060418128967285,492500
12,1971,250,-79.55782318115234,-0.3182312846183777,7.254187107086182,0.22020834684371948,492750
12,1972,250,-75.16289520263672,-0.30065158009529114,7.190935134887695,0.2198125123977661,493000
12,1973,250,-93.45357513427734,-0.37381431460380554,7.579294681549072,0.21941667795181274,493250
12,1974,250,-15.158583641052246,-0.06063433364033699,6.891897201538086,0.21902084350585938,493500
12,1975,250,-48.582069396972656,-0.19432827830314636,6.743031024932861,0.218625009059906,493750
12,1976,250,-172.11021423339844,-0.6884408593177795,6.814781665802002,0.21822917461395264,494000
12,1977,250,-27.986122131347656,-0.11194448918104172,6.871188163757324,0.21783334016799927,494250
12,1978,250,-69.14260864257812,-0.2765704393386841,6.621822357177734,0.2174375057220459,494500
12,1979,250,-71.47845458984375,-0.2859138250350952,6.2783308029174805,0.21704167127609253,494750
12,1980,250,-94.56401824951172,-0.37825608253479004,6.5689616203308105,0.21664583683013916,495000
12,1981,250,-114.09133911132812,-0.45636534690856934,7.043700218200684,0.2162500023841858,495250
12,1982,250,-114.24077606201172,-0.45696309208869934,6.637282371520996,0.21585416793823242,495500
12,1983,250,-68.30179595947266,-0.2732071876525879,6.446113586425781,0.21545833349227905,495750
12,1984,250,-81.8184585571289,-0.3272738456726074,6.526566028594971,0.21506249904632568,496000
12,1985,250,-92.62922668457031,-0.37051689624786377,6.815330982208252,0.21466666460037231,496250
12,1986,250,-108.06261444091797,-0.4322504699230194,6.644229412078857,0.21427083015441895,496500
12,1987,250,12.273974418640137,0.04909589886665344,6.661880970001221,0.21387499570846558,496750
12,1988,250,31.547880172729492,0.12619152665138245,6.494444370269775,0.2134791612625122,497000
12,1989,250,-58.83256530761719,-0.2353302538394928,7.124831199645996,0.2130833864212036,497250
12,1990,250,-19.62938690185547,-0.07851754873991013,6.945167064666748,0.21268749237060547,497500
12,1991,250,-66.26007843017578,-0.2650403082370758,6.954737663269043,0.21229171752929688,497750
12,1992,250,-112.78337097167969,-0.45113348960876465,6.745472431182861,0.21189582347869873,498000
12,1993,250,-46.637939453125,-0.1865517646074295,7.478610992431641,0.21150004863739014,498250
12,1994,250,-9.697921752929688,-0.03879168629646301,7.0244832038879395,0.211104154586792,498500
12,1995,250,-85.59034729003906,-0.3423613905906677,6.969876766204834,0.2107083797454834,498750
12,1996,250,-100.55420684814453,-0.4022168219089508,6.768122673034668,0.21031248569488525,499000
12,1997,250,-66.32732391357422,-0.26530930399894714,7.476062774658203,0.20991671085357666,499250
12,1998,250,-74.39083862304688,-0.2975633442401886,7.226109504699707,0.20952081680297852,499500
12,1999,250,-125.65409088134766,-0.5026163458824158,7.087809085845947,0.20912504196166992,499750
12,2000,250,-105.71343231201172,-0.4228537380695343,6.838398456573486,0.20872914791107178,500000
12,2001,250,-92.0381088256836,-0.3681524395942688,7.41876220703125,0.20833337306976318,500250
12,2002,250,-88.75780487060547,-0.35503122210502625,7.0054802894592285,0.20793747901916504,500500
12,2003,250,-64.23050689697266,-0.25692203640937805,6.732811450958252,0.20754170417785645,500750
12,2004,250,-80.27896881103516,-0.3211158812046051,6.464893341064453,0.2071458101272583,501000
12,2005,250,-129.09677124023438,-0.5163871049880981,7.167384147644043,0.2067500352859497,501250
12,2006,250,-131.64767456054688,-0.5265907049179077,6.9270501136779785,0.20635414123535156,501500
12,2007,250,-9.793546676635742,-0.03917418792843819,6.817005157470703,0.20595836639404297,501750
12,2008,250,-47.910709381103516,-0.19164283573627472,6.653646469116211,0.2055625319480896,502000
12,2009,250,-51.12418746948242,-0.20449675619602203,7.064053535461426,0.20516669750213623,502250
12,2010,250,-99.948486328125,-0.39979395270347595,6.879679203033447,0.20477086305618286,502500
12,2011,250,-55.90371322631836,-0.2236148566007614,6.69239616394043,0.2043750286102295,502750
12,2012,250,-97.998779296875,-0.3919951319694519,6.600701808929443,0.20397919416427612,503000
12,2013,250,-105.6949234008789,-0.4227796792984009,7.244946479797363,0.20358335971832275,503250
12,2014,250,-7.440704345703125,-0.029762817546725273,6.96868371963501,0.20318752527236938,503500
12,2015,250,-96.62103271484375,-0.3864841163158417,6.806109428405762,0.20279169082641602,503750
12,2016,250,-160.92739868164062,-0.6437095999717712,6.561267852783203,0.20239585638046265,504000
12,2017,250,-117.08621215820312,-0.4683448374271393,7.29241943359375,0.20200002193450928,504250
12,2018,250,-107.02433013916016,-0.42809730768203735,6.894393444061279,0.2016041874885559,504500
12,2019,250,5.559494495391846,0.022237978875637054,6.843440055847168,0.20120835304260254,504750
12,2020,250,-88.22054290771484,-0.35288217663764954,6.920808792114258,0.20081251859664917,505000
12,2021,250,-112.23930358886719,-0.4489572048187256,7.43065071105957,0.2004166841506958,505250
12,2022,250,-114.25322723388672,-0.45701292157173157,6.819270133972168,0.20002084970474243,505500
12,2023,250,-82.6196060180664,-0.3304784297943115,6.750044345855713,0.19962501525878906,505750
12,2024,250,-139.55233764648438,-0.5582093596458435,6.726889610290527,0.1992291808128357,506000
12,2025,250,-136.2181396484375,-0.5448725819587708,7.033761978149414,0.19883334636688232,506250
12,2026,250,-74.0564956665039,-0.29622599482536316,7.310984134674072,0.19843751192092896,506500
12,2027,250,-100.16272735595703,-0.40065091848373413,6.871950149536133,0.19804167747497559,506750
12,2028,250,-103.10650634765625,-0.41242602467536926,6.671472072601318,0.19764584302902222,507000
12,2029,250,-96.80778503417969,-0.38723114132881165,6.908374309539795,0.19725000858306885,507250
12,2030,250,-104.86347198486328,-0.419453889131546,6.551533222198486,0.19685417413711548,507500
12,2031,250,-39.51278305053711,-0.15805113315582275,6.420767784118652,0.1964583396911621,507750
12,2032,250,-104.25171661376953,-0.41700688004493713,6.559008598327637,0.19606250524520874,508000
12,2033,250,-116.67213439941406,-0.4666885435581207,6.816514492034912,0.19566667079925537,508250
12,2034,250,-97.82267761230469,-0.39129072427749634,6.696465492248535,0.195270836353302,508500
12,2035,250,-58.96371078491211,-0.2358548492193222,6.497934818267822,0.19487500190734863,508750
12,2036,250,-116.61920166015625,-0.46647679805755615,6.230571746826172,0.19447916746139526,509000
12,2037,250,-89.16437530517578,-0.3566575050354004,7.055639743804932,0.1940833330154419,509250
12,2038,250,-6.595531940460205,-0.02638212777674198,6.712058067321777,0.19368749856948853,509500
12,2039,250,-94.8758316040039,-0.3795033395290375,6.478586673736572,0.19329166412353516,509750
12,2040,250,-25.83236312866211,-0.10332944989204407,6.572404384613037,0.1928958296775818,510000
12,2041,250,-18.764358520507812,-0.07505743205547333,7.195223331451416,0.19249999523162842,510250
12,2042,250,7.5894365310668945,0.03035774640738964,6.856129169464111,0.19210416078567505,510500
12,2043,250,-46.547664642333984,-0.186190664768219,6.663933277130127,0.19170832633972168,510750
12,2044,250,-48.23578643798828,-0.19294314086437225,6.671100616455078,0.1913124918937683,511000
12,2045,250,-25.726787567138672,-0.10290715098381042,7.633002758026123,0.19091665744781494,511250
12,2046,250,-11.514192581176758,-0.04605676978826523,7.173433780670166,0.19052082300186157,511500
12,2047,250,50.05344009399414,0.20021376013755798,7.291365623474121,0.1901249885559082,511750
12,2048,250,-35.61588668823242,-0.1424635499715805,7.158538341522217,0.1897292137145996,512000
12,2049,250,-123.98321533203125,-0.49593284726142883,7.947635173797607,0.18933331966400146,512250
12,2050,250,-110.35467529296875,-0.44141870737075806,7.509701251983643,0.18893754482269287,512500
12,2051,250,-19.677284240722656,-0.07870914041996002,7.158261299133301,0.18854165077209473,512750
12,2052,250,63.414520263671875,0.25365808606147766,6.995466709136963,0.18814587593078613,513000
12,2053,250,47.64215850830078,0.19056864082813263,7.450644016265869,0.187749981880188,513250
12,2054,250,-38.54100036621094,-0.15416400134563446,7.2570319175720215,0.1873542070388794,513500
12,2055,250,38.85798263549805,0.15543192625045776,7.005305767059326,0.18695831298828125,513750
12,2056,250,-57.04351806640625,-0.22817407548427582,7.163229465484619,0.18656253814697266,514000
12,2057,250,-41.09690475463867,-0.16438761353492737,7.347276210784912,0.1861666440963745,514250
12,2058,250,-53.44248580932617,-0.21376994252204895,7.29556131362915,0.18577086925506592,514500
12,2059,250,53.652252197265625,0.21460901200771332,6.928289890289307,0.18537497520446777,514750
12,2060,250,-6.2393622398376465,-0.02495744824409485,6.973203659057617,0.18497920036315918,515000
12,2061,250,-18.368074417114258,-0.07347229868173599,7.233562469482422,0.18458330631256104,515250
12,2062,250,-22.990339279174805,-0.09196135401725769,6.835989952087402,0.18418753147125244,515500
12,2063,250,-94.69457244873047,-0.37877827882766724,7.218300819396973,0.1837916374206543,515750
12,2064,250,-63.108856201171875,-0.2524354159832001,6.828329086303711,0.1833958625793457,516000
12,2065,250,-15.909612655639648,-0.06363844871520996,7.3501362800598145,0.18299996852874756,516250
12,2066,250,-97.73694610595703,-0.39094778895378113,6.909922122955322,0.18260419368743896,516500
12,2067,250,-29.217763900756836,-0.11687105894088745,6.676387786865234,0.1822083592414856,516750
12,2068,250,-121.48609161376953,-0.48594436049461365,6.830723285675049,0.18181252479553223,517000
12,2069,250,-76.4404525756836,-0.30576181411743164,6.9858527183532715,0.18141669034957886,517250
12,2070,250,-102.47557067871094,-0.40990227460861206,7.017598628997803,0.1810208559036255,517500
12,2071,250,-69.91415405273438,-0.27965661883354187,6.581076145172119,0.18062502145767212,517750
12,2072,250,-110.4129867553711,-0.44165194034576416,6.589620113372803,0.18022918701171875,518000
12,2073,250,-73.16895294189453,-0.29267582297325134,7.13887357711792,0.17983335256576538,518250
12,2074,250,-54.875770568847656,-0.21950307488441467,6.821221351623535,0.179437518119812,518500
12,2075,250,-94.22293090820312,-0.37689173221588135,6.676364421844482,0.17904168367385864,518750
12,2076,250,-77.26457977294922,-0.3090583086013794,6.531589984893799,0.17864584922790527,519000
12,2077,250,-65.8956527709961,-0.26358261704444885,7.14418888092041,0.1782500147819519,519250
12,2078,250,-74.49156188964844,-0.29796624183654785,6.70809268951416,0.17785418033599854,519500
12,2079,250,-36.754913330078125,-0.1470196545124054,6.810184478759766,0.17745834589004517,519750
12,2080,250,-103.18614196777344,-0.41274458169937134,6.712998867034912,0.1770625114440918,520000
12,2081,250,-83.74484252929688,-0.3349793553352356,6.798744201660156,0.17666667699813843,520250
12,2082,250,-59.77003860473633,-0.23908016085624695,6.731107711791992,0.17627084255218506,520500
12,2083,250,124.7105712890625,0.4988422989845276,6.233521938323975,0.1758750081062317,520750
12,2084,250,-87.86090087890625,-0.3514435887336731,6.474853038787842,0.17547917366027832,521000
12,2085,250,-81.80223846435547,-0.3272089660167694,6.7248430252075195,0.17508333921432495,521250
12,2086,250,-65.30557250976562,-0.26122230291366577,6.3316144943237305,0.17468750476837158,521500
12,2087,250,23.94846534729004,0.09579385817050934,6.143868923187256,0.1742916703224182,521750
12,2088,250,-85.89783477783203,-0.3435913324356079,6.00592565536499,0.17389589548110962,522000
12,2089,250,-44.58759689331055,-0.17835038900375366,6.498162746429443,0.17350000143051147,522250
12,2090,250,-56.62860870361328,-0.22651442885398865,6.352273464202881,0.17310422658920288,522500
12,2091,250,31.480701446533203,0.1259227991104126,6.062806606292725,0.17270833253860474,522750
12,2092,250,76.56690979003906,0.306267648935318,6.103662014007568,0.17231255769729614,523000
12,2093,250,-25.489612579345703,-0.10195845365524292,6.516451835632324,0.171916663646698,523250
12,2094,250,40.319305419921875,0.16127721965312958,6.319116115570068,0.1715208888053894,523500
12,2095,250,-50.61628341674805,-0.20246513187885284,6.129745006561279,0.17112499475479126,523750
12,2096,250,-72.44923400878906,-0.28979694843292236,6.191555500030518,0.17072921991348267,524000
12,2097,250,-26.991125106811523,-0.10796450078487396,6.307211875915527,0.17033332586288452,524250
12,2098,250,-84.78437042236328,-0.3391374945640564,6.135373115539551,0.16993755102157593,524500
12,2099,250,-97.86370086669922,-0.391454815864563,6.273747444152832,0.16954165697097778,524750
12,2100,250,-52.827877044677734,-0.21131150424480438,6.120163917541504,0.1691458821296692,525000
12,2101,250,-3.5060110092163086,-0.014024044387042522,6.265653133392334,0.16874998807907104,525250
12,2102,250,-9.494393348693848,-0.03797757253050804,6.265209197998047,0.16835415363311768,525500
12,2103,250,168.68450927734375,0.6747380495071411,6.1082763671875,0.1679583191871643,525750
12,2104,250,-105.1910171508789,-0.4207640588283539,6.15510368347168,0.16756248474121094,526000
12,2105,250,-45.81443786621094,-0.18325775861740112,6.4718098640441895,0.16716665029525757,526250
12,2106,250,-76.85517883300781,-0.3074207007884979,6.189255237579346,0.1667708158493042,526500
12,2107,250,79.67229461669922,0.31868916749954224,6.2589826583862305,0.1663750410079956,526750
12,2108,250,-59.24101257324219,-0.23696404695510864,6.189382553100586,0.16597914695739746,527000
12,2109,250,-52.641902923583984,-0.21056760847568512,6.6506242752075195,0.16558337211608887,527250
12,2110,250,-48.97495651245117,-0.1958998292684555,6.1248297691345215,0.16518747806549072,527500
12,2111,250,53.87287521362305,0.21549150347709656,6.336276054382324,0.16479170322418213,527750
12,2112,250,-67.00780487060547,-0.26803120970726013,6.162132740020752,0.16439580917358398,528000
12,2113,250,-15.868310928344727,-0.06347324699163437,6.682351589202881,0.1640000343322754,528250
12,2114,250,-68.25404357910156,-0.27301618456840515,6.557638168334961,0.16360414028167725,528500
12,2115,250,-125.62528991699219,-0.5025011301040649,6.371289253234863,0.16320836544036865,528750
12,2116,250,-72.98345947265625,-0.2919338345527649,6.37515926361084,0.1628124713897705,529000
12,2117,250,10.016385078430176,0.04006554186344147,6.909816741943359,0.16241669654846191,529250
12,2118,250,-61.05275344848633,-0.24421101808547974,6.42785120010376,0.16202080249786377,529500
12,2119,250,-61.052982330322266,-0.24421192705631256,6.575798034667969,0.16162502765655518,529750
12,2120,250,-58.6731071472168,-0.23469242453575134,6.443782329559326,0.16122913360595703,530000
12,2121,250,10.75560474395752,0.04302242025732994,6.512237071990967,0.16083335876464844,530250
12,2122,250,-61.41051483154297,-0.2456420660018921,6.567938327789307,0.1604374647140503,530500
12,2123,250,-98.78473663330078,-0.3951389491558075,6.304227352142334,0.1600416898727417,530750
12,2124,250,-60.92425537109375,-0.24369701743125916,6.4564690589904785,0.15964579582214355,531000
12,2125,250,47.279197692871094,0.18911679089069366,6.6952924728393555,0.15925002098083496,531250
12,2126,250,-34.72142028808594,-0.13888567686080933,6.588858127593994,0.1588541865348816,531500
12,2127,250,88.70954895019531,0.35483819246292114,6.707845687866211,0.15845835208892822,531750
12,2128,250,-87.59931945800781,-0.3503972887992859,6.29050874710083,0.15806251764297485,532000
12,2129,250,-45.89072799682617,-0.18356290459632874,6.659732341766357,0.15766668319702148,532250
12,2130,250,-55.487701416015625,-0.22195079922676086,6.532525539398193,0.15727084875106812,532500
12,2131,250,-57.93096160888672,-0.2317238450050354,6.388491630554199,0.15687501430511475,532750
12,2132,250,19.17494773864746,0.07669979333877563,6.184499740600586,0.15647917985916138,533000
12,2133,250,-81.6796875,-0.3267187476158142,6.481224060058594,0.156083345413208,533250
12,2134,250,-49.899959564208984,-0.19959983229637146,6.05211067199707,0.15568751096725464,533500
12,2135,250,-136.2197265625,-0.5448789000511169,5.836837291717529,0.15529167652130127,533750
12,2136,250,-64.15047454833984,-0.25660189986228943,5.851135730743408,0.1548958420753479,534000
12,2137,250,-70.69698333740234,-0.28278791904449463,5.948586463928223,0.15450000762939453,534250
12,2138,250,175.13076782226562,0.7005230784416199,5.742526531219482,0.15410417318344116,534500
12,2139,250,-66.4012680053711,-0.26560506224632263,5.819140434265137,0.1537083387374878,534750
12,2140,250,-75.3621597290039,-0.30144864320755005,5.751525402069092,0.15331250429153442,535000
12,2141,250,-42.507877349853516,-0.17003150284290314,5.8790411949157715,0.15291666984558105,535250
12,2142,250,-91.102294921875,-0.3644091784954071,5.746092319488525,0.15252083539962769,535500
12,2143,250,-92.9722671508789,-0.37188905477523804,5.779891014099121,0.15212500095367432,535750
12,2144,250,-83.4657211303711,-0.33386287093162537,5.53892707824707,0.15172916650772095,536000
12,2145,250,-89.14350891113281,-0.35657402873039246,5.663581371307373,0.15133333206176758,536250
12,2146,250,-45.123775482177734,-0.18049509823322296,5.454004287719727,0.1509374976158142,536500
12,2147,250,-77.875,-0.31150001287460327,5.3252339363098145,0.15054172277450562,536750
12,2148,250,-60.391448974609375,-0.2415657937526703,5.386020183563232,0.15014582872390747,537000
12,2149,250,-25.08599281311035,-0.1003439724445343,5.521977424621582,0.14975005388259888,537250
12,2150,250,-33.25761413574219,-0.1330304592847824,5.3959527015686035,0.14935415983200073,537500
12,2151,250,-55.063392639160156,-0.2202535718679428,5.4206366539001465,0.14895838499069214,537750
12,2152,250,-67.7291259765625,-0.27091649174690247,5.206684589385986,0.148562490940094,538000
12,2153,250,-47.902469635009766,-0.19160987436771393,5.255724906921387,0.1481667160987854,538250
12,2154,250,-107.7881851196289,-0.43115273118019104,5.247386932373047,0.14777082204818726,538500
12,2155,250,-43.62548828125,-0.1745019555091858,5.036376476287842,0.14737504720687866,538750
12,2156,250,-80.0792007446289,-0.32031679153442383,4.918216705322266,0.14697915315628052,539000
12,2157,250,60.36309814453125,0.2414523959159851,5.210564613342285,0.14658337831497192,539250
12,2158,250,-74.3945541381836,-0.29757821559906006,5.234912395477295,0.14618748426437378,539500
12,2159,250,-34.147857666015625,-0.13659143447875977,5.049093246459961,0.14579170942306519,539750
12,2160,250,-92.6858139038086,-0.3707432448863983,5.017088413238525,0.14539581537246704,540000
12,2161,250,106.59739685058594,0.42638957500457764,5.165213108062744,0.14500004053115845,540250
12,2162,250,-20.022891998291016,-0.08009156584739685,5.108871936798096,0.1446041464805603,540500
12,2163,250,-24.21747398376465,-0.09686989337205887,5.092201232910156,0.1442083716392517,540750
12,2164,250,-73.74171447753906,-0.29496684670448303,5.080432415008545,0.14381247758865356,541000
12,2165,250,65.88011169433594,0.2635204493999481,5.0918684005737305,0.14341670274734497,541250
12,2166,250,-58.03517532348633,-0.2321407049894333,4.976024627685547,0.1430208683013916,541500
12,2167,250,-50.95612716674805,-0.2038245052099228,4.900106906890869,0.14262503385543823,541750
12,2168,250,-63.751800537109375,-0.25500720739364624,4.965897083282471,0.14222919940948486,542000
12,2169,250,-81.61015319824219,-0.32644060254096985,5.11308479309082,0.1418333649635315,542250
12,2170,250,163.2932891845703,0.6531731486320496,5.013544082641602,0.14143753051757812,542500
12,2171,250,-60.4011344909668,-0.2416045367717743,4.929616451263428,0.14104169607162476,542750
12,2172,250,-80.10047149658203,-0.3204018771648407,4.887778282165527,0.1406458616256714,543000
12,2173,250,-63.93359375,-0.255734384059906,5.163473129272461,0.14025002717971802,543250
12,2174,250,-36.592071533203125,-0.14636828005313873,5.208044528961182,0.13985419273376465,543500
12,2175,250,-65.37448120117188,-0.2614979147911072,5.02300500869751,0.13945835828781128,543750
12,2176,250,-83.56806182861328,-0.33427223563194275,5.01932430267334,0.1390625238418579,544000
12,2177,250,-52.60283279418945,-0.21041132509708405,5.027719020843506,0.13866662979125977,544250
12,2178,250,-93.4299087524414,-0.37371963262557983,4.9565205574035645,0.13827085494995117,544500
12,2179,250,-79.55162048339844,-0.3182064890861511,4.904476165771484,0.13787496089935303,544750
12,2180,250,-80.07762145996094,-0.32031047344207764,4.684884548187256,0.13747918605804443,545000
12,2181,250,-67.11692810058594,-0.2684677243232727,5.1352643966674805,0.1370832920074463,545250
12,2182,250,-69.21694946289062,-0.2768678069114685,4.998734951019287,0.1366875171661377,545500
12,2183,250,-65.38190460205078,-0.2615276277065277,4.9765543937683105,0.13629162311553955,545750
12,2184,250,-59.3607063293457,-0.23744282126426697,4.802571773529053,0.13589584827423096,546000
12,2185,250,-67.710693359375,-0.2708427608013153,5.006895542144775,0.1355000138282776,546250
12,2186,250,-51.12278366088867,-0.20449113845825195,4.90041446685791,0.13510417938232422,546500
12,2187,250,-66.28063201904297,-0.26512253284454346,5.017739295959473,0.13470834493637085,546750
12,2188,250,-31.131542205810547,-0.12452616542577744,4.938330173492432,0.13431251049041748,547000
12,2189,250,6.578373908996582,0.02631349489092827,5.217508792877197,0.1339166760444641,547250
12,2190,250,-63.71781539916992,-0.2548712491989136,4.945216655731201,0.13352084159851074,547500
12,2191,250,67.49002838134766,0.26996010541915894,5.010976791381836,0.13312500715255737,547750
12,2192,250,-41.06631851196289,-0.16426527500152588,4.932246208190918,0.132729172706604,548000
12,2193,250,-17.139698028564453,-0.06855878978967667,5.398253440856934,0.13233333826065063,548250
12,2194,250,-49.72474670410156,-0.19889898598194122,5.074791431427002,0.13193750381469727,548500
12,2195,250,-41.438507080078125,-0.165754035115242,5.040431022644043,0.1315416693687439,548750
12,2196,250,0.8470275402069092,0.0033881100825965405,5.143281936645508,0.13114583492279053,549000
12,2197,250,-33.80543518066406,-0.13522173464298248,5.366647243499756,0.13075000047683716,549250
12,2198,250,152.94468688964844,0.611778736114502,5.040500164031982,0.1303541660308838,549500
12,2199,250,-10.6575927734375,-0.04263037070631981,4.938223838806152,0.12995833158493042,549750
12,2200,250,10.701078414916992,0.04280431196093559,5.082825660705566,0.12956249713897705,550000
12,2201,250,34.341556549072266,0.13736622035503387,5.230874061584473,0.12916666269302368,550250
12,2202,250,106.59554290771484,0.4263821840286255,5.155458450317383,0.1287708282470703,550500
12,2203,250,34.684967041015625,0.13873986899852753,5.175405025482178,0.12837499380111694,550750
12,2204,250,126.23271179199219,0.504930853843689,5.2170729637146,0.12797915935516357,551000
12,2205,250,11.522221565246582,0.04608888551592827,5.461727142333984,0.1275833249092102,551250
12,2206,250,309.96429443359375,1.2398571968078613,5.275681018829346,0.1271875500679016,551500
12,2207,250,-12.727256774902344,-0.050909027457237244,5.169802665710449,0.12679165601730347,551750
12,2208,250,68.32682800292969,0.27330732345581055,5.22676944732666,0.12639588117599487,552000
12,2209,250,50.068355560302734,0.20027342438697815,5.22854471206665,0.12599998712539673,552250
12,2210,250,-5.683964729309082,-0.02273585833609104,5.380557537078857,0.12560421228408813,552500
12,2211,250,113.801513671875,0.4552060663700104,5.470728397369385,0.12520831823349,552750
12,2212,250,130.67654418945312,0.522706151008606,5.0377092361450195,0.1248125433921814,553000
12,2213,250,-13.722167015075684,-0.05488866940140724,5.520857334136963,0.12441664934158325,553250
12,2214,250,-72.67288970947266,-0.2906915545463562,5.586144924163818,0.12402087450027466,553500
12,2215,250,-28.414735794067383,-0.11365894228219986,5.560244083404541,0.12362498044967651,553750
12,2216,250,1.076533555984497,0.0043061343021690845,5.556731700897217,0.12322920560836792,554000
12,2217,250,5.878124713897705,0.023512499406933784,5.957086563110352,0.12283331155776978,554250
12,2218,250,-19.28654670715332,-0.07714618742465973,5.820955753326416,0.12243753671646118,554500
12,2219,250,63.613895416259766,0.2544555962085724,5.84213924407959,0.12204164266586304,554750
12,2220,250,-4.705471992492676,-0.01882188767194748,5.7254180908203125,0.12164586782455444,555000
12,2221,250,126.84198760986328,0.5073679685592651,5.895933151245117,0.1212499737739563,555250
12,2222,250,137.86541748046875,0.5514616966247559,5.870489120483398,0.1208541989326477,555500
12,2223,250,111.83067321777344,0.44732269644737244,5.8625006675720215,0.12045830488204956,555750
12,2224,250,0.9083350300788879,0.003633340122178197,5.50598669052124,0.12006253004074097,556000
12,2225,250,-23.508501052856445,-0.09403400123119354,5.91091251373291,0.1196666955947876,556250
12,2226,250,55.10640335083008,0.22042562067508698,5.851647853851318,0.11927086114883423,556500
12,2227,250,-0.7103017568588257,-0.002841206965968013,5.614283084869385,0.11887502670288086,556750
12,2228,250,43.85060501098633,0.1754024177789688,5.492762565612793,0.11847919225692749,557000
12,2229,250,94.18438720703125,0.3767375349998474,5.937099933624268,0.11808335781097412,557250
12,2230,250,2.0140788555145264,0.00805631559342146,5.6335859298706055,0.11768752336502075,557500
12,2231,250,32.98470687866211,0.13193883001804352,5.581475257873535,0.11729168891906738,557750
12,2232,250,26.054410934448242,0.10421764105558395,5.651963233947754,0.11689585447311401,558000
12,2233,250,38.59160232543945,0.1543664038181305,5.841533660888672,0.11650002002716064,558250
12,2234,250,37.66535186767578,0.1506614089012146,5.628997802734375,0.11610418558120728,558500
12,2235,250,16.341503143310547,0.06536601483821869,5.513016223907471,0.1157083511352539,558750
12,2236,250,8.781911849975586,0.03512764722108841,5.380960464477539,0.11531251668930054,559000
12,2237,250,119.18511962890625,0.4767404794692993,5.726899147033691,0.11491668224334717,559250
12,2238,250,198.59085083007812,0.7943633794784546,5.5707478523254395,0.1145208477973938,559500
12,2239,250,160.4969940185547,0.6419879794120789,5.28583288192749,0.11412501335144043,559750
12,2240,250,-24.88654136657715,-0.0995461642742157,5.307707786560059,0.11372917890548706,560000
12,2241,250,-52.39516067504883,-0.20958064496517181,5.759857654571533,0.11333334445953369,560250
12,2242,250,221.29595947265625,0.8851838111877441,5.446864604949951,0.11293751001358032,560500
12,2243,250,4.651122570037842,0.018604490906000137,5.424304485321045,0.11254167556762695,560750
12,2244,250,72.15875244140625,0.2886350154876709,5.239783763885498,0.11214584112167358,561000
12,2245,250,21.90593147277832,0.0876237228512764,5.529063701629639,0.11175000667572021,561250
12,2246,250,185.42098999023438,0.7416839599609375,5.365876197814941,0.11135423183441162,561500
12,2247,250,-16.48259925842285,-0.06593039631843567,5.298927307128906,0.11095833778381348,561750
12,2248,250,247.4148712158203,0.9896594882011414,5.332040309906006,0.11056256294250488,562000
12,2249,250,26.273536682128906,0.10509414970874786,5.7158331871032715,0.11016666889190674,562250
12,2250,250,111.47920227050781,0.4459168016910553,5.295923709869385,0.10977089405059814,562500
12,2251,250,11.505191802978516,0.04602076858282089,5.3924055099487305,0.109375,562750
12,2252,250,147.44140625,0.5897656083106995,5.2588348388671875,0.10897916555404663,563000
12,2253,250,16.91728401184082,0.06766913831233978,5.533242225646973,0.10858333110809326,563250
12,2254,250,-28.286823272705078,-0.1131472960114479,5.304393291473389,0.10818749666213989,563500
12,2255,250,-59.73152160644531,-0.23892608284950256,5.324076175689697,0.10779166221618652,563750
12,2256,250,50.19465255737305,0.20077860355377197,5.112760543823242,0.10739582777023315,564000
12,2257,250,-38.35845184326172,-0.15343381464481354,5.310177803039551,0.10699999332427979,564250
12,2258,250,-38.475624084472656,-0.15390250086784363,5.4407830238342285,0.10660415887832642,564500
12,2259,250,-53.547393798828125,-0.2141895741224289,5.211839199066162,0.10620832443237305,564750
12,2260,250,-76.71825408935547,-0.30687302350997925,5.084247589111328,0.10581248998641968,565000
12,2261,250,-80.74394226074219,-0.322975754737854,5.513640880584717,0.10541665554046631,565250
12,2262,250,-54.05451583862305,-0.21621806919574738,5.2939300537109375,0.10502082109451294,565500
12,2263,250,-34.3511848449707,-0.13740473985671997,5.453471660614014,0.10462498664855957,565750
12,2264,250,-53.66944885253906,-0.21467779576778412,5.400457382202148,0.1042291522026062,566000
12,2265,250,-54.93362045288086,-0.21973447501659393,5.521882057189941,0.10383337736129761,566250
12,2266,250,-61.906044006347656,-0.24762417376041412,5.338283538818359,0.10343748331069946,566500
12,2267,250,-37.869590759277344,-0.1514783650636673,5.251731872558594,0.10304170846939087,566750
12,2268,250,-51.911441802978516,-0.20764577388763428,5.453091621398926,0.10264581441879272,567000
12,2269,250,-35.923789978027344,-0.1436951607465744,5.765481948852539,0.10225003957748413,567250
12,2270,250,-54.6850471496582,-0.21874019503593445,5.619023323059082,0.10185414552688599,567500
12,2271,250,-67.68338012695312,-0.2707335352897644,5.478960990905762,0.10145837068557739,567750
12,2272,250,8.445403099060059,0.033781614154577255,5.279819965362549,0.10106247663497925,568000
12,2273,250,97.88878631591797,0.39155513048171997,5.6794352531433105,0.10066670179367065,568250
12,2274,250,-37.638755798339844,-0.15055502951145172,5.303954124450684,0.10027080774307251,568500
12,2275,250,42.930397033691406,0.17172159254550934,5.307133674621582,0.09987503290176392,568750
12,2276,250,18.777278900146484,0.07510911673307419,5.3606181144714355,0.09947913885116577,569000
12,2277,250,-4.963068008422852,-0.019852271303534508,5.699131011962891,0.09908336400985718,569250
12,2278,250,22.978679656982422,0.09191472083330154,5.501712799072266,0.09868746995925903,569500
12,2279,250,-40.13842010498047,-0.1605536788702011,5.3766913414001465,0.09829169511795044,569750
12,2280,250,-7.3420891761779785,-0.029368355870246887,5.325808525085449,0.0978958010673523,570000
12,2281,250,-30.30550765991211,-0.12122203409671783,5.742360591888428,0.0975000262260437,570250
12,2282,250,-33.506412506103516,-0.13402564823627472,5.563187599182129,0.09710413217544556,570500
12,2283,250,-10.548721313476562,-0.04219488427042961,5.376872539520264,0.09670835733413696,570750
12,2284,250,-47.99629211425781,-0.19198517501354218,5.336390972137451,0.0963125228881836,571000
12,2285,250,-26.237319946289062,-0.10494928061962128,5.612880706787109,0.09591668844223022,571250
12,2286,250,-65.8769760131836,-0.2635079026222229,5.655692100524902,0.09552085399627686,571500
12,2287,250,-18.30594825744629,-0.0732237920165062,5.35789680480957,0.09512501955032349,571750
12,2288,250,27.45472526550293,0.10981889814138412,5.446319103240967,0.09472918510437012,572000
12,2289,250,-9.08253002166748,-0.03633011877536774,5.555346965789795,0.09433335065841675,572250
12,2290,250,-21.891494750976562,-0.08756598085165024,5.407104969024658,0.09393751621246338,572500
12,2291,250,63.599220275878906,0.25439688563346863,5.260922908782959,0.09354168176651001,572750
12,2292,250,18.090408325195312,0.07236163318157196,5.175078392028809,0.09314584732055664,573000
12,2293,250,-39.33795166015625,-0.1573518067598343,5.570088863372803,0.09275001287460327,573250
12,2294,250,-62.76250457763672,-0.25105002522468567,5.404123306274414,0.0923541784286499,573500
12,2295,250,-14.359533309936523,-0.05743813142180443,5.290633201599121,0.09195834398269653,573750
12,2296,250,-42.896148681640625,-0.1715845912694931,5.089279651641846,0.09156250953674316,574000
12,2297,250,-71.62725067138672,-0.2865090072154999,5.415615558624268,0.0911666750907898,574250
12,2298,250,69.12662506103516,0.2765065133571625,5.54659366607666,0.09077084064483643,574500
12,2299,250,-75.90337371826172,-0.30361348390579224,5.395506858825684,0.09037500619888306,574750
12,2300,250,26.873695373535156,0.1074947789311409,5.607694149017334,0.08997917175292969,575000
12,2301,250,-38.15802764892578,-0.15263211727142334,5.533936023712158,0.08958333730697632,575250
12,2302,250,-36.14992141723633,-0.14459969103336334,5.493615627288818,0.08918750286102295,575500
12,2303,250,-88.44083404541016,-0.3537633419036865,5.520720958709717,0.08879166841506958,575750
12,2304,250,-24.87898063659668,-0.09951592236757278,5.333560943603516,0.08839583396911621,576000
12,2305,250,-89.04315185546875,-0.3561726212501526,5.545506477355957,0.08800005912780762,576250
12,2306,250,-91.81417846679688,-0.36725670099258423,5.42942476272583,0.08760416507720947,576500
12,2307,250,-62.0348014831543,-0.24813920259475708,5.38130521774292,0.08720839023590088,576750
12,2308,250,-60.153526306152344,-0.24061410129070282,5.181522846221924,0.08681249618530273,577000
12,2309,250,73.95124053955078,0.2958049476146698,5.310303688049316,0.08641672134399414,577250
12,2310,250,28.972667694091797,0.11589067429304123,5.25125789642334,0.086020827293396,577500
12,2311,250,-29.37604331970215,-0.11750417202711105,5.207141876220703,0.0856250524520874,577750
12,2312,250,8.624824523925781,0.03449929878115654,5.172219276428223,0.08522915840148926,578000
12,2313,250,20.26102066040039,0.08104408532381058,5.265626430511475,0.08483338356018066,578250
12,2314,250,4.000734806060791,0.016002940014004707,5.143398284912109,0.08443748950958252,578500
12,2315,250,-46.897579193115234,-0.1875903159379959,4.99376916885376,0.08404171466827393,578750
12,2316,250,24.70165252685547,0.09880661219358444,4.859156608581543,0.08364582061767578,579000
12,2317,250,55.66665267944336,0.22266660630702972,5.08978796005249,0.08325004577636719,579250
12,2318,250,27.18872833251953,0.10875491052865982,5.019840717315674,0.08285415172576904,579500
12,2319,250,118.19420623779297,0.4727768301963806,5.046625137329102,0.08245837688446045,579750
12,2320,250,101.08882904052734,0.40435531735420227,5.021713733673096,0.0820624828338623,580000
12,2321,250,71.54266357421875,0.2861706614494324,5.170355319976807,0.08166670799255371,580250
12,2322,250,45.60453414916992,0.18241813778877258,5.045096397399902,0.08127081394195557,580500
12,2323,250,160.74307250976562,0.6429722905158997,4.943008899688721,0.08087503910064697,580750
12,2324,250,53.05316162109375,0.21221265196800232,4.919116497039795,0.0804792046546936,581000
12,2325,250,40.302066802978516,0.16120827198028564,5.154538154602051,0.08008337020874023,581250
12,2326,250,20.541635513305664,0.08216654509305954,4.786725997924805,0.07968753576278687,581500
12,2327,250,79.89814758300781,0.31959259510040283,4.823453903198242,0.07929164171218872,581750
12,2328,250,55.82318878173828,0.2232927531003952,4.746780872344971,0.07889586687088013,582000
12,2329,250,78.03114318847656,0.3121245801448822,4.815377712249756,0.07849997282028198,582250
12,2330,250,144.9890594482422,0.5799562335014343,4.710083961486816,0.07810419797897339,582500
12,2331,250,23.49805450439453,0.093992218375206,4.694478511810303,0.07770830392837524,582750
12,2332,250,10.377520561218262,0.04151008278131485,4.649713516235352,0.07731252908706665,583000
12,2333,250,164.31832885742188,0.6572732925415039,4.703372001647949,0.0769166350364685,583250
12,2334,250,25.698657989501953,0.10279463231563568,4.690408229827881,0.07652086019515991,583500
12,2335,250,30.17148780822754,0.12068594992160797,4.616086483001709,0.07612496614456177,583750
12,2336,250,9.90255355834961,0.03961021453142166,4.760483264923096,0.07572919130325317,584000
12,2337,250,179.79327392578125,0.7191730737686157,4.9581217765808105,0.07533329725265503,584250
12,2338,250,-57.8074951171875,-0.2312299758195877,4.788922309875488,0.07493752241134644,584500
12,2339,250,-19.508501052856445,-0.07803400605916977,4.694386005401611,0.07454162836074829,584750
12,2340,250,-21.074403762817383,-0.08429761230945587,4.779311180114746,0.0741458535194397,585000
12,2341,250,-24.638824462890625,-0.0985552966594696,4.952864170074463,0.07374995946884155,585250
12,2342,250,-6.860598087310791,-0.027442391961812973,4.799067497253418,0.07335418462753296,585500
12,2343,250,247.6110382080078,0.9904441237449646,4.757935523986816,0.07295835018157959,585750
12,2344,250,70.6683349609375,0.28267332911491394,4.672066688537598,0.07256251573562622,586000
12,2345,250,38.57798385620117,0.15431194007396698,4.916749954223633,0.07216668128967285,586250
12,2346,250,28.723695755004883,0.11489478498697281,4.857903003692627,0.07177084684371948,586500
12,2347,250,161.83367919921875,0.6473346948623657,4.659628868103027,0.07137501239776611,586750
12,2348,250,47.69708251953125,0.19078832864761353,4.57827615737915,0.07097917795181274,587000
12,2349,250,40.32769775390625,0.16131079196929932,4.738668918609619,0.07058334350585938,587250
12,2350,250,80.49341583251953,0.32197365164756775,4.696465492248535,0.070187509059906,587500
12,2351,250,66.81848907470703,0.2672739624977112,4.386561870574951,0.06979167461395264,587750
12,2352,250,477.1337585449219,1.9085350036621094,4.392920017242432,0.06939584016799927,588000
12,2353,250,10.796780586242676,0.04318712279200554,4.644418716430664,0.0690000057220459,588250
12,2354,250,29.425518035888672,0.11770207434892654,4.566318035125732,0.06860417127609253,588500
12,2355,250,-16.254920959472656,-0.06501968204975128,4.504799842834473,0.06820833683013916,588750
12,2356,250,57.022239685058594,0.22808896005153656,4.394575595855713,0.06781250238418579,589000
12,2357,250,20.882610321044922,0.08353044092655182,4.427014350891113,0.06741666793823242,589250
12,2358,250,32.551334381103516,0.13020533323287964,4.416772842407227,0.06702083349227905,589500
12,2359,250,561.6373291015625,2.246549367904663,4.381749629974365,0.06662499904632568,589750
12,2360,250,162.56491088867188,0.6502596139907837,4.354523181915283,0.06622916460037231,590000
12,2361,250,233.72447204589844,0.9348978996276855,4.590431213378906,0.06583333015441895,590250
12,2362,250,58.63388442993164,0.23453554511070251,4.542969226837158,0.06543749570846558,590500
12,2363,250,172.62098693847656,0.6904839277267456,4.399508953094482,0.06504166126251221,590750
12,2364,250,595.0726928710938,2.3802907466888428,4.512974739074707,0.06464588642120361,591000
12,2365,250,198.27169799804688,0.7930867671966553,4.630787372589111,0.06424999237060547,591250
12,2366,250,29.500423431396484,0.11800169199705124,4.603039264678955,0.06385421752929688,591500
12,2367,250,319.677490234375,1.2787100076675415,4.534275054931641,0.06345832347869873,591750
12,2368,250,21.178382873535156,0.08471353352069855,4.483066558837891,0.06306254863739014,592000
12,2369,250,89.86558532714844,0.35946235060691833,4.584046363830566,0.06266665458679199,592250
12,2370,250,216.36502075195312,0.8654600977897644,4.546964168548584,0.0622708797454834,592500
12,2371,250,245.9752655029297,0.9839010834693909,4.499870300292969,0.061874985694885254,592750
12,2372,250,218.18408203125,0.8727363348007202,4.431268692016602,0.06147921085357666,593000
12,2373,250,101.93846893310547,0.4077538847923279,4.636435031890869,0.061083316802978516,593250
12,2374,250,179.91346740722656,0.719653844833374,4.4836859703063965,0.06068754196166992,593500
12,2375,250,88.77118682861328,0.35508474707603455,4.635203838348389,0.06029164791107178,593750
12,2376,250,144.89813232421875,0.5795925259590149,4.53000020980835,0.059895873069763184,594000
12,2377,250,45.230411529541016,0.18092164397239685,4.611519813537598,0.05949997901916504,594250
12,2378,250,109.3113784790039,0.43724551796913147,4.630255699157715,0.059104204177856445,594500
12,2379,250,457.7452697753906,1.8309811353683472,4.597777843475342,0.0587083101272583,594750
12,2380,250,35.143394470214844,0.14057357609272003,4.333330154418945,0.05831253528594971,595000
12,2381,250,87.20740509033203,0.34882962703704834,4.466625690460205,0.05791664123535156,595250
12,2382,250,72.38138580322266,0.2895255386829376,4.599888801574707,0.05752086639404297,595500
12,2383,250,116.12113952636719,0.4644845724105835,4.319334030151367,0.0571250319480896,595750
12,2384,250,107.95478057861328,0.4318191111087799,4.40358304977417,0.05672919750213623,596000
12,2385,250,28.779747009277344,0.11511898785829544,4.507395267486572,0.05633336305618286,596250
12,2386,250,61.99374008178711,0.2479749619960785,4.482380390167236,0.05593752861022949,596500
12,2387,250,70.02246856689453,0.2800898849964142,4.485762119293213,0.05554169416427612,596750
12,2388,250,58.662750244140625,0.23465099930763245,4.380943775177002,0.055145859718322754,597000
12,2389,250,72.27647399902344,0.2891058921813965,4.370406150817871,0.054750025272369385,597250
12,2390,250,66.87476348876953,0.26749905943870544,4.424386501312256,0.054354190826416016,597500
12,2391,250,83.16615295410156,0.3326646089553833,4.433608531951904,0.053958356380462646,597750
12,2392,250,41.990577697753906,0.16796231269836426,4.451619625091553,0.05356252193450928,598000
12,2393,250,17.620452880859375,0.0704818144440651,4.46131706237793,0.05316668748855591,598250
12,2394,250,90.93927001953125,0.36375707387924194,4.3431010246276855,0.05277085304260254,598500
12,2395,250,-13.64555549621582,-0.054582223296165466,4.428269386291504,0.05237501859664917,598750
12,2396,250,18.26860809326172,0.07307443022727966,4.360928058624268,0.0519791841506958,599000
12,2397,250,-14.669085502624512,-0.0586763434112072,4.390488147735596,0.05158334970474243,599250
12,2398,250,39.88787078857422,0.1595514863729477,4.524989604949951,0.05118751525878906,599500
12,2399,250,62.33123779296875,0.2493249475955963,4.295795917510986,0.05079168081283569,599750
12,2400,250,90.38903045654297,0.36155611276626587,4.282750606536865,0.050395846366882324,600000
12,2401,250,28.66433334350586,0.11465733498334885,4.398863315582275,0.050000011920928955,600250
12,2402,250,25.543779373168945,0.10217511653900146,4.479978561401367,0.050000011920928955,600500
12,2403,250,48.72563552856445,0.19490253925323486,4.361387252807617,0.050000011920928955,600750
12,2404,250,146.1257781982422,0.5845031142234802,4.256802558898926,0.050000011920928955,601000
12,2405,250,51.44924545288086,0.2057969868183136,4.388440132141113,0.050000011920928955,601250
12,2406,250,180.0009002685547,0.720003604888916,4.340635299682617,0.050000011920928955,601500
12,2407,250,77.85914611816406,0.31143659353256226,4.200142860412598,0.050000011920928955,601750
12,2408,250,148.16566467285156,0.5926626324653625,4.338995933532715,0.050000011920928955,602000
12,2409,250,36.517948150634766,0.14607179164886475,4.59544038772583,0.050000011920928955,602250
12,2410,250,206.02915954589844,0.8241166472434998,4.481006145477295,0.050000011920928955,602500
12,2411,250,-26.736164093017578,-0.10694465786218643,4.359247207641602,0.050000011920928955,602750
12,2412,250,164.9323272705078,0.6597293019294739,4.278712272644043,0.050000011920928955,603000
12,2413,250,116.62980651855469,0.46651923656463623,4.575250625610352,0.050000011920928955,603250
12,2414,250,675.8778686523438,2.7035114765167236,4.3271403312683105,0.050000011920928955,603500
12,2415,250,28.830869674682617,0.11532347649335861,4.477790355682373,0.050000011920928955,603750
12,2416,250,522.5422973632812,2.0901691913604736,4.424175262451172,0.050000011920928955,604000
12,2417,250,18.805953979492188,0.07522381842136383,4.829670429229736,0.050000011920928955,604250
12,2418,250,26.523418426513672,0.10609367489814758,4.457818031311035,0.050000011920928955,604500
12,2419,250,83.64877319335938,0.33459508419036865,4.561629772186279,0.050000011920928955,604750
12,2420,250,60.56256866455078,0.24225027859210968,4.52285623550415,0.050000011920928955,605000
12,2421,250,84.5112533569336,0.33804500102996826,4.751690864562988,0.050000011920928955,605250
12,2422,250,56.251121520996094,0.22500447928905487,4.750497341156006,0.050000011920928955,605500
12,2423,250,62.054134368896484,0.24821653962135315,4.570703029632568,0.050000011920928955,605750
12,2424,250,56.128116607666016,0.2245124727487564,4.574377059936523,0.050000011920928955,606000
12,2425,250,22.805923461914062,0.09122369438409805,4.874914169311523,0.050000011920928955,606250
12,2426,250,141.22779846191406,0.5649111866950989,4.807256698608398,0.050000011920928955,606500
12,2427,250,66.3993148803711,0.26559725403785706,4.544466972351074,0.050000011920928955,606750
12,2428,250,122.37716674804688,0.48950865864753723,4.469411849975586,0.050000011920928955,607000
12,2429,250,54.20768737792969,0.21683074533939362,4.827730178833008,0.050000011920928955,607250
12,2430,250,120.24563598632812,0.48098254203796387,4.773375511169434,0.050000011920928955,607500
12,2431,250,33.168338775634766,0.13267335295677185,4.508237838745117,0.050000011920928955,607750
12,2432,250,75.943603515625,0.3037744164466858,4.505160331726074,0.050000011920928955,608000
12,2433,250,58.1075553894043,0.23243021965026855,4.960339069366455,0.050000011920928955,608250
12,2434,250,73.77511596679688,0.29510045051574707,4.846944332122803,0.050000011920928955,608500
12,2435,250,43.74650955200195,0.17498603463172913,4.689792156219482,0.050000011920928955,608750
12,2436,250,106.16596984863281,0.42466387152671814,4.5417656898498535,0.050000011920928955,609000
12,2437,250,57.667579650878906,0.23067031800746918,4.889761924743652,0.050000011920928955,609250
12,2438,250,119.37220764160156,0.47748881578445435,4.494370937347412,0.050000011920928955,609500
12,2439,250,64.97234344482422,0.2598893642425537,4.673281192779541,0.050000011920928955,609750
12,2440,250,70.78579711914062,0.28314319252967834,4.480306148529053,0.050000011920928955,610000
12,2441,250,85.63597106933594,0.3425438702106476,4.544346809387207,0.050000011920928955,610250
12,2442,250,84.38455200195312,0.3375382125377655,4.400608062744141,0.050000011920928955,610500
12,2443,250,42.8928108215332,0.17157123982906342,4.235723972320557,0.050000011920928955,610750
12,2444,250,63.074119567871094,0.25229647755622864,4.324004173278809,0.050000011920928955,611000
12,2445,250,85.81151580810547,0.34324607253074646,4.334270000457764,0.050000011920928955,611250
12,2446,250,185.0020294189453,0.7400081157684326,4.067728519439697,0.050000011920928955,611500
12,2447,250,132.18267822265625,0.5287306904792786,4.173783302307129,0.050000011920928955,611750
12,2448,250,57.911319732666016,0.23164528608322144,3.9856202602386475,0.050000011920928955,612000
12,2449,250,-34.278499603271484,-0.1371140033006668,3.9130642414093018,0.050000011920928955,612250
12,2450,250,48.93982696533203,0.19575931131839752,4.017409324645996,0.050000011920928955,612500
12,2451,250,78.4279556274414,0.31371182203292847,3.8914825916290283,0.050000011920928955,612750
12,2452,250,92.23786926269531,0.3689514696598053,3.660637855529785,0.050000011920928955,613000
12,2453,250,83.24275207519531,0.3329710066318512,3.89007306098938,0.050000011920928955,613250
12,2454,250,8.11379623413086,0.03245518356561661,3.897653102874756,0.050000011920928955,613500
12,2455,250,83.26251983642578,0.33305007219314575,3.816349744796753,0.050000011920928955,613750
12,2456,250,42.21567153930664,0.16886268556118011,3.7409133911132812,0.050000011920928955,614000
12,2457,250,123.22403717041016,0.4928961396217346,3.8062753677368164,0.050000011920928955,614250
12,2458,250,23.497303009033203,0.09398920834064484,3.7186436653137207,0.050000011920928955,614500
12,2459,250,18.62718963623047,0.07450875639915466,3.486438035964966,0.050000011920928955,614750
12,2460,250,83.8119125366211,0.33524763584136963,3.469977378845215,0.050000011920928955,615000
12,2461,250,32.82408142089844,0.1312963217496872,3.7834370136260986,0.050000011920928955,615250
12,2462,250,99.31867218017578,0.3972747027873993,3.6357803344726562,0.050000011920928955,615500
12,2463,250,5.2668256759643555,0.0210673026740551,3.541079044342041,0.050000011920928955,615750
12,2464,250,57.457855224609375,0.22983142733573914,3.576098918914795,0.050000011920928955,616000
12,2465,250,-17.051855087280273,-0.06820742040872574,3.6023619174957275,0.050000011920928955,616250
12,2466,250,-29.932025909423828,-0.11972810328006744,3.4848153591156006,0.050000011920928955,616500
12,2467,250,6.480967998504639,0.025923872366547585,3.3431055545806885,0.050000011920928955,616750
12,2468,250,3.237659215927124,0.012950636446475983,3.4841222763061523,0.050000011920928955,617000
12,2469,250,-45.54191589355469,-0.1821676641702652,3.501041889190674,0.050000011920928955,617250
12,2470,250,27.949066162109375,0.11179626733064651,3.360569953918457,0.050000011920928955,617500
12,2471,250,38.6575927734375,0.1546303778886795,3.387324094772339,0.050000011920928955,617750
12,2472,250,1.2927186489105225,0.005170874763280153,3.39563250541687,0.050000011920928955,618000
12,2473,250,17.7960205078125,0.07118408381938934,3.4006638526916504,0.050000011920928955,618250
12,2474,250,429.8452453613281,1.7193809747695923,3.2604994773864746,0.050000011920928955,618500
12,2475,250,13.790435791015625,0.055161744356155396,3.43259596824646,0.050000011920928955,618750
12,2476,250,33.813655853271484,0.1352546215057373,3.1622509956359863,0.050000011920928955,619000
12,2477,250,-12.451364517211914,-0.04980545863509178,3.3238158226013184,0.050000011920928955,619250
12,2478,250,-6.997598648071289,-0.027990395203232765,3.387993812561035,0.050000011920928955,619500
12,2479,250,-36.55320358276367,-0.14621281623840332,3.2804787158966064,0.050000011920928955,619750
12,2480,250,-60.00859069824219,-0.24003435671329498,3.245164394378662,0.050000011920928955,620000
12,2481,250,-22.730697631835938,-0.09092278778553009,3.3833906650543213,0.050000011920928955,620250
12,2482,250,-87.69779968261719,-0.35079118609428406,3.4289350509643555,0.050000011920928955,620500
12,2483,250,-27.422483444213867,-0.10968993604183197,3.285658121109009,0.050000011920928955,620750
12,2484,250,-69.99385070800781,-0.27997541427612305,3.4234988689422607,0.050000011920928955,621000
12,2485,250,-43.55713653564453,-0.17422854900360107,3.2708311080932617,0.050000011920928955,621250
12,2486,250,-73.20819091796875,-0.29283276200294495,3.255483388900757,0.050000011920928955,621500
12,2487,250,-112.43585205078125,-0.4497434198856354,3.210909366607666,0.050000011920928955,621750
12,2488,250,-18.259458541870117,-0.07303783297538757,3.1700222492218018,0.050000011920928955,622000
12,2489,250,80.7232666015625,0.32289305329322815,3.1816325187683105,0.050000011920928955,622250
12,2490,250,-35.30588150024414,-0.14122352004051208,3.2505507469177246,0.050000011920928955,622500
12,2491,250,-101.197509765625,-0.4047900438308716,3.1642050743103027,0.050000011920928955,622750
12,2492,250,-44.09254837036133,-0.17637018859386444,3.1991991996765137,0.050000011920928955,623000
12,2493,250,-14.605003356933594,-0.05842001363635063,3.218596935272217,0.050000011920928955,623250
12,2494,250,-61.87563705444336,-0.24750255048274994,3.1641767024993896,0.050000011920928955,623500
12,2495,250,-36.49826431274414,-0.14599305391311646,3.0614817142486572,0.050000011920928955,623750
12,2496,250,-88.52213287353516,-0.35408854484558105,3.001709222793579,0.050000011920928955,624000
12,2497,250,-10.820723533630371,-0.0432828925549984,3.268221378326416,0.050000011920928955,624250
12,2498,250,-47.89247512817383,-0.19156989455223083,3.1017091274261475,0.050000011920928955,624500
12,2499,250,-6.506227493286133,-0.02602490969002247,3.129950523376465,0.050000011920928955,624750
12,2500,250,-41.6585693359375,-0.16663427650928497,2.9659194946289062,0.050000011920928955,625000
12,2501,250,-34.53852844238281,-0.13815411925315857,3.094194173812866,0.050000011920928955,625250
12,2502,250,-16.73712921142578,-0.06694851815700531,3.0227370262145996,0.050000011920928955,625500
12,2503,250,-38.069332122802734,-0.15227733552455902,2.916008234024048,0.050000011920928955,625750
12,2504,250,-55.3265380859375,-0.22130614519119263,2.992790699005127,0.050000011920928955,626000
12,2505,250,-84.39969635009766,-0.3375987708568573,3.274228572845459,0.050000011920928955,626250
12,2506,250,-26.782320022583008,-0.1071292832493782,3.013118028640747,0.050000011920928955,626500
12,2507,250,-114.1845474243164,-0.4567382037639618,3.031623601913452,0.050000011920928955,626750
12,2508,250,-36.016422271728516,-0.14406569302082062,2.884242296218872,0.050000011920928955,627000
12,2509,250,-96.03063201904297,-0.3841225206851959,3.1630771160125732,0.050000011920928955,627250
12,2510,250,-29.967893600463867,-0.11987157166004181,3.0362448692321777,0.050000011920928955,627500
12,2511,250,-93.22454833984375,-0.3728981912136078,2.9230093955993652,0.050000011920928955,627750
12,2512,250,-45.824676513671875,-0.18329870700836182,3.0348219871520996,0.050000011920928955,628000
12,2513,250,-41.05034637451172,-0.16420137882232666,3.032543420791626,0.050000011920928955,628250
12,2514,250,-48.47844314575195,-0.1939137727022171,2.982372760772705,0.050000011920928955,628500
12,2515,250,-18.917957305908203,-0.07567182928323746,2.896322011947632,0.050000011920928955,628750
12,2516,250,-39.68081283569336,-0.15872325003147125,2.858269453048706,0.050000011920928955,629000
12,2517,250,-11.271571159362793,-0.04508628323674202,3.0507915019989014,0.050000011920928955,629250
12,2518,250,51.95564651489258,0.20782259106636047,3.007844924926758,0.050000011920928955,629500
12,2519,250,-6.0327935218811035,-0.02413117326796055,3.0483040809631348,0.050000011920928955,629750
12,2520,250,-64.16514587402344,-0.2566605806350708,2.7959787845611572,0.050000011920928955,630000
12,2521,250,24.861770629882812,0.09944707900285721,2.9088187217712402,0.050000011920928955,630250
12,2522,250,-8.942622184753418,-0.035770487040281296,2.982340097427368,0.050000011920928955,630500
12,2523,250,0.43929898738861084,0.0017571959178894758,3.033573865890503,0.050000011920928955,630750
12,2524,250,-40.67231369018555,-0.16268925368785858,2.919095277786255,0.050000011920928955,631000
12,2525,250,-8.523964881896973,-0.03409586101770401,2.976536512374878,0.050000011920928955,631250
12,2526,250,-97.73517608642578,-0.39094069600105286,3.052137851715088,0.050000011920928955,631500
12,2527,250,-45.66630935668945,-0.18266524374485016,2.824323892593384,0.050000011920928955,631750
12,2528,250,4.344602584838867,0.017378410324454308,2.942267894744873,0.050000011920928955,632000
12,2529,250,-29.66647720336914,-0.118665911257267,2.8611457347869873,0.050000011920928955,632250
12,2530,250,95.67488098144531,0.38269951939582825,2.8605797290802,0.050000011920928955,632500
12,2531,250,-38.68885040283203,-0.1547553986310959,2.926938056945801,0.050000011920928955,632750
12,2532,250,159.491943359375,0.6379677653312683,2.7511680126190186,0.050000011920928955,633000
12,2533,250,-65.51358795166016,-0.26205435395240784,3.089503526687622,0.050000011920928955,633250
12,2534,250,-6.52419376373291,-0.026096774265170097,3.132152795791626,0.050000011920928955,633500
12,2535,250,-0.23721319437026978,-0.0009488528012298048,2.9615774154663086,0.050000011920928955,633750
12,2536,250,-60.10715103149414,-0.2404285967350006,2.7869746685028076,0.050000011920928955,634000
12,2537,250,7.6830973625183105,0.03073238953948021,3.08258056640625,0.050000011920928955,634250
12,2538,250,-39.46748352050781,-0.15786993503570557,2.9851129055023193,0.050000011920928955,634500
12,2539,250,-71.89942932128906,-0.2875977158546448,3.032783031463623,0.050000011920928955,634750
12,2540,250,19.714000701904297,0.07885600626468658,2.884833574295044,0.050000011920928955,635000
12,2541,250,-7.605037212371826,-0.030420148745179176,2.9666712284088135,0.050000011920928955,635250
12,2542,250,-13.952115058898926,-0.05580845847725868,3.075469493865967,0.050000011920928955,635500
12,2543,250,-43.01230239868164,-0.17204920947551727,2.7973685264587402,0.050000011920928955,635750
12,2544,250,28.313798904418945,0.11325519531965256,2.9290366172790527,0.050000011920928955,636000
12,2545,250,-2.4656972885131836,-0.009862788952887058,3.0904035568237305,0.050000011920928955,636250
12,2546,250,34.68550491333008,0.13874201476573944,3.10499906539917,0.050000011920928955,636500
12,2547,250,16.640716552734375,0.06656286865472794,2.954029083251953,0.050000011920928955,636750
12,2548,250,-0.6453872323036194,-0.0025815488770604134,2.8316991329193115,0.050000011920928955,637000
12,2549,250,1.4592688083648682,0.005837075412273407,2.9267258644104004,0.050000011920928955,637250
12,2550,250,-46.05160903930664,-0.18420644104480743,2.96248197555542,0.050000011920928955,637500
12,2551,250,-7.059537410736084,-0.028238149359822273,2.8522651195526123,0.050000011920928955,637750
12,2552,250,81.02991485595703,0.3241196572780609,2.866238594055176,0.050000011920928955,638000
12,2553,250,-7.167373180389404,-0.02866949327290058,2.9175865650177,0.050000011920928955,638250
12,2554,250,-36.66719055175781,-0.14666876196861267,2.8443539142608643,0.050000011920928955,638500
12,2555,250,-48.465538024902344,-0.1938621550798416,2.7754576206207275,0.050000011920928955,638750
12,2556,250,14.733912467956543,0.05893564969301224,2.868943214416504,0.050000011920928955,639000
12,2557,250,-12.062601089477539,-0.04825040325522423,3.065541982650757,0.050000011920928955,639250
12,2558,250,44.104915618896484,0.17641966044902802,2.968632221221924,0.050000011920928955,639500
12,2559,250,202.71128845214844,0.810845136642456,2.742708683013916,0.050000011920928955,639750
12,2560,250,389.37921142578125,1.5575168132781982,2.753816604614258,0.050000011920928955,640000
12,2561,250,275.0456237792969,1.1001825332641602,2.9558193683624268,0.050000011920928955,640250
12,2562,250,-9.302922248840332,-0.037211690098047256,2.820798873901367,0.050000011920928955,640500
12,2563,250,508.535400390625,2.0341415405273438,2.806507110595703,0.050000011920928955,640750
12,2564,250,556.028076171875,2.2241122722625732,2.9342799186706543,0.050000011920928955,641000
12,2565,250,551.9988403320312,2.2079954147338867,3.0320632457733154,0.050000011920928955,641250
12,2566,250,-110.29524230957031,-0.4411809742450714,2.946342706680298,0.050000011920928955,641500
12,2567,250,1227.125244140625,4.908501148223877,3.2268402576446533,0.050000011920928955,641750
12,2568,250,83.24119567871094,0.33296477794647217,3.121368885040283,0.050000011920928955,642000
12,2569,250,31.029226303100586,0.12411690503358841,3.489746570587158,0.050000011920928955,642250
12,2570,250,73.0176010131836,0.2920704185962677,3.447861433029175,0.050000011920928955,642500
12,2571,250,-5.7629923820495605,-0.023051969707012177,3.3062632083892822,0.050000011920928955,642750
12,2572,250,-71.97978210449219,-0.28791913390159607,3.418879747390747,0.050000011920928955,643000
12,2573,250,361.375732421875,1.4455028772354126,3.722203016281128,0.050000011920928955,643250
12,2574,250,11.98419189453125,0.04793676733970642,3.7132787704467773,0.050000011920928955,643500
12,2575,250,1002.3992309570312,4.009596824645996,3.624673366546631,0.050000011920928955,643750
12,2576,250,-61.46109390258789,-0.24584437906742096,3.848714828491211,0.050000011920928955,644000
12,2577,250,83.37606048583984,0.33350422978401184,4.194258213043213,0.050000011920928955,644250
12,2578,250,162.0496368408203,0.6481985449790955,4.017539024353027,0.050000011920928955,644500
12,2579,250,33.28385925292969,0.13313543796539307,4.2283101081848145,0.050000011920928955,644750
12,2580,250,3.808337450027466,0.015233349986374378,3.8243191242218018,0.050000011920928955,645000
12,2581,250,30.837913513183594,0.12335165590047836,4.432550430297852,0.050000011920928955,645250
12,2582,250,-17.381671905517578,-0.06952668726444244,4.456714630126953,0.050000011920928955,645500
12,2583,250,80.14065551757812,0.3205626308917999,4.350331783294678,0.050000011920928955,645750
12,2584,250,-9.38917064666748,-0.03755668178200722,4.194361686706543,0.050000011920928955,646000
12,2585,250,-47.66617202758789,-0.19066469371318817,4.695054531097412,0.050000011920928955,646250
12,2586,250,-64.05347442626953,-0.256213903427124,4.458285808563232,0.050000011920928955,646500
12,2587,250,858.8124389648438,3.4352498054504395,4.504410743713379,0.050000011920928955,646750
12,2588,250,173.29469299316406,0.6931787729263306,4.225039482116699,0.050000011920928955,647000
12,2589,250,-52.77771759033203,-0.21111087501049042,4.730752944946289,0.050000011920928955,647250
12,2590,250,-44.544395446777344,-0.1781775802373886,4.4868483543396,0.050000011920928955,647500
12,2591,250,815.2343139648438,3.260937213897705,4.405834197998047,0.050000011920928955,647750
12,2592,250,-62.723052978515625,-0.2508922219276428,4.274923801422119,0.050000011920928955,648000
12,2593,250,51.10406494140625,0.20441626012325287,4.980610370635986,0.050000011920928955,648250
12,2594,250,-89.22472381591797,-0.3568989038467407,4.608871936798096,0.050000011920928955,648500
12,2595,250,25.500381469726562,0.10200152546167374,4.6962971687316895,0.050000011920928955,648750
12,2596,250,741.4083251953125,2.9656333923339844,4.428888320922852,0.050000011920928955,649000
12,2597,250,-24.276273727416992,-0.09710509330034256,4.862720489501953,0.050000011920928955,649250
12,2598,250,677.5620727539062,2.7102482318878174,4.775775909423828,0.050000011920928955,649500
12,2599,250,-100.32550811767578,-0.4013020396232605,4.8197855949401855,0.050000011920928955,649750
12,2600,250,735.787109375,2.943148374557495,4.779577732086182,0.050000011920928955,650000
12,2601,250,-57.31536102294922,-0.22926144301891327,5.278914451599121,0.050000011920928955,650250
12,2602,250,1376.8514404296875,5.507405757904053,5.1160712242126465,0.050000011920928955,650500
12,2603,250,166.65176391601562,0.6666070818901062,4.789950847625732,0.050000011920928955,650750
12,2604,250,-45.33258819580078,-0.1813303530216217,4.880270004272461,0.050000011920928955,651000
12,2605,250,-24.63572120666504,-0.09854288399219513,5.231776237487793,0.050000011920928955,651250
12,2606,250,-64.38249206542969,-0.25752997398376465,5.055837154388428,0.050000011920928955,651500
12,2607,250,62.883060455322266,0.25153225660324097,5.0674872398376465,0.050000011920928955,651750
12,2608,250,1305.8717041015625,5.22348690032959,5.092389106750488,0.050000011920928955,652000
12,2609,250,-29.653505325317383,-0.11861401796340942,5.2745561599731445,0.050000011920928955,652250
12,2610,250,6.470407485961914,0.025881629437208176,5.334277629852295,0.050000011920928955,652500
12,2611,250,11.111159324645996,0.04444463551044464,5.250005722045898,0.050000011920928955,652750
12,2612,250,13.954577445983887,0.055818308144807816,4.975513458251953,0.050000011920928955,653000
12,2613,250,7.250496864318848,0.029001986607909203,5.2305908203125,0.050000011920928955,653250
12,2614,250,-91.58362579345703,-0.3663344979286194,5.093958377838135,0.050000011920928955,653500
12,2615,250,33.83137130737305,0.13532549142837524,4.909613609313965,0.050000011920928955,653750
12,2616,250,16.93075180053711,0.06772300601005554,4.888636589050293,0.050000011920928955,654000
12,2617,250,1.2414395809173584,0.004965758416801691,5.132826805114746,0.050000011920928955,654250
12,2618,250,88.91983795166016,0.35567936301231384,5.1170501708984375,0.050000011920928955,654500
12,2619,250,1235.51708984375,4.942068576812744,4.979113578796387,0.050000011920928955,654750
12,2620,250,20.159711837768555,0.08063884824514389,4.749691963195801,0.050000011920928955,655000
12,2621,250,817.1119384765625,3.2684476375579834,5.034727096557617,0.050000011920928955,655250
12,2622,250,178.61619567871094,0.7144647836685181,4.8620285987854,0.050000011920928955,655500
12,2623,250,35.6557731628418,0.14262309670448303,4.822936058044434,0.050000011920928955,655750
12,2624,250,19.928178787231445,0.07971271872520447,4.8577775955200195,0.050000011920928955,656000
12,2625,250,904.0462646484375,3.616184949874878,5.395094394683838,0.050000011920928955,656250
12,2626,250,19.62199592590332,0.07848798483610153,5.057980537414551,0.050000011920928955,656500
12,2627,250,52.47323226928711,0.20989292860031128,5.161404609680176,0.050000011920928955,656750
12,2628,250,811.9188842773438,3.2476754188537598,4.900622367858887,0.050000011920928955,657000
12,2629,250,-34.177207946777344,-0.1367088258266449,5.383401393890381,0.050000011920928955,657250
12,2630,250,897.3579711914062,3.5894320011138916,5.070805072784424,0.050000011920928955,657500
12,2631,250,1006.11376953125,4.0244550704956055,4.934493064880371,0.050000011920928955,657750
12,2632,250,831.2748413085938,3.325099468231201,4.885166168212891,0.050000011920928955,658000
12,2633,250,-4.444034576416016,-0.017776139080524445,5.149901390075684,0.050000011920928955,658250
12,2634,250,-17.719236373901367,-0.07087694853544235,4.919980049133301,0.050000011920928955,658500
12,2635,250,8.294473648071289,0.03317789360880852,4.874995231628418,0.050000011920928955,658750
12,2636,250,0.6038753390312195,0.002415501279756427,4.7813029289245605,0.050000011920928955,659000
12,2637,250,24.28605079650879,0.09714420139789581,4.965909004211426,0.050000011920928955,659250
12,2638,250,73.83213806152344,0.2953285574913025,4.629880428314209,0.050000011920928955,659500
12,2639,250,-5.766952037811279,-0.023067807778716087,4.585589408874512,0.050000011920928955,659750
12,2640,250,0.548525333404541,0.0021941012237221003,4.5300397872924805,0.050000011920928955,660000
12,2641,250,112.7750244140625,0.45110011100769043,4.948607444763184,0.050000011920928955,660250
12,2642,250,4.367702484130859,0.017470810562372208,4.803851127624512,0.050000011920928955,660500
12,2643,250,277.2687072753906,1.1090748310089111,4.606058120727539,0.050000011920928955,660750
12,2644,250,-49.87158203125,-0.19948633015155792,4.378373146057129,0.050000011920928955,661000
12,2645,250,-86.28732299804688,-0.34514927864074707,4.918456554412842,0.050000011920928955,661250
12,2646,250,-26.173423767089844,-0.1046936959028244,4.616703510284424,0.050000011920928955,661500
12,2647,250,511.27996826171875,2.0451197624206543,4.479304313659668,0.050000011920928955,661750
12,2648,250,434.0135192871094,1.7360540628433228,4.481779098510742,0.050000011920928955,662000
12,2649,250,920.005615234375,3.6800224781036377,5.013067245483398,0.050000011920928955,662250
12,2650,250,1230.22705078125,4.920907974243164,4.869577884674072,0.050000011920928955,662500
12,2651,250,16.3199520111084,0.06527981162071228,4.586187839508057,0.050000011920928955,662750
12,2652,250,931.3212280273438,3.7252848148345947,4.489269256591797,0.050000011920928955,663000
12,2653,250,-13.77917766571045,-0.05511670932173729,4.939934730529785,0.050000011920928955,663250
12,2654,250,-2.6855783462524414,-0.010742313228547573,4.639947891235352,0.050000011920928955,663500
12,2655,250,1192.8736572265625,4.7714948654174805,4.4034600257873535,0.050000011920928955,663750
12,2656,250,53.52705383300781,0.21410821378231049,4.3198137283325195,0.050000011920928955,664000
12,2657,250,1053.6685791015625,4.214674472808838,4.764730930328369,0.050000011920928955,664250
12,2658,250,105.34880065917969,0.4213952124118805,4.637982368469238,0.050000011920928955,664500
12,2659,250,1279.7724609375,5.1190900802612305,4.307337760925293,0.050000011920928955,664750
12,2660,250,-123.15772247314453,-0.49263089895248413,4.534996509552002,0.050000011920928955,665000
12,2661,250,-124.9566879272461,-0.4998267590999603,5.033692359924316,0.050000011920928955,665250
12,2662,250,-119.80828094482422,-0.47923311591148376,4.73989200592041,0.050000011920928955,665500
12,2663,250,905.5960693359375,3.6223843097686768,4.974284648895264,0.050000011920928955,665750
12,2664,250,574.4050903320312,2.2976202964782715,4.637272357940674,0.050000011920928955,666000
12,2665,250,1147.9052734375,4.591620922088623,5.2097673416137695,0.050000011920928955,666250
12,2666,250,1225.3419189453125,4.901367664337158,5.003507614135742,0.050000011920928955,666500
12,2667,250,1249.78369140625,4.999134540557861,4.828538417816162,0.050000011920928955,666750
12,2668,250,1172.3680419921875,4.689472198486328,4.627964019775391,0.050000011920928955,667000
12,2669,250,985.80517578125,3.943220615386963,4.982550621032715,0.050000011920928955,667250
12,2670,250,803.8675537109375,3.215470314025879,4.922272682189941,0.050000011920928955,667500
12,2671,250,1358.3583984375,5.433433532714844,4.6838908195495605,0.050000011920928955,667750
12,2672,250,1336.793701171875,5.347174644470215,4.685527801513672,0.050000011920928955,668000
12,2673,250,945.6669921875,3.782667875289917,4.946835041046143,0.050000011920928955,668250
12,2674,250,898.5147094726562,3.5940587520599365,4.866326808929443,0.050000011920928955,668500
12,2675,250,1093.07421875,4.3722968101501465,4.6495842933654785,0.050000011920928955,668750
12,2676,250,1038.908935546875,4.155635833740234,4.621936798095703,0.050000011920928955,669000
12,2677,250,-118.9005126953125,-0.47560206055641174,5.054443836212158,0.050000011920928955,669250
12,2678,250,1036.804443359375,4.147217750549316,4.646000862121582,0.050000011920928955,669500
12,2679,250,1061.0018310546875,4.244007110595703,4.635927677154541,0.050000011920928955,669750
12,2680,250,-139.9152069091797,-0.5596608519554138,4.360464572906494,0.050000011920928955,670000
12,2681,250,1205.7646484375,4.823058605194092,4.886715888977051,0.050000011920928955,670250
12,2682,250,1009.70556640625,4.038822174072266,4.689253807067871,0.050000011920928955,670500
12,2683,250,1035.04541015625,4.140181541442871,4.5520100593566895,0.050000011920928955,670750
12,2684,250,946.7864379882812,3.7871458530426025,4.419026851654053,0.050000011920928955,671000
12,2685,250,1053.263427734375,4.2130537033081055,4.743983745574951,0.050000011920928955,671250
12,2686,250,762.438232421875,3.049752950668335,4.414535999298096,0.050000011920928955,671500
12,2687,250,1318.39453125,5.27357816696167,4.44134521484375,0.050000011920928955,671750
12,2688,250,1382.1976318359375,5.528790473937988,4.1983418464660645,0.050000011920928955,672000
12,2689,250,1485.7408447265625,5.942963600158691,4.47627592086792,0.050000011920928955,672250
12,2690,250,1496.808349609375,5.9872331619262695,4.396294593811035,0.050000011920928955,672500
12,2691,250,1071.37451171875,4.285498142242432,4.155670642852783,0.050000011920928955,672750
12,2692,250,1475.51220703125,5.9020490646362305,4.053450107574463,0.050000011920928955,673000
12,2693,250,1084.295166015625,4.3371806144714355,4.127396106719971,0.050000011920928955,673250
12,2694,250,971.81494140625,3.8872597217559814,4.108564376831055,0.050000011920928955,673500
12,2695,250,1509.622314453125,6.03848934173584,4.035159111022949,0.050000011920928955,673750
12,2696,250,1402.8997802734375,5.611598968505859,3.7607836723327637,0.050000011920928955,674000
12,2697,250,794.3358154296875,3.1773433685302734,3.9540982246398926,0.050000011920928955,674250
12,2698,250,811.6373291015625,3.246549367904663,4.059077262878418,0.050000011920928955,674500
12,2699,250,758.1158447265625,3.032463312149048,3.8303353786468506,0.050000011920928955,674750
12,2700,250,805.50048828125,3.2220020294189453,3.6622345447540283,0.050000011920928955,675000
12,2701,250,762.5269165039062,3.050107717514038,4.130787372589111,0.050000011920928955,675250
12,2702,250,725.528076171875,2.9021122455596924,3.7352819442749023,0.050000011920928955,675500
12,2703,250,795.8726196289062,3.183490514755249,3.7286899089813232,0.050000011920928955,675750
12,2704,250,429.94244384765625,1.7197697162628174,3.7009739875793457,0.050000011920928955,676000
12,2705,250,601.89208984375,2.4075684547424316,4.214784145355225,0.050000011920928955,676250
12,2706,250,-112.09436798095703,-0.44837746024131775,4.072079658508301,0.050000011920928955,676500
12,2707,250,800.2074584960938,3.2008297443389893,4.1904988288879395,0.050000011920928955,676750
12,2708,250,882.8770751953125,3.531508207321167,3.9397683143615723,0.050000011920928955,677000
12,2709,250,1143.0655517578125,4.572262287139893,4.419939994812012,0.050000011920928955,677250
12,2710,250,1062.2344970703125,4.248938083648682,4.431460380554199,0.050000011920928955,677500
12,2711,250,1378.4732666015625,5.513893127441406,4.469715595245361,0.050000011920928955,677750
12,2712,250,703.7918701171875,2.8151674270629883,4.329427719116211,0.050000011920928955,678000
12,2713,250,1302.5992431640625,5.210396766662598,4.859345436096191,0.050000011920928955,678250
12,2714,250,613.4842529296875,2.45393705368042,4.665314197540283,0.050000011920928955,678500
12,2715,250,1341.869140625,5.367476463317871,4.635403156280518,0.050000011920928955,678750
12,2716,250,788.9500122070312,3.1558001041412354,4.467766284942627,0.050000011920928955,679000
12,2717,250,685.9382934570312,2.74375319480896,4.663540363311768,0.050000011920928955,679250
12,2718,250,924.28076171875,3.6971230506896973,4.7753472328186035,0.050000011920928955,679500
12,2719,250,877.5020141601562,3.5100080966949463,4.835942268371582,0.050000011920928955,679750
12,2720,250,670.0428466796875,2.680171489715576,4.574712753295898,0.050000011920928955,680000
12,2721,250,95.98027038574219,0.3839210867881775,4.8138017654418945,0.050000011920928955,680250
12,2722,250,734.0601806640625,2.9362406730651855,4.958093166351318,0.050000011920928955,680500
12,2723,250,251.3921661376953,1.0055686235427856,4.757718563079834,0.050000011920928955,680750
12,2724,250,563.0350341796875,2.2521400451660156,5.055912017822266,0.050000011920928955,681000
12,2725,250,1057.5447998046875,4.230179309844971,5.373211860656738,0.050000011920928955,681250
12,2726,250,710.74658203125,2.8429863452911377,5.235710620880127,0.050000011920928955,681500
12,2727,250,1384.87255859375,5.539490222930908,5.213153839111328,0.050000011920928955,681750
12,2728,250,1385.1427001953125,5.5405707359313965,5.1375532150268555,0.050000011920928955,682000
12,2729,250,-78.4344482421875,-0.31373777985572815,5.639945030212402,0.050000011920928955,682250
12,2730,250,644.3988037109375,2.5775952339172363,5.307981491088867,0.050000011920928955,682500
12,2731,250,896.3344116210938,3.5853376388549805,5.491393089294434,0.050000011920928955,682750
12,2732,250,1337.824462890625,5.351297855377197,5.2827982902526855,0.050000011920928955,683000
12,2733,250,183.8804168701172,0.735521674156189,5.902376651763916,0.050000011920928955,683250
12,2734,250,-28.430217742919922,-0.11372087150812149,5.7824788093566895,0.050000011920928955,683500
12,2735,250,245.79527282714844,0.9831811189651489,5.976242542266846,0.050000011920928955,683750
12,2736,250,956.93310546875,3.8277323246002197,6.11061429977417,0.050000011920928955,684000
12,2737,250,130.3603057861328,0.5214412212371826,6.431965351104736,0.050000011920928955,684250
12,2738,250,636.1175537109375,2.5444703102111816,6.815761089324951,0.050000011920928955,684500
12,2739,250,89.76271057128906,0.35905084013938904,6.703075408935547,0.050000011920928955,684750
12,2740,250,-36.08768844604492,-0.14435075223445892,6.522042751312256,0.050000011920928955,685000
12,2741,250,498.56695556640625,1.9942678213119507,7.137785911560059,0.050000011920928955,685250
12,2742,250,65.2181167602539,0.2608724534511566,7.033817291259766,0.050000011920928955,685500
12,2743,250,69.54194641113281,0.2781677842140198,6.729278087615967,0.050000011920928955,685750
12,2744,250,43.572792053222656,0.17429116368293762,6.792484283447266,0.050000011920928955,686000
12,2745,250,-80.44442749023438,-0.32177770137786865,7.541335105895996,0.050000011920928955,686250
12,2746,250,801.1631469726562,3.2046525478363037,7.6907877922058105,0.050000011920928955,686500
12,2747,250,99.5457992553711,0.3981831967830658,7.529306888580322,0.050000011920928955,686750
12,2748,250,157.97055053710938,0.6318821907043457,7.040660381317139,0.050000011920928955,687000
12,2749,250,673.0308837890625,2.6921236515045166,8.079496383666992,0.050000011920928955,687250
12,2750,250,-78.30254364013672,-0.3132101893424988,7.766170978546143,0.050000011920928955,687500
12,2751,250,-70.23573303222656,-0.2809429466724396,7.807775497436523,0.050000011920928955,687750
12,2752,250,508.45159912109375,2.033806324005127,7.686557292938232,0.050000011920928955,688000
12,2753,250,718.890869140625,2.875563383102417,8.660040855407715,0.050000011920928955,688250
12,2754,250,143.606201171875,0.5744248032569885,8.388442039489746,0.050000011920928955,688500
12,2755,250,360.9542236328125,1.443816900253296,8.3417387008667,0.050000011920928955,688750
12,2756,250,101.84903717041016,0.407396137714386,8.653550148010254,0.050000011920928955,689000
12,2757,250,358.6949768066406,1.4347798824310303,8.910510063171387,0.050000011920928955,689250
12,2758,250,289.8870544433594,1.1595481634140015,8.927379608154297,0.050000011920928955,689500
12,2759,250,170.0107421875,0.6800429821014404,8.846962928771973,0.050000011920928955,689750
12,2760,250,754.4357299804688,3.017742872238159,8.5368070602417,0.050000011920928955,690000
12,2761,250,513.263916015625,2.053055763244629,9.36807918548584,0.050000011920928955,690250
12,2762,250,-9.366220474243164,-0.03746488317847252,9.53707504272461,0.050000011920928955,690500
12,2763,250,735.4850463867188,2.9419400691986084,9.158415794372559,0.050000011920928955,690750
12,2764,250,106.05001831054688,0.4242000877857208,8.898627281188965,0.050000011920928955,691000
12,2765,250,399.39593505859375,1.5975837707519531,9.548407554626465,0.050000011920928955,691250
12,2766,250,1335.7777099609375,5.343111038208008,9.359877586364746,0.050000011920928955,691500
12,2767,250,287.6059875488281,1.1504240036010742,9.075992584228516,0.050000011920928955,691750
12,2768,250,489.13568115234375,1.956542730331421,8.665070533752441,0.050000011920928955,692000
12,2769,250,96.48768615722656,0.3859507441520691,9.368871688842773,0.050000011920928955,692250
12,2770,250,118.64299774169922,0.47457200288772583,8.625144958496094,0.050000011920928955,692500
12,2771,250,99.4065170288086,0.3976260721683502,8.877609252929688,0.050000011920928955,692750
12,2772,250,77.19754791259766,0.3087901771068573,8.613277435302734,0.050000011920928955,693000
12,2773,250,95.41343688964844,0.381653755903244,9.028580665588379,0.050000011920928955,693250
12,2774,250,143.3583526611328,0.5734333992004395,8.82181167602539,0.050000011920928955,693500
12,2775,250,116.35637664794922,0.4654255211353302,8.395472526550293,0.050000011920928955,693750
12,2776,250,645.8915405273438,2.583566188812256,8.33456039428711,0.050000011920928955,694000
12,2777,250,-13.972256660461426,-0.05588902533054352,8.634965896606445,0.050000011920928955,694250
12,2778,250,65.98235321044922,0.26392942667007446,8.167180061340332,0.050000011920928955,694500
12,2779,250,110.39862823486328,0.44159451127052307,8.035940170288086,0.050000011920928955,694750
12,2780,250,97.1092758178711,0.38843709230422974,8.057563781738281,0.050000011920928955,695000
12,2781,250,95.47565460205078,0.3819026052951813,8.8336820602417,0.050000011920928955,695250
12,2782,250,158.17254638671875,0.6326901912689209,8.28995132446289,0.050000011920928955,695500
12,2783,250,999.1065673828125,3.9964263439178467,8.241534233093262,0.050000011920928955,695750
12,2784,250,81.55177307128906,0.32620710134506226,8.014365196228027,0.050000011920928955,696000
12,2785,250,89.52487182617188,0.35809949040412903,8.51009464263916,0.050000011920928955,696250
12,2786,250,148.45005798339844,0.5938002467155457,8.143196105957031,0.050000011920928955,696500
12,2787,250,43.430686950683594,0.1737227439880371,7.8940110206604,0.050000011920928955,696750
12,2788,250,618.70654296875,2.4748260974884033,7.653210163116455,0.050000011920928955,697000
12,2789,250,-176.9666748046875,-0.7078667283058167,8.372146606445312,0.050000011920928955,697250
12,2790,250,-44.617794036865234,-0.178471177816391,8.145895004272461,0.050000011920928955,697500
12,2791,250,68.13299560546875,0.27253198623657227,7.937169551849365,0.050000011920928955,697750
12,2792,250,719.59765625,2.8783905506134033,7.82351016998291,0.050000011920928955,698000
12,2793,250,109.68635559082031,0.4387454092502594,8.442910194396973,0.050000011920928955,698250
12,2794,250,920.027587890625,3.680110454559326,7.904699802398682,0.050000011920928955,698500
12,2795,250,-20.928661346435547,-0.08371464908123016,7.915066242218018,0.050000011920928955,698750
12,2796,250,362.6058654785156,1.4504234790802002,7.7336201667785645,0.050000011920928955,699000
12,2797,250,-432.7729797363281,-1.7310919761657715,8.251126289367676,0.050000011920928955,699250
12,2798,250,265.92205810546875,1.0636882781982422,7.530763149261475,0.050000011920928955,699500
12,2799,250,-39.72421646118164,-0.15889686346054077,7.7045722007751465,0.050000011920928955,699750
12,2800,250,1034.2593994140625,4.137037754058838,8.052226066589355,0.050000011920928955,700000
12,2801,250,119.96849822998047,0.47987398505210876,8.051015853881836,0.050000011920928955,700250
12,2802,250,1080.2271728515625,4.320908546447754,8.007861137390137,0.050000011920928955,700500
12,2803,250,386.271728515625,1.5450868606567383,7.999452114105225,0.050000011920928955,700750
12,2804,250,-91.7588119506836,-0.36703523993492126,7.657111644744873,0.050000011920928955,701000
12,2805,250,63.33511734008789,0.253340482711792,8.161800384521484,0.050000011920928955,701250
12,2806,250,79.78684997558594,0.31914740800857544,7.70807409286499,0.050000011920928955,701500
12,2807,250,38.30559539794922,0.15322238206863403,7.968198776245117,0.050000011920928955,701750
12,2808,250,143.39186096191406,0.5735674500465393,7.965644359588623,0.050000011920928955,702000
12,2809,250,-57.28104019165039,-0.22912415862083435,8.636336326599121,0.050000011920928955,702250
12,2810,250,37.84526443481445,0.15138106048107147,7.913914680480957,0.050000011920928955,702500
12,2811,250,62.94715881347656,0.2517886459827423,7.961716175079346,0.050000011920928955,702750
12,2812,250,62.448402404785156,0.24979360401630402,8.426054954528809,0.050000011920928955,703000
12,2813,250,101.81548309326172,0.4072619378566742,8.852276802062988,0.050000011920928955,703250
12,2814,250,-89.1381607055664,-0.3565526306629181,8.798540115356445,0.050000011920928955,703500
12,2815,250,-80.86849975585938,-0.3234739899635315,8.531983375549316,0.050000011920928955,703750
12,2816,250,117.74055480957031,0.4709622263908386,8.070989608764648,0.050000011920928955,704000
12,2817,250,99.09492492675781,0.3963797092437744,8.890143394470215,0.050000011920928955,704250
12,2818,250,66.26956176757812,0.26507824659347534,8.285898208618164,0.050000011920928955,704500
12,2819,250,109.4125747680664,0.43765029311180115,8.11514949798584,0.050000011920928955,704750
12,2820,250,123.9893798828125,0.49595752358436584,8.153013229370117,0.050000011920928955,705000
12,2821,250,146.9073944091797,0.5876295566558838,8.445289611816406,0.050000011920928955,705250
12,2822,250,111.28433990478516,0.4451373517513275,7.918645858764648,0.050000011920928955,705500
12,2823,250,209.53817749023438,0.8381527066230774,8.349241256713867,0.050000011920928955,705750
12,2824,250,114.24923706054688,0.45699694752693176,8.135709762573242,0.050000011920928955,706000
12,2825,250,126.19969177246094,0.5047987699508667,8.426994323730469,0.050000011920928955,706250
12,2826,250,121.32512664794922,0.4853005111217499,7.957921028137207,0.050000011920928955,706500
12,2827,250,-57.61991882324219,-0.2304796725511551,7.720916271209717,0.050000011920928955,706750
12,2828,250,-72.23595428466797,-0.2889438271522522,7.8673200607299805,0.050000011920928955,707000
12,2829,250,311.1005859375,1.244402289390564,8.465521812438965,0.050000011920928955,707250
12,2830,250,168.41259765625,0.6736503839492798,7.720524311065674,0.050000011920928955,707500
12,2831,250,299.56585693359375,1.19826340675354,7.829155921936035,0.050000011920928955,707750
12,2832,250,255.0928192138672,1.0203713178634644,7.523377418518066,0.050000011920928955,708000
12,2833,250,289.8723449707031,1.159489393234253,7.868538856506348,0.050000011920928955,708250
12,2834,250,131.59376525878906,0.5263750553131104,7.449775218963623,0.050000011920928955,708500
12,2835,250,237.568603515625,0.9502744078636169,7.372878074645996,0.050000011920928955,708750
12,2836,250,458.6578369140625,1.834631323814392,7.01251745223999,0.050000011920928955,709000
12,2837,250,525.7510375976562,2.103004217147827,7.99481725692749,0.050000011920928955,709250
12,2838,250,363.21893310546875,1.4528757333755493,7.412827491760254,0.050000011920928955,709500
12,2839,250,442.527099609375,1.7701083421707153,7.379227638244629,0.050000011920928955,709750
12,2840,250,679.0313110351562,2.716125249862671,6.909058094024658,0.050000011920928955,710000
12,2841,250,729.1035766601562,2.916414260864258,6.959089279174805,0.050000011920928955,710250
12,2842,250,650.1180419921875,2.6004722118377686,7.0264973640441895,0.050000011920928955,710500
12,2843,250,490.5464172363281,1.9621856212615967,6.361614227294922,0.050000011920928955,710750
12,2844,250,850.8955078125,3.4035820960998535,6.6480712890625,0.050000011920928955,711000
12,2845,250,827.7042236328125,3.310817003250122,7.018984317779541,0.050000011920928955,711250
12,2846,250,759.978759765625,3.039915084838867,6.73384428024292,0.050000011920928955,711500
12,2847,250,492.626953125,1.9705078601837158,6.572685718536377,0.050000011920928955,711750
12,2848,250,935.2247924804688,3.740899085998535,6.357047080993652,0.050000011920928955,712000
12,2849,250,682.0858154296875,2.7283432483673096,6.776797771453857,0.050000011920928955,712250
12,2850,250,791.1558227539062,3.164623260498047,6.015158653259277,0.050000011920928955,712500
12,2851,250,941.8977661132812,3.7675909996032715,5.719916343688965,0.050000011920928955,712750
12,2852,250,1215.707275390625,4.862829208374023,5.86787748336792,0.050000011920928955,713000
12,2853,250,500.914306640625,2.003657341003418,6.39127779006958,0.050000011920928955,713250
12,2854,250,493.048095703125,1.972192406654358,5.960342884063721,0.050000011920928955,713500
12,2855,250,752.87744140625,3.011509656906128,5.815313816070557,0.050000011920928955,713750
12,2856,250,547.4972534179688,2.1899890899658203,5.568203449249268,0.050000011920928955,714000
12,2857,250,222.46556091308594,0.8898622393608093,6.427222728729248,0.050000011920928955,714250
12,2858,250,727.4220581054688,2.9096882343292236,6.090999126434326,0.050000011920928955,714500
12,2859,250,571.9695434570312,2.2878782749176025,6.0074849128723145,0.050000011920928955,714750
12,2860,250,1121.1011962890625,4.484404563903809,6.11395788192749,0.050000011920928955,715000
12,2861,250,1041.1405029296875,4.164562225341797,6.571129322052002,0.050000011920928955,715250
12,2862,250,679.50244140625,2.7180097103118896,6.086921215057373,0.050000011920928955,715500
12,2863,250,490.4856872558594,1.9619427919387817,6.152158737182617,0.050000011920928955,715750
12,2864,250,1044.83740234375,4.179349422454834,6.306092739105225,0.050000011920928955,716000
12,2865,250,903.9823608398438,3.615929365158081,6.750241756439209,0.050000011920928955,716250
12,2866,250,687.8531494140625,2.7514126300811768,6.150458335876465,0.050000011920928955,716500
12,2867,250,727.81982421875,2.9112792015075684,6.166883945465088,0.050000011920928955,716750
12,2868,250,403.2948303222656,1.613179326057434,5.910253524780273,0.050000011920928955,717000
12,2869,250,544.9046020507812,2.1796183586120605,5.999017238616943,0.050000011920928955,717250
12,2870,250,622.8121948242188,2.491248846054077,5.782482147216797,0.050000011920928955,717500
12,2871,250,616.6864624023438,2.4667458534240723,5.832461833953857,0.050000011920928955,717750
12,2872,250,705.1895141601562,2.820758104324341,5.718119144439697,0.050000011920928955,718000
12,2873,250,496.43310546875,1.9857324361801147,5.910275936126709,0.050000011920928955,718250
12,2874,250,735.0086669921875,2.9400346279144287,5.653367042541504,0.050000011920928955,718500
12,2875,250,898.12646484375,3.592505931854248,5.525224685668945,0.050000011920928955,718750
12,2876,250,849.6301879882812,3.3985207080841064,5.339272975921631,0.050000011920928955,719000
12,2877,250,795.7222900390625,3.182889223098755,5.601367473602295,0.050000011920928955,719250
12,2878,250,368.3945617675781,1.4735782146453857,5.329974174499512,0.050000011920928955,719500
12,2879,250,785.5457763671875,3.1421830654144287,5.363732814788818,0.050000011920928955,719750
12,2880,250,751.6680908203125,3.0066723823547363,5.244725227355957,0.050000011920928955,720000
12,2881,250,860.5499267578125,3.44219970703125,5.303909778594971,0.050000011920928955,720250
12,2882,250,970.7459716796875,3.882983922958374,5.051472187042236,0.050000011920928955,720500
12,2883,250,710.8538818359375,2.8434154987335205,4.865203857421875,0.050000011920928955,720750
12,2884,250,643.324951171875,2.5732998847961426,4.966192245483398,0.050000011920928955,721000
12,2885,250,822.0814208984375,3.288325786590576,5.083481788635254,0.050000011920928955,721250
12,2886,250,908.96923828125,3.6358768939971924,4.688952445983887,0.050000011920928955,721500
12,2887,250,997.3564453125,3.9894258975982666,5.051504135131836,0.050000011920928955,721750
12,2888,250,94.83384704589844,0.3793353736400604,4.891489028930664,0.050000011920928955,722000
12,2889,250,539.1173706054688,2.1564695835113525,5.094672679901123,0.050000011920928955,722250
12,2890,250,32.307735443115234,0.12923094630241394,5.017321586608887,0.050000011920928955,722500
12,2891,250,1125.17724609375,4.500709056854248,4.920175552368164,0.050000011920928955,722750
12,2892,250,687.7645874023438,2.751058340072632,4.720810413360596,0.050000011920928955,723000
12,2893,250,919.5977172851562,3.6783909797668457,5.138165473937988,0.050000011920928955,723250
12,2894,250,830.874755859375,3.3234989643096924,4.76127815246582,0.050000011920928955,723500
12,2895,250,1011.0050048828125,4.044020175933838,4.720963478088379,0.050000011920928955,723750
12,2896,250,845.6476440429688,3.3825905323028564,4.3631062507629395,0.050000011920928955,724000
12,2897,250,215.14129638671875,0.860565185546875,4.749733924865723,0.050000011920928955,724250
12,2898,250,336.4508972167969,1.3458036184310913,4.490053653717041,0.050000011920928955,724500
12,2899,250,838.5343017578125,3.3541371822357178,4.647372722625732,0.050000011920928955,724750
12,2900,250,77.841064453125,0.3113642632961273,4.643235683441162,0.050000011920928955,725000
12,2901,250,1135.633544921875,4.542534351348877,5.318897247314453,0.050000011920928955,725250
12,2902,250,757.4651489257812,3.029860496520996,4.810318946838379,0.050000011920928955,725500
12,2903,250,43.83861541748047,0.175354465842247,4.86327600479126,0.050000011920928955,725750
12,2904,250,43.90457534790039,0.17561830580234528,4.651742458343506,0.050000011920928955,726000
12,2905,250,1120.1226806640625,4.480490684509277,5.017439365386963,0.050000011920928955,726250
12,2906,250,532.7698364257812,2.1310794353485107,5.062238693237305,0.050000011920928955,726500
12,2907,250,642.04638671875,2.568185567855835,4.9852070808410645,0.050000011920928955,726750
12,2908,250,614.8949584960938,2.4595799446105957,4.9845428466796875,0.050000011920928955,727000
12,2909,250,860.388916015625,3.4415557384490967,5.099401473999023,0.050000011920928955,727250
12,2910,250,1221.1270751953125,4.88450813293457,5.061923503875732,0.050000011920928955,727500
12,2911,250,660.2137451171875,2.640855073928833,4.824047565460205,0.050000011920928955,727750
12,2912,250,1147.69921875,4.590796947479248,5.019076824188232,0.050000011920928955,728000
12,2913,250,767.3749389648438,3.0694997310638428,5.328024387359619,0.050000011920928955,728250
12,2914,250,665.13232421875,2.660529375076294,5.254252910614014,0.050000011920928955,728500
12,2915,250,983.21923828125,3.9328770637512207,5.023532390594482,0.050000011920928955,728750
12,2916,250,1055.2626953125,4.22105073928833,4.914128303527832,0.050000011920928955,729000
12,2917,250,1023.5929565429688,4.094371795654297,5.406601428985596,0.050000011920928955,729250
12,2918,250,978.5654296875,3.914261817932129,5.010325908660889,0.050000011920928955,729500
12,2919,250,1067.95751953125,4.271830081939697,5.357433319091797,0.050000011920928955,729750
12,2920,250,1057.697021484375,4.230788230895996,5.209656715393066,0.050000011920928955,730000
12,2921,250,-29.374677658081055,-0.11749871075153351,5.483250141143799,0.050000011920928955,730250
12,2922,250,1333.589111328125,5.334356307983398,5.40703821182251,0.050000011920928955,730500
12,2923,250,659.6338500976562,2.638535499572754,5.185413837432861,0.050000011920928955,730750
12,2924,250,13.247302055358887,0.052989207208156586,5.230917453765869,0.050000011920928955,731000
12,2925,250,856.4865112304688,3.425945997238159,5.4929375648498535,0.050000011920928955,731250
12,2926,250,1282.09130859375,5.1283650398254395,5.766432762145996,0.050000011920928955,731500
12,2927,250,888.68603515625,3.554744243621826,5.664102077484131,0.050000011920928955,731750
12,2928,250,682.02734375,2.728109359741211,5.780081272125244,0.050000011920928955,732000
12,2929,250,955.4150390625,3.821660041809082,5.520012855529785,0.050000011920928955,732250
12,2930,250,706.760986328125,2.8270440101623535,5.763413906097412,0.050000011920928955,732500
12,2931,250,720.3323974609375,2.8813295364379883,5.527871608734131,0.050000011920928955,732750
12,2932,250,271.2979736328125,1.0851918458938599,5.468671798706055,0.050000011920928955,733000
12,2933,250,802.423583984375,3.2096943855285645,5.683041572570801,0.050000011920928955,733250
12,2934,250,650.2701416015625,2.6010806560516357,5.99912166595459,0.050000011920928955,733500
12,2935,250,1203.1422119140625,4.812568664550781,6.259505271911621,0.050000011920928955,733750
12,2936,250,1125.3355712890625,4.501342296600342,5.493054389953613,0.050000011920928955,734000
12,2937,250,1072.4537353515625,4.2898149490356445,5.883174419403076,0.050000011920928955,734250
12,2938,250,798.6389770507812,3.1945559978485107,5.854069709777832,0.050000011920928955,734500
12,2939,250,1090.1795654296875,4.360718250274658,5.885768413543701,0.050000011920928955,734750
12,2940,250,1462.5179443359375,5.850071907043457,5.438242435455322,0.050000011920928955,735000
12,2941,250,146.30825805664062,0.5852330327033997,5.565569877624512,0.050000011920928955,735250
12,2942,250,75.06391906738281,0.300255686044693,5.5099639892578125,0.050000011920928955,735500
12,2943,250,1413.7139892578125,5.654855728149414,5.498426914215088,0.050000011920928955,735750
12,2944,250,953.8789672851562,3.8155157566070557,5.314389228820801,0.050000011920928955,736000
12,2945,250,-16.003170013427734,-0.06401267647743225,5.676995754241943,0.050000011920928955,736250
12,2946,250,1390.3809814453125,5.561523914337158,5.965960502624512,0.050000011920928955,736500
12,2947,250,1371.2315673828125,5.484926223754883,5.706169605255127,0.050000011920928955,736750
12,2948,250,124.00827026367188,0.49603307247161865,5.544646263122559,0.050000011920928955,737000
12,2949,250,97.34233856201172,0.3893693685531616,5.7377214431762695,0.050000011920928955,737250
12,2950,250,1309.3392333984375,5.237357139587402,5.58508825302124,0.050000011920928955,737500
12,2951,250,96.11161804199219,0.38444647192955017,5.356773376464844,0.050000011920928955,737750
12,2952,250,91.55209350585938,0.36620837450027466,5.873562335968018,0.050000011920928955,738000
12,2953,250,134.7588348388672,0.5390353202819824,6.153277397155762,0.050000011920928955,738250
12,2954,250,300.27935791015625,1.2011173963546753,5.5849928855896,0.050000011920928955,738500
12,2955,250,597.1565551757812,2.3886263370513916,6.055942535400391,0.050000011920928955,738750
12,2956,250,1190.1475830078125,4.760590553283691,5.979696273803711,0.050000011920928955,739000
12,2957,250,878.2967529296875,3.5131869316101074,5.967194557189941,0.050000011920928955,739250
12,2958,250,613.103759765625,2.4524149894714355,5.899844646453857,0.050000011920928955,739500
12,2959,250,2.7081804275512695,0.01083272136747837,5.890166282653809,0.050000011920928955,739750
12,2960,250,242.90147399902344,0.9716058969497681,5.956758499145508,0.050000011920928955,740000
12,2961,250,479.8520202636719,1.9194080829620361,6.329599857330322,0.050000011920928955,740250
12,2962,250,445.64263916015625,1.7825706005096436,5.820843696594238,0.050000011920928955,740500
12,2963,250,613.755859375,2.4550235271453857,5.8735575675964355,0.050000011920928955,740750
12,2964,250,1082.7430419921875,4.330972194671631,5.6736531257629395,0.050000011920928955,741000
12,2965,250,510.9897155761719,2.043958902359009,6.374737739562988,0.050000011920928955,741250
12,2966,250,764.4426879882812,3.0577707290649414,5.819441318511963,0.050000011920928955,741500
12,2967,250,806.5830688476562,3.226332187652588,5.8590593338012695,0.050000011920928955,741750
12,2968,250,699.4548950195312,2.7978196144104004,5.7316999435424805,0.050000011920928955,742000
12,2969,250,978.4633178710938,3.913853168487549,6.186131954193115,0.050000011920928955,742250
12,2970,250,1027.5592041015625,4.110236644744873,5.945955753326416,0.050000011920928955,742500
12,2971,250,715.9555053710938,2.8638219833374023,5.847811222076416,0.050000011920928955,742750
12,2972,250,875.9324951171875,3.503730058670044,5.557506561279297,0.050000011920928955,743000
12,2973,250,869.6412353515625,3.478564977645874,6.1531662940979,0.050000011920928955,743250
12,2974,250,926.2622680664062,3.7050490379333496,5.950967311859131,0.050000011920928955,743500
12,2975,250,1021.8246459960938,4.087298393249512,5.725258827209473,0.050000011920928955,743750
12,2976,250,1203.8817138671875,4.815526962280273,5.553484916687012,0.050000011920928955,744000
12,2977,250,908.0968017578125,3.632387161254883,6.231468677520752,0.050000011920928955,744250
12,2978,250,774.635498046875,3.0985419750213623,5.8458781242370605,0.050000011920928955,744500
12,2979,250,602.8657836914062,2.4114630222320557,5.573920726776123,0.050000011920928955,744750
12,2980,250,291.64739990234375,1.166589617729187,5.57207727432251,0.050000011920928955,745000
12,2981,250,16.268352508544922,0.0650734081864357,6.067446231842041,0.050000011920928955,745250
12,2982,250,1.7037861347198486,0.0068151443265378475,6.153697490692139,0.050000011920928955,745500
12,2983,250,1294.532958984375,5.178132057189941,5.657235145568848,0.050000011920928955,745750
12,2984,250,4.976551532745361,0.01990620605647564,5.713033676147461,0.050000011920928955,746000
12,2985,250,1265.982177734375,5.063928604125977,6.164756774902344,0.050000011920928955,746250
12,2986,250,-3.449862480163574,-0.013799450360238552,5.895463943481445,0.050000011920928955,746500
12,2987,250,1053.951904296875,4.2158074378967285,6.074495792388916,0.050000011920928955,746750
12,2988,250,1296.2442626953125,5.184977054595947,5.8513994216918945,0.050000011920928955,747000
12,2989,250,1337.1639404296875,5.348655700683594,5.925055503845215,0.050000011920928955,747250
12,2990,250,30.94342041015625,0.12377367913722992,5.850438594818115,0.050000011920928955,747500
12,2991,250,1265.699951171875,5.06279993057251,5.783379554748535,0.050000011920928955,747750
12,2992,250,286.5955505371094,1.146382212638855,5.412420272827148,0.050000011920928955,748000
12,2993,250,1391.9228515625,5.567691326141357,5.854970932006836,0.050000011920928955,748250
12,2994,250,52.37311553955078,0.20949245989322662,5.63750696182251,0.050000011920928955,748500
12,2995,250,383.2369689941406,1.5329478979110718,5.438918113708496,0.050000011920928955,748750
12,2996,250,272.1680603027344,1.0886722803115845,5.798357009887695,0.050000011920928955,749000
12,2997,250,1294.0272216796875,5.1761088371276855,5.9707818031311035,0.050000011920928955,749250
12,2998,250,268.22283935546875,1.072891354560852,5.678318023681641,0.050000011920928955,749500
12,2999,250,376.2790222167969,1.5051161050796509,5.788100242614746,0.050000011920928955,749750
12,3000,250,363.352294921875,1.453409194946289,5.898860931396484,0.050000011920928955,750000
12,3001,250,-13.023567199707031,-0.052094269543886185,5.951272010803223,0.050000011920928955,750250
12,3002,250,1198.9173583984375,4.7956695556640625,5.497117519378662,0.050000011920928955,750500
12,3003,250,1139.5682373046875,4.558272838592529,5.451509475708008,0.050000011920928955,750750
12,3004,250,1203.6153564453125,4.8144612312316895,5.521117210388184,0.050000011920928955,751000
12,3005,250,-31.463565826416016,-0.1258542686700821,6.228878021240234,0.050000011920928955,751250
12,3006,250,-23.985464096069336,-0.09594185650348663,5.80177116394043,0.050000011920928955,751500
12,3007,250,1364.3304443359375,5.457321643829346,5.785043239593506,0.050000011920928955,751750
12,3008,250,-27.29738426208496,-0.10918954014778137,5.635268688201904,0.050000011920928955,752000
12,3009,250,1404.7659912109375,5.619063854217529,5.959436893463135,0.050000011920928955,752250
12,3010,250,937.3823852539062,3.7495296001434326,6.139219284057617,0.050000011920928955,752500
12,3011,250,1131.5045166015625,4.526018142700195,5.565838813781738,0.050000011920928955,752750
12,3012,250,1347.4886474609375,5.389954566955566,5.641546249389648,0.050000011920928955,753000
12,3013,250,1102.0101318359375,4.408040523529053,5.877810001373291,0.050000011920928955,753250
12,3014,250,1318.8804931640625,5.275521755218506,5.668364524841309,0.050000011920928955,753500
12,3015,250,1119.2030029296875,4.47681188583374,5.522590160369873,0.050000011920928955,753750
12,3016,250,1456.2764892578125,5.825106143951416,5.508158206939697,0.050000011920928955,754000
12,3017,250,1315.3363037109375,5.261345386505127,5.790016174316406,0.050000011920928955,754250
12,3018,250,937.4186401367188,3.7496745586395264,5.87574577331543,0.050000011920928955,754500
12,3019,250,966.4046020507812,3.8656184673309326,5.744564056396484,0.050000011920928955,754750
12,3020,250,672.0924682617188,2.6883699893951416,5.823876857757568,0.050000011920928955,755000
12,3021,250,1348.7332763671875,5.394933223724365,5.689177989959717,0.050000011920928955,755250
12,3022,250,1250.209228515625,5.0008368492126465,5.538242816925049,0.050000011920928955,755500
12,3023,250,1245.6734619140625,4.982693672180176,5.629098415374756,0.050000011920928955,755750
12,3024,250,1440.8468017578125,5.763387203216553,5.400900840759277,0.050000011920928955,756000
12,3025,250,388.8771057128906,1.5555083751678467,5.311074733734131,0.050000011920928955,756250
12,3026,250,-87.29417419433594,-0.34917670488357544,5.315817356109619,0.050000011920928955,756500
12,3027,250,1339.3709716796875,5.357483863830566,5.217837333679199,0.050000011920928955,756750
12,3028,250,1024.8963623046875,4.09958553314209,5.345872402191162,0.050000011920928955,757000
12,3029,250,-9.702569961547852,-0.038810279220342636,5.355788707733154,0.050000011920928955,757250
12,3030,250,1125.8336181640625,4.5033345222473145,5.404764175415039,0.050000011920928955,757500
12,3031,250,1413.7950439453125,5.655179977416992,5.44619083404541,0.050000011920928955,757750
12,3032,250,1326.85302734375,5.307412147521973,5.175225257873535,0.050000011920928955,758000
12,3033,250,1332.0155029296875,5.328062057495117,5.550150394439697,0.050000011920928955,758250
12,3034,250,686.8484497070312,2.747393846511841,5.35903263092041,0.050000011920928955,758500
12,3035,250,1269.54345703125,5.078173637390137,5.339937686920166,0.050000011920928955,758750
12,3036,250,1406.9239501953125,5.6276960372924805,5.289111137390137,0.050000011920928955,759000
12,3037,250,1434.35888671875,5.737435340881348,5.3173041343688965,0.050000011920928955,759250
12,3038,250,1018.6532592773438,4.074613094329834,5.221201419830322,0.050000011920928955,759500
12,3039,250,-22.298099517822266,-0.08919239789247513,5.444871425628662,0.050000011920928955,759750
12,3040,250,858.4783325195312,3.433913230895996,4.959052085876465,0.050000011920928955,760000
12,3041,250,1406.2247314453125,5.624898910522461,5.066570281982422,0.050000011920928955,760250
12,3042,250,50.768310546875,0.20307324826717377,5.098629474639893,0.050000011920928955,760500
12,3043,250,1428.1925048828125,5.712769985198975,5.218837261199951,0.050000011920928955,760750
12,3044,250,1342.2049560546875,5.368819713592529,4.967136383056641,0.050000011920928955,761000
12,3045,250,562.4371337890625,2.249748468399048,5.420346736907959,0.050000011920928955,761250
12,3046,250,939.20703125,3.7568280696868896,5.024636268615723,0.050000011920928955,761500
12,3047,250,811.30224609375,3.245208978652954,4.644582748413086,0.050000011920928955,761750
12,3048,250,-15.62878704071045,-0.06251514703035355,4.851069450378418,0.050000011920928955,762000
12,3049,250,686.2383422851562,2.7449533939361572,5.744799613952637,0.050000011920928955,762250
12,3050,250,321.5514831542969,1.2862058877944946,5.581188678741455,0.050000011920928955,762500
12,3051,250,293.8966064453125,1.175586462020874,5.542688369750977,0.050000011920928955,762750
12,3052,250,1344.3572998046875,5.377429008483887,5.446472644805908,0.050000011920928955,763000
12,3053,250,17.262758255004883,0.06905103474855423,6.065333843231201,0.050000011920928955,763250
12,3054,250,1348.337158203125,5.393348693847656,5.476430416107178,0.050000011920928955,763500
12,3055,250,1371.2889404296875,5.4851555824279785,5.678470611572266,0.050000011920928955,763750
12,3056,250,432.60040283203125,1.730401635169983,5.6670684814453125,0.050000011920928955,764000
12,3057,250,387.0531921386719,1.5482127666473389,5.687996864318848,0.050000011920928955,764250
12,3058,250,267.516357421875,1.0700653791427612,5.662524223327637,0.050000011920928955,764500
12,3059,250,840.6609497070312,3.3626437187194824,5.784303665161133,0.050000011920928955,764750
12,3060,250,401.5276794433594,1.606110692024231,5.276742458343506,0.050000011920928955,765000
12,3061,250,327.4002685546875,1.309601068496704,5.836658954620361,0.050000011920928955,765250
12,3062,250,139.59664916992188,0.5583866238594055,5.469820976257324,0.050000011920928955,765500
12,3063,250,235.84698486328125,0.9433879256248474,5.923548221588135,0.050000011920928955,765750
12,3064,250,156.47894287109375,0.6259157657623291,5.910256862640381,0.050000011920928955,766000
12,3065,250,1255.2991943359375,5.0211968421936035,6.01840353012085,0.050000011920928955,766250
12,3066,250,328.0702209472656,1.3122808933258057,5.747038841247559,0.050000011920928955,766500
12,3067,250,275.06903076171875,1.1002761125564575,5.763955116271973,0.050000011920928955,766750
12,3068,250,220.4093017578125,0.8816372156143188,6.089097499847412,0.050000011920928955,767000
12,3069,250,109.30593872070312,0.43722376227378845,5.919498443603516,0.050000011920928955,767250
12,3070,250,170.7541046142578,0.6830164194107056,5.9531049728393555,0.050000011920928955,767500
12,3071,250,309.46795654296875,1.2378718852996826,6.004313945770264,0.050000011920928955,767750
12,3072,250,301.1269836425781,1.2045079469680786,5.9998698234558105,0.050000011920928955,768000
12,3073,250,177.84051513671875,0.7113620638847351,6.120169639587402,0.050000011920928955,768250
12,3074,250,379.4262390136719,1.517704963684082,6.09514856338501,0.050000011920928955,768500
12,3075,250,1009.5260009765625,4.038104057312012,6.034628391265869,0.050000011920928955,768750
12,3076,250,342.7138671875,1.370855450630188,6.156074047088623,0.050000011920928955,769000
12,3077,250,565.1149291992188,2.2604596614837646,6.980640888214111,0.050000011920928955,769250
12,3078,250,870.1190795898438,3.4804763793945312,6.5618696212768555,0.050000011920928955,769500
12,3079,250,542.76611328125,2.1710643768310547,6.307672500610352,0.050000011920928955,769750
12,3080,250,974.5087280273438,3.8980348110198975,6.510408878326416,0.050000011920928955,770000
12,3081,250,805.5050659179688,3.222020149230957,6.927486896514893,0.050000011920928955,770250
12,3082,250,745.2708740234375,2.981083393096924,6.5055460929870605,0.050000011920928955,770500
12,3083,250,449.4554748535156,1.7978218793869019,6.437108993530273,0.050000011920928955,770750
12,3084,250,708.2257690429688,2.8329031467437744,6.547870635986328,0.050000011920928955,771000
12,3085,250,588.9246826171875,2.355698823928833,6.840541362762451,0.050000011920928955,771250
12,3086,250,626.4465942382812,2.505786418914795,6.502488613128662,0.050000011920928955,771500
12,3087,250,698.5269775390625,2.7941079139709473,6.4448442459106445,0.050000011920928955,771750
12,3088,250,575.2398681640625,2.300959587097168,6.021036148071289,0.050000011920928955,772000
12,3089,250,650.1320190429688,2.6005280017852783,6.676980018615723,0.050000011920928955,772250
12,3090,250,491.84478759765625,1.967379093170166,6.334189414978027,0.050000011920928955,772500
12,3091,250,644.2760009765625,2.577104091644287,6.30250883102417,0.050000011920928955,772750
12,3092,250,424.1769104003906,1.6967076063156128,5.904864311218262,0.050000011920928955,773000
12,3093,250,597.0111694335938,2.388044595718384,6.115683078765869,0.050000011920928955,773250
12,3094,250,616.1356811523438,2.4645426273345947,5.759922504425049,0.050000011920928955,773500
12,3095,250,24.573999404907227,0.09829599410295486,6.2008376121521,0.050000011920928955,773750
12,3096,250,38.0697135925293,0.1522788554430008,5.653341293334961,0.050000011920928955,774000
12,3097,250,536.1852416992188,2.1447410583496094,6.347025394439697,0.050000011920928955,774250
12,3098,250,582.2704467773438,2.3290817737579346,5.950289726257324,0.050000011920928955,774500
12,3099,250,102.68122863769531,0.4107249081134796,6.180444717407227,0.050000011920928955,774750
12,3100,250,428.95123291015625,1.715804934501648,5.933943748474121,0.050000011920928955,775000
12,3101,250,206.05361938476562,0.8242144584655762,6.247467041015625,0.050000011920928955,775250
12,3102,250,596.58154296875,2.3863260746002197,6.17504358291626,0.050000011920928955,775500
12,3103,250,629.8115234375,2.5192461013793945,5.982398509979248,0.050000011920928955,775750
12,3104,250,597.357421875,2.3894295692443848,5.917586803436279,0.050000011920928955,776000
12,3105,250,523.0304565429688,2.0921218395233154,6.06239128112793,0.050000011920928955,776250
12,3106,250,6.261849880218506,0.02504739910364151,5.809210777282715,0.050000011920928955,776500
12,3107,250,34.48823165893555,0.13795292377471924,5.887109279632568,0.050000011920928955,776750
12,3108,250,150.2547149658203,0.6010188460350037,5.919204235076904,0.050000011920928955,777000
12,3109,250,17.40202522277832,0.06960809975862503,6.275451183319092,0.050000011920928955,777250
12,3110,250,-7.5863823890686035,-0.030345529317855835,6.065312385559082,0.050000011920928955,777500
12,3111,250,8.071853637695312,0.032287415117025375,5.706122875213623,0.050000011920928955,777750
12,3112,250,71.90812683105469,0.2876324951648712,6.606541633605957,0.050000011920928955,778000
12,3113,250,21.45305633544922,0.08581222593784332,6.292206764221191,0.050000011920928955,778250
12,3114,250,2.011657238006592,0.008046628907322884,6.632972240447998,0.050000011920928955,778500
12,3115,250,-6.557580471038818,-0.02623032219707966,6.389441013336182,0.050000011920928955,778750
12,3116,250,18.843568801879883,0.07537427544593811,6.365681171417236,0.050000011920928955,779000
12,3117,250,8.73928451538086,0.03495713695883751,6.424986839294434,0.050000011920928955,779250
12,3118,250,508.56475830078125,2.034259080886841,6.286315441131592,0.050000011920928955,779500
12,3119,250,597.661865234375,2.3906474113464355,5.684486389160156,0.050000011920928955,779750
12,3120,250,783.4334716796875,3.1337339878082275,5.8592305183410645,0.050000011920928955,780000
12,3121,250,779.8988037109375,3.1195952892303467,6.130146503448486,0.050000011920928955,780250
12,3122,250,602.9384155273438,2.4117536544799805,6.0790205001831055,0.050000011920928955,780500
12,3123,250,88.84373474121094,0.35537493228912354,5.707118511199951,0.050000011920928955,780750
12,3124,250,863.06689453125,3.452267646789551,6.196070194244385,0.050000011920928955,781000
12,3125,250,973.42333984375,3.893693447113037,6.023061752319336,0.050000011920928955,781250
12,3126,250,1053.55029296875,4.214200973510742,6.208715438842773,0.050000011920928955,781500
12,3127,250,1069.8560791015625,4.27942419052124,5.400559425354004,0.050000011920928955,781750
12,3128,250,1016.7320556640625,4.066928386688232,5.968051433563232,0.050000011920928955,782000
12,3129,250,1029.7874755859375,4.119149684906006,6.0943169593811035,0.050000011920928955,782250
12,3130,250,550.8943481445312,2.2035772800445557,5.588960647583008,0.050000011920928955,782500
12,3131,250,63.95388412475586,0.2558155357837677,5.797510147094727,0.050000011920928955,782750
12,3132,250,524.0453491210938,2.0961813926696777,5.844522476196289,0.050000011920928955,783000
12,3133,250,1035.260009765625,4.141039848327637,6.0291948318481445,0.050000011920928955,783250
12,3134,250,989.3634033203125,3.957453727722168,6.060616493225098,0.050000011920928955,783500
12,3135,250,399.7287902832031,1.5989152193069458,6.23329496383667,0.050000011920928955,783750
12,3136,250,989.6986694335938,3.958794593811035,5.9033732414245605,0.050000011920928955,784000
12,3137,250,1129.365966796875,4.517463684082031,5.915536880493164,0.050000011920928955,784250
12,3138,250,910.2066650390625,3.64082670211792,5.965781211853027,0.050000011920928955,784500
12,3139,250,851.6543579101562,3.4066174030303955,5.616438865661621,0.050000011920928955,784750
12,3140,250,1138.63916015625,4.554556846618652,5.807043075561523,0.050000011920928955,785000
12,3141,250,1518.4473876953125,6.073789596557617,5.595815658569336,0.050000011920928955,785250
12,3142,250,1180.236328125,4.720945358276367,5.907974720001221,0.050000011920928955,785500
12,3143,250,1356.330078125,5.425320148468018,5.793912887573242,0.050000011920928955,785750
12,3144,250,1336.127685546875,5.344510555267334,5.64528226852417,0.050000011920928955,786000
12,3145,250,1385.978271484375,5.543912887573242,5.522881507873535,0.050000011920928955,786250
12,3146,250,1378.1585693359375,5.51263427734375,5.539671897888184,0.050000011920928955,786500
12,3147,250,1278.8973388671875,5.115589141845703,5.127705097198486,0.050000011920928955,786750
12,3148,250,1179.381591796875,4.717526435852051,5.242776870727539,0.050000011920928955,787000
12,3149,250,445.4412841796875,1.781765103340149,5.31942081451416,0.050000011920928955,787250
12,3150,250,1385.9244384765625,5.543697834014893,5.109877109527588,0.050000011920928955,787500
12,3151,250,1118.415283203125,4.473660945892334,5.0767502784729,0.050000011920928955,787750
12,3152,250,1141.771240234375,4.567084789276123,5.213244915008545,0.050000011920928955,788000
12,3153,250,1121.4791259765625,4.485916614532471,4.940235137939453,0.050000011920928955,788250
12,3154,250,1317.8870849609375,5.271548271179199,5.04185152053833,0.050000011920928955,788500
12,3155,250,1148.2064208984375,4.592825889587402,4.837316989898682,0.050000011920928955,788750
12,3156,250,1255.601318359375,5.02240514755249,4.722140789031982,0.050000011920928955,789000
12,3157,250,1034.1065673828125,4.1364264488220215,4.668249607086182,0.050000011920928955,789250
12,3158,250,1273.03564453125,5.092142581939697,4.559566974639893,0.050000011920928955,789500
12,3159,250,1022.715576171875,4.090862274169922,4.529451370239258,0.050000011920928955,789750
12,3160,250,1386.08935546875,5.5443572998046875,4.427546977996826,0.050000011920928955,790000
12,3161,250,1130.942626953125,4.523770332336426,4.3329997062683105,0.050000011920928955,790250
12,3162,250,744.8789672851562,2.979515790939331,4.296164035797119,0.050000011920928955,790500
12,3163,250,973.7464599609375,3.8949859142303467,4.258449077606201,0.050000011920928955,790750
12,3164,250,1273.3399658203125,5.09335994720459,4.0928263664245605,0.050000011920928955,791000
12,3165,250,263.2793884277344,1.0531175136566162,4.181291580200195,0.050000011920928955,791250
12,3166,250,757.74169921875,3.0309667587280273,4.256786823272705,0.050000011920928955,791500
12,3167,250,968.367431640625,3.873469829559326,4.613977909088135,0.050000011920928955,791750
12,3168,250,1328.0269775390625,5.312108039855957,4.455130577087402,0.050000011920928955,792000
12,3169,250,1220.677001953125,4.8827080726623535,4.466228485107422,0.050000011920928955,792250
12,3170,250,1345.5107421875,5.38204288482666,4.479182720184326,0.050000011920928955,792500
12,3171,250,430.8724365234375,1.723489761352539,4.406983375549316,0.050000011920928955,792750
12,3172,250,1372.926025390625,5.491703987121582,4.0885725021362305,0.050000011920928955,793000
12,3173,250,1269.1416015625,5.076566219329834,4.663464069366455,0.050000011920928955,793250
12,3174,250,479.5425720214844,1.9181703329086304,4.498887538909912,0.050000011920928955,793500
12,3175,250,1366.5494384765625,5.466197967529297,4.381097316741943,0.050000011920928955,793750
12,3176,250,794.2328491210938,3.176931381225586,4.471157073974609,0.050000011920928955,794000
12,3177,250,1234.7044677734375,4.938817977905273,4.267167568206787,0.050000011920928955,794250
12,3178,250,1190.0487060546875,4.760194778442383,4.182041645050049,0.050000011920928955,794500
12,3179,250,1125.0379638671875,4.500151634216309,4.350945472717285,0.050000011920928955,794750
12,3180,250,1197.7181396484375,4.790872573852539,3.9648220539093018,0.050000011920928955,795000
12,3181,250,835.2861328125,3.341144561767578,4.270875453948975,0.050000011920928955,795250
12,3182,250,1034.4119873046875,4.137648105621338,4.23960018157959,0.050000011920928955,795500
12,3183,250,1193.116455078125,4.772465705871582,4.130340576171875,0.050000011920928955,795750
12,3184,250,-466.7333679199219,-1.8669334650039673,4.088025093078613,0.050000011920928955,796000
12,3185,250,1352.283935546875,5.409135818481445,4.609137535095215,0.050000011920928955,796250
12,3186,250,1332.7808837890625,5.331123352050781,4.240886688232422,0.050000011920928955,796500
12,3187,250,988.8684692382812,3.9554738998413086,4.179044723510742,0.050000011920928955,796750
12,3188,250,1203.7291259765625,4.814916610717773,4.078889846801758,0.050000011920928955,797000
12,3189,250,1332.5263671875,5.330105304718018,4.435086727142334,0.050000011920928955,797250
12,3190,250,1359.314453125,5.437257766723633,4.1797285079956055,0.050000011920928955,797500
12,3191,250,1254.414306640625,5.017657279968262,4.14237642288208,0.050000011920928955,797750
12,3192,250,1251.6766357421875,5.006706714630127,4.220421314239502,0.050000011920928955,798000
12,3193,250,1304.9132080078125,5.2196526527404785,4.50152063369751,0.050000011920928955,798250
12,3194,250,144.335205078125,0.577340841293335,4.275042533874512,0.050000011920928955,798500
12,3195,250,1220.719970703125,4.882879734039307,4.447278022766113,0.050000011920928955,798750
12,3196,250,1129.7264404296875,4.5189056396484375,4.068070411682129,0.050000011920928955,799000
12,3197,250,1202.2032470703125,4.808813095092773,4.700201988220215,0.050000011920928955,799250
12,3198,250,139.0172576904297,0.556069016456604,4.484102249145508,0.050000011920928955,799500
12,3199,250,148.45074462890625,0.5938029885292053,4.584747314453125,0.050000011920928955,799750
12,3200,250,352.3514404296875,1.4094057083129883,4.676010608673096,0.050000011920928955,800000
12,3201,250,27.725553512573242,0.11090221256017685,5.113006114959717,0.050000011920928955,800250
12,3202,250,882.3308715820312,3.5293235778808594,4.897609710693359,0.050000011920928955,800500
12,3203,250,1379.30029296875,5.517200946807861,5.119997024536133,0.050000011920928955,800750
12,3204,250,1279.094970703125,5.116379737854004,4.894481658935547,0.050000011920928955,801000
12,3205,250,1242.1341552734375,4.968536853790283,4.857965469360352,0.050000011920928955,801250
12,3206,250,1094.046875,4.376187324523926,4.784355640411377,0.050000011920928955,801500
12,3207,250,1172.6192626953125,4.690476894378662,4.894697189331055,0.050000011920928955,801750
12,3208,250,92.4749984741211,0.3698999881744385,4.5901780128479,0.050000011920928955,802000
12,3209,250,379.5445251464844,1.518178105354309,4.956573009490967,0.050000011920928955,802250
12,3210,250,68.94602966308594,0.27578410506248474,5.168105125427246,0.050000011920928955,802500
12,3211,250,1452.234375,5.8089375495910645,5.111191272735596,0.050000011920928955,802750
12,3212,250,1212.9066162109375,4.851626396179199,4.889104843139648,0.050000011920928955,803000
12,3213,250,112.5213394165039,0.4500853717327118,5.143669128417969,0.050000011920928955,803250
12,3214,250,96.19851684570312,0.38479405641555786,5.3526763916015625,0.050000011920928955,803500
12,3215,250,1566.22900390625,6.264915943145752,5.128114223480225,0.050000011920928955,803750
12,3216,250,38.621070861816406,0.15448428690433502,4.964479923248291,0.050000011920928955,804000
12,3217,250,52.19364547729492,0.20877458155155182,5.651007652282715,0.050000011920928955,804250
12,3218,250,42.94801330566406,0.17179206013679504,5.516363143920898,0.050000011920928955,804500
12,3219,250,64.66294860839844,0.2586517930030823,5.587646961212158,0.050000011920928955,804750
12,3220,250,22.29353904724121,0.08917415887117386,5.468498706817627,0.050000011920928955,805000
12,3221,250,98.75817108154297,0.395032674074173,6.024199485778809,0.050000011920928955,805250
12,3222,250,124.8740463256836,0.499496191740036,6.137579917907715,0.050000011920928955,805500
12,3223,250,60.604766845703125,0.2424190640449524,5.99047327041626,0.050000011920928955,805750
12,3224,250,-29.920936584472656,-0.11968374997377396,6.138026714324951,0.050000011920928955,806000
12,3225,250,97.30138397216797,0.38920554518699646,6.723426342010498,0.050000011920928955,806250
12,3226,250,30.097150802612305,0.12038860470056534,6.4542460441589355,0.050000011920928955,806500
12,3227,250,56.450782775878906,0.22580313682556152,6.558597564697266,0.050000011920928955,806750
12,3228,250,106.69099426269531,0.42676398158073425,6.440207481384277,0.050000011920928955,807000
12,3229,250,116.2147216796875,0.46485888957977295,6.757806301116943,0.050000011920928955,807250
12,3230,250,129.49017333984375,0.5179606676101685,6.597293376922607,0.050000011920928955,807500
12,3231,250,36.40385818481445,0.14561542868614197,6.842643737792969,0.050000011920928955,807750
12,3232,250,104.71805572509766,0.41887223720550537,6.797715663909912,0.050000011920928955,808000
12,3233,250,257.96527099609375,1.0318610668182373,6.867619037628174,0.050000011920928955,808250
12,3234,250,189.2604217529297,0.7570416927337646,6.3496994972229,0.050000011920928955,808500
12,3235,250,195.46035766601562,0.7818414568901062,6.467163562774658,0.050000011920928955,808750
12,3236,250,278.3659362792969,1.1134637594223022,6.526631832122803,0.050000011920928955,809000
12,3237,250,501.22357177734375,2.004894256591797,6.693541526794434,0.050000011920928955,809250
12,3238,250,492.8278503417969,1.9713114500045776,6.533994197845459,0.050000011920928955,809500
12,3239,250,585.4392700195312,2.34175705909729,6.50377082824707,0.050000011920928955,809750
12,3240,250,579.0067749023438,2.3160271644592285,6.406790733337402,0.050000011920928955,810000
12,3241,250,894.1363525390625,3.576545476913452,6.695427894592285,0.050000011920928955,810250
12,3242,250,668.1846923828125,2.672738790512085,6.2752203941345215,0.050000011920928955,810500
12,3243,250,1191.587890625,4.766351699829102,6.385719299316406,0.050000011920928955,810750
12,3244,250,1501.9671630859375,6.007868766784668,6.288928031921387,0.050000011920928955,811000
12,3245,250,240.38880920410156,0.9615552425384521,6.721047878265381,0.050000011920928955,811250
12,3246,250,1236.396484375,4.94558572769165,6.6742377281188965,0.050000011920928955,811500
12,3247,250,1675.119873046875,6.700479507446289,6.471992015838623,0.050000011920928955,811750
12,3248,250,1579.4190673828125,6.317676067352295,6.546014785766602,0.050000011920928955,812000
12,3249,250,1171.9061279296875,4.687624454498291,6.928062438964844,0.050000011920928955,812250
12,3250,250,1650.2178955078125,6.600871562957764,6.402145862579346,0.050000011920928955,812500
12,3251,250,851.31103515625,3.4052441120147705,6.44421911239624,0.050000011920928955,812750
12,3252,250,1271.15966796875,5.084638595581055,6.292611122131348,0.050000011920928955,813000
12,3253,250,1640.2626953125,6.561050891876221,6.3069024085998535,0.050000011920928955,813250
12,3254,250,-22.521692276000977,-0.09008676558732986,6.554867267608643,0.050000011920928955,813500
12,3255,250,1230.2537841796875,4.92101526260376,6.448826789855957,0.050000011920928955,813750
12,3256,250,967.7108764648438,3.8708434104919434,6.5308427810668945,0.050000011920928955,814000
12,3257,250,1046.7926025390625,4.187170505523682,6.771539211273193,0.050000011920928955,814250
12,3258,250,1492.13720703125,5.968548774719238,6.492465019226074,0.050000011920928955,814500
12,3259,250,1428.902099609375,5.715608596801758,6.335420608520508,0.050000011920928955,814750
12,3260,250,846.5731201171875,3.3862924575805664,6.330887794494629,0.050000011920928955,815000
12,3261,250,-81.27854919433594,-0.3251141905784607,6.801795959472656,0.050000011920928955,815250
12,3262,250,-100.79381561279297,-0.4031752645969391,6.665246486663818,0.050000011920928955,815500
12,3263,250,-76.32456970214844,-0.3052982687950134,6.328525066375732,0.050000011920928955,815750
12,3264,250,1222.982421875,4.891929626464844,6.577736854553223,0.050000011920928955,816000
12,3265,250,1845.034423828125,7.380137920379639,6.795833110809326,0.050000011920928955,816250
12,3266,250,152.03651428222656,0.608146071434021,6.423636436462402,0.050000011920928955,816500
12,3267,250,-75.03927612304688,-0.3001570999622345,6.628809452056885,0.050000011920928955,816750
12,3268,250,1033.3905029296875,4.133562088012695,6.2658772468566895,0.050000011920928955,817000
12,3269,250,1529.1207275390625,6.116482734680176,6.851161956787109,0.050000011920928955,817250
12,3270,250,1600.849365234375,6.403397560119629,6.424114227294922,0.050000011920928955,817500
12,3271,250,1279.0330810546875,5.1161322593688965,6.370074272155762,0.050000011920928955,817750
12,3272,250,1281.152099609375,5.124608516693115,6.230149269104004,0.050000011920928955,818000
12,3273,250,1682.7406005859375,6.73096227645874,6.720256328582764,0.050000011920928955,818250
12,3274,250,1309.0191650390625,5.236076831817627,6.443235874176025,0.050000011920928955,818500
12,3275,250,766.232177734375,3.0649287700653076,6.169892311096191,0.050000011920928955,818750
12,3276,250,691.7208862304688,2.766883611679077,6.227263450622559,0.050000011920928955,819000
12,3277,250,278.1586608886719,1.1126346588134766,6.8583083152771,0.050000011920928955,819250
12,3278,250,137.61123657226562,0.5504449605941772,6.368634223937988,0.050000011920928955,819500
12,3279,250,402.8877258300781,1.6115509271621704,6.270074844360352,0.050000011920928955,819750
12,3280,250,102.56058502197266,0.41024234890937805,6.160922050476074,0.050000011920928955,820000
12,3281,250,93.39688110351562,0.3735875189304352,6.882392406463623,0.050000011920928955,820250
12,3282,250,129.05072021484375,0.5162028670310974,6.4669976234436035,0.050000011920928955,820500
12,3283,250,107.5427017211914,0.43017080426216125,6.51033353805542,0.050000011920928955,820750
12,3284,250,132.3724365234375,0.5294897556304932,6.355754852294922,0.050000011920928955,821000
12,3285,250,88.95642852783203,0.3558257222175598,7.237228870391846,0.050000011920928955,821250
12,3286,250,107.29234313964844,0.4291693866252899,6.85284948348999,0.050000011920928955,821500
12,3287,250,104.87931060791016,0.41951724886894226,6.827024936676025,0.050000011920928955,821750
12,3288,250,106.37118530273438,0.4254847466945648,6.9978928565979,0.050000011920928955,822000
12,3289,250,121.37879943847656,0.48551520705223083,7.280282497406006,0.050000011920928955,822250
12,3290,250,112.19588470458984,0.4487835466861725,7.370123386383057,0.050000011920928955,822500
12,3291,250,110.28112030029297,0.44112446904182434,7.30668306350708,0.050000011920928955,822750
12,3292,250,105.9325180053711,0.4237300753593445,7.030754566192627,0.050000011920928955,823000
12,3293,250,128.9281768798828,0.5157126784324646,7.374283313751221,0.050000011920928955,823250
12,3294,250,138.02249145507812,0.5520899891853333,7.416975021362305,0.050000011920928955,823500
12,3295,250,124.92321014404297,0.49969282746315,7.377522945404053,0.050000011920928955,823750
12,3296,250,123.90144348144531,0.4956057667732239,7.028872489929199,0.050000011920928955,824000
12,3297,250,141.2921600341797,0.5651686191558838,7.706416130065918,0.050000011920928955,824250
12,3298,250,178.44525146484375,0.7137809991836548,7.138749599456787,0.050000011920928955,824500
12,3299,250,464.7124328613281,1.8588497638702393,7.321271896362305,0.050000011920928955,824750
12,3300,250,468.71087646484375,1.8748434782028198,7.154728412628174,0.050000011920928955,825000
12,3301,250,614.3515014648438,2.4574060440063477,7.528928756713867,0.050000011920928955,825250
12,3302,250,287.5373840332031,1.1501495838165283,7.696353912353516,0.050000011920928955,825500
12,3303,250,684.6383056640625,2.738553285598755,7.5612287521362305,0.050000011920928955,825750
12,3304,250,354.47576904296875,1.4179030656814575,7.329405784606934,0.050000011920928955,826000
12,3305,250,305.3136291503906,1.2212544679641724,7.774883270263672,0.050000011920928955,826250
12,3306,250,507.81463623046875,2.0312585830688477,7.845397472381592,0.050000011920928955,826500
12,3307,250,314.1324768066406,1.2565299272537231,7.71833610534668,0.050000011920928955,826750
12,3308,250,362.4089660644531,1.4496358633041382,7.677957057952881,0.050000011920928955,827000
12,3309,250,159.1240234375,0.6364960670471191,8.470086097717285,0.050000011920928955,827250
12,3310,250,97.43618774414062,0.38974475860595703,7.8267436027526855,0.050000011920928955,827500
12,3311,250,606.2677612304688,2.4250710010528564,7.835928440093994,0.050000011920928955,827750
12,3312,250,517.02197265625,2.0680878162384033,7.705958843231201,0.050000011920928955,828000
12,3313,250,486.8765869140625,1.947506308555603,7.71322774887085,0.050000011920928955,828250
12,3314,250,1046.90576171875,4.187623023986816,7.542129039764404,0.050000011920928955,828500
12,3315,250,857.403076171875,3.429612398147583,7.139496803283691,0.050000011920928955,828750
12,3316,250,759.8343505859375,3.039337396621704,7.222097873687744,0.050000011920928955,829000
12,3317,250,633.674072265625,2.534696340560913,7.18528938293457,0.050000011920928955,829250
12,3318,250,351.2987060546875,1.405194878578186,6.739818572998047,0.050000011920928955,829500
12,3319,250,781.7180786132812,3.1268723011016846,6.587248802185059,0.050000011920928955,829750
12,3320,250,328.5230407714844,1.3140921592712402,6.774946212768555,0.050000011920928955,830000
12,3321,250,217.78262329101562,0.8711304664611816,7.051471710205078,0.050000011920928955,830250
12,3322,250,19.952472686767578,0.07980988919734955,6.8047380447387695,0.050000011920928955,830500
12,3323,250,730.592041015625,2.922368049621582,7.0742268562316895,0.050000011920928955,830750
12,3324,250,543.0568237304688,2.172227382659912,6.800222396850586,0.050000011920928955,831000
12,3325,250,870.08837890625,3.480353593826294,6.475836277008057,0.050000011920928955,831250
12,3326,250,754.1700439453125,3.0166802406311035,6.475544452667236,0.050000011920928955,831500
12,3327,250,727.6510620117188,2.910604238510132,6.526027202606201,0.050000011920928955,831750
12,3328,250,678.7181396484375,2.7148725986480713,6.609704494476318,0.050000011920928955,832000
12,3329,250,819.943359375,3.279773473739624,6.529291152954102,0.050000011920928955,832250
12,3330,250,774.4088134765625,3.097635269165039,6.544808387756348,0.050000011920928955,832500
12,3331,250,-12.30270767211914,-0.04921083152294159,6.135120391845703,0.050000011920928955,832750
12,3332,250,717.32080078125,2.8692831993103027,6.137838840484619,0.050000011920928955,833000
12,3333,250,695.5955200195312,2.782382011413574,6.685257911682129,0.050000011920928955,833250
12,3334,250,-57.08940505981445,-0.22835761308670044,6.539186000823975,0.050000011920928955,833500
12,3335,250,-101.22545623779297,-0.4049018323421478,6.673620223999023,0.050000011920928955,833750
12,3336,250,690.7427368164062,2.7629709243774414,6.5792999267578125,0.050000011920928955,834000
12,3337,250,602.183349609375,2.408733367919922,6.45596981048584,0.050000011920928955,834250
12,3338,250,861.7735595703125,3.447094202041626,6.552731513977051,0.050000011920928955,834500
12,3339,250,-102.78582763671875,-0.41114330291748047,6.250210762023926,0.050000011920928955,834750
12,3340,250,457.3105163574219,1.8292421102523804,6.266402244567871,0.050000011920928955,835000
12,3341,250,987.5162353515625,3.9500648975372314,6.474949359893799,0.050000011920928955,835250
12,3342,250,190.0182342529297,0.7600729465484619,6.606646537780762,0.050000011920928955,835500
12,3343,250,-108.24436950683594,-0.43297746777534485,6.464267730712891,0.050000011920928955,835750
12,3344,250,-48.27674865722656,-0.1931069940328598,6.450216293334961,0.050000011920928955,836000
12,3345,250,683.2357788085938,2.732943058013916,6.63856840133667,0.050000011920928955,836250
12,3346,250,1000.314697265625,4.001258850097656,6.68275785446167,0.050000011920928955,836500
12,3347,250,-42.26925277709961,-0.16907700896263123,6.577597618103027,0.050000011920928955,836750
12,3348,250,986.8803100585938,3.947521209716797,6.423556327819824,0.050000011920928955,837000
12,3349,250,991.6013793945312,3.9664056301116943,6.7907233238220215,0.050000011920928955,837250
12,3350,250,996.4085693359375,3.9856343269348145,6.323711395263672,0.050000011920928955,837500
12,3351,250,466.9236145019531,1.8676944971084595,6.244123935699463,0.050000011920928955,837750
12,3352,250,878.4064331054688,3.5136256217956543,6.412057399749756,0.050000011920928955,838000
12,3353,250,513.71533203125,2.054861307144165,6.271337985992432,0.050000011920928955,838250
12,3354,250,-120.83633422851562,-0.4833453297615051,6.4178667068481445,0.050000011920928955,838500
12,3355,250,-100.88903045654297,-0.40355610847473145,6.286813259124756,0.050000011920928955,838750
12,3356,250,1277.7679443359375,5.111071586608887,6.211098670959473,0.050000011920928955,839000
12,3357,250,248.13436889648438,0.9925374984741211,6.350277423858643,0.050000011920928955,839250
12,3358,250,1043.489013671875,4.173955917358398,6.56955623626709,0.050000011920928955,839500
12,3359,250,994.5668334960938,3.9782674312591553,6.434508800506592,0.050000011920928955,839750
12,3360,250,74.8664779663086,0.29946592450141907,6.247300148010254,0.050000011920928955,840000
12,3361,250,852.318603515625,3.4092743396759033,6.060438632965088,0.050000011920928955,840250
12,3362,250,1402.48779296875,5.609951019287109,6.0235514640808105,0.050000011920928955,840500
12,3363,250,1526.031494140625,6.1041259765625,6.049380302429199,0.050000011920928955,840750
12,3364,250,692.6930541992188,2.7707722187042236,6.255642414093018,0.050000011920928955,841000
12,3365,250,-59.209495544433594,-0.2368379831314087,6.256716251373291,0.050000011920928955,841250
12,3366,250,549.7144165039062,2.1988577842712402,5.838088512420654,0.050000011920928955,841500
12,3367,250,109.9443359375,0.43977734446525574,5.95781946182251,0.050000011920928955,841750
12,3368,250,670.0536499023438,2.6802146434783936,5.851107597351074,0.050000011920928955,842000
12,3369,250,842.10302734375,3.3684120178222656,6.188085079193115,0.050000011920928955,842250
12,3370,250,1474.756591796875,5.899026393890381,6.025573253631592,0.050000011920928955,842500
12,3371,250,233.52774047851562,0.9341109395027161,5.8836350440979,0.050000011920928955,842750
12,3372,250,202.10711669921875,0.8084284663200378,5.854636192321777,0.050000011920928955,843000
12,3373,250,1512.869384765625,6.051477432250977,6.114267826080322,0.050000011920928955,843250
12,3374,250,112.2332992553711,0.4489331841468811,5.9628143310546875,0.050000011920928955,843500
12,3375,250,1457.427978515625,5.8297119140625,6.1011881828308105,0.050000011920928955,843750
12,3376,250,1272.80322265625,5.091212749481201,5.818440914154053,0.050000011920928955,844000
12,3377,250,1312.8570556640625,5.251428127288818,6.494010925292969,0.050000011920928955,844250
12,3378,250,-3.346334934234619,-0.013385339640080929,5.962797164916992,0.050000011920928955,844500
12,3379,250,674.7877197265625,2.699150800704956,6.225315093994141,0.050000011920928955,844750
12,3380,250,346.4756164550781,1.3859025239944458,6.159122943878174,0.050000011920928955,845000
12,3381,250,791.4262084960938,3.1657047271728516,6.570913791656494,0.050000011920928955,845250
12,3382,250,50.54167556762695,0.20216670632362366,6.129741191864014,0.050000011920928955,845500
12,3383,250,565.6871337890625,2.2627484798431396,6.485354423522949,0.050000011920928955,845750
12,3384,250,253.95120239257812,1.0158047676086426,6.307461738586426,0.050000011920928955,846000
12,3385,250,19.11784553527832,0.07647138088941574,7.038490295410156,0.050000011920928955,846250
12,3386,250,1013.212646484375,4.052850723266602,6.475160121917725,0.050000011920928955,846500
12,3387,250,1053.7467041015625,4.214986801147461,6.817140579223633,0.050000011920928955,846750
12,3388,250,21.196949005126953,0.08478779345750809,6.431009292602539,0.050000011920928955,847000
12,3389,250,88.4034194946289,0.3536136746406555,6.933229923248291,0.050000011920928955,847250
12,3390,250,126.20446014404297,0.5048178434371948,6.51792049407959,0.050000011920928955,847500
12,3391,250,720.5255737304688,2.8821022510528564,6.633265018463135,0.050000011920928955,847750
12,3392,250,1143.712646484375,4.574850559234619,6.59995698928833,0.050000011920928955,848000
12,3393,250,851.6896362304688,3.4067585468292236,7.147775650024414,0.050000011920928955,848250
12,3394,250,134.0879364013672,0.53635174036026,6.771611213684082,0.050000011920928955,848500
12,3395,250,60.98733901977539,0.24394935369491577,6.6431779861450195,0.050000011920928955,848750
12,3396,250,763.5416259765625,3.054166555404663,6.684512615203857,0.050000011920928955,849000
12,3397,250,890.0569458007812,3.560227870941162,7.002511501312256,0.050000011920928955,849250
12,3398,250,1326.9927978515625,5.307971000671387,7.044045448303223,0.050000011920928955,849500
12,3399,250,1517.54833984375,6.070193290710449,6.715005397796631,0.050000011920928955,849750
12,3400,250,148.97259521484375,0.5958904027938843,6.888092517852783,0.050000011920928955,850000
12,3401,250,1220.6466064453125,4.882586479187012,6.9447340965271,0.050000011920928955,850250
12,3402,250,1636.09814453125,6.5443925857543945,6.876959323883057,0.050000011920928955,850500
12,3403,250,1673.099365234375,6.692397594451904,6.815196514129639,0.050000011920928955,850750
12,3404,250,1518.7518310546875,6.075007438659668,6.574971675872803,0.050000011920928955,851000
12,3405,250,504.869140625,2.0194766521453857,7.2956037521362305,0.050000011920928955,851250
12,3406,250,1484.9542236328125,5.939816951751709,6.916144371032715,0.050000011920928955,851500
12,3407,250,206.06199645996094,0.8242479562759399,6.660897254943848,0.050000011920928955,851750
12,3408,250,218.0169219970703,0.8720676898956299,6.578073978424072,0.050000011920928955,852000
12,3409,250,1442.7884521484375,5.771153926849365,6.968283176422119,0.050000011920928955,852250
12,3410,250,1279.67333984375,5.1186933517456055,6.854741096496582,0.050000011920928955,852500
12,3411,250,1440.333984375,5.761335849761963,6.316910743713379,0.050000011920928955,852750
12,3412,250,1359.106201171875,5.436424732208252,6.639598846435547,0.050000011920928955,853000
12,3413,250,290.9765625,1.163906216621399,7.06511926651001,0.050000011920928955,853250
12,3414,250,1686.874755859375,6.747498989105225,7.005853652954102,0.050000011920928955,853500
12,3415,250,1145.10888671875,4.580435752868652,6.838846683502197,0.050000011920928955,853750
12,3416,250,272.7694396972656,1.0910778045654297,6.897115707397461,0.050000011920928955,854000
12,3417,250,1667.8118896484375,6.671247482299805,7.031303882598877,0.050000011920928955,854250
12,3418,250,1527.8974609375,6.1115899085998535,6.988335609436035,0.050000011920928955,854500
12,3419,250,1338.53173828125,5.354126930236816,6.821581840515137,0.050000011920928955,854750
12,3420,250,235.2634735107422,0.9410538673400879,6.50813102722168,0.050000011920928955,855000
12,3421,250,815.2825927734375,3.2611303329467773,7.087031841278076,0.050000011920928955,855250
12,3422,250,1517.048095703125,6.068192481994629,6.759885787963867,0.050000011920928955,855500
12,3423,250,1736.16552734375,6.944662094116211,6.548919200897217,0.050000011920928955,855750
12,3424,250,1494.873046875,5.9794921875,6.468896865844727,0.050000011920928955,856000
12,3425,250,463.0869445800781,1.852347731590271,6.707265853881836,0.050000011920928955,856250
12,3426,250,176.8085479736328,0.7072342038154602,6.375366687774658,0.050000011920928955,856500
12,3427,250,747.8031616210938,2.9912126064300537,6.250728130340576,0.050000011920928955,856750
12,3428,250,1661.30810546875,6.645232200622559,6.281203746795654,0.050000011920928955,857000
12,3429,250,1015.0882568359375,4.060352802276611,6.393499851226807,0.050000011920928955,857250
12,3430,250,1306.0008544921875,5.224003314971924,6.541876792907715,0.050000011920928955,857500
12,3431,250,1714.7752685546875,6.859101295471191,6.228860378265381,0.050000011920928955,857750
12,3432,250,881.3737182617188,3.5254948139190674,6.384322166442871,0.050000011920928955,858000
12,3433,250,1037.4345703125,4.149738311767578,6.594658851623535,0.050000011920928955,858250
12,3434,250,734.4148559570312,2.937659502029419,6.434406280517578,0.050000011920928955,858500
12,3435,250,984.1053466796875,3.9364213943481445,6.817192554473877,0.050000011920928955,858750
12,3436,250,27.93360710144043,0.11173442751169205,6.44513463973999,0.050000011920928955,859000
12,3437,250,53.11766052246094,0.2124706357717514,6.756839752197266,0.050000011920928955,859250
12,3438,250,362.868896484375,1.4514756202697754,6.460009574890137,0.050000011920928955,859500
12,3439,250,282.57470703125,1.1302988529205322,6.823375225067139,0.050000011920928955,859750
12,3440,250,23.596839904785156,0.09438735991716385,6.728067398071289,0.050000011920928955,860000
12,3441,250,44.071746826171875,0.176286980509758,6.96679162979126,0.050000011920928955,860250
12,3442,250,-61.91025161743164,-0.24764101207256317,7.044835567474365,0.050000011920928955,860500
12,3443,250,525.4300537109375,2.1017203330993652,6.955174446105957,0.050000011920928955,860750
12,3444,250,-28.8057861328125,-0.11522314697504044,6.986138343811035,0.050000011920928955,861000
12,3445,250,-68.0379867553711,-0.2721519470214844,7.24982213973999,0.050000011920928955,861250
12,3446,250,2.2903120517730713,0.009161247871816158,7.888373851776123,0.050000011920928955,861500
12,3447,250,71.96826171875,0.2878730595111847,7.460504055023193,0.050000011920928955,861750
12,3448,250,1089.76611328125,4.35906457901001,7.598040580749512,0.050000011920928955,862000
12,3449,250,1114.74951171875,4.458998203277588,8.03189468383789,0.050000011920928955,862250
12,3450,250,1506.10791015625,6.0244317054748535,7.829565048217773,0.050000011920928955,862500
12,3451,250,-65.42645263671875,-0.26170581579208374,7.616419315338135,0.050000011920928955,862750
12,3452,250,1410.2332763671875,5.640933036804199,7.571462631225586,0.050000011920928955,863000
12,3453,250,1189.50634765625,4.758025169372559,7.918658256530762,0.050000011920928955,863250
12,3454,250,11.275524139404297,0.04510209709405899,7.675417900085449,0.050000011920928955,863500
12,3455,250,-11.630380630493164,-0.04652152210474014,7.493625640869141,0.050000011920928955,863750
12,3456,250,943.6177368164062,3.7744710445404053,8.149474143981934,0.050000011920928955,864000
12,3457,250,854.9578247070312,3.4198312759399414,7.837711334228516,0.050000011920928955,864250
12,3458,250,295.2516784667969,1.181006669998169,7.613059043884277,0.050000011920928955,864500
12,3459,250,1502.77880859375,6.011115074157715,7.903345108032227,0.050000011920928955,864750
12,3460,250,1448.6591796875,5.7946367263793945,7.820521354675293,0.050000011920928955,865000
12,3461,250,1637.7530517578125,6.55101203918457,7.950420379638672,0.050000011920928955,865250
12,3462,250,681.406005859375,2.7256240844726562,8.086359024047852,0.050000011920928955,865500
12,3463,250,1649.656982421875,6.598628044128418,7.959895610809326,0.050000011920928955,865750
12,3464,250,206.98031616210938,0.8279212713241577,7.981220722198486,0.050000011920928955,866000
12,3465,250,-60.465126037597656,-0.2418605089187622,8.12899398803711,0.050000011920928955,866250
12,3466,250,-40.10490798950195,-0.16041962802410126,8.178167343139648,0.050000011920928955,866500
12,3467,250,999.0117797851562,3.996047019958496,8.034059524536133,0.050000011920928955,866750
12,3468,250,-69.74823760986328,-0.2789929509162903,8.124300956726074,0.050000011920928955,867000
12,3469,250,-25.266952514648438,-0.10106781125068665,8.311494827270508,0.050000011920928955,867250
12,3470,250,1572.6243896484375,6.290497779846191,7.970511436462402,0.050000011920928955,867500
12,3471,250,1356.556396484375,5.426225662231445,7.5559611320495605,0.050000011920928955,867750
12,3472,250,1395.6055908203125,5.582422256469727,7.301733016967773,0.050000011920928955,868000
12,3473,250,1679.9052734375,6.719621181488037,8.120471000671387,0.050000011920928955,868250
12,3474,250,-72.92879486083984,-0.29171517491340637,7.575740337371826,0.050000011920928955,868500
12,3475,250,1646.284423828125,6.585137844085693,7.113430500030518,0.050000011920928955,868750
12,3476,250,44.35188674926758,0.17740754783153534,7.295263290405273,0.050000011920928955,869000
12,3477,250,112.17039489746094,0.4486815929412842,7.5009355545043945,0.050000011920928955,869250
12,3478,250,-46.4564094543457,-0.1858256310224533,7.486297607421875,0.050000011920928955,869500
12,3479,250,9.665153503417969,0.03866061568260193,7.347917556762695,0.050000011920928955,869750
12,3480,250,692.5103149414062,2.7700412273406982,7.5535759925842285,0.050000011920928955,870000
12,3481,250,18.44153594970703,0.07376614212989807,7.71771764755249,0.050000011920928955,870250
12,3482,250,1109.7484130859375,4.438993453979492,7.354858875274658,0.050000011920928955,870500
12,3483,250,561.0823974609375,2.2443296909332275,7.661877632141113,0.050000011920928955,870750
12,3484,250,2.01727294921875,0.008069091476500034,6.964560508728027,0.050000011920928955,871000
12,3485,250,931.0819702148438,3.724327802658081,7.277488708496094,0.050000011920928955,871250
12,3486,250,-8.647890090942383,-0.03459155932068825,7.243518829345703,0.050000011920928955,871500
12,3487,250,1114.28173828125,4.457127094268799,7.058754920959473,0.050000011920928955,871750
12,3488,250,21.38724136352539,0.08554896712303162,7.34130334854126,0.050000011920928955,872000
12,3489,250,940.0546875,3.760218858718872,7.605221748352051,0.050000011920928955,872250
12,3490,250,-326.1959533691406,-1.304783821105957,7.057981491088867,0.050000011920928955,872500
12,3491,250,670.7706298828125,2.6830825805664062,7.394537448883057,0.050000011920928955,872750
12,3492,250,228.56768798828125,0.9142707586288452,7.135683536529541,0.050000011920928955,873000
12,3493,250,-160.39479064941406,-0.6415791511535645,8.195241928100586,0.050000011920928955,873250
12,3494,250,269.2669372558594,1.0770677328109741,7.735391139984131,0.050000011920928955,873500
12,3495,250,95.13507843017578,0.38054031133651733,7.332352638244629,0.050000011920928955,873750
12,3496,250,268.46026611328125,1.0738410949707031,8.106273651123047,0.050000011920928955,874000
12,3497,250,250.97634887695312,1.0039054155349731,8.194375991821289,0.050000011920928955,874250
12,3498,250,53.823265075683594,0.2152930647134781,8.129283905029297,0.050000011920928955,874500
12,3499,250,797.5438232421875,3.1901752948760986,8.389633178710938,0.050000011920928955,874750
12,3500,250,487.9410705566406,1.9517642259597778,7.803398609161377,0.050000011920928955,875000
12,3501,250,225.25222778320312,0.9010089039802551,8.728010177612305,0.050000011920928955,875250
12,3502,250,916.3582153320312,3.665432929992676,8.527105331420898,0.050000011920928955,875500
12,3503,250,450.8772277832031,1.8035088777542114,8.74045181274414,0.050000011920928955,875750
12,3504,250,256.4808044433594,1.025923252105713,8.645563125610352,0.050000011920928955,876000
12,3505,250,-106.8218002319336,-0.42728719115257263,9.216703414916992,0.050000011920928955,876250
12,3506,250,138.1681671142578,0.5526726841926575,8.851515769958496,0.050000011920928955,876500
12,3507,250,230.46725463867188,0.9218690395355225,9.478731155395508,0.050000011920928955,876750
12,3508,250,44.630859375,0.17852343618869781,8.80386734008789,0.050000011920928955,877000
12,3509,250,99.15696716308594,0.39662787318229675,9.402917861938477,0.050000011920928955,877250
12,3510,250,42.206382751464844,0.16882553696632385,9.313530921936035,0.050000011920928955,877500
12,3511,250,1140.41455078125,4.5616583824157715,9.749649047851562,0.050000011920928955,877750
12,3512,250,51.79634475708008,0.20718537271022797,8.773336410522461,0.050000011920928955,878000
12,3513,250,1334.172119140625,5.33668851852417,9.47628116607666,0.050000011920928955,878250
12,3514,250,-22.675432205200195,-0.09070172905921936,9.664953231811523,0.050000011920928955,878500
12,3515,250,344.0133361816406,1.3760533332824707,8.844767570495605,0.050000011920928955,878750
12,3516,250,581.5465087890625,2.326185941696167,9.884366989135742,0.050000011920928955,879000
12,3517,250,842.0587768554688,3.3682351112365723,9.611432075500488,0.050000011920928955,879250
12,3518,250,333.2892150878906,1.3331568241119385,9.841259002685547,0.050000011920928955,879500
12,3519,250,757.49267578125,3.029970645904541,9.756413459777832,0.050000011920928955,879750
12,3520,250,1527.0150146484375,6.108059883117676,9.205192565917969,0.050000011920928955,880000
12,3521,250,437.0227355957031,1.7480909824371338,9.400369644165039,0.050000011920928955,880250
12,3522,250,595.6783447265625,2.3827133178710938,9.442099571228027,0.050000011920928955,880500
12,3523,250,714.4749145507812,2.8578996658325195,9.597325325012207,0.050000011920928955,880750
12,3524,250,207.7098846435547,0.8308395147323608,9.264427185058594,0.050000011920928955,881000
12,3525,250,717.7987670898438,2.871195077896118,9.618733406066895,0.050000011920928955,881250
12,3526,250,359.1900939941406,1.436760425567627,9.876338958740234,0.050000011920928955,881500
12,3527,250,-38.595489501953125,-0.15438196063041687,9.330438613891602,0.050000011920928955,881750
12,3528,250,829.5338745117188,3.3181354999542236,9.874220848083496,0.050000011920928955,882000
12,3529,250,148.94410705566406,0.5957764387130737,10.365867614746094,0.050000011920928955,882250
12,3530,250,887.4735717773438,3.549894332885742,9.994881629943848,0.050000011920928955,882500
12,3531,250,-5.32069730758667,-0.02128278836607933,10.089734077453613,0.050000011920928955,882750
12,3532,250,449.5928039550781,1.7983711957931519,9.915609359741211,0.050000011920928955,883000
12,3533,250,829.43115234375,3.3177247047424316,10.401823997497559,0.050000011920928955,883250
12,3534,250,433.9664306640625,1.7358657121658325,9.78387451171875,0.050000011920928955,883500
12,3535,250,1318.9364013671875,5.275745391845703,9.68281078338623,0.050000011920928955,883750
12,3536,250,438.59527587890625,1.7543810606002808,9.659684181213379,0.050000011920928955,884000
12,3537,250,268.06427001953125,1.0722570419311523,9.739821434020996,0.050000011920928955,884250
12,3538,250,577.1134033203125,2.3084535598754883,9.789512634277344,0.050000011920928955,884500
12,3539,250,-107.2835693359375,-0.4291342794895172,9.362000465393066,0.050000011920928955,884750
12,3540,250,849.1002807617188,3.3964011669158936,9.53215217590332,0.050000011920928955,885000
12,3541,250,-12.702263832092285,-0.05080905556678772,10.125916481018066,0.050000011920928955,885250
12,3542,250,-52.001399993896484,-0.2080056071281433,9.956449508666992,0.050000011920928955,885500
12,3543,250,219.8412628173828,0.8793650269508362,10.020071983337402,0.050000011920928955,885750
12,3544,250,3.567251682281494,0.014269006438553333,10.084367752075195,0.050000011920928955,886000
12,3545,250,719.23779296875,2.876951217651367,10.361573219299316,0.050000011920928955,886250
12,3546,250,665.625,2.6624999046325684,10.521120071411133,0.050000011920928955,886500
12,3547,250,507.6423034667969,2.030569314956665,10.253527641296387,0.050000011920928955,886750
12,3548,250,208.35536193847656,0.8334214687347412,9.978394508361816,0.050000011920928955,887000
12,3549,250,17.892683029174805,0.0715707316994667,11.383679389953613,0.050000011920928955,887250
12,3550,250,126.64949798583984,0.5065979957580566,10.830120086669922,0.050000011920928955,887500
12,3551,250,-1.559761881828308,-0.0062390477396547794,11.03873062133789,0.050000011920928955,887750
12,3552,250,33.478759765625,0.1339150369167328,10.693666458129883,0.050000011920928955,888000
12,3553,250,10.297002792358398,0.041188012808561325,12.45801067352295,0.050000011920928955,888250
12,3554,250,6.816185474395752,0.02726474218070507,11.99079418182373,0.050000011920928955,888500
12,3555,250,41.11431121826172,0.16445724666118622,11.32821273803711,0.050000011920928955,888750
12,3556,250,77.32626342773438,0.3093050420284271,11.995607376098633,0.050000011920928955,889000
12,3557,250,26.683412551879883,0.10673364996910095,12.93510913848877,0.050000011920928955,889250
12,3558,250,285.1466369628906,1.140586495399475,12.44073486328125,0.050000011920928955,889500
12,3559,250,81.83390808105469,0.3273356258869171,12.714751243591309,0.050000011920928955,889750
12,3560,250,636.9705810546875,2.547882318496704,12.39043140411377,0.050000011920928955,890000
12,3561,250,1542.69189453125,6.170767784118652,13.34883975982666,0.050000011920928955,890250
12,3562,250,54.21894073486328,0.21687576174736023,12.730751037597656,0.050000011920928955,890500
12,3563,250,995.6279907226562,3.9825119972229004,12.687289237976074,0.050000011920928955,890750
12,3564,250,1631.5,6.526000022888184,12.375288009643555,0.050000011920928955,891000
12,3565,250,1562.5169677734375,6.250067710876465,13.504498481750488,0.050000011920928955,891250
12,3566,250,395.46112060546875,1.581844449043274,12.100935935974121,0.050000011920928955,891500
12,3567,250,795.848388671875,3.1833934783935547,12.609248161315918,0.050000011920928955,891750
12,3568,250,41.52157974243164,0.1660863161087036,12.321101188659668,0.050000011920928955,892000
12,3569,250,92.55949401855469,0.37023797631263733,13.590102195739746,0.050000011920928955,892250
12,3570,250,902.4658203125,3.60986328125,12.122506141662598,0.050000011920928955,892500
12,3571,250,134.77369689941406,0.5390948057174683,11.495534896850586,0.050000011920928955,892750
12,3572,250,162.4998779296875,0.6499994993209839,12.058513641357422,0.050000011920928955,893000
12,3573,250,-42.75401306152344,-0.17101605236530304,12.594834327697754,0.050000011920928955,893250
12,3574,250,318.9203796386719,1.275681495666504,12.411378860473633,0.050000011920928955,893500
12,3575,250,1577.603759765625,6.310415267944336,12.130114555358887,0.050000011920928955,893750
12,3576,250,1566.0068359375,6.264027118682861,12.288667678833008,0.050000011920928955,894000
12,3577,250,351.6925964355469,1.4067703485488892,12.265987396240234,0.050000011920928955,894250
12,3578,250,535.71630859375,2.1428651809692383,12.05984878540039,0.050000011920928955,894500
12,3579,250,606.7616577148438,2.427046537399292,11.835627555847168,0.050000011920928955,894750
12,3580,250,69.60897827148438,0.27843591570854187,11.961963653564453,0.050000011920928955,895000
12,3581,250,369.0747985839844,1.4762991666793823,12.295649528503418,0.050000011920928955,895250
12,3582,250,535.7977905273438,2.14319109916687,11.888066291809082,0.050000011920928955,895500
12,3583,250,658.1466064453125,2.6325864791870117,12.420140266418457,0.050000011920928955,895750
12,3584,250,632.3419189453125,2.529367685317993,12.280142784118652,0.050000011920928955,896000
12,3585,250,163.96298217773438,0.6558519005775452,13.354225158691406,0.050000011920928955,896250
12,3586,250,599.6024169921875,2.398409605026245,12.500860214233398,0.050000011920928955,896500
12,3587,250,813.7697143554688,3.2550787925720215,12.257566452026367,0.050000011920928955,896750
12,3588,250,919.0933837890625,3.6763734817504883,12.611397743225098,0.050000011920928955,897000
12,3589,250,201.1019287109375,0.8044077157974243,13.33382797241211,0.050000011920928955,897250
12,3590,250,1079.5814208984375,4.318325519561768,12.328934669494629,0.050000011920928955,897500
12,3591,250,150.75454711914062,0.6030181646347046,12.75186538696289,0.050000011920928955,897750
12,3592,250,273.0577697753906,1.092231035232544,11.652434349060059,0.050000011920928955,898000
12,3593,250,580.1079711914062,2.32043194770813,13.944914817810059,0.050000011920928955,898250
12,3594,250,1147.2255859375,4.588902473449707,12.678281784057617,0.050000011920928955,898500
12,3595,250,998.3638916015625,3.993455648422241,12.810138702392578,0.050000011920928955,898750
12,3596,250,633.632080078125,2.5345282554626465,12.584321022033691,0.050000011920928955,899000
12,3597,250,287.7212219238281,1.1508848667144775,13.237900733947754,0.050000011920928955,899250
12,3598,250,353.4065856933594,1.4136263132095337,12.965178489685059,0.050000011920928955,899500
12,3599,250,-55.11579895019531,-0.22046320140361786,12.749045372009277,0.050000011920928955,899750
12,3600,250,515.3223266601562,2.0612893104553223,12.920750617980957,0.050000011920928955,900000
12,3601,250,174.57997131347656,0.6983199119567871,13.446592330932617,0.050000011920928955,900250
12,3602,250,342.3914489746094,1.3695658445358276,13.35708999633789,0.050000011920928955,900500
12,3603,250,447.7509765625,1.791003942489624,13.509254455566406,0.050000011920928955,900750
12,3604,250,542.91845703125,2.1716737747192383,13.17011833190918,0.050000011920928955,901000
12,3605,250,231.75830078125,0.9270331859588623,13.931663513183594,0.050000011920928955,901250
12,3606,250,708.5781860351562,2.834312677383423,13.435895919799805,0.050000011920928955,901500
12,3607,250,848.8588256835938,3.395435333251953,12.884243965148926,0.050000011920928955,901750
12,3608,250,488.21063232421875,1.9528424739837646,13.052605628967285,0.050000011920928955,902000
12,3609,250,1159.9273681640625,4.63970947265625,13.00515079498291,0.050000011920928955,902250
12,3610,250,590.6018676757812,2.3624074459075928,12.89992904663086,0.050000011920928955,902500
12,3611,250,217.3262939453125,0.8693051934242249,12.741339683532715,0.050000011920928955,902750
12,3612,250,1277.1251220703125,5.1085004806518555,12.501903533935547,0.050000011920928955,903000
12,3613,250,177.70272827148438,0.7108108997344971,12.595417976379395,0.050000011920928955,903250
12,3614,250,743.6049194335938,2.974419593811035,12.1342134475708,0.050000011920928955,903500
12,3615,250,261.12530517578125,1.0445011854171753,11.922744750976562,0.050000011920928955,903750
12,3616,250,370.14935302734375,1.4805973768234253,11.174208641052246,0.050000011920928955,904000
12,3617,250,630.5746459960938,2.522298574447632,12.175727844238281,0.050000011920928955,904250
12,3618,250,852.2642822265625,3.409057140350342,11.800281524658203,0.050000011920928955,904500
12,3619,250,124.86573791503906,0.49946296215057373,11.270698547363281,0.050000011920928955,904750
12,3620,250,3.0097668170928955,0.012039067223668098,11.756670951843262,0.050000011920928955,905000
12,3621,250,369.57550048828125,1.478302001953125,12.186134338378906,0.050000011920928955,905250
12,3622,250,7.035979747772217,0.02814391814172268,11.229360580444336,0.050000011920928955,905500
12,3623,250,972.6516723632812,3.890606641769409,11.554301261901855,0.050000011920928955,905750
12,3624,250,400.6437072753906,1.6025748252868652,10.792447090148926,0.050000011920928955,906000
12,3625,250,-31.670011520385742,-0.12668004631996155,11.71047592163086,0.050000011920928955,906250
12,3626,250,162.1749267578125,0.6486997008323669,11.291711807250977,0.050000011920928955,906500
12,3627,250,-39.247467041015625,-0.15698987245559692,11.085142135620117,0.050000011920928955,906750
12,3628,250,939.313720703125,3.7572548389434814,11.146611213684082,0.050000011920928955,907000
12,3629,250,783.6326293945312,3.134530544281006,11.438328742980957,0.050000011920928955,907250
12,3630,250,1112.6531982421875,4.450613021850586,10.945913314819336,0.050000011920928955,907500
12,3631,250,1339.687255859375,5.358748912811279,11.334693908691406,0.050000011920928955,907750
12,3632,250,87.7251968383789,0.350900799036026,10.572851181030273,0.050000011920928955,908000
12,3633,250,-22.10426139831543,-0.08841704577207565,12.293542861938477,0.050000011920928955,908250
12,3634,250,-31.602842330932617,-0.12641136348247528,11.752155303955078,0.050000011920928955,908500
12,3635,250,-41.14466094970703,-0.1645786464214325,11.524835586547852,0.050000011920928955,908750
12,3636,250,267.0821838378906,1.0683287382125854,11.934784889221191,0.050000011920928955,909000
12,3637,250,40.79804611206055,0.16319218277931213,13.004654884338379,0.050000011920928955,909250
12,3638,250,405.4168395996094,1.6216673851013184,12.162742614746094,0.050000011920928955,909500
12,3639,250,222.0831298828125,0.8883325457572937,12.192309379577637,0.050000011920928955,909750
12,3640,250,905.19140625,3.6207656860351562,11.652471542358398,0.050000011920928955,910000
12,3641,250,360.1036682128906,1.4404146671295166,12.74117374420166,0.050000011920928955,910250
12,3642,250,734.1975708007812,2.9367902278900146,12.625977516174316,0.050000011920928955,910500
12,3643,250,161.27664184570312,0.6451065540313721,12.04116439819336,0.050000011920928955,910750
12,3644,250,1724.5748291015625,6.898299217224121,10.963798522949219,0.050000011920928955,911000
12,3645,250,1593.5802001953125,6.374320983886719,12.70902156829834,0.050000011920928955,911250
12,3646,250,545.558349609375,2.1822333335876465,12.547513008117676,0.050000011920928955,911500
12,3647,250,20.090150833129883,0.08036060631275177,12.156438827514648,0.050000011920928955,911750
12,3648,250,833.3604125976562,3.333441734313965,11.669736862182617,0.050000011920928955,912000
12,3649,250,959.830810546875,3.8393232822418213,13.29084587097168,0.050000011920928955,912250
12,3650,250,1033.5152587890625,4.134060859680176,12.373716354370117,0.050000011920928955,912500
12,3651,250,-22.25185775756836,-0.0890074297785759,11.799952507019043,0.050000011920928955,912750
12,3652,250,216.39524841308594,0.8655809760093689,11.43358039855957,0.050000011920928955,913000
12,3653,250,396.0302734375,1.5841211080551147,12.806949615478516,0.050000011920928955,913250
12,3654,250,1477.3828125,5.909531116485596,11.86468505859375,0.050000011920928955,913500
12,3655,250,147.68148803710938,0.5907259583473206,11.340913772583008,0.050000011920928955,913750
12,3656,250,12.718814849853516,0.050875257700681686,11.314101219177246,0.050000011920928955,914000
12,3657,250,619.4820556640625,2.4779281616210938,12.423784255981445,0.050000011920928955,914250
12,3658,250,308.6742248535156,1.234696865081787,11.7959566116333,0.050000011920928955,914500
12,3659,250,-12.98579216003418,-0.05194316804409027,11.90366268157959,0.050000011920928955,914750
12,3660,250,47.87571334838867,0.19150285422801971,11.701945304870605,0.050000011920928955,915000
12,3661,250,1545.9276123046875,6.18371057510376,13.286779403686523,0.050000011920928955,915250
12,3662,250,649.5751342773438,2.5983004570007324,12.512203216552734,0.050000011920928955,915500
12,3663,250,-19.937204360961914,-0.07974881678819656,11.90987491607666,0.050000011920928955,915750
12,3664,250,-6.254085540771484,-0.025016341358423233,11.89126968383789,0.050000011920928955,916000
12,3665,250,-7.53074312210083,-0.030122973024845123,13.693520545959473,0.050000011920928955,916250
12,3666,250,383.8517150878906,1.5354068279266357,12.922950744628906,0.050000011920928955,916500
12,3667,250,316.19134521484375,1.2647653818130493,13.374857902526855,0.050000011920928955,916750
12,3668,250,47.524818420410156,0.19009926915168762,12.543821334838867,0.050000011920928955,917000
12,3669,250,35.36668395996094,0.14146673679351807,14.776205062866211,0.050000011920928955,917250
12,3670,250,132.57460021972656,0.5302984118461609,13.798832893371582,0.050000011920928955,917500
12,3671,250,144.8241729736328,0.5792967081069946,13.892142295837402,0.050000011920928955,917750
12,3672,250,76.98954772949219,0.30795818567276,13.397664070129395,0.050000011920928955,918000
12,3673,250,76.66625213623047,0.30666500329971313,15.351482391357422,0.050000011920928955,918250
12,3674,250,-11.271627426147461,-0.045086510479450226,14.202154159545898,0.050000011920928955,918500
12,3675,250,101.52536010742188,0.40610143542289734,13.898062705993652,0.050000011920928955,918750
12,3676,250,1229.791259765625,4.919165134429932,13.273070335388184,0.050000011920928955,919000
12,3677,250,-12.535260200500488,-0.05014104023575783,14.535452842712402,0.050000011920928955,919250
12,3678,250,549.5980224609375,2.198392152786255,14.138555526733398,0.050000011920928955,919500
12,3679,250,1699.189453125,6.796757698059082,13.9671630859375,0.050000011920928955,919750
12,3680,250,679.1985473632812,2.71679425239563,13.699594497680664,0.050000011920928955,920000
12,3681,250,14.481016159057617,0.0579240657389164,15.08434009552002,0.050000011920928955,920250
12,3682,250,-43.05580520629883,-0.17222322523593903,14.288228988647461,0.050000011920928955,920500
12,3683,250,-42.23700714111328,-0.16894802451133728,14.179854393005371,0.050000011920928955,920750
12,3684,250,-20.984272003173828,-0.08393708616495132,14.515678405761719,0.050000011920928955,921000
12,3685,250,251.86891174316406,1.0074756145477295,15.01012897491455,0.050000011920928955,921250
12,3686,250,8.17411994934082,0.03269647806882858,15.211441993713379,0.050000011920928955,921500
12,3687,250,23.628265380859375,0.09451305866241455,14.502070426940918,0.050000011920928955,921750
12,3688,250,6.601838111877441,0.026407351717352867,14.28251838684082,0.050000011920928955,922000
12,3689,250,236.8243408203125,0.9472973346710205,15.957869529724121,0.050000011920928955,922250
12,3690,250,-50.23317337036133,-0.20093269646167755,15.578460693359375,0.050000011920928955,922500
12,3691,250,154.33389282226562,0.6173355579376221,15.762499809265137,0.050000011920928955,922750
12,3692,250,15.928531646728516,0.06371412426233292,15.212641716003418,0.050000011920928955,923000
12,3693,250,429.9096374511719,1.7196385860443115,15.634557723999023,0.050000011920928955,923250
12,3694,250,59.267295837402344,0.23706918954849243,15.1481294631958,0.050000011920928955,923500
12,3695,250,2.0732781887054443,0.008293112739920616,14.76755142211914,0.050000011920928955,923750
12,3696,250,0.07064151763916016,0.00028256606310606003,15.73603343963623,0.050000011920928955,924000
12,3697,250,16.97838020324707,0.06791351735591888,16.17066192626953,0.050000011920928955,924250
12,3698,250,194.25889587402344,0.7770355939865112,15.714353561401367,0.050000011920928955,924500
12,3699,250,24.015504837036133,0.09606201946735382,15.24760913848877,0.050000011920928955,924750
12,3700,250,193.84486389160156,0.775379478931427,14.653036117553711,0.050000011920928955,925000
12,3701,250,490.9280090332031,1.9637119770050049,15.429201126098633,0.050000011920928955,925250
12,3702,250,-3.5442142486572266,-0.014176856726408005,15.54118537902832,0.050000011920928955,925500
12,3703,250,-9.374216079711914,-0.037496864795684814,14.430997848510742,0.050000011920928955,925750
12,3704,250,1476.65087890625,5.9066033363342285,15.419771194458008,0.050000011920928955,926000
12,3705,250,1591.681640625,6.366726398468018,14.692914962768555,0.050000011920928955,926250
12,3706,250,356.2958984375,1.4251835346221924,14.340004920959473,0.050000011920928955,926500
12,3707,250,1302.660888671875,5.210643768310547,13.318153381347656,0.050000011920928955,926750
12,3708,250,1241.705322265625,4.966821193695068,13.617875099182129,0.050000011920928955,927000
12,3709,250,-10.599102973937988,-0.042396411299705505,13.99721908569336,0.050000011920928955,927250
12,3710,250,73.31780242919922,0.2932712137699127,12.5292387008667,0.050000011920928955,927500
12,3711,250,1354.6353759765625,5.418541431427002,12.93259048461914,0.050000011920928955,927750
12,3712,250,307.70550537109375,1.230821967124939,12.669100761413574,0.050000011920928955,928000
12,3713,250,367.9123229980469,1.4716492891311646,13.129141807556152,0.050000011920928955,928250
12,3714,250,1878.234619140625,7.512938499450684,12.601534843444824,0.050000011920928955,928500
12,3715,250,332.6322021484375,1.3305288553237915,12.513070106506348,0.050000011920928955,928750
12,3716,250,678.7400512695312,2.7149600982666016,11.922959327697754,0.050000011920928955,929000
12,3717,250,1704.188720703125,6.8167548179626465,13.618284225463867,0.050000011920928955,929250
12,3718,250,1606.9547119140625,6.427818775177002,11.883430480957031,0.050000011920928955,929500
12,3719,250,512.508544921875,2.050034284591675,12.215034484863281,0.050000011920928955,929750
12,3720,250,1602.1541748046875,6.408616542816162,11.37041187286377,0.050000011920928955,930000
12,3721,250,1369.3203125,5.477281093597412,12.580035209655762,0.050000011920928955,930250
12,3722,250,1541.7252197265625,6.166901111602783,11.708438873291016,0.050000011920928955,930500
12,3723,250,31.022926330566406,0.12409170717000961,11.731660842895508,0.050000011920928955,930750
12,3724,250,1316.1571044921875,5.2646284103393555,11.343496322631836,0.050000011920928955,931000
12,3725,250,671.083740234375,2.6843349933624268,12.647350311279297,0.050000011920928955,931250
12,3726,250,1612.30810546875,6.449232578277588,11.697107315063477,0.050000011920928955,931500
12,3727,250,1030.0091552734375,4.120036602020264,11.176419258117676,0.050000011920928955,931750
12,3728,250,1384.1319580078125,5.536527633666992,10.603363037109375,0.050000011920928955,932000
12,3729,250,1430.680908203125,5.722723484039307,11.825779914855957,0.050000011920928955,932250
12,3730,250,954.09716796875,3.8163886070251465,10.52485466003418,0.050000011920928955,932500
12,3731,250,705.2131958007812,2.820852756500244,10.865652084350586,0.050000011920928955,932750
12,3732,250,279.7644958496094,1.1190580129623413,10.181699752807617,0.050000011920928955,933000
12,3733,250,1046.579345703125,4.186317443847656,11.680357933044434,0.050000011920928955,933250
12,3734,250,1433.5389404296875,5.734155654907227,11.998649597167969,0.050000011920928955,933500
12,3735,250,581.615234375,2.326460838317871,10.737020492553711,0.050000011920928955,933750
12,3736,250,63.243289947509766,0.25297316908836365,11.26419734954834,0.050000011920928955,934000
12,3737,250,661.5048828125,2.646019458770752,11.13858699798584,0.050000011920928955,934250
12,3738,250,843.468505859375,3.3738739490509033,12.322948455810547,0.050000011920928955,934500
12,3739,250,1377.448486328125,5.509793758392334,11.186635971069336,0.050000011920928955,934750
12,3740,250,93.0893325805664,0.3723573386669159,10.917044639587402,0.050000011920928955,935000
12,3741,250,461.30780029296875,1.8452311754226685,11.744776725769043,0.050000011920928955,935250
12,3742,250,109.8349838256836,0.43933993577957153,11.608377456665039,0.050000011920928955,935500
12,3743,250,74.60435485839844,0.29841741919517517,11.277563095092773,0.050000011920928955,935750
12,3744,250,185.90711975097656,0.7436285018920898,11.282367706298828,0.050000011920928955,936000
12,3745,250,26.0129337310791,0.10405173152685165,12.510885238647461,0.050000011920928955,936250
12,3746,250,760.7653198242188,3.0430612564086914,11.888697624206543,0.050000011920928955,936500
12,3747,250,67.9346694946289,0.2717386782169342,11.5187349319458,0.050000011920928955,936750
12,3748,250,42.57649230957031,0.17030596733093262,11.505327224731445,0.050000011920928955,937000
12,3749,250,52.84830093383789,0.21139320731163025,12.645160675048828,0.050000011920928955,937250
12,3750,250,-13.33551025390625,-0.05334204062819481,11.956424713134766,0.050000011920928955,937500
12,3751,250,-22.626178741455078,-0.0905047133564949,12.088519096374512,0.050000011920928955,937750
12,3752,250,13.42104721069336,0.05368418991565704,11.914322853088379,0.050000011920928955,938000
12,3753,250,51.51973342895508,0.2060789316892624,12.610628128051758,0.050000011920928955,938250
12,3754,250,81.0648422241211,0.32425937056541443,11.8649263381958,0.050000011920928955,938500
12,3755,250,25.56837272644043,0.10227349400520325,11.446245193481445,0.050000011920928955,938750
12,3756,250,-43.55110168457031,-0.17420440912246704,11.388388633728027,0.050000011920928955,939000
12,3757,250,185.37274169921875,0.7414909601211548,12.210902214050293,0.050000011920928955,939250
12,3758,250,-60.492088317871094,-0.24196834862232208,11.06240177154541,0.050000011920928955,939500
12,3759,250,68.81631469726562,0.27526524662971497,11.90656852722168,0.050000011920928955,939750
12,3760,250,52.93235778808594,0.21172943711280823,11.186442375183105,0.050000011920928955,940000
12,3761,250,-74.09042358398438,-0.29636168479919434,12.678902626037598,0.050000011920928955,940250
12,3762,250,909.92578125,3.6397030353546143,11.030086517333984,0.050000011920928955,940500
12,3763,250,65.80081176757812,0.2632032334804535,11.515580177307129,0.050000011920928955,940750
12,3764,250,-93.53543853759766,-0.37414175271987915,11.04588508605957,0.050000011920928955,941000
12,3765,250,-82.447021484375,-0.32978808879852295,12.969661712646484,0.050000011920928955,941250
12,3766,250,92.92681884765625,0.3717072606086731,12.161824226379395,0.050000011920928955,941500
12,3767,250,-76.71399688720703,-0.3068559765815735,12.13744068145752,0.050000011920928955,941750
12,3768,250,-62.83134841918945,-0.251325398683548,11.691204071044922,0.050000011920928955,942000
12,3769,250,667.7408447265625,2.6709632873535156,13.682515144348145,0.050000011920928955,942250
12,3770,250,58.536197662353516,0.23414479196071625,12.508700370788574,0.050000011920928955,942500
12,3771,250,188.48052978515625,0.7539221048355103,12.784407615661621,0.050000011920928955,942750
12,3772,250,125.2029037475586,0.5008116364479065,12.734823226928711,0.050000011920928955,943000
12,3773,250,111.41117095947266,0.44564467668533325,13.161507606506348,0.050000011920928955,943250
12,3774,250,-83.13521575927734,-0.3325408697128296,13.354973793029785,0.050000011920928955,943500
12,3775,250,-42.45374298095703,-0.16981497406959534,12.43364143371582,0.050000011920928955,943750
12,3776,250,-21.690120697021484,-0.08676048368215561,12.759683609008789,0.050000011920928955,944000
12,3777,250,-96.35842895507812,-0.38543370366096497,13.060282707214355,0.050000011920928955,944250
12,3778,250,-37.275936126708984,-0.14910374581813812,12.459615707397461,0.050000011920928955,944500
12,3779,250,-41.34388732910156,-0.16537554562091827,12.66843318939209,0.050000011920928955,944750
12,3780,250,-96.245361328125,-0.3849814534187317,12.77811336517334,0.050000011920928955,945000
12,3781,250,158.68504333496094,0.6347401738166809,13.484574317932129,0.050000011920928955,945250
12,3782,250,-5.605016231536865,-0.022420065477490425,11.828179359436035,0.050000011920928955,945500
12,3783,250,-28.336671829223633,-0.11334668844938278,12.053352355957031,0.050000011920928955,945750
12,3784,250,-63.408451080322266,-0.2536337971687317,11.928189277648926,0.050000011920928955,946000
12,3785,250,38.428218841552734,0.15371286869049072,12.896099090576172,0.050000011920928955,946250
12,3786,250,253.62863159179688,1.0145145654678345,11.903934478759766,0.050000011920928955,946500
12,3787,250,458.613037109375,1.8344521522521973,10.739556312561035,0.050000011920928955,946750
12,3788,250,73.62691497802734,0.2945076525211334,11.554267883300781,0.050000011920928955,947000
12,3789,250,428.1798400878906,1.7127193212509155,11.405265808105469,0.050000011920928955,947250
12,3790,250,710.358642578125,2.8414344787597656,11.356779098510742,0.050000011920928955,947500
12,3791,250,386.1204528808594,1.5444817543029785,10.083296775817871,0.050000011920928955,947750
12,3792,250,473.45849609375,1.8938339948654175,10.376301765441895,0.050000011920928955,948000
12,3793,250,1116.1630859375,4.4646525382995605,10.084649085998535,0.050000011920928955,948250
12,3794,250,330.38909912109375,1.3215564489364624,10.515202522277832,0.050000011920928955,948500
12,3795,250,1013.52734375,4.054109573364258,9.518054008483887,0.050000011920928955,948750
12,3796,250,278.47515869140625,1.1139006614685059,9.861037254333496,0.050000011920928955,949000
12,3797,250,1506.53271484375,6.026130676269531,9.649740219116211,0.050000011920928955,949250
12,3798,250,1174.9605712890625,4.69984245300293,9.534090995788574,0.050000011920928955,949500
12,3799,250,1509.6907958984375,6.038763046264648,9.219173431396484,0.050000011920928955,949750
12,3800,250,247.11639404296875,0.9884655475616455,8.978610038757324,0.050000011920928955,950000
12,3801,250,1676.19580078125,6.7047834396362305,9.34388256072998,0.050000011920928955,950250
12,3802,250,1759.42333984375,7.037693500518799,8.528932571411133,0.050000011920928955,950500
12,3803,250,1492.8590087890625,5.971436023712158,8.962971687316895,0.050000011920928955,950750
12,3804,250,1884.70166015625,7.538806438446045,8.568951606750488,0.050000011920928955,951000
12,3805,250,704.0529174804688,2.816211700439453,9.182441711425781,0.050000011920928955,951250
12,3806,250,132.78123474121094,0.5311249494552612,8.476629257202148,0.050000011920928955,951500
12,3807,250,1654.3382568359375,6.6173529624938965,8.272771835327148,0.050000011920928955,951750
12,3808,250,135.96652221679688,0.5438660979270935,8.197375297546387,0.050000011920928955,952000
12,3809,250,67.445556640625,0.2697822153568268,9.045392036437988,0.050000011920928955,952250
12,3810,250,118.69567108154297,0.47478267550468445,8.815253257751465,0.050000011920928955,952500
12,3811,250,122.74681854248047,0.49098727107048035,8.473861694335938,0.050000011920928955,952750
12,3812,250,127.53768920898438,0.5101507306098938,8.370335578918457,0.050000011920928955,953000
12,3813,250,247.12721252441406,0.9885088205337524,9.293514251708984,0.050000011920928955,953250
12,3814,250,751.9683227539062,3.007873296737671,9.224493980407715,0.050000011920928955,953500
12,3815,250,583.3867797851562,2.3335471153259277,8.514566421508789,0.050000011920928955,953750
12,3816,250,123.78630828857422,0.4951452314853668,8.9297456741333,0.050000011920928955,954000
12,3817,250,139.8210906982422,0.5592843890190125,10.070608139038086,0.050000011920928955,954250
12,3818,250,1119.75439453125,4.479017734527588,9.085309982299805,0.050000011920928955,954500
12,3819,250,75.85002899169922,0.3034001290798187,9.055590629577637,0.050000011920928955,954750
12,3820,250,109.55835723876953,0.4382334351539612,9.135449409484863,0.050000011920928955,955000
12,3821,250,133.3660888671875,0.5334643721580505,10.145472526550293,0.050000011920928955,955250
12,3822,250,126.47119903564453,0.5058847665786743,9.986384391784668,0.050000011920928955,955500
12,3823,250,490.556640625,1.9622265100479126,10.0084228515625,0.050000011920928955,955750
12,3824,250,141.9941864013672,0.5679767727851868,9.802705764770508,0.050000011920928955,956000
12,3825,250,103.07174682617188,0.41228699684143066,10.308206558227539,0.050000011920928955,956250
12,3826,250,1345.6717529296875,5.382687091827393,9.047813415527344,0.050000011920928955,956500
12,3827,250,838.3631591796875,3.353452682495117,8.995200157165527,0.050000011920928955,956750
12,3828,250,126.72936248779297,0.5069174766540527,8.942122459411621,0.050000011920928955,957000
12,3829,250,103.66908264160156,0.41467633843421936,9.56380558013916,0.050000011920928955,957250
12,3830,250,50.994503021240234,0.2039780169725418,9.061773300170898,0.050000011920928955,957500
12,3831,250,54.468013763427734,0.21787205338478088,8.606396675109863,0.050000011920928955,957750
12,3832,250,-25.24949836730957,-0.10099799185991287,8.495587348937988,0.050000011920928955,958000
12,3833,250,1691.743896484375,6.766975402832031,9.088811874389648,0.050000011920928955,958250
12,3834,250,279.54736328125,1.1181894540786743,8.322405815124512,0.050000011920928955,958500
12,3835,250,1613.7791748046875,6.4551167488098145,8.47803783416748,0.050000011920928955,958750
12,3836,250,1015.8238525390625,4.063295364379883,7.6887898445129395,0.050000011920928955,959000
12,3837,250,-9.889265060424805,-0.03955706208944321,8.907294273376465,0.050000011920928955,959250
12,3838,250,1716.96826171875,6.867873191833496,8.950664520263672,0.050000011920928955,959500
12,3839,250,316.3150939941406,1.2652603387832642,7.931051731109619,0.050000011920928955,959750
12,3840,250,285.52313232421875,1.1420925855636597,7.892038822174072,0.050000011920928955,960000
12,3841,250,82.41690063476562,0.3296675980091095,8.78990650177002,0.050000011920928955,960250
12,3842,250,281.6410827636719,1.126564383506775,9.001721382141113,0.050000011920928955,960500
12,3843,250,1882.619873046875,7.530479431152344,8.674376487731934,0.050000011920928955,960750
12,3844,250,1737.6671142578125,6.9506683349609375,8.46066665649414,0.050000011920928955,961000
12,3845,250,912.0156860351562,3.6480627059936523,9.200737953186035,0.050000011920928955,961250
12,3846,250,1621.2347412109375,6.484939098358154,8.952842712402344,0.050000011920928955,961500
12,3847,250,1643.439453125,6.573757648468018,8.02893352508545,0.050000011920928955,961750
12,3848,250,1553.82470703125,6.215298652648926,8.601104736328125,0.050000011920928955,962000
12,3849,250,1742.8663330078125,6.971465110778809,8.577452659606934,0.050000011920928955,962250
12,3850,250,1684.179443359375,6.736717700958252,8.466968536376953,0.050000011920928955,962500
12,3851,250,1700.54052734375,6.802162170410156,8.44002914428711,0.050000011920928955,962750
12,3852,250,1328.8487548828125,5.315394878387451,7.7534637451171875,0.050000011920928955,963000
12,3853,250,1362.2828369140625,5.449131488800049,8.918120384216309,0.050000011920928955,963250
12,3854,250,955.7132568359375,3.8228530883789062,8.350768089294434,0.050000011920928955,963500
12,3855,250,1042.917724609375,4.171670913696289,8.25939655303955,0.050000011920928955,963750
12,3856,250,924.1572265625,3.6966288089752197,7.608225345611572,0.050000011920928955,964000
12,3857,250,1938.4515380859375,7.753806114196777,8.460247039794922,0.050000011920928955,964250
12,3858,250,206.93368530273438,0.8277347683906555,8.737611770629883,0.050000011920928955,964500
12,3859,250,1727.9500732421875,6.911800384521484,8.45622730255127,0.050000011920928955,964750
12,3860,250,245.05247497558594,0.9802098870277405,7.768643379211426,0.050000011920928955,965000
12,3861,250,238.5850067138672,0.9543400406837463,8.32480525970459,0.050000011920928955,965250
12,3862,250,241.45936584472656,0.9658374786376953,8.423169136047363,0.050000011920928955,965500
12,3863,250,1272.447998046875,5.089791774749756,8.460657119750977,0.050000011920928955,965750
12,3864,250,652.099365234375,2.6083974838256836,7.841121196746826,0.050000011920928955,966000
12,3865,250,962.498046875,3.849992275238037,8.231901168823242,0.050000011920928955,966250
12,3866,250,1019.9163208007812,4.079665184020996,7.909748554229736,0.050000011920928955,966500
12,3867,250,212.14129638671875,0.8485651612281799,7.839391231536865,0.050000011920928955,966750
12,3868,250,249.9759521484375,0.9999037981033325,8.284423828125,0.050000011920928955,967000
12,3869,250,1643.51220703125,6.57404899597168,8.353911399841309,0.050000011920928955,967250
12,3870,250,66.51892852783203,0.2660757005214691,8.150969505310059,0.050000011920928955,967500
12,3871,250,242.39027404785156,0.9695611000061035,8.304000854492188,0.050000011920928955,967750
12,3872,250,1220.868408203125,4.8834733963012695,8.011356353759766,0.050000011920928955,968000
12,3873,250,553.7222290039062,2.21488881111145,8.626138687133789,0.050000011920928955,968250
12,3874,250,1749.0518798828125,6.9962077140808105,8.213733673095703,0.050000011920928955,968500
12,3875,250,1647.915771484375,6.591662883758545,8.666474342346191,0.050000011920928955,968750
12,3876,250,353.91497802734375,1.4156599044799805,7.972050666809082,0.050000011920928955,969000
12,3877,250,991.6475830078125,3.966590404510498,8.10816478729248,0.050000011920928955,969250
12,3878,250,25.977163314819336,0.10390865057706833,8.458099365234375,0.050000011920928955,969500
12,3879,250,18.230213165283203,0.07292085140943527,7.985493183135986,0.050000011920928955,969750
12,3880,250,1711.21484375,6.844859600067139,8.028349876403809,0.050000011920928955,970000
12,3881,250,387.96820068359375,1.5518728494644165,9.448041915893555,0.050000011920928955,970250
12,3882,250,1637.6156005859375,6.550462245941162,8.77146053314209,0.050000011920928955,970500
12,3883,250,1356.589111328125,5.426356315612793,8.18554973602295,0.050000011920928955,970750
12,3884,250,182.69326782226562,0.7307730913162231,8.371668815612793,0.050000011920928955,971000
12,3885,250,1696.041748046875,6.7841668128967285,9.2904691696167,0.050000011920928955,971250
12,3886,250,1652.091796875,6.608366966247559,8.981291770935059,0.050000011920928955,971500
12,3887,250,1030.95947265625,4.123837947845459,9.044918060302734,0.050000011920928955,971750
12,3888,250,1462.931884765625,5.851727485656738,9.089093208312988,0.050000011920928955,972000
12,3889,250,1617.772705078125,6.471090793609619,8.826977729797363,0.050000011920928955,972250
12,3890,250,-27.165264129638672,-0.10866105556488037,9.009177207946777,0.050000011920928955,972500
12,3891,250,168.88116455078125,0.6755246520042419,9.044621467590332,0.050000011920928955,972750
12,3892,250,1778.287109375,7.113148212432861,9.1011323928833,0.050000011920928955,973000
12,3893,250,-8.333185195922852,-0.033332739025354385,9.73536491394043,0.050000011920928955,973250
12,3894,250,157.1938934326172,0.6287755966186523,9.533744812011719,0.050000011920928955,973500
12,3895,250,-42.77600860595703,-0.17110402882099152,9.635976791381836,0.050000011920928955,973750
12,3896,250,131.66795349121094,0.526671826839447,9.531929969787598,0.050000011920928955,974000
12,3897,250,109.38859558105469,0.43755438923835754,10.692726135253906,0.050000011920928955,974250
12,3898,250,158.87408447265625,0.6354963183403015,11.281754493713379,0.050000011920928955,974500
12,3899,250,1774.6475830078125,7.09859037399292,10.121846199035645,0.050000011920928955,974750
12,3900,250,-39.22822189331055,-0.1569128930568695,10.053476333618164,0.050000011920928955,975000
12,3901,250,4.5319437980651855,0.018127774819731712,10.78061294555664,0.050000011920928955,975250
12,3902,250,1651.943359375,6.607773303985596,10.2508544921875,0.050000011920928955,975500
12,3903,250,135.99818420410156,0.5439927577972412,10.183270454406738,0.050000011920928955,975750
12,3904,250,-16.139577865600586,-0.06455831229686737,10.559358596801758,0.050000011920928955,976000
12,3905,250,230.1109619140625,0.9204438328742981,10.876542091369629,0.050000011920928955,976250
12,3906,250,1186.4808349609375,4.7459235191345215,11.061312675476074,0.050000011920928955,976500
12,3907,250,-25.785165786743164,-0.10314065963029861,10.335156440734863,0.050000011920928955,976750
12,3908,250,192.85296630859375,0.7714118361473083,10.410669326782227,0.050000011920928955,977000
12,3909,250,332.8446960449219,1.3313788175582886,11.06156063079834,0.050000011920928955,977250
12,3910,250,209.96189880371094,0.8398476243019104,11.554571151733398,0.050000011920928955,977500
12,3911,250,-34.14686584472656,-0.1365874707698822,10.40894603729248,0.050000011920928955,977750
12,3912,250,1669.7730712890625,6.6790924072265625,11.143877029418945,0.050000011920928955,978000
12,3913,250,-18.001415252685547,-0.07200565934181213,11.128615379333496,0.050000011920928955,978250
12,3914,250,1623.9739990234375,6.495895862579346,11.053692817687988,0.050000011920928955,978500
12,3915,250,1697.40673828125,6.7896270751953125,11.08603286743164,0.050000011920928955,978750
12,3916,250,30.129981994628906,0.12051992863416672,10.455100059509277,0.050000011920928955,979000
12,3917,250,55.383975982666016,0.22153590619564056,10.706460952758789,0.050000011920928955,979250
12,3918,250,1630.946533203125,6.5237860679626465,10.788956642150879,0.050000011920928955,979500
12,3919,250,1457.9132080078125,5.831652641296387,10.423494338989258,0.050000011920928955,979750
12,3920,250,1561.265625,6.245062351226807,10.359199523925781,0.050000011920928955,980000
12,3921,250,69.67181396484375,0.2786872684955597,9.9031982421875,0.050000011920928955,980250
12,3922,250,75.6953125,0.30278125405311584,10.083949089050293,0.050000011920928955,980500
12,3923,250,101.18820190429688,0.40475282073020935,10.824178695678711,0.050000011920928955,980750
12,3924,250,1650.537353515625,6.602149486541748,10.32062816619873,0.050000011920928955,981000
12,3925,250,1441.05908203125,5.7642364501953125,10.91006851196289,0.050000011920928955,981250
12,3926,250,34.50405502319336,0.1380162239074707,10.609411239624023,0.050000011920928955,981500
12,3927,250,79.18936157226562,0.3167574405670166,9.935343742370605,0.050000011920928955,981750
12,3928,250,57.897972106933594,0.23159189522266388,10.255889892578125,0.050000011920928955,982000
12,3929,250,64.17286682128906,0.25669145584106445,11.78044319152832,0.050000011920928955,982250
12,3930,250,27.218082427978516,0.10887233167886734,10.765768051147461,0.050000011920928955,982500
12,3931,250,795.6843872070312,3.1827375888824463,10.479310989379883,0.050000011920928955,982750
12,3932,250,1048.75634765625,4.195025444030762,10.247688293457031,0.050000011920928955,983000
12,3933,250,1327.37939453125,5.3095173835754395,11.004093170166016,0.050000011920928955,983250
12,3934,250,1258.668212890625,5.034672737121582,9.839703559875488,0.050000011920928955,983500
12,3935,250,26.667469024658203,0.10666987299919128,10.074419975280762,0.050000011920928955,983750
12,3936,250,1421.6448974609375,5.686579704284668,9.753564834594727,0.050000011920928955,984000
12,3937,250,1347.8507080078125,5.391402721405029,10.69248104095459,0.050000011920928955,984250
12,3938,250,1226.0185546875,4.904074192047119,9.85932731628418,0.050000011920928955,984500
12,3939,250,1250.565185546875,5.002260684967041,10.398080825805664,0.050000011920928955,984750
12,3940,250,2.2721972465515137,0.009088789112865925,9.914706230163574,0.050000011920928955,985000
12,3941,250,61.26734924316406,0.24506939947605133,9.978669166564941,0.050000011920928955,985250
12,3942,250,56.55512619018555,0.22622050344944,9.90803337097168,0.050000011920928955,985500
12,3943,250,79.44281005859375,0.31777122616767883,9.123679161071777,0.050000011920928955,985750
12,3944,250,413.97216796875,1.6558886766433716,9.366371154785156,0.050000011920928955,986000
12,3945,250,1212.0146484375,4.848058700561523,10.428796768188477,0.050000011920928955,986250
12,3946,250,798.776611328125,3.1951065063476562,9.968212127685547,0.050000011920928955,986500
12,3947,250,79.12247467041016,0.31648990511894226,9.553901672363281,0.050000011920928955,986750
12,3948,250,1398.4417724609375,5.593767166137695,9.249314308166504,0.050000011920928955,987000
12,3949,250,1124.021240234375,4.496085166931152,9.824840545654297,0.050000011920928955,987250
12,3950,250,1641.932373046875,6.567729473114014,9.456905364990234,0.050000011920928955,987500
12,3951,250,55.52595901489258,0.22210383415222168,9.336280822753906,0.050000011920928955,987750
12,3952,250,30.591522216796875,0.12236608564853668,9.023490905761719,0.050000011920928955,988000
12,3953,250,132.31399536132812,0.5292559862136841,9.715084075927734,0.050000011920928955,988250
12,3954,250,99.5639877319336,0.39825594425201416,9.336713790893555,0.050000011920928955,988500
12,3955,250,-12.082748413085938,-0.048330992460250854,9.525809288024902,0.050000011920928955,988750
12,3956,250,12.619421005249023,0.050477683544158936,8.800966262817383,0.050000011920928955,989000
12,3957,250,121.45211791992188,0.48580846190452576,10.379801750183105,0.050000011920928955,989250
12,3958,250,1479.18017578125,5.916720867156982,9.63131332397461,0.050000011920928955,989500
12,3959,250,-44.9176139831543,-0.17967045307159424,9.269645690917969,0.050000011920928955,989750
12,3960,250,1408.871826171875,5.635487079620361,8.956870079040527,0.050000011920928955,990000
12,3961,250,103.28196716308594,0.4131278693675995,9.839024543762207,0.050000011920928955,990250
12,3962,250,1765.905029296875,7.063620090484619,9.734724998474121,0.050000011920928955,990500
12,3963,250,29.6123046875,0.11844921857118607,9.513289451599121,0.050000011920928955,990750
12,3964,250,1724.9453125,6.899781227111816,8.893619537353516,0.050000011920928955,991000
12,3965,250,50.40279006958008,0.20161116123199463,10.176642417907715,0.050000011920928955,991250
12,3966,250,63.48606491088867,0.2539442479610443,9.515393257141113,0.050000011920928955,991500
12,3967,250,959.16650390625,3.8366661071777344,9.37584400177002,0.050000011920928955,991750
12,3968,250,61.62737274169922,0.24650949239730835,8.748456954956055,0.050000011920928955,992000
12,3969,250,44.567291259765625,0.178269162774086,10.140475273132324,0.050000011920928955,992250
12,3970,250,62.15751647949219,0.24863006174564362,10.09680461883545,0.050000011920928955,992500
12,3971,250,12.510009765625,0.05004004016518593,9.215472221374512,0.050000011920928955,992750
12,3972,250,35.54939651489258,0.14219757914543152,9.330757141113281,0.050000011920928955,993000
12,3973,250,17.245698928833008,0.068982794880867,10.938411712646484,0.050000011920928955,993250
12,3974,250,10.634690284729004,0.04253876209259033,10.589632987976074,0.050000011920928955,993500
12,3975,250,28.48544692993164,0.11394178867340088,10.22066593170166,0.050000011920928955,993750
12,3976,250,-2.236126661300659,-0.008944506756961346,10.459994316101074,0.050000011920928955,994000
12,3977,250,4.411842346191406,0.01764736883342266,11.60660171508789,0.050000011920928955,994250
12,3978,250,65.29220581054688,0.26116883754730225,11.346858024597168,0.050000011920928955,994500
12,3979,250,20.344745635986328,0.0813789814710617,10.960598945617676,0.050000011920928955,994750
12,3980,250,11.172883033752441,0.0446915328502655,10.763345718383789,0.050000011920928955,995000
12,3981,250,-13.83866024017334,-0.05535463988780975,11.909525871276855,0.050000011920928955,995250
12,3982,250,2.3950722217559814,0.009580289013683796,12.025309562683105,0.050000011920928955,995500
12,3983,250,-19.3345890045166,-0.07733835279941559,11.386272430419922,0.050000011920928955,995750
12,3984,250,-3.1739983558654785,-0.012695993296802044,10.984593391418457,0.050000011920928955,996000
12,3985,250,-34.894474029541016,-0.13957789540290833,12.738532066345215,0.050000011920928955,996250
12,3986,250,77.44425964355469,0.30977705121040344,12.055728912353516,0.050000011920928955,996500
12,3987,250,-45.52078628540039,-0.1820831447839737,11.37629508972168,0.050000011920928955,996750
12,3988,250,-38.35004806518555,-0.15340019762516022,10.655067443847656,0.050000011920928955,997000
12,3989,250,38.14954376220703,0.15259817242622375,11.799578666687012,0.050000011920928955,997250
12,3990,250,469.8315734863281,1.879326343536377,11.7832612991333,0.050000011920928955,997500
12,3991,250,-33.477088928222656,-0.13390836119651794,11.630477905273438,0.050000011920928955,997750
12,3992,250,-19.023822784423828,-0.07609529048204422,10.673858642578125,0.050000011920928955,998000
12,3993,250,-17.36528778076172,-0.0694611519575119,12.041094779968262,0.050000011920928955,998250
12,3994,250,-12.33377456665039,-0.04933509975671768,11.487711906433105,0.050000011920928955,998500
12,3995,250,-16.580406188964844,-0.06632162630558014,11.28914737701416,0.050000011920928955,998750
12,3996,250,-78.66183471679688,-0.3146473467350006,10.790560722351074,0.050000011920928955,999000
12,3997,250,-34.67915344238281,-0.13871660828590393,11.166133880615234,0.050000011920928955,999250
12,3998,250,-208.45130920410156,-0.83380526304245,10.155468940734863,0.050000011920928955,999500
12,3999,250,-13.198001861572266,-0.052792008966207504,9.640830039978027,0.050000011920928955,999750
12,4000,250,10.741312980651855,0.042965251952409744,9.293808937072754,0.050000011920928955,1000000
12,4001,250,4.825999736785889,0.019303999841213226,10.177964210510254,0.050000011920928955,1000250
12,4002,250,13.947602272033691,0.055790409445762634,9.448615074157715,0.050000011920928955,1000500
12,4003,250,9.804658889770508,0.039218634366989136,9.568532943725586,0.050000011920928955,1000750
12,4004,250,30.05459976196289,0.12021839618682861,9.274527549743652,0.050000011920928955,1001000
12,4005,250,19.549705505371094,0.07819882035255432,10.144696235656738,0.050000011920928955,1001250
12,4006,250,54.079620361328125,0.21631848812103271,9.43522834777832,0.050000011920928955,1001500
12,4007,250,99.2071762084961,0.39682871103286743,8.863906860351562,0.050000011920928955,1001750
12,4008,250,15.745757102966309,0.06298302859067917,8.765922546386719,0.050000011920928955,1002000
12,4009,250,4.698436737060547,0.018793746829032898,9.60551643371582,0.050000011920928955,1002250
12,4010,250,-1.585949182510376,-0.0063437968492507935,8.375856399536133,0.050000011920928955,1002500
12,4011,250,10.93622875213623,0.04374491423368454,8.199496269226074,0.050000011920928955,1002750
12,4012,250,-5.357592582702637,-0.021430369466543198,7.8660688400268555,0.050000011920928955,1003000
12,4013,250,-0.247208833694458,-0.000988835352472961,8.767831802368164,0.050000011920928955,1003250
12,4014,250,-54.01188659667969,-0.21604754030704498,8.060657501220703,0.050000011920928955,1003500
12,4015,250,14.401095390319824,0.05760437995195389,7.74102258682251,0.050000011920928955,1003750
12,4016,250,-11.518717765808105,-0.046074870973825455,8.09360408782959,0.050000011920928955,1004000
12,4017,250,-51.9554328918457,-0.20782172679901123,8.318251609802246,0.050000011920928955,1004250
12,4018,250,-34.01110076904297,-0.13604439795017242,8.289161682128906,0.050000011920928955,1004500
12,4019,250,-33.526145935058594,-0.13410457968711853,7.500554084777832,0.050000011920928955,1004750
12,4020,250,-14.40970516204834,-0.05763882026076317,8.013348579406738,0.050000011920928955,1005000
12,4021,250,-56.211055755615234,-0.22484421730041504,8.64233684539795,0.050000011920928955,1005250
12,4022,250,25.910327911376953,0.10364130884408951,8.361659049987793,0.050000011920928955,1005500
12,4023,250,1.513274908065796,0.006053099408745766,8.204977989196777,0.050000011920928955,1005750
12,4024,250,10.404129028320312,0.04161651432514191,8.123820304870605,0.050000011920928955,1006000
12,4025,250,-10.95516586303711,-0.043820664286613464,9.025049209594727,0.050000011920928955,1006250
12,4026,250,-21.869165420532227,-0.08747666329145432,8.432047843933105,0.050000011920928955,1006500
12,4027,250,24.669282913208008,0.0986771285533905,8.19765567779541,0.050000011920928955,1006750
12,4028,250,-41.1515007019043,-0.1646060049533844,8.438446044921875,0.050000011920928955,1007000
12,4029,250,-57.440547943115234,-0.22976219654083252,8.649991035461426,0.050000011920928955,1007250
12,4030,250,-14.44478988647461,-0.057779159396886826,8.136181831359863,0.050000011920928955,1007500
12,4031,250,-56.75592803955078,-0.22702370584011078,7.8533806800842285,0.050000011920928955,1007750
12,4032,250,-31.509586334228516,-0.1260383427143097,7.944324493408203,0.050000011920928955,1008000
12,4033,250,17.94124984741211,0.0717649981379509,8.256919860839844,0.050000011920928955,1008250
12,4034,250,11.544187545776367,0.04617675021290779,7.936254501342773,0.050000011920928955,1008500
12,4035,250,26.114425659179688,0.10445770621299744,7.554960250854492,0.050000011920928955,1008750
12,4036,250,-20.348026275634766,-0.08139210194349289,7.300154685974121,0.050000011920928955,1009000
12,4037,250,-16.921110153198242,-0.06768444180488586,7.7014970779418945,0.050000011920928955,1009250
12,4038,250,-30.587291717529297,-0.12234916538000107,7.365015029907227,0.050000011920928955,1009500
12,4039,250,-25.3321533203125,-0.10132861137390137,7.378533363342285,0.050000011920928955,1009750
12,4040,250,1.121586799621582,0.004486347083002329,7.336912631988525,0.050000011920928955,1010000
12,4041,250,8.423912048339844,0.03369564935564995,8.067652702331543,0.050000011920928955,1010250
12,4042,250,12.429159164428711,0.049716636538505554,7.407897472381592,0.050000011920928955,1010500
12,4043,250,0.941643476486206,0.003766573965549469,7.321803092956543,0.050000011920928955,1010750
12,4044,250,-19.927446365356445,-0.07970978319644928,6.8446245193481445,0.050000011920928955,1011000
12,4045,250,14.144423484802246,0.05657769367098808,7.75894832611084,0.050000011920928955,1011250
12,4046,250,39.1303825378418,0.1565215289592743,6.881680965423584,0.050000011920928955,1011500
12,4047,250,31.62721061706543,0.12650884687900543,7.157872676849365,0.050000011920928955,1011750
12,4048,250,-7.146536350250244,-0.028586145490407944,6.821329593658447,0.050000011920928955,1012000
12,4049,250,7.066483497619629,0.02826593443751335,7.762956619262695,0.050000011920928955,1012250
12,4050,250,-17.893390655517578,-0.07157356292009354,7.426910877227783,0.050000011920928955,1012500
12,4051,250,82.99472045898438,0.3319788873195648,7.333705902099609,0.050000011920928955,1012750
12,4052,250,14.046520233154297,0.05618607997894287,6.932076454162598,0.050000011920928955,1013000
12,4053,250,-49.774662017822266,-0.1990986466407776,7.946880340576172,0.050000011920928955,1013250
12,4054,250,87.56133270263672,0.35024532675743103,7.49923849105835,0.050000011920928955,1013500
12,4055,250,-63.638587951660156,-0.2545543611049652,7.339757919311523,0.050000011920928955,1013750
12,4056,250,30.06928825378418,0.12027715146541595,7.145982265472412,0.050000011920928955,1014000
12,4057,250,7.619716167449951,0.030478864908218384,7.967340469360352,0.050000011920928955,1014250
12,4058,250,-40.31241226196289,-0.16124965250492096,7.583552837371826,0.050000011920928955,1014500
12,4059,250,-33.55312728881836,-0.13421250879764557,7.353516578674316,0.050000011920928955,1014750
12,4060,250,-46.772220611572266,-0.18708887696266174,7.362033843994141,0.050000011920928955,1015000
12,4061,250,-51.148521423339844,-0.20459409058094025,8.008679389953613,0.050000011920928955,1015250
12,4062,250,-45.7757682800293,-0.1831030696630478,7.200440406799316,0.050000011920928955,1015500
12,4063,250,-3.5584182739257812,-0.014233672991394997,7.145621299743652,0.050000011920928955,1015750
12,4064,250,36.33061218261719,0.14532244205474854,7.330333709716797,0.050000011920928955,1016000
12,4065,250,-35.17530059814453,-0.14070120453834534,8.461928367614746,0.050000011920928955,1016250
12,4066,250,9.918244361877441,0.03967297822237015,7.749185085296631,0.050000011920928955,1016500
12,4067,250,43.799686431884766,0.1751987487077713,7.264830112457275,0.050000011920928955,1016750
12,4068,250,-13.519577026367188,-0.05407830700278282,7.491788864135742,0.050000011920928955,1017000
12,4069,250,36.189842224121094,0.1447593718767166,7.87583589553833,0.050000011920928955,1017250
12,4070,250,-12.239885330200195,-0.04895954206585884,7.468226909637451,0.050000011920928955,1017500
12,4071,250,67.03279876708984,0.26813119649887085,7.10713005065918,0.050000011920928955,1017750
12,4072,250,-58.91956329345703,-0.23567825555801392,7.263363838195801,0.050000011920928955,1018000
12,4073,250,18.082313537597656,0.07232925295829773,8.744889259338379,0.050000011920928955,1018250
12,4074,250,2.397221803665161,0.009588886983692646,7.778799533843994,0.050000011920928955,1018500
12,4075,250,-29.980037689208984,-0.11992014944553375,7.766803741455078,0.050000011920928955,1018750
12,4076,250,-34.89228057861328,-0.13956911861896515,7.5469136238098145,0.050000011920928955,1019000
12,4077,250,-49.550193786621094,-0.1982007771730423,8.927393913269043,0.050000011920928955,1019250
12,4078,250,-57.46525955200195,-0.2298610359430313,7.823754787445068,0.050000011920928955,1019500
12,4079,250,-56.88334655761719,-0.22753338515758514,7.971030235290527,0.050000011920928955,1019750
12,4080,250,5.61627197265625,0.022465087473392487,8.258718490600586,0.050000011920928955,1020000
12,4081,250,27.50726318359375,0.11002904921770096,8.914833068847656,0.050000011920928955,1020250
12,4082,250,48.849609375,0.19539843499660492,8.373586654663086,0.050000011920928955,1020500
12,4083,250,-45.48448944091797,-0.18193796277046204,8.865361213684082,0.050000011920928955,1020750
12,4084,250,-53.58987808227539,-0.21435950696468353,8.616103172302246,0.050000011920928955,1021000
12,4085,250,4.065494537353516,0.016261978074908257,10.179604530334473,0.050000011920928955,1021250
12,4086,250,10.036371231079102,0.04014548659324646,9.982414245605469,0.050000011920928955,1021500
12,4087,250,-0.6975948214530945,-0.002790379337966442,9.0951566696167,0.050000011920928955,1021750
12,4088,250,7.974833011627197,0.031899333000183105,9.853517532348633,0.050000011920928955,1022000
12,4089,250,45.82626724243164,0.1833050698041916,10.366177558898926,0.050000011920928955,1022250
12,4090,250,0.8464186191558838,0.0033856744412332773,9.839261054992676,0.050000011920928955,1022500
12,4091,250,43.3589973449707,0.1734359860420227,10.091659545898438,0.050000011920928955,1022750
12,4092,250,2.91473388671875,0.011658935807645321,9.656982421875,0.050000011920928955,1023000
12,4093,250,25.846126556396484,0.10338450968265533,10.061357498168945,0.050000011920928955,1023250
12,4094,250,34.629005432128906,0.13851602375507355,9.995795249938965,0.050000011920928955,1023500
12,4095,250,13.311951637268066,0.053247805684804916,10.281991004943848,0.050000011920928955,1023750
12,4096,250,66.7854232788086,0.2671416997909546,10.495264053344727,0.050000011920928955,1024000
12,4097,250,-349.5706787109375,-1.398282766342163,11.007023811340332,0.050000011920928955,1024250
12,4098,250,54.486148834228516,0.21794459223747253,10.344640731811523,0.050000011920928955,1024500
12,4099,250,114.68003845214844,0.4587201476097107,10.453680038452148,0.050000011920928955,1024750
12,4100,250,105.37698364257812,0.42150792479515076,10.359333992004395,0.050000011920928955,1025000
12,4101,250,-6.207658290863037,-0.024830633774399757,10.248394012451172,0.050000011920928955,1025250
12,4102,250,20.321640014648438,0.08128655701875687,9.867399215698242,0.050000011920928955,1025500
12,4103,250,-19.868385314941406,-0.07947354018688202,9.730084419250488,0.050000011920928955,1025750
12,4104,250,-16.401573181152344,-0.06560629606246948,10.354331970214844,0.050000011920928955,1026000
12,4105,250,101.15425872802734,0.404617041349411,10.450992584228516,0.050000011920928955,1026250
12,4106,250,-7.348502159118652,-0.029394008219242096,9.871725082397461,0.050000011920928955,1026500
12,4107,250,-5.024046897888184,-0.0200961884111166,9.72831916809082,0.050000011920928955,1026750
12,4108,250,16.536544799804688,0.06614618003368378,9.195493698120117,0.050000011920928955,1027000
12,4109,250,-17.222993850708008,-0.0688919723033905,10.17338752746582,0.050000011920928955,1027250
12,4110,250,96.67782592773438,0.3867112994194031,10.179327964782715,0.050000011920928955,1027500
12,4111,250,-22.381628036499023,-0.08952651172876358,9.249141693115234,0.050000011920928955,1027750
12,4112,250,16.530412673950195,0.0661216527223587,9.1390962600708,0.050000011920928955,1028000
12,4113,250,-3.4628424644470215,-0.013851369731128216,9.663922309875488,0.050000011920928955,1028250
12,4114,250,162.60140991210938,0.6504056453704834,9.179308891296387,0.050000011920928955,1028500
12,4115,250,164.079345703125,0.6563173532485962,9.002994537353516,0.050000011920928955,1028750
12,4116,250,278.802001953125,1.1152080297470093,9.224754333496094,0.050000011920928955,1029000
12,4117,250,164.51663208007812,0.6580665111541748,10.5159912109375,0.050000011920928955,1029250
12,4118,250,140.13824462890625,0.5605529546737671,9.39754867553711,0.050000011920928955,1029500
12,4119,250,153.222412109375,0.6128896474838257,9.220239639282227,0.050000011920928955,1029750
12,4120,250,42.04922866821289,0.1681969165802002,8.96808910369873,0.050000011920928955,1030000
12,4121,250,-3.962923765182495,-0.015851695090532303,9.704890251159668,0.050000011920928955,1030250
12,4122,250,-50.653656005859375,-0.20261462032794952,9.161211967468262,0.050000011920928955,1030500
12,4123,250,84.07191467285156,0.33628764748573303,8.937886238098145,0.050000011920928955,1030750
12,4124,250,-25.96309471130371,-0.10385237634181976,9.169740676879883,0.050000011920928955,1031000
12,4125,250,7.775144577026367,0.031100578606128693,9.765581130981445,0.050000011920928955,1031250
12,4126,250,16.398502349853516,0.06559401005506516,9.599210739135742,0.050000011920928955,1031500
12,4127,250,-28.04835319519043,-0.11219341307878494,8.917766571044922,0.050000011920928955,1031750
12,4128,250,-42.717525482177734,-0.1708700954914093,8.747578620910645,0.050000011920928955,1032000
12,4129,250,157.19647216796875,0.6287859082221985,9.484691619873047,0.050000011920928955,1032250
12,4130,250,-66.54194641113281,-0.2661677896976471,9.09156322479248,0.050000011920928955,1032500
12,4131,250,-51.539730072021484,-0.20615892112255096,8.879911422729492,0.050000011920928955,1032750
12,4132,250,-72.2012710571289,-0.2888050973415375,8.701754570007324,0.050000011920928955,1033000
12,4133,250,-95.92245483398438,-0.383689820766449,9.33971118927002,0.050000011920928955,1033250
12,4134,250,-80.97113037109375,-0.323884516954422,8.820560455322266,0.050000011920928955,1033500
12,4135,250,-75.69409942626953,-0.30277639627456665,8.631052017211914,0.050000011920928955,1033750
12,4136,250,53.48371505737305,0.21393485367298126,8.682841300964355,0.050000011920928955,1034000
12,4137,250,1.9484761953353882,0.00779390474781394,9.40721607208252,0.050000011920928955,1034250
12,4138,250,-59.968135833740234,-0.239872545003891,8.489754676818848,0.050000011920928955,1034500
12,4139,250,27.537654876708984,0.11015062034130096,8.66981029510498,0.050000011920928955,1034750
12,4140,250,-453.48699951171875,-1.8139480352401733,8.373971939086914,0.050000011920928955,1035000
12,4141,250,-110.24580383300781,-0.44098320603370667,9.214310646057129,0.050000011920928955,1035250
12,4142,250,307.5831298828125,1.2303324937820435,8.472223281860352,0.050000011920928955,1035500
12,4143,250,-60.28083038330078,-0.24112331867218018,8.421906471252441,0.050000011920928955,1035750
12,4144,250,-62.36571502685547,-0.24946285784244537,8.23283576965332,0.050000011920928955,1036000
12,4145,250,-46.74266052246094,-0.18697063624858856,8.796923637390137,0.050000011920928955,1036250
12,4146,250,-81.85456848144531,-0.3274182677268982,8.289664268493652,0.050000011920928955,1036500
12,4147,250,-89.2186508178711,-0.35687461495399475,8.351097106933594,0.050000011920928955,1036750
12,4148,250,-69.84569549560547,-0.2793827950954437,8.675538063049316,0.050000011920928955,1037000
12,4149,250,-56.58059310913086,-0.22632236778736115,9.188172340393066,0.050000011920928955,1037250
12,4150,250,-35.95709228515625,-0.1438283622264862,8.79142951965332,0.050000011920928955,1037500
12,4151,250,-75.52177429199219,-0.30208709836006165,8.832372665405273,0.050000011920928955,1037750
12,4152,250,-48.88722229003906,-0.1955488920211792,8.523571014404297,0.050000011920928955,1038000
12,4153,250,-59.17057800292969,-0.23668231070041656,8.957902908325195,0.050000011920928955,1038250
12,4154,250,199.84326171875,0.7993730306625366,8.691844940185547,0.050000011920928955,1038500
12,4155,250,44.81687545776367,0.1792674958705902,8.561501502990723,0.050000011920928955,1038750
12,4156,250,33.307212829589844,0.1332288533449173,8.135039329528809,0.050000011920928955,1039000
12,4157,250,195.63169860839844,0.7825267910957336,8.849077224731445,0.050000011920928955,1039250
12,4158,250,-46.56832504272461,-0.18627330660820007,8.050992965698242,0.050000011920928955,1039500
12,4159,250,-66.7497329711914,-0.26699894666671753,7.906410217285156,0.050000011920928955,1039750
12,4160,250,75.50035095214844,0.302001416683197,7.7740278244018555,0.050000011920928955,1040000
12,4161,250,171.80198669433594,0.6872079372406006,8.999713897705078,0.050000011920928955,1040250
12,4162,250,272.0699462890625,1.0882798433303833,7.9215474128723145,0.050000011920928955,1040500
12,4163,250,220.03639221191406,0.8801455497741699,7.827054023742676,0.050000011920928955,1040750
12,4164,250,43.71357727050781,0.1748543083667755,7.299411296844482,0.050000011920928955,1041000
12,4165,250,386.6185302734375,1.5464740991592407,8.712193489074707,0.050000011920928955,1041250
12,4166,250,-25.25518798828125,-0.10102075338363647,8.571558952331543,0.050000011920928955,1041500
12,4167,250,249.6530303955078,0.998612105846405,8.325628280639648,0.050000011920928955,1041750
12,4168,250,-31.407657623291016,-0.12563063204288483,7.910002708435059,0.050000011920928955,1042000
12,4169,250,167.1305694580078,0.668522298336029,9.05881118774414,0.050000011920928955,1042250
12,4170,250,30.179506301879883,0.12071802467107773,8.270087242126465,0.050000011920928955,1042500
12,4171,250,24.458101272583008,0.09783240407705307,8.146538734436035,0.050000011920928955,1042750
12,4172,250,-54.29664611816406,-0.2171865850687027,7.531241416931152,0.050000011920928955,1043000
12,4173,250,-46.963623046875,-0.18785449862480164,8.665498733520508,0.050000011920928955,1043250
12,4174,250,154.6033172607422,0.6184132695198059,8.075033187866211,0.050000011920928955,1043500
12,4175,250,199.83021545410156,0.7993208765983582,8.106731414794922,0.050000011920928955,1043750
12,4176,250,-8.60556411743164,-0.03442225605249405,7.982903480529785,0.050000011920928955,1044000
12,4177,250,159.37525939941406,0.637501060962677,8.413172721862793,0.050000011920928955,1044250
12,4178,250,489.3325500488281,1.9573302268981934,8.413512229919434,0.050000011920928955,1044500
12,4179,250,174.8625030517578,0.6994500160217285,8.117777824401855,0.050000011920928955,1044750
12,4180,250,224.79531860351562,0.8991812467575073,8.216462135314941,0.050000011920928955,1045000
12,4181,250,271.3443603515625,1.0853774547576904,8.65286922454834,0.050000011920928955,1045250
12,4182,250,1182.2022705078125,4.728808879852295,8.20107364654541,0.050000011920928955,1045500
12,4183,250,171.47219848632812,0.6858887672424316,8.343214988708496,0.050000011920928955,1045750
12,4184,250,71.15363311767578,0.28461453318595886,8.208778381347656,0.050000011920928955,1046000
12,4185,250,115.17752075195312,0.4607100784778595,8.780606269836426,0.050000011920928955,1046250
12,4186,250,138.07643127441406,0.5523056983947754,8.562477111816406,0.050000011920928955,1046500
12,4187,250,33.44162368774414,0.13376650214195251,8.272156715393066,0.050000011920928955,1046750
12,4188,250,137.02182006835938,0.5480872988700867,8.252196311950684,0.050000011920928955,1047000
12,4189,250,127.80620574951172,0.5112248063087463,8.991634368896484,0.050000011920928955,1047250
12,4190,250,122.58505249023438,0.4903402030467987,8.885679244995117,0.050000011920928955,1047500
12,4191,250,-4.444225311279297,-0.01777690090239048,8.737690925598145,0.050000011920928955,1047750
12,4192,250,71.51128387451172,0.2860451340675354,8.196633338928223,0.050000011920928955,1048000
12,4193,250,117.16398620605469,0.46865594387054443,9.18835735321045,0.050000011920928955,1048250
12,4194,250,227.4521484375,0.9098085761070251,8.451106071472168,0.050000011920928955,1048500
12,4195,250,93.24810791015625,0.3729924261569977,8.419102668762207,0.050000011920928955,1048750
12,4196,250,127.18228149414062,0.508729100227356,8.092538833618164,0.050000011920928955,1049000
12,4197,250,72.37556457519531,0.28950226306915283,9.263391494750977,0.050000011920928955,1049250
12,4198,250,102.7327880859375,0.41093114018440247,8.819275856018066,0.050000011920928955,1049500
12,4199,250,131.34176635742188,0.5253670811653137,8.43304443359375,0.050000011920928955,1049750
12,4200,250,121.82279205322266,0.487291157245636,8.13164234161377,0.050000011920928955,1050000
12,4201,250,79.31317901611328,0.3172527253627777,8.817420959472656,0.050000011920928955,1050250
12,4202,250,232.75340270996094,0.9310135841369629,8.53625202178955,0.050000011920928955,1050500
12,4203,250,123.74137115478516,0.49496549367904663,8.244937896728516,0.050000011920928955,1050750
12,4204,250,49.891788482666016,0.19956715404987335,7.925541400909424,0.050000011920928955,1051000
12,4205,250,42.58347702026367,0.17033390700817108,8.325078010559082,0.050000011920928955,1051250
12,4206,250,40.15907287597656,0.1606362909078598,7.990283012390137,0.050000011920928955,1051500
12,4207,250,40.90729904174805,0.1636291891336441,7.72158670425415,0.050000011920928955,1051750
12,4208,250,192.4398956298828,0.7697595953941345,7.645025730133057,0.050000011920928955,1052000
12,4209,250,44.033363342285156,0.17613345384597778,7.846615314483643,0.050000011920928955,1052250
12,4210,250,169.6260986328125,0.6785044074058533,7.25246000289917,0.050000011920928955,1052500
12,4211,250,44.842716217041016,0.17937086522579193,7.211133003234863,0.050000011920928955,1052750
12,4212,250,122.35102081298828,0.4894040822982788,7.226827144622803,0.050000011920928955,1053000
12,4213,250,29.16977310180664,0.11667909473180771,7.712428569793701,0.050000011920928955,1053250
12,4214,250,10.769014358520508,0.043076056987047195,7.221546173095703,0.050000011920928955,1053500
12,4215,250,74.17497253417969,0.2966998815536499,7.038424491882324,0.050000011920928955,1053750
12,4216,250,-60.86751174926758,-0.24347004294395447,6.997467517852783,0.050000011920928955,1054000
12,4217,250,45.51393127441406,0.18205572664737701,7.774023056030273,0.050000011920928955,1054250
12,4218,250,59.80146789550781,0.23920586705207825,7.460359573364258,0.050000011920928955,1054500
12,4219,250,4.915914535522461,0.019663657993078232,7.257742881774902,0.050000011920928955,1054750
12,4220,250,49.34392166137695,0.19737568497657776,7.532426357269287,0.050000011920928955,1055000
12,4221,250,72.52662658691406,0.29010650515556335,7.633919715881348,0.050000011920928955,1055250
12,4222,250,111.7123031616211,0.4468492269515991,7.371502876281738,0.050000011920928955,1055500
12,4223,250,117.54798126220703,0.47019192576408386,6.91684103012085,0.050000011920928955,1055750
12,4224,250,207.79287719726562,0.8311715126037598,7.014716148376465,0.050000011920928955,1056000
12,4225,250,111.09745025634766,0.44438979029655457,7.613113880157471,0.050000011920928955,1056250
12,4226,250,117.64217376708984,0.4705686867237091,6.822971820831299,0.050000011920928955,1056500
12,4227,250,125.45328521728516,0.5018131136894226,6.749063968658447,0.050000011920928955,1056750
12,4228,250,148.65411376953125,0.5946164727210999,6.543529510498047,0.050000011920928955,1057000
12,4229,250,161.10140991210938,0.6444056630134583,7.134944915771484,0.050000011920928955,1057250
12,4230,250,144.30160522460938,0.5772064328193665,6.8631367683410645,0.050000011920928955,1057500
12,4231,250,-46.776851654052734,-0.1871074140071869,6.646374702453613,0.050000011920928955,1057750
12,4232,250,183.0766143798828,0.7323064804077148,6.823517799377441,0.050000011920928955,1058000
12,4233,250,168.3876953125,0.6735507845878601,7.38994836807251,0.050000011920928955,1058250
12,4234,250,130.33779907226562,0.5213512182235718,7.26353645324707,0.050000011920928955,1058500
12,4235,250,74.17868041992188,0.296714723110199,6.853706359863281,0.050000011920928955,1058750
12,4236,250,185.1827850341797,0.7407311201095581,6.723824501037598,0.050000011920928955,1059000
12,4237,250,-51.20467758178711,-0.2048187106847763,7.302335262298584,0.050000011920928955,1059250
12,4238,250,-56.60542678833008,-0.22642171382904053,6.757261276245117,0.050000011920928955,1059500
12,4239,250,-52.83769607543945,-0.21135078370571136,6.85595178604126,0.050000011920928955,1059750
12,4240,250,191.16592407226562,0.7646636962890625,6.740145683288574,0.050000011920928955,1060000
12,4241,250,377.3241271972656,1.5092965364456177,7.378853797912598,0.050000011920928955,1060250
12,4242,250,159.7313995361328,0.6389256119728088,6.6717305183410645,0.050000011920928955,1060500
12,4243,250,192.43055725097656,0.7697222232818604,6.941490650177002,0.050000011920928955,1060750
12,4244,250,-53.716129302978516,-0.21486452221870422,6.797719955444336,0.050000011920928955,1061000
12,4245,250,670.8952026367188,2.6835808753967285,7.308440685272217,0.050000011920928955,1061250
12,4246,250,855.2100830078125,3.420840263366699,6.9308624267578125,0.050000011920928955,1061500
12,4247,250,20.869888305664062,0.08347955346107483,6.583765029907227,0.050000011920928955,1061750
12,4248,250,279.9901428222656,1.1199605464935303,6.394457817077637,0.050000011920928955,1062000
12,4249,250,103.16177368164062,0.4126470983028412,7.2612409591674805,0.050000011920928955,1062250
12,4250,250,-26.17035484313965,-0.10468141734600067,6.988337516784668,0.050000011920928955,1062500
12,4251,250,74.0636978149414,0.2962547838687897,6.7478766441345215,0.050000011920928955,1062750
12,4252,250,71.40895080566406,0.2856357991695404,6.895641803741455,0.050000011920928955,1063000
12,4253,250,-35.9437370300293,-0.14377494156360626,7.263698101043701,0.050000011920928955,1063250
12,4254,250,-51.01173782348633,-0.20404694974422455,7.088821887969971,0.050000011920928955,1063500
12,4255,250,-48.80283737182617,-0.19521135091781616,6.702119827270508,0.050000011920928955,1063750
12,4256,250,-16.474946975708008,-0.0658997893333435,6.820517539978027,0.050000011920928955,1064000
12,4257,250,408.95391845703125,1.6358156204223633,7.582544803619385,0.050000011920928955,1064250
12,4258,250,689.660400390625,2.7586417198181152,7.184484958648682,0.050000011920928955,1064500
12,4259,250,-12.304977416992188,-0.04921991005539894,6.851406574249268,0.050000011920928955,1064750
12,4260,250,84.77519989013672,0.33910080790519714,6.771126747131348,0.050000011920928955,1065000
12,4261,250,518.5260620117188,2.0741043090820312,7.789721488952637,0.050000011920928955,1065250
12,4262,250,-75.39665985107422,-0.3015866279602051,7.445279598236084,0.050000011920928955,1065500
12,4263,250,578.2555541992188,2.3130221366882324,7.306942462921143,0.050000011920928955,1065750
12,4264,250,-26.68794059753418,-0.10675176233053207,7.261171817779541,0.050000011920928955,1066000
12,4265,250,-73.00747680664062,-0.2920299172401428,7.498451232910156,0.050000011920928955,1066250
12,4266,250,-7.906357765197754,-0.03162543103098869,7.240719318389893,0.050000011920928955,1066500
12,4267,250,-36.741580963134766,-0.14696632325649261,7.357381820678711,0.050000011920928955,1066750
12,4268,250,369.8739318847656,1.4794957637786865,7.152794361114502,0.050000011920928955,1067000
12,4269,250,648.3439331054688,2.5933756828308105,7.644132137298584,0.050000011920928955,1067250
12,4270,250,-67.95649719238281,-0.27182599902153015,7.636776447296143,0.050000011920928955,1067500
12,4271,250,-58.04305648803711,-0.23217222094535828,7.247142314910889,0.050000011920928955,1067750
12,4272,250,-94.28630828857422,-0.3771452307701111,7.444320201873779,0.050000011920928955,1068000
12,4273,250,51.90617370605469,0.20762468874454498,7.76800537109375,0.050000011920928955,1068250
12,4274,250,-66.55476379394531,-0.26621904969215393,7.623081684112549,0.050000011920928955,1068500
12,4275,250,-89.5864028930664,-0.3583455979824066,7.460987567901611,0.050000011920928955,1068750
12,4276,250,-29.31563949584961,-0.11726255714893341,7.214761734008789,0.050000011920928955,1069000
12,4277,250,-67.34918212890625,-0.26939672231674194,7.77019739151001,0.050000011920928955,1069250
12,4278,250,-47.06124496459961,-0.1882449835538864,7.552906513214111,0.050000011920928955,1069500
12,4279,250,-42.85454559326172,-0.1714181751012802,7.211592197418213,0.050000011920928955,1069750
12,4280,250,-25.707773208618164,-0.10283109545707703,6.9662981033325195,0.050000011920928955,1070000
12,4281,250,-51.088531494140625,-0.20435412228107452,7.670187950134277,0.050000011920928955,1070250
12,4282,250,-47.84190368652344,-0.19136761128902435,7.311059951782227,0.050000011920928955,1070500
12,4283,250,-34.85441589355469,-0.13941766321659088,7.118391513824463,0.050000011920928955,1070750
12,4284,250,-48.25138854980469,-0.1930055469274521,6.9816389083862305,0.050000011920928955,1071000
12,4285,250,-39.8204345703125,-0.15928174555301666,7.5401506423950195,0.050000011920928955,1071250
12,4286,250,-82.2795181274414,-0.3291180729866028,6.616303443908691,0.050000011920928955,1071500
12,4287,250,-80.41022491455078,-0.32164090871810913,6.829776287078857,0.050000011920928955,1071750
12,4288,250,-74.82566833496094,-0.2993026673793793,6.950138568878174,0.050000011920928955,1072000
12,4289,250,-68.5409164428711,-0.2741636633872986,7.383909702301025,0.050000011920928955,1072250
12,4290,250,-69.43497467041016,-0.27773991227149963,6.7789082527160645,0.050000011920928955,1072500
12,4291,250,-71.00224304199219,-0.2840089797973633,6.491570949554443,0.050000011920928955,1072750
12,4292,250,-65.09288024902344,-0.26037150621414185,6.437900066375732,0.050000011920928955,1073000
12,4293,250,-58.59511184692383,-0.23438045382499695,7.137180328369141,0.050000011920928955,1073250
12,4294,250,-82.57638549804688,-0.3303055465221405,6.905948162078857,0.050000011920928955,1073500
12,4295,250,-60.68227767944336,-0.24272911250591278,6.718000411987305,0.050000011920928955,1073750
12,4296,250,-65.53514099121094,-0.26214057207107544,6.289078235626221,0.050000011920928955,1074000
12,4297,250,-47.02638244628906,-0.1881055235862732,6.776287078857422,0.050000011920928955,1074250
12,4298,250,-60.56433868408203,-0.24225735664367676,6.3052849769592285,0.050000011920928955,1074500
12,4299,250,-93.34276580810547,-0.37337106466293335,6.454527854919434,0.050000011920928955,1074750
12,4300,250,-42.62824249267578,-0.17051297426223755,6.2935285568237305,0.050000011920928955,1075000
12,4301,250,-52.84238815307617,-0.2113695591688156,6.801422119140625,0.050000011920928955,1075250
12,4302,250,-186.86224365234375,-0.7474489808082581,6.235342025756836,0.050000011920928955,1075500
12,4303,250,-63.0910530090332,-0.25236421823501587,6.327795028686523,0.050000011920928955,1075750
12,4304,250,-50.85452651977539,-0.20341810584068298,5.982986927032471,0.050000011920928955,1076000
12,4305,250,-56.519004821777344,-0.22607602179050446,6.369889259338379,0.050000011920928955,1076250
12,4306,250,-53.79140853881836,-0.2151656299829483,6.134110927581787,0.050000011920928955,1076500
12,4307,250,-32.84129333496094,-0.13136518001556396,5.988008975982666,0.050000011920928955,1076750
12,4308,250,-56.75362014770508,-0.2270144820213318,6.008040428161621,0.050000011920928955,1077000
12,4309,250,-43.05237579345703,-0.1722095012664795,6.048401832580566,0.050000011920928955,1077250
12,4310,250,-53.689697265625,-0.21475878357887268,5.728646278381348,0.050000011920928955,1077500
12,4311,250,-40.37371063232422,-0.16149483621120453,5.793596267700195,0.050000011920928955,1077750
12,4312,250,-57.997371673583984,-0.23198948800563812,5.552933692932129,0.050000011920928955,1078000
12,4313,250,40.09627151489258,0.16038508713245392,5.914858818054199,0.050000011920928955,1078250
12,4314,250,-51.28660202026367,-0.2051464021205902,5.995776653289795,0.050000011920928955,1078500
12,4315,250,-20.56121826171875,-0.082244873046875,5.865420818328857,0.050000011920928955,1078750
12,4316,250,-43.52059555053711,-0.17408238351345062,5.767822265625,0.050000011920928955,1079000
12,4317,250,-61.78658676147461,-0.2471463531255722,6.031067371368408,0.050000011920928955,1079250
12,4318,250,-63.84563064575195,-0.2553825080394745,5.902338981628418,0.050000011920928955,1079500
12,4319,250,-24.5655517578125,-0.09826220571994781,5.969278335571289,0.050000011920928955,1079750
12,4320,250,-30.89893913269043,-0.12359575927257538,5.701267242431641,0.050000011920928955,1080000
12,4321,250,-50.21749496459961,-0.20086997747421265,5.881277084350586,0.050000011920928955,1080250
12,4322,250,-51.33005142211914,-0.20532020926475525,5.887402057647705,0.050000011920928955,1080500
12,4323,250,-69.06136322021484,-0.27624544501304626,5.840559005737305,0.050000011920928955,1080750
12,4324,250,-85.61225128173828,-0.34244900941848755,5.803650379180908,0.050000011920928955,1081000
12,4325,250,-42.587337493896484,-0.1703493446111679,5.707407474517822,0.050000011920928955,1081250
12,4326,250,-60.497188568115234,-0.24198874831199646,5.49369478225708,0.050000011920928955,1081500
12,4327,250,-11.570137023925781,-0.046280547976493835,5.4133195877075195,0.050000011920928955,1081750
12,4328,250,-44.81516647338867,-0.17926067113876343,5.469761848449707,0.050000011920928955,1082000
12,4329,250,-31.74030113220215,-0.12696120142936707,5.548330307006836,0.050000011920928955,1082250
12,4330,250,-68.70379638671875,-0.274815171957016,5.41585111618042,0.050000011920928955,1082500
12,4331,250,-27.398618698120117,-0.10959447175264359,5.231578826904297,0.050000011920928955,1082750
12,4332,250,-24.12667465209961,-0.09650669991970062,5.444302558898926,0.050000011920928955,1083000
12,4333,250,-17.52383804321289,-0.07009535282850266,5.623368263244629,0.050000011920928955,1083250
12,4334,250,-14.117920875549316,-0.05647168308496475,5.415476322174072,0.050000011920928955,1083500
12,4335,250,-11.810734748840332,-0.047242939472198486,5.246804237365723,0.050000011920928955,1083750
12,4336,250,-51.08892822265625,-0.20435571670532227,5.194772720336914,0.050000011920928955,1084000
12,4337,250,-69.53155517578125,-0.27812620997428894,5.710403919219971,0.050000011920928955,1084250
12,4338,250,-21.14174461364746,-0.08456698060035706,5.445132732391357,0.050000011920928955,1084500
12,4339,250,312.68145751953125,1.2507258653640747,5.486642360687256,0.050000011920928955,1084750
12,4340,250,-19.548171997070312,-0.07819268852472305,5.5664753913879395,0.050000011920928955,1085000
12,4341,250,-30.613380432128906,-0.12245351821184158,5.69533109664917,0.050000011920928955,1085250
12,4342,250,-59.9167366027832,-0.23966695368289948,5.516048908233643,0.050000011920928955,1085500
12,4343,250,-44.250057220458984,-0.1770002245903015,5.709255218505859,0.050000011920928955,1085750
12,4344,250,-30.5007381439209,-0.12200295180082321,5.451512813568115,0.050000011920928955,1086000
12,4345,250,-42.24873352050781,-0.1689949333667755,6.312681674957275,0.050000011920928955,1086250
12,4346,250,-30.39927864074707,-0.12159711122512817,5.903270244598389,0.050000011920928955,1086500
12,4347,250,-36.315155029296875,-0.14526061713695526,6.197784423828125,0.050000011920928955,1086750
12,4348,250,-30.191537857055664,-0.12076614797115326,6.0257673263549805,0.050000011920928955,1087000
12,4349,250,-50.05221939086914,-0.2002088725566864,5.997696399688721,0.050000011920928955,1087250
12,4350,250,-24.40951156616211,-0.09763804823160172,5.623922824859619,0.050000011920928955,1087500
12,4351,250,-1.2955479621887207,-0.005182191729545593,5.447131156921387,0.050000011920928955,1087750
12,4352,250,-46.27055358886719,-0.18508221209049225,5.605630397796631,0.050000011920928955,1088000
12,4353,250,-42.640098571777344,-0.17056038975715637,5.719583034515381,0.050000011920928955,1088250
12,4354,250,-25.659589767456055,-0.1026383563876152,5.732591152191162,0.050000011920928955,1088500
12,4355,250,11.829463958740234,0.047317855060100555,5.967822551727295,0.050000011920928955,1088750
12,4356,250,-36.59605026245117,-0.14638419449329376,5.760628700256348,0.050000011920928955,1089000
12,4357,250,13.673389434814453,0.0546935573220253,5.887095928192139,0.050000011920928955,1089250
12,4358,250,-16.31932258605957,-0.06527729332447052,5.710214614868164,0.050000011920928955,1089500
12,4359,250,3.457158088684082,0.013828632421791553,5.657153129577637,0.050000011920928955,1089750
12,4360,250,-0.5164333581924438,-0.002065733540803194,5.64348840713501,0.050000011920928955,1090000
12,4361,250,11.16974925994873,0.04467899724841118,5.929903030395508,0.050000011920928955,1090250
12,4362,250,27.52190589904785,0.11008762568235397,5.572168350219727,0.050000011920928955,1090500
12,4363,250,61.326725006103516,0.24530689418315887,5.693225383758545,0.050000011920928955,1090750
12,4364,250,28.3706111907959,0.11348244547843933,5.330503940582275,0.050000011920928955,1091000
12,4365,250,30.300840377807617,0.12120336294174194,6.227259159088135,0.050000011920928955,1091250
12,4366,250,115.66485595703125,0.46265941858291626,5.987667083740234,0.050000011920928955,1091500
12,4367,250,34.085269927978516,0.13634108006954193,5.953683853149414,0.050000011920928955,1091750
12,4368,250,-15.023695945739746,-0.06009478494524956,6.072659015655518,0.050000011920928955,1092000
12,4369,250,65.96308135986328,0.2638523280620575,6.068914890289307,0.050000011920928955,1092250
12,4370,250,22.421836853027344,0.08968734741210938,6.101385593414307,0.050000011920928955,1092500
12,4371,250,-19.703920364379883,-0.07881568372249603,5.955227851867676,0.050000011920928955,1092750
12,4372,250,-11.104681968688965,-0.04441872611641884,6.105960845947266,0.050000011920928955,1093000
12,4373,250,103.74429321289062,0.41497716307640076,6.419017791748047,0.050000011920928955,1093250
12,4374,250,75.36673736572266,0.3014669418334961,6.117079257965088,0.050000011920928955,1093500
12,4375,250,30.731985092163086,0.1229279413819313,6.190197467803955,0.050000011920928955,1093750
12,4376,250,43.84136199951172,0.17536544799804688,5.905141353607178,0.050000011920928955,1094000
12,4377,250,108.1175308227539,0.4324701130390167,6.365866184234619,0.050000011920928955,1094250
12,4378,250,208.14321899414062,0.832572877407074,6.381839275360107,0.050000011920928955,1094500
12,4379,250,26.671072006225586,0.10668428987264633,5.98673677444458,0.050000011920928955,1094750
12,4380,250,35.94540023803711,0.1437816023826599,6.093051433563232,0.050000011920928955,1095000
12,4381,250,20.82194709777832,0.0832877904176712,6.651552677154541,0.050000011920928955,1095250
12,4382,250,15.308466911315918,0.06123386695981026,6.531651020050049,0.050000011920928955,1095500
12,4383,250,91.22348022460938,0.36489391326904297,6.254649639129639,0.050000011920928955,1095750
12,4384,250,23.19298553466797,0.09277193993330002,6.249692916870117,0.050000011920928955,1096000
12,4385,250,-7.814725399017334,-0.031258903443813324,6.73810338973999,0.050000011920928955,1096250
12,4386,250,71.1244125366211,0.2844976484775543,6.5837178230285645,0.050000011920928955,1096500
12,4387,250,14.440108299255371,0.05776043236255646,6.09108829498291,0.050000011920928955,1096750
12,4388,250,7.988086223602295,0.03195234388113022,6.16322135925293,0.050000011920928955,1097000
12,4389,250,111.7080078125,0.4468320310115814,6.531247138977051,0.050000011920928955,1097250
12,4390,250,-44.152496337890625,-0.17660997807979584,6.1150407791137695,0.050000011920928955,1097500
12,4391,250,109.25810241699219,0.43703240156173706,6.0925421714782715,0.050000011920928955,1097750
12,4392,250,-4.181265830993652,-0.01672506332397461,6.0262322425842285,0.050000011920928955,1098000
12,4393,250,124.85820007324219,0.4994328022003174,6.414504528045654,0.050000011920928955,1098250
12,4394,250,130.33453369140625,0.5213381052017212,6.21775484085083,0.050000011920928955,1098500
12,4395,250,-37.48231506347656,-0.1499292552471161,6.199889183044434,0.050000011920928955,1098750
12,4396,250,161.90931701660156,0.6476372480392456,6.0250244140625,0.050000011920928955,1099000
12,4397,250,67.21307373046875,0.2688522934913635,6.607064723968506,0.050000011920928955,1099250
12,4398,250,94.38835144042969,0.37755340337753296,6.480692386627197,0.050000011920928955,1099500
12,4399,250,-52.86872482299805,-0.21147489547729492,6.099858283996582,0.050000011920928955,1099750
12,4400,250,-89.94551086425781,-0.35978204011917114,6.109511852264404,0.050000011920928955,1100000
12,4401,250,41.18482971191406,0.16473932564258575,6.369883060455322,0.050000011920928955,1100250
12,4402,250,78.49712371826172,0.31398850679397583,6.41280460357666,0.050000011920928955,1100500
12,4403,250,134.40817260742188,0.5376327037811279,5.966940879821777,0.050000011920928955,1100750
12,4404,250,9.969001770019531,0.03987600654363632,6.040677070617676,0.050000011920928955,1101000
12,4405,250,113.0624771118164,0.4522499144077301,6.199889183044434,0.050000011920928955,1101250
12,4406,250,151.70021057128906,0.6068008542060852,6.2227783203125,0.050000011920928955,1101500
12,4407,250,118.95973205566406,0.47583892941474915,5.8625311851501465,0.050000011920928955,1101750
12,4408,250,18.745208740234375,0.07498083263635635,5.734935283660889,0.050000011920928955,1102000
12,4409,250,107.54142761230469,0.43016570806503296,6.09495210647583,0.050000011920928955,1102250
12,4410,250,147.14981079101562,0.5885992646217346,5.640971660614014,0.050000011920928955,1102500
12,4411,250,96.41035461425781,0.3856414258480072,5.554105281829834,0.050000011920928955,1102750
12,4412,250,123.81261444091797,0.4952504634857178,5.479015350341797,0.050000011920928955,1103000
12,4413,250,144.9003448486328,0.5796014070510864,5.941227912902832,0.050000011920928955,1103250
12,4414,250,247.39576721191406,0.9895830750465393,5.808721542358398,0.050000011920928955,1103500
12,4415,250,64.3415756225586,0.2573662996292114,5.3488054275512695,0.050000011920928955,1103750
12,4416,250,104.75897216796875,0.4190358817577362,5.494986534118652,0.050000011920928955,1104000
12,4417,250,113.98413848876953,0.4559365510940552,5.9013352394104,0.050000011920928955,1104250
12,4418,250,96.7100830078125,0.3868403434753418,5.620065212249756,0.050000011920928955,1104500
12,4419,250,234.68887329101562,0.9387555122375488,5.6027750968933105,0.050000011920928955,1104750
12,4420,250,284.94464111328125,1.1397786140441895,5.567235946655273,0.050000011920928955,1105000
12,4421,250,261.7789306640625,1.047115683555603,5.720264911651611,0.050000011920928955,1105250
12,4422,250,266.6980895996094,1.066792368888855,5.674901485443115,0.050000011920928955,1105500
12,4423,250,274.12152099609375,1.0964860916137695,5.752392768859863,0.050000011920928955,1105750
12,4424,250,126.97726440429688,0.5079090595245361,5.6033782958984375,0.050000011920928955,1106000
12,4425,250,138.34124755859375,0.5533649921417236,5.757167816162109,0.050000011920928955,1106250
12,4426,250,204.7672882080078,0.8190691471099854,5.812206745147705,0.050000011920928955,1106500
12,4427,250,168.90682983398438,0.6756272912025452,5.682343006134033,0.050000011920928955,1106750
12,4428,250,224.91058349609375,0.8996423482894897,5.4822845458984375,0.050000011920928955,1107000
12,4429,250,-1.1729686260223389,-0.004691874608397484,5.897322654724121,0.050000011920928955,1107250
12,4430,250,211.20167541503906,0.8448067307472229,5.710774898529053,0.050000011920928955,1107500
12,4431,250,3.6249406337738037,0.01449976209551096,5.833220958709717,0.050000011920928955,1107750
12,4432,250,-1.1834936141967773,-0.004733974579721689,5.335705280303955,0.050000011920928955,1108000
12,4433,250,133.7910919189453,0.5351643562316895,6.058237552642822,0.050000011920928955,1108250
12,4434,250,157.4433135986328,0.6297732591629028,5.859663009643555,0.050000011920928955,1108500
12,4435,250,52.252464294433594,0.20900985598564148,5.604423522949219,0.050000011920928955,1108750
12,4436,250,48.50728988647461,0.19402915239334106,5.4610748291015625,0.050000011920928955,1109000
12,4437,250,125.4827651977539,0.5019310712814331,6.037475109100342,0.050000011920928955,1109250
12,4438,250,184.68307495117188,0.7387322783470154,5.958045482635498,0.050000011920928955,1109500
12,4439,250,176.1959228515625,0.7047836780548096,5.766211032867432,0.050000011920928955,1109750
12,4440,250,168.06581115722656,0.6722632646560669,5.730410099029541,0.050000011920928955,1110000
12,4441,250,92.86648559570312,0.3714659512042999,6.3347344398498535,0.050000011920928955,1110250
12,4442,250,161.29165649414062,0.6451666355133057,6.198364734649658,0.050000011920928955,1110500
12,4443,250,57.92717361450195,0.23170869052410126,5.872645854949951,0.050000011920928955,1110750
12,4444,250,147.34237670898438,0.589369535446167,6.086832523345947,0.050000011920928955,1111000
12,4445,250,179.14845275878906,0.7165938019752502,6.748100280761719,0.050000011920928955,1111250
12,4446,250,426.88348388671875,1.7075339555740356,6.375303745269775,0.050000011920928955,1111500
12,4447,250,155.7988739013672,0.623195469379425,6.241408348083496,0.050000011920928955,1111750
12,4448,250,20.205554962158203,0.08082222193479538,5.912489414215088,0.050000011920928955,1112000
12,4449,250,118.55194091796875,0.4742077589035034,6.960094928741455,0.050000011920928955,1112250
12,4450,250,-12.231121063232422,-0.048924483358860016,6.536125659942627,0.050000011920928955,1112500
12,4451,250,90.92081451416016,0.3636832535266876,6.692070484161377,0.050000011920928955,1112750
12,4452,250,188.9042510986328,0.7556170225143433,6.271145820617676,0.050000011920928955,1113000
12,4453,250,328.5316162109375,1.3141264915466309,6.809807300567627,0.050000011920928955,1113250
12,4454,250,181.0540771484375,0.7242162823677063,6.906770706176758,0.050000011920928955,1113500
12,4455,250,-39.704288482666016,-0.15881715714931488,6.751196384429932,0.050000011920928955,1113750
12,4456,250,419.3938293457031,1.6775753498077393,6.710085391998291,0.050000011920928955,1114000
12,4457,250,420.4422607421875,1.6817690134048462,6.952661991119385,0.050000011920928955,1114250
12,4458,250,98.96224975585938,0.39584898948669434,7.268380641937256,0.050000011920928955,1114500
12,4459,250,105.84302520751953,0.4233720898628235,6.831563472747803,0.050000011920928955,1114750
12,4460,250,226.83358764648438,0.9073343276977539,6.922802925109863,0.050000011920928955,1115000
12,4461,250,390.0484619140625,1.5601938962936401,7.56075382232666,0.050000011920928955,1115250
12,4462,250,-21.251283645629883,-0.08500513434410095,7.1969828605651855,0.050000011920928955,1115500
12,4463,250,-30.699844360351562,-0.12279937416315079,7.520562171936035,0.050000011920928955,1115750
12,4464,250,-102.927001953125,-0.4117079973220825,7.209116458892822,0.050000011920928955,1116000
12,4465,250,435.2751770019531,1.7411006689071655,8.149224281311035,0.050000011920928955,1116250
12,4466,250,-10.92249870300293,-0.043689996004104614,7.508227348327637,0.050000011920928955,1116500
12,4467,250,-72.59892272949219,-0.29039567708969116,7.8108439445495605,0.050000011920928955,1116750
12,4468,250,243.7828369140625,0.9751313328742981,7.786593914031982,0.050000011920928955,1117000
12,4469,250,-36.102474212646484,-0.1444098949432373,8.000462532043457,0.050000011920928955,1117250
12,4470,250,132.86509704589844,0.5314604043960571,7.714388370513916,0.050000011920928955,1117500
12,4471,250,-35.437801361083984,-0.14175119996070862,7.532957077026367,0.050000011920928955,1117750
12,4472,250,-72.0381851196289,-0.2881527543067932,7.316718101501465,0.050000011920928955,1118000
12,4473,250,52.160125732421875,0.20864050090312958,8.124024391174316,0.050000011920928955,1118250
12,4474,250,21.811853408813477,0.08724741637706757,7.526195526123047,0.050000011920928955,1118500
12,4475,250,2.8229269981384277,0.01129170786589384,7.748058319091797,0.050000011920928955,1118750
12,4476,250,74.97852325439453,0.29991409182548523,7.53837251663208,0.050000011920928955,1119000
12,4477,250,-29.92791748046875,-0.11971166729927063,8.187724113464355,0.050000011920928955,1119250
12,4478,250,5.81014347076416,0.023240573704242706,7.970826148986816,0.050000011920928955,1119500
12,4479,250,43.52475357055664,0.17409901320934296,7.552063465118408,0.050000011920928955,1119750
12,4480,250,9.701543807983398,0.03880617395043373,7.946308135986328,0.050000011920928955,1120000
12,4481,250,36.62950897216797,0.1465180367231369,7.959150314331055,0.050000011920928955,1120250
12,4482,250,-16.43136215209961,-0.06572544574737549,7.632180690765381,0.050000011920928955,1120500
12,4483,250,33.16851806640625,0.13267406821250916,7.396806716918945,0.050000011920928955,1120750
12,4484,250,15.48217487335205,0.061928700655698776,7.338259220123291,0.050000011920928955,1121000
12,4485,250,-129.80271911621094,-0.5192108750343323,8.043920516967773,0.050000011920928955,1121250
12,4486,250,-121.07177734375,-0.4842871129512787,7.584687232971191,0.050000011920928955,1121500
12,4487,250,-127.54016876220703,-0.5101606845855713,7.523580551147461,0.050000011920928955,1121750
12,4488,250,27.121925354003906,0.10848770290613174,7.455821514129639,0.050000011920928955,1122000
12,4489,250,53.96649932861328,0.21586599946022034,8.056778907775879,0.050000011920928955,1122250
12,4490,250,-2.166029691696167,-0.008664119057357311,7.689815521240234,0.050000011920928955,1122500
12,4491,250,-136.30682373046875,-0.5452272891998291,7.870556831359863,0.050000011920928955,1122750
12,4492,250,-151.96780395507812,-0.6078712344169617,7.418824672698975,0.050000011920928955,1123000
12,4493,250,-175.72792053222656,-0.7029116749763489,7.621206283569336,0.050000011920928955,1123250
12,4494,250,-16.499574661254883,-0.06599830090999603,7.71180534362793,0.050000011920928955,1123500
12,4495,250,-152.1322784423828,-0.6085290908813477,7.177447319030762,0.050000011920928955,1123750
12,4496,250,-94.93573760986328,-0.37974295020103455,7.294785499572754,0.050000011920928955,1124000
12,4497,250,-95.52995300292969,-0.3821198046207428,7.884733200073242,0.050000011920928955,1124250
12,4498,250,-55.34312057495117,-0.22137248516082764,7.394546985626221,0.050000011920928955,1124500
12,4499,250,-159.32742309570312,-0.6373096704483032,7.243422985076904,0.050000011920928955,1124750
12,4500,250,-116.37406921386719,-0.4654962718486786,7.158123970031738,0.050000011920928955,1125000
12,4501,250,-190.81472778320312,-0.7632589340209961,7.546762943267822,0.050000011920928955,1125250
12,4502,250,-123.16838836669922,-0.4926735460758209,7.381721019744873,0.050000011920928955,1125500
12,4503,250,-24.675029754638672,-0.09870012104511261,7.346285343170166,0.050000011920928955,1125750
12,4504,250,-153.21066284179688,-0.6128426790237427,6.954829216003418,0.050000011920928955,1126000
12,4505,250,-190.7280731201172,-0.7629122734069824,7.291152477264404,0.050000011920928955,1126250
12,4506,250,-136.00624084472656,-0.5440249443054199,7.32090425491333,0.050000011920928955,1126500
12,4507,250,-163.4925079345703,-0.6539700031280518,7.088724613189697,0.050000011920928955,1126750
12,4508,250,-135.31448364257812,-0.541257917881012,6.648110866546631,0.050000011920928955,1127000
12,4509,250,-137.28236389160156,-0.5491294264793396,7.201699733734131,0.050000011920928955,1127250
12,4510,250,-163.95835876464844,-0.6558334231376648,7.022307872772217,0.050000011920928955,1127500
12,4511,250,-103.46297454833984,-0.41385188698768616,6.808034420013428,0.050000011920928955,1127750
12,4512,250,-114.56658935546875,-0.45826634764671326,6.6877360343933105,0.050000011920928955,1128000
12,4513,250,-149.9164581298828,-0.5996658205986023,7.20158052444458,0.050000011920928955,1128250
12,4514,250,-169.41204833984375,-0.6776481866836548,7.0956902503967285,0.050000011920928955,1128500
12,4515,250,-126.62064361572266,-0.5064826011657715,6.61737585067749,0.050000011920928955,1128750
12,4516,250,-120.37956237792969,-0.4815182387828827,6.718686580657959,0.050000011920928955,1129000
12,4517,250,-122.2842025756836,-0.48913681507110596,6.736746788024902,0.050000011920928955,1129250
12,4518,250,-164.23834228515625,-0.6569533944129944,6.292878150939941,0.050000011920928955,1129500
12,4519,250,-154.6884307861328,-0.6187537312507629,6.561830043792725,0.050000011920928955,1129750
12,4520,250,-121.32994842529297,-0.4853197932243347,6.486914157867432,0.050000011920928955,1130000
12,4521,250,-165.0081329345703,-0.6600325107574463,6.694413185119629,0.050000011920928955,1130250
12,4522,250,-174.31399536132812,-0.6972559690475464,6.550925254821777,0.050000011920928955,1130500
12,4523,250,-176.52427673339844,-0.7060971260070801,6.32125997543335,0.050000011920928955,1130750
12,4524,250,-146.50277709960938,-0.5860111117362976,6.157691478729248,0.050000011920928955,1131000
12,4525,250,-157.08074951171875,-0.6283230185508728,6.466066360473633,0.050000011920928955,1131250
12,4526,250,-146.0444793701172,-0.5841779112815857,6.110442161560059,0.050000011920928955,1131500
12,4527,250,-49.71615982055664,-0.1988646388053894,6.075164794921875,0.050000011920928955,1131750
12,4528,250,-118.9220199584961,-0.47568807005882263,5.996004581451416,0.050000011920928955,1132000
12,4529,250,-122.83856964111328,-0.4913542866706848,6.742433547973633,0.050000011920928955,1132250
12,4530,250,-152.9479522705078,-0.6117917895317078,6.348209857940674,0.050000011920928955,1132500
12,4531,250,-202.92027282714844,-0.8116810917854309,6.148392200469971,0.050000011920928955,1132750
12,4532,250,-34.35350799560547,-0.13741403818130493,5.84988260269165,0.050000011920928955,1133000
12,4533,250,-153.08700561523438,-0.6123480200767517,6.604329586029053,0.050000011920928955,1133250
12,4534,250,-204.97459411621094,-0.8198983669281006,6.275781154632568,0.050000011920928955,1133500
12,4535,250,-116.32881927490234,-0.4653152823448181,6.098530292510986,0.050000011920928955,1133750
12,4536,250,-125.3873062133789,-0.501549243927002,5.818947792053223,0.050000011920928955,1134000
12,4537,250,-106.11896514892578,-0.42447584867477417,6.452432155609131,0.050000011920928955,1134250
12,4538,250,-138.93072509765625,-0.5557228922843933,6.174314022064209,0.050000011920928955,1134500
12,4539,250,-108.99401092529297,-0.4359760582447052,5.913398742675781,0.050000011920928955,1134750
12,4540,250,-89.51524353027344,-0.3580609858036041,5.876774311065674,0.050000011920928955,1135000
12,4541,250,-130.51458740234375,-0.522058367729187,6.334942817687988,0.050000011920928955,1135250
12,4542,250,-125.695068359375,-0.5027802586555481,6.038869857788086,0.050000011920928955,1135500
12,4543,250,-108.27794647216797,-0.4331117868423462,5.846995830535889,0.050000011920928955,1135750
12,4544,250,-104.61962127685547,-0.41847848892211914,5.746866226196289,0.050000011920928955,1136000
12,4545,250,-89.37976837158203,-0.3575190603733063,5.989089012145996,0.050000011920928955,1136250
12,4546,250,-99.94376373291016,-0.39977505803108215,5.634325981140137,0.050000011920928955,1136500
12,4547,250,-114.15106964111328,-0.4566042721271515,5.519940376281738,0.050000011920928955,1136750
12,4548,250,-87.8469009399414,-0.3513875901699066,5.371066570281982,0.050000011920928955,1137000
12,4549,250,-88.39958953857422,-0.35359835624694824,5.975944995880127,0.050000011920928955,1137250
12,4550,250,-93.01815032958984,-0.37207260727882385,5.549278736114502,0.050000011920928955,1137500
12,4551,250,-96.09014892578125,-0.38436058163642883,5.346277713775635,0.050000011920928955,1137750
12,4552,250,-68.5389633178711,-0.274155855178833,5.277040481567383,0.050000011920928955,1138000
12,4553,250,-40.145816802978516,-0.1605832725763321,5.552709102630615,0.050000011920928955,1138250
12,4554,250,5.020875930786133,0.020083503797650337,5.334636211395264,0.050000011920928955,1138500
12,4555,250,-89.85398864746094,-0.3594159483909607,5.095269680023193,0.050000011920928955,1138750
12,4556,250,-35.26994705200195,-0.14107978343963623,4.947147846221924,0.050000011920928955,1139000
12,4557,250,-107.17374420166016,-0.4286949634552002,5.625066757202148,0.050000011920928955,1139250
12,4558,250,37.282691955566406,0.14913076162338257,5.378686428070068,0.050000011920928955,1139500
12,4559,250,-45.93413543701172,-0.18373654782772064,5.221083164215088,0.050000011920928955,1139750
12,4560,250,-45.855133056640625,-0.18342053890228271,5.079792022705078,0.050000011920928955,1140000
12,4561,250,-64.25737762451172,-0.2570295035839081,5.0758490562438965,0.050000011920928955,1140250
12,4562,250,-63.30345916748047,-0.2532138228416443,4.988494396209717,0.050000011920928955,1140500
12,4563,250,-100.22929382324219,-0.4009171724319458,4.88255500793457,0.050000011920928955,1140750
12,4564,250,-88.10903930664062,-0.3524361550807953,4.6818718910217285,0.050000011920928955,1141000
12,4565,250,-126.789794921875,-0.5071591734886169,5.046387195587158,0.050000011920928955,1141250
12,4566,250,-79.70320892333984,-0.31881284713745117,4.952284812927246,0.050000011920928955,1141500
12,4567,250,460.394287109375,1.841577172279358,4.724759578704834,0.050000011920928955,1141750
12,4568,250,-74.96864318847656,-0.29987457394599915,4.668352127075195,0.050000011920928955,1142000
12,4569,250,-124.84233856201172,-0.499369353055954,4.940944194793701,0.050000011920928955,1142250
12,4570,250,-5.450942516326904,-0.02180377021431923,4.814094066619873,0.050000011920928955,1142500
12,4571,250,-96.18987274169922,-0.38475948572158813,4.679161548614502,0.050000011920928955,1142750
12,4572,250,-96.40988159179688,-0.3856395184993744,4.570399761199951,0.050000011920928955,1143000
12,4573,250,-137.0980987548828,-0.5483924150466919,4.642305374145508,0.050000011920928955,1143250
12,4574,250,-88.69136047363281,-0.3547654449939728,4.59789514541626,0.050000011920928955,1143500
12,4575,250,-59.20292663574219,-0.23681171238422394,4.524420738220215,0.050000011920928955,1143750
12,4576,250,-38.99222946166992,-0.15596891939640045,4.667908191680908,0.050000011920928955,1144000
12,4577,250,-141.8687286376953,-0.567474901676178,4.782230377197266,0.050000011920928955,1144250
12,4578,250,-95.37615966796875,-0.381504625082016,4.569744110107422,0.050000011920928955,1144500
12,4579,250,-66.15422821044922,-0.2646169066429138,4.6892194747924805,0.050000011920928955,1144750
12,4580,250,-15.602410316467285,-0.062409643083810806,4.634087085723877,0.050000011920928955,1145000
12,4581,250,-55.67322540283203,-0.22269290685653687,5.414837837219238,0.050000011920928955,1145250
12,4582,250,-81.17325592041016,-0.3246930241584778,5.0186872482299805,0.050000011920928955,1145500
12,4583,250,-77.38721466064453,-0.30954885482788086,5.002403736114502,0.050000011920928955,1145750
12,4584,250,-131.64645385742188,-0.5265858173370361,4.782596111297607,0.050000011920928955,1146000
12,4585,250,-113.94418334960938,-0.45577672123908997,5.181147575378418,0.050000011920928955,1146250
12,4586,250,-150.9774627685547,-0.6039098501205444,5.251025676727295,0.050000011920928955,1146500
12,4587,250,-93.98358154296875,-0.37593433260917664,4.888073444366455,0.050000011920928955,1146750
12,4588,250,-130.33265686035156,-0.5213306546211243,4.886015892028809,0.050000011920928955,1147000
12,4589,250,-203.7119598388672,-0.8148478269577026,5.2231125831604,0.050000011920928955,1147250
12,4590,250,-130.8978271484375,-0.5235912799835205,5.076800346374512,0.050000011920928955,1147500
12,4591,250,-100.18743896484375,-0.40074974298477173,4.997553825378418,0.050000011920928955,1147750
12,4592,250,-97.39307403564453,-0.38957229256629944,4.891033172607422,0.050000011920928955,1148000
12,4593,250,-51.18658447265625,-0.2047463357448578,4.984105587005615,0.050000011920928955,1148250
12,4594,250,-61.2979621887207,-0.24519184231758118,4.8396406173706055,0.050000011920928955,1148500
12,4595,250,-37.17650604248047,-0.14870601892471313,4.972733497619629,0.050000011920928955,1148750
12,4596,250,-73.38907623291016,-0.2935563027858734,4.694387435913086,0.050000011920928955,1149000
12,4597,250,-28.024450302124023,-0.11209779977798462,4.86810827255249,0.050000011920928955,1149250
12,4598,250,-58.11184310913086,-0.23244737088680267,4.6539506912231445,0.050000011920928955,1149500
12,4599,250,-35.68146514892578,-0.1427258551120758,4.751030445098877,0.050000011920928955,1149750
12,4600,250,-52.96357727050781,-0.21185430884361267,4.779262065887451,0.050000011920928955,1150000
12,4601,250,-15.581086158752441,-0.062324345111846924,4.7125959396362305,0.050000011920928955,1150250
12,4602,250,-7.431669235229492,-0.029726676642894745,4.557365894317627,0.050000011920928955,1150500
12,4603,250,18.428693771362305,0.07371477782726288,4.479426383972168,0.050000011920928955,1150750
12,4604,250,-68.77594757080078,-0.27510377764701843,4.421848297119141,0.050000011920928955,1151000
12,4605,250,-45.22610092163086,-0.18090440332889557,4.391105651855469,0.050000011920928955,1151250
12,4606,250,-16.047103881835938,-0.0641884133219719,4.197668552398682,0.050000011920928955,1151500
12,4607,250,-34.12843322753906,-0.13651373982429504,4.0665411949157715,0.050000011920928955,1151750
12,4608,250,-42.178382873535156,-0.1687135249376297,4.024572372436523,0.050000011920928955,1152000
12,4609,250,14.565225601196289,0.058260902762413025,4.142874717712402,0.050000011920928955,1152250
12,4610,250,-36.65004348754883,-0.1466001719236374,4.036707878112793,0.050000011920928955,1152500
12,4611,250,-51.75727081298828,-0.2070290893316269,3.9015119075775146,0.050000011920928955,1152750
12,4612,250,-34.88671112060547,-0.13954684138298035,3.970301628112793,0.050000011920928955,1153000
12,4613,250,-56.58121109008789,-0.22632484138011932,4.17506742477417,0.050000011920928955,1153250
12,4614,250,34.2917366027832,0.13716694712638855,4.1357550621032715,0.050000011920928955,1153500
12,4615,250,-42.92303466796875,-0.1716921329498291,4.081671714782715,0.050000011920928955,1153750
12,4616,250,-92.01124572753906,-0.36804497241973877,4.080186367034912,0.050000011920928955,1154000
12,4617,250,-82.71284484863281,-0.33085137605667114,4.437130451202393,0.050000011920928955,1154250
12,4618,250,-53.46308898925781,-0.21385236084461212,4.323395252227783,0.050000011920928955,1154500
12,4619,250,-42.591670989990234,-0.17036668956279755,4.220423221588135,0.050000011920928955,1154750
12,4620,250,-34.55413055419922,-0.1382165253162384,4.14069938659668,0.050000011920928955,1155000
12,4621,250,-49.98676300048828,-0.1999470591545105,4.488559722900391,0.050000011920928955,1155250
12,4622,250,-57.57086181640625,-0.2302834540605545,4.299374103546143,0.050000011920928955,1155500
12,4623,250,-58.28806686401367,-0.23315227031707764,4.190404891967773,0.050000011920928955,1155750
12,4624,250,-56.124542236328125,-0.22449816763401031,4.141440391540527,0.050000011920928955,1156000
12,4625,250,-61.20869445800781,-0.2448347806930542,4.5414652824401855,0.050000011920928955,1156250
12,4626,250,-50.87123489379883,-0.2034849375486374,4.191817283630371,0.050000011920928955,1156500
12,4627,250,75.50784301757812,0.30203136801719666,4.048890590667725,0.050000011920928955,1156750
12,4628,250,-109.26823425292969,-0.4370729327201843,4.074625492095947,0.050000011920928955,1157000
12,4629,250,-115.89010620117188,-0.46356043219566345,4.339722633361816,0.050000011920928955,1157250
12,4630,250,-44.43283462524414,-0.17773133516311646,4.267810344696045,0.050000011920928955,1157500
12,4631,250,-116.08985900878906,-0.46435943245887756,4.381724834442139,0.050000011920928955,1157750
12,4632,250,-90.71720886230469,-0.3628688454627991,4.341630935668945,0.050000011920928955,1158000
12,4633,250,-84.56854248046875,-0.33827418088912964,4.527917861938477,0.050000011920928955,1158250
12,4634,250,-97.40705871582031,-0.38962823152542114,4.550262928009033,0.050000011920928955,1158500
12,4635,250,-92.1792984008789,-0.3687171936035156,4.462317943572998,0.050000011920928955,1158750
12,4636,250,-146.3715057373047,-0.5854859948158264,4.425053596496582,0.050000011920928955,1159000
12,4637,250,-140.9050750732422,-0.5636203289031982,4.345732688903809,0.050000011920928955,1159250
12,4638,250,-132.8059539794922,-0.5312238335609436,4.335114479064941,0.050000011920928955,1159500
12,4639,250,-81.54205322265625,-0.3261682093143463,4.3205485343933105,0.050000011920928955,1159750
12,4640,250,-71.69471740722656,-0.28677886724472046,4.106566905975342,0.050000011920928955,1160000
12,4641,250,-87.63127136230469,-0.3505250811576843,4.2968339920043945,0.050000011920928955,1160250
12,4642,250,-134.2246551513672,-0.5368986129760742,4.095146656036377,0.050000011920928955,1160500
12,4643,250,-110.20266723632812,-0.4408106803894043,4.363533020019531,0.050000011920928955,1160750
12,4644,250,-107.50245666503906,-0.4300098121166229,4.070428371429443,0.050000011920928955,1161000
12,4645,250,-74.86412811279297,-0.29945650696754456,4.169564247131348,0.050000011920928955,1161250
12,4646,250,-107.62564849853516,-0.43050259351730347,4.077977180480957,0.050000011920928955,1161500
12,4647,250,-88.06857299804688,-0.3522742986679077,4.176749229431152,0.050000011920928955,1161750
12,4648,250,-83.10153198242188,-0.3324061334133148,3.952265977859497,0.050000011920928955,1162000
12,4649,250,-39.541900634765625,-0.15816760063171387,4.187834739685059,0.050000011920928955,1162250
12,4650,250,-149.41070556640625,-0.5976428389549255,4.286986351013184,0.050000011920928955,1162500
12,4651,250,-77.80562591552734,-0.31122249364852905,4.097275733947754,0.050000011920928955,1162750
12,4652,250,-106.63875579833984,-0.4265550374984741,4.1383514404296875,0.050000011920928955,1163000
12,4653,250,-94.90191650390625,-0.3796076774597168,3.7569899559020996,0.050000011920928955,1163250
12,4654,250,-20.559904098510742,-0.08223961293697357,4.036496162414551,0.050000011920928955,1163500
12,4655,250,-106.28353118896484,-0.4251341223716736,3.856703758239746,0.050000011920928955,1163750
12,4656,250,-33.18093490600586,-0.13272373378276825,3.7738890647888184,0.050000011920928955,1164000
12,4657,250,-111.1015396118164,-0.4444061517715454,3.941540479660034,0.050000011920928955,1164250
12,4658,250,-112.52440643310547,-0.45009762048721313,3.8180484771728516,0.050000011920928955,1164500
12,4659,250,-74.11736297607422,-0.29646944999694824,3.9209096431732178,0.050000011920928955,1164750
12,4660,250,-51.43586349487305,-0.2057434469461441,3.707688331604004,0.050000011920928955,1165000
12,4661,250,-112.24127960205078,-0.4489651322364807,4.092464923858643,0.050000011920928955,1165250
12,4662,250,-76.5956802368164,-0.3063827157020569,4.116794586181641,0.050000011920928955,1165500
12,4663,250,-73.11651611328125,-0.29246607422828674,3.9461896419525146,0.050000011920928955,1165750
12,4664,250,-88.58570861816406,-0.35434284806251526,3.94919490814209,0.050000011920928955,1166000
12,4665,250,-111.83214569091797,-0.4473285973072052,4.274286270141602,0.050000011920928955,1166250
12,4666,250,-114.2724380493164,-0.45708975195884705,4.226946830749512,0.050000011920928955,1166500
12,4667,250,-129.34249877929688,-0.5173699855804443,4.299859046936035,0.050000011920928955,1166750
12,4668,250,-164.55111694335938,-0.6582044959068298,4.355899810791016,0.050000011920928955,1167000
12,4669,250,-233.6920623779297,-0.9347682595252991,4.496737480163574,0.050000011920928955,1167250
12,4670,250,-122.11453247070312,-0.48845812678337097,4.329427242279053,0.050000011920928955,1167500
12,4671,250,-94.68533325195312,-0.3787413239479065,4.247468948364258,0.050000011920928955,1167750
12,4672,250,19.931671142578125,0.0797266811132431,4.260624408721924,0.050000011920928955,1168000
12,4673,250,-159.9725341796875,-0.6398901343345642,4.566514492034912,0.050000011920928955,1168250
12,4674,250,-0.6288557052612305,-0.0025154228787869215,4.489666938781738,0.050000011920928955,1168500
12,4675,250,-131.7706298828125,-0.5270825028419495,4.377191066741943,0.050000011920928955,1168750
12,4676,250,-101.80699157714844,-0.4072279632091522,4.335423946380615,0.050000011920928955,1169000
12,4677,250,-70.1155776977539,-0.2804623246192932,4.618034839630127,0.050000011920928955,1169250
12,4678,250,-108.70818328857422,-0.43483272194862366,4.570967674255371,0.050000011920928955,1169500
12,4679,250,-71.51189422607422,-0.2860475778579712,4.633662223815918,0.050000011920928955,1169750
12,4680,250,-132.47344970703125,-0.5298938155174255,4.64804744720459,0.050000011920928955,1170000
12,4681,250,-116.56939697265625,-0.4662775993347168,4.8767805099487305,0.050000011920928955,1170250
12,4682,250,-131.10325622558594,-0.5244130492210388,4.709234714508057,0.050000011920928955,1170500
12,4683,250,-81.99443054199219,-0.32797771692276,4.652071952819824,0.050000011920928955,1170750
12,4684,250,-174.3436279296875,-0.6973745226860046,4.755337238311768,0.050000011920928955,1171000
12,4685,250,-167.89547729492188,-0.6715819239616394,4.939334869384766,0.050000011920928955,1171250
12,4686,250,-65.03681182861328,-0.26014724373817444,4.741780757904053,0.050000011920928955,1171500
12,4687,250,-17.570751190185547,-0.07028300315141678,4.724977016448975,0.050000011920928955,1171750
12,4688,250,-57.29911804199219,-0.2291964739561081,4.635065078735352,0.050000011920928955,1172000
12,4689,250,-122.24288177490234,-0.4889715313911438,5.033573150634766,0.050000011920928955,1172250
12,4690,250,-72.13995361328125,-0.28855982422828674,5.042679786682129,0.050000011920928955,1172500
12,4691,250,-114.72097778320312,-0.4588839113712311,4.886363983154297,0.050000011920928955,1172750
12,4692,250,-97.7943115234375,-0.391177237033844,4.907059192657471,0.050000011920928955,1173000
12,4693,250,-64.78629302978516,-0.25914517045021057,5.154731273651123,0.050000011920928955,1173250
12,4694,250,-35.398746490478516,-0.1415949910879135,4.996616363525391,0.050000011920928955,1173500
12,4695,250,-86.69048309326172,-0.34676194190979004,4.990758895874023,0.050000011920928955,1173750
12,4696,250,-63.410091400146484,-0.253640353679657,5.045374870300293,0.050000011920928955,1174000
12,4697,250,-31.480878829956055,-0.1259235143661499,4.769182205200195,0.050000011920928955,1174250
12,4698,250,-96.96844482421875,-0.3878737688064575,4.864516735076904,0.050000011920928955,1174500
12,4699,250,-127.62010192871094,-0.5104804039001465,4.776439666748047,0.050000011920928955,1174750
12,4700,250,-67.36575317382812,-0.2694630026817322,4.8392462730407715,0.050000011920928955,1175000
12,4701,250,-138.57420349121094,-0.5542967915534973,4.966391086578369,0.050000011920928955,1175250
12,4702,250,-23.696260452270508,-0.09478504210710526,4.664424896240234,0.050000011920928955,1175500
12,4703,250,-163.80972290039062,-0.6552388668060303,4.8414177894592285,0.050000011920928955,1175750
12,4704,250,-191.2826385498047,-0.7651305794715881,4.752451419830322,0.050000011920928955,1176000
12,4705,250,14.328363418579102,0.057313453406095505,4.895257472991943,0.050000011920928955,1176250
12,4706,250,-137.1218719482422,-0.5484874844551086,4.76310396194458,0.050000011920928955,1176500
12,4707,250,-101.70252227783203,-0.40681007504463196,4.712651252746582,0.050000011920928955,1176750
12,4708,250,-53.88437271118164,-0.21553748846054077,4.697576522827148,0.050000011920928955,1177000
12,4709,250,-97.74915313720703,-0.3909966051578522,4.865386009216309,0.050000011920928955,1177250
12,4710,250,11.670598983764648,0.04668239504098892,4.7712321281433105,0.050000011920928955,1177500
12,4711,250,-270.11785888671875,-1.080471396446228,4.704286575317383,0.050000011920928955,1177750
12,4712,250,-191.1909942626953,-0.7647639513015747,4.687734127044678,0.050000011920928955,1178000
12,4713,250,-77.8590087890625,-0.3114360272884369,4.856142044067383,0.050000011920928955,1178250
12,4714,250,-220.85740661621094,-0.8834296464920044,4.877623081207275,0.050000011920928955,1178500
12,4715,250,-141.11529541015625,-0.5644611716270447,4.897436618804932,0.050000011920928955,1178750
12,4716,250,-206.18739318847656,-0.8247495889663696,4.777279853820801,0.050000011920928955,1179000
12,4717,250,18.84613037109375,0.07538451999425888,4.8891472816467285,0.050000011920928955,1179250
12,4718,250,-63.076053619384766,-0.25230422616004944,4.814462184906006,0.050000011920928955,1179500
12,4719,250,-142.92889404296875,-0.5717155933380127,4.701642036437988,0.050000011920928955,1179750
12,4720,250,-182.58001708984375,-0.7303200960159302,4.799743175506592,0.050000011920928955,1180000
12,4721,250,-131.2858428955078,-0.5251433849334717,4.833484649658203,0.050000011920928955,1180250
12,4722,250,-146.24562072753906,-0.5849824547767639,4.77228307723999,0.050000011920928955,1180500
12,4723,250,-131.41159057617188,-0.5256463885307312,4.911093235015869,0.050000011920928955,1180750
12,4724,250,-138.27658081054688,-0.5531063079833984,4.857378959655762,0.050000011920928955,1181000
12,4725,250,-45.401145935058594,-0.18160457909107208,4.7687153816223145,0.050000011920928955,1181250
12,4726,250,-54.51585006713867,-0.21806339919567108,4.647827625274658,0.050000011920928955,1181500
12,4727,250,-108.15553283691406,-0.43262213468551636,4.82333517074585,0.050000011920928955,1181750
12,4728,250,-72.63250732421875,-0.2905300259590149,4.575331687927246,0.050000011920928955,1182000
12,4729,250,-183.39659118652344,-0.7335863709449768,4.707724571228027,0.050000011920928955,1182250
12,4730,250,-104.20641326904297,-0.41682565212249756,4.823674201965332,0.050000011920928955,1182500
12,4731,250,-50.931549072265625,-0.20372620224952698,4.774468421936035,0.050000011920928955,1182750
12,4732,250,-175.74246215820312,-0.7029698491096497,4.761876106262207,0.050000011920928955,1183000
12,4733,250,-49.00223922729492,-0.19600895047187805,4.8096418380737305,0.050000011920928955,1183250
12,4734,250,175.39698791503906,0.701587975025177,4.629778861999512,0.050000011920928955,1183500
12,4735,250,-20.358139038085938,-0.08143255859613419,4.698602199554443,0.050000011920928955,1183750
12,4736,250,-107.87588500976562,-0.4315035343170166,4.581977367401123,0.050000011920928955,1184000
12,4737,250,-128.78738403320312,-0.5151495337486267,4.602255821228027,0.050000011920928955,1184250
12,4738,250,-45.08725357055664,-0.18034900724887848,4.4541192054748535,0.050000011920928955,1184500
12,4739,250,-49.854530334472656,-0.19941812753677368,4.528987407684326,0.050000011920928955,1184750
12,4740,250,-39.205902099609375,-0.15682360529899597,4.684658527374268,0.050000011920928955,1185000
12,4741,250,-58.632850646972656,-0.23453140258789062,4.486919403076172,0.050000011920928955,1185250
12,4742,250,-151.07363891601562,-0.6042945384979248,4.5033721923828125,0.050000011920928955,1185500
12,4743,250,-24.881534576416016,-0.09952613711357117,4.602350234985352,0.050000011920928955,1185750
12,4744,250,-38.71377944946289,-0.15485511720180511,4.5075602531433105,0.050000011920928955,1186000
12,4745,250,-78.23199462890625,-0.3129279911518097,4.494050025939941,0.050000011920928955,1186250
12,4746,250,-11.886054992675781,-0.047544218599796295,4.411226272583008,0.050000011920928955,1186500
12,4747,250,-57.512611389160156,-0.2300504446029663,4.353344440460205,0.050000011920928955,1186750
12,4748,250,-75.54527282714844,-0.30218109488487244,4.289273738861084,0.050000011920928955,1187000
12,4749,250,-82.8101806640625,-0.331240713596344,4.349453926086426,0.050000011920928955,1187250
12,4750,250,-62.48667526245117,-0.2499466985464096,4.2608962059021,0.050000011920928955,1187500
12,4751,250,-94.7490005493164,-0.37899601459503174,4.398853778839111,0.050000011920928955,1187750
12,4752,250,-88.44880676269531,-0.35379523038864136,4.217854022979736,0.050000011920928955,1188000
12,4753,250,-52.73200225830078,-0.21092800796031952,4.168501853942871,0.050000011920928955,1188250
12,4754,250,-73.53736114501953,-0.2941494584083557,4.027892112731934,0.050000011920928955,1188500
12,4755,250,-91.54743957519531,-0.36618974804878235,4.049716472625732,0.050000011920928955,1188750
12,4756,250,-122.43708801269531,-0.48974835872650146,3.920322895050049,0.050000011920928955,1189000
12,4757,250,-102.08357238769531,-0.40833428502082825,4.10709285736084,0.050000011920928955,1189250
12,4758,250,-39.97331619262695,-0.15989325940608978,3.951298236846924,0.050000011920928955,1189500
12,4759,250,-57.93662643432617,-0.23174650967121124,4.018840312957764,0.050000011920928955,1189750
12,4760,250,-108.39672088623047,-0.43358689546585083,3.9858694076538086,0.050000011920928955,1190000
12,4761,250,-119.29857635498047,-0.47719430923461914,4.063510417938232,0.050000011920928955,1190250
12,4762,250,-68.74696350097656,-0.2749878466129303,4.043581008911133,0.050000011920928955,1190500
12,4763,250,-76.6666488647461,-0.3066665828227997,4.00758695602417,0.050000011920928955,1190750
12,4764,250,-8.500077247619629,-0.03400030732154846,3.9539480209350586,0.050000011920928955,1191000
12,4765,250,24.2423095703125,0.09696923941373825,4.240056037902832,0.050000011920928955,1191250
12,4766,250,-86.4935073852539,-0.34597402811050415,4.102866172790527,0.050000011920928955,1191500
12,4767,250,-95.47125244140625,-0.38188502192497253,4.225805759429932,0.050000011920928955,1191750
12,4768,250,520.1415405273438,2.080566167831421,4.161190986633301,0.050000011920928955,1192000
12,4769,250,-107.44989013671875,-0.42979955673217773,4.340249061584473,0.050000011920928955,1192250
12,4770,250,-119.67221069335938,-0.4786888360977173,4.137766361236572,0.050000011920928955,1192500
12,4771,250,27.810768127441406,0.11124306917190552,4.207272052764893,0.050000011920928955,1192750
12,4772,250,8.727952003479004,0.034911807626485825,4.040757179260254,0.050000011920928955,1193000
12,4773,250,301.0418701171875,1.2041674852371216,4.180976390838623,0.050000011920928955,1193250
12,4774,250,-11.415731430053711,-0.04566292464733124,4.2355852127075195,0.050000011920928955,1193500
12,4775,250,-40.33147048950195,-0.16132588684558868,4.2828288078308105,0.050000011920928955,1193750
12,4776,250,-70.6856460571289,-0.28274258971214294,4.276916027069092,0.050000011920928955,1194000
12,4777,250,-6.423769950866699,-0.025695079937577248,4.2324724197387695,0.050000011920928955,1194250
12,4778,250,27.40776824951172,0.10963107645511627,4.089580535888672,0.050000011920928955,1194500
12,4779,250,-102.53396606445312,-0.4101358652114868,4.089441299438477,0.050000011920928955,1194750
12,4780,250,-45.60540771484375,-0.18242162466049194,3.9675557613372803,0.050000011920928955,1195000
12,4781,250,-92.5106430053711,-0.3700425624847412,4.173351764678955,0.050000011920928955,1195250
12,4782,250,-40.1053581237793,-0.1604214310646057,4.160768508911133,0.050000011920928955,1195500
12,4783,250,-49.61107635498047,-0.19844430685043335,4.158671855926514,0.050000011920928955,1195750
12,4784,250,-30.181503295898438,-0.12072601169347763,4.107193470001221,0.050000011920928955,1196000
12,4785,250,-112.77030944824219,-0.451081246137619,4.137759208679199,0.050000011920928955,1196250
12,4786,250,-51.03174591064453,-0.2041269838809967,4.1915507316589355,0.050000011920928955,1196500
12,4787,250,-106.26952362060547,-0.4250780940055847,4.112056732177734,0.050000011920928955,1196750
12,4788,250,-51.95924758911133,-0.20783698558807373,4.014710903167725,0.050000011920928955,1197000
12,4789,250,-105.6578140258789,-0.42263126373291016,4.175642013549805,0.050000011920928955,1197250
12,4790,250,-13.126090049743652,-0.05250436067581177,4.015010833740234,0.050000011920928955,1197500
12,4791,250,-69.25311279296875,-0.277012437582016,4.03533411026001,0.050000011920928955,1197750
12,4792,250,-76.51615142822266,-0.3060646057128906,3.990244150161743,0.050000011920928955,1198000
12,4793,250,-107.54826354980469,-0.43019306659698486,4.149425506591797,0.050000011920928955,1198250
12,4794,250,44.62904357910156,0.1785161793231964,4.01954460144043,0.050000011920928955,1198500
12,4795,250,-85.38382720947266,-0.3415353000164032,3.9028303623199463,0.050000011920928955,1198750
12,4796,250,-20.871490478515625,-0.08348596096038818,3.9556350708007812,0.050000011920928955,1199000
12,4797,250,-55.93826675415039,-0.22375306487083435,3.964054584503174,0.050000011920928955,1199250
12,4798,250,-91.27234649658203,-0.36508938670158386,4.023738861083984,0.050000011920928955,1199500
12,4799,250,-83.55062103271484,-0.33420249819755554,3.9158120155334473,0.050000011920928955,1199750
12,4800,250,0.01947760581970215,7.791042298777029e-05,3.751143455505371,0.050000011920928955,1200000
12,4801,250,-11.660965919494629,-0.04664386436343193,3.9070825576782227,0.050000011920928955,1200250
12,4802,250,-57.45993423461914,-0.2298397421836853,3.7890820503234863,0.050000011920928955,1200500
12,4803,250,-37.858428955078125,-0.15143372118473053,3.6580166816711426,0.050000011920928955,1200750
12,4804,250,-82.78406524658203,-0.3311362564563751,3.7807979583740234,0.050000011920928955,1201000
12,4805,250,-68.75108337402344,-0.2750043272972107,3.7651984691619873,0.050000011920928955,1201250
12,4806,250,-92.41493225097656,-0.3696597218513489,3.6897575855255127,0.050000011920928955,1201500
12,4807,250,-35.326839447021484,-0.14130735397338867,3.6513476371765137,0.050000011920928955,1201750
12,4808,250,-91.03377532958984,-0.36413508653640747,3.654341459274292,0.050000011920928955,1202000
12,4809,250,-77.48541259765625,-0.3099416494369507,3.6633613109588623,0.050000011920928955,1202250
12,4810,250,-84.59418487548828,-0.3383767306804657,3.644817590713501,0.050000011920928955,1202500
12,4811,250,-66.33036804199219,-0.2653214633464813,3.630248546600342,0.050000011920928955,1202750
12,4812,250,-84.67950439453125,-0.3387180268764496,3.48966121673584,0.050000011920928955,1203000
12,4813,250,-125.49981689453125,-0.5019992589950562,3.6773269176483154,0.050000011920928955,1203250
12,4814,250,-75.80403137207031,-0.3032161295413971,3.505309820175171,0.050000011920928955,1203500
12,4815,250,-87.93155670166016,-0.351726233959198,3.4895131587982178,0.050000011920928955,1203750
12,4816,250,-85.90473175048828,-0.3436189293861389,3.3798205852508545,0.050000011920928955,1204000
12,4817,250,-96.04055786132812,-0.38416221737861633,3.7220683097839355,0.050000011920928955,1204250
12,4818,250,27.816036224365234,0.11126414686441422,3.6603991985321045,0.050000011920928955,1204500
12,4819,250,-101.19404602050781,-0.4047761857509613,3.5931661128997803,0.050000011920928955,1204750
12,4820,250,-92.06526947021484,-0.36826106905937195,3.428654670715332,0.050000011920928955,1205000
12,4821,250,-73.10002899169922,-0.2924001216888428,3.5232701301574707,0.050000011920928955,1205250
12,4822,250,-7.0179009437561035,-0.028071604669094086,3.4134058952331543,0.050000011920928955,1205500
12,4823,250,-77.3167953491211,-0.30926719307899475,3.5294060707092285,0.050000011920928955,1205750
12,4824,250,-69.72073364257812,-0.2788829207420349,3.5446937084198,0.050000011920928955,1206000
12,4825,250,-45.294734954833984,-0.18117894232273102,3.7095799446105957,0.050000011920928955,1206250
12,4826,250,-42.61509323120117,-0.17046037316322327,3.587885856628418,0.050000011920928955,1206500
12,4827,250,-62.0389518737793,-0.24815580248832703,3.3529491424560547,0.050000011920928955,1206750
12,4828,250,42.39748764038086,0.16958995163440704,3.484823226928711,0.050000011920928955,1207000
12,4829,250,-70.19401550292969,-0.2807760536670685,3.545680284500122,0.050000011920928955,1207250
12,4830,250,-40.16997528076172,-0.1606799066066742,3.6576051712036133,0.050000011920928955,1207500
12,4831,250,-51.28850555419922,-0.20515401661396027,3.659480333328247,0.050000011920928955,1207750
12,4832,250,-24.48077392578125,-0.09792309254407883,3.5989203453063965,0.050000011920928955,1208000
12,4833,250,-34.047515869140625,-0.13619005680084229,3.8174071311950684,0.050000011920928955,1208250
12,4834,250,-29.184555053710938,-0.1167382225394249,3.8316075801849365,0.050000011920928955,1208500
12,4835,250,445.2112121582031,1.780844807624817,3.7842493057250977,0.050000011920928955,1208750
12,4836,250,-99.48223876953125,-0.39792895317077637,3.767601490020752,0.050000011920928955,1209000
12,4837,250,-9.97244644165039,-0.03988978639245033,3.556244373321533,0.050000011920928955,1209250
12,4838,250,-53.85087585449219,-0.2154034972190857,3.5282974243164062,0.050000011920928955,1209500
12,4839,250,-28.899961471557617,-0.1155998483300209,3.59393572807312,0.050000011920928955,1209750
12,4840,250,-33.44371795654297,-0.13377487659454346,3.728969097137451,0.050000011920928955,1210000
12,4841,250,-98.73458862304688,-0.3949383497238159,3.6854259967803955,0.050000011920928955,1210250
12,4842,250,-60.690616607666016,-0.2427624613046646,3.6320364475250244,0.050000011920928955,1210500
12,4843,250,-100.1883316040039,-0.40075331926345825,3.8103373050689697,0.050000011920928955,1210750
12,4844,250,-95.32994842529297,-0.3813197910785675,3.8230340480804443,0.050000011920928955,1211000
12,4845,250,-77.61942291259766,-0.31047770380973816,3.8919692039489746,0.050000011920928955,1211250
12,4846,250,-218.3360595703125,-0.8733442425727844,3.936201333999634,0.050000011920928955,1211500
12,4847,250,-108.85111999511719,-0.4354044795036316,3.852146625518799,0.050000011920928955,1211750
12,4848,250,-65.73054504394531,-0.26292216777801514,3.708998203277588,0.050000011920928955,1212000
12,4849,250,-48.29531478881836,-0.19318126142024994,3.6540093421936035,0.050000011920928955,1212250
12,4850,250,27.2294864654541,0.10891794413328171,3.736443519592285,0.050000011920928955,1212500
12,4851,250,12.068883895874023,0.04827553406357765,3.739988327026367,0.050000011920928955,1212750
12,4852,250,20.54891014099121,0.08219563961029053,3.6489639282226562,0.050000011920928955,1213000
12,4853,250,-36.06269836425781,-0.1442507952451706,3.8331520557403564,0.050000011920928955,1213250
12,4854,250,-45.202880859375,-0.18081152439117432,3.8458712100982666,0.050000011920928955,1213500
12,4855,250,-117.06734466552734,-0.46826937794685364,3.8145182132720947,0.050000011920928955,1213750
12,4856,250,-72.0608901977539,-0.2882435619831085,3.778555154800415,0.050000011920928955,1214000
12,4857,250,-28.01466178894043,-0.11205864697694778,3.895291566848755,0.050000011920928955,1214250
12,4858,250,-80.974853515625,-0.32389941811561584,3.7805893421173096,0.050000011920928955,1214500
12,4859,250,-96.2833251953125,-0.385133296251297,3.859802484512329,0.050000011920928955,1214750
12,4860,250,-79.77593994140625,-0.31910374760627747,3.8606629371643066,0.050000011920928955,1215000
12,4861,250,-85.2512435913086,-0.34100496768951416,3.8302621841430664,0.050000011920928955,1215250
12,4862,250,-141.47499084472656,-0.5658999681472778,3.730552911758423,0.050000011920928955,1215500
12,4863,250,-119.00853729248047,-0.47603413462638855,3.691737651824951,0.050000011920928955,1215750
12,4864,250,-25.310256958007812,-0.10124102979898453,3.831146478652954,0.050000011920928955,1216000
12,4865,250,-156.80099487304688,-0.6272040009498596,3.8986761569976807,0.050000011920928955,1216250
12,4866,250,-88.4599380493164,-0.3538397550582886,3.8103229999542236,0.050000011920928955,1216500
12,4867,250,-109.50420379638672,-0.438016802072525,3.6759893894195557,0.050000011920928955,1216750
12,4868,250,136.47586059570312,0.5459034442901611,3.7322402000427246,0.050000011920928955,1217000
12,4869,250,-167.34246826171875,-0.6693698763847351,3.861311435699463,0.050000011920928955,1217250
12,4870,250,-98.50443267822266,-0.3940177261829376,3.584610939025879,0.050000011920928955,1217500
12,4871,250,-57.31500244140625,-0.22926001250743866,3.706987142562866,0.050000011920928955,1217750
12,4872,250,-107.98397064208984,-0.4319358766078949,3.603609561920166,0.050000011920928955,1218000
12,4873,250,-53.395084381103516,-0.21358034014701843,3.8425891399383545,0.050000011920928955,1218250
12,4874,250,-122.8873062133789,-0.49154922366142273,3.8634536266326904,0.050000011920928955,1218500
12,4875,250,-107.92079162597656,-0.43168315291404724,3.7472171783447266,0.050000011920928955,1218750
12,4876,250,-119.62055206298828,-0.4784822165966034,3.64738130569458,0.050000011920928955,1219000
12,4877,250,-74.8822021484375,-0.2995288074016571,3.774808168411255,0.050000011920928955,1219250
12,4878,250,-51.77873611450195,-0.20711494982242584,3.87308406829834,0.050000011920928955,1219500
12,4879,250,-162.20884704589844,-0.6488353610038757,3.6675946712493896,0.050000011920928955,1219750
12,4880,250,-37.815467834472656,-0.15126186609268188,3.695034980773926,0.050000011920928955,1220000
12,4881,250,-93.17819213867188,-0.37271276116371155,3.988086700439453,0.050000011920928955,1220250
12,4882,250,-68.69269561767578,-0.2747707962989807,3.742255210876465,0.050000011920928955,1220500
12,4883,250,-90.11007690429688,-0.36044031381607056,3.6774864196777344,0.050000011920928955,1220750
12,4884,250,-122.79264831542969,-0.49117058515548706,3.8142266273498535,0.050000011920928955,1221000
12,4885,250,-161.4034881591797,-0.645613968372345,3.7999300956726074,0.050000011920928955,1221250
12,4886,250,-139.36663818359375,-0.5574665665626526,3.7130014896392822,0.050000011920928955,1221500
12,4887,250,-115.22828674316406,-0.46091315150260925,3.5911691188812256,0.050000011920928955,1221750
12,4888,250,-42.058128356933594,-0.1682325154542923,3.6186883449554443,0.050000011920928955,1222000
12,4889,250,-60.17450714111328,-0.24069802463054657,3.6801652908325195,0.050000011920928955,1222250
12,4890,250,-39.623497009277344,-0.1584939807653427,3.8301784992218018,0.050000011920928955,1222500
12,4891,250,-99.80616760253906,-0.3992246687412262,3.815269708633423,0.050000011920928955,1222750
12,4892,250,-83.90825653076172,-0.3356330394744873,3.6899123191833496,0.050000011920928955,1223000
12,4893,250,-148.0982666015625,-0.5923930406570435,3.5859262943267822,0.050000011920928955,1223250
12,4894,250,80.05364227294922,0.32021456956863403,3.8151352405548096,0.050000011920928955,1223500
12,4895,250,-80.75018310546875,-0.3230007290840149,3.6667747497558594,0.050000011920928955,1223750
12,4896,250,-112.43157958984375,-0.44972631335258484,3.8066835403442383,0.050000011920928955,1224000
12,4897,250,-108.40331268310547,-0.43361324071884155,3.983750343322754,0.050000011920928955,1224250
12,4898,250,-99.57704162597656,-0.3983081579208374,4.017038822174072,0.050000011920928955,1224500
12,4899,250,-28.574230194091797,-0.11429692059755325,4.061811447143555,0.050000011920928955,1224750
12,4900,250,-118.73922729492188,-0.4749568998813629,3.982032060623169,0.050000011920928955,1225000
12,4901,250,-130.49200439453125,-0.5219680070877075,3.960179090499878,0.050000011920928955,1225250
12,4902,250,-63.282012939453125,-0.2531280517578125,4.263480186462402,0.050000011920928955,1225500
12,4903,250,-107.81941986083984,-0.43127769231796265,4.079900741577148,0.050000011920928955,1225750
12,4904,250,-37.143646240234375,-0.1485745906829834,4.0861968994140625,0.050000011920928955,1226000
12,4905,250,-107.18717956542969,-0.4287487268447876,4.281191349029541,0.050000011920928955,1226250
12,4906,250,-162.132080078125,-0.6485283374786377,4.471071243286133,0.050000011920928955,1226500
12,4907,250,-134.21859741210938,-0.5368744134902954,4.551478385925293,0.050000011920928955,1226750
12,4908,250,-215.8582763671875,-0.8634331226348877,4.369870185852051,0.050000011920928955,1227000
12,4909,250,-175.81253051757812,-0.7032501101493835,4.718894958496094,0.050000011920928955,1227250
12,4910,250,-192.97775268554688,-0.7719110250473022,4.540151119232178,0.050000011920928955,1227500
12,4911,250,-109.5888900756836,-0.43835556507110596,4.474617004394531,0.050000011920928955,1227750
12,4912,250,-102.39562225341797,-0.4095824956893921,4.386490821838379,0.050000011920928955,1228000
12,4913,250,-175.00843811035156,-0.7000337243080139,4.587729454040527,0.050000011920928955,1228250
12,4914,250,-278.3966979980469,-1.1135867834091187,4.534694194793701,0.050000011920928955,1228500
12,4915,250,-219.8145751953125,-0.8792582750320435,4.356644630432129,0.050000011920928955,1228750
12,4916,250,-169.2066192626953,-0.6768264770507812,4.479230880737305,0.050000011920928955,1229000
12,4917,250,-128.12734985351562,-0.5125094056129456,4.7403483390808105,0.050000011920928955,1229250
12,4918,250,-160.4631805419922,-0.6418527364730835,4.331146717071533,0.050000011920928955,1229500
12,4919,250,-147.98219299316406,-0.5919287800788879,4.333162784576416,0.050000011920928955,1229750
12,4920,250,-88.4443130493164,-0.3537772595882416,4.37130880355835,0.050000011920928955,1230000
12,4921,250,-202.86865234375,-0.811474621295929,4.42256498336792,0.050000011920928955,1230250
12,4922,250,-117.81298828125,-0.4712519645690918,4.2298126220703125,0.050000011920928955,1230500
12,4923,250,-259.4546813964844,-1.0378186702728271,4.190759181976318,0.050000011920928955,1230750
12,4924,250,-193.4345703125,-0.7737382650375366,4.117032527923584,0.050000011920928955,1231000
12,4925,250,-124.67730712890625,-0.49870923161506653,4.2579026222229,0.050000011920928955,1231250
12,4926,250,-143.50839233398438,-0.5740335583686829,4.111824989318848,0.050000011920928955,1231500
12,4927,250,-185.16761779785156,-0.7406704425811768,4.107512474060059,0.050000011920928955,1231750
12,4928,250,-179.40640258789062,-0.717625617980957,4.114106178283691,0.050000011920928955,1232000
12,4929,250,-103.82925415039062,-0.41531702876091003,4.4549031257629395,0.050000011920928955,1232250
12,4930,250,-232.6670379638672,-0.9306681752204895,4.221585273742676,0.050000011920928955,1232500
12,4931,250,-146.75413513183594,-0.5870165228843689,4.30430269241333,0.050000011920928955,1232750
12,4932,250,-111.61900329589844,-0.446476012468338,4.126007556915283,0.050000011920928955,1233000
12,4933,250,-134.3487548828125,-0.5373950004577637,4.441751003265381,0.050000011920928955,1233250
12,4934,250,-223.52999877929688,-0.8941199779510498,4.464463233947754,0.050000011920928955,1233500
12,4935,250,-279.3017578125,-1.1172070503234863,4.264328479766846,0.050000011920928955,1233750
12,4936,250,-115.07369232177734,-0.46029478311538696,4.356122970581055,0.050000011920928955,1234000
12,4937,250,-155.9203643798828,-0.6236814856529236,4.376646995544434,0.050000011920928955,1234250
12,4938,250,-129.2301483154297,-0.5169205665588379,4.179392337799072,0.050000011920928955,1234500
12,4939,250,-173.7244110107422,-0.6948976516723633,4.258213520050049,0.050000011920928955,1234750
12,4940,250,-177.8187713623047,-0.7112751007080078,4.225360870361328,0.050000011920928955,1235000
12,4941,250,-286.0047912597656,-1.1440191268920898,4.677721977233887,0.050000011920928955,1235250
12,4942,250,-289.36895751953125,-1.1574758291244507,4.438782691955566,0.050000011920928955,1235500
12,4943,250,-186.20684814453125,-0.744827389717102,4.33017635345459,0.050000011920928955,1235750
12,4944,250,-217.61087036132812,-0.8704434633255005,4.207676410675049,0.050000011920928955,1236000
12,4945,250,-175.32711791992188,-0.7013084888458252,4.812958240509033,0.050000011920928955,1236250
12,4946,250,-179.99185180664062,-0.7199674248695374,4.484323501586914,0.050000011920928955,1236500
12,4947,250,-164.06761169433594,-0.656270444393158,4.373627662658691,0.050000011920928955,1236750
12,4948,250,-174.96078491210938,-0.699843168258667,4.201875686645508,0.050000011920928955,1237000
12,4949,250,-112.39332580566406,-0.4495733082294464,4.52515983581543,0.050000011920928955,1237250
12,4950,250,-248.34979248046875,-0.9933991432189941,4.409082412719727,0.050000011920928955,1237500
12,4951,250,-212.07989501953125,-0.8483195900917053,4.337867259979248,0.050000011920928955,1237750
12,4952,250,-83.75079345703125,-0.33500316739082336,4.331049919128418,0.050000011920928955,1238000
12,4953,250,-6.758345127105713,-0.027033381164073944,4.822000980377197,0.050000011920928955,1238250
12,4954,250,-203.69705200195312,-0.8147882223129272,4.5394511222839355,0.050000011920928955,1238500
12,4955,250,-125.51934051513672,-0.5020773410797119,4.548060417175293,0.050000011920928955,1238750
12,4956,250,-203.36143493652344,-0.8134457468986511,4.3385396003723145,0.050000011920928955,1239000
12,4957,250,-159.38015747070312,-0.6375206112861633,4.452787399291992,0.050000011920928955,1239250
12,4958,250,-168.22607421875,-0.6729043126106262,4.564446449279785,0.050000011920928955,1239500
12,4959,250,-200.047119140625,-0.8001884818077087,4.490687370300293,0.050000011920928955,1239750
12,4960,250,-275.3748474121094,-1.1014994382858276,4.370962142944336,0.050000011920928955,1240000
12,4961,250,-174.47149658203125,-0.6978859901428223,4.68244743347168,0.050000011920928955,1240250
12,4962,250,-91.13111877441406,-0.3645244836807251,4.467996120452881,0.050000011920928955,1240500
12,4963,250,-108.21068572998047,-0.4328427314758301,4.383884429931641,0.050000011920928955,1240750
12,4964,250,-158.86167907714844,-0.6354467272758484,4.198422908782959,0.050000011920928955,1241000
12,4965,250,-82.50529479980469,-0.3300211727619171,4.953639984130859,0.050000011920928955,1241250
12,4966,250,-109.81291198730469,-0.4392516613006592,4.709832191467285,0.050000011920928955,1241500
12,4967,250,-138.4620361328125,-0.553848147392273,4.681114673614502,0.050000011920928955,1241750
12,4968,250,-129.4503631591797,-0.5178014636039734,4.748107433319092,0.050000011920928955,1242000
12,4969,250,-91.90188598632812,-0.3676075339317322,5.202582359313965,0.050000011920928955,1242250
12,4970,250,-205.09352111816406,-0.820374071598053,4.828762054443359,0.050000011920928955,1242500
12,4971,250,-160.68348693847656,-0.6427339315414429,4.645296096801758,0.050000011920928955,1242750
12,4972,250,-148.53067016601562,-0.5941227078437805,4.6954474449157715,0.050000011920928955,1243000
12,4973,250,-83.98200225830078,-0.3359280228614807,5.235655307769775,0.050000011920928955,1243250
12,4974,250,-321.3035583496094,-1.2852141857147217,5.03999662399292,0.050000011920928955,1243500
12,4975,250,-317.34130859375,-1.2693651914596558,5.022311210632324,0.050000011920928955,1243750
12,4976,250,-107.75125122070312,-0.43100500106811523,4.984732151031494,0.050000011920928955,1244000
12,4977,250,-127.66129302978516,-0.5106451511383057,5.529862403869629,0.050000011920928955,1244250
12,4978,250,-120.89168548583984,-0.4835667312145233,5.323051929473877,0.050000011920928955,1244500
12,4979,250,-116.90158081054688,-0.4676063358783722,5.32589864730835,0.050000011920928955,1244750
12,4980,250,-103.96305084228516,-0.4158521890640259,4.9668684005737305,0.050000011920928955,1245000
12,4981,250,-139.35032653808594,-0.5574012994766235,5.504866600036621,0.050000011920928955,1245250
12,4982,250,-142.40650939941406,-0.5696260333061218,5.313594341278076,0.050000011920928955,1245500
12,4983,250,-72.7103042602539,-0.2908412218093872,5.328370571136475,0.050000011920928955,1245750
12,4984,250,-97.19872283935547,-0.3887948989868164,5.271674633026123,0.050000011920928955,1246000
12,4985,250,-67.53482055664062,-0.27013927698135376,5.569040775299072,0.050000011920928955,1246250
12,4986,250,-73.65476989746094,-0.294619083404541,5.264901638031006,0.050000011920928955,1246500
12,4987,250,-60.46467208862305,-0.24185869097709656,5.392187118530273,0.050000011920928955,1246750
12,4988,250,-34.091087341308594,-0.13636435568332672,5.32648229598999,0.050000011920928955,1247000
12,4989,250,-97.86251831054688,-0.39145007729530334,5.615877628326416,0.050000011920928955,1247250
12,4990,250,-54.22317123413086,-0.21689268946647644,5.552359104156494,0.050000011920928955,1247500
12,4991,250,6.781756401062012,0.02712702564895153,5.476249694824219,0.050000011920928955,1247750
12,4992,250,-58.21619415283203,-0.23286478221416473,5.363255023956299,0.050000011920928955,1248000
12,4993,250,-0.5515027046203613,-0.0022060107439756393,5.442656993865967,0.050000011920928955,1248250
12,4994,250,-24.156078338623047,-0.09662431478500366,5.5737385749816895,0.050000011920928955,1248500
12,4995,250,-42.67817306518555,-0.1707126945257187,5.285989284515381,0.050000011920928955,1248750
12,4996,250,-23.021011352539062,-0.09208404272794724,5.437506198883057,0.050000011920928955,1249000
12,4997,250,-46.64920425415039,-0.1865968108177185,5.581275939941406,0.050000011920928955,1249250
12,4998,250,-162.39125061035156,-0.6495649814605713,5.542635440826416,0.050000011920928955,1249500
12,4999,250,-52.97276306152344,-0.2118910551071167,5.349249839782715,0.050000011920928955,1249750
12,5000,250,-70.92345428466797,-0.2836938202381134,5.226114749908447,0.050000011920928955,1250000
12,5001,250,4.72475528717041,0.018899021670222282,5.534703254699707,0.050000011920928955,1250250
12,5002,250,-15.631677627563477,-0.06252671033143997,5.6668620109558105,0.050000011920928955,1250500
12,5003,250,-84.20272827148438,-0.3368109166622162,5.428409576416016,0.050000011920928955,1250750
12,5004,250,-51.95176315307617,-0.2078070491552353,5.342665195465088,0.050000011920928955,1251000
12,5005,250,-55.56057357788086,-0.2222422957420349,5.1691765785217285,0.050000011920928955,1251250
12,5006,250,-221.4486846923828,-0.8857947587966919,5.170547008514404,0.050000011920928955,1251500
12,5007,250,-23.774181365966797,-0.09509672224521637,5.059369087219238,0.050000011920928955,1251750
12,5008,250,-139.2955780029297,-0.5571823120117188,4.6875,0.050000011920928955,1252000
12,5009,250,-52.38001251220703,-0.20952005684375763,4.85477876663208,0.050000011920928955,1252250
12,5010,250,-17.34113883972168,-0.06936455518007278,4.893648147583008,0.050000011920928955,1252500
12,5011,250,-119.80438995361328,-0.4792175590991974,4.671481609344482,0.050000011920928955,1252750
12,5012,250,-65.86267852783203,-0.2634507119655609,4.872206211090088,0.050000011920928955,1253000
12,5013,250,-78.3382339477539,-0.31335294246673584,4.840932369232178,0.050000011920928955,1253250
12,5014,250,-83.41570281982422,-0.33366280794143677,4.842070579528809,0.050000011920928955,1253500
12,5015,250,-83.471923828125,-0.3338876962661743,4.767224311828613,0.050000011920928955,1253750
12,5016,250,-17.287809371948242,-0.06915123760700226,4.668938636779785,0.050000011920928955,1254000
12,5017,250,-81.7992172241211,-0.32719686627388,4.597029685974121,0.050000011920928955,1254250
12,5018,250,-77.99673461914062,-0.3119869530200958,4.63157320022583,0.050000011920928955,1254500
12,5019,250,-83.55469512939453,-0.3342187702655792,4.647746562957764,0.050000011920928955,1254750
12,5020,250,-39.51463317871094,-0.1580585390329361,4.728535175323486,0.050000011920928955,1255000
12,5021,250,-101.4288101196289,-0.4057152271270752,4.6631598472595215,0.050000011920928955,1255250
12,5022,250,-62.36766815185547,-0.24947066605091095,4.330014228820801,0.050000011920928955,1255500
12,5023,250,-80.51573181152344,-0.3220629394054413,4.461589336395264,0.050000011920928955,1255750
12,5024,250,-93.9541244506836,-0.3758164942264557,4.3667707443237305,0.050000011920928955,1256000
12,5025,250,-68.23880767822266,-0.2729552388191223,4.631077766418457,0.050000011920928955,1256250
12,5026,250,-67.11087036132812,-0.2684434950351715,4.588719844818115,0.050000011920928955,1256500
12,5027,250,-19.749292373657227,-0.0789971724152565,4.576533794403076,0.050000011920928955,1256750
12,5028,250,-85.19994354248047,-0.3407997786998749,4.543191909790039,0.050000011920928955,1257000
12,5029,250,-50.468502044677734,-0.2018740028142929,4.572181224822998,0.050000011920928955,1257250
12,5030,250,-69.13933563232422,-0.2765573561191559,4.5061798095703125,0.050000011920928955,1257500
12,5031,250,-164.91026306152344,-0.6596410274505615,4.3629021644592285,0.050000011920928955,1257750
12,5032,250,-53.126747131347656,-0.2125069946050644,4.4597907066345215,0.050000011920928955,1258000
12,5033,250,-89.22166442871094,-0.3568866550922394,4.660374164581299,0.050000011920928955,1258250
12,5034,250,-132.15489196777344,-0.5286195874214172,4.57159948348999,0.050000011920928955,1258500
12,5035,250,-83.2801513671875,-0.3331206142902374,4.646678924560547,0.050000011920928955,1258750
12,5036,250,-142.47171020507812,-0.5698868632316589,4.4061503410339355,0.050000011920928955,1259000
12,5037,250,-89.25999450683594,-0.3570399880409241,4.4370036125183105,0.050000011920928955,1259250
12,5038,250,-101.80611419677734,-0.4072244465351105,4.584352016448975,0.050000011920928955,1259500
12,5039,250,-14.644855499267578,-0.058579422533512115,4.473923206329346,0.050000011920928955,1259750
12,5040,250,-88.26790618896484,-0.3530716300010681,4.507945537567139,0.050000011920928955,1260000
12,5041,250,-3.9833898544311523,-0.015933560207486153,4.542148113250732,0.050000011920928955,1260250
12,5042,250,-76.87857055664062,-0.3075142800807953,4.460558891296387,0.050000011920928955,1260500
12,5043,250,-79.7541732788086,-0.319016695022583,4.313106060028076,0.050000011920928955,1260750
12,5044,250,-147.3665313720703,-0.5894661545753479,4.452028751373291,0.050000011920928955,1261000
12,5045,250,-135.94921875,-0.5437968969345093,4.647878646850586,0.050000011920928955,1261250
12,5046,250,-210.49977111816406,-0.8419991135597229,4.563375473022461,0.050000011920928955,1261500
12,5047,250,-56.597434997558594,-0.22638973593711853,4.499185562133789,0.050000011920928955,1261750
12,5048,250,-194.93234252929688,-0.7797293663024902,4.345821380615234,0.050000011920928955,1262000
12,5049,250,-200.2172393798828,-0.8008689284324646,4.666761875152588,0.050000011920928955,1262250
12,5050,250,-159.77354431152344,-0.6390941739082336,4.45472526550293,0.050000011920928955,1262500
12,5051,250,-323.802001953125,-1.2952079772949219,4.413834571838379,0.050000011920928955,1262750
12,5052,250,-457.70306396484375,-1.8308122158050537,4.316990852355957,0.050000011920928955,1263000
12,5053,250,-51.1698112487793,-0.20467925071716309,4.575743675231934,0.050000011920928955,1263250
12,5054,250,-148.8053741455078,-0.5952215194702148,4.438287734985352,0.050000011920928955,1263500
12,5055,250,-482.9108581542969,-1.9316434860229492,4.398169040679932,0.050000011920928955,1263750
12,5056,250,-108.98766326904297,-0.4359506666660309,4.079668045043945,0.050000011920928955,1264000
12,5057,250,-46.69289779663086,-0.18677158653736115,4.492091655731201,0.050000011920928955,1264250
12,5058,250,-170.9560089111328,-0.6838240623474121,4.320367336273193,0.050000011920928955,1264500
12,5059,250,-317.748779296875,-1.2709951400756836,4.349474906921387,0.050000011920928955,1264750
12,5060,250,-65.0655517578125,-0.26026222109794617,4.498022079467773,0.050000011920928955,1265000
12,5061,250,-128.97756958007812,-0.515910267829895,4.617585182189941,0.050000011920928955,1265250
12,5062,250,-102.58198547363281,-0.4103279411792755,4.348435401916504,0.050000011920928955,1265500
12,5063,250,-77.22185516357422,-0.30888742208480835,4.183839797973633,0.050000011920928955,1265750
12,5064,250,-60.03240203857422,-0.24012960493564606,4.260863304138184,0.050000011920928955,1266000
12,5065,250,-38.969390869140625,-0.15587756037712097,4.539658546447754,0.050000011920928955,1266250
12,5066,250,-134.3794708251953,-0.5375179052352905,4.41803503036499,0.050000011920928955,1266500
12,5067,250,-129.84750366210938,-0.5193899869918823,4.235499858856201,0.050000011920928955,1266750
12,5068,250,-119.00248718261719,-0.47600993514060974,4.2494001388549805,0.050000011920928955,1267000
12,5069,250,-56.75511169433594,-0.22702044248580933,4.25151252746582,0.050000011920928955,1267250
12,5070,250,54.857940673828125,0.21943175792694092,4.1572113037109375,0.050000011920928955,1267500
12,5071,250,1.733339786529541,0.0069333589635789394,4.09767484664917,0.050000011920928955,1267750
12,5072,250,-39.8626823425293,-0.1594507247209549,4.164698123931885,0.050000011920928955,1268000
12,5073,250,10.007447242736816,0.04002979025244713,4.1737446784973145,0.050000011920928955,1268250
12,5074,250,-18.025419235229492,-0.07210167497396469,4.101101875305176,0.050000011920928955,1268500
12,5075,250,-42.42165756225586,-0.16968663036823273,4.151890754699707,0.050000011920928955,1268750
12,5076,250,-64.1251449584961,-0.25650057196617126,3.9992587566375732,0.050000011920928955,1269000
12,5077,250,-55.96784591674805,-0.2238713800907135,4.232840538024902,0.050000011920928955,1269250
12,5078,250,-23.72895050048828,-0.09491579979658127,4.156594276428223,0.050000011920928955,1269500
12,5079,250,-55.185279846191406,-0.2207411229610443,4.116863250732422,0.050000011920928955,1269750
12,5080,250,-107.81593322753906,-0.4312637448310852,4.071122169494629,0.050000011920928955,1270000
12,5081,250,-37.0601806640625,-0.14824071526527405,4.129024982452393,0.050000011920928955,1270250
12,5082,250,12.661548614501953,0.05064619332551956,4.150451183319092,0.050000011920928955,1270500
12,5083,250,-61.0867919921875,-0.24434716999530792,3.9462785720825195,0.050000011920928955,1270750
12,5084,250,-77.34013366699219,-0.309360533952713,4.103392601013184,0.050000011920928955,1271000
12,5085,250,14.144850730895996,0.05657940357923508,4.034667491912842,0.050000011920928955,1271250
12,5086,250,-83.1680679321289,-0.33267226815223694,4.165374279022217,0.050000011920928955,1271500
12,5087,250,-63.44099807739258,-0.25376400351524353,4.0806169509887695,0.050000011920928955,1271750
12,5088,250,-56.73025131225586,-0.22692100703716278,4.082458019256592,0.050000011920928955,1272000
12,5089,250,-14.350641250610352,-0.05740256607532501,4.105755805969238,0.050000011920928955,1272250
12,5090,250,-68.34822082519531,-0.2733928859233856,3.9207634925842285,0.050000011920928955,1272500
12,5091,250,-64.80301666259766,-0.25921207666397095,3.9756367206573486,0.050000011920928955,1272750
12,5092,250,-46.44814682006836,-0.18579258024692535,3.971782922744751,0.050000011920928955,1273000
12,5093,250,-38.47045135498047,-0.15388180315494537,4.096999645233154,0.050000011920928955,1273250
12,5094,250,-41.903751373291016,-0.16761501133441925,4.029836177825928,0.050000011920928955,1273500
12,5095,250,-55.41195297241211,-0.22164781391620636,3.9610090255737305,0.050000011920928955,1273750
12,5096,250,-7.459010124206543,-0.02983603999018669,3.9367496967315674,0.050000011920928955,1274000
12,5097,250,36.18505859375,0.1447402387857437,3.9281654357910156,0.050000011920928955,1274250
12,5098,250,-11.928194999694824,-0.0477127805352211,3.9641425609588623,0.050000011920928955,1274500
12,5099,250,-1.574523687362671,-0.006298094522207975,3.7416536808013916,0.050000011920928955,1274750
12,5100,250,-42.469539642333984,-0.16987815499305725,4.01680850982666,0.050000011920928955,1275000
12,5101,250,-6.896646499633789,-0.02758658677339554,3.9269773960113525,0.050000011920928955,1275250
12,5102,250,-33.15047836303711,-0.13260191679000854,3.8892507553100586,0.050000011920928955,1275500
12,5103,250,-36.103973388671875,-0.14441590011119843,3.9869582653045654,0.050000011920928955,1275750
12,5104,250,-127.56831359863281,-0.510273277759552,3.8779799938201904,0.050000011920928955,1276000
12,5105,250,-50.567989349365234,-0.2022719532251358,4.037153720855713,0.050000011920928955,1276250
12,5106,250,6.594564914703369,0.02637825906276703,3.9658820629119873,0.050000011920928955,1276500
12,5107,250,-50.24376678466797,-0.20097506046295166,3.977400064468384,0.050000011920928955,1276750
12,5108,250,-25.178077697753906,-0.10071231424808502,3.928204298019409,0.050000011920928955,1277000
12,5109,250,-56.94442367553711,-0.22777768969535828,4.082816123962402,0.050000011920928955,1277250
12,5110,250,-132.22190856933594,-0.5288876295089722,3.94362211227417,0.050000011920928955,1277500
12,5111,250,-59.834102630615234,-0.23933641612529755,3.986525774002075,0.050000011920928955,1277750
12,5112,250,-85.18182373046875,-0.340727299451828,3.830580472946167,0.050000011920928955,1278000
12,5113,250,10.078214645385742,0.040312860161066055,4.177353858947754,0.050000011920928955,1278250
12,5114,250,-57.23960494995117,-0.22895841300487518,3.910478115081787,0.050000011920928955,1278500
12,5115,250,-44.88027572631836,-0.1795210987329483,3.9830479621887207,0.050000011920928955,1278750
12,5116,250,35.010704040527344,0.14004281163215637,3.8711626529693604,0.050000011920928955,1279000
12,5117,250,-30.586280822753906,-0.12234511971473694,4.155440807342529,0.050000011920928955,1279250
12,5118,250,26.3211612701416,0.10528464615345001,3.8703672885894775,0.050000011920928955,1279500
12,5119,250,-27.30150604248047,-0.10920602083206177,3.8010027408599854,0.050000011920928955,1279750
12,5120,250,1.1285265684127808,0.004514106083661318,3.805872917175293,0.050000011920928955,1280000
12,5121,250,-4.584708213806152,-0.01833883300423622,4.101639747619629,0.050000011920928955,1280250
12,5122,250,58.39811706542969,0.2335924655199051,4.019636154174805,0.050000011920928955,1280500
12,5123,250,-5.764795780181885,-0.023059183731675148,3.973196029663086,0.050000011920928955,1280750
12,5124,250,-47.330753326416016,-0.18932300806045532,3.823408842086792,0.050000011920928955,1281000
12,5125,250,-27.4373836517334,-0.10974953323602676,4.105095386505127,0.050000011920928955,1281250
12,5126,250,-32.79905319213867,-0.13119621574878693,3.936861038208008,0.050000011920928955,1281500
12,5127,250,-87.122314453125,-0.34848925471305847,3.7461860179901123,0.050000011920928955,1281750
12,5128,250,123.03784942626953,0.4921514093875885,3.7503442764282227,0.050000011920928955,1282000
12,5129,250,-19.313501358032227,-0.07725400477647781,3.9371654987335205,0.050000011920928955,1282250
12,5130,250,-14.79245376586914,-0.05916981399059296,4.032693386077881,0.050000011920928955,1282500
12,5131,250,108.63832092285156,0.4345532953739166,3.9031920433044434,0.050000011920928955,1282750
12,5132,250,-8.476228713989258,-0.03390491381287575,3.8773508071899414,0.050000011920928955,1283000
12,5133,250,-46.62793731689453,-0.18651175498962402,4.0219526290893555,0.050000011920928955,1283250
12,5134,250,265.5307312011719,1.0621229410171509,4.080594062805176,0.050000011920928955,1283500
12,5135,250,75.30575561523438,0.3012230098247528,3.7917673587799072,0.050000011920928955,1283750
12,5136,250,-37.10641098022461,-0.1484256386756897,4.02692174911499,0.050000011920928955,1284000
12,5137,250,-15.835721969604492,-0.06334288418292999,4.070987224578857,0.050000011920928955,1284250
12,5138,250,-58.06006622314453,-0.23224025964736938,3.8601787090301514,0.050000011920928955,1284500
12,5139,250,-47.682132720947266,-0.19072853028774261,3.7933428287506104,0.050000011920928955,1284750
12,5140,250,3.7054214477539062,0.01482168585062027,3.7813198566436768,0.050000011920928955,1285000
12,5141,250,-3.7876198291778564,-0.015150479041039944,3.8679261207580566,0.050000011920928955,1285250
12,5142,250,3.4665756225585938,0.0138663025572896,3.8755290508270264,0.050000011920928955,1285500
12,5143,250,-53.158714294433594,-0.2126348614692688,3.7425246238708496,0.050000011920928955,1285750
12,5144,250,53.73973083496094,0.21495892107486725,3.941194534301758,0.050000011920928955,1286000
12,5145,250,6.62954044342041,0.026518162339925766,4.019729137420654,0.050000011920928955,1286250
12,5146,250,-36.401756286621094,-0.14560702443122864,3.8940281867980957,0.050000011920928955,1286500
12,5147,250,25.184490203857422,0.10073795914649963,3.974513530731201,0.050000011920928955,1286750
12,5148,250,-3.013624906539917,-0.012054499238729477,3.8005011081695557,0.050000011920928955,1287000
12,5149,250,31.853525161743164,0.12741410732269287,3.8410580158233643,0.050000011920928955,1287250
12,5150,250,41.530975341796875,0.1661238968372345,3.889716863632202,0.050000011920928955,1287500
12,5151,250,-29.1709041595459,-0.11668361723423004,3.9702813625335693,0.050000011920928955,1287750
12,5152,250,13.110552787780762,0.05244221165776253,3.723965883255005,0.050000011920928955,1288000
12,5153,250,29.54576301574707,0.11818305402994156,4.0565595626831055,0.050000011920928955,1288250
12,5154,250,3.6744580268859863,0.014697832055389881,3.760298252105713,0.050000011920928955,1288500
12,5155,250,-7.4939680099487305,-0.029975872486829758,3.938201904296875,0.050000011920928955,1288750
12,5156,250,14.242843627929688,0.05697137489914894,3.8188469409942627,0.050000011920928955,1289000
12,5157,250,-143.68727111816406,-0.5747491121292114,3.9833812713623047,0.050000011920928955,1289250
12,5158,250,-37.567291259765625,-0.15026916563510895,4.098278045654297,0.050000011920928955,1289500
12,5159,250,-59.92009353637695,-0.23968037962913513,3.921706199645996,0.050000011920928955,1289750
12,5160,250,48.50130844116211,0.19400523602962494,3.962430000305176,0.050000011920928955,1290000
12,5161,250,81.31658172607422,0.3252663314342499,4.004848480224609,0.050000011920928955,1290250
12,5162,250,1.856738567352295,0.007426954340189695,4.040780067443848,0.050000011920928955,1290500
12,5163,250,-57.76800537109375,-0.23107202351093292,3.918884754180908,0.050000011920928955,1290750
12,5164,250,91.6935806274414,0.366774320602417,4.041207790374756,0.050000011920928955,1291000
12,5165,250,36.3076057434082,0.14523042738437653,4.038312911987305,0.050000011920928955,1291250
12,5166,250,61.559654235839844,0.2462386190891266,3.9943344593048096,0.050000011920928955,1291500
12,5167,250,53.77252197265625,0.2150900810956955,3.7653305530548096,0.050000011920928955,1291750
12,5168,250,-70.66575622558594,-0.2826630175113678,3.9032821655273438,0.050000011920928955,1292000
12,5169,250,41.27289962768555,0.1650916039943695,4.045560359954834,0.050000011920928955,1292250
12,5170,250,65.26438903808594,0.2610575556755066,3.883357286453247,0.050000011920928955,1292500
12,5171,250,10.703845977783203,0.04281538352370262,3.826079845428467,0.050000011920928955,1292750
12,5172,250,46.98607635498047,0.18794430792331696,3.780930519104004,0.050000011920928955,1293000
12,5173,250,-18.993167877197266,-0.07597266882658005,4.031623363494873,0.050000011920928955,1293250
12,5174,250,34.82179260253906,0.13928717374801636,3.9279847145080566,0.050000011920928955,1293500
12,5175,250,42.57579803466797,0.17030319571495056,3.789238214492798,0.050000011920928955,1293750
12,5176,250,-32.55271911621094,-0.13021087646484375,3.638234853744507,0.050000011920928955,1294000
12,5177,250,50.97819137573242,0.20391276478767395,4.036660671234131,0.050000011920928955,1294250
12,5178,250,-2.244091272354126,-0.008976365439593792,3.7889490127563477,0.050000011920928955,1294500
12,5179,250,16.549476623535156,0.06619790941476822,3.638385534286499,0.050000011920928955,1294750
12,5180,250,31.565387725830078,0.12626154720783234,3.676161050796509,0.050000011920928955,1295000
12,5181,250,-24.967063903808594,-0.09986825287342072,3.9052340984344482,0.050000011920928955,1295250
12,5182,250,22.403915405273438,0.08961565792560577,3.7249808311462402,0.050000011920928955,1295500
12,5183,250,52.64680480957031,0.21058721840381622,3.843177318572998,0.050000011920928955,1295750
12,5184,250,-4.52065372467041,-0.018082614988088608,3.499183416366577,0.050000011920928955,1296000
12,5185,250,-12.780823707580566,-0.05112329497933388,3.820148229598999,0.050000011920928955,1296250
12,5186,250,52.57118606567383,0.2102847397327423,3.7258036136627197,0.050000011920928955,1296500
12,5187,250,52.35469436645508,0.20941877365112305,3.7999746799468994,0.050000011920928955,1296750
12,5188,250,42.94142532348633,0.17176569998264313,3.5436346530914307,0.050000011920928955,1297000
12,5189,250,41.523582458496094,0.1660943329334259,3.528132438659668,0.050000011920928955,1297250
12,5190,250,40.659446716308594,0.16263778507709503,3.684314489364624,0.050000011920928955,1297500
12,5191,250,30.963420867919922,0.12385368347167969,3.5180132389068604,0.050000011920928955,1297750
12,5192,250,7.7944416999816895,0.031177766621112823,3.5669353008270264,0.050000011920928955,1298000
12,5193,250,-20.32716178894043,-0.08130864799022675,3.6587862968444824,0.050000011920928955,1298250
12,5194,250,38.8673210144043,0.15546928346157074,3.417842149734497,0.050000011920928955,1298500
12,5195,250,58.93449020385742,0.23573796451091766,3.3086490631103516,0.050000011920928955,1298750
12,5196,250,-11.504369735717773,-0.04601747915148735,3.385455846786499,0.050000011920928955,1299000
12,5197,250,50.247501373291016,0.2009900063276291,3.642397403717041,0.050000011920928955,1299250
12,5198,250,-12.568540573120117,-0.050274163484573364,3.6171858310699463,0.050000011920928955,1299500
12,5199,250,-18.109256744384766,-0.07243702560663223,3.4491989612579346,0.050000011920928955,1299750
12,5200,250,-18.718090057373047,-0.07487235963344574,3.456214427947998,0.050000011920928955,1300000
12,5201,250,94.33540344238281,0.377341628074646,3.6362292766571045,0.050000011920928955,1300250
12,5202,250,48.181236267089844,0.19272494316101074,3.446152687072754,0.050000011920928955,1300500
12,5203,250,-33.87916946411133,-0.1355166733264923,3.388188600540161,0.050000011920928955,1300750
12,5204,250,1.1777193546295166,0.004710877314209938,3.4152402877807617,0.050000011920928955,1301000
12,5205,250,23.02613639831543,0.09210454672574997,3.6053109169006348,0.050000011920928955,1301250
12,5206,250,-0.9324682950973511,-0.003729873104020953,3.480971336364746,0.050000011920928955,1301500
12,5207,250,-20.362985610961914,-0.08145194500684738,3.4988038539886475,0.050000011920928955,1301750
12,5208,250,-33.810218811035156,-0.13524088263511658,3.4632246494293213,0.050000011920928955,1302000
12,5209,250,216.45228576660156,0.8658091425895691,3.573890447616577,0.050000011920928955,1302250
12,5210,250,-10.326773643493652,-0.04130709543824196,3.3462836742401123,0.050000011920928955,1302500
12,5211,250,78.11011505126953,0.3124404549598694,3.184109926223755,0.050000011920928955,1302750
12,5212,250,-10.455013275146484,-0.04182005301117897,3.4138715267181396,0.050000011920928955,1303000
12,5213,250,166.65939331054688,0.6666375994682312,3.457422971725464,0.050000011920928955,1303250
12,5214,250,-13.383416175842285,-0.05353366583585739,3.393935441970825,0.050000011920928955,1303500
12,5215,250,25.013526916503906,0.10005410760641098,3.245290517807007,0.050000011920928955,1303750
12,5216,250,-8.126764297485352,-0.03250705823302269,3.281588315963745,0.050000011920928955,1304000
12,5217,250,9.780999183654785,0.03912399709224701,3.4987878799438477,0.050000011920928955,1304250
12,5218,250,25.87276268005371,0.10349105298519135,3.311109781265259,0.050000011920928955,1304500
12,5219,250,-25.67701530456543,-0.10270806401968002,3.4199788570404053,0.050000011920928955,1304750
12,5220,250,17.27943229675293,0.06911773234605789,3.262068748474121,0.050000011920928955,1305000
12,5221,250,105.13451385498047,0.420538067817688,3.4683754444122314,0.050000011920928955,1305250
12,5222,250,30.503347396850586,0.1220133900642395,3.4431958198547363,0.050000011920928955,1305500
12,5223,250,76.7913589477539,0.3071654438972473,3.3319551944732666,0.050000011920928955,1305750
12,5224,250,52.08798599243164,0.20835193991661072,3.4869632720947266,0.050000011920928955,1306000
12,5225,250,15.941239356994629,0.06376495957374573,3.4528067111968994,0.050000011920928955,1306250
12,5226,250,76.63678741455078,0.3065471351146698,3.2670183181762695,0.050000011920928955,1306500
12,5227,250,21.477161407470703,0.08590864390134811,3.1673693656921387,0.050000011920928955,1306750
12,5228,250,8.91076946258545,0.0356430783867836,3.1517207622528076,0.050000011920928955,1307000
12,5229,250,16.64530372619629,0.06658121198415756,3.452850580215454,0.050000011920928955,1307250
12,5230,250,20.428102493286133,0.08171240985393524,3.253082036972046,0.050000011920928955,1307500
12,5231,250,96.29808044433594,0.385192334651947,3.2936766147613525,0.050000011920928955,1307750
12,5232,250,42.46133804321289,0.1698453575372696,3.346569776535034,0.050000011920928955,1308000
12,5233,250,89.27326202392578,0.35709303617477417,3.6485376358032227,0.050000011920928955,1308250
12,5234,250,-18.179359436035156,-0.07271743565797806,3.544337272644043,0.050000011920928955,1308500
12,5235,250,-1.2758872509002686,-0.005103548988699913,3.56868839263916,0.050000011920928955,1308750
12,5236,250,66.0339584350586,0.26413583755493164,3.604140043258667,0.050000011920928955,1309000
12,5237,250,6.785618305206299,0.027142472565174103,3.3294737339019775,0.050000011920928955,1309250
12,5238,250,65.92648315429688,0.26370593905448914,3.253990411758423,0.050000011920928955,1309500
12,5239,250,60.56842041015625,0.24227368831634521,3.2526068687438965,0.050000011920928955,1309750
12,5240,250,67.61022186279297,0.27044087648391724,3.3406102657318115,0.050000011920928955,1310000
12,5241,250,67.17366790771484,0.268694669008255,3.2305972576141357,0.050000011920928955,1310250
12,5242,250,78.25358581542969,0.31301432847976685,3.2084736824035645,0.050000011920928955,1310500
12,5243,250,120.57667541503906,0.48230668902397156,3.3153350353240967,0.050000011920928955,1310750
12,5244,250,27.886383056640625,0.11154553294181824,3.26169490814209,0.050000011920928955,1311000
12,5245,250,-16.677358627319336,-0.06670943647623062,3.308330774307251,0.050000011920928955,1311250
12,5246,250,101.89183807373047,0.4075673520565033,3.2024075984954834,0.050000011920928955,1311500
12,5247,250,17.402523040771484,0.06961008906364441,3.1798763275146484,0.050000011920928955,1311750
12,5248,250,69.46588134765625,0.2778635323047638,3.098829507827759,0.050000011920928955,1312000
12,5249,250,115.2540283203125,0.46101611852645874,3.2450921535491943,0.050000011920928955,1312250
12,5250,250,-19.898469924926758,-0.07959388196468353,3.209005832672119,0.050000011920928955,1312500
12,5251,250,-18.6492862701416,-0.07459714263677597,3.2785823345184326,0.050000011920928955,1312750
12,5252,250,80.12773132324219,0.3205109238624573,3.1494579315185547,0.050000011920928955,1313000
12,5253,250,38.236778259277344,0.15294711291790009,3.19940185546875,0.050000011920928955,1313250
12,5254,250,71.26311492919922,0.28505244851112366,3.0624403953552246,0.050000011920928955,1313500
12,5255,250,8.893023490905762,0.03557209298014641,3.1379172801971436,0.050000011920928955,1313750
12,5256,250,35.21018981933594,0.14084075391292572,3.115323066711426,0.050000011920928955,1314000
12,5257,250,-3.2686381340026855,-0.01307455264031887,3.346888303756714,0.050000011920928955,1314250
12,5258,250,163.1141815185547,0.6524567008018494,3.2605817317962646,0.050000011920928955,1314500
12,5259,250,62.106781005859375,0.2484271228313446,3.2174954414367676,0.050000011920928955,1314750
12,5260,250,146.06141662597656,0.5842456817626953,3.159811496734619,0.050000011920928955,1315000
12,5261,250,31.953330993652344,0.12781332433223724,3.4330594539642334,0.050000011920928955,1315250
12,5262,250,15.489089965820312,0.061956360936164856,3.423007011413574,0.050000011920928955,1315500
12,5263,250,126.19763946533203,0.5047905445098877,3.271226406097412,0.050000011920928955,1315750
12,5264,250,-4.305670738220215,-0.017222683876752853,3.334724187850952,0.050000011920928955,1316000
12,5265,250,148.11520385742188,0.5924608111381531,3.565326690673828,0.050000011920928955,1316250
12,5266,250,147.09060668945312,0.588362455368042,3.4941911697387695,0.050000011920928955,1316500
12,5267,250,42.91767883300781,0.17167071998119354,3.2548911571502686,0.050000011920928955,1316750
12,5268,250,69.6620864868164,0.27864834666252136,3.3792386054992676,0.050000011920928955,1317000
12,5269,250,15.932842254638672,0.0637313723564148,3.4749298095703125,0.050000011920928955,1317250
12,5270,250,15.792991638183594,0.06317196786403656,3.413785457611084,0.050000011920928955,1317500
12,5271,250,60.77613830566406,0.24310454726219177,3.462082624435425,0.050000011920928955,1317750
12,5272,250,181.65664672851562,0.7266265749931335,3.3191192150115967,0.050000011920928955,1318000
12,5273,250,19.230112075805664,0.07692044973373413,3.326404571533203,0.050000011920928955,1318250
12,5274,250,39.8679084777832,0.15947163105010986,3.274670362472534,0.050000011920928955,1318500
12,5275,250,10.968920707702637,0.04387568309903145,3.2505710124969482,0.050000011920928955,1318750
12,5276,250,194.25698852539062,0.77702796459198,3.190669059753418,0.050000011920928955,1319000
12,5277,250,24.52617073059082,0.09810468554496765,3.22318434715271,0.050000011920928955,1319250
12,5278,250,31.448379516601562,0.12579351663589478,3.16975998878479,0.050000011920928955,1319500
12,5279,250,231.4111328125,0.9256445169448853,3.0520694255828857,0.050000011920928955,1319750
12,5280,250,262.3088684082031,1.049235463142395,3.1450259685516357,0.050000011920928955,1320000
12,5281,250,293.5423889160156,1.1741695404052734,3.305572748184204,0.050000011920928955,1320250
12,5282,250,-10.857847213745117,-0.04343139007687569,3.3756604194641113,0.050000011920928955,1320500
12,5283,250,3.219994068145752,0.012879976071417332,3.141479730606079,0.050000011920928955,1320750
12,5284,250,-11.099401473999023,-0.04439760744571686,3.2860829830169678,0.050000011920928955,1321000
12,5285,250,236.40757751464844,0.9456303119659424,3.1721556186676025,0.050000011920928955,1321250
12,5286,250,43.65040588378906,0.17460162937641144,3.18293833732605,0.050000011920928955,1321500
12,5287,250,-11.387591361999512,-0.04555036500096321,3.0957021713256836,0.050000011920928955,1321750
12,5288,250,-19.863113403320312,-0.07945245504379272,3.180560827255249,0.050000011920928955,1322000
12,5289,250,-17.58425521850586,-0.07033701986074448,3.3736274242401123,0.050000011920928955,1322250
12,5290,250,366.3309326171875,1.4653236865997314,3.196333408355713,0.050000011920928955,1322500
12,5291,250,508.5923767089844,2.034369468688965,3.1812384128570557,0.050000011920928955,1322750
12,5292,250,5.785851955413818,0.023143406957387924,3.089245557785034,0.050000011920928955,1323000
12,5293,250,333.26043701171875,1.333041787147522,3.1995623111724854,0.050000011920928955,1323250
12,5294,250,537.3726806640625,2.1494908332824707,3.124404191970825,0.050000011920928955,1323500
12,5295,250,0.3451192378997803,0.0013804769841954112,3.0910353660583496,0.050000011920928955,1323750
12,5296,250,194.55572509765625,0.778222918510437,3.073651075363159,0.050000011920928955,1324000
12,5297,250,579.7163696289062,2.3188655376434326,3.082979440689087,0.050000011920928955,1324250
12,5298,250,47.730255126953125,0.19092102348804474,2.9110612869262695,0.050000011920928955,1324500
12,5299,250,-21.077068328857422,-0.08430827409029007,2.869656562805176,0.050000011920928955,1324750
12,5300,250,14.75701904296875,0.059028077870607376,2.824401378631592,0.050000011920928955,1325000
12,5301,250,-2.832371473312378,-0.011329486034810543,3.086756467819214,0.050000011920928955,1325250
12,5302,250,2.7853848934173584,0.011141539551317692,3.0115838050842285,0.050000011920928955,1325500
12,5303,250,-9.648200988769531,-0.038592804223299026,3.009495258331299,0.050000011920928955,1325750
12,5304,250,105.79741668701172,0.4231896698474884,2.920936107635498,0.050000011920928955,1326000
12,5305,250,-9.801268577575684,-0.039205074310302734,2.996575117111206,0.050000011920928955,1326250
12,5306,250,97.99888610839844,0.39199554920196533,2.945749282836914,0.050000011920928955,1326500
12,5307,250,3.355715751647949,0.013422862626612186,2.870877742767334,0.050000011920928955,1326750
12,5308,250,-5.980402946472168,-0.02392161265015602,2.828176259994507,0.050000011920928955,1327000
12,5309,250,-15.763141632080078,-0.06305256485939026,2.914257049560547,0.050000011920928955,1327250
12,5310,250,9.896234512329102,0.0395849384367466,2.901806354522705,0.050000011920928955,1327500
12,5311,250,-18.512939453125,-0.07405176013708115,2.82566237449646,0.050000011920928955,1327750
12,5312,250,-13.326689720153809,-0.053306758403778076,2.6992697715759277,0.050000011920928955,1328000
12,5313,250,-17.167081832885742,-0.06866832822561264,2.9861257076263428,0.050000011920928955,1328250
12,5314,250,-56.54465103149414,-0.2261786013841629,2.7605645656585693,0.050000011920928955,1328500
12,5315,250,-34.22502517700195,-0.13690009713172913,2.8680269718170166,0.050000011920928955,1328750
12,5316,250,-30.6664981842041,-0.12266599386930466,2.8029847145080566,0.050000011920928955,1329000
12,5317,250,18.977216720581055,0.07590886950492859,3.048464298248291,0.050000011920928955,1329250
12,5318,250,-31.540891647338867,-0.1261635720729828,2.8470537662506104,0.050000011920928955,1329500
12,5319,250,-21.80184555053711,-0.0872073844075203,2.9683966636657715,0.050000011920928955,1329750
12,5320,250,-60.627803802490234,-0.24251121282577515,2.907142400741577,0.050000011920928955,1330000
12,5321,250,-96.19869995117188,-0.38479480147361755,3.0585715770721436,0.050000011920928955,1330250
12,5322,250,-42.81410598754883,-0.171256422996521,3.014153242111206,0.050000011920928955,1330500
12,5323,250,-15.787312507629395,-0.06314925104379654,3.0024077892303467,0.050000011920928955,1330750
12,5324,250,-37.208404541015625,-0.14883361756801605,2.9694080352783203,0.050000011920928955,1331000
12,5325,250,-52.95809555053711,-0.21183238923549652,3.138925075531006,0.050000011920928955,1331250
12,5326,250,-17.037168502807617,-0.068148672580719,3.048874616622925,0.050000011920928955,1331500
12,5327,250,-12.761167526245117,-0.05104466900229454,2.8776590824127197,0.050000011920928955,1331750
12,5328,250,114.69453430175781,0.45877814292907715,2.8815765380859375,0.050000011920928955,1332000
12,5329,250,-57.04498291015625,-0.228179931640625,3.077385187149048,0.050000011920928955,1332250
12,5330,250,-8.985001564025879,-0.035940006375312805,3.085076093673706,0.050000011920928955,1332500
12,5331,250,76.11503601074219,0.3044601380825043,3.063356399536133,0.050000011920928955,1332750
12,5332,250,-35.197757720947266,-0.14079102873802185,2.9275829792022705,0.050000011920928955,1333000
12,5333,250,91.55554962158203,0.36622220277786255,3.1109511852264404,0.050000011920928955,1333250
12,5334,250,375.7401123046875,1.502960443496704,3.040421485900879,0.050000011920928955,1333500
12,5335,250,58.670467376708984,0.2346818745136261,2.914971113204956,0.050000011920928955,1333750
12,5336,250,-6.481586933135986,-0.025926347821950912,2.916389226913452,0.050000011920928955,1334000
12,5337,250,-84.31268310546875,-0.3372507393360138,3.1546261310577393,0.050000011920928955,1334250
12,5338,250,92.5909423828125,0.3703637719154358,3.0857725143432617,0.050000011920928955,1334500
12,5339,250,147.85777282714844,0.5914310812950134,2.95819091796875,0.050000011920928955,1334750
12,5340,250,-51.26017761230469,-0.20504070818424225,3.048856258392334,0.050000011920928955,1335000
12,5341,250,-77.11050415039062,-0.30844202637672424,3.2901957035064697,0.050000011920928955,1335250
12,5342,250,-135.54202270507812,-0.5421680808067322,3.160543918609619,0.050000011920928955,1335500
12,5343,250,-64.00366973876953,-0.2560146749019623,3.0751166343688965,0.050000011920928955,1335750
12,5344,250,14.865532875061035,0.059462130069732666,3.1788489818573,0.050000011920928955,1336000
12,5345,250,-50.86515426635742,-0.20346061885356903,3.370591163635254,0.050000011920928955,1336250
12,5346,250,-116.54048156738281,-0.46616193652153015,3.4139037132263184,0.050000011920928955,1336500
12,5347,250,54.99980163574219,0.21999920904636383,3.2989094257354736,0.050000011920928955,1336750
12,5348,250,0.8449914455413818,0.003379965666681528,3.3078436851501465,0.050000011920928955,1337000
12,5349,250,-28.50550079345703,-0.11402200162410736,3.7740478515625,0.050000011920928955,1337250
12,5350,250,-59.96830368041992,-0.23987321555614471,3.6200273036956787,0.050000011920928955,1337500
12,5351,250,4.029911041259766,0.016119644045829773,3.488326072692871,0.050000011920928955,1337750
12,5352,250,25.038644790649414,0.1001545786857605,3.529306650161743,0.050000011920928955,1338000
12,5353,250,6.8553361892700195,0.027421344071626663,3.6628355979919434,0.050000011920928955,1338250
12,5354,250,-49.488739013671875,-0.1979549527168274,3.6169042587280273,0.050000011920928955,1338500
12,5355,250,-36.72433090209961,-0.1468973308801651,3.633714437484741,0.050000011920928955,1338750
12,5356,250,59.60285949707031,0.23841144144535065,3.5936625003814697,0.050000011920928955,1339000
12,5357,250,-81.23426055908203,-0.32493704557418823,3.788878917694092,0.050000011920928955,1339250
12,5358,250,-93.93157958984375,-0.3757263123989105,3.7811977863311768,0.050000011920928955,1339500
12,5359,250,20.159278869628906,0.08063711225986481,3.8225533962249756,0.050000011920928955,1339750
12,5360,250,44.32130813598633,0.17728523910045624,3.7370212078094482,0.050000011920928955,1340000
12,5361,250,-182.44342041015625,-0.7297737002372742,4.067208290100098,0.050000011920928955,1340250
12,5362,250,-197.80117797851562,-0.7912046909332275,3.7709953784942627,0.050000011920928955,1340500
12,5363,250,-86.86310577392578,-0.34745243191719055,3.864532947540283,0.050000011920928955,1340750
12,5364,250,-29.8800048828125,-0.11952001601457596,3.9749503135681152,0.050000011920928955,1341000
12,5365,250,-186.1925506591797,-0.7447702288627625,3.9951577186584473,0.050000011920928955,1341250
12,5366,250,-165.1212615966797,-0.660485029220581,3.7922091484069824,0.050000011920928955,1341500
12,5367,250,-191.105712890625,-0.7644228339195251,3.964935541152954,0.050000011920928955,1341750
12,5368,250,-124.58623504638672,-0.49834492802619934,3.9105653762817383,0.050000011920928955,1342000
12,5369,250,-203.55914306640625,-0.814236581325531,3.975572347640991,0.050000011920928955,1342250
12,5370,250,-114.73870086669922,-0.4589548110961914,4.0671892166137695,0.050000011920928955,1342500
12,5371,250,-164.0865936279297,-0.6563463807106018,3.963977098464966,0.050000011920928955,1342750
12,5372,250,-112.81879425048828,-0.45127516984939575,3.953951597213745,0.050000011920928955,1343000
12,5373,250,-15.111455917358398,-0.06044582277536392,4.162101745605469,0.050000011920928955,1343250
12,5374,250,-52.675193786621094,-0.21070078015327454,3.9374237060546875,0.050000011920928955,1343500
12,5375,250,-35.43140411376953,-0.14172561466693878,3.9171204566955566,0.050000011920928955,1343750
12,5376,250,28.67974853515625,0.11471899598836899,3.9231600761413574,0.050000011920928955,1344000
12,5377,250,59.17336654663086,0.23669347167015076,4.226877212524414,0.050000011920928955,1344250
12,5378,250,28.466800689697266,0.11386720091104507,4.076547622680664,0.050000011920928955,1344500
12,5379,250,11.740998268127441,0.04696399345993996,3.8176472187042236,0.050000011920928955,1344750
12,5380,250,-3.458228349685669,-0.01383291371166706,3.7950856685638428,0.050000011920928955,1345000
12,5381,250,18.57164764404297,0.07428658753633499,4.0632500648498535,0.050000011920928955,1345250
12,5382,250,-28.014169692993164,-0.1120566800236702,3.959970712661743,0.050000011920928955,1345500
12,5383,250,23.750635147094727,0.09500253945589066,3.8628504276275635,0.050000011920928955,1345750
12,5384,250,-15.925931930541992,-0.06370373070240021,3.8458752632141113,0.050000011920928955,1346000
12,5385,250,-26.057266235351562,-0.10422906279563904,4.134272575378418,0.050000011920928955,1346250
12,5386,250,-17.258073806762695,-0.06903229653835297,4.1482086181640625,0.050000011920928955,1346500
12,5387,250,91.60549926757812,0.36642199754714966,4.077276229858398,0.050000011920928955,1346750
12,5388,250,33.114471435546875,0.1324578821659088,4.112026691436768,0.050000011920928955,1347000
12,5389,250,-96.47465515136719,-0.385898619890213,4.275273323059082,0.050000011920928955,1347250
12,5390,250,33.39383316040039,0.13357533514499664,4.25172233581543,0.050000011920928955,1347500
12,5391,250,348.6583557128906,1.394633412361145,4.101241588592529,0.050000011920928955,1347750
12,5392,250,419.56842041015625,1.6782736778259277,4.1430745124816895,0.050000011920928955,1348000
12,5393,250,-97.19090270996094,-0.3887636065483093,4.281632423400879,0.050000011920928955,1348250
12,5394,250,-110.13703918457031,-0.4405481517314911,4.249293804168701,0.050000011920928955,1348500
12,5395,250,-62.29862976074219,-0.24919451773166656,4.125018119812012,0.050000011920928955,1348750
12,5396,250,-44.19898986816406,-0.17679595947265625,4.042023181915283,0.050000011920928955,1349000
12,5397,250,167.66702270507812,0.6706680655479431,4.399569988250732,0.050000011920928955,1349250
12,5398,250,81.05414581298828,0.3242165744304657,4.0638651847839355,0.050000011920928955,1349500
12,5399,250,2.2044878005981445,0.008817951194941998,4.065731525421143,0.050000011920928955,1349750
12,5400,250,120.67346954345703,0.4826938807964325,3.961538314819336,0.050000011920928955,1350000
12,5401,250,-54.22698211669922,-0.21690793335437775,3.992516040802002,0.050000011920928955,1350250
12,5402,250,426.4555969238281,1.7058223485946655,3.8946073055267334,0.050000011920928955,1350500
12,5403,250,48.304561614990234,0.19321824610233307,3.8342766761779785,0.050000011920928955,1350750
12,5404,250,57.46982192993164,0.22987928986549377,3.8271923065185547,0.050000011920928955,1351000
12,5405,250,47.253929138183594,0.1890157163143158,3.9142696857452393,0.050000011920928955,1351250
12,5406,250,526.0265502929688,2.1041061878204346,3.93680739402771,0.050000011920928955,1351500
12,5407,250,22.20485496520996,0.08881942182779312,3.8340041637420654,0.050000011920928955,1351750
12,5408,250,193.00465393066406,0.7720186114311218,3.7876839637756348,0.050000011920928955,1352000
12,5409,250,564.6072387695312,2.2584290504455566,3.9801268577575684,0.050000011920928955,1352250
12,5410,250,286.957275390625,1.1478290557861328,3.7164053916931152,0.050000011920928955,1352500
12,5411,250,567.1971435546875,2.2687885761260986,3.7146553993225098,0.050000011920928955,1352750
12,5412,250,275.6659240722656,1.1026637554168701,3.4859209060668945,0.050000011920928955,1353000
12,5413,250,402.9782409667969,1.6119129657745361,3.8220925331115723,0.050000011920928955,1353250
12,5414,250,83.16815185546875,0.3326725959777832,3.4870550632476807,0.050000011920928955,1353500
12,5415,250,111.99003601074219,0.44796013832092285,3.582620859146118,0.050000011920928955,1353750
12,5416,250,285.35955810546875,1.1414382457733154,3.3872897624969482,0.050000011920928955,1354000
12,5417,250,458.34539794921875,1.8333815336227417,3.4632906913757324,0.050000011920928955,1354250
12,5418,250,41.52803039550781,0.16611212491989136,3.332706928253174,0.050000011920928955,1354500
12,5419,250,273.6741943359375,1.0946967601776123,3.355745315551758,0.050000011920928955,1354750
12,5420,250,238.0603485107422,0.9522414207458496,3.123960256576538,0.050000011920928955,1355000
12,5421,250,336.84649658203125,1.3473860025405884,3.4463253021240234,0.050000011920928955,1355250
12,5422,250,256.7003479003906,1.026801347732544,3.317166328430176,0.050000011920928955,1355500
12,5423,250,508.6105651855469,2.034442186355591,3.3381004333496094,0.050000011920928955,1355750
12,5424,250,21.435325622558594,0.0857413038611412,3.0790677070617676,0.050000011920928955,1356000
12,5425,250,239.5187530517578,0.9580749869346619,3.4130165576934814,0.050000011920928955,1356250
12,5426,250,135.0356903076172,0.5401427745819092,3.2254443168640137,0.050000011920928955,1356500
12,5427,250,18.007225036621094,0.07202889770269394,3.251533269882202,0.050000011920928955,1356750
12,5428,250,67.5224609375,0.2700898349285126,3.2519590854644775,0.050000011920928955,1357000
12,5429,250,76.66793823242188,0.30667173862457275,3.4771487712860107,0.050000011920928955,1357250
12,5430,250,27.077749252319336,0.1083109974861145,3.348328113555908,0.050000011920928955,1357500
12,5431,250,13.781559944152832,0.055126238614320755,3.2954912185668945,0.050000011920928955,1357750
12,5432,250,-35.24587631225586,-0.14098350703716278,3.3051674365997314,0.050000011920928955,1358000
12,5433,250,-6.263149261474609,-0.025052597746253014,3.3571579456329346,0.050000011920928955,1358250
12,5434,250,165.01165771484375,0.6600466370582581,3.4662370681762695,0.050000011920928955,1358500
12,5435,250,-47.873653411865234,-0.19149461388587952,3.4229156970977783,0.050000011920928955,1358750
12,5436,250,261.8307800292969,1.0473231077194214,3.322218894958496,0.050000011920928955,1359000
12,5437,250,48.660526275634766,0.19464211165905,3.6081931591033936,0.050000011920928955,1359250
12,5438,250,136.90817260742188,0.5476326942443848,3.5356059074401855,0.050000011920928955,1359500
12,5439,250,231.18089294433594,0.9247235655784607,3.5230886936187744,0.050000011920928955,1359750
12,5440,250,145.39608764648438,0.5815843343734741,3.4237711429595947,0.050000011920928955,1360000
12,5441,250,57.2647819519043,0.2290591299533844,3.6468403339385986,0.050000011920928955,1360250
12,5442,250,297.990966796875,1.1919639110565186,3.440514326095581,0.050000011920928955,1360500
12,5443,250,230.81715393066406,0.9232686161994934,3.5387988090515137,0.050000011920928955,1360750
12,5444,250,197.70465087890625,0.7908186316490173,3.4637978076934814,0.050000011920928955,1361000
12,5445,250,196.3310546875,0.785324215888977,3.577683210372925,0.050000011920928955,1361250
12,5446,250,67.8392105102539,0.27135685086250305,3.5166537761688232,0.050000011920928955,1361500
12,5447,250,38.58625030517578,0.15434500575065613,3.3238651752471924,0.050000011920928955,1361750
12,5448,250,47.3598747253418,0.18943950533866882,3.3921151161193848,0.050000011920928955,1362000
12,5449,250,89.94676208496094,0.3597870469093323,3.4768786430358887,0.050000011920928955,1362250
12,5450,250,224.74716186523438,0.898988664150238,3.5194778442382812,0.050000011920928955,1362500
12,5451,250,52.90205764770508,0.21160823106765747,3.5592100620269775,0.050000011920928955,1362750
12,5452,250,132.8882598876953,0.5315530300140381,3.482703447341919,0.050000011920928955,1363000
12,5453,250,109.318359375,0.43727344274520874,3.6860251426696777,0.050000011920928955,1363250
12,5454,250,10.581620216369629,0.04232648015022278,3.642850399017334,0.050000011920928955,1363500
12,5455,250,139.61282348632812,0.5584512948989868,3.5158958435058594,0.050000011920928955,1363750
12,5456,250,292.5058288574219,1.1700233221054077,3.6183362007141113,0.050000011920928955,1364000
12,5457,250,16.39557456970215,0.06558229774236679,3.775181293487549,0.050000011920928955,1364250
12,5458,250,-0.2958526015281677,-0.001183410407975316,3.6487255096435547,0.050000011920928955,1364500
12,5459,250,133.94461059570312,0.5357784628868103,3.6377720832824707,0.050000011920928955,1364750
12,5460,250,51.74186706542969,0.20696747303009033,3.473287582397461,0.050000011920928955,1365000
12,5461,250,-2.25813627243042,-0.009032544679939747,3.7235515117645264,0.050000011920928955,1365250
12,5462,250,4.803479194641113,0.01921391673386097,3.658447742462158,0.050000011920928955,1365500
12,5463,250,58.550148010253906,0.2342005968093872,3.697589635848999,0.050000011920928955,1365750
12,5464,250,-35.85760498046875,-0.1434304267168045,3.5733089447021484,0.050000011920928955,1366000
12,5465,250,88.13461303710938,0.35253846645355225,3.5930304527282715,0.050000011920928955,1366250
12,5466,250,-65.61166381835938,-0.26244664192199707,3.562720775604248,0.050000011920928955,1366500
12,5467,250,14.321905136108398,0.05728762224316597,3.648773431777954,0.050000011920928955,1366750
12,5468,250,25.590347290039062,0.10236138850450516,3.2720768451690674,0.050000011920928955,1367000
12,5469,250,56.633628845214844,0.22653451561927795,3.623703718185425,0.050000011920928955,1367250
12,5470,250,-30.533340454101562,-0.12213335931301117,3.433440923690796,0.050000011920928955,1367500
12,5471,250,42.29474639892578,0.16917899250984192,3.4823434352874756,0.050000011920928955,1367750
12,5472,250,72.1808853149414,0.28872352838516235,3.341787815093994,0.050000011920928955,1368000
12,5473,250,254.965087890625,1.0198603868484497,3.4815850257873535,0.050000011920928955,1368250
12,5474,250,-3.188349962234497,-0.012753400020301342,3.4470276832580566,0.050000011920928955,1368500
12,5475,250,-35.70077896118164,-0.1428031176328659,3.1979498863220215,0.050000011920928955,1368750
12,5476,250,29.846961975097656,0.11938785016536713,3.163543224334717,0.050000011920928955,1369000
12,5477,250,94.17256927490234,0.3766902685165405,3.3218865394592285,0.050000011920928955,1369250
12,5478,250,36.6353759765625,0.1465415060520172,3.106905698776245,0.050000011920928955,1369500
12,5479,250,44.33265686035156,0.1773306280374527,3.194221258163452,0.050000011920928955,1369750
12,5480,250,84.20924377441406,0.33683696389198303,2.9912095069885254,0.050000011920928955,1370000
12,5481,250,191.0259552001953,0.7641038298606873,3.1114490032196045,0.050000011920928955,1370250
12,5482,250,53.9157600402832,0.21566304564476013,3.0095624923706055,0.050000011920928955,1370500
12,5483,250,80.79997253417969,0.32319989800453186,3.0150768756866455,0.050000011920928955,1370750
12,5484,250,354.29766845703125,1.417190670967102,2.9154233932495117,0.050000011920928955,1371000
12,5485,250,147.4833526611328,0.5899333953857422,2.9596762657165527,0.050000011920928955,1371250
12,5486,250,284.6385803222656,1.138554334640503,2.9017999172210693,0.050000011920928955,1371500
12,5487,250,232.49374389648438,0.9299749732017517,2.8857295513153076,0.050000011920928955,1371750
12,5488,250,199.25645446777344,0.7970257997512817,2.966576337814331,0.050000011920928955,1372000
12,5489,250,171.44686889648438,0.6857874989509583,3.196850061416626,0.050000011920928955,1372250
12,5490,250,170.38958740234375,0.68155837059021,3.195718288421631,0.050000011920928955,1372500
12,5491,250,185.67543029785156,0.7427017092704773,3.1614818572998047,0.050000011920928955,1372750
12,5492,250,-102.70930480957031,-0.41083723306655884,3.1535041332244873,0.050000011920928955,1373000
12,5493,250,133.74847412109375,0.5349938869476318,3.432424306869507,0.050000011920928955,1373250
12,5494,250,144.64344787597656,0.5785737633705139,3.3635971546173096,0.050000011920928955,1373500
12,5495,250,154.2486114501953,0.6169944405555725,3.3539881706237793,0.050000011920928955,1373750
12,5496,250,143.1949462890625,0.5727797746658325,3.3889009952545166,0.050000011920928955,1374000
12,5497,250,151.2943878173828,0.6051775217056274,3.6687541007995605,0.050000011920928955,1374250
12,5498,250,106.40812683105469,0.425632506608963,3.512608528137207,0.050000011920928955,1374500
12,5499,250,219.7312774658203,0.878925085067749,3.562373399734497,0.050000011920928955,1374750
12,5500,250,143.58509826660156,0.5743404030799866,3.5747592449188232,0.050000011920928955,1375000
12,5501,250,169.39425659179688,0.677577018737793,3.676496744155884,0.050000011920928955,1375250
12,5502,250,193.2278289794922,0.7729113101959229,3.825620651245117,0.050000011920928955,1375500
12,5503,250,189.71820068359375,0.7588728070259094,3.748548984527588,0.050000011920928955,1375750
12,5504,250,164.16209411621094,0.6566483974456787,3.7497148513793945,0.050000011920928955,1376000
12,5505,250,135.44732666015625,0.5417892932891846,3.889652729034424,0.050000011920928955,1376250
12,5506,250,132.06956481933594,0.5282782316207886,3.7435858249664307,0.050000011920928955,1376500
12,5507,250,84.29457092285156,0.3371782898902893,3.895773410797119,0.050000011920928955,1376750
12,5508,250,145.00758361816406,0.5800303220748901,3.7986867427825928,0.050000011920928955,1377000
12,5509,250,152.35069274902344,0.6094027757644653,4.042332649230957,0.050000011920928955,1377250
12,5510,250,211.59156799316406,0.846366286277771,4.143532752990723,0.050000011920928955,1377500
12,5511,250,205.86280822753906,0.8234512209892273,4.019322395324707,0.050000011920928955,1377750
12,5512,250,317.75469970703125,1.2710187435150146,4.006923198699951,0.050000011920928955,1378000
12,5513,250,317.41583251953125,1.2696633338928223,4.013178825378418,0.050000011920928955,1378250
12,5514,250,207.2321319580078,0.828928530216217,4.06705379486084,0.050000011920928955,1378500
12,5515,250,619.9705810546875,2.47988224029541,4.025370121002197,0.050000011920928955,1378750
12,5516,250,574.5504150390625,2.298201560974121,3.8979873657226562,0.050000011920928955,1379000
12,5517,250,-45.42133712768555,-0.18168534338474274,4.198765754699707,0.050000011920928955,1379250
12,5518,250,-19.68951416015625,-0.07875805348157883,4.023081302642822,0.050000011920928955,1379500
12,5519,250,48.439353942871094,0.19375741481781006,3.988027811050415,0.050000011920928955,1379750
12,5520,250,524.724853515625,2.0988993644714355,3.9770760536193848,0.050000011920928955,1380000
12,5521,250,616.1289672851562,2.4645159244537354,4.034294128417969,0.050000011920928955,1380250
12,5522,250,100.61665344238281,0.40246662497520447,3.918200969696045,0.050000011920928955,1380500
12,5523,250,-15.439495086669922,-0.06175798177719116,3.93229079246521,0.050000011920928955,1380750
12,5524,250,-18.661588668823242,-0.07464635372161865,3.9343576431274414,0.050000011920928955,1381000
12,5525,250,205.7632598876953,0.8230530619621277,4.136740684509277,0.050000011920928955,1381250
12,5526,250,-88.1698989868164,-0.35267961025238037,3.911522150039673,0.050000011920928955,1381500
12,5527,250,-6.680899620056152,-0.026723599061369896,3.8572380542755127,0.050000011920928955,1381750
12,5528,250,56.85175704956055,0.22740702331066132,3.9101154804229736,0.050000011920928955,1382000
12,5529,250,61.3829460144043,0.24553178250789642,4.100170135498047,0.050000011920928955,1382250
12,5530,250,287.5620422363281,1.1502481698989868,3.8921682834625244,0.050000011920928955,1382500
12,5531,250,232.9914093017578,0.9319656491279602,3.9540255069732666,0.050000011920928955,1382750
12,5532,250,115.22484588623047,0.46089938282966614,3.9143075942993164,0.050000011920928955,1383000
12,5533,250,44.437904357910156,0.17775161564350128,4.0384931564331055,0.050000011920928955,1383250
12,5534,250,112.4776611328125,0.44991064071655273,4.0149030685424805,0.050000011920928955,1383500
12,5535,250,209.21780395507812,0.8368712067604065,3.839507818222046,0.050000011920928955,1383750
12,5536,250,62.68056869506836,0.2507222890853882,3.8278281688690186,0.050000011920928955,1384000
12,5537,250,171.6970977783203,0.6867883801460266,4.015519618988037,0.050000011920928955,1384250
12,5538,250,207.5534210205078,0.8302136659622192,3.961270332336426,0.050000011920928955,1384500
12,5539,250,136.4557342529297,0.5458229184150696,3.862250566482544,0.050000011920928955,1384750
12,5540,250,278.1798095703125,1.1127192974090576,3.945103645324707,0.050000011920928955,1385000
12,5541,250,214.02053833007812,0.8560821413993835,3.941643476486206,0.050000011920928955,1385250
12,5542,250,222.14512634277344,0.8885805010795593,3.7686641216278076,0.050000011920928955,1385500
12,5543,250,183.17529296875,0.7327011823654175,3.7396175861358643,0.050000011920928955,1385750
12,5544,250,415.7188720703125,1.6628755331039429,3.790048599243164,0.050000011920928955,1386000
12,5545,250,179.51791381835938,0.7180716395378113,3.7190802097320557,0.050000011920928955,1386250
12,5546,250,235.22915649414062,0.9409165978431702,3.720339775085449,0.050000011920928955,1386500
12,5547,250,472.3963928222656,1.8895856142044067,3.585317611694336,0.050000011920928955,1386750
12,5548,250,429.81719970703125,1.719268798828125,3.5791800022125244,0.050000011920928955,1387000
12,5549,250,369.99884033203125,1.4799953699111938,3.662524700164795,0.050000011920928955,1387250
12,5550,250,579.2914428710938,2.3171658515930176,3.647231340408325,0.050000011920928955,1387500
12,5551,250,550.9755859375,2.203902244567871,3.553589105606079,0.050000011920928955,1387750
12,5552,250,647.7320556640625,2.590928316116333,3.410928726196289,0.050000011920928955,1388000
12,5553,250,607.5725708007812,2.4302902221679688,3.5760436058044434,0.050000011920928955,1388250
12,5554,250,510.2694396972656,2.0410778522491455,3.5035974979400635,0.050000011920928955,1388500
12,5555,250,1029.652099609375,4.118608474731445,3.457897186279297,0.050000011920928955,1388750
12,5556,250,225.0885772705078,0.9003543257713318,3.361203908920288,0.050000011920928955,1389000
12,5557,250,679.4722900390625,2.7178890705108643,3.5728766918182373,0.050000011920928955,1389250
12,5558,250,1010.2713012695312,4.041085243225098,3.503152847290039,0.050000011920928955,1389500
12,5559,250,635.8406372070312,2.543362617492676,3.373321294784546,0.050000011920928955,1389750
12,5560,250,842.4888305664062,3.36995530128479,3.411301612854004,0.050000011920928955,1390000
12,5561,250,1104.513427734375,4.41805362701416,3.658628463745117,0.050000011920928955,1390250
12,5562,250,563.0042724609375,2.252017021179199,3.7386367321014404,0.050000011920928955,1390500
12,5563,250,33.28638458251953,0.1331455409526825,3.6108198165893555,0.050000011920928955,1390750
12,5564,250,268.0826416015625,1.0723305940628052,3.6443092823028564,0.050000011920928955,1391000
12,5565,250,-25.06714630126953,-0.10026858747005463,3.890854597091675,0.050000011920928955,1391250
12,5566,250,757.7020263671875,3.030808210372925,3.798661231994629,0.050000011920928955,1391500
12,5567,250,-54.99189376831055,-0.2199675738811493,3.764313220977783,0.050000011920928955,1391750
12,5568,250,-16.668838500976562,-0.06667535752058029,3.7902755737304688,0.050000011920928955,1392000
12,5569,250,23.807212829589844,0.09522885084152222,4.009474754333496,0.050000011920928955,1392250
12,5570,250,1225.9273681640625,4.903709411621094,4.053273677825928,0.050000011920928955,1392500
12,5571,250,0.6522693634033203,0.002609077375382185,4.01060676574707,0.050000011920928955,1392750
12,5572,250,761.296630859375,3.0451865196228027,4.030378818511963,0.050000011920928955,1393000
12,5573,250,-9.426639556884766,-0.03770655766129494,4.097414970397949,0.050000011920928955,1393250
12,5574,250,-26.853025436401367,-0.10741209983825684,4.036257266998291,0.050000011920928955,1393500
12,5575,250,1047.795654296875,4.191182613372803,3.9208579063415527,0.050000011920928955,1393750
12,5576,250,1535.0076904296875,6.140030860900879,3.991001844406128,0.050000011920928955,1394000
12,5577,250,-36.49158477783203,-0.1459663361310959,4.24613094329834,0.050000011920928955,1394250
12,5578,250,-6.750168800354004,-0.027000674977898598,4.1523118019104,0.050000011920928955,1394500
12,5579,250,881.9349365234375,3.5277397632598877,4.113485336303711,0.050000011920928955,1394750
12,5580,250,-10.613788604736328,-0.04245515540242195,4.286406993865967,0.050000011920928955,1395000
12,5581,250,65.17529296875,0.26070117950439453,4.306922435760498,0.050000011920928955,1395250
12,5582,250,1604.7918701171875,6.419167518615723,3.913710117340088,0.050000011920928955,1395500
12,5583,250,1710.4110107421875,6.841643810272217,3.9533638954162598,0.050000011920928955,1395750
12,5584,250,465.91656494140625,1.863666296005249,3.927659273147583,0.050000011920928955,1396000
12,5585,250,1742.38232421875,6.969529151916504,4.037322044372559,0.050000011920928955,1396250
12,5586,250,-0.6063432693481445,-0.0024253730662167072,4.049244403839111,0.050000011920928955,1396500
12,5587,250,1390.4188232421875,5.561675071716309,4.159509181976318,0.050000011920928955,1396750
12,5588,250,497.17510986328125,1.9887003898620605,4.037228107452393,0.050000011920928955,1397000
12,5589,250,1036.7850341796875,4.147140026092529,4.307994842529297,0.050000011920928955,1397250
12,5590,250,687.0033569335938,2.748013496398926,4.156208038330078,0.050000011920928955,1397500
12,5591,250,996.5179443359375,3.986071825027466,3.9705097675323486,0.050000011920928955,1397750
12,5592,250,1159.1463623046875,4.636585235595703,3.9178473949432373,0.050000011920928955,1398000
12,5593,250,1590.5401611328125,6.362160682678223,4.12138557434082,0.050000011920928955,1398250
12,5594,250,999.9664916992188,3.999866008758545,4.0776777267456055,0.050000011920928955,1398500
12,5595,250,1647.218505859375,6.588873863220215,4.22855281829834,0.050000011920928955,1398750
12,5596,250,1754.1337890625,7.01653528213501,3.9614434242248535,0.050000011920928955,1399000
12,5597,250,377.8468933105469,1.511387586593628,4.097632884979248,0.050000011920928955,1399250
12,5598,250,40.510414123535156,0.16204164922237396,3.928402900695801,0.050000011920928955,1399500
12,5599,250,286.1827697753906,1.144731044769287,3.938415050506592,0.050000011920928955,1399750
12,5600,250,1577.097900390625,6.308391571044922,3.858643054962158,0.050000011920928955,1400000
12,5601,250,770.0717163085938,3.080286979675293,4.214201927185059,0.050000011920928955,1400250
12,5602,250,1566.9783935546875,6.267913341522217,3.8623340129852295,0.050000011920928955,1400500
12,5603,250,1749.2373046875,6.996949195861816,3.952845811843872,0.050000011920928955,1400750
12,5604,250,1527.2623291015625,6.109049320220947,3.8513574600219727,0.050000011920928955,1401000
12,5605,250,119.13800811767578,0.4765520393848419,3.829085350036621,0.050000011920928955,1401250
12,5606,250,72.36236572265625,0.28944945335388184,3.834672689437866,0.050000011920928955,1401500
12,5607,250,1729.859130859375,6.919436454772949,3.729893684387207,0.050000011920928955,1401750
12,5608,250,1778.00341796875,7.112013816833496,3.6302640438079834,0.050000011920928955,1402000
12,5609,250,1477.5787353515625,5.910315036773682,3.5733518600463867,0.050000011920928955,1402250
12,5610,250,1714.993896484375,6.859975814819336,3.325833797454834,0.050000011920928955,1402500
12,5611,250,1813.356201171875,7.253424644470215,3.430943012237549,0.050000011920928955,1402750
12,5612,250,1494.232177734375,5.9769287109375,3.435366630554199,0.050000011920928955,1403000
12,5613,250,1840.94287109375,7.363771438598633,3.4799506664276123,0.050000011920928955,1403250
12,5614,250,1703.908935546875,6.815635681152344,3.2024669647216797,0.050000011920928955,1403500
12,5615,250,1587.25732421875,6.349029064178467,3.053694486618042,0.050000011920928955,1403750
12,5616,250,1756.512451171875,7.026049613952637,3.083562135696411,0.050000011920928955,1404000
12,5617,250,1842.647705078125,7.370590686798096,3.264455556869507,0.050000011920928955,1404250
12,5618,250,1460.006103515625,5.840024471282959,3.056049108505249,0.050000011920928955,1404500
12,5619,250,1886.69775390625,7.546791076660156,3.1390297412872314,0.050000011920928955,1404750
12,5620,250,1681.518310546875,6.726073265075684,2.938234329223633,0.050000011920928955,1405000
12,5621,250,1911.053955078125,7.6442155838012695,3.0652613639831543,0.050000011920928955,1405250
12,5622,250,1820.7752685546875,7.2831010818481445,2.9122636318206787,0.050000011920928955,1405500
12,5623,250,1906.74560546875,7.62698221206665,2.9985928535461426,0.050000011920928955,1405750
12,5624,250,1774.9844970703125,7.099937915802002,2.9393811225891113,0.050000011920928955,1406000
12,5625,250,1883.649169921875,7.5345964431762695,2.9969875812530518,0.050000011920928955,1406250
12,5626,250,1550.1075439453125,6.200430393218994,2.9577040672302246,0.050000011920928955,1406500
12,5627,250,1799.6671142578125,7.198668479919434,2.96451473236084,0.050000011920928955,1406750
12,5628,250,1753.162109375,7.012648582458496,3.040152072906494,0.050000011920928955,1407000
12,5629,250,1878.783447265625,7.515133857727051,3.1250674724578857,0.050000011920928955,1407250
12,5630,250,1877.140380859375,7.508561611175537,2.86232328414917,0.050000011920928955,1407500
12,5631,250,1835.4248046875,7.341699123382568,2.8086729049682617,0.050000011920928955,1407750
12,5632,250,1865.9874267578125,7.463949680328369,2.7281787395477295,0.050000011920928955,1408000
12,5633,250,1861.054443359375,7.444217681884766,2.839109420776367,0.050000011920928955,1408250
12,5634,250,1875.90625,7.50362491607666,2.7311079502105713,0.050000011920928955,1408500
12,5635,250,1806.7777099609375,7.227110862731934,2.61224102973938,0.050000011920928955,1408750
12,5636,250,1769.049560546875,7.076198101043701,2.6087288856506348,0.050000011920928955,1409000
12,5637,250,1694.900634765625,6.779602527618408,2.6541428565979004,0.050000011920928955,1409250
12,5638,250,1766.3494873046875,7.0653977394104,2.589073419570923,0.050000011920928955,1409500
12,5639,250,1812.12060546875,7.2484822273254395,2.490248203277588,0.050000011920928955,1409750
12,5640,250,1837.2850341796875,7.349140167236328,2.4200150966644287,0.050000011920928955,1410000
12,5641,250,1798.0621337890625,7.192248344421387,2.687199115753174,0.050000011920928955,1410250
12,5642,250,1669.238037109375,6.676952362060547,2.5692026615142822,0.050000011920928955,1410500
12,5643,250,1864.934814453125,7.4597392082214355,2.4900851249694824,0.050000011920928955,1410750
12,5644,250,1628.2591552734375,6.513036727905273,2.539689302444458,0.050000011920928955,1411000
12,5645,250,900.2923583984375,3.6011693477630615,2.5049352645874023,0.050000011920928955,1411250
12,5646,250,1652.4395751953125,6.609758377075195,2.403325080871582,0.050000011920928955,1411500
12,5647,250,442.6059875488281,1.7704240083694458,2.407223701477051,0.050000011920928955,1411750
12,5648,250,-10.550938606262207,-0.04220375418663025,2.7228639125823975,0.050000011920928955,1412000
12,5649,250,22.097728729248047,0.08839091658592224,2.6268882751464844,0.050000011920928955,1412250
12,5650,250,1818.57470703125,7.274298667907715,2.5271189212799072,0.050000011920928955,1412500
12,5651,250,1801.526611328125,7.206106662750244,2.4639835357666016,0.050000011920928955,1412750
12,5652,250,15.309130668640137,0.06123652309179306,2.58257794380188,0.050000011920928955,1413000
12,5653,250,315.2372131347656,1.260948896408081,2.8313488960266113,0.050000011920928955,1413250
12,5654,250,1680.273193359375,6.721092700958252,2.690742254257202,0.050000011920928955,1413500
12,5655,250,1841.72705078125,7.366908073425293,2.718790054321289,0.050000011920928955,1413750
12,5656,250,1837.9073486328125,7.351629257202148,2.7732579708099365,0.050000011920928955,1414000
12,5657,250,1829.7890625,7.319156169891357,2.8479933738708496,0.050000011920928955,1414250
12,5658,250,1725.924560546875,6.903698444366455,2.6327950954437256,0.050000011920928955,1414500
12,5659,250,1885.1871337890625,7.540748596191406,2.5202155113220215,0.050000011920928955,1414750
12,5660,250,6.386639595031738,0.02554655820131302,2.5597691535949707,0.050000011920928955,1415000
12,5661,250,1844.8575439453125,7.379430294036865,2.7960903644561768,0.050000011920928955,1415250
12,5662,250,12.021085739135742,0.04808434471487999,2.6769745349884033,0.050000011920928955,1415500
12,5663,250,1568.2952880859375,6.273180961608887,2.7856485843658447,0.050000011920928955,1415750
12,5664,250,4.181827545166016,0.016727309674024582,2.797457695007324,0.050000011920928955,1416000
12,5665,250,1162.34765625,4.649390697479248,3.165470838546753,0.050000011920928955,1416250
12,5666,250,1199.393310546875,4.797573089599609,2.915207624435425,0.050000011920928955,1416500
12,5667,250,1514.7545166015625,6.059018135070801,3.132115602493286,0.050000011920928955,1416750
12,5668,250,1114.233154296875,4.456932544708252,3.068472385406494,0.050000011920928955,1417000
12,5669,250,-12.085095405578613,-0.04834038019180298,3.604971170425415,0.050000011920928955,1417250
12,5670,250,16.066471099853516,0.06426588445901871,3.368354082107544,0.050000011920928955,1417500
12,5671,250,-28.479434967041016,-0.11391773819923401,3.321686029434204,0.050000011920928955,1417750
12,5672,250,15.813863754272461,0.06325545161962509,3.306828260421753,0.050000011920928955,1418000
12,5673,250,1657.35888671875,6.6294355392456055,3.955688238143921,0.050000011920928955,1418250
12,5674,250,854.702392578125,3.418809652328491,3.9496185779571533,0.050000011920928955,1418500
12,5675,250,1384.757568359375,5.539030075073242,3.634828805923462,0.050000011920928955,1418750
12,5676,250,1825.0078125,7.3000311851501465,3.812537431716919,0.050000011920928955,1419000
12,5677,250,673.60302734375,2.6944119930267334,4.275010585784912,0.050000011920928955,1419250
12,5678,250,1933.23876953125,7.732954978942871,4.565150260925293,0.050000011920928955,1419500
12,5679,250,-120.93268585205078,-0.4837307333946228,4.3397088050842285,0.050000011920928955,1419750
12,5680,250,41.96821212768555,0.1678728461265564,4.345865726470947,0.050000011920928955,1420000
12,5681,250,71.12535858154297,0.28450143337249756,4.709816932678223,0.050000011920928955,1420250
12,5682,250,1146.148193359375,4.584592819213867,4.750390529632568,0.050000011920928955,1420500
12,5683,250,339.94000244140625,1.359760046005249,4.679013729095459,0.050000011920928955,1420750
12,5684,250,1050.16748046875,4.200669765472412,4.554433345794678,0.050000011920928955,1421000
12,5685,250,450.5516662597656,1.8022066354751587,5.177508354187012,0.050000011920928955,1421250
12,5686,250,483.528076171875,1.934112310409546,4.965775012969971,0.050000011920928955,1421500
12,5687,250,224.92340087890625,0.8996936082839966,4.710414409637451,0.050000011920928955,1421750
12,5688,250,767.0172119140625,3.068068742752075,4.682470321655273,0.050000011920928955,1422000
12,5689,250,399.0329895019531,1.5961319208145142,5.216562747955322,0.050000011920928955,1422250
12,5690,250,501.82275390625,2.007291078567505,5.0587334632873535,0.050000011920928955,1422500
12,5691,250,848.4817504882812,3.3939270973205566,5.297543525695801,0.050000011920928955,1422750
12,5692,250,163.3599090576172,0.6534396409988403,4.94569730758667,0.050000011920928955,1423000
12,5693,250,138.77061462402344,0.5550824403762817,5.677436351776123,0.050000011920928955,1423250
12,5694,250,305.5821533203125,1.2223286628723145,5.704960346221924,0.050000011920928955,1423500
12,5695,250,997.0408935546875,3.988163471221924,5.628438472747803,0.050000011920928955,1423750
12,5696,250,498.23614501953125,1.992944598197937,5.719845294952393,0.050000011920928955,1424000
12,5697,250,1266.1986083984375,5.064794540405273,6.1777143478393555,0.050000011920928955,1424250
12,5698,250,1275.3409423828125,5.101363658905029,6.159453392028809,0.050000011920928955,1424500
12,5699,250,1126.10546875,4.504421710968018,6.097833633422852,0.050000011920928955,1424750
12,5700,250,1116.740966796875,4.466963768005371,5.999167442321777,0.050000011920928955,1425000
12,5701,250,1748.46484375,6.99385929107666,6.565428256988525,0.050000011920928955,1425250
12,5702,250,1763.9664306640625,7.05586576461792,6.525639533996582,0.050000011920928955,1425500
12,5703,250,1580.9312744140625,6.32372522354126,6.589609622955322,0.050000011920928955,1425750
12,5704,250,1677.0654296875,6.708261489868164,6.268239498138428,0.050000011920928955,1426000
12,5705,250,1662.074951171875,6.648299694061279,6.550447463989258,0.050000011920928955,1426250
12,5706,250,1822.1641845703125,7.288656711578369,6.678956985473633,0.050000011920928955,1426500
12,5707,250,1545.1962890625,6.180785179138184,6.411740779876709,0.050000011920928955,1426750
12,5708,250,1552.334716796875,6.209338665008545,6.685852527618408,0.050000011920928955,1427000
12,5709,250,1814.56787109375,7.25827169418335,6.721761703491211,0.050000011920928955,1427250
12,5710,250,1800.5172119140625,7.20206880569458,6.561767578125,0.050000011920928955,1427500
12,5711,250,1830.7857666015625,7.323143005371094,6.507471561431885,0.050000011920928955,1427750
12,5712,250,1280.6807861328125,5.12272310256958,6.415480136871338,0.050000011920928955,1428000
12,5713,250,24.563535690307617,0.09825414419174194,5.6387104988098145,0.050000011920928955,1428250
12,5714,250,1774.917724609375,7.099670886993408,5.673953533172607,0.050000011920928955,1428500
12,5715,250,774.4548950195312,3.0978195667266846,5.654390335083008,0.050000011920928955,1428750
12,5716,250,1837.20166015625,7.348806858062744,5.441674709320068,0.050000011920928955,1429000
12,5717,250,1930.0501708984375,7.720200538635254,5.46866512298584,0.050000011920928955,1429250
12,5718,250,1727.49267578125,6.909970760345459,5.387128829956055,0.050000011920928955,1429500
12,5719,250,1844.1258544921875,7.3765034675598145,5.323645114898682,0.050000011920928955,1429750
12,5720,250,1526.6669921875,6.106667995452881,5.24465799331665,0.050000011920928955,1430000
12,5721,250,1850.4176025390625,7.401670455932617,5.651829719543457,0.050000011920928955,1430250
12,5722,250,1852.54248046875,7.410170078277588,5.042395114898682,0.050000011920928955,1430500
12,5723,250,1570.576171875,6.282304763793945,4.853410720825195,0.050000011920928955,1430750
12,5724,250,1576.5849609375,6.306339740753174,4.6412811279296875,0.050000011920928955,1431000
12,5725,250,1522.1881103515625,6.088752269744873,4.7974982261657715,0.050000011920928955,1431250
12,5726,250,1639.985595703125,6.559942245483398,4.750185012817383,0.050000011920928955,1431500
12,5727,250,1461.327392578125,5.845309734344482,4.734480857849121,0.050000011920928955,1431750
12,5728,250,1592.49609375,6.369984149932861,4.537261009216309,0.050000011920928955,1432000
12,5729,250,1736.63525390625,6.946540832519531,4.485777378082275,0.050000011920928955,1432250
12,5730,250,1454.151611328125,5.816606521606445,4.4130353927612305,0.050000011920928955,1432500
12,5731,250,1802.2987060546875,7.209194660186768,4.305896282196045,0.050000011920928955,1432750
12,5732,250,1320.502685546875,5.282010555267334,4.083749771118164,0.050000011920928955,1433000
12,5733,250,1809.3568115234375,7.237427234649658,4.156295299530029,0.050000011920928955,1433250
12,5734,250,1827.620849609375,7.310483455657959,4.0057692527771,0.050000011920928955,1433500
12,5735,250,1698.895263671875,6.795580863952637,3.840874195098877,0.050000011920928955,1433750
12,5736,250,1648.6351318359375,6.594540596008301,3.759716510772705,0.050000011920928955,1434000
12,5737,250,1810.6116943359375,7.2424468994140625,3.7054951190948486,0.050000011920928955,1434250
12,5738,250,1333.155517578125,5.332622051239014,3.3516271114349365,0.050000011920928955,1434500
12,5739,250,1445.743408203125,5.782973766326904,3.323031187057495,0.050000011920928955,1434750
12,5740,250,1508.752197265625,6.035008907318115,3.3421504497528076,0.050000011920928955,1435000
12,5741,250,1670.7572021484375,6.683028697967529,3.2095115184783936,0.050000011920928955,1435250
12,5742,250,1564.730224609375,6.258920669555664,3.136993885040283,0.050000011920928955,1435500
12,5743,250,977.1842041015625,3.9087367057800293,3.2406117916107178,0.050000011920928955,1435750
12,5744,250,839.8095092773438,3.3592381477355957,3.253943681716919,0.050000011920928955,1436000
12,5745,250,1195.7364501953125,4.78294563293457,3.589393138885498,0.050000011920928955,1436250
12,5746,250,1126.6121826171875,4.506448745727539,3.4732542037963867,0.050000011920928955,1436500
12,5747,250,1731.676513671875,6.926705837249756,3.530818223953247,0.050000011920928955,1436750
12,5748,250,1294.5340576171875,5.178136348724365,3.538433313369751,0.050000011920928955,1437000
12,5749,250,1548.8818359375,6.19552755355835,3.5800015926361084,0.050000011920928955,1437250
12,5750,250,1675.3270263671875,6.701308250427246,3.5234858989715576,0.050000011920928955,1437500
12,5751,250,1438.356689453125,5.753426551818848,3.361581802368164,0.050000011920928955,1437750
12,5752,250,-35.88295364379883,-0.14353181421756744,3.53523325920105,0.050000011920928955,1438000
12,5753,250,1686.6409912109375,6.746563911437988,3.8498568534851074,0.050000011920928955,1438250
12,5754,250,1857.3931884765625,7.429572582244873,3.6444389820098877,0.050000011920928955,1438500
12,5755,250,-43.02035140991211,-0.17208141088485718,3.40177845954895,0.050000011920928955,1438750
12,5756,250,-56.96246337890625,-0.22784985601902008,3.7610058784484863,0.050000011920928955,1439000
12,5757,250,1627.101806640625,6.508407115936279,3.9246835708618164,0.050000011920928955,1439250
12,5758,250,1585.9544677734375,6.343817710876465,3.8970563411712646,0.050000011920928955,1439500
12,5759,250,1699.0570068359375,6.796227931976318,3.542325496673584,0.050000011920928955,1439750
12,5760,250,1823.03173828125,7.2921271324157715,3.806358814239502,0.050000011920928955,1440000
12,5761,250,1810.36181640625,7.241447448730469,3.7964205741882324,0.050000011920928955,1440250
12,5762,250,1805.3701171875,7.221480369567871,3.728466272354126,0.050000011920928955,1440500
12,5763,250,1858.3294677734375,7.4333176612854,3.6020610332489014,0.050000011920928955,1440750
12,5764,250,1646.358154296875,6.585432529449463,3.5635857582092285,0.050000011920928955,1441000
12,5765,250,1535.6258544921875,6.142503261566162,3.834257125854492,0.050000011920928955,1441250
12,5766,250,1831.32275390625,7.325291156768799,3.666097402572632,0.050000011920928955,1441500
12,5767,250,1719.794189453125,6.879176616668701,3.5537712574005127,0.050000011920928955,1441750
12,5768,250,755.05908203125,3.0202362537384033,3.5363690853118896,0.050000011920928955,1442000
12,5769,250,1013.28955078125,4.053158283233643,3.6292881965637207,0.050000011920928955,1442250
12,5770,250,1758.72021484375,7.034880638122559,3.7455620765686035,0.050000011920928955,1442500
12,5771,250,1840.7822265625,7.363129138946533,3.5744006633758545,0.050000011920928955,1442750
12,5772,250,1843.417724609375,7.373671054840088,3.6213321685791016,0.050000011920928955,1443000
12,5773,250,1794.27880859375,7.177115440368652,3.5031254291534424,0.050000011920928955,1443250
12,5774,250,1666.1927490234375,6.66477108001709,3.553223133087158,0.050000011920928955,1443500
12,5775,250,1850.6121826171875,7.402448654174805,3.5662875175476074,0.050000011920928955,1443750
12,5776,250,1478.504150390625,5.9140167236328125,3.5115814208984375,0.050000011920928955,1444000
12,5777,250,1764.9072265625,7.059628963470459,3.6339075565338135,0.050000011920928955,1444250
12,5778,250,94.45901489257812,0.37783604860305786,3.529067277908325,0.050000011920928955,1444500
12,5779,250,1775.2314453125,7.100925922393799,3.6259493827819824,0.050000011920928955,1444750
12,5780,250,1857.072265625,7.42828893661499,3.342078924179077,0.050000011920928955,1445000
12,5781,250,1841.583984375,7.366335868835449,3.4707696437835693,0.050000011920928955,1445250
12,5782,250,1855.5897216796875,7.422358989715576,3.5694687366485596,0.050000011920928955,1445500
12,5783,250,1607.4423828125,6.429769515991211,3.4473607540130615,0.050000011920928955,1445750
12,5784,250,335.3941345214844,1.3415765762329102,3.418492555618286,0.050000011920928955,1446000
12,5785,250,1803.97412109375,7.2158966064453125,3.3053641319274902,0.050000011920928955,1446250
12,5786,250,-4.61359167098999,-0.01845436729490757,3.2344257831573486,0.050000011920928955,1446500
12,5787,250,-4.527337074279785,-0.01810934767127037,3.2222330570220947,0.050000011920928955,1446750
12,5788,250,43.059173583984375,0.17223669588565826,3.496530771255493,0.050000011920928955,1447000
12,5789,250,1843.457763671875,7.373831272125244,3.3269989490509033,0.050000011920928955,1447250
12,5790,250,1812.8292236328125,7.251317024230957,3.2817885875701904,0.050000011920928955,1447500
12,5791,250,1907.91943359375,7.631677627563477,3.181638240814209,0.050000011920928955,1447750
12,5792,250,1846.18017578125,7.384720802307129,3.174713373184204,0.050000011920928955,1448000
12,5793,250,1502.060791015625,6.008243083953857,3.2308146953582764,0.050000011920928955,1448250
12,5794,250,1603.865234375,6.41546106338501,3.1230366230010986,0.050000011920928955,1448500
12,5795,250,1828.138671875,7.312554836273193,3.203799247741699,0.050000011920928955,1448750
12,5796,250,1361.735107421875,5.4469404220581055,3.0456604957580566,0.050000011920928955,1449000
12,5797,250,1299.5450439453125,5.198180198669434,3.14302396774292,0.050000011920928955,1449250
12,5798,250,1832.4359130859375,7.3297438621521,3.144937753677368,0.050000011920928955,1449500
12,5799,250,1915.84912109375,7.66339635848999,3.057648181915283,0.050000011920928955,1449750
12,5800,250,1732.069091796875,6.928276538848877,3.038938522338867,0.050000011920928955,1450000
12,5801,250,1544.78076171875,6.1791229248046875,3.136467933654785,0.050000011920928955,1450250
12,5802,250,1855.768798828125,7.423075199127197,3.099395751953125,0.050000011920928955,1450500
12,5803,250,1830.9697265625,7.323878765106201,3.0041539669036865,0.050000011920928955,1450750
12,5804,250,1609.6639404296875,6.438655853271484,3.033585548400879,0.050000011920928955,1451000
12,5805,250,1576.003662109375,6.304014682769775,3.2697718143463135,0.050000011920928955,1451250
12,5806,250,1722.8150634765625,6.891260147094727,3.1505117416381836,0.050000011920928955,1451500
12,5807,250,1675.31103515625,6.701244354248047,3.1136727333068848,0.050000011920928955,1451750
12,5808,250,1529.878662109375,6.119514465332031,3.0782124996185303,0.050000011920928955,1452000
12,5809,250,1623.6444091796875,6.494577407836914,3.058441638946533,0.050000011920928955,1452250
12,5810,250,1314.7664794921875,5.259066104888916,3.054152727127075,0.050000011920928955,1452500
12,5811,250,1636.3797607421875,6.54551887512207,3.1900951862335205,0.050000011920928955,1452750
12,5812,250,1447.456787109375,5.789827346801758,3.2048680782318115,0.050000011920928955,1453000
12,5813,250,1555.692138671875,6.222768783569336,3.218254327774048,0.050000011920928955,1453250
12,5814,250,1330.00830078125,5.320033073425293,3.18920636177063,0.050000011920928955,1453500
12,5815,250,1672.517578125,6.690070152282715,3.146690845489502,0.050000011920928955,1453750
12,5816,250,1308.882080078125,5.235528469085693,3.174830436706543,0.050000011920928955,1454000
12,5817,250,966.9877319335938,3.867950916290283,3.3081161975860596,0.050000011920928955,1454250
12,5818,250,1724.1651611328125,6.896660804748535,3.3297016620635986,0.050000011920928955,1454500
12,5819,250,1770.4268798828125,7.08170747756958,3.0890536308288574,0.050000011920928955,1454750
12,5820,250,1588.032958984375,6.3521318435668945,3.264699697494507,0.050000011920928955,1455000
12,5821,250,1536.931640625,6.147726535797119,3.497182846069336,0.050000011920928955,1455250
12,5822,250,1554.298583984375,6.217194557189941,3.459929943084717,0.050000011920928955,1455500
12,5823,250,1821.0106201171875,7.2840423583984375,3.4178881645202637,0.050000011920928955,1455750
12,5824,250,987.9187622070312,3.9516749382019043,3.505859136581421,0.050000011920928955,1456000
12,5825,250,1548.115478515625,6.192461967468262,3.7123072147369385,0.050000011920928955,1456250
12,5826,250,1820.666015625,7.2826642990112305,3.694565773010254,0.050000011920928955,1456500
12,5827,250,1561.33447265625,6.245337963104248,3.538835048675537,0.050000011920928955,1456750
12,5828,250,1777.38720703125,7.109549045562744,3.250147581100464,0.050000011920928955,1457000
12,5829,250,1734.6912841796875,6.938765048980713,3.3940489292144775,0.050000011920928955,1457250
12,5830,250,1834.65576171875,7.338623046875,3.470536947250366,0.050000011920928955,1457500
12,5831,250,1788.8958740234375,7.155583381652832,3.3237645626068115,0.050000011920928955,1457750
12,5832,250,1837.4141845703125,7.349656581878662,3.3284993171691895,0.050000011920928955,1458000
12,5833,250,1599.2275390625,6.396910190582275,3.5708577632904053,0.050000011920928955,1458250
12,5834,250,808.5867309570312,3.234346866607666,3.422891855239868,0.050000011920928955,1458500
12,5835,250,1882.413818359375,7.529655456542969,3.5638489723205566,0.050000011920928955,1458750
12,5836,250,1534.4306640625,6.137722492218018,3.5816304683685303,0.050000011920928955,1459000
12,5837,250,1897.8740234375,7.591495990753174,3.9095101356506348,0.050000011920928955,1459250
12,5838,250,1747.2193603515625,6.988877296447754,3.523437976837158,0.050000011920928955,1459500
12,5839,250,1668.802734375,6.675210952758789,3.5141854286193848,0.050000011920928955,1459750
12,5840,250,1643.0162353515625,6.5720648765563965,3.4176652431488037,0.050000011920928955,1460000
12,5841,250,1893.387939453125,7.573551654815674,3.4712271690368652,0.050000011920928955,1460250
12,5842,250,1919.8387451171875,7.679355144500732,3.222139358520508,0.050000011920928955,1460500
12,5843,250,1832.623291015625,7.330492973327637,3.4064857959747314,0.050000011920928955,1460750
12,5844,250,1792.4168701171875,7.1696672439575195,3.3558363914489746,0.050000011920928955,1461000
12,5845,250,1399.71435546875,5.598857402801514,3.5435614585876465,0.050000011920928955,1461250
12,5846,250,1471.03173828125,5.884127140045166,3.3854916095733643,0.050000011920928955,1461500
12,5847,250,1346.7042236328125,5.38681697845459,3.3909966945648193,0.050000011920928955,1461750
12,5848,250,1481.2735595703125,5.925094127655029,3.644101619720459,0.050000011920928955,1462000
12,5849,250,643.2930297851562,2.573172092437744,3.8054635524749756,0.050000011920928955,1462250
12,5850,250,1565.0045166015625,6.2600178718566895,3.580231189727783,0.050000011920928955,1462500
12,5851,250,331.9442443847656,1.3277770280838013,3.8073387145996094,0.050000011920928955,1462750
12,5852,250,1836.4862060546875,7.345944881439209,3.7050840854644775,0.050000011920928955,1463000
12,5853,250,1826.4140625,7.305656433105469,3.8349342346191406,0.050000011920928955,1463250
12,5854,250,1529.22509765625,6.116900444030762,3.6859395503997803,0.050000011920928955,1463500
12,5855,250,1795.51513671875,7.182060718536377,3.663492441177368,0.050000011920928955,1463750
12,5856,250,1661.836181640625,6.647344589233398,3.5592730045318604,0.050000011920928955,1464000
12,5857,250,1796.102294921875,7.184409141540527,3.6382253170013428,0.050000011920928955,1464250
12,5858,250,1653.7520751953125,6.615008354187012,3.4782838821411133,0.050000011920928955,1464500
12,5859,250,1676.0306396484375,6.704122543334961,3.461839437484741,0.050000011920928955,1464750
12,5860,250,719.51025390625,2.8780410289764404,3.563382863998413,0.050000011920928955,1465000
12,5861,250,1435.576416015625,5.742305755615234,3.577547073364258,0.050000011920928955,1465250
12,5862,250,1562.224609375,6.248898506164551,3.589297294616699,0.050000011920928955,1465500
12,5863,250,1593.69189453125,6.374767780303955,3.5394985675811768,0.050000011920928955,1465750
12,5864,250,1211.9998779296875,4.847999572753906,3.437659978866577,0.050000011920928955,1466000
12,5865,250,1413.187255859375,5.652749061584473,3.4425392150878906,0.050000011920928955,1466250
12,5866,250,1591.5980224609375,6.366392135620117,3.335148811340332,0.050000011920928955,1466500
12,5867,250,1512.9271240234375,6.051708698272705,3.358320951461792,0.050000011920928955,1466750
12,5868,250,1582.1541748046875,6.328616619110107,3.4296977519989014,0.050000011920928955,1467000
12,5869,250,1541.02099609375,6.164083957672119,3.4272704124450684,0.050000011920928955,1467250
12,5870,250,1023.4069213867188,4.093627452850342,3.4645538330078125,0.050000011920928955,1467500
12,5871,250,1532.966796875,6.131867408752441,3.49100661277771,0.050000011920928955,1467750
12,5872,250,1385.0189208984375,5.540075778961182,3.515468120574951,0.050000011920928955,1468000
12,5873,250,1350.1331787109375,5.4005327224731445,3.5188441276550293,0.050000011920928955,1468250
12,5874,250,1527.36181640625,6.109447479248047,3.56471586227417,0.050000011920928955,1468500
12,5875,250,1502.9522705078125,6.0118088722229,3.406676769256592,0.050000011920928955,1468750
12,5876,250,1173.263671875,4.693054676055908,3.5794320106506348,0.050000011920928955,1469000
12,5877,250,1576.66259765625,6.306650161743164,3.87068247795105,0.050000011920928955,1469250
12,5878,250,1627.0318603515625,6.508127212524414,3.9817612171173096,0.050000011920928955,1469500
12,5879,250,1459.49609375,5.837984561920166,3.5131444931030273,0.050000011920928955,1469750
12,5880,250,1483.212646484375,5.932850360870361,3.6805689334869385,0.050000011920928955,1470000
12,5881,250,1526.01220703125,6.104048728942871,3.869075059890747,0.050000011920928955,1470250
12,5882,250,1558.123291015625,6.2324934005737305,3.7890493869781494,0.050000011920928955,1470500
12,5883,250,1552.71435546875,6.210857391357422,3.720130205154419,0.050000011920928955,1470750
12,5884,250,1540.645263671875,6.162580966949463,3.828927755355835,0.050000011920928955,1471000
12,5885,250,1603.62548828125,6.414502143859863,3.872492551803589,0.050000011920928955,1471250
12,5886,250,1226.15087890625,4.904603481292725,3.7899277210235596,0.050000011920928955,1471500
12,5887,250,1526.9793701171875,6.107917308807373,3.535633087158203,0.050000011920928955,1471750
12,5888,250,1577.056396484375,6.308225631713867,3.7706708908081055,0.050000011920928955,1472000
12,5889,250,1587.241943359375,6.348967552185059,3.5821919441223145,0.050000011920928955,1472250
12,5890,250,1516.4891357421875,6.0659565925598145,3.58559250831604,0.050000011920928955,1472500
12,5891,250,1263.6666259765625,5.054666519165039,3.8201003074645996,0.050000011920928955,1472750
12,5892,250,1603.102783203125,6.412411212921143,3.6401515007019043,0.050000011920928955,1473000
12,5893,250,1466.614013671875,5.866456031799316,3.7057089805603027,0.050000011920928955,1473250
12,5894,250,1527.29248046875,6.109169960021973,3.625199794769287,0.050000011920928955,1473500
12,5895,250,1609.2132568359375,6.436852931976318,3.543499708175659,0.050000011920928955,1473750
12,5896,250,1813.8726806640625,7.255490779876709,3.6582252979278564,0.050000011920928955,1474000
12,5897,250,1778.8489990234375,7.115396022796631,3.612541675567627,0.050000011920928955,1474250
12,5898,250,1669.58544921875,6.678341865539551,3.578730583190918,0.050000011920928955,1474500
12,5899,250,1549.7783203125,6.199113368988037,3.5719780921936035,0.050000011920928955,1474750
12,5900,250,1552.897216796875,6.2115888595581055,3.3718056678771973,0.050000011920928955,1475000
12,5901,250,1609.793212890625,6.439172744750977,3.692091226577759,0.050000011920928955,1475250
12,5902,250,1571.931884765625,6.287727355957031,3.456181764602661,0.050000011920928955,1475500
12,5903,250,1776.1168212890625,7.104467391967773,3.431992292404175,0.050000011920928955,1475750
12,5904,250,1760.2703857421875,7.041081428527832,3.2076945304870605,0.050000011920928955,1476000
12,5905,250,1864.0628662109375,7.456251621246338,3.361090660095215,0.050000011920928955,1476250
12,5906,250,1792.9012451171875,7.171605110168457,3.3536605834960938,0.050000011920928955,1476500
12,5907,250,1851.2254638671875,7.40490198135376,3.169119119644165,0.050000011920928955,1476750
12,5908,250,1844.6494140625,7.378597736358643,3.404876232147217,0.050000011920928955,1477000
12,5909,250,1842.5343017578125,7.3701372146606445,3.349006175994873,0.050000011920928955,1477250
12,5910,250,1857.959716796875,7.4318389892578125,3.405932903289795,0.050000011920928955,1477500
12,5911,250,1875.6490478515625,7.502596378326416,3.1151177883148193,0.050000011920928955,1477750
12,5912,250,1799.9967041015625,7.199986934661865,3.0941994190216064,0.050000011920928955,1478000
12,5913,250,1696.3861083984375,6.785544395446777,3.1306488513946533,0.050000011920928955,1478250
12,5914,250,1827.89013671875,7.31156063079834,3.021860361099243,0.050000011920928955,1478500
12,5915,250,1819.03466796875,7.276138782501221,2.9400413036346436,0.050000011920928955,1478750
12,5916,250,1859.9580078125,7.4398322105407715,3.0141515731811523,0.050000011920928955,1479000
12,5917,250,1865.794189453125,7.463176727294922,3.0258166790008545,0.050000011920928955,1479250
12,5918,250,1905.214111328125,7.620856285095215,2.8919057846069336,0.050000011920928955,1479500
12,5919,250,1816.3968505859375,7.265587329864502,2.9233951568603516,0.050000011920928955,1479750
12,5920,250,1771.6680908203125,7.086672306060791,3.0033516883850098,0.050000011920928955,1480000
12,5921,250,1889.1903076171875,7.556761264801025,2.967503309249878,0.050000011920928955,1480250
12,5922,250,1888.686767578125,7.554747104644775,3.0087523460388184,0.050000011920928955,1480500
12,5923,250,-14.289548873901367,-0.05715819448232651,3.1326637268066406,0.050000011920928955,1480750
12,5924,250,1817.52197265625,7.270087718963623,3.0665106773376465,0.050000011920928955,1481000
12,5925,250,1849.710205078125,7.39884090423584,3.179765224456787,0.050000011920928955,1481250
12,5926,250,1807.9337158203125,7.231734752655029,3.129486083984375,0.050000011920928955,1481500
12,5927,250,1835.18701171875,7.340747833251953,2.957519292831421,0.050000011920928955,1481750
12,5928,250,1900.373779296875,7.601495265960693,2.958238363265991,0.050000011920928955,1482000
12,5929,250,1831.888671875,7.327554702758789,3.0347156524658203,0.050000011920928955,1482250
12,5930,250,1844.5394287109375,7.378157615661621,3.1449341773986816,0.050000011920928955,1482500
12,5931,250,1832.8087158203125,7.331234931945801,3.0263783931732178,0.050000011920928955,1482750
12,5932,250,1018.6834106445312,4.074733734130859,3.0418341159820557,0.050000011920928955,1483000
12,5933,250,1895.3935546875,7.581574440002441,2.981698751449585,0.050000011920928955,1483250
12,5934,250,1413.5423583984375,5.65416955947876,3.036433696746826,0.050000011920928955,1483500
12,5935,250,1878.7197265625,7.514878749847412,2.8837921619415283,0.050000011920928955,1483750
12,5936,250,1903.5638427734375,7.614255428314209,2.940669536590576,0.050000011920928955,1484000
12,5937,250,1768.955810546875,7.0758233070373535,3.0619945526123047,0.050000011920928955,1484250
12,5938,250,1334.1827392578125,5.33673095703125,3.0720949172973633,0.050000011920928955,1484500
12,5939,250,1206.859130859375,4.827436447143555,3.1169309616088867,0.050000011920928955,1484750
12,5940,250,1664.3056640625,6.657222747802734,3.0715649127960205,0.050000011920928955,1485000
12,5941,250,1817.2762451171875,7.269104957580566,3.157377004623413,0.050000011920928955,1485250
12,5942,250,1697.860107421875,6.791440486907959,2.9108729362487793,0.050000011920928955,1485500
12,5943,250,1607.438720703125,6.429754734039307,3.1557090282440186,0.050000011920928955,1485750
12,5944,250,473.9049072265625,1.8956196308135986,3.007765531539917,0.050000011920928955,1486000
12,5945,250,91.09091186523438,0.3643636405467987,3.3694427013397217,0.050000011920928955,1486250
12,5946,250,1670.6617431640625,6.682646751403809,3.647749662399292,0.050000011920928955,1486500
12,5947,250,1475.8294677734375,5.903317928314209,3.629117250442505,0.050000011920928955,1486750
12,5948,250,1182.1229248046875,4.72849178314209,3.480229139328003,0.050000011920928955,1487000
12,5949,250,1683.8050537109375,6.735220432281494,3.844766139984131,0.050000011920928955,1487250
12,5950,250,1807.16357421875,7.228654384613037,3.703324794769287,0.050000011920928955,1487500
12,5951,250,1805.61279296875,7.222451210021973,3.806856393814087,0.050000011920928955,1487750
12,5952,250,1877.8594970703125,7.511437892913818,3.874211072921753,0.050000011920928955,1488000
12,5953,250,1911.7059326171875,7.646823883056641,3.895334482192993,0.050000011920928955,1488250
12,5954,250,36.39691925048828,0.14558768272399902,3.869872808456421,0.050000011920928955,1488500
12,5955,250,-17.719417572021484,-0.07087767124176025,4.006371974945068,0.050000011920928955,1488750
12,5956,250,167.78933715820312,0.6711573600769043,4.338486671447754,0.050000011920928955,1489000
12,5957,250,1928.519775390625,7.714078903198242,4.451221942901611,0.050000011920928955,1489250
12,5958,250,-0.2583136558532715,-0.0010332546662539244,4.380647659301758,0.050000011920928955,1489500
12,5959,250,1768.008544921875,7.0720343589782715,4.34623384475708,0.050000011920928955,1489750
12,5960,250,1788.0325927734375,7.152130603790283,4.582098484039307,0.050000011920928955,1490000
12,5961,250,1659.8275146484375,6.639309883117676,4.599008083343506,0.050000011920928955,1490250
12,5962,250,-13.86726188659668,-0.05546904727816582,4.8369269371032715,0.050000011920928955,1490500
12,5963,250,107.33749389648438,0.42934998869895935,4.692731857299805,0.050000011920928955,1490750
12,5964,250,1816.2930908203125,7.265172481536865,4.451443672180176,0.050000011920928955,1491000
12,5965,250,66.34074401855469,0.2653629779815674,4.798795700073242,0.050000011920928955,1491250
12,5966,250,1411.996337890625,5.647985458374023,4.951328754425049,0.050000011920928955,1491500
12,5967,250,29.453153610229492,0.1178126111626625,5.098315715789795,0.050000011920928955,1491750
12,5968,250,1786.167236328125,7.144669055938721,4.763339996337891,0.050000011920928955,1492000
12,5969,250,1875.3653564453125,7.501461505889893,5.04345703125,0.050000011920928955,1492250
12,5970,250,1754.591064453125,7.018364429473877,4.998908042907715,0.050000011920928955,1492500
12,5971,250,1772.209228515625,7.088837146759033,4.682586193084717,0.050000011920928955,1492750
12,5972,250,25.80184555053711,0.10320737957954407,4.826849460601807,0.050000011920928955,1493000
12,5973,250,1813.382568359375,7.253530502319336,5.332489490509033,0.050000011920928955,1493250
12,5974,250,1734.189453125,6.936758041381836,5.05889892578125,0.050000011920928955,1493500
12,5975,250,1802.844482421875,7.21137809753418,4.790879726409912,0.050000011920928955,1493750
12,5976,250,1794.9580078125,7.1798319816589355,4.797704696655273,0.050000011920928955,1494000
12,5977,250,1870.0498046875,7.480199337005615,4.914369583129883,0.050000011920928955,1494250
12,5978,250,69.6741943359375,0.27869677543640137,4.8529534339904785,0.050000011920928955,1494500
12,5979,250,1789.967529296875,7.159870147705078,4.7827582359313965,0.050000011920928955,1494750
12,5980,250,1822.0472412109375,7.288188934326172,4.601677894592285,0.050000011920928955,1495000
12,5981,250,1845.5888671875,7.382355690002441,4.869250297546387,0.050000011920928955,1495250
12,5982,250,1283.36376953125,5.133455276489258,4.954070568084717,0.050000011920928955,1495500
12,5983,250,171.82957458496094,0.6873183250427246,4.704174995422363,0.050000011920928955,1495750
12,5984,250,1854.669189453125,7.418676853179932,4.6958537101745605,0.050000011920928955,1496000
12,5985,250,60.85095977783203,0.2434038370847702,5.041474342346191,0.050000011920928955,1496250
12,5986,250,1206.581787109375,4.826327323913574,4.904758930206299,0.050000011920928955,1496500
12,5987,250,1879.938232421875,7.5197529792785645,5.022803783416748,0.050000011920928955,1496750
12,5988,250,1741.6463623046875,6.966585636138916,4.6656389236450195,0.050000011920928955,1497000
12,5989,250,62.028656005859375,0.24811463057994843,5.058844089508057,0.050000011920928955,1497250
12,5990,250,1769.64599609375,7.07858419418335,4.815948486328125,0.050000011920928955,1497500
12,5991,250,1746.2366943359375,6.9849467277526855,4.835910797119141,0.050000011920928955,1497750
12,5992,250,1782.5855712890625,7.130342483520508,4.948735237121582,0.050000011920928955,1498000
12,5993,250,1841.3739013671875,7.365495681762695,5.036670684814453,0.050000011920928955,1498250
12,5994,250,1840.3685302734375,7.36147403717041,4.690364837646484,0.050000011920928955,1498500
12,5995,250,1832.3431396484375,7.329372406005859,4.7854323387146,0.050000011920928955,1498750
12,5996,250,91.6849136352539,0.3667396605014801,4.641698360443115,0.050000011920928955,1499000
12,5997,250,1853.73974609375,7.414958953857422,4.662911891937256,0.050000011920928955,1499250
12,5998,250,328.9171142578125,1.3156684637069702,4.5247321128845215,0.050000011920928955,1499500
12,5999,250,1541.1571044921875,6.164628505706787,4.4218950271606445,0.050000011920928955,1499750
12,6000,250,112.70866394042969,0.4508346617221832,4.325799942016602,0.050000011920928955,1500000
12,6001,250,1721.47314453125,6.885892391204834,4.401662349700928,0.050000011920928955,1500250
12,6002,250,1816.84765625,7.267390727996826,4.380321979522705,0.050000011920928955,1500500
12,6003,250,1601.5882568359375,6.406352996826172,3.910837411880493,0.050000011920928955,1500750
12,6004,250,1782.692626953125,7.130770683288574,4.157702445983887,0.050000011920928955,1501000
12,6005,250,1751.73583984375,7.006943225860596,4.435469627380371,0.050000011920928955,1501250
12,6006,250,1866.789306640625,7.467157363891602,3.986025810241699,0.050000011920928955,1501500
12,6007,250,1834.15234375,7.336609363555908,3.9157350063323975,0.050000011920928955,1501750
12,6008,250,1868.44189453125,7.4737677574157715,3.643812417984009,0.050000011920928955,1502000
12,6009,250,1899.218505859375,7.596874237060547,3.884976863861084,0.050000011920928955,1502250
12,6010,250,1862.520751953125,7.450082778930664,3.8626880645751953,0.050000011920928955,1502500
12,6011,250,1415.8883056640625,5.663553237915039,3.9335954189300537,0.050000011920928955,1502750
12,6012,250,1850.079833984375,7.4003190994262695,3.7641372680664062,0.050000011920928955,1503000
12,6013,250,1567.92578125,6.271703243255615,3.7912981510162354,0.050000011920928955,1503250
12,6014,250,25.81821632385254,0.10327286273241043,3.858248233795166,0.050000011920928955,1503500
12,6015,250,1231.5697021484375,4.926278591156006,3.971219539642334,0.050000011920928955,1503750
12,6016,250,1938.922607421875,7.755690574645996,3.91959810256958,0.050000011920928955,1504000
12,6017,250,1809.412109375,7.2376484870910645,4.432177543640137,0.050000011920928955,1504250
12,6018,250,735.6041870117188,2.9424166679382324,4.059911251068115,0.050000011920928955,1504500
12,6019,250,1309.1837158203125,5.236734867095947,4.211358070373535,0.050000011920928955,1504750
12,6020,250,638.221923828125,2.5528876781463623,4.1540207862854,0.050000011920928955,1505000
12,6021,250,1194.283447265625,4.777133941650391,4.590293884277344,0.050000011920928955,1505250
12,6022,250,1019.5126342773438,4.07805061340332,4.5453338623046875,0.050000011920928955,1505500
12,6023,250,1293.1861572265625,5.1727447509765625,4.712352275848389,0.050000011920928955,1505750
12,6024,250,917.6295776367188,3.670518398284912,4.799869537353516,0.050000011920928955,1506000
12,6025,250,1571.6185302734375,6.286474227905273,4.870429039001465,0.050000011920928955,1506250
12,6026,250,1455.407958984375,5.821631908416748,4.703107833862305,0.050000011920928955,1506500
12,6027,250,930.6123046875,3.72244930267334,5.041122913360596,0.050000011920928955,1506750
12,6028,250,697.1287231445312,2.7885148525238037,4.863047122955322,0.050000011920928955,1507000
12,6029,250,1157.512939453125,4.630051612854004,5.372634410858154,0.050000011920928955,1507250
12,6030,250,1432.14599609375,5.728583812713623,5.053564548492432,0.050000011920928955,1507500
12,6031,250,1347.797119140625,5.391188621520996,5.17422342300415,0.050000011920928955,1507750
12,6032,250,1493.270263671875,5.973081111907959,5.380214691162109,0.050000011920928955,1508000
12,6033,250,1213.2216796875,4.85288667678833,5.38557767868042,0.050000011920928955,1508250
12,6034,250,1464.8948974609375,5.859579563140869,5.498173713684082,0.050000011920928955,1508500
12,6035,250,1079.43798828125,4.317751884460449,5.654397964477539,0.050000011920928955,1508750
12,6036,250,1085.0599365234375,4.340239524841309,5.725190162658691,0.050000011920928955,1509000
12,6037,250,1217.333740234375,4.869335174560547,5.853514671325684,0.050000011920928955,1509250
12,6038,250,1150.624267578125,4.602497100830078,5.483779430389404,0.050000011920928955,1509500
12,6039,250,1648.4451904296875,6.593780994415283,5.697849273681641,0.050000011920928955,1509750
12,6040,250,785.8422241210938,3.14336895942688,5.33353853225708,0.050000011920928955,1510000
12,6041,250,1646.460205078125,6.585840702056885,5.783985614776611,0.050000011920928955,1510250
12,6042,250,1382.303466796875,5.529213905334473,5.43297815322876,0.050000011920928955,1510500
12,6043,250,575.51123046875,2.3020448684692383,5.526376247406006,0.050000011920928955,1510750
12,6044,250,1705.167236328125,6.820669174194336,5.603165626525879,0.050000011920928955,1511000
12,6045,250,1152.22998046875,4.608920097351074,5.587125301361084,0.050000011920928955,1511250
12,6046,250,1369.1749267578125,5.4766998291015625,5.5960693359375,0.050000011920928955,1511500
12,6047,250,1262.4317626953125,5.049726963043213,5.6651387214660645,0.050000011920928955,1511750
12,6048,250,1656.3719482421875,6.625487804412842,5.578546524047852,0.050000011920928955,1512000
12,6049,250,1463.36572265625,5.8534626960754395,6.184515476226807,0.050000011920928955,1512250
12,6050,250,1201.196044921875,4.804784297943115,6.022732734680176,0.050000011920928955,1512500
12,6051,250,519.986328125,2.0799453258514404,5.920229434967041,0.050000011920928955,1512750
12,6052,250,1500.06982421875,6.000279426574707,6.062947750091553,0.050000011920928955,1513000
12,6053,250,1593.429931640625,6.373719692230225,6.177521228790283,0.050000011920928955,1513250
12,6054,250,30.758464813232422,0.12303385883569717,6.2903923988342285,0.050000011920928955,1513500
12,6055,250,53.214027404785156,0.21285611391067505,5.9111104011535645,0.050000011920928955,1513750
12,6056,250,64.29460144042969,0.257178395986557,6.290355682373047,0.050000011920928955,1514000
12,6057,250,1567.7545166015625,6.271018028259277,7.114915370941162,0.050000011920928955,1514250
12,6058,250,1582.4161376953125,6.329664707183838,6.675049781799316,0.050000011920928955,1514500
12,6059,250,691.8233032226562,2.7672932147979736,6.841166019439697,0.050000011920928955,1514750
12,6060,250,1614.8245849609375,6.459298133850098,6.659256935119629,0.050000011920928955,1515000
12,6061,250,117.98109436035156,0.471924364566803,7.074260234832764,0.050000011920928955,1515250
12,6062,250,1624.09814453125,6.496392726898193,6.789488315582275,0.050000011920928955,1515500
12,6063,250,64.40089416503906,0.25760358572006226,6.9495320320129395,0.050000011920928955,1515750
12,6064,250,78.34973907470703,0.31339895725250244,6.826596260070801,0.050000011920928955,1516000
12,6065,250,223.3468780517578,0.893387496471405,7.22857141494751,0.050000011920928955,1516250
12,6066,250,86.48070526123047,0.3459228277206421,7.41855525970459,0.050000011920928955,1516500
12,6067,250,235.31887817382812,0.9412755370140076,7.7713422775268555,0.050000011920928955,1516750
12,6068,250,143.4926300048828,0.5739704966545105,7.193166732788086,0.050000011920928955,1517000
12,6069,250,109.1874771118164,0.4367499053478241,7.740902900695801,0.050000011920928955,1517250
12,6070,250,128.17616271972656,0.5127046704292297,7.691323757171631,0.050000011920928955,1517500
12,6071,250,771.5270385742188,3.0861082077026367,7.656599998474121,0.050000011920928955,1517750
12,6072,250,159.99179077148438,0.639967143535614,7.8880414962768555,0.050000011920928955,1518000
12,6073,250,250.68263244628906,1.0027304887771606,7.960694789886475,0.050000011920928955,1518250
12,6074,250,349.6644592285156,1.3986577987670898,7.803268909454346,0.050000011920928955,1518500
12,6075,250,142.47386169433594,0.5698954463005066,8.13084602355957,0.050000011920928955,1518750
12,6076,250,80.86196899414062,0.3234478831291199,7.881870746612549,0.050000011920928955,1519000
12,6077,250,47.45317459106445,0.18981270492076874,9.151237487792969,0.050000011920928955,1519250
12,6078,250,116.85282135009766,0.4674112796783447,8.418190002441406,0.050000011920928955,1519500
12,6079,250,36.476112365722656,0.14590445160865784,8.721760749816895,0.050000011920928955,1519750
12,6080,250,36.46798324584961,0.14587193727493286,8.917154312133789,0.050000011920928955,1520000
12,6081,250,95.6902847290039,0.382761150598526,9.412325859069824,0.050000011920928955,1520250
12,6082,250,30.04180335998535,0.12016721069812775,8.934016227722168,0.050000011920928955,1520500
12,6083,250,62.29430389404297,0.2491772174835205,9.110700607299805,0.050000011920928955,1520750
12,6084,250,32.280391693115234,0.1291215717792511,8.595437049865723,0.050000011920928955,1521000
12,6085,250,54.55398941040039,0.2182159572839737,9.899478912353516,0.050000011920928955,1521250
12,6086,250,87.37149047851562,0.34948596358299255,9.548257827758789,0.050000011920928955,1521500
12,6087,250,105.7905044555664,0.4231620132923126,9.115326881408691,0.050000011920928955,1521750
12,6088,250,66.72667694091797,0.2669067084789276,9.454898834228516,0.050000011920928955,1522000
12,6089,250,61.02120590209961,0.24408482015132904,9.871150016784668,0.050000011920928955,1522250
12,6090,250,69.28782653808594,0.27715131640434265,9.615913391113281,0.050000011920928955,1522500
12,6091,250,40.90199279785156,0.16360796988010406,9.688030242919922,0.050000011920928955,1522750
12,6092,250,26.09944725036621,0.10439778864383698,9.831045150756836,0.050000011920928955,1523000
12,6093,250,114.31361389160156,0.45725446939468384,10.325004577636719,0.050000011920928955,1523250
12,6094,250,111.14151763916016,0.4445660710334778,10.211925506591797,0.050000011920928955,1523500
12,6095,250,46.839141845703125,0.18735656142234802,9.844300270080566,0.050000011920928955,1523750
12,6096,250,79.35999298095703,0.3174399733543396,9.40223217010498,0.050000011920928955,1524000
12,6097,250,70.18551635742188,0.2807420790195465,10.23444938659668,0.050000011920928955,1524250
12,6098,250,93.81581115722656,0.3752632439136505,10.181727409362793,0.050000011920928955,1524500
12,6099,250,148.02716064453125,0.5921086668968201,9.395127296447754,0.050000011920928955,1524750
12,6100,250,134.2354736328125,0.5369418859481812,9.616320610046387,0.050000011920928955,1525000
12,6101,250,136.9130096435547,0.5476520657539368,9.824156761169434,0.050000011920928955,1525250
12,6102,250,383.1692199707031,1.5326769351959229,9.668906211853027,0.050000011920928955,1525500
12,6103,250,421.549072265625,1.6861963272094727,9.533843040466309,0.050000011920928955,1525750
12,6104,250,364.7725524902344,1.459090232849121,9.323651313781738,0.050000011920928955,1526000
12,6105,250,614.522216796875,2.4580888748168945,9.466997146606445,0.050000011920928955,1526250
12,6106,250,1248.19140625,4.992765426635742,9.463841438293457,0.050000011920928955,1526500
12,6107,250,1510.0396728515625,6.040158748626709,9.795852661132812,0.050000011920928955,1526750
12,6108,250,1629.6820068359375,6.518728256225586,9.65818977355957,0.050000011920928955,1527000
12,6109,250,1119.6923828125,4.478769302368164,9.796158790588379,0.050000011920928955,1527250
12,6110,250,1522.380859375,6.0895233154296875,9.183859825134277,0.050000011920928955,1527500
12,6111,250,922.10009765625,3.6884005069732666,9.402504920959473,0.050000011920928955,1527750
12,6112,250,1554.807373046875,6.219229698181152,9.119174003601074,0.050000011920928955,1528000
12,6113,250,1463.9464111328125,5.855785846710205,9.518163681030273,0.050000011920928955,1528250
12,6114,250,998.7267456054688,3.9949069023132324,9.229599952697754,0.050000011920928955,1528500
12,6115,250,1189.4090576171875,4.757636070251465,9.483296394348145,0.050000011920928955,1528750
12,6116,250,909.0555419921875,3.6362221240997314,8.994317054748535,0.050000011920928955,1529000
12,6117,250,1324.9810791015625,5.299924373626709,9.626943588256836,0.050000011920928955,1529250
12,6118,250,1280.969482421875,5.123878002166748,9.611496925354004,0.050000011920928955,1529500
12,6119,250,1233.2862548828125,4.933145046234131,9.44038200378418,0.050000011920928955,1529750
12,6120,250,1192.9742431640625,4.771896839141846,9.415261268615723,0.050000011920928955,1530000
12,6121,250,1058.2781982421875,4.233112812042236,9.534446716308594,0.050000011920928955,1530250
12,6122,250,1341.963134765625,5.367852687835693,9.678754806518555,0.050000011920928955,1530500
12,6123,250,1355.7022705078125,5.42280912399292,9.007832527160645,0.050000011920928955,1530750
12,6124,250,1451.8277587890625,5.807311058044434,8.765514373779297,0.050000011920928955,1531000
12,6125,250,1260.5897216796875,5.042358875274658,8.731036186218262,0.050000011920928955,1531250
12,6126,250,755.2483520507812,3.02099347114563,8.60331916809082,0.050000011920928955,1531500
12,6127,250,1487.47998046875,5.949919700622559,8.839436531066895,0.050000011920928955,1531750
12,6128,250,1566.492919921875,6.265971660614014,8.281413078308105,0.050000011920928955,1532000
12,6129,250,1598.6026611328125,6.394410610198975,8.319416999816895,0.050000011920928955,1532250
12,6130,250,1625.3985595703125,6.501594066619873,8.032949447631836,0.050000011920928955,1532500
12,6131,250,1473.064453125,5.8922576904296875,7.723581790924072,0.050000011920928955,1532750
12,6132,250,1481.7545166015625,5.927018165588379,7.369749069213867,0.050000011920928955,1533000
12,6133,250,1522.7557373046875,6.091022968292236,7.7784504890441895,0.050000011920928955,1533250
12,6134,250,1720.8238525390625,6.88329553604126,7.08889102935791,0.050000011920928955,1533500
12,6135,250,1535.6619873046875,6.142647743225098,6.92133092880249,0.050000011920928955,1533750
12,6136,250,1264.4873046875,5.057949066162109,6.749983787536621,0.050000011920928955,1534000
12,6137,250,1784.500244140625,7.138000965118408,6.585808753967285,0.050000011920928955,1534250
12,6138,250,1592.5606689453125,6.370242595672607,6.718383312225342,0.050000011920928955,1534500
12,6139,250,1609.855712890625,6.439423084259033,6.182832717895508,0.050000011920928955,1534750
12,6140,250,1608.904052734375,6.4356160163879395,5.560030460357666,0.050000011920928955,1535000
12,6141,250,1286.64111328125,5.146564483642578,5.505232810974121,0.050000011920928955,1535250
12,6142,250,1810.1148681640625,7.240459442138672,5.145970821380615,0.050000011920928955,1535500
12,6143,250,1782.760009765625,7.131040096282959,5.098291397094727,0.050000011920928955,1535750
12,6144,250,563.1025390625,2.2524101734161377,4.741337776184082,0.050000011920928955,1536000
12,6145,250,1539.832275390625,6.159328937530518,5.016494274139404,0.050000011920928955,1536250
12,6146,250,1132.077880859375,4.528311729431152,4.848819732666016,0.050000011920928955,1536500
12,6147,250,222.7791748046875,0.8911166787147522,4.845510005950928,0.050000011920928955,1536750
12,6148,250,1620.154541015625,6.480618000030518,4.971246242523193,0.050000011920928955,1537000
12,6149,250,1781.276123046875,7.1251044273376465,4.520071506500244,0.050000011920928955,1537250
12,6150,250,1771.4205322265625,7.085681915283203,4.538472652435303,0.050000011920928955,1537500
12,6151,250,1196.2716064453125,4.785086631774902,4.495769500732422,0.050000011920928955,1537750
12,6152,250,1764.9635009765625,7.059854030609131,4.605612277984619,0.050000011920928955,1538000
12,6153,250,149.49740600585938,0.5979896187782288,4.550628662109375,0.050000011920928955,1538250
12,6154,250,1784.177001953125,7.136707782745361,4.5420660972595215,0.050000011920928955,1538500
12,6155,250,1611.73779296875,6.446951389312744,4.830367565155029,0.050000011920928955,1538750
12,6156,250,1648.1533203125,6.592613220214844,4.934788227081299,0.050000011920928955,1539000
12,6157,250,1760.2412109375,7.0409650802612305,4.645505428314209,0.050000011920928955,1539250
12,6158,250,1667.02099609375,6.668084144592285,4.527153968811035,0.050000011920928955,1539500
12,6159,250,1159.406494140625,4.6376261711120605,4.367554664611816,0.050000011920928955,1539750
12,6160,250,1849.8685302734375,7.399474143981934,4.378532886505127,0.050000011920928955,1540000
12,6161,250,981.9658813476562,3.927863597869873,4.43983268737793,0.050000011920928955,1540250
12,6162,250,1616.261962890625,6.465047836303711,4.506760120391846,0.050000011920928955,1540500
12,6163,250,1459.704345703125,5.838817596435547,4.332705497741699,0.050000011920928955,1540750
12,6164,250,1019.3992309570312,4.077597141265869,4.483082294464111,0.050000011920928955,1541000
12,6165,250,1878.0341796875,7.512136936187744,4.303210258483887,0.050000011920928955,1541250
12,6166,250,1494.50146484375,5.978005886077881,4.287874698638916,0.050000011920928955,1541500
12,6167,250,1673.072021484375,6.692287921905518,4.405979156494141,0.050000011920928955,1541750
12,6168,250,64.60858917236328,0.25843435525894165,4.103224277496338,0.050000011920928955,1542000
12,6169,250,1622.193603515625,6.488774299621582,4.667389392852783,0.050000011920928955,1542250
12,6170,250,1349.84326171875,5.3993730545043945,4.4168925285339355,0.050000011920928955,1542500
12,6171,250,1592.9647216796875,6.371859073638916,4.271267890930176,0.050000011920928955,1542750
12,6172,250,1055.83154296875,4.223326206207275,4.759082794189453,0.050000011920928955,1543000
12,6173,250,1718.395751953125,6.87358283996582,4.563777923583984,0.050000011920928955,1543250
12,6174,250,1585.7105712890625,6.342842102050781,4.768858909606934,0.050000011920928955,1543500
12,6175,250,1523.9949951171875,6.095980167388916,4.3160200119018555,0.050000011920928955,1543750
12,6176,250,656.3807373046875,2.6255228519439697,4.65929651260376,0.050000011920928955,1544000
12,6177,250,1398.370849609375,5.5934834480285645,4.666114330291748,0.050000011920928955,1544250
12,6178,250,1683.939453125,6.735757827758789,4.829085350036621,0.050000011920928955,1544500
12,6179,250,1746.6805419921875,6.986721992492676,4.946199417114258,0.050000011920928955,1544750
12,6180,250,1707.4586181640625,6.829834461212158,4.479336738586426,0.050000011920928955,1545000
12,6181,250,1875.961181640625,7.503844738006592,4.81672477722168,0.050000011920928955,1545250
12,6182,250,1894.5284423828125,7.578113555908203,4.813374996185303,0.050000011920928955,1545500
12,6183,250,1724.23779296875,6.896951198577881,4.7940144538879395,0.050000011920928955,1545750
12,6184,250,1838.35009765625,7.353400230407715,4.761300086975098,0.050000011920928955,1546000
12,6185,250,1639.212646484375,6.556850433349609,4.765021800994873,0.050000011920928955,1546250
12,6186,250,1723.8505859375,6.895402431488037,4.745386600494385,0.050000011920928955,1546500
12,6187,250,1723.0089111328125,6.892035484313965,4.490938186645508,0.050000011920928955,1546750
12,6188,250,1704.291748046875,6.817166805267334,4.176696300506592,0.050000011920928955,1547000
12,6189,250,1736.8900146484375,6.947559833526611,3.9139161109924316,0.050000011920928955,1547250
12,6190,250,1669.4537353515625,6.677814960479736,3.8722984790802,0.050000011920928955,1547500
12,6191,250,1680.56396484375,6.722255706787109,4.228492736816406,0.050000011920928955,1547750
12,6192,250,1691.9130859375,6.76765251159668,4.058146953582764,0.050000011920928955,1548000
12,6193,250,1655.4193115234375,6.621677398681641,4.023714542388916,0.050000011920928955,1548250
12,6194,250,1845.1109619140625,7.380444049835205,3.753833532333374,0.050000011920928955,1548500
12,6195,250,1841.628662109375,7.366514682769775,3.7319271564483643,0.050000011920928955,1548750
12,6196,250,1895.870361328125,7.583481311798096,3.6710398197174072,0.050000011920928955,1549000
12,6197,250,1834.305419921875,7.337221622467041,3.6759817600250244,0.050000011920928955,1549250
12,6198,250,1831.16650390625,7.3246660232543945,3.653242588043213,0.050000011920928955,1549500
12,6199,250,1679.11572265625,6.716463088989258,3.598951816558838,0.050000011920928955,1549750
12,6200,250,1883.447509765625,7.533790111541748,3.722860097885132,0.050000011920928955,1550000
12,6201,250,1917.5440673828125,7.6701765060424805,3.756526231765747,0.050000011920928955,1550250
12,6202,250,1871.7127685546875,7.486851215362549,3.5394768714904785,0.050000011920928955,1550500
12,6203,250,1776.2586669921875,7.105034828186035,3.528761625289917,0.050000011920928955,1550750
12,6204,250,1903.223388671875,7.612893581390381,3.6394636631011963,0.050000011920928955,1551000
12,6205,250,1704.36328125,6.817452907562256,3.521381378173828,0.050000011920928955,1551250
12,6206,250,1887.201904296875,7.548807621002197,3.3915202617645264,0.050000011920928955,1551500
12,6207,250,1896.02685546875,7.584107398986816,3.439544200897217,0.050000011920928955,1551750
12,6208,250,1588.7750244140625,6.355100154876709,3.12663197517395,0.050000011920928955,1552000
12,6209,250,1929.0283203125,7.716113090515137,3.1316468715667725,0.050000011920928955,1552250
12,6210,250,1703.3818359375,6.8135271072387695,3.1126351356506348,0.050000011920928955,1552500
12,6211,250,1929.63818359375,7.718552589416504,2.9728639125823975,0.050000011920928955,1552750
12,6212,250,1889.65234375,7.558609485626221,2.820863962173462,0.050000011920928955,1553000
12,6213,250,1859.645263671875,7.4385809898376465,3.0074496269226074,0.050000011920928955,1553250
12,6214,250,1894.8486328125,7.579394340515137,2.9512057304382324,0.050000011920928955,1553500
12,6215,250,1927.01171875,7.708046913146973,2.886439800262451,0.050000011920928955,1553750
12,6216,250,1881.0308837890625,7.524123668670654,2.6635653972625732,0.050000011920928955,1554000
12,6217,250,1861.156005859375,7.444623947143555,2.77205491065979,0.050000011920928955,1554250
12,6218,250,1624.66650390625,6.498665809631348,2.639148235321045,0.050000011920928955,1554500
12,6219,250,1888.9564208984375,7.555825710296631,2.4841582775115967,0.050000011920928955,1554750
12,6220,250,1909.8447265625,7.639379024505615,2.681771755218506,0.050000011920928955,1555000
12,6221,250,1910.32470703125,7.641298770904541,2.748037815093994,0.050000011920928955,1555250
12,6222,250,1926.903076171875,7.70761251449585,2.5706593990325928,0.050000011920928955,1555500
12,6223,250,1386.182861328125,5.544731616973877,2.670994997024536,0.050000011920928955,1555750
12,6224,250,1500.92041015625,6.003681659698486,2.563500165939331,0.050000011920928955,1556000
12,6225,250,1693.04052734375,6.772161960601807,2.880152940750122,0.050000011920928955,1556250
12,6226,250,1654.529296875,6.618117332458496,2.741088628768921,0.050000011920928955,1556500
12,6227,250,1736.101806640625,6.9444074630737305,2.7621781826019287,0.050000011920928955,1556750
12,6228,250,1718.9476318359375,6.875790596008301,2.6875712871551514,0.050000011920928955,1557000
12,6229,250,1711.582275390625,6.846329212188721,2.748358964920044,0.050000011920928955,1557250
12,6230,250,1732.1368408203125,6.928547382354736,2.7066924571990967,0.050000011920928955,1557500
12,6231,250,1724.8599853515625,6.899439811706543,2.4534389972686768,0.050000011920928955,1557750
12,6232,250,1743.8966064453125,6.975586414337158,2.4276716709136963,0.050000011920928955,1558000
12,6233,250,1670.70849609375,6.682834148406982,2.612436294555664,0.050000011920928955,1558250
12,6234,250,1727.36328125,6.90945291519165,2.6241068840026855,0.050000011920928955,1558500
12,6235,250,1760.627197265625,7.042508602142334,2.5323691368103027,0.050000011920928955,1558750
12,6236,250,1709.9873046875,6.839949131011963,2.59592866897583,0.050000011920928955,1559000
12,6237,250,1860.0263671875,7.440105438232422,2.4134421348571777,0.050000011920928955,1559250
12,6238,250,1880.8590087890625,7.523436069488525,2.6005589962005615,0.050000011920928955,1559500
12,6239,250,1884.584716796875,7.538338661193848,2.5595319271087646,0.050000011920928955,1559750
12,6240,250,1815.18505859375,7.260740280151367,2.4643328189849854,0.050000011920928955,1560000
12,6241,250,1777.417724609375,7.109671115875244,2.4667952060699463,0.050000011920928955,1560250
12,6242,250,1904.244384765625,7.616977691650391,2.58620285987854,0.050000011920928955,1560500
12,6243,250,1742.443359375,6.969773292541504,2.5103509426116943,0.050000011920928955,1560750
12,6244,250,1932.9561767578125,7.73182487487793,2.5216541290283203,0.050000011920928955,1561000
12,6245,250,1369.0028076171875,5.476011276245117,2.624011516571045,0.050000011920928955,1561250
12,6246,250,1925.04248046875,7.700170040130615,2.7644166946411133,0.050000011920928955,1561500
12,6247,250,1704.5716552734375,6.818286418914795,2.597959280014038,0.050000011920928955,1561750
12,6248,250,1860.6954345703125,7.442781925201416,2.5580623149871826,0.050000011920928955,1562000
12,6249,250,1767.458251953125,7.069832801818848,2.565608501434326,0.050000011920928955,1562250
12,6250,250,1912.071533203125,7.64828634262085,2.777035713195801,0.050000011920928955,1562500
12,6251,250,783.0767822265625,3.1323070526123047,2.8542628288269043,0.050000011920928955,1562750
12,6252,250,1917.14208984375,7.668568134307861,2.8935513496398926,0.050000011920928955,1563000
12,6253,250,1871.942138671875,7.487768650054932,2.849644899368286,0.050000011920928955,1563250
12,6254,250,111.99436950683594,0.4479774832725525,2.9675285816192627,0.050000011920928955,1563500
12,6255,250,96.92613220214844,0.3877045214176178,3.4880430698394775,0.050000011920928955,1563750
12,6256,250,1876.467529296875,7.505870342254639,3.4474711418151855,0.050000011920928955,1564000
12,6257,250,1858.57666015625,7.434306621551514,3.7043755054473877,0.050000011920928955,1564250
12,6258,250,110.55347442626953,0.44221389293670654,3.795804500579834,0.050000011920928955,1564500
12,6259,250,1552.1798095703125,6.208719253540039,3.656318426132202,0.050000011920928955,1564750
12,6260,250,18.467031478881836,0.07386812567710876,3.810521364212036,0.050000011920928955,1565000
12,6261,250,1744.925048828125,6.979700088500977,4.313031196594238,0.050000011920928955,1565250
12,6262,250,61.46944808959961,0.24587778747081757,4.126642227172852,0.050000011920928955,1565500
12,6263,250,1644.6798095703125,6.578719139099121,4.368335723876953,0.050000011920928955,1565750
12,6264,250,76.73882293701172,0.3069552779197693,4.231362819671631,0.050000011920928955,1566000
12,6265,250,84.98489379882812,0.33993956446647644,4.79394006729126,0.050000011920928955,1566250
12,6266,250,56.50919723510742,0.22603678703308105,5.259770393371582,0.050000011920928955,1566500
12,6267,250,83.96448516845703,0.33585792779922485,5.101260185241699,0.050000011920928955,1566750
12,6268,250,1729.8787841796875,6.919515132904053,5.112929821014404,0.050000011920928955,1567000
12,6269,250,49.47184371948242,0.1978873759508133,5.663806438446045,0.050000011920928955,1567250
12,6270,250,109.06060791015625,0.4362424314022064,6.162691593170166,0.050000011920928955,1567500
12,6271,250,7.250123023986816,0.02900049276649952,6.089030742645264,0.050000011920928955,1567750
12,6272,250,50.35310363769531,0.2014124095439911,5.750936031341553,0.050000011920928955,1568000
12,6273,250,58.82735061645508,0.2353094071149826,6.556377410888672,0.050000011920928955,1568250
12,6274,250,64.98587799072266,0.25994351506233215,6.729179859161377,0.050000011920928955,1568500
12,6275,250,53.244239807128906,0.21297696232795715,6.691579341888428,0.050000011920928955,1568750
12,6276,250,3.184544801712036,0.012738179415464401,6.693355560302734,0.050000011920928955,1569000
12,6277,250,74.44523620605469,0.29778093099594116,7.250239849090576,0.050000011920928955,1569250
12,6278,250,47.5306282043457,0.19012251496315002,6.763895034790039,0.050000011920928955,1569500
12,6279,250,42.197479248046875,0.16878992319107056,6.632205486297607,0.050000011920928955,1569750
12,6280,250,65.24498748779297,0.26097995042800903,6.716325283050537,0.050000011920928955,1570000
12,6281,250,83.85022735595703,0.33540090918540955,7.269997596740723,0.050000011920928955,1570250
12,6282,250,1699.668212890625,6.798672676086426,6.7231221199035645,0.050000011920928955,1570500
12,6283,250,1067.041748046875,4.268167018890381,6.269335746765137,0.050000011920928955,1570750
12,6284,250,1834.690185546875,7.338760852813721,6.02720308303833,0.050000011920928955,1571000
12,6285,250,1653.851806640625,6.6154069900512695,7.255355358123779,0.050000011920928955,1571250
12,6286,250,1708.927978515625,6.83571195602417,6.859302997589111,0.050000011920928955,1571500
12,6287,250,1569.07080078125,6.276283264160156,6.522036075592041,0.050000011920928955,1571750
12,6288,250,1665.754150390625,6.6630167961120605,6.3199896812438965,0.050000011920928955,1572000
12,6289,250,1372.1126708984375,5.488450527191162,7.047017574310303,0.050000011920928955,1572250
12,6290,250,1855.7470703125,7.422988414764404,6.501341342926025,0.050000011920928955,1572500
12,6291,250,1906.8214111328125,7.627285480499268,6.071296691894531,0.050000011920928955,1572750
12,6292,250,1692.847900390625,6.77139139175415,5.897800922393799,0.050000011920928955,1573000
12,6293,250,1455.8348388671875,5.823339462280273,6.259018421173096,0.050000011920928955,1573250
12,6294,250,1349.4541015625,5.397816181182861,5.830941200256348,0.050000011920928955,1573500
12,6295,250,1890.220947265625,7.56088399887085,5.740450859069824,0.050000011920928955,1573750
12,6296,250,1675.486328125,6.7019453048706055,5.515775680541992,0.050000011920928955,1574000
12,6297,250,1858.3048095703125,7.4332194328308105,5.679361820220947,0.050000011920928955,1574250
12,6298,250,1469.81298828125,5.879251956939697,5.545783042907715,0.050000011920928955,1574500
12,6299,250,1662.435791015625,6.64974308013916,5.707686424255371,0.050000011920928955,1574750
12,6300,250,1891.312255859375,7.565248966217041,5.48688268661499,0.050000011920928955,1575000
12,6301,250,1631.610107421875,6.526440620422363,5.471210479736328,0.050000011920928955,1575250
12,6302,250,1680.81103515625,6.7232441902160645,5.356419086456299,0.050000011920928955,1575500
12,6303,250,1871.599609375,7.486398220062256,5.226247310638428,0.050000011920928955,1575750
12,6304,250,1696.91796875,6.78767204284668,5.088552474975586,0.050000011920928955,1576000
12,6305,250,1730.9375,6.923749923706055,4.972029209136963,0.050000011920928955,1576250
12,6306,250,1657.515380859375,6.630061626434326,4.904839992523193,0.050000011920928955,1576500
12,6307,250,1892.7562255859375,7.5710248947143555,4.75489616394043,0.050000011920928955,1576750
12,6308,250,1720.404541015625,6.881618022918701,4.777524948120117,0.050000011920928955,1577000
12,6309,250,1616.667236328125,6.466669082641602,5.017770767211914,0.050000011920928955,1577250
12,6310,250,1680.90478515625,6.723618984222412,4.5983452796936035,0.050000011920928955,1577500
12,6311,250,1906.385986328125,7.62554407119751,4.450774669647217,0.050000011920928955,1577750
12,6312,250,1656.980224609375,6.627921104431152,4.500441074371338,0.050000011920928955,1578000
12,6313,250,1531.2147216796875,6.124858856201172,4.373132228851318,0.050000011920928955,1578250
12,6314,250,1866.950439453125,7.467801570892334,4.478992938995361,0.050000011920928955,1578500
12,6315,250,1931.74658203125,7.726986408233643,4.240374565124512,0.050000011920928955,1578750
12,6316,250,1083.5146484375,4.33405876159668,4.2095489501953125,0.050000011920928955,1579000
12,6317,250,1751.8953857421875,7.00758171081543,4.493869781494141,0.050000011920928955,1579250
12,6318,250,1884.1820068359375,7.5367279052734375,4.101617336273193,0.050000011920928955,1579500
12,6319,250,1706.1422119140625,6.824568748474121,3.7769315242767334,0.050000011920928955,1579750
12,6320,250,1922.9012451171875,7.691605091094971,3.6154229640960693,0.050000011920928955,1580000
12,6321,250,1853.4346923828125,7.41373872756958,3.7066938877105713,0.050000011920928955,1580250
12,6322,250,1901.11669921875,7.604466915130615,3.655193567276001,0.050000011920928955,1580500
12,6323,250,1662.1453857421875,6.648581504821777,3.4504828453063965,0.050000011920928955,1580750
12,6324,250,15.395158767700195,0.061580635607242584,3.3531153202056885,0.050000011920928955,1581000
12,6325,250,1681.677001953125,6.726707935333252,3.5959713459014893,0.050000011920928955,1581250
12,6326,250,1933.5247802734375,7.7340989112854,3.509910821914673,0.050000011920928955,1581500
12,6327,250,1874.4827880859375,7.497931003570557,3.3533098697662354,0.050000011920928955,1581750
12,6328,250,1757.7630615234375,7.031052112579346,3.5522196292877197,0.050000011920928955,1582000
12,6329,250,1719.87158203125,6.879486560821533,3.549163341522217,0.050000011920928955,1582250
12,6330,250,1892.5714111328125,7.570285797119141,3.731147050857544,0.050000011920928955,1582500
12,6331,250,1774.0782470703125,7.096312999725342,3.7390973567962646,0.050000011920928955,1582750
12,6332,250,1928.9970703125,7.7159881591796875,3.6857683658599854,0.050000011920928955,1583000
12,6333,250,1912.915771484375,7.651663303375244,3.685494899749756,0.050000011920928955,1583250
12,6334,250,1918.7652587890625,7.675061225891113,3.346322774887085,0.050000011920928955,1583500
12,6335,250,1933.683349609375,7.734733581542969,3.164701223373413,0.050000011920928955,1583750
12,6336,250,1881.4542236328125,7.525816917419434,3.4946444034576416,0.050000011920928955,1584000
12,6337,250,1947.908935546875,7.791635513305664,3.709967613220215,0.050000011920928955,1584250
12,6338,250,1916.8621826171875,7.6674485206604,3.2311887741088867,0.050000011920928955,1584500
12,6339,250,1884.003662109375,7.536014556884766,3.3869919776916504,0.050000011920928955,1584750
12,6340,250,1935.9368896484375,7.743747711181641,3.4859375953674316,0.050000011920928955,1585000
12,6341,250,1925.1502685546875,7.700601100921631,3.4540960788726807,0.050000011920928955,1585250
12,6342,250,1928.942626953125,7.715770721435547,3.3998606204986572,0.050000011920928955,1585500
12,6343,250,1851.433837890625,7.405735492706299,3.1500654220581055,0.050000011920928955,1585750
12,6344,250,1946.943115234375,7.7877726554870605,3.1701741218566895,0.050000011920928955,1586000
12,6345,250,1881.9864501953125,7.5279459953308105,3.110255718231201,0.050000011920928955,1586250
12,6346,250,1945.602294921875,7.782409191131592,3.2179534435272217,0.050000011920928955,1586500
12,6347,250,1954.37646484375,7.817505836486816,3.2023708820343018,0.050000011920928955,1586750
12,6348,250,1902.529052734375,7.610116004943848,3.082923173904419,0.050000011920928955,1587000
12,6349,250,1883.472900390625,7.533891677856445,3.1609315872192383,0.050000011920928955,1587250
12,6350,250,1712.4365234375,6.849746227264404,2.904679775238037,0.050000011920928955,1587500
12,6351,250,1929.49609375,7.717984199523926,3.0332374572753906,0.050000011920928955,1587750
12,6352,250,1782.390380859375,7.129561424255371,2.900036096572876,0.050000011920928955,1588000
12,6353,250,1909.912109375,7.6396484375,3.1080565452575684,0.050000011920928955,1588250
12,6354,250,1931.022216796875,7.724088668823242,3.1121020317077637,0.050000011920928955,1588500
12,6355,250,1952.9912109375,7.811964988708496,3.172741174697876,0.050000011920928955,1588750
12,6356,250,1958.5496826171875,7.834198951721191,2.903879404067993,0.050000011920928955,1589000
12,6357,250,1874.7259521484375,7.498903751373291,2.9950568675994873,0.050000011920928955,1589250
12,6358,250,1927.839599609375,7.711358547210693,2.7889890670776367,0.050000011920928955,1589500
12,6359,250,1924.817138671875,7.699268341064453,2.719743490219116,0.050000011920928955,1589750
12,6360,250,1912.0003662109375,7.648001670837402,2.7640247344970703,0.050000011920928955,1590000
12,6361,250,1890.123291015625,7.560492992401123,2.9373791217803955,0.050000011920928955,1590250
12,6362,250,1892.7926025390625,7.571170330047607,2.813087224960327,0.050000011920928955,1590500
12,6363,250,1627.135009765625,6.508540153503418,2.777120590209961,0.050000011920928955,1590750
12,6364,250,1811.369873046875,7.245479583740234,2.7197721004486084,0.050000011920928955,1591000
12,6365,250,1967.3955078125,7.869582176208496,2.5493295192718506,0.050000011920928955,1591250
12,6366,250,1777.0906982421875,7.108362674713135,2.477368116378784,0.050000011920928955,1591500
12,6367,250,1891.05322265625,7.564212799072266,2.7574894428253174,0.050000011920928955,1591750
12,6368,250,1760.6529541015625,7.042611598968506,2.452958822250366,0.050000011920928955,1592000
12,6369,250,1917.390625,7.669562339782715,2.4539341926574707,0.050000011920928955,1592250
12,6370,250,1823.587646484375,7.294350624084473,2.2956058979034424,0.050000011920928955,1592500
12,6371,250,1702.2799072265625,6.809119701385498,2.4449775218963623,0.050000011920928955,1592750
12,6372,250,1762.5860595703125,7.050344467163086,2.3058393001556396,0.050000011920928955,1593000
12,6373,250,1928.05078125,7.712203025817871,2.6467885971069336,0.050000011920928955,1593250
12,6374,250,1882.747314453125,7.530989170074463,2.5061278343200684,0.050000011920928955,1593500
12,6375,250,1754.17578125,7.016703128814697,2.709174156188965,0.050000011920928955,1593750
12,6376,250,1867.8192138671875,7.471276760101318,2.4725027084350586,0.050000011920928955,1594000
12,6377,250,1893.5262451171875,7.5741047859191895,2.438654661178589,0.050000011920928955,1594250
12,6378,250,1732.7188720703125,6.930875301361084,2.713547706604004,0.050000011920928955,1594500
12,6379,250,1703.2188720703125,6.812875270843506,2.6429741382598877,0.050000011920928955,1594750
12,6380,250,1627.736328125,6.5109453201293945,2.604783535003662,0.050000011920928955,1595000
12,6381,250,1867.9366455078125,7.471746444702148,2.7740750312805176,0.050000011920928955,1595250
12,6382,250,1800.4580078125,7.201831817626953,2.733583688735962,0.050000011920928955,1595500
12,6383,250,1925.257080078125,7.701028347015381,2.4888756275177,0.050000011920928955,1595750
12,6384,250,1809.119384765625,7.236477375030518,2.753411293029785,0.050000011920928955,1596000
12,6385,250,1810.615234375,7.24246072769165,2.8738160133361816,0.050000011920928955,1596250
12,6386,250,1921.035888671875,7.684143543243408,2.8826096057891846,0.050000011920928955,1596500
12,6387,250,1778.91552734375,7.115662097930908,2.6536545753479004,0.050000011920928955,1596750
12,6388,250,1941.0234375,7.76409387588501,2.6158764362335205,0.050000011920928955,1597000
12,6389,250,1614.6671142578125,6.458668231964111,2.8283047676086426,0.050000011920928955,1597250
12,6390,250,1854.7509765625,7.419003963470459,2.6564927101135254,0.050000011920928955,1597500
12,6391,250,1884.2510986328125,7.537004470825195,2.9628946781158447,0.050000011920928955,1597750
12,6392,250,1886.3935546875,7.545574188232422,2.789811134338379,0.050000011920928955,1598000
12,6393,250,1935.99462890625,7.743978500366211,2.5859692096710205,0.050000011920928955,1598250
12,6394,250,1935.0352783203125,7.740140914916992,2.5928256511688232,0.050000011920928955,1598500
12,6395,250,1901.3558349609375,7.605423450469971,2.6689493656158447,0.050000011920928955,1598750
12,6396,250,1750.6619873046875,7.002647876739502,2.33524751663208,0.050000011920928955,1599000
12,6397,250,1928.0462646484375,7.712184906005859,2.7671830654144287,0.050000011920928955,1599250
12,6398,250,1945.3697509765625,7.7814788818359375,2.751396656036377,0.050000011920928955,1599500
12,6399,250,1937.6573486328125,7.750629425048828,2.900357723236084,0.050000011920928955,1599750
12,6400,250,1604.7962646484375,6.419185161590576,2.9265449047088623,0.050000011920928955,1600000
12,6401,250,1730.93505859375,6.923740386962891,2.9705615043640137,0.050000011920928955,1600250
12,6402,250,1901.1199951171875,7.604479789733887,2.835222005844116,0.050000011920928955,1600500
12,6403,250,1959.310546875,7.837242126464844,2.825521469116211,0.050000011920928955,1600750
12,6404,250,1737.6925048828125,6.950769901275635,2.877692222595215,0.050000011920928955,1601000
12,6405,250,1904.59130859375,7.618365287780762,2.9172890186309814,0.050000011920928955,1601250
12,6406,250,1930.0728759765625,7.720291614532471,2.7944936752319336,0.050000011920928955,1601500
12,6407,250,1702.4337158203125,6.80973482131958,2.8538613319396973,0.050000011920928955,1601750
12,6408,250,1878.051513671875,7.512206077575684,2.6420531272888184,0.050000011920928955,1602000
12,6409,250,1770.1749267578125,7.080699920654297,2.620628595352173,0.050000011920928955,1602250
12,6410,250,1859.91259765625,7.439650535583496,2.880178213119507,0.050000011920928955,1602500
12,6411,250,1661.1397705078125,6.644558906555176,2.783015727996826,0.050000011920928955,1602750
12,6412,250,1744.585205078125,6.9783406257629395,2.8436942100524902,0.050000011920928955,1603000
12,6413,250,1840.15478515625,7.360619068145752,2.7882704734802246,0.050000011920928955,1603250
12,6414,250,1593.166015625,6.372663974761963,2.6467649936676025,0.050000011920928955,1603500
12,6415,250,1697.762939453125,6.791051864624023,2.865628957748413,0.050000011920928955,1603750
12,6416,250,1736.3741455078125,6.945496559143066,2.729806661605835,0.050000011920928955,1604000
12,6417,250,1749.414306640625,6.997657299041748,2.823141574859619,0.050000011920928955,1604250
12,6418,250,1608.6925048828125,6.434770107269287,2.819756269454956,0.050000011920928955,1604500
12,6419,250,1880.4012451171875,7.521605014801025,2.791626453399658,0.050000011920928955,1604750
12,6420,250,1862.798095703125,7.451192378997803,2.7353851795196533,0.050000011920928955,1605000
12,6421,250,1737.62109375,6.950484275817871,2.8600821495056152,0.050000011920928955,1605250
12,6422,250,1792.427978515625,7.169712066650391,2.887442111968994,0.050000011920928955,1605500
12,6423,250,1641.5838623046875,6.566335678100586,2.727606773376465,0.050000011920928955,1605750
12,6424,250,34.01594543457031,0.13606378436088562,2.8118340969085693,0.050000011920928955,1606000
12,6425,250,1778.1903076171875,7.1127610206604,2.995316505432129,0.050000011920928955,1606250
12,6426,250,1568.629638671875,6.2745184898376465,3.0418288707733154,0.050000011920928955,1606500
12,6427,250,1736.281494140625,6.945126056671143,3.1784651279449463,0.050000011920928955,1606750
12,6428,250,1778.2021484375,7.112808704376221,3.2297251224517822,0.050000011920928955,1607000
12,6429,250,1700.7843017578125,6.803137302398682,3.1977522373199463,0.050000011920928955,1607250
12,6430,250,1773.129150390625,7.0925164222717285,3.214750289916992,0.050000011920928955,1607500
12,6431,250,1775.446533203125,7.101786136627197,3.218923330307007,0.050000011920928955,1607750
12,6432,250,1721.6982421875,6.88679313659668,3.2936038970947266,0.050000011920928955,1608000
12,6433,250,1780.418701171875,7.12167501449585,3.139601707458496,0.050000011920928955,1608250
12,6434,250,1770.69775390625,7.082790851593018,3.392364978790283,0.050000011920928955,1608500
12,6435,250,1710.601318359375,6.842405319213867,3.2953312397003174,0.050000011920928955,1608750
12,6436,250,1750.571533203125,7.002285957336426,3.2103705406188965,0.050000011920928955,1609000
12,6437,250,1800.177978515625,7.200711727142334,3.127861499786377,0.050000011920928955,1609250
12,6438,250,1789.8033447265625,7.159213542938232,3.013007402420044,0.050000011920928955,1609500
12,6439,250,1779.6483154296875,7.118593215942383,3.3330233097076416,0.050000011920928955,1609750
12,6440,250,1911.4085693359375,7.645634174346924,3.1263234615325928,0.050000011920928955,1610000
12,6441,250,1825.232421875,7.300929546356201,3.039910078048706,0.050000011920928955,1610250
12,6442,250,1923.786865234375,7.695147514343262,3.0398125648498535,0.050000011920928955,1610500
12,6443,250,1783.228515625,7.132914066314697,3.1492741107940674,0.050000011920928955,1610750
12,6444,250,1734.6044921875,6.938417911529541,2.9390478134155273,0.050000011920928955,1611000
12,6445,250,1760.9365234375,7.043745994567871,3.1539418697357178,0.050000011920928955,1611250
12,6446,250,1846.913818359375,7.387655258178711,3.2853822708129883,0.050000011920928955,1611500
12,6447,250,1918.6112060546875,7.674444675445557,3.0307695865631104,0.050000011920928955,1611750
12,6448,250,1734.223876953125,6.936895370483398,3.1830339431762695,0.050000011920928955,1612000
12,6449,250,1530.7469482421875,6.122987747192383,3.2522940635681152,0.050000011920928955,1612250
12,6450,250,1625.193359375,6.5007734298706055,3.076559066772461,0.050000011920928955,1612500
12,6451,250,1696.8094482421875,6.787237644195557,3.2062695026397705,0.050000011920928955,1612750
12,6452,250,1762.6201171875,7.050480365753174,3.2739901542663574,0.050000011920928955,1613000
12,6453,250,1764.38818359375,7.057552814483643,3.097363233566284,0.050000011920928955,1613250
12,6454,250,1739.6136474609375,6.958454608917236,3.0470969676971436,0.050000011920928955,1613500
12,6455,250,1743.1029052734375,6.972411632537842,3.1659135818481445,0.050000011920928955,1613750
12,6456,250,1893.332763671875,7.573330879211426,3.2099905014038086,0.050000011920928955,1614000
12,6457,250,1921.763671875,7.687054634094238,3.0451467037200928,0.050000011920928955,1614250
12,6458,250,1854.83056640625,7.419322490692139,3.325002670288086,0.050000011920928955,1614500
12,6459,250,1730.5548095703125,6.922219276428223,3.074075937271118,0.050000011920928955,1614750
12,6460,250,1914.98779296875,7.659951210021973,3.151700973510742,0.050000011920928955,1615000
12,6461,250,1717.924072265625,6.871696472167969,3.062016010284424,0.050000011920928955,1615250
12,6462,250,1769.857177734375,7.079428672790527,2.921077013015747,0.050000011920928955,1615500
12,6463,250,-23.744108200073242,-0.09497643262147903,3.232731342315674,0.050000011920928955,1615750
12,6464,250,1862.50146484375,7.450006008148193,3.4793410301208496,0.050000011920928955,1616000
12,6465,250,1898.400634765625,7.593602657318115,3.2524523735046387,0.050000011920928955,1616250
12,6466,250,-18.611507415771484,-0.07444602996110916,3.3268773555755615,0.050000011920928955,1616500
12,6467,250,1868.84814453125,7.4753923416137695,3.4848105907440186,0.050000011920928955,1616750
12,6468,250,1712.158935546875,6.848635673522949,3.5071842670440674,0.050000011920928955,1617000
12,6469,250,1647.40625,6.589624881744385,3.20499849319458,0.050000011920928955,1617250
12,6470,250,1666.84765625,6.667390823364258,3.4444098472595215,0.050000011920928955,1617500
12,6471,250,1702.52978515625,6.810119152069092,3.599719524383545,0.050000011920928955,1617750
12,6472,250,1746.3782958984375,6.985513210296631,3.4992711544036865,0.050000011920928955,1618000
12,6473,250,-9.75119686126709,-0.03900478780269623,3.7551679611206055,0.050000011920928955,1618250
12,6474,250,154.84774780273438,0.6193909645080566,4.161012649536133,0.050000011920928955,1618500
12,6475,250,1712.3427734375,6.849370956420898,4.256807327270508,0.050000011920928955,1618750
12,6476,250,1268.4420166015625,5.073768138885498,4.233251571655273,0.050000011920928955,1619000
12,6477,250,1657.3140869140625,6.629256248474121,4.112549781799316,0.050000011920928955,1619250
12,6478,250,1601.7845458984375,6.407138347625732,4.551236629486084,0.050000011920928955,1619500
12,6479,250,1364.539794921875,5.45815896987915,4.179068088531494,0.050000011920928955,1619750
12,6480,250,1713.320556640625,6.853282451629639,3.968327522277832,0.050000011920928955,1620000
12,6481,250,1748.787841796875,6.995151519775391,4.169964790344238,0.050000011920928955,1620250
12,6482,250,1865.9051513671875,7.463620662689209,4.342289924621582,0.050000011920928955,1620500
12,6483,250,1668.2457275390625,6.672982692718506,4.155604362487793,0.050000011920928955,1620750
12,6484,250,1571.7772216796875,6.287108898162842,4.096073150634766,0.050000011920928955,1621000
12,6485,250,1748.6982421875,6.994792938232422,4.204428672790527,0.050000011920928955,1621250
12,6486,250,1718.2818603515625,6.873127460479736,4.258718967437744,0.050000011920928955,1621500
12,6487,250,1713.305419921875,6.853221893310547,4.4825053215026855,0.050000011920928955,1621750
12,6488,250,1740.04150390625,6.960165977478027,4.035563945770264,0.050000011920928955,1622000
12,6489,250,1729.0435791015625,6.916174411773682,4.432173252105713,0.050000011920928955,1622250
12,6490,250,1741.954833984375,6.9678192138671875,4.231522083282471,0.050000011920928955,1622500
12,6491,250,1645.25390625,6.581015586853027,4.295934677124023,0.050000011920928955,1622750
12,6492,250,1466.6331787109375,5.866532802581787,4.099123001098633,0.050000011920928955,1623000
12,6493,250,1567.182861328125,6.268731594085693,4.3046159744262695,0.050000011920928955,1623250
12,6494,250,1584.6170654296875,6.338468074798584,4.132181167602539,0.050000011920928955,1623500
12,6495,250,1535.070068359375,6.140280246734619,3.9810497760772705,0.050000011920928955,1623750
12,6496,250,1432.7965087890625,5.7311859130859375,4.426794052124023,0.050000011920928955,1624000
12,6497,250,1539.40185546875,6.157607555389404,4.394865036010742,0.050000011920928955,1624250
12,6498,250,1549.3250732421875,6.197300434112549,4.251874923706055,0.050000011920928955,1624500
12,6499,250,1551.189208984375,6.204756736755371,4.300809860229492,0.050000011920928955,1624750
12,6500,250,1735.0693359375,6.940277576446533,4.3795671463012695,0.050000011920928955,1625000
12,6501,250,1557.9769287109375,6.231907844543457,4.311479568481445,0.050000011920928955,1625250
12,6502,250,1599.442626953125,6.397770404815674,4.385847568511963,0.050000011920928955,1625500
12,6503,250,1597.6016845703125,6.390406608581543,4.293290138244629,0.050000011920928955,1625750
12,6504,250,1778.9244384765625,7.115697860717773,3.95687198638916,0.050000011920928955,1626000
12,6505,250,1680.59375,6.72237491607666,4.296052932739258,0.050000011920928955,1626250
12,6506,250,1687.249267578125,6.748997211456299,3.8782553672790527,0.050000011920928955,1626500
12,6507,250,1816.755615234375,7.267022609710693,3.8625049591064453,0.050000011920928955,1626750
12,6508,250,1770.291015625,7.0811638832092285,3.845456123352051,0.050000011920928955,1627000
12,6509,250,1703.5972900390625,6.814389228820801,3.9087204933166504,0.050000011920928955,1627250
12,6510,250,1778.853271484375,7.115413188934326,4.210084438323975,0.050000011920928955,1627500
12,6511,250,1789.9798583984375,7.159919261932373,4.064415454864502,0.050000011920928955,1627750
12,6512,250,1742.9222412109375,6.971688747406006,3.886305093765259,0.050000011920928955,1628000
12,6513,250,1642.172119140625,6.56868839263916,3.5708580017089844,0.050000011920928955,1628250
12,6514,250,1708.4102783203125,6.833641052246094,3.57454252243042,0.050000011920928955,1628500
12,6515,250,1617.111328125,6.468445301055908,3.37922739982605,0.050000011920928955,1628750
12,6516,250,1431.496826171875,5.725987434387207,3.2764790058135986,0.050000011920928955,1629000
12,6517,250,1583.548583984375,6.334194183349609,3.5446536540985107,0.050000011920928955,1629250
12,6518,250,1931.8377685546875,7.727351188659668,3.179318428039551,0.050000011920928955,1629500
12,6519,250,1772.1400146484375,7.088560104370117,3.6574621200561523,0.050000011920928955,1629750
12,6520,250,1723.68212890625,6.894728660583496,3.3131537437438965,0.050000011920928955,1630000
12,6521,250,324.56121826171875,1.298244833946228,3.2807977199554443,0.050000011920928955,1630250
12,6522,250,1521.2572021484375,6.085028648376465,3.7074239253997803,0.050000011920928955,1630500
12,6523,250,391.0013427734375,1.5640053749084473,3.6239967346191406,0.050000011920928955,1630750
12,6524,250,1744.037109375,6.97614860534668,3.6148147583007812,0.050000011920928955,1631000
12,6525,250,1604.027099609375,6.41610860824585,3.949328899383545,0.050000011920928955,1631250
12,6526,250,-34.81809616088867,-0.13927239179611206,3.8206722736358643,0.050000011920928955,1631500
12,6527,250,1725.493896484375,6.901975631713867,3.7325332164764404,0.050000011920928955,1631750
12,6528,250,1754.497802734375,7.017991065979004,3.8033673763275146,0.050000011920928955,1632000
12,6529,250,1592.019775390625,6.36807918548584,4.157626152038574,0.050000011920928955,1632250
12,6530,250,45.750099182128906,0.18300040066242218,4.354321479797363,0.050000011920928955,1632500
12,6531,250,1294.1524658203125,5.176609992980957,4.063256740570068,0.050000011920928955,1632750
12,6532,250,61.067195892333984,0.24426878988742828,4.327357292175293,0.050000011920928955,1633000
12,6533,250,-8.738225936889648,-0.034952905029058456,4.609219074249268,0.050000011920928955,1633250
12,6534,250,52.35263442993164,0.20941053330898285,4.832906723022461,0.050000011920928955,1633500
12,6535,250,611.5004272460938,2.4460017681121826,5.014036655426025,0.050000011920928955,1633750
12,6536,250,1540.0015869140625,6.160006523132324,4.9512152671813965,0.050000011920928955,1634000
12,6537,250,24.729637145996094,0.09891854971647263,5.408615589141846,0.050000011920928955,1634250
12,6538,250,1537.777587890625,6.1511101722717285,5.40826416015625,0.050000011920928955,1634500
12,6539,250,1346.85546875,5.38742208480835,5.359092712402344,0.050000011920928955,1634750
12,6540,250,1417.0228271484375,5.668091297149658,5.616637706756592,0.050000011920928955,1635000
12,6541,250,1346.7916259765625,5.387166500091553,5.701915740966797,0.050000011920928955,1635250
12,6542,250,1280.7388916015625,5.122955799102783,5.468899250030518,0.050000011920928955,1635500
12,6543,250,1408.9935302734375,5.635973930358887,5.897521018981934,0.050000011920928955,1635750
12,6544,250,912.7974243164062,3.6511898040771484,5.2703399658203125,0.050000011920928955,1636000
12,6545,250,1491.1038818359375,5.964415550231934,5.788673400878906,0.050000011920928955,1636250
12,6546,250,1555.761474609375,6.223045825958252,5.788192272186279,0.050000011920928955,1636500
12,6547,250,1035.185791015625,4.140743255615234,5.726740837097168,0.050000011920928955,1636750
12,6548,250,1496.8106689453125,5.987242698669434,5.977128028869629,0.050000011920928955,1637000
12,6549,250,1458.135498046875,5.8325419425964355,5.939489364624023,0.050000011920928955,1637250
12,6550,250,1490.64794921875,5.962591648101807,6.066667079925537,0.050000011920928955,1637500
12,6551,250,1714.66650390625,6.858665943145752,5.733750343322754,0.050000011920928955,1637750
12,6552,250,1342.5621337890625,5.370248317718506,5.552501201629639,0.050000011920928955,1638000
12,6553,250,1233.975830078125,4.935903549194336,6.127373695373535,0.050000011920928955,1638250
12,6554,250,870.2639770507812,3.481055974960327,5.650210380554199,0.050000011920928955,1638500
12,6555,250,1724.031494140625,6.896125793457031,5.8894877433776855,0.050000011920928955,1638750
12,6556,250,1482.8941650390625,5.931576728820801,5.673223495483398,0.050000011920928955,1639000
12,6557,250,1708.7635498046875,6.835054397583008,5.9410881996154785,0.050000011920928955,1639250
12,6558,250,1747.21533203125,6.988861560821533,5.913018226623535,0.050000011920928955,1639500
12,6559,250,1730.67822265625,6.922712802886963,5.580400466918945,0.050000011920928955,1639750
12,6560,250,1736.37353515625,6.945494174957275,5.688507556915283,0.050000011920928955,1640000
12,6561,250,1741.8641357421875,6.967456340789795,5.892026901245117,0.050000011920928955,1640250
12,6562,250,1823.68359375,7.294734477996826,5.376578330993652,0.050000011920928955,1640500
12,6563,250,1701.40380859375,6.805615425109863,5.487515926361084,0.050000011920928955,1640750
12,6564,250,1700.0849609375,6.800339698791504,5.38728666305542,0.050000011920928955,1641000
12,6565,250,1709.315673828125,6.8372626304626465,5.364637851715088,0.050000011920928955,1641250
12,6566,250,1350.331787109375,5.401327133178711,5.473911762237549,0.050000011920928955,1641500
12,6567,250,1710.3167724609375,6.841267108917236,5.233935356140137,0.050000011920928955,1641750
12,6568,250,1554.9920654296875,6.219968318939209,5.132838726043701,0.050000011920928955,1642000
12,6569,250,1781.2137451171875,7.124855041503906,5.237846851348877,0.050000011920928955,1642250
12,6570,250,1765.5849609375,7.062339782714844,5.344804286956787,0.050000011920928955,1642500
12,6571,250,1869.41748046875,7.477669715881348,4.74999475479126,0.050000011920928955,1642750
12,6572,250,1512.380615234375,6.049522399902344,4.943233966827393,0.050000011920928955,1643000
12,6573,250,1704.4573974609375,6.817829608917236,4.345749378204346,0.050000011920928955,1643250
12,6574,250,1760.5057373046875,7.042023181915283,4.3487067222595215,0.050000011920928955,1643500
12,6575,250,1819.579345703125,7.278317451477051,3.9667000770568848,0.050000011920928955,1643750
12,6576,250,1278.622314453125,5.1144890785217285,4.025595188140869,0.050000011920928955,1644000
12,6577,250,1744.7259521484375,6.978903770446777,3.912482976913452,0.050000011920928955,1644250
12,6578,250,1889.029296875,7.556117057800293,3.655457019805908,0.050000011920928955,1644500
12,6579,250,1898.71875,7.594874858856201,3.459930419921875,0.050000011920928955,1644750
12,6580,250,1712.12255859375,6.848490238189697,3.6456503868103027,0.050000011920928955,1645000
12,6581,250,1783.755859375,7.135023593902588,3.3529093265533447,0.050000011920928955,1645250
12,6582,250,1515.3079833984375,6.061232089996338,3.3332903385162354,0.050000011920928955,1645500
12,6583,250,1707.61572265625,6.83046293258667,3.4891517162323,0.050000011920928955,1645750
12,6584,250,1878.3909912109375,7.513564109802246,3.172462224960327,0.050000011920928955,1646000
12,6585,250,1868.9013671875,7.475605487823486,3.263880729675293,0.050000011920928955,1646250
12,6586,250,1873.1732177734375,7.492692947387695,3.2513763904571533,0.050000011920928955,1646500
12,6587,250,1525.74560546875,6.102982521057129,3.1415631771087646,0.050000011920928955,1646750
12,6588,250,1762.9462890625,7.051784992218018,3.3348710536956787,0.050000011920928955,1647000
12,6589,250,1471.9066162109375,5.887626647949219,3.3330609798431396,0.050000011920928955,1647250
12,6590,250,1691.4344482421875,6.765738010406494,2.8891890048980713,0.050000011920928955,1647500
12,6591,250,1726.794921875,6.907179832458496,3.011430501937866,0.050000011920928955,1647750
12,6592,250,1778.32861328125,7.113314628601074,2.9353702068328857,0.050000011920928955,1648000
12,6593,250,702.773681640625,2.8110947608947754,3.247349977493286,0.050000011920928955,1648250
12,6594,250,1822.4482421875,7.289793014526367,2.9347901344299316,0.050000011920928955,1648500
12,6595,250,1817.4505615234375,7.269802093505859,3.0611329078674316,0.050000011920928955,1648750
12,6596,250,1782.814697265625,7.131258964538574,3.216107130050659,0.050000011920928955,1649000
12,6597,250,1852.0167236328125,7.408066749572754,2.718831777572632,0.050000011920928955,1649250
12,6598,250,1824.3056640625,7.29722261428833,3.0896191596984863,0.050000011920928955,1649500
12,6599,250,1513.6192626953125,6.054477214813232,3.010094165802002,0.050000011920928955,1649750
12,6600,250,1728.980712890625,6.91592264175415,3.0074074268341064,0.050000011920928955,1650000
12,6601,250,1874.691162109375,7.498764514923096,2.8682568073272705,0.050000011920928955,1650250
12,6602,250,1531.313232421875,6.125252723693848,3.011704444885254,0.050000011920928955,1650500
12,6603,250,1564.838623046875,6.259354591369629,3.02506422996521,0.050000011920928955,1650750
12,6604,250,1528.4415283203125,6.113766193389893,3.0567777156829834,0.050000011920928955,1651000
12,6605,250,1894.43115234375,7.577724456787109,3.046203851699829,0.050000011920928955,1651250
12,6606,250,1658.18798828125,6.632751941680908,3.3141937255859375,0.050000011920928955,1651500
12,6607,250,1593.068115234375,6.372272491455078,2.956444501876831,0.050000011920928955,1651750
12,6608,250,1725.0712890625,6.900285243988037,3.0676090717315674,0.050000011920928955,1652000
12,6609,250,1611.1229248046875,6.444491863250732,3.1736395359039307,0.050000011920928955,1652250
12,6610,250,1609.168212890625,6.436672687530518,3.071730375289917,0.050000011920928955,1652500
12,6611,250,1551.576171875,6.206304550170898,3.127969264984131,0.050000011920928955,1652750
12,6612,250,1545.393798828125,6.181575298309326,3.138261318206787,0.050000011920928955,1653000
12,6613,250,1656.134765625,6.624538898468018,3.2507143020629883,0.050000011920928955,1653250
12,6614,250,1266.876220703125,5.0675048828125,2.9957380294799805,0.050000011920928955,1653500
12,6615,250,1502.3699951171875,6.009479999542236,3.254089832305908,0.050000011920928955,1653750
12,6616,250,1885.513916015625,7.542055606842041,3.006291151046753,0.050000011920928955,1654000
12,6617,250,1736.3731689453125,6.945492744445801,3.2428157329559326,0.050000011920928955,1654250
12,6618,250,1697.107421875,6.7884297370910645,3.26643967628479,0.050000011920928955,1654500
12,6619,250,1714.741943359375,6.8589677810668945,3.281201124191284,0.050000011920928955,1654750
12,6620,250,1159.0933837890625,4.636373519897461,3.2921407222747803,0.050000011920928955,1655000
12,6621,250,1392.667724609375,5.570671081542969,3.431797504425049,0.050000011920928955,1655250
12,6622,250,1540.4359130859375,6.161743640899658,3.251683473587036,0.050000011920928955,1655500
12,6623,250,1261.4661865234375,5.045864582061768,3.2651193141937256,0.050000011920928955,1655750
12,6624,250,1508.3995361328125,6.033597946166992,3.3276684284210205,0.050000011920928955,1656000
12,6625,250,1648.687744140625,6.594750881195068,3.4318151473999023,0.050000011920928955,1656250
12,6626,250,1658.6199951171875,6.634479999542236,3.5473296642303467,0.050000011920928955,1656500
12,6627,250,1635.2503662109375,6.541001319885254,3.6163008213043213,0.050000011920928955,1656750
12,6628,250,509.133544921875,2.036534070968628,3.4885153770446777,0.050000011920928955,1657000
12,6629,250,1644.642578125,6.578570365905762,3.6384754180908203,0.050000011920928955,1657250
12,6630,250,1580.3514404296875,6.32140588760376,3.6890711784362793,0.050000011920928955,1657500
12,6631,250,33.96810531616211,0.13587242364883423,3.464708089828491,0.050000011920928955,1657750
12,6632,250,1631.8868408203125,6.527547359466553,3.930598735809326,0.050000011920928955,1658000
12,6633,250,44.259429931640625,0.17703771591186523,3.9707117080688477,0.050000011920928955,1658250
12,6634,250,1815.8416748046875,7.26336669921875,4.352060317993164,0.050000011920928955,1658500
12,6635,250,79.6966781616211,0.31878671050071716,3.971266031265259,0.050000011920928955,1658750
12,6636,250,1488.7081298828125,5.954832553863525,4.097604751586914,0.050000011920928955,1659000
12,6637,250,90.83647155761719,0.3633458912372589,4.710928440093994,0.050000011920928955,1659250
12,6638,250,66.53876495361328,0.26615506410598755,4.777451992034912,0.050000011920928955,1659500
12,6639,250,1739.888427734375,6.9595537185668945,5.140111923217773,0.050000011920928955,1659750
12,6640,250,1558.93701171875,6.235747814178467,4.479780673980713,0.050000011920928955,1660000
12,6641,250,50.2573127746582,0.20102925598621368,5.405337810516357,0.050000011920928955,1660250
12,6642,250,21.686044692993164,0.08674418181180954,5.57447624206543,0.050000011920928955,1660500
12,6643,250,1755.876953125,7.023507595062256,5.825565338134766,0.050000011920928955,1660750
12,6644,250,1879.2855224609375,7.517142295837402,5.426207542419434,0.050000011920928955,1661000
12,6645,250,1904.6029052734375,7.618411540985107,5.487741470336914,0.050000011920928955,1661250
12,6646,250,1740.1146240234375,6.960458278656006,5.3665385246276855,0.050000011920928955,1661500
12,6647,250,1740.7337646484375,6.962934970855713,5.528637886047363,0.050000011920928955,1661750
12,6648,250,1724.240234375,6.896960735321045,5.425616264343262,0.050000011920928955,1662000
12,6649,250,1520.114013671875,6.080456256866455,5.447391510009766,0.050000011920928955,1662250
12,6650,250,1782.843994140625,7.131375789642334,5.372770309448242,0.050000011920928955,1662500
12,6651,250,1720.4847412109375,6.881938934326172,5.6642746925354,0.050000011920928955,1662750
12,6652,250,36.24700164794922,0.14498800039291382,5.560166835784912,0.050000011920928955,1663000
12,6653,250,1560.9779052734375,6.2439117431640625,5.6157145500183105,0.050000011920928955,1663250
12,6654,250,1787.358642578125,7.149434566497803,5.531007766723633,0.050000011920928955,1663500
12,6655,250,1709.8359375,6.839343547821045,5.233270168304443,0.050000011920928955,1663750
12,6656,250,1727.819091796875,6.911276340484619,5.517510414123535,0.050000011920928955,1664000
12,6657,250,1290.2735595703125,5.1610941886901855,5.936709880828857,0.050000011920928955,1664250
12,6658,250,1022.651611328125,4.090606212615967,5.995331764221191,0.050000011920928955,1664500
12,6659,250,1166.6585693359375,4.6666340827941895,6.195319175720215,0.050000011920928955,1664750
12,6660,250,1365.80859375,5.4632344245910645,5.8067851066589355,0.050000011920928955,1665000
12,6661,250,36.04948425292969,0.14419794082641602,6.07322883605957,0.050000011920928955,1665250
12,6662,250,1670.83935546875,6.683357238769531,6.049554824829102,0.050000011920928955,1665500
12,6663,250,1275.63525390625,5.102540969848633,5.644376754760742,0.050000011920928955,1665750
12,6664,250,1622.550537109375,6.490201950073242,6.114591598510742,0.050000011920928955,1666000
12,6665,250,1709.433349609375,6.837733268737793,6.1697306632995605,0.050000011920928955,1666250
12,6666,250,1673.4415283203125,6.693766117095947,5.855180263519287,0.050000011920928955,1666500
12,6667,250,1661.78271484375,6.647130966186523,5.8107194900512695,0.050000011920928955,1666750
12,6668,250,1271.971435546875,5.087885856628418,5.970102310180664,0.050000011920928955,1667000
12,6669,250,1337.9705810546875,5.351882457733154,5.730751037597656,0.050000011920928955,1667250
12,6670,250,1685.3270263671875,6.741308212280273,5.895157814025879,0.050000011920928955,1667500
12,6671,250,1654.026123046875,6.616104602813721,5.670913219451904,0.050000011920928955,1667750
12,6672,250,1686.7164306640625,6.746865749359131,5.49586296081543,0.050000011920928955,1668000
12,6673,250,1711.703125,6.846812725067139,5.399114608764648,0.050000011920928955,1668250
12,6674,250,1657.000732421875,6.628003120422363,5.597404956817627,0.050000011920928955,1668500
12,6675,250,1694.48681640625,6.777947425842285,5.102663040161133,0.050000011920928955,1668750
12,6676,250,1667.270751953125,6.669083118438721,4.559929847717285,0.050000011920928955,1669000
12,6677,250,1617.20849609375,6.468833923339844,4.781136512756348,0.050000011920928955,1669250
12,6678,250,1606.275634765625,6.425102710723877,4.28933572769165,0.050000011920928955,1669500
12,6679,250,1633.07177734375,6.532287120819092,4.229432582855225,0.050000011920928955,1669750
12,6680,250,1733.5263671875,6.934105396270752,4.148980617523193,0.050000011920928955,1670000
12,6681,250,1642.7158203125,6.570863246917725,4.2301130294799805,0.050000011920928955,1670250
12,6682,250,1874.259033203125,7.497035980224609,3.9589993953704834,0.050000011920928955,1670500
12,6683,250,1626.337646484375,6.505350589752197,3.694242477416992,0.050000011920928955,1670750
12,6684,250,1690.45166015625,6.761806488037109,3.4886865615844727,0.050000011920928955,1671000
12,6685,250,1649.7998046875,6.599199295043945,3.4237375259399414,0.050000011920928955,1671250
12,6686,250,1730.80224609375,6.923209190368652,3.4784624576568604,0.050000011920928955,1671500
12,6687,250,1674.7264404296875,6.698905944824219,3.2977945804595947,0.050000011920928955,1671750
12,6688,250,1623.218505859375,6.4928741455078125,3.309492588043213,0.050000011920928955,1672000
12,6689,250,20.077754974365234,0.08031102269887924,3.5830373764038086,0.050000011920928955,1672250
12,6690,250,1804.9720458984375,7.219888210296631,3.6668224334716797,0.050000011920928955,1672500
12,6691,250,1616.9327392578125,6.46773099899292,3.5727875232696533,0.050000011920928955,1672750
12,6692,250,1653.4075927734375,6.613630294799805,3.3907859325408936,0.050000011920928955,1673000
12,6693,250,1667.1187744140625,6.668475151062012,3.395796298980713,0.050000011920928955,1673250
12,6694,250,1658.0760498046875,6.6323041915893555,3.6705548763275146,0.050000011920928955,1673500
12,6695,250,1672.968017578125,6.6918721199035645,3.261575937271118,0.050000011920928955,1673750
12,6696,250,1625.720458984375,6.50288200378418,3.358569622039795,0.050000011920928955,1674000
12,6697,250,1703.656494140625,6.8146257400512695,3.44234299659729,0.050000011920928955,1674250
12,6698,250,26.09674835205078,0.10438699275255203,3.746044874191284,0.050000011920928955,1674500
12,6699,250,1606.933349609375,6.427733421325684,3.6029200553894043,0.050000011920928955,1674750
12,6700,250,1581.473876953125,6.325895309448242,3.4980080127716064,0.050000011920928955,1675000
12,6701,250,727.6544189453125,2.9106175899505615,3.839016914367676,0.050000011920928955,1675250
12,6702,250,1508.692138671875,6.034768581390381,3.5940535068511963,0.050000011920928955,1675500
12,6703,250,22.805416107177734,0.09122166782617569,3.7209789752960205,0.050000011920928955,1675750
12,6704,250,1727.1824951171875,6.9087300300598145,4.056407451629639,0.050000011920928955,1676000
12,6705,250,1678.260986328125,6.713044166564941,3.7827212810516357,0.050000011920928955,1676250
12,6706,250,1765.3046875,7.061218738555908,3.6213555335998535,0.050000011920928955,1676500
12,6707,250,1631.3648681640625,6.525459289550781,3.7622079849243164,0.050000011920928955,1676750
12,6708,250,1590.0478515625,6.360191345214844,3.704847574234009,0.050000011920928955,1677000
12,6709,250,1688.640869140625,6.754563331604004,3.912482261657715,0.050000011920928955,1677250
12,6710,250,1652.08544921875,6.608341693878174,3.7928378582000732,0.050000011920928955,1677500
12,6711,250,1523.144775390625,6.092578887939453,3.784126043319702,0.050000011920928955,1677750
12,6712,250,1486.2841796875,5.945136547088623,3.7800779342651367,0.050000011920928955,1678000
12,6713,250,1549.2041015625,6.196816444396973,3.8795583248138428,0.050000011920928955,1678250
12,6714,250,1625.3536376953125,6.501414775848389,3.9390969276428223,0.050000011920928955,1678500
12,6715,250,1672.312744140625,6.689250946044922,3.778782606124878,0.050000011920928955,1678750
12,6716,250,1194.773193359375,4.779092788696289,3.7954046726226807,0.050000011920928955,1679000
12,6717,250,1646.3907470703125,6.5855631828308105,3.7716565132141113,0.050000011920928955,1679250
12,6718,250,1002.1647338867188,4.0086588859558105,3.9324467182159424,0.050000011920928955,1679500
12,6719,250,1534.4114990234375,6.137646198272705,3.7921929359436035,0.050000011920928955,1679750
12,6720,250,1427.31689453125,5.709267616271973,3.7146501541137695,0.050000011920928955,1680000
12,6721,250,1453.03076171875,5.812122821807861,3.9575769901275635,0.050000011920928955,1680250
12,6722,250,1102.3831787109375,4.40953254699707,3.753514051437378,0.050000011920928955,1680500
12,6723,250,1111.966064453125,4.447864055633545,3.8945319652557373,0.050000011920928955,1680750
12,6724,250,1501.3941650390625,6.0055766105651855,4.0040130615234375,0.050000011920928955,1681000
12,6725,250,1703.128662109375,6.812514781951904,4.096434116363525,0.050000011920928955,1681250
12,6726,250,1212.395751953125,4.849583148956299,3.9013545513153076,0.050000011920928955,1681500
12,6727,250,1511.8197021484375,6.047278881072998,4.139941692352295,0.050000011920928955,1681750
12,6728,250,1242.6337890625,4.9705352783203125,3.895949602127075,0.050000011920928955,1682000
12,6729,250,1594.09619140625,6.376384735107422,4.465549468994141,0.050000011920928955,1682250
12,6730,250,660.0930786132812,2.6403722763061523,3.751984119415283,0.050000011920928955,1682500
12,6731,250,1414.1522216796875,5.656609058380127,3.9870946407318115,0.050000011920928955,1682750
12,6732,250,1471.36962890625,5.885478496551514,4.114325046539307,0.050000011920928955,1683000
12,6733,250,1306.452392578125,5.225809574127197,4.080867767333984,0.050000011920928955,1683250
12,6734,250,1545.8770751953125,6.183508396148682,4.304619789123535,0.050000011920928955,1683500
12,6735,250,1394.860107421875,5.579440593719482,4.194038391113281,0.050000011920928955,1683750
12,6736,250,1168.5506591796875,4.6742024421691895,4.035334587097168,0.050000011920928955,1684000
12,6737,250,1149.0667724609375,4.596267223358154,4.449204921722412,0.050000011920928955,1684250
12,6738,250,1705.1688232421875,6.820675373077393,4.46882438659668,0.050000011920928955,1684500
12,6739,250,1391.89453125,5.567578315734863,4.088965892791748,0.050000011920928955,1684750
12,6740,250,1392.9822998046875,5.571928977966309,4.223697662353516,0.050000011920928955,1685000
12,6741,250,1349.0576171875,5.396230697631836,4.665704727172852,0.050000011920928955,1685250
12,6742,250,1255.7034912109375,5.02281379699707,4.3234124183654785,0.050000011920928955,1685500
12,6743,250,1683.367431640625,6.7334699630737305,4.099421501159668,0.050000011920928955,1685750
12,6744,250,1254.3167724609375,5.017267227172852,4.005128383636475,0.050000011920928955,1686000
12,6745,250,1230.926513671875,4.9237060546875,4.015842437744141,0.050000011920928955,1686250
12,6746,250,1230.388671875,4.9215545654296875,4.307683944702148,0.050000011920928955,1686500
12,6747,250,1267.020751953125,5.068082809448242,4.2012410163879395,0.050000011920928955,1686750
12,6748,250,1264.018310546875,5.056073188781738,3.9102730751037598,0.050000011920928955,1687000
12,6749,250,1334.91552734375,5.339662075042725,4.544702529907227,0.050000011920928955,1687250
12,6750,250,1625.788330078125,6.503153324127197,4.286561965942383,0.050000011920928955,1687500
12,6751,250,1265.1182861328125,5.0604729652404785,4.134634494781494,0.050000011920928955,1687750
12,6752,250,1493.24951171875,5.972998142242432,4.152129650115967,0.050000011920928955,1688000
12,6753,250,1510.890869140625,6.043563365936279,4.303960800170898,0.050000011920928955,1688250
12,6754,250,1734.9029541015625,6.939611911773682,4.309365272521973,0.050000011920928955,1688500
12,6755,250,1635.765869140625,6.543063640594482,4.034093379974365,0.050000011920928955,1688750
12,6756,250,1723.87255859375,6.8954901695251465,3.952690362930298,0.050000011920928955,1689000
12,6757,250,1531.2860107421875,6.125144004821777,4.514427185058594,0.050000011920928955,1689250
12,6758,250,1686.97216796875,6.747888565063477,4.261505126953125,0.050000011920928955,1689500
12,6759,250,1286.4276123046875,5.145710468292236,4.056007385253906,0.050000011920928955,1689750
12,6760,250,1702.19384765625,6.808775424957275,4.22730016708374,0.050000011920928955,1690000
12,6761,250,1520.0107421875,6.080042839050293,4.370245456695557,0.050000011920928955,1690250
12,6762,250,1741.9755859375,6.967902183532715,4.143868923187256,0.050000011920928955,1690500
12,6763,250,1711.999755859375,6.847999095916748,3.9969136714935303,0.050000011920928955,1690750
12,6764,250,1734.885009765625,6.939539909362793,3.9792847633361816,0.050000011920928955,1691000
12,6765,250,1653.2769775390625,6.613107681274414,4.410768032073975,0.050000011920928955,1691250
12,6766,250,1747.0230712890625,6.988092422485352,4.405427932739258,0.050000011920928955,1691500
12,6767,250,1655.0634765625,6.620254039764404,4.008856773376465,0.050000011920928955,1691750
12,6768,250,1658.444091796875,6.6337761878967285,3.955331325531006,0.050000011920928955,1692000
12,6769,250,1730.547119140625,6.9221882820129395,4.1277241706848145,0.050000011920928955,1692250
12,6770,250,1764.5460205078125,7.0581841468811035,3.902954578399658,0.050000011920928955,1692500
12,6771,250,1733.3463134765625,6.933385372161865,3.476577043533325,0.050000011920928955,1692750
12,6772,250,1660.2353515625,6.640941619873047,3.75053071975708,0.050000011920928955,1693000
12,6773,250,1591.2218017578125,6.364887237548828,3.7164244651794434,0.050000011920928955,1693250
12,6774,250,1672.945068359375,6.691780090332031,3.708000659942627,0.050000011920928955,1693500
12,6775,250,1683.292724609375,6.733170986175537,3.5802650451660156,0.050000011920928955,1693750
12,6776,250,1675.1737060546875,6.700695037841797,3.388869285583496,0.050000011920928955,1694000
12,6777,250,1671.09912109375,6.684396266937256,3.348588228225708,0.050000011920928955,1694250
12,6778,250,1907.292724609375,7.629170894622803,3.3986597061157227,0.050000011920928955,1694500
12,6779,250,1674.34228515625,6.69736909866333,3.3386549949645996,0.050000011920928955,1694750
12,6780,250,1553.490966796875,6.213963985443115,3.2071874141693115,0.050000011920928955,1695000
12,6781,250,1928.8983154296875,7.715593338012695,3.350781202316284,0.050000011920928955,1695250
12,6782,250,1677.9345703125,6.711738109588623,3.135047197341919,0.050000011920928955,1695500
12,6783,250,1752.9306640625,7.011722564697266,3.2545177936553955,0.050000011920928955,1695750
12,6784,250,1728.042236328125,6.912168979644775,3.0551061630249023,0.050000011920928955,1696000
12,6785,250,1221.8125,4.887249946594238,3.297828197479248,0.050000011920928955,1696250
12,6786,250,1695.466064453125,6.781864166259766,3.2640974521636963,0.050000011920928955,1696500
12,6787,250,1753.63330078125,7.014533042907715,2.991190195083618,0.050000011920928955,1696750
12,6788,250,1694.157470703125,6.77662992477417,2.858934164047241,0.050000011920928955,1697000
12,6789,250,1936.1307373046875,7.744523048400879,2.9998810291290283,0.050000011920928955,1697250
12,6790,250,1888.576171875,7.554304599761963,3.045440435409546,0.050000011920928955,1697500
12,6791,250,1626.195556640625,6.504782199859619,3.0642893314361572,0.050000011920928955,1697750
12,6792,250,1694.979736328125,6.779919147491455,2.9489898681640625,0.050000011920928955,1698000
12,6793,250,1758.767578125,7.035070419311523,3.028677225112915,0.050000011920928955,1698250
12,6794,250,1883.642822265625,7.534571170806885,3.2666866779327393,0.050000011920928955,1698500
12,6795,250,1654.9478759765625,6.619791507720947,2.894683837890625,0.050000011920928955,1698750
12,6796,250,1879.040283203125,7.51616096496582,2.959155559539795,0.050000011920928955,1699000
12,6797,250,1355.278076171875,5.421112537384033,3.065300464630127,0.050000011920928955,1699250
12,6798,250,1687.93212890625,6.751728534698486,3.141832113265991,0.050000011920928955,1699500
12,6799,250,1745.903564453125,6.983614444732666,2.9532086849212646,0.050000011920928955,1699750
12,6800,250,955.9254760742188,3.823701858520508,3.1302974224090576,0.050000011920928955,1700000
12,6801,250,1734.27001953125,6.937079906463623,3.1345553398132324,0.050000011920928955,1700250
12,6802,250,1730.072021484375,6.9202880859375,3.2078211307525635,0.050000011920928955,1700500
12,6803,250,1669.75634765625,6.679025173187256,3.15040922164917,0.050000011920928955,1700750
12,6804,250,1669.853515625,6.67941427230835,3.114821672439575,0.050000011920928955,1701000
12,6805,250,1740.491455078125,6.961966037750244,3.2069454193115234,0.050000011920928955,1701250
12,6806,250,1899.7645263671875,7.599058151245117,3.3822824954986572,0.050000011920928955,1701500
12,6807,250,1674.701904296875,6.698807716369629,3.183816432952881,0.050000011920928955,1701750
12,6808,250,1630.16162109375,6.520646572113037,3.4715287685394287,0.050000011920928955,1702000
12,6809,250,1757.2998046875,7.029199123382568,3.1752772331237793,0.050000011920928955,1702250
12,6810,250,1909.44384765625,7.637775421142578,3.295409679412842,0.050000011920928955,1702500
12,6811,250,1700.6729736328125,6.80269193649292,3.49491286277771,0.050000011920928955,1702750
12,6812,250,1646.181884765625,6.584727764129639,3.377640962600708,0.050000011920928955,1703000
12,6813,250,1749.931884765625,6.999727725982666,3.4391236305236816,0.050000011920928955,1703250
12,6814,250,1725.095458984375,6.900382041931152,3.4094903469085693,0.050000011920928955,1703500
12,6815,250,1690.388916015625,6.7615556716918945,3.4713804721832275,0.050000011920928955,1703750
12,6816,250,1756.31103515625,7.025244235992432,3.570030927658081,0.050000011920928955,1704000
12,6817,250,1755.076416015625,7.020305633544922,3.451632499694824,0.050000011920928955,1704250
12,6818,250,13.305548667907715,0.05322219431400299,3.605426549911499,0.050000011920928955,1704500
12,6819,250,19.702266693115234,0.07880906760692596,3.7900609970092773,0.050000011920928955,1704750
12,6820,250,1709.479248046875,6.837916851043701,4.0471272468566895,0.050000011920928955,1705000
12,6821,250,1735.4083251953125,6.941633224487305,4.1880202293396,0.050000011920928955,1705250
12,6822,250,1800.901123046875,7.203604698181152,3.9240572452545166,0.050000011920928955,1705500
12,6823,250,1771.5986328125,7.086394309997559,3.917365550994873,0.050000011920928955,1705750
12,6824,250,1709.9832763671875,6.839932918548584,4.05972957611084,0.050000011920928955,1706000
12,6825,250,1665.6546630859375,6.662618637084961,4.18540620803833,0.050000011920928955,1706250
12,6826,250,16.863840103149414,0.06745535880327225,3.8316962718963623,0.050000011920928955,1706500
12,6827,250,1431.0338134765625,5.724135398864746,4.380654335021973,0.050000011920928955,1706750
12,6828,250,1522.365234375,6.089460849761963,4.308463096618652,0.050000011920928955,1707000
12,6829,250,1790.018310546875,7.160073280334473,4.524599552154541,0.050000011920928955,1707250
12,6830,250,1742.97265625,6.971890449523926,4.625096797943115,0.050000011920928955,1707500
12,6831,250,1835.041259765625,7.340165138244629,4.4785590171813965,0.050000011920928955,1707750
12,6832,250,1733.78662109375,6.935146331787109,4.3199968338012695,0.050000011920928955,1708000
12,6833,250,1913.2294921875,7.652917861938477,4.6815385818481445,0.050000011920928955,1708250
12,6834,250,1706.0118408203125,6.824047565460205,4.290472030639648,0.050000011920928955,1708500
12,6835,250,1643.732421875,6.574929714202881,4.551206588745117,0.050000011920928955,1708750
12,6836,250,1924.722900390625,7.698891639709473,4.2078142166137695,0.050000011920928955,1709000
12,6837,250,1980.1795654296875,7.920718193054199,4.423584938049316,0.050000011920928955,1709250
12,6838,250,1749.202392578125,6.996809482574463,3.7738873958587646,0.050000011920928955,1709500
12,6839,250,842.9029541015625,3.3716118335723877,4.2045369148254395,0.050000011920928955,1709750
12,6840,250,1728.399658203125,6.913598537445068,4.111367702484131,0.050000011920928955,1710000
12,6841,250,916.206787109375,3.6648271083831787,4.407770156860352,0.050000011920928955,1710250
12,6842,250,1861.1678466796875,7.444671154022217,4.274230480194092,0.050000011920928955,1710500
12,6843,250,1797.460205078125,7.189840793609619,4.382196426391602,0.050000011920928955,1710750
12,6844,250,1793.9765625,7.175906181335449,4.141373634338379,0.050000011920928955,1711000
12,6845,250,1561.51171875,6.246047019958496,4.206040859222412,0.050000011920928955,1711250
12,6846,250,1708.8416748046875,6.835366725921631,4.5118865966796875,0.050000011920928955,1711500
12,6847,250,1488.1324462890625,5.9525299072265625,4.2390313148498535,0.050000011920928955,1711750
12,6848,250,-27.48950958251953,-0.10995803773403168,4.073668003082275,0.050000011920928955,1712000
12,6849,250,1685.881591796875,6.743526458740234,4.456570148468018,0.050000011920928955,1712250
12,6850,250,1912.67822265625,7.650712966918945,4.3142876625061035,0.050000011920928955,1712500
12,6851,250,794.6732177734375,3.1786928176879883,4.189347267150879,0.050000011920928955,1712750
12,6852,250,1678.714599609375,6.714858531951904,4.111693859100342,0.050000011920928955,1713000
12,6853,250,1954.3912353515625,7.817564964294434,4.368408203125,0.050000011920928955,1713250
12,6854,250,1315.00146484375,5.260005950927734,4.263697147369385,0.050000011920928955,1713500
12,6855,250,1700.48974609375,6.801959037780762,4.211465358734131,0.050000011920928955,1713750
12,6856,250,1570.4508056640625,6.281803131103516,4.180748462677002,0.050000011920928955,1714000
12,6857,250,1683.189453125,6.732758045196533,4.077703475952148,0.050000011920928955,1714250
12,6858,250,1713.0865478515625,6.852346420288086,4.3593339920043945,0.050000011920928955,1714500
12,6859,250,1896.26171875,7.585046768188477,3.9734554290771484,0.050000011920928955,1714750
12,6860,250,1830.76611328125,7.32306432723999,3.509572744369507,0.050000011920928955,1715000
12,6861,250,1865.551025390625,7.4622039794921875,4.0931010246276855,0.050000011920928955,1715250
12,6862,250,1645.49072265625,6.581963062286377,3.6719415187835693,0.050000011920928955,1715500
12,6863,250,1888.6988525390625,7.554795265197754,3.848252058029175,0.050000011920928955,1715750
12,6864,250,1717.2470703125,6.868988513946533,3.7118968963623047,0.050000011920928955,1716000
12,6865,250,1739.49853515625,6.957993984222412,4.015213489532471,0.050000011920928955,1716250
12,6866,250,1860.980712890625,7.443922996520996,4.0008440017700195,0.050000011920928955,1716500
12,6867,250,1888.817626953125,7.555270671844482,3.47648549079895,0.050000011920928955,1716750
12,6868,250,1836.652099609375,7.3466081619262695,3.53686261177063,0.050000011920928955,1717000
12,6869,250,1366.010986328125,5.464044094085693,3.2566277980804443,0.050000011920928955,1717250
12,6870,250,1636.371337890625,6.545485496520996,3.3376073837280273,0.050000011920928955,1717500
12,6871,250,1574.298095703125,6.297192573547363,3.488821506500244,0.050000011920928955,1717750
12,6872,250,1630.178466796875,6.520713806152344,3.375086784362793,0.050000011920928955,1718000
12,6873,250,1488.084228515625,5.95233678817749,3.6084110736846924,0.050000011920928955,1718250
12,6874,250,1714.73876953125,6.858954906463623,3.413881778717041,0.050000011920928955,1718500
12,6875,250,1689.95751953125,6.759829998016357,3.7249743938446045,0.050000011920928955,1718750
12,6876,250,1626.6318359375,6.506527423858643,3.564230442047119,0.050000011920928955,1719000
12,6877,250,1653.8016357421875,6.615206718444824,3.660846710205078,0.050000011920928955,1719250
12,6878,250,1463.345703125,5.853382587432861,3.888976573944092,0.050000011920928955,1719500
12,6879,250,1877.694580078125,7.510778427124023,3.8054590225219727,0.050000011920928955,1719750
12,6880,250,1851.63671875,7.4065470695495605,3.3587534427642822,0.050000011920928955,1720000
12,6881,250,1573.175048828125,6.292700290679932,3.5444064140319824,0.050000011920928955,1720250
12,6882,250,1813.6826171875,7.254730701446533,3.342836618423462,0.050000011920928955,1720500
12,6883,250,1524.8056640625,6.099222660064697,3.3144311904907227,0.050000011920928955,1720750
12,6884,250,1744.12255859375,6.976490020751953,3.497290849685669,0.050000011920928955,1721000
12,6885,250,1629.602783203125,6.518411159515381,3.3298561573028564,0.050000011920928955,1721250
12,6886,250,1795.643310546875,7.182573318481445,3.4874773025512695,0.050000011920928955,1721500
12,6887,250,1882.54931640625,7.5301971435546875,3.413989305496216,0.050000011920928955,1721750
12,6888,250,1729.451171875,6.917804718017578,3.2576956748962402,0.050000011920928955,1722000
12,6889,250,1789.935791015625,7.159743309020996,3.1724965572357178,0.050000011920928955,1722250
12,6890,250,58.75295639038086,0.23501183092594147,3.297863721847534,0.050000011920928955,1722500
12,6891,250,1889.630126953125,7.558520317077637,3.224797487258911,0.050000011920928955,1722750
12,6892,250,1782.14208984375,7.128568172454834,3.647181749343872,0.050000011920928955,1723000
12,6893,250,79.87777709960938,0.3195111155509949,3.599785804748535,0.050000011920928955,1723250
12,6894,250,1881.6070556640625,7.52642822265625,3.782026767730713,0.050000011920928955,1723500
12,6895,250,68.04060363769531,0.27216240763664246,3.6673221588134766,0.050000011920928955,1723750
12,6896,250,1883.673828125,7.534695148468018,4.055019855499268,0.050000011920928955,1724000
12,6897,250,1899.975341796875,7.59990119934082,4.134346008300781,0.050000011920928955,1724250
12,6898,250,58.57535934448242,0.23430143296718597,4.033592700958252,0.050000011920928955,1724500
12,6899,250,1865.7498779296875,7.46299934387207,4.2535786628723145,0.050000011920928955,1724750
12,6900,250,1905.0533447265625,7.620213508605957,4.318729400634766,0.050000011920928955,1725000
12,6901,250,69.4046630859375,0.2776186466217041,4.667686462402344,0.050000011920928955,1725250
12,6902,250,1696.80419921875,6.787216663360596,4.378889560699463,0.050000011920928955,1725500
12,6903,250,112.79656219482422,0.45118623971939087,4.305710315704346,0.050000011920928955,1725750
12,6904,250,1789.4521484375,7.157808780670166,4.438958644866943,0.050000011920928955,1726000
12,6905,250,1943.947265625,7.775789260864258,4.9844160079956055,0.050000011920928955,1726250
12,6906,250,1726.801025390625,6.9072041511535645,4.385693073272705,0.050000011920928955,1726500
12,6907,250,1638.187744140625,6.552751064300537,4.573283672332764,0.050000011920928955,1726750
12,6908,250,1646.1182861328125,6.584473133087158,4.19956111907959,0.050000011920928955,1727000
12,6909,250,95.28760528564453,0.38115042448043823,4.740187644958496,0.050000011920928955,1727250
12,6910,250,1636.0537109375,6.544214725494385,4.629795551300049,0.050000011920928955,1727500
12,6911,250,1683.423583984375,6.733694553375244,4.575489044189453,0.050000011920928955,1727750
12,6912,250,108.29669189453125,0.43318676948547363,4.594377517700195,0.050000011920928955,1728000
12,6913,250,1688.0662841796875,6.752264976501465,5.261173248291016,0.050000011920928955,1728250
12,6914,250,1701.164306640625,6.804657459259033,4.966700077056885,0.050000011920928955,1728500
12,6915,250,1697.7528076171875,6.791011333465576,4.7898335456848145,0.050000011920928955,1728750
12,6916,250,1758.080078125,7.032320499420166,4.53241491317749,0.050000011920928955,1729000
12,6917,250,1565.581298828125,6.262325286865234,5.2078022956848145,0.050000011920928955,1729250
12,6918,250,1810.9818115234375,7.243927478790283,4.960887432098389,0.050000011920928955,1729500
12,6919,250,1700.9151611328125,6.803660869598389,4.743103981018066,0.050000011920928955,1729750
12,6920,250,1699.71826171875,6.798872947692871,4.629587173461914,0.050000011920928955,1730000
12,6921,250,1666.7999267578125,6.667199611663818,5.178219318389893,0.050000011920928955,1730250
12,6922,250,1432.1090087890625,5.72843599319458,4.663364410400391,0.050000011920928955,1730500
12,6923,250,1860.5931396484375,7.4423723220825195,4.949506759643555,0.050000011920928955,1730750
12,6924,250,1837.579833984375,7.3503193855285645,4.664522171020508,0.050000011920928955,1731000
12,6925,250,1737.7965087890625,6.951186180114746,4.978209495544434,0.050000011920928955,1731250
12,6926,250,1372.306396484375,5.489225387573242,4.682303428649902,0.050000011920928955,1731500
12,6927,250,1672.173583984375,6.688694477081299,4.772541046142578,0.050000011920928955,1731750
12,6928,250,1683.1812744140625,6.732725143432617,4.703188896179199,0.050000011920928955,1732000
12,6929,250,1683.6065673828125,6.734426498413086,5.01829195022583,0.050000011920928955,1732250
12,6930,250,1672.061767578125,6.688247203826904,4.757532596588135,0.050000011920928955,1732500
12,6931,250,1447.739990234375,5.79095983505249,4.439897060394287,0.050000011920928955,1732750
12,6932,250,1696.476806640625,6.78590726852417,4.519128799438477,0.050000011920928955,1733000
12,6933,250,1799.71337890625,7.198853492736816,4.541006088256836,0.050000011920928955,1733250
12,6934,250,1682.2232666015625,6.728893280029297,4.294907569885254,0.050000011920928955,1733500
12,6935,250,1537.3529052734375,6.149411678314209,4.081246852874756,0.050000011920928955,1733750
12,6936,250,1858.72607421875,7.434904098510742,3.899475574493408,0.050000011920928955,1734000
12,6937,250,1707.94677734375,6.831787109375,3.8219809532165527,0.050000011920928955,1734250
12,6938,250,1728.509765625,6.914039134979248,3.8738410472869873,0.050000011920928955,1734500
12,6939,250,1665.95947265625,6.663837909698486,3.7515580654144287,0.050000011920928955,1734750
12,6940,250,1491.9931640625,5.967972755432129,3.704457998275757,0.050000011920928955,1735000
12,6941,250,1669.328857421875,6.6773152351379395,3.8038277626037598,0.050000011920928955,1735250
12,6942,250,1672.6436767578125,6.690574645996094,3.4530158042907715,0.050000011920928955,1735500
12,6943,250,1638.477783203125,6.553911209106445,3.3017690181732178,0.050000011920928955,1735750
12,6944,250,1623.2303466796875,6.492921352386475,3.170144557952881,0.050000011920928955,1736000
12,6945,250,1655.715087890625,6.622860431671143,3.0803112983703613,0.050000011920928955,1736250
12,6946,250,1760.255859375,7.041023254394531,3.1913399696350098,0.050000011920928955,1736500
12,6947,250,1664.1478271484375,6.656591415405273,3.097006320953369,0.050000011920928955,1736750
12,6948,250,1610.2047119140625,6.440818786621094,3.0737974643707275,0.050000011920928955,1737000
12,6949,250,1626.651611328125,6.506606578826904,3.124613046646118,0.050000011920928955,1737250
12,6950,250,51.31961441040039,0.2052784562110901,2.7649126052856445,0.050000011920928955,1737500
12,6951,250,1648.523193359375,6.594092845916748,3.0229015350341797,0.050000011920928955,1737750
12,6952,250,1671.409912109375,6.68563985824585,2.921961545944214,0.050000011920928955,1738000
12,6953,250,1700.68017578125,6.802720546722412,2.9677510261535645,0.050000011920928955,1738250
12,6954,250,1683.5916748046875,6.7343668937683105,2.819174289703369,0.050000011920928955,1738500
12,6955,250,1519.239501953125,6.076958179473877,2.9675416946411133,0.050000011920928955,1738750
12,6956,250,1706.098388671875,6.8243937492370605,2.5823001861572266,0.050000011920928955,1739000
12,6957,250,83.37429809570312,0.33349719643592834,3.0888078212738037,0.050000011920928955,1739250
12,6958,250,1672.3935546875,6.689574241638184,3.1424601078033447,0.050000011920928955,1739500
12,6959,250,59.268333435058594,0.23707333207130432,3.099445104598999,0.050000011920928955,1739750
12,6960,250,1401.847900390625,5.607391834259033,3.5193610191345215,0.050000011920928955,1740000
12,6961,250,78.89241027832031,0.3155696392059326,3.7640342712402344,0.050000011920928955,1740250
12,6962,250,1671.372802734375,6.68549108505249,3.6326699256896973,0.050000011920928955,1740500
12,6963,250,1700.3392333984375,6.801356792449951,3.485517740249634,0.050000011920928955,1740750
12,6964,250,1664.025146484375,6.656100749969482,3.5277435779571533,0.050000011920928955,1741000
12,6965,250,1631.2742919921875,6.525097370147705,3.772484302520752,0.050000011920928955,1741250
12,6966,250,1623.50390625,6.494015693664551,3.6211907863616943,0.050000011920928955,1741500
12,6967,250,1724.4208984375,6.897683620452881,3.374577522277832,0.050000011920928955,1741750
12,6968,250,1561.2421875,6.244968891143799,3.461350440979004,0.050000011920928955,1742000
12,6969,250,58.36758804321289,0.2334703505039215,3.8296749591827393,0.050000011920928955,1742250
12,6970,250,568.947509765625,2.275789976119995,3.905369758605957,0.050000011920928955,1742500
12,6971,250,61.820884704589844,0.24728353321552277,4.1171088218688965,0.050000011920928955,1742750
12,6972,250,1700.372314453125,6.801489353179932,4.304479122161865,0.050000011920928955,1743000
12,6973,250,1657.3909912109375,6.629563808441162,4.298583984375,0.050000011920928955,1743250
12,6974,250,42.384193420410156,0.1695367693901062,4.3599958419799805,0.050000011920928955,1743500
12,6975,250,1681.1201171875,6.724480628967285,4.455289840698242,0.050000011920928955,1743750
12,6976,250,1666.624755859375,6.666499137878418,4.255672931671143,0.050000011920928955,1744000
12,6977,250,1695.1640625,6.780656337738037,4.661845684051514,0.050000011920928955,1744250
12,6978,250,1658.1329345703125,6.632531642913818,4.440713882446289,0.050000011920928955,1744500
12,6979,250,1712.925537109375,6.8517022132873535,4.455445766448975,0.050000011920928955,1744750
12,6980,250,1747.4967041015625,6.989986896514893,4.4057159423828125,0.050000011920928955,1745000
12,6981,250,1485.41650390625,5.941666126251221,4.827326774597168,0.050000011920928955,1745250
12,6982,250,986.2139892578125,3.9448559284210205,4.782618999481201,0.050000011920928955,1745500
12,6983,250,1370.7392578125,5.482956886291504,4.61501932144165,0.050000011920928955,1745750
12,6984,250,1061.6033935546875,4.246413707733154,4.535307884216309,0.050000011920928955,1746000
12,6985,250,1503.027099609375,6.012108325958252,5.1758713722229,0.050000011920928955,1746250
12,6986,250,1539.2144775390625,6.156857967376709,4.869919300079346,0.050000011920928955,1746500
12,6987,250,1690.8203125,6.763281345367432,4.695009231567383,0.050000011920928955,1746750
12,6988,250,1675.31494140625,6.701259613037109,4.813015460968018,0.050000011920928955,1747000
12,6989,250,1647.08447265625,6.5883378982543945,4.984591960906982,0.050000011920928955,1747250
12,6990,250,1671.0283203125,6.684113502502441,4.877872943878174,0.050000011920928955,1747500
12,6991,250,1702.705078125,6.81082010269165,4.519069194793701,0.050000011920928955,1747750
12,6992,250,1194.1326904296875,4.776530742645264,4.669421195983887,0.050000011920928955,1748000
12,6993,250,1684.1651611328125,6.736660480499268,4.946776390075684,0.050000011920928955,1748250
12,6994,250,1756.264404296875,7.025057792663574,4.968632221221924,0.050000011920928955,1748500
12,6995,250,1713.4678955078125,6.8538713455200195,4.968865871429443,0.050000011920928955,1748750
12,6996,250,1691.7772216796875,6.767108917236328,4.68440580368042,0.050000011920928955,1749000
12,6997,250,1718.4688720703125,6.873875617980957,4.767207622528076,0.050000011920928955,1749250
12,6998,250,1659.1806640625,6.636722564697266,4.675460338592529,0.050000011920928955,1749500
12,6999,250,1665.9635009765625,6.663854122161865,4.575718879699707,0.050000011920928955,1749750
12,7000,250,1653.9091796875,6.615636825561523,4.202480792999268,0.050000011920928955,1750000
12,7001,250,1741.787841796875,6.967151165008545,4.2204484939575195,0.050000011920928955,1750250
12,7002,250,1700.0362548828125,6.800145149230957,4.182384014129639,0.050000011920928955,1750500
12,7003,250,315.1158142089844,1.2604632377624512,4.120510578155518,0.050000011920928955,1750750
12,7004,250,1718.8448486328125,6.87537956237793,4.3281378746032715,0.050000011920928955,1751000
12,7005,250,1715.311767578125,6.8612470626831055,4.436853408813477,0.050000011920928955,1751250
12,7006,250,1297.847900390625,5.191391468048096,4.310139179229736,0.050000011920928955,1751500
12,7007,250,1668.354736328125,6.673418998718262,4.234844207763672,0.050000011920928955,1751750
12,7008,250,1626.848876953125,6.5073957443237305,4.336075305938721,0.050000011920928955,1752000
12,7009,250,1737.6043701171875,6.950417518615723,4.412399768829346,0.050000011920928955,1752250
12,7010,250,1689.744140625,6.758976459503174,3.834088087081909,0.050000011920928955,1752500
12,7011,250,1492.02197265625,5.968087673187256,3.6361894607543945,0.050000011920928955,1752750
12,7012,250,1642.512451171875,6.57004976272583,3.6554300785064697,0.050000011920928955,1753000
12,7013,250,1691.362548828125,6.7654500007629395,3.782167673110962,0.050000011920928955,1753250
12,7014,250,1642.31787109375,6.569271564483643,3.4175405502319336,0.050000011920928955,1753500
12,7015,250,1642.39453125,6.569578170776367,3.2766153812408447,0.050000011920928955,1753750
12,7016,250,1684.9375,6.739749908447266,3.336819648742676,0.050000011920928955,1754000
12,7017,250,1679.1148681640625,6.716459274291992,3.407689094543457,0.050000011920928955,1754250
12,7018,250,1229.718017578125,4.918871879577637,3.381256103515625,0.050000011920928955,1754500
12,7019,250,1412.26025390625,5.649041175842285,3.1560425758361816,0.050000011920928955,1754750
12,7020,250,1652.2362060546875,6.608944892883301,3.2672102451324463,0.050000011920928955,1755000
12,7021,250,1625.7598876953125,6.503039360046387,3.4117560386657715,0.050000011920928955,1755250
12,7022,250,1698.91259765625,6.795650482177734,3.2511720657348633,0.050000011920928955,1755500
12,7023,250,1828.9898681640625,7.315959453582764,3.0934598445892334,0.050000011920928955,1755750
12,7024,250,1708.735107421875,6.834940433502197,3.2144365310668945,0.050000011920928955,1756000
12,7025,250,1656.2420654296875,6.6249680519104,3.267010450363159,0.050000011920928955,1756250
12,7026,250,1737.758056640625,6.9510321617126465,3.120100736618042,0.050000011920928955,1756500
12,7027,250,1578.8482666015625,6.315392971038818,2.8276357650756836,0.050000011920928955,1756750
12,7028,250,1681.245361328125,6.724981307983398,3.0783064365386963,0.050000011920928955,1757000
12,7029,250,1859.494140625,7.437976360321045,3.0889475345611572,0.050000011920928955,1757250
12,7030,250,1531.5986328125,6.126394748687744,3.2070560455322266,0.050000011920928955,1757500
12,7031,250,1655.9349365234375,6.623739719390869,2.943962574005127,0.050000011920928955,1757750
12,7032,250,1838.0660400390625,7.352263927459717,2.8436625003814697,0.050000011920928955,1758000
12,7033,250,54.5466423034668,0.21818657219409943,2.9798431396484375,0.050000011920928955,1758250
12,7034,250,1490.9248046875,5.9636993408203125,3.250868320465088,0.050000011920928955,1758500
12,7035,250,1717.61962890625,6.870478630065918,3.0797603130340576,0.050000011920928955,1758750
12,7036,250,1701.9508056640625,6.807803153991699,3.0587267875671387,0.050000011920928955,1759000
12,7037,250,1772.607666015625,7.090430736541748,3.322617292404175,0.050000011920928955,1759250
12,7038,250,1880.977783203125,7.523910999298096,3.14971923828125,0.050000011920928955,1759500
12,7039,250,1868.612548828125,7.47445011138916,3.0636141300201416,0.050000011920928955,1759750
12,7040,250,1858.68896484375,7.434755802154541,3.2088234424591064,0.050000011920928955,1760000
12,7041,250,1861.516357421875,7.446065425872803,3.082204580307007,0.050000011920928955,1760250
12,7042,250,1888.9378662109375,7.555751323699951,3.241312026977539,0.050000011920928955,1760500
12,7043,250,1433.29150390625,5.733166217803955,3.0669126510620117,0.050000011920928955,1760750
12,7044,250,1837.5255126953125,7.350101947784424,2.807368516921997,0.050000011920928955,1761000
12,7045,250,1709.61767578125,6.838470935821533,2.901656150817871,0.050000011920928955,1761250
12,7046,250,1750.0504150390625,7.00020170211792,2.916322708129883,0.050000011920928955,1761500
12,7047,250,1766.5308837890625,7.0661234855651855,2.675316333770752,0.050000011920928955,1761750
12,7048,250,1852.3497314453125,7.409399032592773,2.698929786682129,0.050000011920928955,1762000
12,7049,250,1806.650146484375,7.226600646972656,2.871927499771118,0.050000011920928955,1762250
12,7050,250,1695.2740478515625,6.7810959815979,2.794318914413452,0.050000011920928955,1762500
12,7051,250,1846.9617919921875,7.387846946716309,2.8532488346099854,0.050000011920928955,1762750
12,7052,250,1356.14111328125,5.424564361572266,2.819478988647461,0.050000011920928955,1763000
12,7053,250,1840.0322265625,7.360128879547119,2.797214984893799,0.050000011920928955,1763250
12,7054,250,1825.319091796875,7.301276206970215,2.7295827865600586,0.050000011920928955,1763500
12,7055,250,1677.99560546875,6.711982250213623,2.932368278503418,0.050000011920928955,1763750
12,7056,250,1662.595703125,6.650382995605469,2.8157505989074707,0.050000011920928955,1764000
12,7057,250,1368.839111328125,5.475356578826904,2.902561902999878,0.050000011920928955,1764250
12,7058,250,1690.0830078125,6.760332107543945,2.812668800354004,0.050000011920928955,1764500
12,7059,250,1690.570556640625,6.762282371520996,2.9041788578033447,0.050000011920928955,1764750
12,7060,250,1430.1265869140625,5.720506191253662,2.748744487762451,0.050000011920928955,1765000
12,7061,250,1684.945068359375,6.739780426025391,2.8445940017700195,0.050000011920928955,1765250
12,7062,250,775.4674072265625,3.101869583129883,2.883139133453369,0.050000011920928955,1765500
12,7063,250,1852.570068359375,7.410280227661133,2.794442892074585,0.050000011920928955,1765750
12,7064,250,1664.35595703125,6.657423973083496,3.086012840270996,0.050000011920928955,1766000
12,7065,250,1666.254150390625,6.6650166511535645,3.1705338954925537,0.050000011920928955,1766250
12,7066,250,1661.987060546875,6.647948265075684,2.8824827671051025,0.050000011920928955,1766500
12,7067,250,1735.716064453125,6.942864418029785,3.21331787109375,0.050000011920928955,1766750
12,7068,250,1462.01220703125,5.848048686981201,2.989088296890259,0.050000011920928955,1767000
12,7069,250,1490.43310546875,5.961732387542725,3.2746403217315674,0.050000011920928955,1767250
12,7070,250,1528.94140625,6.115765571594238,3.133549928665161,0.050000011920928955,1767500
12,7071,250,1809.146240234375,7.2365851402282715,3.145171642303467,0.050000011920928955,1767750
12,7072,250,1410.8414306640625,5.643365859985352,2.925297498703003,0.050000011920928955,1768000
12,7073,250,1749.4378662109375,6.997751235961914,2.869633913040161,0.050000011920928955,1768250
12,7074,250,1674.678955078125,6.698715686798096,2.808962821960449,0.050000011920928955,1768500
12,7075,250,1871.416259765625,7.4856648445129395,2.742520332336426,0.050000011920928955,1768750
12,7076,250,1680.1087646484375,6.72043514251709,2.766232490539551,0.050000011920928955,1769000
12,7077,250,1716.5555419921875,6.866222381591797,2.97603178024292,0.050000011920928955,1769250
12,7078,250,1677.375732421875,6.709502696990967,3.0562214851379395,0.050000011920928955,1769500
12,7079,250,1483.1192626953125,5.932476997375488,2.864128828048706,0.050000011920928955,1769750
12,7080,250,1745.19140625,6.9807658195495605,2.982450246810913,0.050000011920928955,1770000
12,7081,250,1911.534423828125,7.646137714385986,3.0856661796569824,0.050000011920928955,1770250
12,7082,250,1195.8427734375,4.7833709716796875,3.048920154571533,0.050000011920928955,1770500
12,7083,250,1696.748046875,6.786992073059082,2.9451982975006104,0.050000011920928955,1770750
12,7084,250,25.300081253051758,0.10120032727718353,2.951430320739746,0.050000011920928955,1771000
12,7085,250,1928.7467041015625,7.714986801147461,3.461374521255493,0.050000011920928955,1771250
12,7086,250,1693.165771484375,6.772663116455078,3.354715585708618,0.050000011920928955,1771500
12,7087,250,1797.0721435546875,7.188288688659668,3.345750331878662,0.050000011920928955,1771750
12,7088,250,1882.0791015625,7.528316497802734,3.1547396183013916,0.050000011920928955,1772000
12,7089,250,1870.860107421875,7.483440399169922,3.1490836143493652,0.050000011920928955,1772250
12,7090,250,1903.3470458984375,7.6133880615234375,3.275466203689575,0.050000011920928955,1772500
12,7091,250,42.661109924316406,0.17064443230628967,3.2678887844085693,0.050000011920928955,1772750
12,7092,250,1647.3819580078125,6.589527606964111,3.4382877349853516,0.050000011920928955,1773000
12,7093,250,1764.965576171875,7.05986213684082,3.469564199447632,0.050000011920928955,1773250
12,7094,250,1770.9420166015625,7.083767890930176,3.5017685890197754,0.050000011920928955,1773500
12,7095,250,1675.24609375,6.700984477996826,3.2012782096862793,0.050000011920928955,1773750
12,7096,250,1692.890380859375,6.771561622619629,3.369802951812744,0.050000011920928955,1774000
12,7097,250,52.077667236328125,0.20831066370010376,3.6685142517089844,0.050000011920928955,1774250
12,7098,250,1648.1806640625,6.5927228927612305,3.5190885066986084,0.050000011920928955,1774500
12,7099,250,1779.7142333984375,7.118856906890869,3.577866554260254,0.050000011920928955,1774750
12,7100,250,1689.5302734375,6.758121013641357,3.3620669841766357,0.050000011920928955,1775000
12,7101,250,1771.164306640625,7.084657192230225,3.4708609580993652,0.050000011920928955,1775250
12,7102,250,1638.51513671875,6.554060459136963,3.541673183441162,0.050000011920928955,1775500
12,7103,250,1876.7091064453125,7.506836414337158,3.5056307315826416,0.050000011920928955,1775750
12,7104,250,1697.4462890625,6.789785385131836,3.605111837387085,0.050000011920928955,1776000
12,7105,250,1751.98974609375,7.007958889007568,3.55979061126709,0.050000011920928955,1776250
12,7106,250,1494.40576171875,5.977622985839844,3.4047985076904297,0.050000011920928955,1776500
12,7107,250,1543.56298828125,6.174252033233643,3.5811262130737305,0.050000011920928955,1776750
12,7108,250,57.15449523925781,0.22861798107624054,3.3934948444366455,0.050000011920928955,1777000
12,7109,250,1730.1793212890625,6.920717239379883,3.9332034587860107,0.050000011920928955,1777250
12,7110,250,63.11077117919922,0.2524430751800537,3.511357307434082,0.050000011920928955,1777500
12,7111,250,1851.5404052734375,7.406161785125732,3.8465986251831055,0.050000011920928955,1777750
12,7112,250,1761.9263916015625,7.04770565032959,3.55604887008667,0.050000011920928955,1778000
12,7113,250,1779.177978515625,7.1167120933532715,3.9657294750213623,0.050000011920928955,1778250
12,7114,250,1620.4227294921875,6.481690883636475,3.808516025543213,0.050000011920928955,1778500
12,7115,250,1674.466796875,6.697867393493652,3.7033438682556152,0.050000011920928955,1778750
12,7116,250,1438.706787109375,5.75482702255249,3.7737016677856445,0.050000011920928955,1779000
12,7117,250,1675.5506591796875,6.702202796936035,3.7447478771209717,0.050000011920928955,1779250
12,7118,250,1675.7298583984375,6.7029194831848145,3.728012800216675,0.050000011920928955,1779500
12,7119,250,1225.5672607421875,4.902268886566162,3.5379371643066406,0.050000011920928955,1779750
12,7120,250,1814.758544921875,7.259034156799316,3.5851552486419678,0.050000011920928955,1780000
12,7121,250,1752.665283203125,7.0106611251831055,3.95493483543396,0.050000011920928955,1780250
12,7122,250,1361.524169921875,5.446096897125244,3.828519821166992,0.050000011920928955,1780500
12,7123,250,1374.713134765625,5.498852729797363,3.8256051540374756,0.050000011920928955,1780750
12,7124,250,1686.9517822265625,6.747807025909424,3.6478073596954346,0.050000011920928955,1781000
12,7125,250,58.5589599609375,0.23423583805561066,3.6285104751586914,0.050000011920928955,1781250
12,7126,250,1562.046142578125,6.248184680938721,3.90702486038208,0.050000011920928955,1781500
12,7127,250,1724.909423828125,6.899637699127197,3.873988389968872,0.050000011920928955,1781750
12,7128,250,17.227888107299805,0.06891155242919922,3.7630345821380615,0.050000011920928955,1782000
12,7129,250,1634.783935546875,6.539135932922363,4.256574630737305,0.050000011920928955,1782250
12,7130,250,1740.728515625,6.962913990020752,4.079742431640625,0.050000011920928955,1782500
12,7131,250,53.72730255126953,0.21490921080112457,4.02040433883667,0.050000011920928955,1782750
12,7132,250,62.1629524230957,0.24865180253982544,4.139623641967773,0.050000011920928955,1783000
12,7133,250,49.96417999267578,0.1998567134141922,4.370429039001465,0.050000011920928955,1783250
12,7134,250,1662.9776611328125,6.651910781860352,4.593164920806885,0.050000011920928955,1783500
12,7135,250,18.090576171875,0.07236230373382568,4.6675896644592285,0.050000011920928955,1783750
12,7136,250,1369.9510498046875,5.479804039001465,4.712957859039307,0.050000011920928955,1784000
12,7137,250,1690.1744384765625,6.760697841644287,4.684128761291504,0.050000011920928955,1784250
12,7138,250,41.04008102416992,0.1641603261232376,4.517776966094971,0.050000011920928955,1784500
12,7139,250,1734.577392578125,6.938309669494629,4.835753917694092,0.050000011920928955,1784750
12,7140,250,1683.2620849609375,6.733048439025879,4.961232662200928,0.050000011920928955,1785000
12,7141,250,1721.97216796875,6.8878889083862305,4.860184192657471,0.050000011920928955,1785250
12,7142,250,1872.0340576171875,7.488136291503906,4.64010763168335,0.050000011920928955,1785500
12,7143,250,1692.0784912109375,6.768313884735107,4.48158597946167,0.050000011920928955,1785750
12,7144,250,1732.9661865234375,6.9318647384643555,4.395152568817139,0.050000011920928955,1786000
12,7145,250,1736.281005859375,6.94512414932251,4.597815990447998,0.050000011920928955,1786250
12,7146,250,1692.6517333984375,6.770606994628906,4.51686954498291,0.050000011920928955,1786500
12,7147,250,1688.2974853515625,6.753190040588379,4.604733467102051,0.050000011920928955,1786750
12,7148,250,1688.413818359375,6.753655433654785,4.385494709014893,0.050000011920928955,1787000
12,7149,250,1694.099853515625,6.776399612426758,4.2626519203186035,0.050000011920928955,1787250
12,7150,250,1660.1754150390625,6.640701770782471,4.302666187286377,0.050000011920928955,1787500
12,7151,250,1737.934326171875,6.951737403869629,3.8913307189941406,0.050000011920928955,1787750
12,7152,250,1651.5396728515625,6.60615873336792,4.013354301452637,0.050000011920928955,1788000
12,7153,250,1706.2135009765625,6.824853897094727,4.1139326095581055,0.050000011920928955,1788250
12,7154,250,1663.1326904296875,6.652530670166016,4.024979591369629,0.050000011920928955,1788500
12,7155,250,1694.1995849609375,6.776798248291016,3.9960498809814453,0.050000011920928955,1788750
12,7156,250,1680.1075439453125,6.720430374145508,3.880911111831665,0.050000011920928955,1789000
12,7157,250,1729.5872802734375,6.918349266052246,4.170906066894531,0.050000011920928955,1789250
12,7158,250,1680.044677734375,6.720178604125977,3.9011600017547607,0.050000011920928955,1789500
12,7159,250,1710.487060546875,6.84194803237915,3.809915542602539,0.050000011920928955,1789750
12,7160,250,1495.1268310546875,5.9805073738098145,3.708361864089966,0.050000011920928955,1790000
12,7161,250,1669.68408203125,6.678736209869385,3.6934971809387207,0.050000011920928955,1790250
12,7162,250,1504.6295166015625,6.018517971038818,3.993621826171875,0.050000011920928955,1790500
12,7163,250,1686.572021484375,6.746288299560547,3.9519453048706055,0.050000011920928955,1790750
12,7164,250,1668.67919921875,6.674716949462891,3.8504109382629395,0.050000011920928955,1791000
12,7165,250,-1.3144193887710571,-0.005257677752524614,3.8158490657806396,0.050000011920928955,1791250
12,7166,250,1696.740478515625,6.786962032318115,3.725801467895508,0.050000011920928955,1791500
12,7167,250,1729.560791015625,6.918242931365967,3.7402327060699463,0.050000011920928955,1791750
12,7168,250,1596.8214111328125,6.3872857093811035,3.8058829307556152,0.050000011920928955,1792000
12,7169,250,1767.143310546875,7.068573474884033,3.5293116569519043,0.050000011920928955,1792250
12,7170,250,1664.4183349609375,6.657673358917236,3.262568712234497,0.050000011920928955,1792500
12,7171,250,1719.0030517578125,6.876012325286865,3.448631763458252,0.050000011920928955,1792750
12,7172,250,-12.874532699584961,-0.05149812996387482,3.466900587081909,0.050000011920928955,1793000
12,7173,250,1696.732421875,6.786929607391357,3.023860454559326,0.050000011920928955,1793250
12,7174,250,1708.4541015625,6.8338165283203125,3.0647594928741455,0.050000011920928955,1793500
12,7175,250,1515.3363037109375,6.061345100402832,2.950542688369751,0.050000011920928955,1793750
12,7176,250,-13.206229209899902,-0.05282491818070412,3.141676664352417,0.050000011920928955,1794000
12,7177,250,29.67930793762207,0.11871723085641861,3.0821588039398193,0.050000011920928955,1794250
12,7178,250,1664.8460693359375,6.659384250640869,3.1869733333587646,0.050000011920928955,1794500
12,7179,250,1433.8106689453125,5.73524284362793,3.082972764968872,0.050000011920928955,1794750
12,7180,250,1747.6375732421875,6.990550518035889,3.190070390701294,0.050000011920928955,1795000
12,7181,250,1270.31591796875,5.081263542175293,3.246551275253296,0.050000011920928955,1795250
12,7182,250,1679.557861328125,6.718231678009033,3.3081214427948,0.050000011920928955,1795500
12,7183,250,1709.358642578125,6.837434768676758,3.2798798084259033,0.050000011920928955,1795750
12,7184,250,28.99387550354004,0.11597549915313721,3.2321674823760986,0.050000011920928955,1796000
12,7185,250,27.182270050048828,0.10872907936573029,3.420384168624878,0.050000011920928955,1796250
12,7186,250,1771.7398681640625,7.086959362030029,3.9465768337249756,0.050000011920928955,1796500
12,7187,250,21.127893447875977,0.08451157063245773,3.666882276535034,0.050000011920928955,1796750
12,7188,250,1690.4208984375,6.761683464050293,3.969449043273926,0.050000011920928955,1797000
12,7189,250,1863.629150390625,7.454516410827637,3.811537742614746,0.050000011920928955,1797250
12,7190,250,1709.048583984375,6.8361945152282715,3.9643137454986572,0.050000011920928955,1797500
12,7191,250,1718.19482421875,6.872779369354248,3.8608365058898926,0.050000011920928955,1797750
12,7192,250,1646.5982666015625,6.586392879486084,3.8787755966186523,0.050000011920928955,1798000
12,7193,250,950.9715576171875,3.8038861751556396,3.9468798637390137,0.050000011920928955,1798250
12,7194,250,1366.083984375,5.464335918426514,3.9253363609313965,0.050000011920928955,1798500
12,7195,250,1637.194580078125,6.548778533935547,4.070615768432617,0.050000011920928955,1798750
12,7196,250,1351.845703125,5.407382965087891,3.9796459674835205,0.050000011920928955,1799000
12,7197,250,40.85489273071289,0.16341957449913025,4.207944869995117,0.050000011920928955,1799250
12,7198,250,1477.7745361328125,5.911098003387451,4.571239948272705,0.050000011920928955,1799500
12,7199,250,1518.41064453125,6.073642730712891,4.245614051818848,0.050000011920928955,1799750
12,7200,250,1718.985595703125,6.875942230224609,4.179439067840576,0.050000011920928955,1800000
12,7201,250,1208.69384765625,4.834775447845459,4.334228992462158,0.050000011920928955,1800250
12,7202,250,1229.701904296875,4.918807506561279,4.499248504638672,0.050000011920928955,1800500
12,7203,250,1673.11181640625,6.692447185516357,4.51254415512085,0.050000011920928955,1800750
12,7204,250,22.232608795166016,0.08893043547868729,4.599073886871338,0.050000011920928955,1801000
12,7205,250,1319.5673828125,5.2782697677612305,4.645514011383057,0.050000011920928955,1801250
12,7206,250,1893.098388671875,7.572393417358398,4.475991725921631,0.050000011920928955,1801500
12,7207,250,1702.7099609375,6.810839653015137,4.477087497711182,0.050000011920928955,1801750
12,7208,250,1723.6280517578125,6.894512176513672,4.363718509674072,0.050000011920928955,1802000
12,7209,250,1910.35302734375,7.641412258148193,4.259247303009033,0.050000011920928955,1802250
12,7210,250,1545.290283203125,6.181160926818848,4.418359756469727,0.050000011920928955,1802500
12,7211,250,1901.093017578125,7.604372024536133,4.376184463500977,0.050000011920928955,1802750
12,7212,250,1718.8115234375,6.875246047973633,4.263607025146484,0.050000011920928955,1803000
12,7213,250,1908.45263671875,7.633810520172119,4.455214977264404,0.050000011920928955,1803250
12,7214,250,1889.4871826171875,7.557948589324951,4.49314022064209,0.050000011920928955,1803500
12,7215,250,1905.296875,7.621187686920166,4.445723056793213,0.050000011920928955,1803750
12,7216,250,1506.7103271484375,6.026841163635254,4.361907958984375,0.050000011920928955,1804000
12,7217,250,1266.7103271484375,5.066841125488281,4.06374454498291,0.050000011920928955,1804250
12,7218,250,1683.38232421875,6.733529090881348,4.060347557067871,0.050000011920928955,1804500
12,7219,250,1701.39697265625,6.8055877685546875,3.9031479358673096,0.050000011920928955,1804750
12,7220,250,1540.77294921875,6.163091659545898,3.9034972190856934,0.050000011920928955,1805000
12,7221,250,1717.0848388671875,6.868339538574219,4.215072154998779,0.050000011920928955,1805250
12,7222,250,1879.342041015625,7.517368316650391,4.149471759796143,0.050000011920928955,1805500
12,7223,250,1857.0963134765625,7.428385257720947,4.088759422302246,0.050000011920928955,1805750
12,7224,250,1872.651123046875,7.490604400634766,3.982633352279663,0.050000011920928955,1806000
12,7225,250,292.6263427734375,1.170505404472351,4.113317489624023,0.050000011920928955,1806250
12,7226,250,1902.8228759765625,7.611291408538818,4.176427364349365,0.050000011920928955,1806500
12,7227,250,1696.330078125,6.785320281982422,3.968803882598877,0.050000011920928955,1806750
12,7228,250,64.02294921875,0.25609180331230164,3.900639057159424,0.050000011920928955,1807000
12,7229,250,33.47087478637695,0.1338835060596466,4.658891677856445,0.050000011920928955,1807250
12,7230,250,1897.880126953125,7.591520309448242,4.176845550537109,0.050000011920928955,1807500
12,7231,250,1903.109375,7.612437725067139,4.246406555175781,0.050000011920928955,1807750
12,7232,250,-18.126977920532227,-0.07250791043043137,4.449032783508301,0.050000011920928955,1808000
12,7233,250,-29.877456665039062,-0.11950982362031937,4.802000999450684,0.050000011920928955,1808250
12,7234,250,-6.634820938110352,-0.026539282873272896,5.102115154266357,0.050000011920928955,1808500
12,7235,250,-16.091163635253906,-0.06436465680599213,4.897595405578613,0.050000011920928955,1808750
12,7236,250,20.698123931884766,0.0827924981713295,5.4594011306762695,0.050000011920928955,1809000
12,7237,250,24.50754165649414,0.09803016483783722,6.219919204711914,0.050000011920928955,1809250
12,7238,250,74.44676208496094,0.29778704047203064,5.453637599945068,0.050000011920928955,1809500
12,7239,250,24.771934509277344,0.09908773750066757,5.880138874053955,0.050000011920928955,1809750
12,7240,250,47.05152130126953,0.18820609152317047,5.940594673156738,0.050000011920928955,1810000
12,7241,250,135.06690979003906,0.5402676463127136,6.334116458892822,0.050000011920928955,1810250
12,7242,250,1197.0394287109375,4.788157939910889,6.361048221588135,0.050000011920928955,1810500
12,7243,250,474.2167053222656,1.896866798400879,6.1219987869262695,0.050000011920928955,1810750
12,7244,250,745.5267944335938,2.982107162475586,6.431497573852539,0.050000011920928955,1811000
12,7245,250,1247.47216796875,4.989888668060303,6.154440402984619,0.050000011920928955,1811250
12,7246,250,642.0911865234375,2.5683648586273193,6.729055881500244,0.050000011920928955,1811500
12,7247,250,1419.913818359375,5.679655075073242,5.871225357055664,0.050000011920928955,1811750
12,7248,250,1627.518798828125,6.510075092315674,5.934037208557129,0.050000011920928955,1812000
12,7249,250,1793.06103515625,7.172244071960449,6.674045085906982,0.050000011920928955,1812250
12,7250,250,1818.8726806640625,7.275490760803223,6.897472858428955,0.050000011920928955,1812500
12,7251,250,887.0387573242188,3.5481550693511963,6.787900447845459,0.050000011920928955,1812750
12,7252,250,1539.4267578125,6.157707214355469,6.351618766784668,0.050000011920928955,1813000
12,7253,250,1891.74951171875,7.56699800491333,6.802420616149902,0.050000011920928955,1813250
12,7254,250,1680.3011474609375,6.72120475769043,6.738551139831543,0.050000011920928955,1813500
12,7255,250,1128.754638671875,4.515018463134766,6.593777179718018,0.050000011920928955,1813750
12,7256,250,1662.812744140625,6.651250839233398,6.199146747589111,0.050000011920928955,1814000
12,7257,250,1447.9560546875,5.7918243408203125,6.696277618408203,0.050000011920928955,1814250
12,7258,250,1698.9617919921875,6.795846939086914,6.334066390991211,0.050000011920928955,1814500
12,7259,250,987.271728515625,3.949086904525757,6.295504093170166,0.050000011920928955,1814750
12,7260,250,56.59602355957031,0.22638408839702606,6.532230377197266,0.050000011920928955,1815000
12,7261,250,127.97172546386719,0.5118868947029114,6.656098365783691,0.050000011920928955,1815250
12,7262,250,1894.71240234375,7.578849792480469,6.94922399520874,0.050000011920928955,1815500
12,7263,250,1842.350341796875,7.369401454925537,7.129114627838135,0.050000011920928955,1815750
12,7264,250,1847.0234375,7.388093948364258,6.675592422485352,0.050000011920928955,1816000
12,7265,250,1859.76416015625,7.439056873321533,6.793856143951416,0.050000011920928955,1816250
12,7266,250,1685.911376953125,6.743645668029785,6.7412919998168945,0.050000011920928955,1816500
12,7267,250,350.2004089355469,1.400801658630371,6.551268100738525,0.050000011920928955,1816750
12,7268,250,79.94855499267578,0.3197942078113556,6.982946872711182,0.050000011920928955,1817000
12,7269,250,1658.8978271484375,6.635591506958008,6.802751064300537,0.050000011920928955,1817250
12,7270,250,1537.7469482421875,6.15098762512207,6.9196271896362305,0.050000011920928955,1817500
12,7271,250,56.7561149597168,0.22702446579933167,6.397918224334717,0.050000011920928955,1817750
12,7272,250,1651.5301513671875,6.606120586395264,6.902964115142822,0.050000011920928955,1818000
12,7273,250,1716.0916748046875,6.86436653137207,7.177811145782471,0.050000011920928955,1818250
12,7274,250,1682.9232177734375,6.731692790985107,6.527449607849121,0.050000011920928955,1818500
12,7275,250,1708.9068603515625,6.835627555847168,6.305216312408447,0.050000011920928955,1818750
12,7276,250,1636.181396484375,6.54472541809082,6.115994930267334,0.050000011920928955,1819000
12,7277,250,1700.15673828125,6.800626754760742,5.917588233947754,0.050000011920928955,1819250
12,7278,250,1940.014404296875,7.76005744934082,6.081054210662842,0.050000011920928955,1819500
12,7279,250,1663.247314453125,6.652989387512207,5.75424861907959,0.050000011920928955,1819750
12,7280,250,1785.0401611328125,7.14016056060791,5.681008338928223,0.050000011920928955,1820000
12,7281,250,1674.8251953125,6.699300765991211,5.183355808258057,0.050000011920928955,1820250
12,7282,250,1689.8426513671875,6.759370803833008,5.311335563659668,0.050000011920928955,1820500
12,7283,250,1732.13623046875,6.928544998168945,5.041540145874023,0.050000011920928955,1820750
12,7284,250,1636.21484375,6.544859409332275,4.791044235229492,0.050000011920928955,1821000
12,7285,250,1761.04931640625,7.044197082519531,4.7538323402404785,0.050000011920928955,1821250
12,7286,250,1669.42431640625,6.67769718170166,4.5266571044921875,0.050000011920928955,1821500
12,7287,250,1725.211181640625,6.900844573974609,4.294609069824219,0.050000011920928955,1821750
12,7288,250,1761.85791015625,7.047431468963623,4.634593486785889,0.050000011920928955,1822000
12,7289,250,1696.86376953125,6.787455081939697,4.769227027893066,0.050000011920928955,1822250
12,7290,250,1766.569091796875,7.066276550292969,4.538771629333496,0.050000011920928955,1822500
12,7291,250,1691.85791015625,6.767431735992432,4.630040168762207,0.050000011920928955,1822750
12,7292,250,1918.617919921875,7.674471855163574,4.4602885246276855,0.050000011920928955,1823000
12,7293,250,1778.158447265625,7.11263370513916,4.204540252685547,0.050000011920928955,1823250
12,7294,250,60.75539779663086,0.24302159249782562,4.378824234008789,0.050000011920928955,1823500
12,7295,250,1751.0396728515625,7.0041584968566895,4.526111602783203,0.050000011920928955,1823750
12,7296,250,1707.864013671875,6.831456184387207,4.4311933517456055,0.050000011920928955,1824000
12,7297,250,1928.010986328125,7.712043762207031,4.796097755432129,0.050000011920928955,1824250
12,7298,250,1363.63623046875,5.454545021057129,4.291565418243408,0.050000011920928955,1824500
12,7299,250,1690.2926025390625,6.761170387268066,4.4011054039001465,0.050000011920928955,1824750
12,7300,250,1770.09716796875,7.08038854598999,4.023647308349609,0.050000011920928955,1825000
12,7301,250,1726.636474609375,6.906546115875244,4.052699089050293,0.050000011920928955,1825250
12,7302,250,1756.47216796875,7.025888442993164,4.007002353668213,0.050000011920928955,1825500
12,7303,250,1722.504638671875,6.890018463134766,3.8306562900543213,0.050000011920928955,1825750
12,7304,250,1684.4075927734375,6.737630367279053,4.076388359069824,0.050000011920928955,1826000
12,7305,250,1716.82666015625,6.867306709289551,3.8867788314819336,0.050000011920928955,1826250
12,7306,250,1654.20068359375,6.61680269241333,3.7054214477539062,0.050000011920928955,1826500
12,7307,250,1732.56591796875,6.930263519287109,3.8492977619171143,0.050000011920928955,1826750
12,7308,250,42.352508544921875,0.16941003501415253,3.404860496520996,0.050000011920928955,1827000
12,7309,250,1703.11669921875,6.812466621398926,3.7449147701263428,0.050000011920928955,1827250
12,7310,250,1730.560302734375,6.9222412109375,3.586186170578003,0.050000011920928955,1827500
12,7311,250,1672.7607421875,6.691042900085449,3.5985162258148193,0.050000011920928955,1827750
12,7312,250,1672.248779296875,6.688994884490967,3.519273281097412,0.050000011920928955,1828000
12,7313,250,1881.4345703125,7.52573823928833,3.5013742446899414,0.050000011920928955,1828250
12,7314,250,1726.396240234375,6.905584812164307,3.511516809463501,0.050000011920928955,1828500
12,7315,250,1755.540771484375,7.022162914276123,3.5201823711395264,0.050000011920928955,1828750
12,7316,250,1684.074951171875,6.736299991607666,3.423386812210083,0.050000011920928955,1829000
12,7317,250,1696.59814453125,6.786392688751221,3.3017072677612305,0.050000011920928955,1829250
12,7318,250,1657.11962890625,6.628478527069092,3.3723318576812744,0.050000011920928955,1829500
12,7319,250,1705.91650390625,6.823666095733643,3.436248302459717,0.050000011920928955,1829750
12,7320,250,320.3221130371094,1.281288504600525,3.288203716278076,0.050000011920928955,1830000
12,7321,250,1430.5518798828125,5.722207546234131,3.6529083251953125,0.050000011920928955,1830250
12,7322,250,1669.754150390625,6.679016590118408,3.764381170272827,0.050000011920928955,1830500
12,7323,250,1689.7342529296875,6.758936882019043,3.578549861907959,0.050000011920928955,1830750
12,7324,250,1739.061767578125,6.956246852874756,3.452287197113037,0.050000011920928955,1831000
12,7325,250,1651.220947265625,6.604883670806885,3.979973793029785,0.050000011920928955,1831250
12,7326,250,1746.455322265625,6.98582124710083,3.6189746856689453,0.050000011920928955,1831500
12,7327,250,1648.6776123046875,6.594710350036621,3.7320520877838135,0.050000011920928955,1831750
12,7328,250,1729.0625,6.916250228881836,3.716081380844116,0.050000011920928955,1832000
12,7329,250,1886.961181640625,7.547844886779785,3.7087697982788086,0.050000011920928955,1832250
12,7330,250,58.11333084106445,0.23245331645011902,4.005902290344238,0.050000011920928955,1832500
12,7331,250,1400.046630859375,5.600186347961426,4.030791282653809,0.050000011920928955,1832750
12,7332,250,1899.68359375,7.598734378814697,3.939776659011841,0.050000011920928955,1833000
12,7333,250,1683.3277587890625,6.733311176300049,4.202327251434326,0.050000011920928955,1833250
12,7334,250,1736.086181640625,6.944344520568848,4.075315475463867,0.050000011920928955,1833500
12,7335,250,1659.639892578125,6.638559341430664,3.836791753768921,0.050000011920928955,1833750
12,7336,250,1671.3228759765625,6.685291290283203,3.851933002471924,0.050000011920928955,1834000
12,7337,250,1626.3502197265625,6.505400657653809,3.9569251537323,0.050000011920928955,1834250
12,7338,250,1674.1507568359375,6.696602821350098,3.9577102661132812,0.050000011920928955,1834500
12,7339,250,1419.611572265625,5.678446292877197,4.057590961456299,0.050000011920928955,1834750
12,7340,250,1753.96728515625,7.015869140625,3.7832369804382324,0.050000011920928955,1835000
12,7341,250,1674.00048828125,6.696002006530762,3.9826080799102783,0.050000011920928955,1835250
12,7342,250,1484.9554443359375,5.939821720123291,4.032131195068359,0.050000011920928955,1835500
12,7343,250,1424.6907958984375,5.698763370513916,3.8459115028381348,0.050000011920928955,1835750
12,7344,250,1663.669189453125,6.654676914215088,3.7381749153137207,0.050000011920928955,1836000
12,7345,250,1539.4986572265625,6.157994747161865,3.8913724422454834,0.050000011920928955,1836250
12,7346,250,1681.674072265625,6.726696491241455,3.8611903190612793,0.050000011920928955,1836500
12,7347,250,1483.0181884765625,5.932072639465332,4.0601677894592285,0.050000011920928955,1836750
12,7348,250,61.98912048339844,0.24795648455619812,4.090923309326172,0.050000011920928955,1837000
12,7349,250,1589.131591796875,6.3565263748168945,4.154875755310059,0.050000011920928955,1837250
12,7350,250,1734.167236328125,6.936668872833252,4.225020408630371,0.050000011920928955,1837500
12,7351,250,1707.939453125,6.83175802230835,4.068860054016113,0.050000011920928955,1837750
12,7352,250,1709.9130859375,6.8396525382995605,3.8551557064056396,0.050000011920928955,1838000
12,7353,250,1740.89697265625,6.963587760925293,4.376880645751953,0.050000011920928955,1838250
12,7354,250,1450.0128173828125,5.800051212310791,3.956113815307617,0.050000011920928955,1838500
12,7355,250,1662.044677734375,6.648178577423096,3.9317898750305176,0.050000011920928955,1838750
12,7356,250,1673.74072265625,6.694962978363037,4.039071559906006,0.050000011920928955,1839000
12,7357,250,1605.72216796875,6.42288875579834,4.342556953430176,0.050000011920928955,1839250
12,7358,250,1883.7310791015625,7.534924507141113,3.9401743412017822,0.050000011920928955,1839500
12,7359,250,1764.3123779296875,7.057249546051025,3.8284971714019775,0.050000011920928955,1839750
12,7360,250,1870.2476806640625,7.480990886688232,3.767939805984497,0.050000011920928955,1840000
12,7361,250,69.62680053710938,0.27850720286369324,3.697469472885132,0.050000011920928955,1840250
12,7362,250,1353.613037109375,5.414452075958252,3.8538553714752197,0.050000011920928955,1840500
12,7363,250,1678.94677734375,6.715786933898926,3.9873573780059814,0.050000011920928955,1840750
12,7364,250,1486.52099609375,5.946084022521973,3.8325273990631104,0.050000011920928955,1841000
12,7365,250,1445.38525390625,5.781540870666504,4.152908802032471,0.050000011920928955,1841250
12,7366,250,1461.94091796875,5.847763538360596,4.2642316818237305,0.050000011920928955,1841500
12,7367,250,1674.020751953125,6.696083068847656,4.055952548980713,0.050000011920928955,1841750
12,7368,250,1812.16650390625,7.248665809631348,4.124971389770508,0.050000011920928955,1842000
12,7369,250,1716.5555419921875,6.866222381591797,4.002753734588623,0.050000011920928955,1842250
12,7370,250,1749.140625,6.996562480926514,3.7728660106658936,0.050000011920928955,1842500
12,7371,250,1682.6357421875,6.73054313659668,3.7688753604888916,0.050000011920928955,1842750
12,7372,250,1671.628662109375,6.686514854431152,3.921860694885254,0.050000011920928955,1843000
12,7373,250,1677.302001953125,6.709208011627197,3.7273101806640625,0.050000011920928955,1843250
12,7374,250,1775.9862060546875,7.103944778442383,3.7364180088043213,0.050000011920928955,1843500
12,7375,250,1723.2080078125,6.892831802368164,3.7387356758117676,0.050000011920928955,1843750
12,7376,250,1679.099853515625,6.716399192810059,3.7538154125213623,0.050000011920928955,1844000
12,7377,250,1904.3243408203125,7.617297172546387,3.7029106616973877,0.050000011920928955,1844250
12,7378,250,53.39454650878906,0.21357817947864532,3.745948314666748,0.050000011920928955,1844500
12,7379,250,1733.1827392578125,6.9327311515808105,4.056326866149902,0.050000011920928955,1844750
12,7380,250,1666.1370849609375,6.664548397064209,4.0602850914001465,0.050000011920928955,1845000
12,7381,250,1714.6243896484375,6.858497619628906,3.800154209136963,0.050000011920928955,1845250
12,7382,250,1882.3515625,7.5294060707092285,4.173962116241455,0.050000011920928955,1845500
12,7383,250,39.46250915527344,0.15785004198551178,3.9196386337280273,0.050000011920928955,1845750
12,7384,250,1678.609619140625,6.714438438415527,4.188073635101318,0.050000011920928955,1846000
12,7385,250,1864.1005859375,7.45640230178833,4.257885932922363,0.050000011920928955,1846250
12,7386,250,1477.4931640625,5.909972667694092,3.9922516345977783,0.050000011920928955,1846500
12,7387,250,1660.6640625,6.642656326293945,4.250977516174316,0.050000011920928955,1846750
12,7388,250,35.58429718017578,0.14233718812465668,4.131692886352539,0.050000011920928955,1847000
12,7389,250,1867.426513671875,7.469706058502197,4.45673942565918,0.050000011920928955,1847250
12,7390,250,1838.164306640625,7.352657318115234,4.451735496520996,0.050000011920928955,1847500
12,7391,250,1671.189453125,6.684757709503174,4.332794666290283,0.050000011920928955,1847750
12,7392,250,1504.7542724609375,6.019017219543457,4.173867225646973,0.050000011920928955,1848000
12,7393,250,1657.3956298828125,6.629582405090332,4.256707668304443,0.050000011920928955,1848250
12,7394,250,1684.4625244140625,6.737850189208984,4.047430992126465,0.050000011920928955,1848500
12,7395,250,1839.937744140625,7.359750747680664,4.160029411315918,0.050000011920928955,1848750
12,7396,250,1658.261962890625,6.633048057556152,4.26548433303833,0.050000011920928955,1849000
12,7397,250,1905.07177734375,7.62028694152832,4.377520561218262,0.050000011920928955,1849250
12,7398,250,1900.2547607421875,7.601018905639648,4.283579349517822,0.050000011920928955,1849500
12,7399,250,1903.4150390625,7.6136603355407715,4.2412824630737305,0.050000011920928955,1849750
12,7400,250,1680.813720703125,6.723254680633545,4.17099666595459,0.050000011920928955,1850000
12,7401,250,641.5828857421875,2.566331624984741,4.271296977996826,0.050000011920928955,1850250
12,7402,250,1692.548828125,6.770195484161377,4.2866740226745605,0.050000011920928955,1850500
12,7403,250,1754.997314453125,7.019989490509033,4.216009140014648,0.050000011920928955,1850750
12,7404,250,1485.9898681640625,5.9439592361450195,4.148627758026123,0.050000011920928955,1851000
12,7405,250,1669.9241943359375,6.679696559906006,4.082578659057617,0.050000011920928955,1851250
12,7406,250,1729.63818359375,6.918552875518799,3.752326011657715,0.050000011920928955,1851500
12,7407,250,1607.733642578125,6.430934429168701,4.069241523742676,0.050000011920928955,1851750
12,7408,250,1685.7037353515625,6.742815017700195,4.295221328735352,0.050000011920928955,1852000
12,7409,250,1671.2930908203125,6.6851725578308105,4.280196189880371,0.050000011920928955,1852250
12,7410,250,78.83746337890625,0.31534984707832336,4.411553859710693,0.050000011920928955,1852500
12,7411,250,54.66440963745117,0.21865764260292053,4.41860294342041,0.050000011920928955,1852750
12,7412,250,1702.795166015625,6.811180591583252,4.430054187774658,0.050000011920928955,1853000
12,7413,250,1732.6455078125,6.930582046508789,4.929076194763184,0.050000011920928955,1853250
12,7414,250,1745.7734375,6.983093738555908,4.646728038787842,0.050000011920928955,1853500
12,7415,250,1678.7403564453125,6.714961528778076,4.743355751037598,0.050000011920928955,1853750
12,7416,250,1729.53076171875,6.918123245239258,4.558769702911377,0.050000011920928955,1854000
12,7417,250,1714.708740234375,6.858834743499756,4.757426738739014,0.050000011920928955,1854250
12,7418,250,36.246944427490234,0.1449877768754959,4.649837017059326,0.050000011920928955,1854500
12,7419,250,1734.847412109375,6.939389705657959,4.741511344909668,0.050000011920928955,1854750
12,7420,250,54.9838981628418,0.2199355959892273,4.472877025604248,0.050000011920928955,1855000
12,7421,250,1621.6802978515625,6.486721038818359,5.064239978790283,0.050000011920928955,1855250
12,7422,250,1287.037841796875,5.148151397705078,4.926720142364502,0.050000011920928955,1855500
12,7423,250,1684.365966796875,6.73746395111084,4.966129302978516,0.050000011920928955,1855750
12,7424,250,1681.0252685546875,6.7241010665893555,4.6423726081848145,0.050000011920928955,1856000
12,7425,250,37.19438934326172,0.1487775593996048,4.811573028564453,0.050000011920928955,1856250
12,7426,250,1717.17578125,6.8687028884887695,5.039506912231445,0.050000011920928955,1856500
12,7427,250,1661.8734130859375,6.647493839263916,4.9739155769348145,0.050000011920928955,1856750
12,7428,250,578.578125,2.31431245803833,4.664376258850098,0.050000011920928955,1857000
12,7429,250,1657.43408203125,6.629736423492432,5.049039363861084,0.050000011920928955,1857250
12,7430,250,59.379878997802734,0.2375195175409317,5.022855758666992,0.050000011920928955,1857500
12,7431,250,1413.8714599609375,5.6554856300354,5.151994705200195,0.050000011920928955,1857750
12,7432,250,1299.6053466796875,5.198421478271484,5.140750408172607,0.050000011920928955,1858000
12,7433,250,1583.8310546875,6.335324287414551,5.187148094177246,0.050000011920928955,1858250
12,7434,250,1272.9676513671875,5.0918707847595215,5.2679829597473145,0.050000011920928955,1858500
12,7435,250,123.39456176757812,0.4935782551765442,5.813072204589844,0.050000011920928955,1858750
12,7436,250,1381.04150390625,5.524166107177734,5.902973175048828,0.050000011920928955,1859000
12,7437,250,1588.5770263671875,6.354308128356934,6.300445079803467,0.050000011920928955,1859250
12,7438,250,74.3831558227539,0.2975326180458069,6.146944999694824,0.050000011920928955,1859500
12,7439,250,1585.598388671875,6.342393398284912,5.853910446166992,0.050000011920928955,1859750
12,7440,250,1403.99951171875,5.615998268127441,6.525135517120361,0.050000011920928955,1860000
12,7441,250,1278.3082275390625,5.1132330894470215,6.991946220397949,0.050000011920928955,1860250
12,7442,250,1356.351806640625,5.425407409667969,6.424202919006348,0.050000011920928955,1860500
12,7443,250,1387.3746337890625,5.549498558044434,6.499405860900879,0.050000011920928955,1860750
12,7444,250,1577.5694580078125,6.310277938842773,6.444350242614746,0.050000011920928955,1861000
12,7445,250,909.4094848632812,3.6376378536224365,6.663914680480957,0.050000011920928955,1861250
12,7446,250,1432.2177734375,5.728870868682861,6.554974555969238,0.050000011920928955,1861500
12,7447,250,1327.59765625,5.310390472412109,6.641857147216797,0.050000011920928955,1861750
12,7448,250,114.26322937011719,0.45705291628837585,6.765938758850098,0.050000011920928955,1862000
12,7449,250,1427.3193359375,5.709277153015137,7.396262168884277,0.050000011920928955,1862250
12,7450,250,172.66171264648438,0.6906468272209167,7.982876300811768,0.050000011920928955,1862500
12,7451,250,1278.9210205078125,5.1156840324401855,7.54599666595459,0.050000011920928955,1862750
12,7452,250,1310.8319091796875,5.243327617645264,7.295679092407227,0.050000011920928955,1863000
12,7453,250,727.8896484375,2.9115586280822754,7.874847412109375,0.050000011920928955,1863250
12,7454,250,1311.2254638671875,5.244901657104492,7.419281482696533,0.050000011920928955,1863500
12,7455,250,362.76287841796875,1.4510514736175537,7.939189910888672,0.050000011920928955,1863750
12,7456,250,669.2940063476562,2.677175998687744,7.854250431060791,0.050000011920928955,1864000
12,7457,250,1007.9661865234375,4.031864643096924,8.683342933654785,0.050000011920928955,1864250
12,7458,250,1330.544921875,5.322179794311523,8.083861351013184,0.050000011920928955,1864500
12,7459,250,1306.054931640625,5.224219799041748,8.298857688903809,0.050000011920928955,1864750
12,7460,250,1319.4334716796875,5.27773380279541,7.675289154052734,0.050000011920928955,1865000
12,7461,250,1691.126708984375,6.764506816864014,7.8280415534973145,0.050000011920928955,1865250
12,7462,250,1394.803955078125,5.579216003417969,7.625067710876465,0.050000011920928955,1865500
12,7463,250,1402.261474609375,5.60904598236084,7.729598522186279,0.050000011920928955,1865750
12,7464,250,1358.3580322265625,5.433432102203369,7.9242987632751465,0.050000011920928955,1866000
12,7465,250,1393.115966796875,5.5724639892578125,7.959676742553711,0.050000011920928955,1866250
12,7466,250,1356.213134765625,5.42485237121582,7.18977165222168,0.050000011920928955,1866500
12,7467,250,1727.514892578125,6.910059452056885,7.508031845092773,0.050000011920928955,1866750
12,7468,250,1764.9774169921875,7.059909820556641,7.439919948577881,0.050000011920928955,1867000
12,7469,250,1226.3995361328125,4.905598163604736,7.231585502624512,0.050000011920928955,1867250
12,7470,250,1325.81005859375,5.3032402992248535,7.218170642852783,0.050000011920928955,1867500
12,7471,250,1672.612060546875,6.69044828414917,7.0664496421813965,0.050000011920928955,1867750
12,7472,250,1826.886962890625,7.3075480461120605,7.187326431274414,0.050000011920928955,1868000
12,7473,250,1479.9632568359375,5.919853210449219,7.34786319732666,0.050000011920928955,1868250
12,7474,250,1692.57763671875,6.770310401916504,7.033443450927734,0.050000011920928955,1868500
12,7475,250,1544.0904541015625,6.176362037658691,6.65134334564209,0.050000011920928955,1868750
12,7476,250,1514.77001953125,6.059080123901367,6.379459857940674,0.050000011920928955,1869000
12,7477,250,1436.2501220703125,5.74500036239624,6.13805627822876,0.050000011920928955,1869250
12,7478,250,1395.3819580078125,5.5815277099609375,6.3118486404418945,0.050000011920928955,1869500
12,7479,250,1619.84326171875,6.479372978210449,5.881763458251953,0.050000011920928955,1869750
12,7480,250,1427.468505859375,5.709874153137207,6.319337844848633,0.050000011920928955,1870000
12,7481,250,1473.83154296875,5.895326137542725,6.347509384155273,0.050000011920928955,1870250
12,7482,250,1835.4468994140625,7.341787815093994,6.338247776031494,0.050000011920928955,1870500
12,7483,250,1464.2806396484375,5.857122421264648,6.075261116027832,0.050000011920928955,1870750
12,7484,250,487.5912780761719,1.9503650665283203,6.093738555908203,0.050000011920928955,1871000
12,7485,250,1632.446533203125,6.529786109924316,6.265692234039307,0.050000011920928955,1871250
12,7486,250,1870.5931396484375,7.482372760772705,6.112970352172852,0.050000011920928955,1871500
12,7487,250,1719.727294921875,6.878909111022949,5.944092750549316,0.050000011920928955,1871750
12,7488,250,1225.616455078125,4.9024658203125,5.468238353729248,0.050000011920928955,1872000
12,7489,250,1843.2381591796875,7.372952461242676,5.572397232055664,0.050000011920928955,1872250
12,7490,250,1751.963623046875,7.007854461669922,5.570703983306885,0.050000011920928955,1872500
12,7491,250,1891.49609375,7.56598424911499,5.215077877044678,0.050000011920928955,1872750
12,7492,250,1871.6962890625,7.486784934997559,5.024930000305176,0.050000011920928955,1873000
12,7493,250,68.78487396240234,0.2751395106315613,5.391719341278076,0.050000011920928955,1873250
12,7494,250,1855.609130859375,7.422436714172363,5.413547039031982,0.050000011920928955,1873500
12,7495,250,1876.1982421875,7.504793167114258,5.462794780731201,0.050000011920928955,1873750
12,7496,250,314.5465087890625,1.2581859827041626,4.767962455749512,0.050000011920928955,1874000
12,7497,250,390.3018798828125,1.5612075328826904,5.044458866119385,0.050000011920928955,1874250
12,7498,250,579.6709594726562,2.3186838626861572,5.3099541664123535,0.050000011920928955,1874500
12,7499,250,974.3059692382812,3.897223949432373,4.970093727111816,0.050000011920928955,1874750
12,7500,250,1481.543701171875,5.926174640655518,4.979701042175293,0.050000011920928955,1875000
12,7501,250,1685.658935546875,6.742635726928711,5.349560260772705,0.050000011920928955,1875250
12,7502,250,206.4571533203125,0.8258286118507385,5.334228515625,0.050000011920928955,1875500
12,7503,250,1699.4364013671875,6.797745704650879,5.629952907562256,0.050000011920928955,1875750
12,7504,250,1855.2490234375,7.420996189117432,5.313840389251709,0.050000011920928955,1876000
12,7505,250,1085.18017578125,4.3407206535339355,5.459367275238037,0.050000011920928955,1876250
12,7506,250,1838.828857421875,7.355315208435059,5.629334926605225,0.050000011920928955,1876500
12,7507,250,1827.6822509765625,7.310729026794434,5.607983112335205,0.050000011920928955,1876750
12,7508,250,1863.14013671875,7.4525604248046875,5.676402568817139,0.050000011920928955,1877000
12,7509,250,1120.00830078125,4.4800333976745605,5.458500862121582,0.050000011920928955,1877250
12,7510,250,1873.1986083984375,7.492794513702393,5.323152542114258,0.050000011920928955,1877500
12,7511,250,1131.7569580078125,4.527027606964111,6.03146505355835,0.050000011920928955,1877750
12,7512,250,1605.75537109375,6.42302131652832,5.5264387130737305,0.050000011920928955,1878000
12,7513,250,1163.0616455078125,4.652246475219727,5.54958963394165,0.050000011920928955,1878250
12,7514,250,1699.892822265625,6.799571514129639,5.678261756896973,0.050000011920928955,1878500
12,7515,250,1688.8143310546875,6.7552571296691895,5.539792060852051,0.050000011920928955,1878750
12,7516,250,1661.46533203125,6.6458611488342285,5.498296737670898,0.050000011920928955,1879000
12,7517,250,1061.8389892578125,4.247355937957764,6.20654821395874,0.050000011920928955,1879250
12,7518,250,175.9303436279297,0.7037214040756226,6.047428131103516,0.050000011920928955,1879500
12,7519,250,867.5451049804688,3.4701805114746094,6.093342304229736,0.050000011920928955,1879750
12,7520,250,933.7451171875,3.734980583190918,6.357857704162598,0.050000011920928955,1880000
12,7521,250,1290.795166015625,5.163180828094482,6.421661376953125,0.050000011920928955,1880250
12,7522,250,182.1047821044922,0.7284191250801086,6.1418352127075195,0.050000011920928955,1880500
12,7523,250,1608.5435791015625,6.434174537658691,6.148126602172852,0.050000011920928955,1880750
12,7524,250,1462.990966796875,5.851963996887207,6.444365501403809,0.050000011920928955,1881000
12,7525,250,1382.977294921875,5.531908988952637,6.945384502410889,0.050000011920928955,1881250
12,7526,250,556.54345703125,2.2261738777160645,6.887585163116455,0.050000011920928955,1881500
12,7527,250,841.0621337890625,3.364248514175415,6.992534637451172,0.050000011920928955,1881750
12,7528,250,914.9833984375,3.659933567047119,6.634942531585693,0.050000011920928955,1882000
12,7529,250,1485.7198486328125,5.9428791999816895,6.777000427246094,0.050000011920928955,1882250
12,7530,250,1072.00927734375,4.288037300109863,7.043257236480713,0.050000011920928955,1882500
12,7531,250,1367.6298828125,5.470519542694092,6.715778350830078,0.050000011920928955,1882750
12,7532,250,1048.02783203125,4.192111492156982,6.603714466094971,0.050000011920928955,1883000
12,7533,250,1053.8271484375,4.215308666229248,7.0558600425720215,0.050000011920928955,1883250
12,7534,250,1202.173095703125,4.808692455291748,6.6446075439453125,0.050000011920928955,1883500
12,7535,250,47.06858825683594,0.1882743537425995,6.809261798858643,0.050000011920928955,1883750
12,7536,250,1087.5609130859375,4.35024356842041,7.020642280578613,0.050000011920928955,1884000
12,7537,250,1265.3541259765625,5.0614166259765625,7.073110103607178,0.050000011920928955,1884250
12,7538,250,1483.6419677734375,5.934567928314209,6.976231098175049,0.050000011920928955,1884500
12,7539,250,1319.466796875,5.277867317199707,6.437340259552002,0.050000011920928955,1884750
12,7540,250,1331.574951171875,5.326299667358398,6.460801124572754,0.050000011920928955,1885000
12,7541,250,1227.878662109375,4.911514759063721,6.735912322998047,0.050000011920928955,1885250
12,7542,250,1354.62890625,5.418515682220459,6.635370254516602,0.050000011920928955,1885500
12,7543,250,1638.01904296875,6.55207633972168,6.390280246734619,0.050000011920928955,1885750
12,7544,250,1032.71240234375,4.130849838256836,6.506076335906982,0.050000011920928955,1886000
12,7545,250,1296.3975830078125,5.1855902671813965,6.889482021331787,0.050000011920928955,1886250
12,7546,250,1544.930419921875,6.179721832275391,6.8447113037109375,0.050000011920928955,1886500
12,7547,250,9.488810539245605,0.03795524314045906,6.775007724761963,0.050000011920928955,1886750
12,7548,250,1271.0357666015625,5.084143161773682,6.753662586212158,0.050000011920928955,1887000
12,7549,250,1340.8363037109375,5.363345146179199,6.8751702308654785,0.050000011920928955,1887250
12,7550,250,70.21461486816406,0.28085845708847046,6.70457649230957,0.050000011920928955,1887500
12,7551,250,1043.9874267578125,4.175949573516846,6.990606784820557,0.050000011920928955,1887750
12,7552,250,1160.4017333984375,4.64160680770874,6.725310325622559,0.050000011920928955,1888000
12,7553,250,1620.321533203125,6.48128604888916,6.952776908874512,0.050000011920928955,1888250
12,7554,250,885.7515869140625,3.543006420135498,7.247238636016846,0.050000011920928955,1888500
12,7555,250,1225.98974609375,4.903958797454834,7.163933753967285,0.050000011920928955,1888750
12,7556,250,956.9791259765625,3.8279166221618652,6.818960666656494,0.050000011920928955,1889000
12,7557,250,1504.1185302734375,6.01647424697876,7.0997419357299805,0.050000011920928955,1889250
12,7558,250,747.7252197265625,2.990900993347168,6.778533458709717,0.050000011920928955,1889500
12,7559,250,1025.1641845703125,4.100656509399414,6.798470497131348,0.050000011920928955,1889750
12,7560,250,1084.8671875,4.339468955993652,6.47113561630249,0.050000011920928955,1890000
12,7561,250,774.7217407226562,3.0988869667053223,6.277888774871826,0.050000011920928955,1890250
12,7562,250,1025.50927734375,4.102036952972412,6.442358493804932,0.050000011920928955,1890500
12,7563,250,1020.12353515625,4.080493927001953,6.248385906219482,0.050000011920928955,1890750
12,7564,250,825.8098754882812,3.303239583969116,6.284014701843262,0.050000011920928955,1891000
12,7565,250,83.04360961914062,0.3321744501590729,6.62172269821167,0.050000011920928955,1891250
12,7566,250,1069.041259765625,4.276165008544922,7.005674362182617,0.050000011920928955,1891500
12,7567,250,952.8482666015625,3.8113930225372314,6.757309913635254,0.050000011920928955,1891750
12,7568,250,711.2406616210938,2.8449625968933105,6.473581790924072,0.050000011920928955,1892000
12,7569,250,1039.65625,4.15862512588501,6.703334808349609,0.050000011920928955,1892250
12,7570,250,-1.825668215751648,-0.007302673067897558,6.878815174102783,0.050000011920928955,1892500
12,7571,250,451.7872619628906,1.807149052619934,7.081774711608887,0.050000011920928955,1892750
12,7572,250,483.181884765625,1.932727575302124,7.140045166015625,0.050000011920928955,1893000
12,7573,250,596.52392578125,2.3860957622528076,7.3532395362854,0.050000011920928955,1893250
12,7574,250,494.2207946777344,1.9768831729888916,7.086045742034912,0.050000011920928955,1893500
12,7575,250,603.5626831054688,2.4142508506774902,7.225118637084961,0.050000011920928955,1893750
12,7576,250,1035.9913330078125,4.143965244293213,7.031002044677734,0.050000011920928955,1894000
12,7577,250,646.5222778320312,2.5860891342163086,7.420990467071533,0.050000011920928955,1894250
12,7578,250,760.93701171875,3.043748140335083,7.1151275634765625,0.050000011920928955,1894500
12,7579,250,264.2812805175781,1.0571250915527344,7.583397388458252,0.050000011920928955,1894750
12,7580,250,467.1470947265625,1.8685883283615112,7.527108192443848,0.050000011920928955,1895000
12,7581,250,358.1530456542969,1.4326121807098389,7.8035993576049805,0.050000011920928955,1895250
12,7582,250,1172.032958984375,4.688131809234619,8.135520935058594,0.050000011920928955,1895500
12,7583,250,1057.0423583984375,4.2281694412231445,8.171222686767578,0.050000011920928955,1895750
12,7584,250,1360.847412109375,5.443389415740967,7.978224277496338,0.050000011920928955,1896000
12,7585,250,1306.53857421875,5.226154327392578,8.30324649810791,0.050000011920928955,1896250
12,7586,250,1219.971923828125,4.879887580871582,8.281978607177734,0.050000011920928955,1896500
12,7587,250,868.2211303710938,3.4728844165802,8.045729637145996,0.050000011920928955,1896750
12,7588,250,1304.092529296875,5.216370105743408,7.835468769073486,0.050000011920928955,1897000
12,7589,250,1343.5972900390625,5.374389171600342,7.814400672912598,0.050000011920928955,1897250
12,7590,250,1159.3292236328125,4.637316703796387,8.0864839553833,0.050000011920928955,1897500
12,7591,250,1308.0394287109375,5.2321577072143555,7.877921104431152,0.050000011920928955,1897750
12,7592,250,746.0664672851562,2.9842658042907715,7.580174446105957,0.050000011920928955,1898000
12,7593,250,1214.7947998046875,4.8591790199279785,7.860380172729492,0.050000011920928955,1898250
12,7594,250,1359.828857421875,5.439315319061279,7.910908222198486,0.050000011920928955,1898500
12,7595,250,107.54396057128906,0.4301758408546448,7.706735134124756,0.050000011920928955,1898750
12,7596,250,899.93994140625,3.599759817123413,7.55631160736084,0.050000011920928955,1899000
12,7597,250,1175.9488525390625,4.703795433044434,8.190102577209473,0.050000011920928955,1899250
12,7598,250,1223.3966064453125,4.8935866355896,7.82857608795166,0.050000011920928955,1899500
12,7599,250,1170.4449462890625,4.681779861450195,7.885796070098877,0.050000011920928955,1899750
12,7600,250,1163.1943359375,4.652777194976807,7.730861663818359,0.050000011920928955,1900000
12,7601,250,87.39794921875,0.34959179162979126,7.8085246086120605,0.050000011920928955,1900250
12,7602,250,773.0321655273438,3.0921287536621094,7.550828456878662,0.050000011920928955,1900500
12,7603,250,1362.3587646484375,5.449435234069824,7.804407119750977,0.050000011920928955,1900750
12,7604,250,1233.4200439453125,4.933680057525635,7.6244282722473145,0.050000011920928955,1901000
12,7605,250,937.7379150390625,3.7509517669677734,7.904061794281006,0.050000011920928955,1901250
12,7606,250,1174.442138671875,4.697768688201904,7.458734512329102,0.050000011920928955,1901500
12,7607,250,1196.842529296875,4.787370204925537,7.534885406494141,0.050000011920928955,1901750
12,7608,250,1347.1588134765625,5.388635158538818,7.439016342163086,0.050000011920928955,1902000
12,7609,250,856.0946655273438,3.4243786334991455,7.375311374664307,0.050000011920928955,1902250
12,7610,250,1198.2896728515625,4.793158531188965,7.361627578735352,0.050000011920928955,1902500
12,7611,250,1162.056884765625,4.648227691650391,7.288845062255859,0.050000011920928955,1902750
12,7612,250,1306.8134765625,5.2272539138793945,6.941681861877441,0.050000011920928955,1903000
12,7613,250,1166.509521484375,4.6660380363464355,7.052427768707275,0.050000011920928955,1903250
12,7614,250,876.3636474609375,3.5054545402526855,6.897425174713135,0.050000011920928955,1903500
12,7615,250,520.8671875,2.0834686756134033,6.929201602935791,0.050000011920928955,1903750
12,7616,250,564.4591674804688,2.2578365802764893,6.6106157302856445,0.050000011920928955,1904000
12,7617,250,696.3753051757812,2.78550124168396,6.894925594329834,0.050000011920928955,1904250
12,7618,250,1153.896484375,4.615585803985596,6.915334224700928,0.050000011920928955,1904500
12,7619,250,1261.4718017578125,5.045886993408203,6.283697605133057,0.050000011920928955,1904750
12,7620,250,1344.2322998046875,5.37692928314209,6.254223823547363,0.050000011920928955,1905000
12,7621,250,880.4903564453125,3.5219614505767822,6.433233737945557,0.050000011920928955,1905250
12,7622,250,1115.3798828125,4.461519718170166,6.273996829986572,0.050000011920928955,1905500
12,7623,250,1176.8447265625,4.70737886428833,6.0273118019104,0.050000011920928955,1905750
12,7624,250,65.25067138671875,0.26100268959999084,5.993041515350342,0.050000011920928955,1906000
12,7625,250,669.1004638671875,2.6764018535614014,6.190838813781738,0.050000011920928955,1906250
12,7626,250,1143.6318359375,4.574527263641357,6.505434513092041,0.050000011920928955,1906500
12,7627,250,578.566650390625,2.3142666816711426,6.202977180480957,0.050000011920928955,1906750
12,7628,250,32.15669250488281,0.1286267638206482,6.559417247772217,0.050000011920928955,1907000
12,7629,250,18.036426544189453,0.07214570790529251,6.4712724685668945,0.050000011920928955,1907250
12,7630,250,571.5928344726562,2.2863712310791016,6.718323707580566,0.050000011920928955,1907500
12,7631,250,1105.487548828125,4.421950340270996,6.784738540649414,0.050000011920928955,1907750
12,7632,250,944.6419067382812,3.7785675525665283,6.961316108703613,0.050000011920928955,1908000
12,7633,250,526.8026733398438,2.107210636138916,7.008172512054443,0.050000011920928955,1908250
12,7634,250,7.61842679977417,0.030473707243800163,7.074404239654541,0.050000011920928955,1908500
12,7635,250,-22.454132080078125,-0.08981652557849884,7.172159671783447,0.050000011920928955,1908750
12,7636,250,-6.414689540863037,-0.025658758357167244,7.100500106811523,0.050000011920928955,1909000
12,7637,250,725.0396118164062,2.900158405303955,7.574344158172607,0.050000011920928955,1909250
12,7638,250,582.5696411132812,2.3302786350250244,7.584073543548584,0.050000011920928955,1909500
12,7639,250,721.2633056640625,2.8850531578063965,7.191265106201172,0.050000011920928955,1909750
12,7640,250,1550.2445068359375,6.200977802276611,7.576974391937256,0.050000011920928955,1910000
12,7641,250,301.7651062011719,1.20706045627594,7.712846755981445,0.050000011920928955,1910250
12,7642,250,1199.4180908203125,4.797672271728516,7.815738201141357,0.050000011920928955,1910500
12,7643,250,1046.0125732421875,4.1840500831604,7.694348335266113,0.050000011920928955,1910750
12,7644,250,556.0855102539062,2.224342107772827,7.497715473175049,0.050000011920928955,1911000
12,7645,250,305.90924072265625,1.2236369848251343,8.135714530944824,0.050000011920928955,1911250
12,7646,250,1006.3150634765625,4.0252604484558105,7.966427326202393,0.050000011920928955,1911500
12,7647,250,1313.580322265625,5.254321098327637,7.448581695556641,0.050000011920928955,1911750
12,7648,250,760.4810180664062,3.041923999786377,7.964788436889648,0.050000011920928955,1912000
12,7649,250,1067.583251953125,4.2703328132629395,8.452112197875977,0.050000011920928955,1912250
12,7650,250,1637.2142333984375,6.548856735229492,8.030448913574219,0.050000011920928955,1912500
12,7651,250,818.5053100585938,3.2740211486816406,8.011761665344238,0.050000011920928955,1912750
12,7652,250,755.397216796875,3.0215888023376465,8.360011100769043,0.050000011920928955,1913000
12,7653,250,1022.691650390625,4.090766429901123,8.193279266357422,0.050000011920928955,1913250
12,7654,250,751.8350830078125,3.007340431213379,7.937069416046143,0.050000011920928955,1913500
12,7655,250,1195.2386474609375,4.780954360961914,8.021690368652344,0.050000011920928955,1913750
12,7656,250,1048.558349609375,4.194233417510986,8.236568450927734,0.050000011920928955,1914000
12,7657,250,438.94873046875,1.755794882774353,8.351181030273438,0.050000011920928955,1914250
12,7658,250,545.5013427734375,2.1820054054260254,8.32990550994873,0.050000011920928955,1914500
12,7659,250,873.4163818359375,3.4936654567718506,8.82620906829834,0.050000011920928955,1914750
12,7660,250,920.3660278320312,3.681464195251465,8.195975303649902,0.050000011920928955,1915000
12,7661,250,561.5045166015625,2.246018171310425,8.425046920776367,0.050000011920928955,1915250
12,7662,250,1002.4105224609375,4.009642124176025,8.283656120300293,0.050000011920928955,1915500
12,7663,250,575.2850341796875,2.301140069961548,8.048501968383789,0.050000011920928955,1915750
12,7664,250,1231.7281494140625,4.926912784576416,8.160587310791016,0.050000011920928955,1916000
12,7665,250,868.7412109375,3.4749648571014404,8.802244186401367,0.050000011920928955,1916250
12,7666,250,926.22314453125,3.704892635345459,8.253787994384766,0.050000011920928955,1916500
12,7667,250,1227.0799560546875,4.90831995010376,8.084556579589844,0.050000011920928955,1916750
12,7668,250,1119.2001953125,4.476800918579102,7.87638521194458,0.050000011920928955,1917000
12,7669,250,1117.911376953125,4.471645355224609,7.647514820098877,0.050000011920928955,1917250
12,7670,250,1139.994873046875,4.559979438781738,7.3521928787231445,0.050000011920928955,1917500
12,7671,250,978.8027954101562,3.9152112007141113,7.725738048553467,0.050000011920928955,1917750
12,7672,250,1106.4727783203125,4.425890922546387,7.7075514793396,0.050000011920928955,1918000
12,7673,250,682.016845703125,2.728067398071289,7.331307888031006,0.050000011920928955,1918250
12,7674,250,280.3039245605469,1.1212157011032104,6.898126602172852,0.050000011920928955,1918500
12,7675,250,1103.1416015625,4.412566184997559,7.267087459564209,0.050000011920928955,1918750
12,7676,250,1447.225341796875,5.788901329040527,7.054417610168457,0.050000011920928955,1919000
12,7677,250,1298.1019287109375,5.192407608032227,6.8626275062561035,0.050000011920928955,1919250
12,7678,250,1228.1326904296875,4.912530899047852,6.6756157875061035,0.050000011920928955,1919500
12,7679,250,974.6033325195312,3.8984134197235107,6.812466144561768,0.050000011920928955,1919750
12,7680,250,727.5798950195312,2.9103195667266846,6.539890766143799,0.050000011920928955,1920000
12,7681,250,826.1292724609375,3.3045170307159424,6.6319451332092285,0.050000011920928955,1920250
12,7682,250,936.5292358398438,3.746116876602173,6.540777206420898,0.050000011920928955,1920500
12,7683,250,1053.12646484375,4.21250581741333,6.892323970794678,0.050000011920928955,1920750
12,7684,250,609.3871459960938,2.4375486373901367,6.406840801239014,0.050000011920928955,1921000
12,7685,250,861.66796875,3.446671962738037,6.686399936676025,0.050000011920928955,1921250
12,7686,250,977.35302734375,3.909412145614624,6.767087936401367,0.050000011920928955,1921500
12,7687,250,1356.4661865234375,5.4258646965026855,6.482536792755127,0.050000011920928955,1921750
12,7688,250,1244.82275390625,4.979290962219238,6.598198413848877,0.050000011920928955,1922000
12,7689,250,1206.3182373046875,4.825273036956787,6.463107109069824,0.050000011920928955,1922250
12,7690,250,1322.6741943359375,5.290696620941162,6.519866943359375,0.050000011920928955,1922500
12,7691,250,1149.9388427734375,4.59975528717041,6.448519229888916,0.050000011920928955,1922750
12,7692,250,795.4765014648438,3.18190598487854,6.597935199737549,0.050000011920928955,1923000
12,7693,250,1177.2803955078125,4.7091217041015625,6.910839557647705,0.050000011920928955,1923250
12,7694,250,1548.49072265625,6.193963050842285,6.806011199951172,0.050000011920928955,1923500
12,7695,250,523.082763671875,2.0923311710357666,6.85306453704834,0.050000011920928955,1923750
12,7696,250,778.1829833984375,3.11273193359375,6.820146083831787,0.050000011920928955,1924000
12,7697,250,1288.47607421875,5.153904438018799,6.692814350128174,0.050000011920928955,1924250
12,7698,250,1248.748046875,4.994992256164551,6.613274097442627,0.050000011920928955,1924500
12,7699,250,706.3944091796875,2.825577735900879,6.725628852844238,0.050000011920928955,1924750
12,7700,250,625.041259765625,2.5001649856567383,6.818042278289795,0.050000011920928955,1925000
12,7701,250,1151.0413818359375,4.604165554046631,6.545894145965576,0.050000011920928955,1925250
12,7702,250,910.84716796875,3.6433887481689453,6.709134101867676,0.050000011920928955,1925500
12,7703,250,769.2117309570312,3.0768468379974365,6.738039016723633,0.050000011920928955,1925750
12,7704,250,821.3878784179688,3.2855515480041504,6.7524895668029785,0.050000011920928955,1926000
12,7705,250,702.9429931640625,2.811771869659424,7.134991645812988,0.050000011920928955,1926250
12,7706,250,745.13671875,2.9805469512939453,6.872623443603516,0.050000011920928955,1926500
12,7707,250,843.2293090820312,3.3729171752929688,6.655883312225342,0.050000011920928955,1926750
12,7708,250,928.9172973632812,3.7156691551208496,6.785595893859863,0.050000011920928955,1927000
12,7709,250,1277.2242431640625,5.1088972091674805,7.105246067047119,0.050000011920928955,1927250
12,7710,250,1004.157958984375,4.016631603240967,6.660419464111328,0.050000011920928955,1927500
12,7711,250,1339.8890380859375,5.359556198120117,6.588504314422607,0.050000011920928955,1927750
12,7712,250,746.7659301757812,2.9870636463165283,6.8249969482421875,0.050000011920928955,1928000
12,7713,250,791.0162963867188,3.16406512260437,7.092329978942871,0.050000011920928955,1928250
12,7714,250,1179.83642578125,4.719345569610596,7.043278694152832,0.050000011920928955,1928500
12,7715,250,1453.287841796875,5.8131513595581055,6.629790782928467,0.050000011920928955,1928750
12,7716,250,1463.7332763671875,5.854933261871338,6.529155254364014,0.050000011920928955,1929000
12,7717,250,911.5853271484375,3.646341323852539,7.082884311676025,0.050000011920928955,1929250
12,7718,250,1107.061767578125,4.428246974945068,7.255326747894287,0.050000011920928955,1929500
12,7719,250,957.5512084960938,3.830204725265503,6.9182844161987305,0.050000011920928955,1929750
12,7720,250,1033.1129150390625,4.13245153427124,6.703454494476318,0.050000011920928955,1930000
12,7721,250,1012.421875,4.049687385559082,6.791640758514404,0.050000011920928955,1930250
12,7722,250,1318.2283935546875,5.272913455963135,7.023898124694824,0.050000011920928955,1930500
12,7723,250,1147.576416015625,4.590305805206299,6.986222743988037,0.050000011920928955,1930750
12,7724,250,878.9376220703125,3.5157504081726074,6.826265811920166,0.050000011920928955,1931000
12,7725,250,797.3737182617188,3.1894948482513428,6.921623229980469,0.050000011920928955,1931250
12,7726,250,945.2511596679688,3.7810046672821045,7.088802814483643,0.050000011920928955,1931500
12,7727,250,1153.4351806640625,4.613740921020508,6.786269664764404,0.050000011920928955,1931750
12,7728,250,1495.2725830078125,5.981090545654297,6.910444736480713,0.050000011920928955,1932000
12,7729,250,416.8914794921875,1.667565941810608,7.565495014190674,0.050000011920928955,1932250
12,7730,250,818.2366333007812,3.27294659614563,7.679760456085205,0.050000011920928955,1932500
12,7731,250,860.109375,3.4404375553131104,7.155660152435303,0.050000011920928955,1932750
12,7732,250,798.8485717773438,3.195394277572632,7.3366169929504395,0.050000011920928955,1933000
12,7733,250,913.2560424804688,3.653024196624756,7.170442581176758,0.050000011920928955,1933250
12,7734,250,1105.141845703125,4.420567512512207,7.599050998687744,0.050000011920928955,1933500
12,7735,250,1438.0235595703125,5.752094268798828,7.423020839691162,0.050000011920928955,1933750
12,7736,250,1444.5355224609375,5.778141975402832,7.2370405197143555,0.050000011920928955,1934000
12,7737,250,1193.1163330078125,4.772465229034424,7.436110973358154,0.050000011920928955,1934250
12,7738,250,1146.7119140625,4.58684778213501,7.415919303894043,0.050000011920928955,1934500
12,7739,250,1430.6424560546875,5.722569942474365,7.474433422088623,0.050000011920928955,1934750
12,7740,250,1117.325439453125,4.469301700592041,7.445696830749512,0.050000011920928955,1935000
12,7741,250,1417.156005859375,5.668623924255371,7.363862991333008,0.050000011920928955,1935250
12,7742,250,1509.9815673828125,6.039926052093506,7.160100936889648,0.050000011920928955,1935500
12,7743,250,1212.8778076171875,4.851511001586914,7.375804901123047,0.050000011920928955,1935750
12,7744,250,965.8587036132812,3.8634347915649414,6.876046657562256,0.050000011920928955,1936000
12,7745,250,1444.7913818359375,5.779165744781494,7.291862487792969,0.050000011920928955,1936250
12,7746,250,1533.2060546875,6.132824420928955,6.9192214012146,0.050000011920928955,1936500
12,7747,250,1369.646484375,5.478585720062256,6.875760555267334,0.050000011920928955,1936750
12,7748,250,1469.4404296875,5.8777618408203125,6.946958541870117,0.050000011920928955,1937000
12,7749,250,1389.7392578125,5.558957099914551,6.809756278991699,0.050000011920928955,1937250
12,7750,250,1375.754638671875,5.503018379211426,7.104739665985107,0.050000011920928955,1937500
12,7751,250,1421.0947265625,5.6843791007995605,7.17169713973999,0.050000011920928955,1937750
12,7752,250,1359.7554931640625,5.439022064208984,6.689874172210693,0.050000011920928955,1938000
12,7753,250,1082.817138671875,4.331268787384033,6.621670722961426,0.050000011920928955,1938250
12,7754,250,454.6148376464844,1.818459391593933,6.595232963562012,0.050000011920928955,1938500
12,7755,250,1467.5037841796875,5.8700151443481445,6.317197322845459,0.050000011920928955,1938750
12,7756,250,1035.870361328125,4.143481254577637,6.326207160949707,0.050000011920928955,1939000
12,7757,250,450.4565124511719,1.801826000213623,6.369673252105713,0.050000011920928955,1939250
12,7758,250,850.2333984375,3.4009335041046143,6.314675807952881,0.050000011920928955,1939500
12,7759,250,822.3893432617188,3.289557456970215,6.605044841766357,0.050000011920928955,1939750
12,7760,250,890.3159790039062,3.5612637996673584,6.319633960723877,0.050000011920928955,1940000
12,7761,250,533.6060791015625,2.1344242095947266,6.5327839851379395,0.050000011920928955,1940250
12,7762,250,624.3749389648438,2.497499704360962,6.222440242767334,0.050000011920928955,1940500
12,7763,250,823.7954711914062,3.2951819896698,6.382650852203369,0.050000011920928955,1940750
12,7764,250,822.1748657226562,3.2886993885040283,6.48715877532959,0.050000011920928955,1941000
12,7765,250,1199.772216796875,4.799088954925537,6.596853256225586,0.050000011920928955,1941250
12,7766,250,822.2311401367188,3.2889244556427,6.499044895172119,0.050000011920928955,1941500
12,7767,250,1489.1416015625,5.956566333770752,6.393798828125,0.050000011920928955,1941750
12,7768,250,737.547607421875,2.950190544128418,6.3105597496032715,0.050000011920928955,1942000
12,7769,250,1482.589599609375,5.930358409881592,6.5561089515686035,0.050000011920928955,1942250
12,7770,250,1151.802734375,4.607211112976074,6.350922584533691,0.050000011920928955,1942500
12,7771,250,1735.910888671875,6.943643569946289,6.161902904510498,0.050000011920928955,1942750
12,7772,250,840.2726440429688,3.361090660095215,6.3813581466674805,0.050000011920928955,1943000
12,7773,250,1406.251220703125,5.625004768371582,5.9261274337768555,0.050000011920928955,1943250
12,7774,250,1169.7191162109375,4.6788763999938965,5.819155216217041,0.050000011920928955,1943500
12,7775,250,934.4763793945312,3.737905502319336,6.053947925567627,0.050000011920928955,1943750
12,7776,250,1377.4837646484375,5.509934902191162,5.88503885269165,0.050000011920928955,1944000
12,7777,250,1629.202880859375,6.516811370849609,6.1783061027526855,0.050000011920928955,1944250
12,7778,250,568.3478393554688,2.2733912467956543,6.212235450744629,0.050000011920928955,1944500
12,7779,250,1286.117431640625,5.144469738006592,6.281975269317627,0.050000011920928955,1944750
12,7780,250,1479.230712890625,5.9169230461120605,6.170845985412598,0.050000011920928955,1945000
12,7781,250,1429.057861328125,5.716231346130371,5.790825366973877,0.050000011920928955,1945250
12,7782,250,1174.423828125,4.697695255279541,5.9023118019104,0.050000011920928955,1945500
12,7783,250,1082.3355712890625,4.329342365264893,5.592123031616211,0.050000011920928955,1945750
12,7784,250,799.4319458007812,3.197727680206299,5.715636730194092,0.050000011920928955,1946000
12,7785,250,1092.9027099609375,4.371610641479492,6.420382499694824,0.050000011920928955,1946250
12,7786,250,1160.3436279296875,4.641374588012695,6.041492938995361,0.050000011920928955,1946500
12,7787,250,950.1128540039062,3.8004515171051025,6.014335632324219,0.050000011920928955,1946750
12,7788,250,1245.2705078125,4.981081962585449,6.393043041229248,0.050000011920928955,1947000
12,7789,250,1244.572509765625,4.97829008102417,5.5896382331848145,0.050000011920928955,1947250
12,7790,250,1395.9466552734375,5.583786487579346,5.816476345062256,0.050000011920928955,1947500
12,7791,250,1180.668701171875,4.72267484664917,5.647080898284912,0.050000011920928955,1947750
12,7792,250,1013.8065185546875,4.055225849151611,5.825618267059326,0.050000011920928955,1948000
12,7793,250,1200.5367431640625,4.802146911621094,5.621438026428223,0.050000011920928955,1948250
12,7794,250,1627.5631103515625,6.510252475738525,5.5731730461120605,0.050000011920928955,1948500
12,7795,250,1685.1583251953125,6.740633487701416,5.660163402557373,0.050000011920928955,1948750
12,7796,250,1174.78125,4.699124813079834,5.283541679382324,0.050000011920928955,1949000
12,7797,250,1160.2415771484375,4.640966415405273,5.648519992828369,0.050000011920928955,1949250
12,7798,250,1757.86767578125,7.031470775604248,5.794156551361084,0.050000011920928955,1949500
12,7799,250,1315.982177734375,5.2639288902282715,5.454731464385986,0.050000011920928955,1949750
12,7800,250,1323.68115234375,5.294724464416504,5.496768951416016,0.050000011920928955,1950000
12,7801,250,226.72048950195312,0.9068819284439087,5.342830657958984,0.050000011920928955,1950250
12,7802,250,458.0955810546875,1.832382321357727,5.599475383758545,0.050000011920928955,1950500
12,7803,250,206.54595947265625,0.8261838555335999,6.085799694061279,0.050000011920928955,1950750
12,7804,250,231.1779022216797,0.9247115850448608,5.862545490264893,0.050000011920928955,1951000
12,7805,250,82.28340148925781,0.3291335999965668,5.57122802734375,0.050000011920928955,1951250
12,7806,250,112.1965103149414,0.44878605008125305,5.7823309898376465,0.050000011920928955,1951500
12,7807,250,236.8163604736328,0.9472654461860657,6.188612937927246,0.050000011920928955,1951750
12,7808,250,134.3505096435547,0.5374020338058472,6.276911735534668,0.050000011920928955,1952000
12,7809,250,128.015380859375,0.5120615363121033,6.789853572845459,0.050000011920928955,1952250
12,7810,250,167.9976348876953,0.6719905138015747,6.889488697052002,0.050000011920928955,1952500
12,7811,250,306.39642333984375,1.225585699081421,6.5249199867248535,0.050000011920928955,1952750
12,7812,250,512.7913818359375,2.0511655807495117,7.167739391326904,0.050000011920928955,1953000
12,7813,250,105.46426391601562,0.4218570590019226,7.49540376663208,0.050000011920928955,1953250
12,7814,250,580.3505249023438,2.321402072906494,7.286266803741455,0.050000011920928955,1953500
12,7815,250,711.4901733398438,2.8459606170654297,7.293315410614014,0.050000011920928955,1953750
12,7816,250,1189.638427734375,4.758553504943848,7.207279205322266,0.050000011920928955,1954000
12,7817,250,266.0430603027344,1.0641722679138184,7.582550525665283,0.050000011920928955,1954250
12,7818,250,1161.6983642578125,4.646793365478516,7.432191848754883,0.050000011920928955,1954500
12,7819,250,814.21484375,3.256859302520752,7.780227184295654,0.050000011920928955,1954750
12,7820,250,1422.2822265625,5.689128875732422,7.446671485900879,0.050000011920928955,1955000
12,7821,250,1252.585205078125,5.010340690612793,8.070671081542969,0.050000011920928955,1955250
12,7822,250,1677.5087890625,6.71003532409668,7.939327239990234,0.050000011920928955,1955500
12,7823,250,1599.9923095703125,6.399969100952148,7.848978519439697,0.050000011920928955,1955750
12,7824,250,1509.3092041015625,6.03723669052124,7.466911792755127,0.050000011920928955,1956000
12,7825,250,1526.99755859375,6.107990264892578,8.39901351928711,0.050000011920928955,1956250
12,7826,250,1152.24267578125,4.608970642089844,7.523871421813965,0.050000011920928955,1956500
12,7827,250,1092.3302001953125,4.369320869445801,8.252290725708008,0.050000011920928955,1956750
12,7828,250,982.7213745117188,3.9308855533599854,7.627246379852295,0.050000011920928955,1957000
12,7829,250,1127.856689453125,4.51142692565918,8.177837371826172,0.050000011920928955,1957250
12,7830,250,985.7825927734375,3.9431302547454834,8.264222145080566,0.050000011920928955,1957500
12,7831,250,1013.7734985351562,4.055093765258789,8.26247787475586,0.050000011920928955,1957750
12,7832,250,1118.9901123046875,4.4759602546691895,7.976348876953125,0.050000011920928955,1958000
12,7833,250,1131.296142578125,4.525184631347656,8.627948760986328,0.050000011920928955,1958250
12,7834,250,1067.9368896484375,4.271747589111328,8.784940719604492,0.050000011920928955,1958500
12,7835,250,1289.089111328125,5.156356334686279,8.810855865478516,0.050000011920928955,1958750
12,7836,250,1133.2509765625,4.533003807067871,8.032970428466797,0.050000011920928955,1959000
12,7837,250,1150.4129638671875,4.601651668548584,8.47899055480957,0.050000011920928955,1959250
12,7838,250,1193.384033203125,4.773536205291748,8.400003433227539,0.050000011920928955,1959500
12,7839,250,1167.931640625,4.671726703643799,8.528782844543457,0.050000011920928955,1959750
12,7840,250,1236.5853271484375,4.946341514587402,8.396875381469727,0.050000011920928955,1960000
12,7841,250,1169.31494140625,4.677259922027588,8.362303733825684,0.050000011920928955,1960250
12,7842,250,1069.8348388671875,4.27933931350708,8.268996238708496,0.050000011920928955,1960500
12,7843,250,1120.694091796875,4.482776165008545,7.890339374542236,0.050000011920928955,1960750
12,7844,250,1023.6865234375,4.094746112823486,7.562393665313721,0.050000011920928955,1961000
12,7845,250,1094.9173583984375,4.379669666290283,7.391477108001709,0.050000011920928955,1961250
12,7846,250,1087.8226318359375,4.351290702819824,7.545665264129639,0.050000011920928955,1961500
12,7847,250,1117.0740966796875,4.468296527862549,7.255260467529297,0.050000011920928955,1961750
12,7848,250,1042.654296875,4.17061710357666,6.771732807159424,0.050000011920928955,1962000
12,7849,250,1162.6405029296875,4.650561809539795,6.830811023712158,0.050000011920928955,1962250
12,7850,250,1149.1209716796875,4.5964837074279785,6.352603912353516,0.050000011920928955,1962500
12,7851,250,1162.1829833984375,4.648731708526611,5.989499568939209,0.050000011920928955,1962750
12,7852,250,1194.22216796875,4.776888847351074,5.96058988571167,0.050000011920928955,1963000
12,7853,250,1594.375732421875,6.377502918243408,5.951474189758301,0.050000011920928955,1963250
12,7854,250,1348.243896484375,5.392975807189941,5.9843902587890625,0.050000011920928955,1963500
12,7855,250,1639.7490234375,6.558996200561523,5.685871124267578,0.050000011920928955,1963750
12,7856,250,1269.4989013671875,5.077995777130127,5.311925411224365,0.050000011920928955,1964000
12,7857,250,1275.7225341796875,5.1028900146484375,5.1562395095825195,0.050000011920928955,1964250
12,7858,250,1342.3818359375,5.369527339935303,5.1583967208862305,0.050000011920928955,1964500
12,7859,250,759.2291259765625,3.036916494369507,5.069772720336914,0.050000011920928955,1964750
12,7860,250,1340.2193603515625,5.360877513885498,4.94675350189209,0.050000011920928955,1965000
12,7861,250,1338.341796875,5.353367328643799,5.106688976287842,0.050000011920928955,1965250
12,7862,250,180.7141571044922,0.7228566408157349,5.2512030601501465,0.050000011920928955,1965500
12,7863,250,1445.517822265625,5.782071113586426,5.420901298522949,0.050000011920928955,1965750
12,7864,250,1531.6444091796875,6.126577854156494,5.423802375793457,0.050000011920928955,1966000
12,7865,250,215.5831298828125,0.8623325228691101,5.6971235275268555,0.050000011920928955,1966250
12,7866,250,505.7908630371094,2.0231635570526123,5.586781024932861,0.050000011920928955,1966500
12,7867,250,1642.781982421875,6.571127891540527,5.711051940917969,0.050000011920928955,1966750
12,7868,250,754.5881958007812,3.018352746963501,5.725762367248535,0.050000011920928955,1967000
12,7869,250,1353.192626953125,5.4127702713012695,5.998169898986816,0.050000011920928955,1967250
12,7870,250,1323.4940185546875,5.293976306915283,6.109859943389893,0.050000011920928955,1967500
12,7871,250,1405.50439453125,5.6220173835754395,5.992739677429199,0.050000011920928955,1967750
12,7872,250,1392.9971923828125,5.571988582611084,6.386709213256836,0.050000011920928955,1968000
12,7873,250,1192.5902099609375,4.770360946655273,5.971043109893799,0.050000011920928955,1968250
12,7874,250,1387.603515625,5.550414085388184,6.037084579467773,0.050000011920928955,1968500
12,7875,250,1661.0,6.644000053405762,5.821796417236328,0.050000011920928955,1968750
12,7876,250,1406.70849609375,5.626833915710449,5.712950229644775,0.050000011920928955,1969000
12,7877,250,1476.1029052734375,5.904411792755127,5.88425874710083,0.050000011920928955,1969250
12,7878,250,1648.949462890625,6.595798015594482,6.23183536529541,0.050000011920928955,1969500
12,7879,250,1405.6163330078125,5.622465133666992,5.743427276611328,0.050000011920928955,1969750
12,7880,250,1624.12548828125,6.496501922607422,5.620026111602783,0.050000011920928955,1970000
12,7881,250,1305.3062744140625,5.221225261688232,6.130150318145752,0.050000011920928955,1970250
12,7882,250,1660.099853515625,6.64039945602417,5.890284061431885,0.050000011920928955,1970500
12,7883,250,1522.5203857421875,6.090081691741943,6.010326385498047,0.050000011920928955,1970750
12,7884,250,1898.43408203125,7.593736171722412,6.193626880645752,0.050000011920928955,1971000
12,7885,250,1715.433349609375,6.861733436584473,6.353803634643555,0.050000011920928955,1971250
12,7886,250,1644.0072021484375,6.576028823852539,5.997679710388184,0.050000011920928955,1971500
12,7887,250,1611.814697265625,6.447258949279785,5.9678239822387695,0.050000011920928955,1971750
12,7888,250,1710.668212890625,6.842672824859619,5.775540828704834,0.050000011920928955,1972000
12,7889,250,1459.0775146484375,5.836309909820557,6.440271377563477,0.050000011920928955,1972250
12,7890,250,1430.6800537109375,5.722720146179199,6.011538028717041,0.050000011920928955,1972500
12,7891,250,117.04522705078125,0.46818089485168457,6.142691612243652,0.050000011920928955,1972750
12,7892,250,1370.7388916015625,5.482955455780029,6.2299346923828125,0.050000011920928955,1973000
12,7893,250,1273.188720703125,5.09275484085083,6.447498321533203,0.050000011920928955,1973250
12,7894,250,942.981201171875,3.7719247341156006,6.402275562286377,0.050000011920928955,1973500
12,7895,250,1396.5601806640625,5.586240768432617,6.609179496765137,0.050000011920928955,1973750
12,7896,250,1583.7755126953125,6.335102081298828,6.372142314910889,0.050000011920928955,1974000
12,7897,250,288.81329345703125,1.1552531719207764,6.827245712280273,0.050000011920928955,1974250
12,7898,250,1331.5975341796875,5.326390266418457,6.666929244995117,0.050000011920928955,1974500
12,7899,250,88.38516998291016,0.35354068875312805,6.762542247772217,0.050000011920928955,1974750
12,7900,250,608.5315551757812,2.434126138687134,6.7966227531433105,0.050000011920928955,1975000
12,7901,250,80.06068420410156,0.3202427327632904,7.304978370666504,0.050000011920928955,1975250
12,7902,250,161.52056884765625,0.6460822820663452,7.557168960571289,0.050000011920928955,1975500
12,7903,250,35.19166564941406,0.1407666653394699,7.002308368682861,0.050000011920928955,1975750
12,7904,250,153.33470153808594,0.613338828086853,7.195556640625,0.050000011920928955,1976000
12,7905,250,141.0824737548828,0.5643299221992493,8.54493522644043,0.050000011920928955,1976250
12,7906,250,69.39977264404297,0.2775990962982178,8.321393966674805,0.050000011920928955,1976500
12,7907,250,28.200122833251953,0.1128004938364029,8.044864654541016,0.050000011920928955,1976750
12,7908,250,186.89776611328125,0.7475910782814026,7.717692852020264,0.050000011920928955,1977000
12,7909,250,191.5802001953125,0.7663208246231079,9.161587715148926,0.050000011920928955,1977250
12,7910,250,40.855796813964844,0.16342318058013916,8.793142318725586,0.050000011920928955,1977500
12,7911,250,33.84784698486328,0.13539138436317444,8.772260665893555,0.050000011920928955,1977750
12,7912,250,38.09901809692383,0.1523960679769516,8.960480690002441,0.050000011920928955,1978000
12,7913,250,46.649723052978516,0.18659889698028564,10.721895217895508,0.050000011920928955,1978250
12,7914,250,186.69384765625,0.7467753887176514,9.699254989624023,0.050000011920928955,1978500
12,7915,250,36.433692932128906,0.1457347720861435,10.186107635498047,0.050000011920928955,1978750
12,7916,250,40.99457550048828,0.16397830843925476,9.78398609161377,0.050000011920928955,1979000
12,7917,250,271.1634826660156,1.0846539735794067,11.151228904724121,0.050000011920928955,1979250
12,7918,250,53.772682189941406,0.21509072184562683,10.76524543762207,0.050000011920928955,1979500
12,7919,250,78.65328979492188,0.3146131634712219,10.571782112121582,0.050000011920928955,1979750
12,7920,250,86.58784484863281,0.34635138511657715,10.145230293273926,0.050000011920928955,1980000
12,7921,250,35.270118713378906,0.14108046889305115,11.525461196899414,0.050000011920928955,1980250
12,7922,250,88.20172119140625,0.3528068959712982,11.05937671661377,0.050000011920928955,1980500
12,7923,250,334.6719970703125,1.3386880159378052,10.612082481384277,0.050000011920928955,1980750
12,7924,250,82.73225402832031,0.3309290111064911,10.548521041870117,0.050000011920928955,1981000
12,7925,250,354.7048034667969,1.4188191890716553,12.700007438659668,0.050000011920928955,1981250
12,7926,250,94.40959930419922,0.37763839960098267,12.054770469665527,0.050000011920928955,1981500
12,7927,250,476.6954650878906,1.9067819118499756,11.318365097045898,0.050000011920928955,1981750
12,7928,250,501.0859069824219,2.0043435096740723,11.429286003112793,0.050000011920928955,1982000
12,7929,250,90.95616149902344,0.36382463574409485,13.804945945739746,0.050000011920928955,1982250
12,7930,250,298.5537109375,1.1942148208618164,12.46147346496582,0.050000011920928955,1982500
12,7931,250,360.9805908203125,1.4439224004745483,12.447541236877441,0.050000011920928955,1982750
12,7932,250,564.8985595703125,2.259594202041626,12.349228858947754,0.050000011920928955,1983000
12,7933,250,86.54930877685547,0.346197247505188,13.632431983947754,0.050000011920928955,1983250
12,7934,250,96.05553436279297,0.384222149848938,12.883098602294922,0.050000011920928955,1983500
12,7935,250,353.9686279296875,1.4158744812011719,12.168319702148438,0.050000011920928955,1983750
12,7936,250,515.6572265625,2.062628984451294,12.12768268585205,0.050000011920928955,1984000
12,7937,250,71.06887817382812,0.28427550196647644,13.435083389282227,0.050000011920928955,1984250
12,7938,250,56.36861038208008,0.22547444701194763,12.379368782043457,0.050000011920928955,1984500
12,7939,250,132.76449584960938,0.5310579538345337,12.68704605102539,0.050000011920928955,1984750
12,7940,250,211.64109802246094,0.8465644121170044,12.136235237121582,0.050000011920928955,1985000
12,7941,250,52.72611999511719,0.21090447902679443,12.57884693145752,0.050000011920928955,1985250
12,7942,250,67.35099029541016,0.26940396428108215,12.658886909484863,0.050000011920928955,1985500
12,7943,250,260.62554931640625,1.0425021648406982,12.383220672607422,0.050000011920928955,1985750
12,7944,250,482.84332275390625,1.9313732385635376,12.46722412109375,0.050000011920928955,1986000
12,7945,250,-18.793975830078125,-0.07517590373754501,13.139805793762207,0.050000011920928955,1986250
12,7946,250,71.19188690185547,0.2847675383090973,12.945966720581055,0.050000011920928955,1986500
12,7947,250,110.57777404785156,0.4423111081123352,12.27026081085205,0.050000011920928955,1986750
12,7948,250,371.6710205078125,1.4866840839385986,12.10370922088623,0.050000011920928955,1987000
12,7949,250,1083.7869873046875,4.335147857666016,13.676786422729492,0.050000011920928955,1987250
12,7950,250,22.17079734802246,0.08868318796157837,12.673831939697266,0.050000011920928955,1987500
12,7951,250,1399.98388671875,5.599935531616211,12.580677032470703,0.050000011920928955,1987750
12,7952,250,1686.56884765625,6.746275424957275,12.753205299377441,0.050000011920928955,1988000
12,7953,250,1363.468994140625,5.45387601852417,13.004975318908691,0.050000011920928955,1988250
12,7954,250,131.76470947265625,0.5270588397979736,12.519464492797852,0.050000011920928955,1988500
12,7955,250,1259.8697509765625,5.039478778839111,12.488348007202148,0.050000011920928955,1988750
12,7956,250,1559.2825927734375,6.237130165100098,12.914066314697266,0.050000011920928955,1989000
12,7957,250,1465.7320556640625,5.86292839050293,12.726341247558594,0.050000011920928955,1989250
12,7958,250,1620.435791015625,6.481743335723877,12.279218673706055,0.050000011920928955,1989500
12,7959,250,1804.066162109375,7.216264724731445,12.433538436889648,0.050000011920928955,1989750
12,7960,250,1331.3189697265625,5.325275897979736,12.143797874450684,0.050000011920928955,1990000
12,7961,250,1204.4713134765625,4.817885398864746,12.22204875946045,0.050000011920928955,1990250
12,7962,250,1554.458984375,6.217835903167725,11.625913619995117,0.050000011920928955,1990500
12,7963,250,1459.5848388671875,5.838339328765869,11.385046005249023,0.050000011920928955,1990750
12,7964,250,1108.3271484375,4.4333086013793945,11.304940223693848,0.050000011920928955,1991000
12,7965,250,1399.8441162109375,5.599376678466797,11.905570030212402,0.050000011920928955,1991250
12,7966,250,1107.959228515625,4.43183708190918,11.14358901977539,0.050000011920928955,1991500
12,7967,250,1120.1668701171875,4.480667591094971,11.402701377868652,0.050000011920928955,1991750
12,7968,250,1356.4786376953125,5.425914764404297,11.316465377807617,0.050000011920928955,1992000
12,7969,250,1228.8253173828125,4.915301322937012,10.86430549621582,0.050000011920928955,1992250
12,7970,250,1100.70947265625,4.402837753295898,10.726737976074219,0.050000011920928955,1992500
12,7971,250,851.3807983398438,3.4055233001708984,10.689687728881836,0.050000011920928955,1992750
12,7972,250,852.8319702148438,3.411327838897705,10.501020431518555,0.050000011920928955,1993000
12,7973,250,859.1204223632812,3.4364817142486572,10.106790542602539,0.050000011920928955,1993250
12,7974,250,912.9395751953125,3.6517581939697266,9.530375480651855,0.050000011920928955,1993500
12,7975,250,924.9993896484375,3.699997663497925,9.666849136352539,0.050000011920928955,1993750
12,7976,250,1291.8675537109375,5.1674699783325195,9.33465576171875,0.050000011920928955,1994000
12,7977,250,864.678466796875,3.4587137699127197,9.49648380279541,0.050000011920928955,1994250
12,7978,250,1082.376953125,4.329507827758789,9.285640716552734,0.050000011920928955,1994500
12,7979,250,1209.2459716796875,4.836983680725098,9.060258865356445,0.050000011920928955,1994750
12,7980,250,953.6295166015625,3.8145179748535156,8.748857498168945,0.050000011920928955,1995000
12,7981,250,1268.2750244140625,5.0731000900268555,8.610222816467285,0.050000011920928955,1995250
12,7982,250,1206.4281005859375,4.825712203979492,8.242559432983398,0.050000011920928955,1995500
12,7983,250,968.636474609375,3.8745458126068115,8.278722763061523,0.050000011920928955,1995750
12,7984,250,1578.2099609375,6.312839984893799,7.680064678192139,0.050000011920928955,1996000
12,7985,250,1538.3450927734375,6.153380393981934,8.21384334564209,0.050000011920928955,1996250
12,7986,250,1509.772705078125,6.039090633392334,7.848877429962158,0.050000011920928955,1996500
12,7987,250,854.4715576171875,3.417886257171631,7.400049686431885,0.050000011920928955,1996750
12,7988,250,1472.6900634765625,5.89076042175293,7.171995162963867,0.050000011920928955,1997000
12,7989,250,1145.105712890625,4.580422878265381,7.711284637451172,0.050000011920928955,1997250
12,7990,250,1334.7415771484375,5.338966369628906,7.2484636306762695,0.050000011920928955,1997500
12,7991,250,1160.9638671875,4.643855571746826,6.826056003570557,0.050000011920928955,1997750
12,7992,250,1404.4788818359375,5.617915630340576,6.4548468589782715,0.050000011920928955,1998000
12,7993,250,1545.717529296875,6.182869911193848,7.268365859985352,0.050000011920928955,1998250
12,7994,250,1224.576904296875,4.898307800292969,6.5672607421875,0.050000011920928955,1998500
12,7995,250,1575.1612548828125,6.300644874572754,6.64141845703125,0.050000011920928955,1998750
12,7996,250,1364.8951416015625,5.459580421447754,6.835201740264893,0.050000011920928955,1999000
12,7997,250,1491.798828125,5.967195510864258,6.8464484214782715,0.050000011920928955,1999250
12,7998,250,1473.2823486328125,5.893129348754883,6.873608589172363,0.050000011920928955,1999500
12,7999,250,1364.0003662109375,5.456001281738281,6.4168524742126465,0.050000011920928955,1999750
12,8000,250,1433.5660400390625,5.734264373779297,6.580948829650879,0.050000011920928955,2000000
